0,-3.723145e-02
1,3.881836e-02
2,-3.649902e-02
3,3.710938e-02
4,-3.454590e-02
5,3.210449e-02
6,-2.905273e-02
7,2.526855e-02
8,-2.319336e-02
9,1.965332e-02
10,-1.379395e-02
11,1.013184e-02
12,-3.784180e-03
13,1.464844e-03
14,3.662109e-03
15,-7.324219e-03
16,1.403809e-02
17,-1.916504e-02
18,2.416992e-02
19,-2.563477e-02
20,2.868652e-02
21,-3.112793e-02
22,3.491211e-02
23,-3.662109e-02
24,3.820801e-02
25,-3.820801e-02
26,4.003906e-02
27,-3.601074e-02
28,3.588867e-02
29,-3.332520e-02
30,3.198242e-02
31,-2.941895e-02
32,2.722168e-02
33,-2.270508e-02
34,1.916504e-02
35,-1.367188e-02
36,9.521484e-03
37,-5.249023e-03
38,8.544922e-04
39,4.516602e-03
40,-9.521484e-03
41,1.354980e-02
42,-1.770020e-02
43,2.246094e-02
44,-2.539062e-02
45,2.990723e-02
46,-3.198242e-02
47,3.442383e-02
48,-3.637695e-02
49,3.894043e-02
50,-3.759766e-02
51,3.857422e-02
52,-3.601074e-02
53,3.686523e-02
54,-3.332520e-02
55,3.320312e-02
56,-3.100586e-02
57,2.709961e-02
58,-2.209473e-02
59,1.794434e-02
60,-1.354980e-02
61,9.521484e-03
62,-5.126953e-03
63,1.586914e-03
64,4.394531e-03
65,-8.178711e-03
66,1.354980e-02
67,-1.574707e-02
68,2.307129e-02
69,-2.551270e-02
70,2.905273e-02
71,-3.112793e-02
72,3.515625e-02
73,-3.564453e-02
74,3.784180e-02
75,-3.833008e-02
76,3.784180e-02
77,-3.698730e-02
78,3.637695e-02
79,-3.466797e-02
80,3.259277e-02
81,-2.929688e-02
82,2.722168e-02
83,-2.233887e-02
84,1.989746e-02
85,-1.330566e-02
86,1.196289e-02
87,-5.126953e-03
88,7.324219e-04
89,5.371094e-03
90,-9.155273e-03
91,1.318359e-02
92,-1.770020e-02
93,2.319336e-02
94,-2.563477e-02
95,2.929688e-02
96,-3.222656e-02
97,3.442383e-02
98,-3.540039e-02
99,3.820801e-02
100,-3.576660e-02
101,3.820801e-02
102,-3.735352e-02
103,3.723145e-02
104,-3.466797e-02
105,3.320312e-02
106,-2.868652e-02
107,2.624512e-02
108,-2.380371e-02
109,1.953125e-02
110,-1.318359e-02
111,1.123047e-02
112,-3.784180e-03
113,1.342773e-03
114,5.981445e-03
115,-8.666992e-03
116,1.501465e-02
117,-1.647949e-02
118,2.160645e-02
119,-2.539062e-02
120,3.051758e-02
121,-3.161621e-02
122,3.491211e-02
123,-3.649902e-02
124,3.735352e-02
125,-3.723145e-02
126,3.784180e-02
127,-3.674316e-02
128,3.747559e-02
129,-3.405762e-02
130,3.247070e-02
131,-2.868652e-02
132,2.636719e-02
133,-2.258301e-02
134,2.026367e-02
135,-1.306152e-02
136,1.220703e-02
137,-4.272461e-03
138,2.197266e-03
139,5.615234e-03
140,-7.446289e-03
141,1.501465e-02
142,-1.733398e-02
143,2.233887e-02
144,-2.551270e-02
145,2.929688e-02
146,-3.112793e-02
147,3.515625e-02
148,-3.503418e-02
149,3.723145e-02
150,-3.747559e-02
151,3.930664e-02
152,-3.759766e-02
153,3.698730e-02
154,-3.540039e-02
155,3.332520e-02
156,-2.880859e-02
157,2.746582e-02
158,-2.111816e-02
159,2.001953e-02
160,-1.464844e-02
161,1.135254e-02
162,-3.295898e-03
163,1.220703e-03
164,5.126953e-03
165,-8.789062e-03
166,1.452637e-02
167,-1.708984e-02
168,2.246094e-02
169,-2.453613e-02
170,2.917480e-02
171,-3.076172e-02
172,3.552246e-02
173,-3.552246e-02
174,3.796387e-02
175,-3.723145e-02
176,3.918457e-02
177,-3.723145e-02
178,3.723145e-02
179,-3.344727e-02
180,3.320312e-02
181,-2.770996e-02
182,2.746582e-02
183,-2.185059e-02
184,2.001953e-02
185,-1.379395e-02
186,1.013184e-02
187,-4.272461e-03
188,4.882812e-04
189,5.493164e-03
190,-8.789062e-03
191,1.354980e-02
192,-1.721191e-02
193,2.246094e-02
194,-2.575684e-02
195,3.039551e-02
196,-3.112793e-02
197,3.442383e-02
198,-3.466797e-02
199,3.796387e-02
200,-3.735352e-02
201,3.930664e-02
202,-3.808594e-02
203,3.698730e-02
204,-3.454590e-02
205,3.247070e-02
206,-2.941895e-02
207,2.709961e-02
208,-2.185059e-02
209,1.953125e-02
210,-1.513672e-02
211,9.277344e-03
212,-5.371094e-03
213,0.000000e+00
214,4.516602e-03
215,-8.789062e-03
216,1.403809e-02
217,-1.745605e-02
218,2.111816e-02
219,-2.526855e-02
220,2.990723e-02
221,-3.161621e-02
222,3.491211e-02
223,-3.527832e-02
224,3.747559e-02
225,-3.771973e-02
226,3.735352e-02
227,-3.820801e-02
228,3.601074e-02
229,-3.466797e-02
230,3.186035e-02
231,-2.978516e-02
232,2.746582e-02
233,-2.282715e-02
234,1.916504e-02
235,-1.367188e-02
236,9.521484e-03
237,-5.126953e-03
238,1.098633e-03
239,4.516602e-03
240,-8.422852e-03
241,1.330566e-02
242,-1.721191e-02
243,2.416992e-02
244,-2.551270e-02
245,2.929688e-02
246,-2.966309e-02
247,3.344727e-02
248,-3.649902e-02
249,3.833008e-02
250,-3.747559e-02
251,3.845215e-02
252,-3.723145e-02
253,3.735352e-02
254,-3.417969e-02
255,3.234863e-02
256,-2.880859e-02
257,2.819824e-02
258,-2.148438e-02
259,2.026367e-02
260,-1.452637e-02
261,1.171875e-02
262,-5.126953e-03
263,3.662109e-04
264,5.249023e-03
265,-9.643555e-03
266,1.416016e-02
267,-1.672363e-02
268,2.136230e-02
269,-2.502441e-02
270,2.954102e-02
271,-3.234863e-02
272,3.454590e-02
273,-3.442383e-02
274,3.637695e-02
275,-3.735352e-02
276,3.845215e-02
277,-3.796387e-02
278,3.723145e-02
279,-3.527832e-02
280,3.308105e-02
281,-2.868652e-02
282,2.648926e-02
283,-2.246094e-02
284,1.892090e-02
285,-1.428223e-02
286,1.098633e-02
287,-5.249023e-03
288,1.342773e-03
289,5.126953e-03
290,-1.013184e-02
291,1.330566e-02
292,-1.660156e-02
293,2.136230e-02
294,-2.600098e-02
295,3.125000e-02
296,-3.295898e-02
297,3.405762e-02
298,-3.454590e-02
299,3.662109e-02
300,-3.759766e-02
301,3.710938e-02
302,-3.735352e-02
303,3.601074e-02
304,-3.442383e-02
305,3.332520e-02
306,-2.929688e-02
307,2.893066e-02
308,-2.404785e-02
309,2.026367e-02
310,-1.318359e-02
311,9.521484e-03
312,-4.760742e-03
313,1.220703e-04
314,3.295898e-03
315,-8.789062e-03
316,1.354980e-02
317,-1.708984e-02
318,2.160645e-02
319,-2.502441e-02
320,2.905273e-02
321,-3.161621e-02
322,3.430176e-02
323,-3.540039e-02
324,3.881836e-02
325,-3.869629e-02
326,3.833008e-02
327,-3.857422e-02
328,3.540039e-02
329,-3.393555e-02
330,3.100586e-02
331,-2.966309e-02
332,2.685547e-02
333,-2.282715e-02
334,1.892090e-02
335,-1.367188e-02
336,9.643555e-03
337,-3.540039e-03
338,2.075195e-03
339,3.417969e-03
340,-7.690430e-03
341,1.452637e-02
342,-1.745605e-02
343,2.258301e-02
344,-2.612305e-02
345,2.929688e-02
346,-3.247070e-02
347,3.515625e-02
348,-3.491211e-02
349,3.808594e-02
350,-3.796387e-02
351,3.881836e-02
352,-3.625488e-02
353,3.759766e-02
354,-3.430176e-02
355,3.259277e-02
356,-2.880859e-02
357,2.685547e-02
358,-2.221680e-02
359,1.904297e-02
360,-1.281738e-02
361,1.147461e-02
362,-5.859375e-03
363,1.708984e-03
364,5.615234e-03
365,-9.765625e-03
366,1.330566e-02
367,-1.635742e-02
368,2.258301e-02
369,-2.416992e-02
370,3.063965e-02
371,-3.149414e-02
372,3.527832e-02
373,-3.454590e-02
374,3.857422e-02
375,-3.564453e-02
376,3.979492e-02
377,-3.637695e-02
378,3.759766e-02
379,-3.344727e-02
380,3.393555e-02
381,-3.027344e-02
382,2.661133e-02
383,-2.160645e-02
384,1.831055e-02
385,-1.367188e-02
386,1.062012e-02
387,-4.882812e-03
388,2.197266e-03
389,4.028320e-03
390,-7.690430e-03
391,1.403809e-02
392,-1.672363e-02
393,2.233887e-02
394,-2.404785e-02
395,2.941895e-02
396,-3.076172e-02
397,3.601074e-02
398,-3.540039e-02
399,3.796387e-02
400,-3.698730e-02
401,3.955078e-02
402,-3.649902e-02
403,3.649902e-02
404,-3.259277e-02
405,3.332520e-02
406,-2.917480e-02
407,2.795410e-02
408,-2.270508e-02
409,1.928711e-02
410,-1.330566e-02
411,1.135254e-02
412,-3.662109e-03
413,2.441406e-03
414,5.249023e-03
415,-7.446289e-03
416,1.464844e-02
417,-1.806641e-02
418,2.294922e-02
419,-2.502441e-02
420,2.941895e-02
421,-3.063965e-02
422,3.515625e-02
423,-3.527832e-02
424,3.906250e-02
425,-3.674316e-02
426,3.796387e-02
427,-3.674316e-02
428,3.735352e-02
429,-3.540039e-02
430,3.417969e-02
431,-2.966309e-02
432,2.648926e-02
433,-2.209473e-02
434,1.916504e-02
435,-1.440430e-02
436,1.037598e-02
437,-5.493164e-03
438,7.324219e-04
439,5.249023e-03
440,-8.544922e-03
441,1.501465e-02
442,-1.672363e-02
443,2.258301e-02
444,-2.563477e-02
445,2.966309e-02
446,-3.125000e-02
447,3.442383e-02
448,-3.393555e-02
449,3.796387e-02
450,-3.649902e-02
451,3.894043e-02
452,-3.649902e-02
453,3.710938e-02
454,-3.417969e-02
455,3.234863e-02
456,-2.844238e-02
457,2.722168e-02
458,-2.319336e-02
459,1.892090e-02
460,-1.428223e-02
461,1.062012e-02
462,-5.371094e-03
463,1.342773e-03
464,4.638672e-03
465,-8.789062e-03
466,1.391602e-02
467,-1.708984e-02
468,2.172852e-02
469,-2.514648e-02
470,3.027344e-02
471,-3.125000e-02
472,3.564453e-02
473,-3.405762e-02
474,3.784180e-02
475,-3.747559e-02
476,3.820801e-02
477,-3.698730e-02
478,3.698730e-02
479,-3.369141e-02
480,3.222656e-02
481,-2.929688e-02
482,2.783203e-02
483,-2.172852e-02
484,1.928711e-02
485,-1.342773e-02
486,1.074219e-02
487,-5.493164e-03
488,1.831055e-03
489,4.760742e-03
490,-7.812500e-03
491,1.367188e-02
492,-1.782227e-02
493,2.258301e-02
494,-2.575684e-02
495,2.954102e-02
496,-3.015137e-02
497,3.442383e-02
498,-3.527832e-02
499,3.820801e-02
500,-3.747559e-02
501,3.918457e-02
502,-3.723145e-02
503,3.747559e-02
504,-3.356934e-02
505,3.393555e-02
506,-3.063965e-02
507,2.697754e-02
508,-2.124023e-02
509,1.867676e-02
510,-1.464844e-02
511,1.110840e-02
512,-5.371094e-03
513,1.342773e-03
514,4.394531e-03
515,-8.300781e-03
516,1.306152e-02
517,-1.660156e-02
518,2.319336e-02
519,-2.429199e-02
520,3.027344e-02
521,-3.015137e-02
522,3.552246e-02
523,-3.613281e-02
524,3.808594e-02
525,-3.710938e-02
526,3.918457e-02
527,-3.649902e-02
528,3.784180e-02
529,-3.259277e-02
530,3.222656e-02
531,-2.929688e-02
532,2.783203e-02
533,-2.282715e-02
534,1.989746e-02
535,-1.477051e-02
536,9.155273e-03
537,-5.493164e-03
538,7.324219e-04
539,4.028320e-03
540,-8.178711e-03
541,1.525879e-02
542,-1.806641e-02
543,2.270508e-02
544,-2.539062e-02
545,2.941895e-02
546,-3.137207e-02
547,3.454590e-02
548,-3.454590e-02
549,3.796387e-02
550,-3.759766e-02
551,3.833008e-02
552,-3.698730e-02
553,3.662109e-02
554,-3.552246e-02
555,3.234863e-02
556,-2.844238e-02
557,2.612305e-02
558,-2.307129e-02
559,2.111816e-02
560,-1.464844e-02
561,1.196289e-02
562,-4.394531e-03
563,1.342773e-03
564,4.516602e-03
565,-7.202148e-03
566,1.342773e-02
567,-1.647949e-02
568,2.355957e-02
569,-2.429199e-02
570,2.893066e-02
571,-3.051758e-02
572,3.601074e-02
573,-3.540039e-02
574,3.991699e-02
575,-3.747559e-02
576,3.894043e-02
577,-3.698730e-02
578,3.759766e-02
579,-3.417969e-02
580,3.381348e-02
581,-2.880859e-02
582,2.807617e-02
583,-2.050781e-02
584,1.989746e-02
585,-1.367188e-02
586,1.147461e-02
587,-3.784180e-03
588,2.075195e-03
589,5.004883e-03
590,-8.178711e-03
591,1.428223e-02
592,-1.745605e-02
593,2.136230e-02
594,-2.441406e-02
595,2.905273e-02
596,-3.125000e-02
597,3.442383e-02
598,-3.613281e-02
599,3.710938e-02
600,-3.735352e-02
601,3.833008e-02
602,-3.674316e-02
603,3.759766e-02
604,-3.466797e-02
605,3.344727e-02
606,-3.015137e-02
607,2.563477e-02
608,-2.282715e-02
609,1.806641e-02
610,-1.452637e-02
611,1.098633e-02
612,-5.249023e-03
613,7.324219e-04
614,4.638672e-03
615,-8.666992e-03
616,1.477051e-02
617,-1.708984e-02
618,2.172852e-02
619,-2.526855e-02
620,2.917480e-02
621,-3.234863e-02
622,3.308105e-02
623,-3.405762e-02
624,3.784180e-02
625,-3.845215e-02
626,4.016113e-02
627,-3.723145e-02
628,3.588867e-02
629,-3.430176e-02
630,3.320312e-02
631,-2.929688e-02
632,2.697754e-02
633,-2.246094e-02
634,1.892090e-02
635,-1.416016e-02
636,1.037598e-02
637,-4.882812e-03
638,1.586914e-03
639,3.662109e-03
640,-7.446289e-03
641,1.354980e-02
642,-1.647949e-02
643,2.148438e-02
644,-2.526855e-02
645,2.941895e-02
646,-3.137207e-02
647,3.503418e-02
648,-3.442383e-02
649,3.759766e-02
650,-3.649902e-02
651,3.930664e-02
652,-3.735352e-02
653,3.723145e-02
654,-3.540039e-02
655,3.320312e-02
656,-2.941895e-02
657,2.612305e-02
658,-2.233887e-02
659,1.953125e-02
660,-1.477051e-02
661,9.521484e-03
662,-4.516602e-03
663,2.075195e-03
664,3.295898e-03
665,-8.178711e-03
666,1.440430e-02
667,-1.684570e-02
668,2.246094e-02
669,-2.575684e-02
670,2.990723e-02
671,-3.112793e-02
672,3.381348e-02
673,-3.564453e-02
674,3.710938e-02
675,-3.698730e-02
676,3.881836e-02
677,-3.833008e-02
678,3.686523e-02
679,-3.515625e-02
680,3.308105e-02
681,-2.929688e-02
682,2.612305e-02
683,-2.258301e-02
684,1.953125e-02
685,-1.403809e-02
686,1.000977e-02
687,-4.638672e-03
688,1.098633e-03
689,3.540039e-03
690,-7.690430e-03
691,1.367188e-02
692,-1.721191e-02
693,2.197266e-02
694,-2.563477e-02
695,2.734375e-02
696,-3.332520e-02
697,3.381348e-02
698,-3.637695e-02
699,3.723145e-02
700,-3.906250e-02
701,3.747559e-02
702,-3.735352e-02
703,3.601074e-02
704,-3.491211e-02
705,3.381348e-02
706,-2.954102e-02
707,2.685547e-02
708,-2.307129e-02
709,2.001953e-02
710,-1.489258e-02
711,1.135254e-02
712,-5.859375e-03
713,2.319336e-03
714,4.028320e-03
715,-9.277344e-03
716,1.367188e-02
717,-1.831055e-02
718,2.270508e-02
719,-2.453613e-02
720,2.819824e-02
721,-3.161621e-02
722,3.405762e-02
723,-3.515625e-02
724,3.637695e-02
725,-3.906250e-02
726,3.796387e-02
727,-3.771973e-02
728,3.662109e-02
729,-3.503418e-02
730,3.259277e-02
731,-2.966309e-02
732,2.648926e-02
733,-2.416992e-02
734,1.867676e-02
735,-1.403809e-02
736,1.037598e-02
737,-5.737305e-03
738,8.544922e-04
739,2.441406e-03
740,-8.789062e-03
741,1.293945e-02
742,-1.770020e-02
743,2.172852e-02
744,-2.478027e-02
745,2.868652e-02
746,-2.929688e-02
747,3.540039e-02
748,-3.613281e-02
749,3.857422e-02
750,-3.747559e-02
751,3.894043e-02
752,-3.576660e-02
753,3.601074e-02
754,-3.308105e-02
755,3.320312e-02
756,-3.027344e-02
757,2.709961e-02
758,-2.233887e-02
759,1.806641e-02
760,-1.318359e-02
761,1.110840e-02
762,-6.225586e-03
763,1.342773e-03
764,3.540039e-03
765,-9.643555e-03
766,1.269531e-02
767,-1.586914e-02
768,2.270508e-02
769,-2.551270e-02
770,2.905273e-02
771,-3.039551e-02
772,3.417969e-02
773,-3.503418e-02
774,3.833008e-02
775,-3.698730e-02
776,3.906250e-02
777,-3.833008e-02
778,3.723145e-02
779,-3.417969e-02
780,3.344727e-02
781,-3.125000e-02
782,2.758789e-02
783,-2.246094e-02
784,1.940918e-02
785,-1.354980e-02
786,1.110840e-02
787,-5.371094e-03
788,1.098633e-03
789,4.394531e-03
790,-7.812500e-03
791,1.416016e-02
792,-1.647949e-02
793,2.294922e-02
794,-2.551270e-02
795,2.868652e-02
796,-3.137207e-02
797,3.479004e-02
798,-3.601074e-02
799,3.735352e-02
800,-3.820801e-02
801,3.747559e-02
802,-3.710938e-02
803,3.588867e-02
804,-3.369141e-02
805,3.247070e-02
806,-3.063965e-02
807,2.844238e-02
808,-2.307129e-02
809,1.989746e-02
810,-1.367188e-02
811,1.037598e-02
812,-5.493164e-03
813,1.342773e-03
814,4.150391e-03
815,-8.911133e-03
816,1.318359e-02
817,-1.721191e-02
818,2.246094e-02
819,-2.429199e-02
820,3.002930e-02
821,-3.076172e-02
822,3.442383e-02
823,-3.601074e-02
824,3.735352e-02
825,-3.857422e-02
826,3.820801e-02
827,-3.808594e-02
828,3.662109e-02
829,-3.576660e-02
830,3.247070e-02
831,-3.076172e-02
832,2.783203e-02
833,-2.319336e-02
834,1.940918e-02
835,-1.538086e-02
836,1.000977e-02
837,-5.249023e-03
838,1.586914e-03
839,4.394531e-03
840,-8.422852e-03
841,1.354980e-02
842,-1.708984e-02
843,2.026367e-02
844,-2.697754e-02
845,3.039551e-02
846,-3.149414e-02
847,3.393555e-02
848,-3.393555e-02
849,3.820801e-02
850,-3.796387e-02
851,4.016113e-02
852,-3.869629e-02
853,3.662109e-02
854,-3.259277e-02
855,3.149414e-02
856,-3.002930e-02
857,2.795410e-02
858,-2.319336e-02
859,1.965332e-02
860,-1.416016e-02
861,1.123047e-02
862,-4.394531e-03
863,3.417969e-03
864,4.394531e-03
865,-7.934570e-03
866,1.403809e-02
867,-1.684570e-02
868,2.172852e-02
869,-2.380371e-02
870,2.941895e-02
871,-3.137207e-02
872,3.552246e-02
873,-3.613281e-02
874,3.649902e-02
875,-3.649902e-02
876,3.759766e-02
877,-3.820801e-02
878,3.784180e-02
879,-3.454590e-02
880,3.283691e-02
881,-2.954102e-02
882,2.648926e-02
883,-2.343750e-02
884,1.892090e-02
885,-1.525879e-02
886,1.074219e-02
887,-6.469727e-03
888,1.342773e-03
889,3.540039e-03
890,-7.934570e-03
891,1.257324e-02
892,-1.684570e-02
893,2.124023e-02
894,-2.441406e-02
895,2.807617e-02
896,-3.125000e-02
897,3.527832e-02
898,-3.552246e-02
899,3.710938e-02
900,-3.808594e-02
901,3.833008e-02
902,-3.808594e-02
903,3.625488e-02
904,-3.466797e-02
905,3.234863e-02
906,-2.868652e-02
907,2.758789e-02
908,-2.185059e-02
909,2.001953e-02
910,-1.574707e-02
911,1.147461e-02
912,-5.249023e-03
913,1.220703e-04
914,5.615234e-03
915,-8.300781e-03
916,1.416016e-02
917,-1.757812e-02
918,2.221680e-02
919,-2.416992e-02
920,2.868652e-02
921,-3.051758e-02
922,3.527832e-02
923,-3.503418e-02
924,3.820801e-02
925,-3.747559e-02
926,3.820801e-02
927,-3.796387e-02
928,3.698730e-02
929,-3.613281e-02
930,3.308105e-02
931,-2.966309e-02
932,2.709961e-02
933,-2.282715e-02
934,1.843262e-02
935,-1.416016e-02
936,1.062012e-02
937,-5.859375e-03
938,7.324219e-04
939,5.737305e-03
940,-7.446289e-03
941,1.354980e-02
942,-1.623535e-02
943,2.148438e-02
944,-2.441406e-02
945,2.917480e-02
946,-3.161621e-02
947,3.552246e-02
948,-3.527832e-02
949,3.796387e-02
950,-3.613281e-02
951,3.820801e-02
952,-3.637695e-02
953,3.747559e-02
954,-3.417969e-02
955,3.356934e-02
956,-2.954102e-02
957,2.758789e-02
958,-2.172852e-02
959,1.940918e-02
960,-1.379395e-02
961,8.666992e-03
962,-5.371094e-03
963,2.319336e-03
964,4.394531e-03
965,-8.300781e-03
966,1.416016e-02
967,-1.708984e-02
968,2.099609e-02
969,-2.575684e-02
970,2.905273e-02
971,-3.210449e-02
972,3.527832e-02
973,-3.515625e-02
974,3.759766e-02
975,-3.771973e-02
976,3.759766e-02
977,-3.662109e-02
978,3.662109e-02
979,-3.405762e-02
980,3.295898e-02
981,-3.039551e-02
982,2.697754e-02
983,-2.307129e-02
984,1.928711e-02
985,-1.367188e-02
986,9.033203e-03
987,-4.394531e-03
988,2.441406e-03
989,3.173828e-03
990,-7.568359e-03
991,1.403809e-02
992,-1.831055e-02
993,2.221680e-02
994,-2.539062e-02
995,2.893066e-02
996,-3.063965e-02
997,3.503418e-02
998,-3.576660e-02
999,3.723145e-02
1000,-3.637695e-02
1001,3.759766e-02
1002,-3.637695e-02
1003,3.662109e-02
1004,-3.637695e-02
1005,3.503418e-02
1006,-3.002930e-02
1007,2.795410e-02
1008,-2.209473e-02
1009,2.026367e-02
1010,-1.379395e-02
1011,1.257324e-02
1012,-5.615234e-03
1013,2.441406e-03
1014,4.638672e-03
1015,-8.789062e-03
1016,1.367188e-02
1017,-1.770020e-02
1018,2.319336e-02
1019,-2.502441e-02
1020,2.819824e-02
1021,-3.015137e-02
1022,3.393555e-02
1023,-3.527832e-02
1024,3.747559e-02
1025,-3.735352e-02
1026,3.979492e-02
1027,-3.710938e-02
1028,3.796387e-02
1029,-3.442383e-02
1030,3.405762e-02
1031,-3.027344e-02
1032,2.648926e-02
1033,-2.221680e-02
1034,1.953125e-02
1035,-1.477051e-02
1036,1.062012e-02
1037,-4.394531e-03
1038,1.464844e-03
1039,5.126953e-03
1040,-7.080078e-03
1041,1.293945e-02
1042,-1.733398e-02
1043,2.111816e-02
1044,-2.502441e-02
1045,3.039551e-02
1046,-3.125000e-02
1047,3.393555e-02
1048,-3.466797e-02
1049,3.833008e-02
1050,-3.759766e-02
1051,3.955078e-02
1052,-3.747559e-02
1053,3.686523e-02
1054,-3.369141e-02
1055,3.320312e-02
1056,-2.856445e-02
1057,2.758789e-02
1058,-2.233887e-02
1059,1.989746e-02
1060,-1.428223e-02
1061,1.208496e-02
1062,-5.493164e-03
1063,2.197266e-03
1064,5.737305e-03
1065,-7.202148e-03
1066,1.391602e-02
1067,-1.623535e-02
1068,2.148438e-02
1069,-2.478027e-02
1070,2.868652e-02
1071,-3.027344e-02
1072,3.356934e-02
1073,-3.430176e-02
1074,3.747559e-02
1075,-3.833008e-02
1076,4.016113e-02
1077,-3.796387e-02
1078,3.759766e-02
1079,-3.332520e-02
1080,3.247070e-02
1081,-3.027344e-02
1082,2.844238e-02
1083,-2.172852e-02
1084,2.001953e-02
1085,-1.367188e-02
1086,1.232910e-02
1087,-5.249023e-03
1088,2.075195e-03
1089,5.249023e-03
1090,-7.934570e-03
1091,1.342773e-02
1092,-1.660156e-02
1093,2.160645e-02
1094,-2.526855e-02
1095,2.941895e-02
1096,-3.125000e-02
1097,3.503418e-02
1098,-3.564453e-02
1099,3.784180e-02
1100,-3.771973e-02
1101,3.918457e-02
1102,-3.771973e-02
1103,3.723145e-02
1104,-3.405762e-02
1105,3.381348e-02
1106,-3.039551e-02
1107,2.709961e-02
1108,-2.307129e-02
1109,1.916504e-02
1110,-1.440430e-02
1111,1.196289e-02
1112,-6.469727e-03
1113,2.075195e-03
1114,5.004883e-03
1115,-8.422852e-03
1116,1.403809e-02
1117,-1.684570e-02
1118,2.160645e-02
1119,-2.416992e-02
1120,2.966309e-02
1121,-3.149414e-02
1122,3.417969e-02
1123,-3.527832e-02
1124,3.723145e-02
1125,-3.845215e-02
1126,3.955078e-02
1127,-3.698730e-02
1128,3.747559e-02
1129,-3.356934e-02
1130,3.308105e-02
1131,-2.941895e-02
1132,2.783203e-02
1133,-2.282715e-02
1134,1.989746e-02
1135,-1.367188e-02
1136,1.110840e-02
1137,-4.760742e-03
1138,2.441406e-03
1139,2.807617e-03
1140,-8.300781e-03
1141,1.342773e-02
1142,-1.647949e-02
1143,2.099609e-02
1144,-2.380371e-02
1145,2.893066e-02
1146,-3.100586e-02
1147,3.552246e-02
1148,-3.417969e-02
1149,3.906250e-02
1150,-3.698730e-02
1151,3.894043e-02
1152,-3.723145e-02
1153,3.723145e-02
1154,-3.491211e-02
1155,3.308105e-02
1156,-2.978516e-02
1157,2.783203e-02
1158,-2.160645e-02
1159,2.014160e-02
1160,-1.550293e-02
1161,1.147461e-02
1162,-6.103516e-03
1163,8.544922e-04
1164,4.394531e-03
1165,-7.690430e-03
1166,1.330566e-02
1167,-1.745605e-02
1168,2.160645e-02
1169,-2.355957e-02
1170,2.844238e-02
1171,-3.051758e-02
1172,3.552246e-02
1173,-3.613281e-02
1174,3.906250e-02
1175,-3.698730e-02
1176,3.906250e-02
1177,-3.747559e-02
1178,3.649902e-02
1179,-3.295898e-02
1180,3.295898e-02
1181,-3.015137e-02
1182,2.612305e-02
1183,-2.258301e-02
1184,2.001953e-02
1185,-1.586914e-02
1186,1.135254e-02
1187,-5.493164e-03
1188,1.464844e-03
1189,3.662109e-03
1190,-8.422852e-03
1191,1.208496e-02
1192,-1.586914e-02
1193,2.307129e-02
1194,-2.502441e-02
1195,2.844238e-02
1196,-3.210449e-02
1197,3.454590e-02
1198,-3.466797e-02
1199,3.686523e-02
1200,-3.759766e-02
1201,3.930664e-02
1202,-3.625488e-02
1203,3.723145e-02
1204,-3.503418e-02
1205,3.234863e-02
1206,-2.966309e-02
1207,2.661133e-02
1208,-2.441406e-02
1209,2.099609e-02
1210,-1.489258e-02
1211,1.147461e-02
1212,-4.394531e-03
1213,2.197266e-03
1214,4.150391e-03
1215,-7.446289e-03
1216,1.293945e-02
1217,-1.708984e-02
1218,2.160645e-02
1219,-2.453613e-02
1220,2.990723e-02
1221,-3.076172e-02
1222,3.405762e-02
1223,-3.491211e-02
1224,3.735352e-02
1225,-3.710938e-02
1226,3.979492e-02
1227,-3.747559e-02
1228,3.747559e-02
1229,-3.405762e-02
1230,3.295898e-02
1231,-2.978516e-02
1232,2.832031e-02
1233,-2.343750e-02
1234,1.916504e-02
1235,-1.440430e-02
1236,1.098633e-02
1237,-6.469727e-03
1238,1.586914e-03
1239,4.028320e-03
1240,-7.934570e-03
1241,1.452637e-02
1242,-1.611328e-02
1243,2.246094e-02
1244,-2.453613e-02
1245,2.856445e-02
1246,-3.039551e-02
1247,3.564453e-02
1248,-3.503418e-02
1249,3.820801e-02
1250,-3.735352e-02
1251,3.833008e-02
1252,-3.771973e-02
1253,3.845215e-02
1254,-3.466797e-02
1255,3.332520e-02
1256,-2.941895e-02
1257,2.697754e-02
1258,-2.429199e-02
1259,2.038574e-02
1260,-1.416016e-02
1261,1.123047e-02
1262,-5.859375e-03
1263,2.441406e-04
1264,2.807617e-03
1265,-8.300781e-03
1266,1.159668e-02
1267,-1.708984e-02
1268,2.197266e-02
1269,-2.343750e-02
1270,2.917480e-02
1271,-3.015137e-02
1272,3.454590e-02
1273,-3.613281e-02
1274,3.747559e-02
1275,-3.625488e-02
1276,3.930664e-02
1277,-3.759766e-02
1278,3.710938e-02
1279,-3.344727e-02
1280,3.308105e-02
1281,-2.905273e-02
1282,2.795410e-02
1283,-2.282715e-02
1284,1.965332e-02
1285,-1.440430e-02
1286,1.135254e-02
1287,-5.615234e-03
1288,2.441406e-03
1289,3.784180e-03
1290,-6.835938e-03
1291,1.391602e-02
1292,-1.770020e-02
1293,2.441406e-02
1294,-2.404785e-02
1295,2.905273e-02
1296,-3.039551e-02
1297,3.515625e-02
1298,-3.613281e-02
1299,3.845215e-02
1300,-3.747559e-02
1301,3.808594e-02
1302,-3.796387e-02
1303,3.784180e-02
1304,-3.601074e-02
1305,3.332520e-02
1306,-2.966309e-02
1307,2.819824e-02
1308,-2.270508e-02
1309,2.038574e-02
1310,-1.306152e-02
1311,1.171875e-02
1312,-5.859375e-03
1313,2.441406e-03
1314,3.051758e-03
1315,-7.080078e-03
1316,1.354980e-02
1317,-1.623535e-02
1318,2.294922e-02
1319,-2.453613e-02
1320,2.917480e-02
1321,-3.051758e-02
1322,3.417969e-02
1323,-3.540039e-02
1324,3.881836e-02
1325,-3.710938e-02
1326,3.918457e-02
1327,-3.698730e-02
1328,3.735352e-02
1329,-3.430176e-02
1330,3.442383e-02
1331,-2.954102e-02
1332,2.844238e-02
1333,-2.185059e-02
1334,2.001953e-02
1335,-1.489258e-02
1336,1.318359e-02
1337,-6.347656e-03
1338,3.540039e-03
1339,5.249023e-03
1340,-7.324219e-03
1341,1.599121e-02
1342,-1.623535e-02
1343,2.172852e-02
1344,-2.416992e-02
1345,2.905273e-02
1346,-3.039551e-02
1347,3.454590e-02
1348,-3.637695e-02
1349,3.637695e-02
1350,-3.625488e-02
1351,3.796387e-02
1352,-3.662109e-02
1353,3.759766e-02
1354,-3.344727e-02
1355,3.393555e-02
1356,-2.929688e-02
1357,2.697754e-02
1358,-2.380371e-02
1359,1.904297e-02
1360,-1.440430e-02
1361,1.123047e-02
1362,-5.371094e-03
1363,2.807617e-03
1364,4.028320e-03
1365,-6.591797e-03
1366,1.330566e-02
1367,-1.611328e-02
1368,2.221680e-02
1369,-2.282715e-02
1370,2.929688e-02
1371,-3.100586e-02
1372,3.527832e-02
1373,-3.515625e-02
1374,3.784180e-02
1375,-3.698730e-02
1376,3.710938e-02
1377,-3.735352e-02
1378,3.723145e-02
1379,-3.271484e-02
1380,3.320312e-02
1381,-2.929688e-02
1382,2.685547e-02
1383,-2.319336e-02
1384,1.989746e-02
1385,-1.440430e-02
1386,1.208496e-02
1387,-5.493164e-03
1388,2.563477e-03
1389,3.784180e-03
1390,-7.568359e-03
1391,1.391602e-02
1392,-1.538086e-02
1393,2.270508e-02
1394,-2.319336e-02
1395,2.905273e-02
1396,-3.076172e-02
1397,3.540039e-02
1398,-3.417969e-02
1399,3.881836e-02
1400,-3.662109e-02
1401,3.930664e-02
1402,-3.747559e-02
1403,3.649902e-02
1404,-3.356934e-02
1405,3.454590e-02
1406,-2.917480e-02
1407,2.746582e-02
1408,-2.185059e-02
1409,2.124023e-02
1410,-1.428223e-02
1411,1.171875e-02
1412,-3.906250e-03
1413,2.441406e-03
1414,3.417969e-03
1415,-5.615234e-03
1416,1.342773e-02
1417,-1.672363e-02
1418,2.404785e-02
1419,-2.416992e-02
1420,2.966309e-02
1421,-2.917480e-02
1422,3.295898e-02
1423,-3.454590e-02
1424,3.735352e-02
1425,-3.820801e-02
1426,4.089355e-02
1427,-3.747559e-02
1428,3.796387e-02
1429,-3.405762e-02
1430,3.417969e-02
1431,-3.015137e-02
1432,2.893066e-02
1433,-2.209473e-02
1434,1.989746e-02
1435,-1.440430e-02
1436,1.196289e-02
1437,-5.859375e-03
1438,1.342773e-03
1439,4.028320e-03
1440,-6.225586e-03
1441,1.342773e-02
1442,-1.647949e-02
1443,2.221680e-02
1444,-2.429199e-02
1445,2.893066e-02
1446,-3.149414e-02
1447,3.417969e-02
1448,-3.625488e-02
1449,3.723145e-02
1450,-3.710938e-02
1451,3.894043e-02
1452,-3.637695e-02
1453,3.735352e-02
1454,-3.442383e-02
1455,3.491211e-02
1456,-3.039551e-02
1457,2.795410e-02
1458,-2.343750e-02
1459,2.197266e-02
1460,-1.477051e-02
1461,1.257324e-02
1462,-6.347656e-03
1463,1.464844e-03
1464,4.516602e-03
1465,-8.300781e-03
1466,1.269531e-02
1467,-1.550293e-02
1468,2.099609e-02
1469,-2.539062e-02
1470,2.905273e-02
1471,-3.051758e-02
1472,3.344727e-02
1473,-3.576660e-02
1474,3.930664e-02
1475,-3.674316e-02
1476,3.894043e-02
1477,-3.723145e-02
1478,3.808594e-02
1479,-3.417969e-02
1480,3.405762e-02
1481,-2.844238e-02
1482,2.697754e-02
1483,-2.343750e-02
1484,2.160645e-02
1485,-1.489258e-02
1486,1.147461e-02
1487,-5.859375e-03
1488,2.807617e-03
1489,5.126953e-03
1490,-6.591797e-03
1491,1.428223e-02
1492,-1.550293e-02
1493,2.368164e-02
1494,-2.478027e-02
1495,2.941895e-02
1496,-3.100586e-02
1497,3.417969e-02
1498,-3.405762e-02
1499,3.686523e-02
1500,-3.637695e-02
1501,3.942871e-02
1502,-3.759766e-02
1503,3.735352e-02
1504,-3.454590e-02
1505,3.332520e-02
1506,-3.039551e-02
1507,2.819824e-02
1508,-2.148438e-02
1509,2.026367e-02
1510,-1.452637e-02
1511,1.171875e-02
1512,-5.126953e-03
1513,3.295898e-03
1514,4.638672e-03
1515,-6.103516e-03
1516,1.367188e-02
1517,-1.623535e-02
1518,2.368164e-02
1519,-2.502441e-02
1520,2.941895e-02
1521,-2.954102e-02
1522,3.295898e-02
1523,-3.417969e-02
1524,3.991699e-02
1525,-3.759766e-02
1526,3.747559e-02
1527,-3.552246e-02
1528,3.735352e-02
1529,-3.466797e-02
1530,3.442383e-02
1531,-2.954102e-02
1532,2.734375e-02
1533,-2.343750e-02
1534,2.026367e-02
1535,-1.452637e-02
1536,1.196289e-02
1537,-5.859375e-03
1538,2.075195e-03
1539,3.662109e-03
1540,-6.591797e-03
1541,1.293945e-02
1542,-1.623535e-02
1543,2.124023e-02
1544,-2.575684e-02
1545,2.941895e-02
1546,-3.002930e-02
1547,3.393555e-02
1548,-3.564453e-02
1549,3.796387e-02
1550,-3.771973e-02
1551,3.918457e-02
1552,-3.698730e-02
1553,3.735352e-02
1554,-3.393555e-02
1555,3.381348e-02
1556,-2.941895e-02
1557,2.722168e-02
1558,-2.258301e-02
1559,1.831055e-02
1560,-1.440430e-02
1561,1.025391e-02
1562,-5.493164e-03
1563,4.150391e-03
1564,4.760742e-03
1565,-6.835938e-03
1566,1.330566e-02
1567,-1.757812e-02
1568,2.160645e-02
1569,-2.416992e-02
1570,2.758789e-02
1571,-2.941895e-02
1572,3.320312e-02
1573,-3.649902e-02
1574,3.686523e-02
1575,-3.796387e-02
1576,3.735352e-02
1577,-3.662109e-02
1578,3.723145e-02
1579,-3.515625e-02
1580,3.283691e-02
1581,-2.954102e-02
1582,2.648926e-02
1583,-2.465820e-02
1584,2.099609e-02
1585,-1.647949e-02
1586,9.643555e-03
1587,-6.225586e-03
1588,1.464844e-03
1589,4.272461e-03
1590,-7.812500e-03
1591,1.293945e-02
1592,-1.611328e-02
1593,2.209473e-02
1594,-2.453613e-02
1595,2.941895e-02
1596,-3.076172e-02
1597,3.430176e-02
1598,-3.454590e-02
1599,3.710938e-02
1600,-3.698730e-02
1601,3.833008e-02
1602,-3.662109e-02
1603,3.735352e-02
1604,-3.503418e-02
1605,3.356934e-02
1606,-3.051758e-02
1607,2.807617e-02
1608,-2.355957e-02
1609,1.928711e-02
1610,-1.525879e-02
1611,1.013184e-02
1612,-5.126953e-03
1613,2.075195e-03
1614,5.249023e-03
1615,-6.835938e-03
1616,1.391602e-02
1617,-1.647949e-02
1618,2.221680e-02
1619,-2.502441e-02
1620,2.929688e-02
1621,-3.112793e-02
1622,3.454590e-02
1623,-3.369141e-02
1624,3.894043e-02
1625,-3.698730e-02
1626,4.040527e-02
1627,-3.796387e-02
1628,3.796387e-02
1629,-3.503418e-02
1630,3.320312e-02
1631,-3.051758e-02
1632,2.758789e-02
1633,-2.258301e-02
1634,1.940918e-02
1635,-1.452637e-02
1636,1.306152e-02
1637,-5.371094e-03
1638,3.051758e-03
1639,4.760742e-03
1640,-7.812500e-03
1641,1.269531e-02
1642,-1.611328e-02
1643,2.197266e-02
1644,-2.465820e-02
1645,2.758789e-02
1646,-3.149414e-02
1647,3.405762e-02
1648,-3.613281e-02
1649,3.710938e-02
1650,-3.637695e-02
1651,3.833008e-02
1652,-3.674316e-02
1653,3.820801e-02
1654,-3.503418e-02
1655,3.320312e-02
1656,-3.039551e-02
1657,2.783203e-02
1658,-2.343750e-02
1659,2.087402e-02
1660,-1.489258e-02
1661,1.159668e-02
1662,-6.225586e-03
1663,2.319336e-03
1664,2.807617e-03
1665,-8.911133e-03
1666,1.318359e-02
1667,-1.525879e-02
1668,2.050781e-02
1669,-2.404785e-02
1670,2.844238e-02
1671,-3.051758e-02
1672,3.552246e-02
1673,-3.527832e-02
1674,3.747559e-02
1675,-3.698730e-02
1676,3.747559e-02
1677,-3.747559e-02
1678,3.808594e-02
1679,-3.454590e-02
1680,3.283691e-02
1681,-2.819824e-02
1682,2.722168e-02
1683,-2.221680e-02
1684,2.001953e-02
1685,-1.513672e-02
1686,1.220703e-02
1687,-6.347656e-03
1688,1.831055e-03
1689,5.249023e-03
1690,-7.812500e-03
1691,1.391602e-02
1692,-1.635742e-02
1693,2.172852e-02
1694,-2.478027e-02
1695,2.807617e-02
1696,-3.015137e-02
1697,3.405762e-02
1698,-3.454590e-02
1699,3.918457e-02
1700,-3.759766e-02
1701,3.857422e-02
1702,-3.674316e-02
1703,3.649902e-02
1704,-3.393555e-02
1705,3.430176e-02
1706,-3.039551e-02
1707,2.844238e-02
1708,-2.307129e-02
1709,2.001953e-02
1710,-1.586914e-02
1711,1.208496e-02
1712,-5.737305e-03
1713,1.220703e-03
1714,3.417969e-03
1715,-7.080078e-03
1716,1.232910e-02
1717,-1.733398e-02
1718,2.209473e-02
1719,-2.551270e-02
1720,2.832031e-02
1721,-3.076172e-02
1722,3.430176e-02
1723,-3.527832e-02
1724,3.833008e-02
1725,-3.710938e-02
1726,3.906250e-02
1727,-3.735352e-02
1728,3.637695e-02
1729,-3.527832e-02
1730,3.332520e-02
1731,-2.929688e-02
1732,2.758789e-02
1733,-2.221680e-02
1734,2.014160e-02
1735,-1.525879e-02
1736,1.123047e-02
1737,-6.225586e-03
1738,1.098633e-03
1739,3.417969e-03
1740,-7.446289e-03
1741,1.257324e-02
1742,-1.525879e-02
1743,2.087402e-02
1744,-2.514648e-02
1745,2.868652e-02
1746,-3.161621e-02
1747,3.430176e-02
1748,-3.564453e-02
1749,3.613281e-02
1750,-3.759766e-02
1751,3.845215e-02
1752,-3.808594e-02
1753,3.625488e-02
1754,-3.527832e-02
1755,3.320312e-02
1756,-3.112793e-02
1757,2.795410e-02
1758,-2.380371e-02
1759,1.916504e-02
1760,-1.489258e-02
1761,1.147461e-02
1762,-6.713867e-03
1763,2.319336e-03
1764,3.540039e-03
1765,-7.812500e-03
1766,1.245117e-02
1767,-1.745605e-02
1768,2.124023e-02
1769,-2.343750e-02
1770,2.685547e-02
1771,-3.063965e-02
1772,3.381348e-02
1773,-3.552246e-02
1774,3.894043e-02
1775,-3.710938e-02
1776,3.918457e-02
1777,-3.649902e-02
1778,3.637695e-02
1779,-3.601074e-02
1780,3.356934e-02
1781,-3.076172e-02
1782,2.758789e-02
1783,-2.331543e-02
1784,1.928711e-02
1785,-1.452637e-02
1786,1.123047e-02
1787,-6.103516e-03
1788,1.342773e-03
1789,3.784180e-03
1790,-8.300781e-03
1791,1.306152e-02
1792,-1.623535e-02
1793,2.026367e-02
1794,-2.465820e-02
1795,2.734375e-02
1796,-3.076172e-02
1797,3.295898e-02
1798,-3.564453e-02
1799,3.820801e-02
1800,-3.869629e-02
1801,3.857422e-02
1802,-3.710938e-02
1803,3.723145e-02
1804,-3.503418e-02
1805,3.332520e-02
1806,-2.966309e-02
1807,2.624512e-02
1808,-2.331543e-02
1809,2.062988e-02
1810,-1.464844e-02
1811,1.159668e-02
1812,-4.760742e-03
1813,2.075195e-03
1814,3.295898e-03
1815,-7.324219e-03
1816,1.159668e-02
1817,-1.635742e-02
1818,2.148438e-02
1819,-2.453613e-02
1820,2.819824e-02
1821,-3.149414e-02
1822,3.503418e-02
1823,-3.417969e-02
1824,3.747559e-02
1825,-3.662109e-02
1826,3.894043e-02
1827,-4.028320e-02
1828,3.735352e-02
1829,-3.576660e-02
1830,3.344727e-02
1831,-3.002930e-02
1832,2.807617e-02
1833,-2.416992e-02
1834,2.099609e-02
1835,-1.489258e-02
1836,1.135254e-02
1837,-5.615234e-03
1838,1.586914e-03
1839,3.051758e-03
1840,-7.812500e-03
1841,1.159668e-02
1842,-1.550293e-02
1843,2.038574e-02
1844,-2.380371e-02
1845,3.088379e-02
1846,-3.063965e-02
1847,3.295898e-02
1848,-3.344727e-02
1849,3.698730e-02
1850,-3.808594e-02
1851,3.918457e-02
1852,-8.178711e-03
1853,1.342773e-02
1854,-1.684570e-02
1855,2.233887e-02
1856,-2.624512e-02
1857,2.856445e-02
1858,-3.039551e-02
1859,3.356934e-02
1860,-3.625488e-02
1861,4.028320e-02
1862,-3.662109e-02
1863,3.930664e-02
1864,-3.552246e-02
1865,3.710938e-02
1866,-3.417969e-02
1867,3.417969e-02
1868,-2.905273e-02
1869,2.734375e-02
1870,-2.172852e-02
1871,2.014160e-02
1872,-1.232910e-02
1873,1.147461e-02
1874,-5.126953e-03
1875,2.441406e-03
1876,3.295898e-03
1877,-7.812500e-03
1878,1.391602e-02
1879,-1.770020e-02
1880,2.319336e-02
1881,-2.441406e-02
1882,2.795410e-02
1883,-3.015137e-02
1884,3.479004e-02
1885,-3.576660e-02
1886,3.747559e-02
1887,-3.625488e-02
1888,3.857422e-02
1889,-3.710938e-02
1890,3.747559e-02
1891,-3.259277e-02
1892,3.332520e-02
1893,-2.880859e-02
1894,2.746582e-02
1895,-2.307129e-02
1896,1.953125e-02
1897,-1.477051e-02
1898,1.013184e-02
1899,-4.882812e-03
1900,2.319336e-03
1901,4.516602e-03
1902,-6.469727e-03
1903,1.342773e-02
1904,-1.843262e-02
1905,2.246094e-02
1906,-2.465820e-02
1907,2.954102e-02
1908,-3.076172e-02
1909,3.417969e-02
1910,-3.698730e-02
1911,3.808594e-02
1912,-3.771973e-02
1913,3.845215e-02
1914,-3.662109e-02
1915,3.735352e-02
1916,-3.503418e-02
1917,3.344727e-02
1918,-3.063965e-02
1919,2.795410e-02
1920,-2.307129e-02
1921,2.148438e-02
1922,-1.367188e-02
1923,1.196289e-02
1924,-5.493164e-03
1925,2.563477e-03
1926,3.662109e-03
1927,-8.300781e-03
1928,1.416016e-02
1929,-1.684570e-02
1930,2.294922e-02
1931,-2.380371e-02
1932,2.905273e-02
1933,-3.198242e-02
1934,3.540039e-02
1935,-3.625488e-02
1936,3.796387e-02
1937,-3.710938e-02
1938,3.833008e-02
1939,-3.662109e-02
1940,3.796387e-02
1941,-3.369141e-02
1942,3.283691e-02
1943,-2.966309e-02
1944,2.746582e-02
1945,-2.246094e-02
1946,1.928711e-02
1947,-1.367188e-02
1948,1.159668e-02
1949,-4.882812e-03
1950,1.831055e-03
1951,5.493164e-03
1952,-8.789062e-03
1953,1.342773e-02
1954,-1.635742e-02
1955,2.258301e-02
1956,-2.465820e-02
1957,2.807617e-02
1958,-3.027344e-02
1959,3.479004e-02
1960,-3.356934e-02
1961,3.796387e-02
1962,-3.845215e-02
1963,3.930664e-02
1964,-3.710938e-02
1965,3.759766e-02
1966,-3.442383e-02
1967,3.601074e-02
1968,-2.917480e-02
1969,2.746582e-02
1970,-2.038574e-02
1971,1.953125e-02
1972,-1.318359e-02
1973,1.171875e-02
1974,-4.394531e-03
1975,1.464844e-03
1976,4.760742e-03
1977,-6.835938e-03
1978,1.501465e-02
1979,-1.855469e-02
1980,2.270508e-02
1981,-2.343750e-02
1982,2.807617e-02
1983,-3.100586e-02
1984,3.454590e-02
1985,-3.576660e-02
1986,3.747559e-02
1987,-3.723145e-02
1988,3.906250e-02
1989,-3.845215e-02
1990,3.784180e-02
1991,-3.454590e-02
1992,3.247070e-02
1993,-3.002930e-02
1994,2.819824e-02
1995,-2.380371e-02
1996,2.062988e-02
1997,-1.477051e-02
1998,1.123047e-02
1999,-4.150391e-03
2000,1.464844e-03
2001,4.638672e-03
2002,-6.835938e-03
2003,1.354980e-02
2004,-1.562500e-02
2005,2.246094e-02
2006,-2.404785e-02
2007,2.990723e-02
2008,-3.076172e-02
2009,3.381348e-02
2010,-3.466797e-02
2011,3.784180e-02
2012,-3.662109e-02
2013,3.918457e-02
2014,-3.796387e-02
2015,3.649902e-02
2016,-3.356934e-02
2017,3.283691e-02
2018,-2.819824e-02
2019,2.758789e-02
2020,-2.270508e-02
2021,1.965332e-02
2022,-1.550293e-02
2023,1.147461e-02
2024,-5.371094e-03
2025,4.272461e-03
2026,4.150391e-03
2027,-6.347656e-03
2028,1.452637e-02
2029,-1.733398e-02
2030,2.172852e-02
2031,-2.478027e-02
2032,2.893066e-02
2033,-3.125000e-02
2034,3.381348e-02
2035,-3.442383e-02
2036,3.735352e-02
2037,-3.747559e-02
2038,3.918457e-02
2039,-3.747559e-02
2040,3.723145e-02
2041,-3.417969e-02
2042,3.283691e-02
2043,-2.880859e-02
2044,2.697754e-02
2045,-2.307129e-02
2046,1.989746e-02
2047,-1.452637e-02
2048,1.098633e-02
2049,-5.249023e-03
2050,3.540039e-03
2051,3.662109e-03
2052,-7.324219e-03
2053,1.354980e-02
2054,-1.745605e-02
2055,2.258301e-02
2056,-2.416992e-02
2057,2.856445e-02
2058,-3.063965e-02
2059,3.393555e-02
2060,-3.405762e-02
2061,3.723145e-02
2062,-3.698730e-02
2063,3.784180e-02
2064,-3.833008e-02
2065,3.662109e-02
2066,-3.344727e-02
2067,3.234863e-02
2068,-3.039551e-02
2069,2.795410e-02
2070,-2.233887e-02
2071,1.965332e-02
2072,-1.379395e-02
2073,1.123047e-02
2074,-5.493164e-03
2075,2.075195e-03
2076,4.272461e-03
2077,-7.934570e-03
2078,1.354980e-02
2079,-1.611328e-02
2080,2.331543e-02
2081,-2.441406e-02
2082,3.100586e-02
2083,-3.137207e-02
2084,3.479004e-02
2085,-3.417969e-02
2086,3.784180e-02
2087,-3.698730e-02
2088,3.906250e-02
2089,-3.698730e-02
2090,3.747559e-02
2091,-3.405762e-02
2092,3.417969e-02
2093,-2.868652e-02
2094,2.893066e-02
2095,-2.160645e-02
2096,2.014160e-02
2097,-1.513672e-02
2098,1.049805e-02
2099,-6.713867e-03
2100,1.464844e-03
2101,3.662109e-03
2102,-6.225586e-03
2103,1.232910e-02
2104,-1.733398e-02
2105,2.307129e-02
2106,-2.612305e-02
2107,2.807617e-02
2108,-3.100586e-02
2109,3.356934e-02
2110,-3.637695e-02
2111,3.845215e-02
2112,-3.820801e-02
2113,3.857422e-02
2114,-3.796387e-02
2115,3.735352e-02
2116,-3.405762e-02
2117,3.259277e-02
2118,-2.978516e-02
2119,2.734375e-02
2120,-2.221680e-02
2121,2.148438e-02
2122,-1.403809e-02
2123,1.049805e-02
2124,-4.516602e-03
2125,1.464844e-03
2126,3.540039e-03
2127,-7.690430e-03
2128,1.318359e-02
2129,-1.672363e-02
2130,2.331543e-02
2131,-2.465820e-02
2132,2.868652e-02
2133,-3.039551e-02
2134,3.381348e-02
2135,-3.540039e-02
2136,3.845215e-02
2137,-3.649902e-02
2138,3.881836e-02
2139,-3.698730e-02
2140,3.784180e-02
2141,-3.344727e-02
2142,3.430176e-02
2143,-2.929688e-02
2144,2.832031e-02
2145,-2.282715e-02
2146,2.050781e-02
2147,-1.318359e-02
2148,1.135254e-02
2149,-5.371094e-03
2150,1.342773e-03
2151,3.295898e-03
2152,-8.544922e-03
2153,1.330566e-02
2154,-1.672363e-02
2155,2.368164e-02
2156,-2.478027e-02
2157,3.002930e-02
2158,-3.076172e-02
2159,3.381348e-02
2160,-3.466797e-02
2161,3.710938e-02
2162,-3.710938e-02
2163,3.881836e-02
2164,-3.625488e-02
2165,3.649902e-02
2166,-3.430176e-02
2167,3.320312e-02
2168,-3.051758e-02
2169,2.648926e-02
2170,-2.343750e-02
2171,2.026367e-02
2172,-1.379395e-02
2173,1.049805e-02
2174,-4.760742e-03
2175,2.563477e-03
2176,3.173828e-03
2177,-9.277344e-03
2178,1.318359e-02
2179,-1.770020e-02
2180,2.233887e-02
2181,-2.465820e-02
2182,2.954102e-02
2183,-3.051758e-02
2184,3.381348e-02
2185,-3.491211e-02
2186,3.784180e-02
2187,-3.674316e-02
2188,3.906250e-02
2189,-3.747559e-02
2190,3.784180e-02
2191,-3.491211e-02
2192,3.308105e-02
2193,-2.929688e-02
2194,2.807617e-02
2195,-2.404785e-02
2196,2.038574e-02
2197,-1.489258e-02
2198,1.098633e-02
2199,-5.615234e-03
2200,2.075195e-03
2201,3.540039e-03
2202,-7.202148e-03
2203,1.477051e-02
2204,-1.562500e-02
2205,2.136230e-02
2206,-2.343750e-02
2207,2.917480e-02
2208,-3.027344e-02
2209,3.356934e-02
2210,-3.540039e-02
2211,3.808594e-02
2212,-3.759766e-02
2213,3.833008e-02
2214,-3.759766e-02
2215,3.747559e-02
2216,-3.540039e-02
2217,3.454590e-02
2218,-3.100586e-02
2219,2.758789e-02
2220,-2.148438e-02
2221,1.989746e-02
2222,-1.464844e-02
2223,1.232910e-02
2224,-5.615234e-03
2225,2.075195e-03
2226,4.516602e-03
2227,-7.324219e-03
2228,1.293945e-02
2229,-1.574707e-02
2230,2.221680e-02
2231,-2.514648e-02
2232,2.893066e-02
2233,-3.027344e-02
2234,3.259277e-02
2235,-3.466797e-02
2236,3.710938e-02
2237,-3.759766e-02
2238,3.906250e-02
2239,-3.906250e-02
2240,3.735352e-02
2241,-3.613281e-02
2242,3.161621e-02
2243,-2.905273e-02
2244,2.722168e-02
2245,-2.319336e-02
2246,1.965332e-02
2247,-1.452637e-02
2248,1.159668e-02
2249,-4.882812e-03
2250,2.197266e-03
2251,4.516602e-03
2252,-7.324219e-03
2253,1.269531e-02
2254,-1.770020e-02
2255,2.233887e-02
2256,-2.514648e-02
2257,3.002930e-02
2258,-3.100586e-02
2259,3.454590e-02
2260,-3.552246e-02
2261,3.808594e-02
2262,-3.820801e-02
2263,3.747559e-02
2264,-3.662109e-02
2265,3.686523e-02
2266,-3.515625e-02
2267,3.283691e-02
2268,-3.015137e-02
2269,2.697754e-02
2270,-2.136230e-02
2271,1.904297e-02
2272,-1.489258e-02
2273,1.330566e-02
2274,-6.225586e-03
2275,2.685547e-03
2276,5.249023e-03
2277,-7.568359e-03
2278,1.306152e-02
2279,-1.525879e-02
2280,2.136230e-02
2281,-2.624512e-02
2282,2.905273e-02
2283,-3.100586e-02
2284,3.332520e-02
2285,-3.564453e-02
2286,3.710938e-02
2287,-3.747559e-02
2288,3.845215e-02
2289,-3.735352e-02
2290,3.637695e-02
2291,-3.552246e-02
2292,3.308105e-02
2293,-2.929688e-02
2294,2.807617e-02
2295,-2.307129e-02
2296,2.087402e-02
2297,-1.464844e-02
2298,1.037598e-02
2299,-4.516602e-03
2300,1.098633e-03
2301,4.760742e-03
2302,-7.080078e-03
2303,1.342773e-02
2304,-1.586914e-02
2305,2.160645e-02
2306,-2.575684e-02
2307,3.002930e-02
2308,-3.125000e-02
2309,3.430176e-02
2310,-3.442383e-02
2311,3.710938e-02
2312,-3.674316e-02
2313,3.796387e-02
2314,-3.662109e-02
2315,3.845215e-02
2316,-3.540039e-02
2317,3.344727e-02
2318,-3.027344e-02
2319,2.648926e-02
2320,-2.380371e-02
2321,1.928711e-02
2322,-1.611328e-02
2323,1.037598e-02
2324,-4.882812e-03
2325,1.220703e-04
2326,3.662109e-03
2327,-7.080078e-03
2328,1.159668e-02
2329,-1.635742e-02
2330,2.209473e-02
2331,-2.575684e-02
2332,3.015137e-02
2333,-3.076172e-02
2334,3.442383e-02
2335,-3.454590e-02
2336,3.723145e-02
2337,-3.808594e-02
2338,3.759766e-02
2339,-3.601074e-02
2340,3.820801e-02
2341,-3.442383e-02
2342,3.320312e-02
2343,-2.966309e-02
2344,2.795410e-02
2345,-2.380371e-02
2346,1.928711e-02
2347,-1.452637e-02
2348,9.765625e-03
2349,-7.812500e-03
2350,2.075195e-03
2351,3.295898e-03
2352,-8.911133e-03
2353,1.293945e-02
2354,-1.831055e-02
2355,2.111816e-02
2356,-2.563477e-02
2357,2.868652e-02
2358,-3.125000e-02
2359,3.393555e-02
2360,-3.649902e-02
2361,3.662109e-02
2362,-3.796387e-02
2363,3.808594e-02
2364,-3.759766e-02
2365,3.613281e-02
2366,-3.430176e-02
2367,3.295898e-02
2368,-3.039551e-02
2369,2.734375e-02
2370,-2.416992e-02
2371,1.757812e-02
2372,-1.464844e-02
2373,1.062012e-02
2374,-6.469727e-03
2375,1.342773e-03
2376,2.807617e-03
2377,-7.568359e-03
2378,1.245117e-02
2379,-1.660156e-02
2380,2.124023e-02
2381,-2.539062e-02
2382,2.844238e-02
2383,-3.125000e-02
2384,3.344727e-02
2385,-3.491211e-02
2386,3.735352e-02
2387,-3.820801e-02
2388,3.930664e-02
2389,-3.662109e-02
2390,3.857422e-02
2391,-3.295898e-02
2392,3.417969e-02
2393,-2.917480e-02
2394,2.661133e-02
2395,-2.172852e-02
2396,1.953125e-02
2397,-1.452637e-02
2398,1.257324e-02
2399,-7.446289e-03
2400,2.197266e-03
2401,3.173828e-03
2402,-7.568359e-03
2403,1.330566e-02
2404,-1.770020e-02
2405,2.111816e-02
2406,-2.478027e-02
2407,2.905273e-02
2408,-3.173828e-02
2409,3.479004e-02
2410,-3.503418e-02
2411,3.845215e-02
2412,-3.747559e-02
2413,3.881836e-02
2414,-3.698730e-02
2415,3.552246e-02
2416,-3.552246e-02
2417,3.747559e-02
2418,-3.674316e-02
2419,3.796387e-02
2420,-3.698730e-02
2421,3.698730e-02
2422,-3.503418e-02
2423,3.356934e-02
2424,-2.795410e-02
2425,2.661133e-02
2426,-2.270508e-02
2427,1.892090e-02
2428,-1.464844e-02
2429,1.037598e-02
2430,-4.882812e-03
2431,1.342773e-03
2432,4.394531e-03
2433,-9.643555e-03
2434,1.354980e-02
2435,-1.745605e-02
2436,2.209473e-02
2437,-2.404785e-02
2438,2.954102e-02
2439,-3.173828e-02
2440,3.637695e-02
2441,-3.515625e-02
2442,3.747559e-02
2443,-3.649902e-02
2444,3.857422e-02
2445,-3.796387e-02
2446,3.649902e-02
2447,-3.405762e-02
2448,3.247070e-02
2449,-2.954102e-02
2450,2.661133e-02
2451,-2.331543e-02
2452,2.014160e-02
2453,-1.440430e-02
2454,9.399414e-03
2455,-4.150391e-03
2456,2.441406e-04
2457,4.028320e-03
2458,-8.666992e-03
2459,1.440430e-02
2460,-1.708984e-02
2461,2.270508e-02
2462,-2.539062e-02
2463,2.954102e-02
2464,-3.332520e-02
2465,3.344727e-02
2466,-3.466797e-02
2467,3.601074e-02
2468,-3.698730e-02
2469,3.796387e-02
2470,-3.759766e-02
2471,3.747559e-02
2472,-3.320312e-02
2473,3.308105e-02
2474,-2.905273e-02
2475,2.758789e-02
2476,-2.270508e-02
2477,2.001953e-02
2478,-1.452637e-02
2479,1.098633e-02
2480,-5.249023e-03
2481,8.544922e-04
2482,5.371094e-03
2483,-9.155273e-03
2484,1.440430e-02
2485,-1.684570e-02
2486,2.270508e-02
2487,-2.502441e-02
2488,2.868652e-02
2489,-3.222656e-02
2490,3.479004e-02
2491,-3.564453e-02
2492,3.698730e-02
2493,-3.833008e-02
2494,3.857422e-02
2495,-3.759766e-02
2496,3.625488e-02
2497,-3.320312e-02
2498,3.259277e-02
2499,-2.868652e-02
2500,2.587891e-02
2501,-2.185059e-02
2502,2.099609e-02
2503,-1.379395e-02
2504,1.123047e-02
2505,-4.272461e-03
2506,1.831055e-03
2507,4.150391e-03
2508,-8.422852e-03
2509,1.306152e-02
2510,-1.916504e-02
2511,2.258301e-02
2512,-2.551270e-02
2513,2.966309e-02
2514,-3.063965e-02
2515,3.552246e-02
2516,-3.527832e-02
2517,3.796387e-02
2518,-3.796387e-02
2519,3.710938e-02
2520,-3.637695e-02
2521,3.759766e-02
2522,-3.515625e-02
2523,3.308105e-02
2524,-3.063965e-02
2525,2.709961e-02
2526,-2.185059e-02
2527,1.770020e-02
2528,-1.367188e-02
2529,1.062012e-02
2530,-4.272461e-03
2531,1.831055e-03
2532,4.150391e-03
2533,-7.446289e-03
2534,1.416016e-02
2535,-1.806641e-02
2536,2.331543e-02
2537,-2.465820e-02
2538,2.905273e-02
2539,-3.137207e-02
2540,3.515625e-02
2541,-3.552246e-02
2542,3.747559e-02
2543,-3.674316e-02
2544,3.759766e-02
2545,-3.747559e-02
2546,3.784180e-02
2547,-3.552246e-02
2548,3.234863e-02
2549,-2.954102e-02
2550,2.685547e-02
2551,-2.221680e-02
2552,1.940918e-02
2553,-1.428223e-02
2554,1.000977e-02
2555,-4.882812e-03
2556,1.586914e-03
2557,3.417969e-03
2558,-9.155273e-03
2559,1.464844e-02
2560,-1.757812e-02
2561,2.221680e-02
2562,-2.465820e-02
2563,2.990723e-02
2564,-3.112793e-02
2565,3.540039e-02
2566,-3.527832e-02
2567,3.735352e-02
2568,-3.710938e-02
2569,3.747559e-02
2570,-3.808594e-02
2571,3.723145e-02
2572,-3.515625e-02
2573,3.198242e-02
2574,-2.966309e-02
2575,2.709961e-02
2576,-2.258301e-02
2577,2.026367e-02
2578,-1.464844e-02
2579,1.049805e-02
2580,-5.615234e-03
2581,2.441406e-04
2582,6.103516e-03
2583,-9.155273e-03
2584,1.452637e-02
2585,-1.770020e-02
2586,2.270508e-02
2587,-2.539062e-02
2588,2.905273e-02
2589,-2.978516e-02
2590,3.295898e-02
2591,-3.625488e-02
2592,3.796387e-02
2593,-3.845215e-02
2594,3.930664e-02
2595,-3.698730e-02
2596,3.686523e-02
2597,-3.417969e-02
2598,3.295898e-02
2599,-2.880859e-02
2600,2.563477e-02
2601,-2.148438e-02
2602,2.014160e-02
2603,-1.477051e-02
2604,1.110840e-02
2605,-4.516602e-03
2606,8.544922e-04
2607,5.004883e-03
2608,-8.422852e-03
2609,1.269531e-02
2610,-1.733398e-02
2611,2.124023e-02
2612,-2.514648e-02
2613,2.954102e-02
2614,-3.149414e-02
2615,3.381348e-02
2616,-3.442383e-02
2617,3.747559e-02
2618,-3.674316e-02
2619,3.820801e-02
2620,-3.747559e-02
2621,3.564453e-02
2622,-3.515625e-02
2623,3.308105e-02
2624,-3.076172e-02
2625,2.697754e-02
2626,-2.246094e-02
2627,1.965332e-02
2628,-1.513672e-02
2629,1.074219e-02
2630,-5.737305e-03
2631,1.098633e-03
2632,4.028320e-03
2633,-8.300781e-03
2634,1.330566e-02
2635,-1.721191e-02
2636,2.343750e-02
2637,-2.453613e-02
2638,2.856445e-02
2639,-2.966309e-02
2640,3.344727e-02
2641,-3.637695e-02
2642,3.857422e-02
2643,-3.710938e-02
2644,3.747559e-02
2645,-3.710938e-02
2646,3.625488e-02
2647,-3.564453e-02
2648,3.454590e-02
2649,-2.880859e-02
2650,2.709961e-02
2651,-2.209473e-02
2652,2.001953e-02
2653,-1.318359e-02
2654,9.521484e-03
2655,-4.638672e-03
2656,2.441406e-03
2657,4.638672e-03
2658,-8.178711e-03
2659,1.477051e-02
2660,-1.770020e-02
2661,2.258301e-02
2662,-2.453613e-02
2663,3.100586e-02
2664,-3.234863e-02
2665,3.515625e-02
2666,-3.393555e-02
2667,3.735352e-02
2668,-3.820801e-02
2669,3.820801e-02
2670,-3.869629e-02
2671,3.649902e-02
2672,-3.454590e-02
2673,3.259277e-02
2674,-2.880859e-02
2675,2.685547e-02
2676,-2.221680e-02
2677,1.916504e-02
2678,-1.513672e-02
2679,1.098633e-02
2680,-5.859375e-03
2681,2.685547e-03
2682,4.150391e-03
2683,-8.422852e-03
2684,1.318359e-02
2685,-1.879883e-02
2686,2.221680e-02
2687,-2.453613e-02
2688,2.722168e-02
2689,-3.198242e-02
2690,3.381348e-02
2691,-3.796387e-02
2692,3.686523e-02
2693,-3.625488e-02
2694,3.906250e-02
2695,-3.833008e-02
2696,3.698730e-02
2697,-3.430176e-02
2698,3.247070e-02
2699,-2.880859e-02
2700,2.697754e-02
2701,-2.355957e-02
2702,1.794434e-02
2703,-1.403809e-02
2704,9.277344e-03
2705,-5.249023e-03
2706,1.220703e-03
2707,4.150391e-03
2708,-8.911133e-03
2709,1.367188e-02
2710,-1.733398e-02
2711,2.233887e-02
2712,-2.722168e-02
2713,3.002930e-02
2714,-3.015137e-02
2715,3.381348e-02
2716,-3.515625e-02
2717,3.723145e-02
2718,-3.735352e-02
2719,3.881836e-02
2720,-3.662109e-02
2721,3.564453e-02
2722,-3.540039e-02
2723,3.332520e-02
2724,-2.941895e-02
2725,2.624512e-02
2726,-2.270508e-02
2727,1.989746e-02
2728,-1.464844e-02
2729,1.062012e-02
2730,-4.638672e-03
2731,1.098633e-03
2732,3.662109e-03
2733,-8.300781e-03
2734,1.245117e-02
2735,-1.782227e-02
2736,2.246094e-02
2737,-2.636719e-02
2738,2.856445e-02
2739,-3.247070e-02
2740,3.295898e-02
2741,-3.674316e-02
2742,3.637695e-02
2743,-3.820801e-02
2744,3.857422e-02
2745,-3.796387e-02
2746,3.564453e-02
2747,-3.491211e-02
2748,3.295898e-02
2749,-3.051758e-02
2750,2.722168e-02
2751,-2.343750e-02
2752,2.111816e-02
2753,-1.464844e-02
2754,1.074219e-02
2755,-5.859375e-03
2756,1.342773e-03
2757,3.051758e-03
2758,-7.934570e-03
2759,1.391602e-02
2760,-1.843262e-02
2761,2.209473e-02
2762,-2.514648e-02
2763,2.905273e-02
2764,-3.063965e-02
2765,3.356934e-02
2766,-3.576660e-02
2767,3.845215e-02
2768,-3.771973e-02
2769,3.723145e-02
2770,-3.906250e-02
2771,3.637695e-02
2772,-3.503418e-02
2773,3.332520e-02
2774,-2.819824e-02
2775,2.844238e-02
2776,-2.233887e-02
2777,1.989746e-02
2778,-1.318359e-02
2779,1.062012e-02
2780,-6.469727e-03
2781,1.586914e-03
2782,4.150391e-03
2783,-1.025391e-02
2784,1.354980e-02
2785,-1.647949e-02
2786,2.062988e-02
2787,-2.539062e-02
2788,2.929688e-02
2789,-3.137207e-02
2790,3.393555e-02
2791,-3.503418e-02
2792,3.747559e-02
2793,-3.833008e-02
2794,3.857422e-02
2795,-3.747559e-02
2796,3.649902e-02
2797,-3.405762e-02
2798,3.356934e-02
2799,-3.039551e-02
2800,2.600098e-02
2801,-2.307129e-02
2802,1.965332e-02
2803,-1.647949e-02
2804,1.123047e-02
2805,-5.371094e-03
2806,1.220703e-04
2807,5.126953e-03
2808,-8.666992e-03
2809,1.342773e-02
2810,-1.928711e-02
2811,2.160645e-02
2812,-2.563477e-02
2813,2.929688e-02
2814,-3.112793e-02
2815,3.295898e-02
2816,-3.710938e-02
2817,3.698730e-02
2818,-3.857422e-02
2819,3.906250e-02
2820,-3.710938e-02
2821,3.735352e-02
2822,-3.320312e-02
2823,3.222656e-02
2824,-2.966309e-02
2825,2.685547e-02
2826,-2.331543e-02
2827,1.989746e-02
2828,-1.489258e-02
2829,1.074219e-02
2830,-5.737305e-03
2831,2.441406e-03
2832,4.516602e-03
2833,-9.277344e-03
2834,1.330566e-02
2835,-1.745605e-02
2836,2.099609e-02
2837,-2.465820e-02
2838,2.868652e-02
2839,-3.173828e-02
2840,3.454590e-02
2841,-3.649902e-02
2842,3.796387e-02
2843,-3.796387e-02
2844,3.784180e-02
2845,-3.710938e-02
2846,3.698730e-02
2847,-3.564453e-02
2848,3.344727e-02
2849,-3.051758e-02
2850,2.661133e-02
2851,-2.233887e-02
2852,2.172852e-02
2853,-1.477051e-02
2854,1.171875e-02
2855,-5.493164e-03
2856,7.324219e-04
2857,4.272461e-03
2858,-8.178711e-03
2859,1.367188e-02
2860,-1.550293e-02
2861,2.197266e-02
2862,-2.526855e-02
2863,2.941895e-02
2864,-3.247070e-02
2865,3.405762e-02
2866,-3.723145e-02
2867,3.833008e-02
2868,-3.759766e-02
2869,3.808594e-02
2870,-3.771973e-02
2871,3.747559e-02
2872,-3.356934e-02
2873,3.332520e-02
2874,-2.868652e-02
2875,2.661133e-02
2876,-2.233887e-02
2877,2.087402e-02
2878,-1.416016e-02
2879,1.062012e-02
2880,-4.638672e-03
2881,1.342773e-03
2882,4.394531e-03
2883,-7.812500e-03
2884,1.293945e-02
2885,-1.879883e-02
2886,2.136230e-02
2887,-2.526855e-02
2888,2.795410e-02
2889,-3.161621e-02
2890,3.540039e-02
2891,-3.674316e-02
2892,3.747559e-02
2893,-3.771973e-02
2894,3.857422e-02
2895,-3.894043e-02
2896,3.686523e-02
2897,-3.503418e-02
2898,3.332520e-02
2899,-2.978516e-02
2900,2.783203e-02
2901,-2.368164e-02
2902,2.014160e-02
2903,-1.379395e-02
2904,1.074219e-02
2905,-6.103516e-03
2906,1.342773e-03
2907,4.394531e-03
2908,-8.422852e-03
2909,1.269531e-02
2910,-1.733398e-02
2911,2.221680e-02
2912,-2.441406e-02
2913,2.844238e-02
2914,-2.941895e-02
2915,3.417969e-02
2916,-3.576660e-02
2917,3.833008e-02
2918,-3.771973e-02
2919,3.759766e-02
2920,-3.747559e-02
2921,3.601074e-02
2922,-3.393555e-02
2923,3.234863e-02
2924,-3.002930e-02
2925,2.758789e-02
2926,-2.355957e-02
2927,2.001953e-02
2928,-1.562500e-02
2929,1.123047e-02
2930,-6.103516e-03
2931,7.324219e-04
2932,3.540039e-03
2933,-9.277344e-03
2934,1.367188e-02
2935,-1.611328e-02
2936,2.148438e-02
2937,-2.514648e-02
2938,3.002930e-02
2939,-3.259277e-02
2940,3.417969e-02
2941,-3.601074e-02
2942,3.698730e-02
2943,-3.674316e-02
2944,3.906250e-02
2945,-3.649902e-02
2946,3.735352e-02
2947,-3.344727e-02
2948,3.247070e-02
2949,-2.856445e-02
2950,2.807617e-02
2951,-2.319336e-02
2952,1.916504e-02
2953,-1.489258e-02
2954,1.000977e-02
2955,-4.882812e-03
2956,1.220703e-03
2957,4.028320e-03
2958,-8.789062e-03
2959,1.391602e-02
2960,-1.611328e-02
2961,2.233887e-02
2962,-2.539062e-02
2963,2.941895e-02
2964,-3.247070e-02
2965,3.405762e-02
2966,-3.454590e-02
2967,3.686523e-02
2968,-3.662109e-02
2969,3.894043e-02
2970,-3.723145e-02
2971,3.625488e-02
2972,-3.552246e-02
2973,3.381348e-02
2974,-3.100586e-02
2975,2.758789e-02
2976,-2.368164e-02
2977,1.892090e-02
2978,-1.428223e-02
2979,1.074219e-02
2980,-5.859375e-03
2981,1.464844e-03
2982,4.150391e-03
2983,-8.422852e-03
2984,1.293945e-02
2985,-1.782227e-02
2986,2.197266e-02
2987,-2.563477e-02
2988,2.941895e-02
2989,-3.137207e-02
2990,3.332520e-02
2991,-3.442383e-02
2992,3.759766e-02
2993,-3.771973e-02
2994,3.918457e-02
2995,-3.735352e-02
2996,3.698730e-02
2997,-3.527832e-02
2998,3.381348e-02
2999,-2.880859e-02
3000,2.722168e-02
3001,-2.307129e-02
3002,1.953125e-02
3003,-1.477051e-02
3004,1.037598e-02
3005,-5.126953e-03
3006,1.708984e-03
3007,3.540039e-03
3008,-7.690430e-03
3009,1.354980e-02
3010,-1.708984e-02
3011,2.209473e-02
3012,-2.416992e-02
3013,2.941895e-02
3014,-3.027344e-02
3015,3.430176e-02
3016,-3.564453e-02
3017,3.759766e-02
3018,-3.771973e-02
3019,3.881836e-02
3020,-3.625488e-02
3021,3.820801e-02
3022,-3.466797e-02
3023,3.430176e-02
3024,-2.856445e-02
3025,2.624512e-02
3026,-2.270508e-02
3027,2.014160e-02
3028,-1.464844e-02
3029,1.110840e-02
3030,-4.760742e-03
3031,1.464844e-03
3032,4.028320e-03
3033,-7.690430e-03
3034,1.501465e-02
3035,-1.708984e-02
3036,2.111816e-02
3037,-2.380371e-02
3038,2.856445e-02
3039,-3.063965e-02
3040,3.503418e-02
3041,-3.674316e-02
3042,3.723145e-02
3043,-3.735352e-02
3044,3.845215e-02
3045,-3.771973e-02
3046,3.723145e-02
3047,-3.564453e-02
3048,3.344727e-02
3049,-2.966309e-02
3050,2.783203e-02
3051,-2.355957e-02
3052,1.928711e-02
3053,-1.318359e-02
3054,1.000977e-02
3055,-5.371094e-03
3056,3.051758e-03
3057,3.662109e-03
3058,-7.812500e-03
3059,1.416016e-02
3060,-1.708984e-02
3061,2.197266e-02
3062,-2.441406e-02
3063,2.929688e-02
3064,-3.173828e-02
3065,3.356934e-02
3066,-3.527832e-02
3067,3.735352e-02
3068,-3.710938e-02
3069,3.894043e-02
3070,-3.771973e-02
3071,3.662109e-02
3072,-3.369141e-02
3073,3.332520e-02
3074,-2.954102e-02
3075,2.856445e-02
3076,-2.404785e-02
3077,1.940918e-02
3078,-1.403809e-02
3079,1.147461e-02
3080,-4.882812e-03
3081,2.319336e-03
3082,4.516602e-03
3083,-8.178711e-03
3084,1.318359e-02
3085,-1.574707e-02
3086,2.319336e-02
3087,-2.441406e-02
3088,2.941895e-02
3089,-3.149414e-02
3090,3.479004e-02
3091,-3.430176e-02
3092,3.698730e-02
3093,-3.637695e-02
3094,3.808594e-02
3095,-3.759766e-02
3096,3.698730e-02
3097,-3.442383e-02
3098,3.222656e-02
3099,-2.819824e-02
3100,2.746582e-02
3101,-2.343750e-02
3102,2.014160e-02
3103,-1.416016e-02
3104,9.399414e-03
3105,-5.126953e-03
3106,1.831055e-03
3107,3.295898e-03
3108,-7.812500e-03
3109,1.391602e-02
3110,-1.672363e-02
3111,2.124023e-02
3112,-2.404785e-02
3113,2.954102e-02
3114,-3.076172e-02
3115,3.344727e-02
3116,-3.601074e-02
3117,3.808594e-02
3118,-3.637695e-02
3119,3.918457e-02
3120,-3.759766e-02
3121,3.759766e-02
3122,-3.466797e-02
3123,3.442383e-02
3124,-2.832031e-02
3125,2.636719e-02
3126,-2.246094e-02
3127,2.038574e-02
3128,-1.452637e-02
3129,1.245117e-02
3130,-4.394531e-03
3131,1.098633e-03
3132,5.737305e-03
3133,-8.422852e-03
3134,1.208496e-02
3135,-1.684570e-02
3136,2.160645e-02
3137,-2.502441e-02
3138,2.929688e-02
3139,-3.051758e-02
3140,3.540039e-02
3141,-3.576660e-02
3142,3.784180e-02
3143,-3.796387e-02
3144,3.918457e-02
3145,-3.637695e-02
3146,3.735352e-02
3147,-3.332520e-02
3148,3.161621e-02
3149,-3.076172e-02
3150,2.819824e-02
3151,-2.282715e-02
3152,1.806641e-02
3153,-1.477051e-02
3154,1.110840e-02
3155,-7.446289e-03
3156,2.197266e-03
3157,3.295898e-03
3158,-8.789062e-03
3159,1.416016e-02
3160,-1.623535e-02
3161,2.221680e-02
3162,-2.441406e-02
3163,2.856445e-02
3164,-3.076172e-02
3165,3.479004e-02
3166,-3.613281e-02
3167,3.820801e-02
3168,-3.735352e-02
3169,3.979492e-02
3170,-3.625488e-02
3171,3.723145e-02
3172,-3.430176e-02
3173,3.344727e-02
3174,-2.880859e-02
3175,2.697754e-02
3176,-2.185059e-02
3177,1.916504e-02
3178,-1.574707e-02
3179,1.049805e-02
3180,-4.882812e-03
3181,6.103516e-04
3182,4.394531e-03
3183,-7.812500e-03
3184,1.318359e-02
3185,-1.660156e-02
3186,2.124023e-02
3187,-2.368164e-02
3188,2.844238e-02
3189,-3.015137e-02
3190,3.381348e-02
3191,-3.454590e-02
3192,3.735352e-02
3193,-3.698730e-02
3194,3.906250e-02
3195,-3.649902e-02
3196,3.735352e-02
3197,-3.320312e-02
3198,3.356934e-02
3199,-2.941895e-02
3200,2.929688e-02
3201,-2.258301e-02
3202,2.087402e-02
3203,-1.269531e-02
3204,1.330566e-02
3205,-6.469727e-03
3206,1.586914e-03
3207,4.516602e-03
3208,-7.934570e-03
3209,1.342773e-02
3210,-1.721191e-02
3211,2.270508e-02
3212,-2.416992e-02
3213,3.027344e-02
3214,-2.978516e-02
3215,3.454590e-02
3216,-3.491211e-02
3217,3.796387e-02
3218,-3.710938e-02
3219,3.881836e-02
3220,-3.698730e-02
3221,3.710938e-02
3222,-3.393555e-02
3223,3.332520e-02
3224,-3.002930e-02
3225,2.746582e-02
3226,-2.307129e-02
3227,1.892090e-02
3228,-1.513672e-02
3229,1.135254e-02
3230,-5.126953e-03
3231,2.075195e-03
3232,4.028320e-03
3233,-6.225586e-03
3234,1.306152e-02
3235,-1.733398e-02
3236,2.148438e-02
3237,-2.416992e-02
3238,2.819824e-02
3239,-3.051758e-02
3240,3.479004e-02
3241,-3.442383e-02
3242,3.625488e-02
3243,-3.796387e-02
3244,3.820801e-02
3245,-3.747559e-02
3246,3.601074e-02
3247,-3.308105e-02
3248,3.295898e-02
3249,-2.929688e-02
3250,2.819824e-02
3251,-2.343750e-02
3252,2.026367e-02
3253,-1.428223e-02
3254,1.074219e-02
3255,-5.249023e-03
3256,2.807617e-03
3257,5.004883e-03
3258,-7.202148e-03
3259,1.428223e-02
3260,-1.708984e-02
3261,2.270508e-02
3262,-2.526855e-02
3263,2.929688e-02
3264,-3.112793e-02
3265,3.430176e-02
3266,-3.491211e-02
3267,3.833008e-02
3268,-3.698730e-02
3269,3.881836e-02
3270,-3.796387e-02
3271,3.833008e-02
3272,-3.393555e-02
3273,3.283691e-02
3274,-2.929688e-02
3275,2.685547e-02
3276,-2.331543e-02
3277,2.001953e-02
3278,-1.464844e-02
3279,1.110840e-02
3280,-5.737305e-03
3281,1.831055e-03
3282,4.760742e-03
3283,-7.446289e-03
3284,1.501465e-02
3285,-1.757812e-02
3286,2.209473e-02
3287,-2.441406e-02
3288,2.905273e-02
3289,-3.027344e-02
3290,3.430176e-02
3291,-3.430176e-02
3292,3.808594e-02
3293,-3.735352e-02
3294,3.820801e-02
3295,-3.662109e-02
3296,3.759766e-02
3297,-3.332520e-02
3298,3.454590e-02
3299,-2.929688e-02
3300,2.868652e-02
3301,-2.148438e-02
3302,2.026367e-02
3303,-1.342773e-02
3304,1.196289e-02
3305,-4.516602e-03
3306,2.685547e-03
3307,4.760742e-03
3308,-6.591797e-03
3309,1.477051e-02
3310,-1.525879e-02
3311,2.172852e-02
3312,-2.478027e-02
3313,2.941895e-02
3314,-3.112793e-02
3315,3.479004e-02
3316,-3.491211e-02
3317,3.833008e-02
3318,-3.747559e-02
3319,3.698730e-02
3320,-3.674316e-02
3321,3.833008e-02
3322,-3.442383e-02
3323,3.332520e-02
3324,-2.978516e-02
3325,2.856445e-02
3326,-2.282715e-02
3327,2.050781e-02
3328,-1.330566e-02
3329,1.306152e-02
3330,-5.126953e-03
3331,3.662109e-03
3332,5.249023e-03
3333,-7.690430e-03
3334,1.354980e-02
3335,-1.733398e-02
3336,2.221680e-02
3337,-2.465820e-02
3338,2.929688e-02
3339,-3.027344e-02
3340,3.601074e-02
3341,-3.454590e-02
3342,3.894043e-02
3343,-3.698730e-02
3344,3.845215e-02
3345,-3.649902e-02
3346,3.735352e-02
3347,-3.369141e-02
3348,3.405762e-02
3349,-3.027344e-02
3350,2.722168e-02
3351,-2.246094e-02
3352,2.026367e-02
3353,-1.428223e-02
3354,1.123047e-02
3355,-5.615234e-03
3356,3.295898e-03
3357,3.051758e-03
3358,-7.568359e-03
3359,1.416016e-02
3360,-1.770020e-02
3361,2.221680e-02
3362,-2.453613e-02
3363,2.893066e-02
3364,-3.027344e-02
3365,3.503418e-02
3366,-3.613281e-02
3367,3.881836e-02
3368,-3.698730e-02
3369,3.784180e-02
3370,-3.649902e-02
3371,3.698730e-02
3372,-3.442383e-02
3373,3.405762e-02
3374,-3.027344e-02
3375,2.783203e-02
3376,-2.355957e-02
3377,2.026367e-02
3378,-1.354980e-02
3379,1.135254e-02
3380,-6.835938e-03
3381,1.464844e-03
3382,3.540039e-03
3383,-7.202148e-03
3384,1.232910e-02
3385,-1.611328e-02
3386,2.209473e-02
3387,-2.539062e-02
3388,2.832031e-02
3389,-2.905273e-02
3390,3.308105e-02
3391,-3.576660e-02
3392,3.894043e-02
3393,-3.845215e-02
3394,3.906250e-02
3395,-3.662109e-02
3396,3.503418e-02
3397,-3.454590e-02
3398,3.344727e-02
3399,-2.929688e-02
3400,2.746582e-02
3401,-2.233887e-02
3402,2.124023e-02
3403,-1.464844e-02
3404,1.220703e-02
3405,-4.150391e-03
3406,1.342773e-03
3407,4.028320e-03
3408,-6.835938e-03
3409,1.318359e-02
3410,-1.586914e-02
3411,2.294922e-02
3412,-2.368164e-02
3413,2.844238e-02
3414,-3.125000e-02
3415,3.515625e-02
3416,-3.491211e-02
3417,3.662109e-02
3418,-3.723145e-02
3419,3.881836e-02
3420,-3.747559e-02
3421,3.784180e-02
3422,-3.295898e-02
3423,3.100586e-02
3424,-2.844238e-02
3425,2.661133e-02
3426,-2.453613e-02
3427,2.014160e-02
3428,-1.525879e-02
3429,1.123047e-02
3430,-6.103516e-03
3431,1.220703e-03
3432,4.028320e-03
3433,-6.835938e-03
3434,1.367188e-02
3435,-1.745605e-02
3436,2.246094e-02
3437,-2.600098e-02
3438,2.819824e-02
3439,-3.015137e-02
3440,3.393555e-02
3441,-3.637695e-02
3442,3.820801e-02
3443,-3.930664e-02
3444,3.942871e-02
3445,-3.735352e-02
3446,3.723145e-02
3447,-3.405762e-02
3448,3.295898e-02
3449,-2.966309e-02
3450,2.856445e-02
3451,-2.282715e-02
3452,2.026367e-02
3453,-1.525879e-02
3454,1.135254e-02
3455,-6.713867e-03
3456,1.586914e-03
3457,3.540039e-03
3458,-8.300781e-03
3459,1.354980e-02
3460,-1.574707e-02
3461,2.099609e-02
3462,-2.441406e-02
3463,3.002930e-02
3464,-3.149414e-02
3465,3.515625e-02
3466,-3.393555e-02
3467,3.796387e-02
3468,-3.808594e-02
3469,3.918457e-02
3470,-3.759766e-02
3471,3.710938e-02
3472,-3.344727e-02
3473,3.234863e-02
3474,-2.966309e-02
3475,2.722168e-02
3476,-2.258301e-02
3477,1.916504e-02
3478,-1.367188e-02
3479,1.049805e-02
3480,-5.371094e-03
3481,2.685547e-03
3482,3.662109e-03
3483,-7.812500e-03
3484,1.318359e-02
3485,-1.660156e-02
3486,2.062988e-02
3487,-2.502441e-02
3488,2.917480e-02
3489,-3.259277e-02
3490,3.417969e-02
3491,-3.613281e-02
3492,3.686523e-02
3493,-3.601074e-02
3494,3.820801e-02
3495,-3.857422e-02
3496,3.723145e-02
3497,-3.491211e-02
3498,3.332520e-02
3499,-3.027344e-02
3500,2.648926e-02
3501,-2.307129e-02
3502,2.014160e-02
3503,-1.489258e-02
3504,1.074219e-02
3505,-6.591797e-03
3506,1.708984e-03
3507,4.394531e-03
3508,-8.666992e-03
3509,1.403809e-02
3510,-1.550293e-02
3511,2.197266e-02
3512,-2.478027e-02
3513,2.783203e-02
3514,-3.112793e-02
3515,3.454590e-02
3516,-3.601074e-02
3517,3.784180e-02
3518,-3.771973e-02
3519,3.735352e-02
3520,-3.723145e-02
3521,3.747559e-02
3522,-3.491211e-02
3523,3.283691e-02
3524,-2.795410e-02
3525,2.697754e-02
3526,-2.343750e-02
3527,2.001953e-02
3528,-1.574707e-02
3529,1.123047e-02
3530,-5.126953e-03
3531,2.685547e-03
3532,3.540039e-03
3533,-7.324219e-03
3534,1.330566e-02
3535,-1.770020e-02
3536,2.136230e-02
3537,-2.502441e-02
3538,2.905273e-02
3539,-2.966309e-02
3540,3.356934e-02
3541,-3.527832e-02
3542,3.747559e-02
3543,-3.845215e-02
3544,3.857422e-02
3545,-3.723145e-02
3546,3.601074e-02
3547,-3.515625e-02
3548,3.332520e-02
3549,-3.002930e-02
3550,2.636719e-02
3551,-2.355957e-02
3552,2.026367e-02
3553,-1.574707e-02
3554,1.000977e-02
3555,-5.249023e-03
3556,2.441406e-03
3557,3.417969e-03
3558,-7.324219e-03
3559,1.367188e-02
3560,-1.611328e-02
3561,2.270508e-02
3562,-2.502441e-02
3563,2.844238e-02
3564,-3.125000e-02
3565,3.393555e-02
3566,-3.552246e-02
3567,3.637695e-02
3568,-3.698730e-02
3569,3.833008e-02
3570,-3.759766e-02
3571,3.906250e-02
3572,-3.344727e-02
3573,3.381348e-02
3574,-2.941895e-02
3575,2.844238e-02
3576,-2.343750e-02
3577,1.855469e-02
3578,-1.611328e-02
3579,1.074219e-02
3580,-6.347656e-03
3581,3.784180e-03
3582,4.394531e-03
3583,-7.568359e-03
3584,1.245117e-02
3585,-1.660156e-02
3586,2.233887e-02
3587,-2.441406e-02
3588,2.905273e-02
3589,-3.161621e-02
3590,3.393555e-02
3591,-3.430176e-02
3592,3.759766e-02
3593,-3.869629e-02
3594,3.894043e-02
3595,-3.808594e-02
3596,3.662109e-02
3597,-3.540039e-02
3598,3.320312e-02
3599,-3.027344e-02
3600,2.648926e-02
3601,-2.502441e-02
3602,1.989746e-02
3603,-1.513672e-02
3604,1.098633e-02
3605,-4.394531e-03
3606,2.807617e-03
3607,3.417969e-03
3608,-6.469727e-03
3609,1.269531e-02
3610,-1.647949e-02
3611,2.160645e-02
3612,-2.539062e-02
3613,2.795410e-02
3614,-3.039551e-02
3615,3.381348e-02
3616,-3.503418e-02
3617,3.808594e-02
3618,-3.674316e-02
3619,3.881836e-02
3620,-3.759766e-02
3621,3.735352e-02
3622,-3.454590e-02
3623,3.332520e-02
3624,-2.844238e-02
3625,2.832031e-02
3626,-2.319336e-02
3627,1.916504e-02
3628,-1.428223e-02
3629,1.232910e-02
3630,-6.347656e-03
3631,7.324219e-04
3632,4.272461e-03
3633,-7.812500e-03
3634,1.330566e-02
3635,-1.611328e-02
3636,2.099609e-02
3637,-2.514648e-02
3638,2.868652e-02
3639,-3.149414e-02
3640,3.295898e-02
3641,-3.649902e-02
3642,3.698730e-02
3643,-3.808594e-02
3644,3.759766e-02
3645,-3.735352e-02
3646,3.625488e-02
3647,-3.430176e-02
3648,3.295898e-02
3649,-3.015137e-02
3650,2.624512e-02
3651,-2.209473e-02
3652,1.940918e-02
3653,-1.513672e-02
3654,1.208496e-02
3655,-6.469727e-03
3656,2.807617e-03
3657,3.295898e-03
3658,-8.789062e-03
3659,1.306152e-02
3660,-1.672363e-02
3661,2.136230e-02
3662,-2.502441e-02
3663,2.893066e-02
3664,-3.149414e-02
3665,3.381348e-02
3666,-3.625488e-02
3667,3.723145e-02
3668,-3.796387e-02
3669,3.808594e-02
3670,-3.735352e-02
3671,3.503418e-02
3672,-3.466797e-02
3673,3.198242e-02
3674,-3.100586e-02
3675,2.795410e-02
3676,-2.368164e-02
3677,1.928711e-02
3678,-1.489258e-02
3679,9.277344e-03
3680,-6.347656e-03
3681,1.708984e-03
3682,2.685547e-03
3683,-6.835938e-03
3684,1.257324e-02
3685,-1.586914e-02
3686,2.111816e-02
3687,-2.551270e-02
3688,2.832031e-02
3689,-3.051758e-02
3690,3.332520e-02
3691,-3.601074e-02
3692,3.735352e-02
3693,-3.845215e-02
3694,3.881836e-02
3695,-3.869629e-02
3696,3.601074e-02
3697,-3.417969e-02
3698,3.149414e-02
3699,-3.015137e-02
3700,2.709961e-02
3701,-2.368164e-02
3702,2.038574e-02
3703,-1.525879e-02
3704,1.159668e-02
3705,-7.568359e-03
3706,2.075195e-03
3707,3.417969e-03
3708,-6.713867e-03
3709,1.306152e-02
3710,-1.660156e-02
3711,2.233887e-02
3712,-2.343750e-02
3713,2.917480e-02
3714,-3.051758e-02
3715,3.356934e-02
3716,-3.454590e-02
3717,3.637695e-02
3718,-3.674316e-02
3719,3.955078e-02
3720,-3.698730e-02
3721,3.784180e-02
3722,-3.649902e-02
3723,3.308105e-02
3724,-3.027344e-02
3725,2.709961e-02
3726,-2.343750e-02
3727,1.855469e-02
3728,-1.489258e-02
3729,1.098633e-02
3730,-5.859375e-03
3731,1.464844e-03
3732,4.394531e-03
3733,-7.690430e-03
3734,1.269531e-02
3735,-1.708984e-02
3736,2.111816e-02
3737,-2.453613e-02
3738,2.832031e-02
3739,-3.051758e-02
3740,3.454590e-02
3741,-3.527832e-02
3742,3.710938e-02
3743,-3.808594e-02
3744,3.857422e-02
3745,-3.662109e-02
3746,3.723145e-02
3747,-3.369141e-02
3748,3.247070e-02
3749,-3.027344e-02
3750,2.795410e-02
3751,-2.441406e-02
3752,1.989746e-02
3753,-1.562500e-02
3754,1.171875e-02
3755,-5.737305e-03
3756,2.441406e-03
3757,4.394531e-03
3758,-8.178711e-03
3759,1.330566e-02
3760,-1.721191e-02
3761,2.136230e-02
3762,-2.429199e-02
3763,2.832031e-02
3764,-2.966309e-02
3765,3.332520e-02
3766,-3.515625e-02
3767,3.759766e-02
3768,-3.698730e-02
3769,3.784180e-02
3770,-3.833008e-02
3771,3.686523e-02
3772,-3.649902e-02
3773,3.320312e-02
3774,-2.929688e-02
3775,2.502441e-02
3776,-2.343750e-02
3777,1.940918e-02
3778,-1.550293e-02
3779,1.098633e-02
3780,-6.469727e-03
3781,1.586914e-03
3782,2.319336e-03
3783,-7.324219e-03
3784,1.269531e-02
3785,-1.623535e-02
3786,2.026367e-02
3787,-2.465820e-02
3788,2.868652e-02
3789,-3.076172e-02
3790,3.283691e-02
3791,-3.515625e-02
3792,3.796387e-02
3793,-3.710938e-02
3794,3.918457e-02
3795,-3.771973e-02
3796,3.735352e-02
3797,-3.527832e-02
3798,3.295898e-02
3799,-3.051758e-02
3800,2.758789e-02
3801,-2.416992e-02
3802,1.940918e-02
3803,-1.672363e-02
3804,1.208496e-02
3805,-7.568359e-03
3806,1.464844e-03
3807,4.150391e-03
3808,-9.765625e-03
3809,1.342773e-02
3810,-1.708984e-02
3811,2.050781e-02
3812,-2.429199e-02
3813,2.941895e-02
3814,-3.112793e-02
3815,3.430176e-02
3816,-3.393555e-02
3817,3.601074e-02
3818,-3.674316e-02
3819,3.942871e-02
3820,-3.808594e-02
3821,3.637695e-02
3822,-3.491211e-02
3823,3.320312e-02
3824,-2.929688e-02
3825,2.795410e-02
3826,-2.307129e-02
3827,2.026367e-02
3828,-1.586914e-02
3829,1.245117e-02
3830,-6.713867e-03
3831,1.708984e-03
3832,3.295898e-03
3833,-7.690430e-03
3834,1.171875e-02
3835,-1.574707e-02
3836,2.124023e-02
3837,-2.355957e-02
3838,2.832031e-02
3839,-3.063965e-02
3840,3.430176e-02
3841,-3.564453e-02
3842,3.540039e-02
3843,-3.771973e-02
3844,3.930664e-02
3845,-3.759766e-02
3846,3.710938e-02
3847,-3.491211e-02
3848,3.405762e-02
3849,-3.002930e-02
3850,2.758789e-02
3851,-2.307129e-02
3852,2.014160e-02
3853,-1.367188e-02
3854,1.123047e-02
3855,-5.249023e-03
3856,2.441406e-03
3857,3.662109e-03
3858,-8.300781e-03
3859,1.269531e-02
3860,-1.660156e-02
3861,2.050781e-02
3862,-2.526855e-02
3863,2.844238e-02
3864,-3.137207e-02
3865,3.356934e-02
3866,-3.674316e-02
3867,3.698730e-02
3868,-3.808594e-02
3869,3.833008e-02
3870,-3.723145e-02
3871,3.796387e-02
3872,-3.491211e-02
3873,3.405762e-02
3874,-3.051758e-02
3875,2.819824e-02
3876,-2.478027e-02
3877,2.099609e-02
3878,-1.513672e-02
3879,1.110840e-02
3880,-6.591797e-03
3881,2.563477e-03
3882,3.540039e-03
3883,-7.934570e-03
3884,1.318359e-02
3885,-1.684570e-02
3886,1.940918e-02
3887,-2.514648e-02
3888,2.832031e-02
3889,-3.222656e-02
3890,3.479004e-02
3891,-3.369141e-02
3892,3.735352e-02
3893,-3.613281e-02
3894,3.808594e-02
3895,-3.747559e-02
3896,3.698730e-02
3897,-3.503418e-02
3898,3.430176e-02
3899,-3.112793e-02
3900,2.734375e-02
3901,-2.319336e-02
3902,2.026367e-02
3903,-1.623535e-02
3904,1.171875e-02
3905,-6.103516e-03
3906,1.464844e-03
3907,3.295898e-03
3908,-6.103516e-03
3909,1.098633e-02
3910,-1.611328e-02
3911,2.197266e-02
3912,-2.551270e-02
3913,2.941895e-02
3914,-3.112793e-02
3915,3.283691e-02
3916,-3.356934e-02
3917,3.649902e-02
3918,-3.747559e-02
3919,3.881836e-02
3920,-3.845215e-02
3921,3.723145e-02
3922,-3.430176e-02
3923,3.344727e-02
3924,-2.929688e-02
3925,2.819824e-02
3926,-2.307129e-02
3927,2.038574e-02
3928,-1.623535e-02
3929,1.074219e-02
3930,-6.713867e-03
3931,1.831055e-03
3932,2.685547e-03
3933,-7.568359e-03
3934,1.232910e-02
3935,-1.721191e-02
3936,2.038574e-02
3937,-2.380371e-02
3938,2.758789e-02
3939,-3.063965e-02
3940,3.527832e-02
3941,-3.625488e-02
3942,3.808594e-02
3943,-3.674316e-02
3944,3.942871e-02
3945,-3.698730e-02
3946,3.723145e-02
3947,-3.540039e-02
3948,3.332520e-02
3949,-3.063965e-02
3950,2.819824e-02
3951,-2.282715e-02
3952,2.038574e-02
3953,-1.550293e-02
3954,1.037598e-02
3955,-6.347656e-03
3956,2.441406e-03
3957,2.563477e-03
3958,-8.666992e-03
3959,1.208496e-02
3960,-1.672363e-02
3961,2.209473e-02
3962,-2.343750e-02
3963,2.844238e-02
3964,-2.966309e-02
3965,3.515625e-02
3966,-3.527832e-02
3967,3.820801e-02
3968,-3.747559e-02
3969,3.796387e-02
3970,-3.747559e-02
3971,3.686523e-02
3972,-3.430176e-02
3973,3.393555e-02
3974,-2.966309e-02
3975,2.795410e-02
3976,-2.307129e-02
3977,2.087402e-02
3978,-1.586914e-02
3979,1.147461e-02
3980,-6.591797e-03
3981,2.075195e-03
3982,4.150391e-03
3983,-8.178711e-03
3984,1.306152e-02
3985,-1.623535e-02
3986,2.111816e-02
3987,-2.416992e-02
3988,2.746582e-02
3989,-3.137207e-02
3990,3.381348e-02
3991,-3.466797e-02
3992,3.601074e-02
3993,-3.771973e-02
3994,3.930664e-02
3995,-3.796387e-02
3996,3.698730e-02
3997,-3.454590e-02
3998,3.332520e-02
3999,-3.015137e-02
4000,2.746582e-02
4001,-2.465820e-02
4002,2.038574e-02
4003,-1.550293e-02
4004,1.074219e-02
4005,-6.103516e-03
4006,7.324219e-04
4007,4.760742e-03
4008,-6.347656e-03
4009,1.293945e-02
4010,-1.733398e-02
4011,2.258301e-02
4012,-2.502441e-02
4013,2.722168e-02
4014,-2.978516e-02
4015,3.479004e-02
4016,-3.637695e-02
4017,3.808594e-02
4018,-3.674316e-02
4019,3.710938e-02
4020,-3.710938e-02
4021,3.637695e-02
4022,-3.527832e-02
4023,3.308105e-02
4024,-3.002930e-02
4025,2.722168e-02
4026,-2.343750e-02
4027,2.111816e-02
4028,-1.550293e-02
4029,1.159668e-02
4030,-6.469727e-03
4031,8.544922e-04
4032,3.662109e-03
4033,-6.591797e-03
4034,1.318359e-02
4035,-1.623535e-02
4036,2.233887e-02
4037,-2.478027e-02
4038,2.783203e-02
4039,-2.954102e-02
4040,3.430176e-02
4041,-3.576660e-02
4042,3.820801e-02
4043,-3.747559e-02
4044,3.894043e-02
4045,-3.710938e-02
4046,3.723145e-02
4047,-3.491211e-02
4048,3.417969e-02
4049,-2.929688e-02
4050,2.734375e-02
4051,-2.343750e-02
4052,2.160645e-02
4053,-1.416016e-02
4054,1.098633e-02
4055,-5.737305e-03
4056,2.807617e-03
4057,2.807617e-03
4058,-5.493164e-03
4059,1.403809e-02
4060,-1.684570e-02
4061,2.111816e-02
4062,-2.416992e-02
4063,2.844238e-02
4064,-2.954102e-02
4065,3.393555e-02
4066,-3.552246e-02
4067,3.649902e-02
4068,-3.808594e-02
4069,3.735352e-02
4070,-3.698730e-02
4071,3.698730e-02
4072,-3.454590e-02
4073,3.454590e-02
4074,-3.125000e-02
4075,2.636719e-02
4076,-2.465820e-02
4077,1.965332e-02
4078,-1.611328e-02
4079,1.098633e-02
4080,-6.713867e-03
4081,1.586914e-03
4082,4.272461e-03
4083,-7.568359e-03
4084,1.171875e-02
4085,-1.672363e-02
4086,2.087402e-02
4087,-2.526855e-02
4088,2.819824e-02
4089,-3.002930e-02
4090,3.308105e-02
4091,-3.466797e-02
4092,3.710938e-02
4093,-3.735352e-02
4094,3.820801e-02
4095,-3.710938e-02
4096,3.601074e-02
4097,-1.782227e-02
4098,2.197266e-02
4099,-2.453613e-02
4100,3.002930e-02
4101,-3.125000e-02
4102,3.552246e-02
4103,-3.649902e-02
4104,3.759766e-02
4105,-3.796387e-02
4106,3.796387e-02
4107,-3.649902e-02
4108,3.662109e-02
4109,-3.393555e-02
4110,3.417969e-02
4111,-2.758789e-02
4112,2.746582e-02
4113,-2.160645e-02
4114,2.124023e-02
4115,-1.342773e-02
4116,1.062012e-02
4117,-4.150391e-03
4118,1.708984e-03
4119,5.004883e-03
4120,-7.202148e-03
4121,1.391602e-02
4122,-1.818848e-02
4123,2.148438e-02
4124,-2.404785e-02
4125,2.868652e-02
4126,-3.149414e-02
4127,3.515625e-02
4128,-3.466797e-02
4129,3.747559e-02
4130,-3.735352e-02
4131,3.857422e-02
4132,-3.674316e-02
4133,3.613281e-02
4134,-3.308105e-02
4135,3.356934e-02
4136,-2.978516e-02
4137,2.722168e-02
4138,-2.270508e-02
4139,2.111816e-02
4140,-1.477051e-02
4141,1.135254e-02
4142,-5.126953e-03
4143,2.075195e-03
4144,3.662109e-03
4145,-8.178711e-03
4146,1.477051e-02
4147,-1.867676e-02
4148,2.270508e-02
4149,-2.453613e-02
4150,2.832031e-02
4151,-3.100586e-02
4152,3.503418e-02
4153,-3.613281e-02
4154,3.857422e-02
4155,-3.662109e-02
4156,3.894043e-02
4157,-3.698730e-02
4158,3.637695e-02
4159,-3.393555e-02
4160,3.381348e-02
4161,-2.954102e-02
4162,2.868652e-02
4163,-2.246094e-02
4164,2.087402e-02
4165,-1.306152e-02
4166,1.049805e-02
4167,-4.516602e-03
4168,1.342773e-03
4169,4.760742e-03
4170,-7.324219e-03
4171,1.464844e-02
4172,-1.745605e-02
4173,2.270508e-02
4174,-2.380371e-02
4175,2.844238e-02
4176,-2.966309e-02
4177,3.417969e-02
4178,-3.503418e-02
4179,3.845215e-02
4180,-3.747559e-02
4181,3.881836e-02
4182,-3.674316e-02
4183,3.796387e-02
4184,-3.540039e-02
4185,3.332520e-02
4186,-2.917480e-02
4187,2.783203e-02
4188,-2.148438e-02
4189,2.111816e-02
4190,-1.354980e-02
4191,1.220703e-02
4192,-3.417969e-03
4193,2.075195e-03
4194,4.516602e-03
4195,-7.446289e-03
4196,1.501465e-02
4197,-1.721191e-02
4198,2.294922e-02
4199,-2.343750e-02
4200,3.002930e-02
4201,-3.027344e-02
4202,3.479004e-02
4203,-3.564453e-02
4204,3.808594e-02
4205,-3.698730e-02
4206,3.820801e-02
4207,-3.710938e-02
4208,3.808594e-02
4209,-3.393555e-02
4210,3.393555e-02
4211,-2.807617e-02
4212,2.661133e-02
4213,-2.233887e-02
4214,2.087402e-02
4215,-1.245117e-02
4216,1.123047e-02
4217,-4.882812e-03
4218,8.544922e-04
4219,3.295898e-03
4220,-7.446289e-03
4221,1.416016e-02
4222,-1.586914e-02
4223,2.246094e-02
4224,-2.478027e-02
4225,3.063965e-02
4226,-3.039551e-02
4227,3.686523e-02
4228,-3.552246e-02
4229,3.784180e-02
4230,-3.747559e-02
4231,3.833008e-02
4232,-3.796387e-02
4233,3.735352e-02
4234,-3.393555e-02
4235,3.381348e-02
4236,-2.795410e-02
4237,2.734375e-02
4238,-2.233887e-02
4239,2.001953e-02
4240,-1.428223e-02
4241,1.245117e-02
4242,-6.469727e-03
4243,2.441406e-03
4244,5.249023e-03
4245,-8.178711e-03
4246,1.525879e-02
4247,-1.574707e-02
4248,2.343750e-02
4249,-2.563477e-02
4250,2.929688e-02
4251,-3.137207e-02
4252,3.625488e-02
4253,-3.393555e-02
4254,3.845215e-02
4255,-3.698730e-02
4256,3.845215e-02
4257,-3.601074e-02
4258,3.747559e-02
4259,-3.247070e-02
4260,3.295898e-02
4261,-2.954102e-02
4262,2.819824e-02
4263,-2.307129e-02
4264,2.062988e-02
4265,-1.403809e-02
4266,1.159668e-02
4267,-4.882812e-03
4268,2.563477e-03
4269,4.760742e-03
4270,-8.544922e-03
4271,1.464844e-02
4272,-1.623535e-02
4273,2.124023e-02
4274,-2.441406e-02
4275,2.954102e-02
4276,-3.039551e-02
4277,3.491211e-02
4278,-3.552246e-02
4279,3.747559e-02
4280,-3.771973e-02
4281,4.089355e-02
4282,-3.637695e-02
4283,3.918457e-02
4284,-3.417969e-02
4285,3.295898e-02
4286,-2.880859e-02
4287,2.783203e-02
4288,-2.258301e-02
4289,1.953125e-02
4290,-1.428223e-02
4291,1.293945e-02
4292,-4.760742e-03
4293,2.441406e-03
4294,5.615234e-03
4295,-8.300781e-03
4296,1.501465e-02
4297,-1.684570e-02
4298,2.294922e-02
4299,-2.465820e-02
4300,3.100586e-02
4301,-3.112793e-02
4302,3.564453e-02
4303,-3.417969e-02
4304,3.735352e-02
4305,-3.796387e-02
4306,4.003906e-02
4307,-3.723145e-02
4308,3.845215e-02
4309,-3.369141e-02
4310,3.234863e-02
4311,-2.929688e-02
4312,2.722168e-02
4313,-2.111816e-02
4314,1.928711e-02
4315,-1.330566e-02
4316,1.232910e-02
4317,-5.615234e-03
4318,1.831055e-03
4319,5.371094e-03
4320,-9.155273e-03
4321,1.416016e-02
4322,-1.721191e-02
4323,2.246094e-02
4324,-2.478027e-02
4325,2.832031e-02
4326,-3.051758e-02
4327,3.381348e-02
4328,-3.417969e-02
4329,3.881836e-02
4330,-3.625488e-02
4331,3.857422e-02
4332,-3.552246e-02
4333,3.820801e-02
4334,-3.356934e-02
4335,3.393555e-02
4336,-2.905273e-02
4337,2.856445e-02
4338,-2.343750e-02
4339,2.014160e-02
4340,-1.477051e-02
4341,1.074219e-02
4342,-5.249023e-03
4343,2.197266e-03
4344,3.662109e-03
4345,-8.544922e-03
4346,1.416016e-02
4347,-1.770020e-02
4348,2.258301e-02
4349,-2.478027e-02
4350,2.844238e-02
4351,-3.039551e-02
4352,3.344727e-02
4353,-3.393555e-02
4354,3.881836e-02
4355,-3.710938e-02
4356,4.003906e-02
4357,-3.649902e-02
4358,3.759766e-02
4359,-3.564453e-02
4360,3.295898e-02
4361,-2.966309e-02
4362,2.697754e-02
4363,-2.319336e-02
4364,1.989746e-02
4365,-1.550293e-02
4366,1.208496e-02
4367,-5.737305e-03
4368,2.319336e-03
4369,4.272461e-03
4370,-8.178711e-03
4371,1.354980e-02
4372,-1.757812e-02
4373,2.319336e-02
4374,-2.465820e-02
4375,2.917480e-02
4376,-3.039551e-02
4377,3.405762e-02
4378,-3.625488e-02
4379,3.784180e-02
4380,-3.710938e-02
4381,3.808594e-02
4382,-3.649902e-02
4383,3.759766e-02
4384,-3.417969e-02
4385,3.405762e-02
4386,-2.929688e-02
4387,2.685547e-02
4388,-2.246094e-02
4389,1.867676e-02
4390,-1.477051e-02
4391,1.220703e-02
4392,-6.225586e-03
4393,2.197266e-03
4394,6.103516e-03
4395,-7.446289e-03
4396,1.428223e-02
4397,-1.672363e-02
4398,2.270508e-02
4399,-2.404785e-02
4400,2.917480e-02
4401,-3.173828e-02
4402,3.320312e-02
4403,-3.552246e-02
4404,3.710938e-02
4405,-3.857422e-02
4406,3.942871e-02
4407,-3.747559e-02
4408,3.686523e-02
4409,-3.332520e-02
4410,3.491211e-02
4411,-3.125000e-02
4412,2.746582e-02
4413,-2.258301e-02
4414,1.892090e-02
4415,-1.440430e-02
4416,1.025391e-02
4417,-4.516602e-03
4418,2.197266e-03
4419,3.784180e-03
4420,-7.934570e-03
4421,1.440430e-02
4422,-1.684570e-02
4423,2.258301e-02
4424,-2.453613e-02
4425,2.966309e-02
4426,-3.100586e-02
4427,3.503418e-02
4428,-3.515625e-02
4429,3.698730e-02
4430,-3.613281e-02
4431,3.906250e-02
4432,-3.649902e-02
4433,3.796387e-02
4434,-3.442383e-02
4435,3.283691e-02
4436,-3.015137e-02
4437,2.819824e-02
4438,-2.404785e-02
4439,1.989746e-02
4440,-1.513672e-02
4441,1.062012e-02
4442,-6.225586e-03
4443,3.295898e-03
4444,4.760742e-03
4445,-8.789062e-03
4446,1.464844e-02
4447,-1.721191e-02
4448,2.221680e-02
4449,-2.404785e-02
4450,2.929688e-02
4451,-3.051758e-02
4452,3.564453e-02
4453,-3.552246e-02
4454,3.747559e-02
4455,-3.674316e-02
4456,3.881836e-02
4457,-3.796387e-02
4458,3.662109e-02
4459,-3.466797e-02
4460,3.222656e-02
4461,-2.954102e-02
4462,2.758789e-02
4463,-2.416992e-02
4464,1.965332e-02
4465,-1.550293e-02
4466,1.013184e-02
4467,-4.638672e-03
4468,1.098633e-03
4469,4.272461e-03
4470,-8.544922e-03
4471,1.318359e-02
4472,-1.708984e-02
4473,2.258301e-02
4474,-2.478027e-02
4475,2.990723e-02
4476,-3.027344e-02
4477,3.491211e-02
4478,-3.332520e-02
4479,3.723145e-02
4480,-3.723145e-02
4481,3.881836e-02
4482,-3.857422e-02
4483,3.796387e-02
4484,-3.454590e-02
4485,3.356934e-02
4486,-2.954102e-02
4487,2.734375e-02
4488,-2.331543e-02
4489,2.001953e-02
4490,-1.452637e-02
4491,1.208496e-02
4492,-5.126953e-03
4493,2.685547e-03
4494,3.295898e-03
4495,-8.422852e-03
4496,1.342773e-02
4497,-1.513672e-02
4498,2.197266e-02
4499,-2.465820e-02
4500,2.941895e-02
4501,-3.125000e-02
4502,3.454590e-02
4503,-3.649902e-02
4504,3.662109e-02
4505,-3.723145e-02
4506,3.833008e-02
4507,-3.833008e-02
4508,3.723145e-02
4509,-3.503418e-02
4510,3.308105e-02
4511,-3.027344e-02
4512,2.697754e-02
4513,-2.307129e-02
4514,1.928711e-02
4515,-1.477051e-02
4516,1.208496e-02
4517,-5.493164e-03
4518,7.324219e-04
4519,5.249023e-03
4520,-8.789062e-03
4521,1.245117e-02
4522,-1.574707e-02
4523,2.087402e-02
4524,-2.600098e-02
4525,2.917480e-02
4526,-3.125000e-02
4527,3.344727e-02
4528,-3.564453e-02
4529,3.723145e-02
4530,-3.796387e-02
4531,3.955078e-02
4532,-3.698730e-02
4533,3.649902e-02
4534,-3.356934e-02
4535,3.381348e-02
4536,-2.954102e-02
4537,2.722168e-02
4538,-2.368164e-02
4539,1.965332e-02
4540,-1.452637e-02
4541,1.062012e-02
4542,-4.516602e-03
4543,6.103516e-04
4544,4.394531e-03
4545,-7.324219e-03
4546,1.354980e-02
4547,-1.684570e-02
4548,2.148438e-02
4549,-2.514648e-02
4550,2.868652e-02
4551,-2.978516e-02
4552,3.381348e-02
4553,-3.576660e-02
4554,3.710938e-02
4555,-3.759766e-02
4556,3.833008e-02
4557,-3.710938e-02
4558,3.662109e-02
4559,-3.466797e-02
4560,3.454590e-02
4561,-3.002930e-02
4562,2.661133e-02
4563,-2.172852e-02
4564,2.014160e-02
4565,-1.489258e-02
4566,1.196289e-02
4567,-7.446289e-03
4568,1.464844e-03
4569,4.638672e-03
4570,-9.155273e-03
4571,1.354980e-02
4572,-1.721191e-02
4573,2.172852e-02
4574,-2.514648e-02
4575,2.893066e-02
4576,-3.137207e-02
4577,3.405762e-02
4578,-3.417969e-02
4579,3.784180e-02
4580,-3.759766e-02
4581,4.077148e-02
4582,-3.735352e-02
4583,3.735352e-02
4584,-3.393555e-02
4585,3.332520e-02
4586,-3.112793e-02
4587,2.795410e-02
4588,-2.282715e-02
4589,2.001953e-02
4590,-1.513672e-02
4591,1.135254e-02
4592,-4.638672e-03
4593,1.708984e-03
4594,3.051758e-03
4595,-6.835938e-03
4596,1.306152e-02
4597,-1.672363e-02
4598,2.111816e-02
4599,-2.478027e-02
4600,3.002930e-02
4601,-3.137207e-02
4602,3.515625e-02
4603,-3.503418e-02
4604,3.894043e-02
4605,-3.674316e-02
4606,3.918457e-02
4607,-3.637695e-02
4608,3.698730e-02
4609,-3.491211e-02
4610,3.442383e-02
4611,-3.027344e-02
4612,2.746582e-02
4613,-2.307129e-02
4614,2.001953e-02
4615,-1.525879e-02
4616,1.135254e-02
4617,-5.859375e-03
4618,1.464844e-03
4619,4.028320e-03
4620,-7.202148e-03
4621,1.257324e-02
4622,-1.708984e-02
4623,2.172852e-02
4624,-2.514648e-02
4625,2.795410e-02
4626,-2.941895e-02
4627,3.503418e-02
4628,-3.503418e-02
4629,3.723145e-02
4630,-3.674316e-02
4631,3.906250e-02
4632,-3.649902e-02
4633,3.796387e-02
4634,-3.466797e-02
4635,3.393555e-02
4636,-2.954102e-02
4637,2.807617e-02
4638,-2.343750e-02
4639,1.953125e-02
4640,-1.452637e-02
4641,1.171875e-02
4642,-6.225586e-03
4643,7.324219e-04
4644,3.784180e-03
4645,-7.934570e-03
4646,1.232910e-02
4647,-1.586914e-02
4648,2.087402e-02
4649,-2.404785e-02
4650,2.990723e-02
4651,-3.063965e-02
4652,3.454590e-02
4653,-3.601074e-02
4654,3.735352e-02
4655,-3.771973e-02
4656,3.796387e-02
4657,-3.601074e-02
4658,3.747559e-02
4659,-3.393555e-02
4660,3.356934e-02
4661,-3.039551e-02
4662,2.795410e-02
4663,-2.331543e-02
4664,1.989746e-02
4665,-1.428223e-02
4666,1.000977e-02
4667,-5.493164e-03
4668,2.441406e-03
4669,4.394531e-03
4670,-6.591797e-03
4671,1.391602e-02
4672,-1.721191e-02
4673,2.246094e-02
4674,-2.465820e-02
4675,2.844238e-02
4676,-3.100586e-02
4677,3.503418e-02
4678,-3.454590e-02
4679,3.820801e-02
4680,-3.601074e-02
4681,3.918457e-02
4682,-3.747559e-02
4683,3.759766e-02
4684,-3.405762e-02
4685,3.320312e-02
4686,-2.917480e-02
4687,2.856445e-02
4688,-2.270508e-02
4689,2.124023e-02
4690,-1.367188e-02
4691,1.037598e-02
4692,-5.737305e-03
4693,2.441406e-03
4694,4.516602e-03
4695,-7.690430e-03
4696,1.367188e-02
4697,-1.708984e-02
4698,2.111816e-02
4699,-2.441406e-02
4700,2.856445e-02
4701,-3.112793e-02
4702,3.417969e-02
4703,-3.735352e-02
4704,3.857422e-02
4705,-3.771973e-02
4706,3.808594e-02
4707,-3.698730e-02
4708,3.686523e-02
4709,-3.491211e-02
4710,3.405762e-02
4711,-2.941895e-02
4712,2.648926e-02
4713,-2.221680e-02
4714,1.928711e-02
4715,-1.464844e-02
4716,1.147461e-02
4717,-5.615234e-03
4718,2.075195e-03
4719,3.540039e-03
4720,-7.690430e-03
4721,1.269531e-02
4722,-1.708984e-02
4723,2.246094e-02
4724,-2.478027e-02
4725,2.917480e-02
4726,-3.051758e-02
4727,3.454590e-02
4728,-3.601074e-02
4729,3.686523e-02
4730,-3.698730e-02
4731,3.796387e-02
4732,-3.869629e-02
4733,3.662109e-02
4734,-3.491211e-02
4735,3.308105e-02
4736,-3.076172e-02
4737,2.758789e-02
4738,-2.355957e-02
4739,1.989746e-02
4740,-1.647949e-02
4741,1.123047e-02
4742,-6.225586e-03
4743,1.708984e-03
4744,5.249023e-03
4745,-7.934570e-03
4746,1.354980e-02
4747,-1.574707e-02
4748,2.221680e-02
4749,-2.502441e-02
4750,2.819824e-02
4751,-3.051758e-02
4752,3.332520e-02
4753,-3.637695e-02
4754,3.747559e-02
4755,-3.869629e-02
4756,3.894043e-02
4757,-3.808594e-02
4758,3.698730e-02
4759,-3.332520e-02
4760,3.430176e-02
4761,-2.880859e-02
4762,2.832031e-02
4763,-2.172852e-02
4764,1.831055e-02
4765,-1.367188e-02
4766,1.269531e-02
4767,-5.737305e-03
4768,3.173828e-03
4769,3.540039e-03
4770,-7.568359e-03
4771,1.220703e-02
4772,-1.672363e-02
4773,2.197266e-02
4774,-2.465820e-02
4775,3.002930e-02
4776,-2.978516e-02
4777,3.417969e-02
4778,-3.552246e-02
4779,3.710938e-02
4780,-3.735352e-02
4781,3.894043e-02
4782,-3.649902e-02
4783,3.625488e-02
4784,-3.405762e-02
4785,3.320312e-02
4786,-2.978516e-02
4787,2.868652e-02
4788,-2.209473e-02
4789,2.026367e-02
4790,-1.525879e-02
4791,1.049805e-02
4792,-5.737305e-03
4793,1.708984e-03
4794,3.662109e-03
4795,-7.690430e-03
4796,1.330566e-02
4797,-1.611328e-02
4798,2.062988e-02
4799,2.001953e-02
4800,-1.440430e-02
4801,1.074219e-02
4802,-5.249023e-03
4803,1.464844e-03
4804,5.249023e-03
4805,-7.324219e-03
4806,1.354980e-02
4807,-1.721191e-02
4808,2.111816e-02
4809,-2.539062e-02
4810,3.027344e-02
4811,-3.112793e-02
4812,3.405762e-02
4813,-3.503418e-02
4814,3.613281e-02
4815,-3.723145e-02
4816,3.796387e-02
4817,-3.662109e-02
4818,3.796387e-02
4819,-3.430176e-02
4820,3.356934e-02
4821,-3.002930e-02
4822,2.624512e-02
4823,-2.368164e-02
4824,1.806641e-02
4825,-1.452637e-02
4826,1.049805e-02
4827,-6.713867e-03
4828,2.197266e-03
4829,3.784180e-03
4830,-8.300781e-03
4831,1.452637e-02
4832,-1.672363e-02
4833,2.270508e-02
4834,-2.514648e-02
4835,2.954102e-02
4836,-3.161621e-02
4837,3.515625e-02
4838,-3.564453e-02
4839,3.833008e-02
4840,-3.771973e-02
4841,3.784180e-02
4842,-3.735352e-02
4843,3.723145e-02
4844,-3.442383e-02
4845,3.356934e-02
4846,-2.954102e-02
4847,2.758789e-02
4848,-2.270508e-02
4849,2.099609e-02
4850,-1.586914e-02
4851,1.196289e-02
4852,-5.249023e-03
4853,0.000000e+00
4854,5.493164e-03
4855,-8.789062e-03
4856,1.416016e-02
4857,-1.782227e-02
4858,2.197266e-02
4859,-2.380371e-02
4860,2.893066e-02
4861,-3.125000e-02
4862,3.417969e-02
4863,-3.527832e-02
4864,3.723145e-02
4865,-3.771973e-02
4866,3.759766e-02
4867,-3.857422e-02
4868,3.698730e-02
4869,-3.393555e-02
4870,3.186035e-02
4871,-2.954102e-02
4872,2.587891e-02
4873,-2.380371e-02
4874,2.001953e-02
4875,-1.611328e-02
4876,1.098633e-02
4877,-5.615234e-03
4878,1.464844e-03
4879,3.784180e-03
4880,-8.789062e-03
4881,1.171875e-02
4882,-1.867676e-02
4883,2.124023e-02
4884,-2.551270e-02
4885,2.795410e-02
4886,-3.234863e-02
4887,3.393555e-02
4888,-3.564453e-02
4889,3.601074e-02
4890,-3.771973e-02
4891,3.747559e-02
4892,-3.698730e-02
4893,3.710938e-02
4894,-3.466797e-02
4895,3.332520e-02
4896,-2.954102e-02
4897,2.758789e-02
4898,-2.355957e-02
4899,2.050781e-02
4900,-1.513672e-02
4901,9.521484e-03
4902,-6.225586e-03
4903,1.342773e-03
4904,4.272461e-03
4905,-9.643555e-03
4906,1.342773e-02
4907,-1.745605e-02
4908,2.136230e-02
4909,-2.551270e-02
4910,2.893066e-02
4911,-3.161621e-02
4912,3.405762e-02
4913,-3.698730e-02
4914,3.735352e-02
4915,-3.942871e-02
4916,3.796387e-02
4917,-3.735352e-02
4918,3.613281e-02
4919,-3.393555e-02
4920,3.283691e-02
4921,-2.954102e-02
4922,2.587891e-02
4923,-2.270508e-02
4924,2.026367e-02
4925,-1.416016e-02
4926,1.147461e-02
4927,-6.591797e-03
4928,3.173828e-03
4929,4.028320e-03
4930,-8.300781e-03
4931,1.293945e-02
4932,-1.745605e-02
4933,2.148438e-02
4934,-2.514648e-02
4935,2.868652e-02
4936,-3.173828e-02
4937,3.393555e-02
4938,-3.576660e-02
4939,3.710938e-02
4940,-3.698730e-02
4941,3.808594e-02
4942,-3.723145e-02
4943,3.662109e-02
4944,-3.564453e-02
4945,3.295898e-02
4946,-3.027344e-02
4947,2.661133e-02
4948,-2.270508e-02
4949,1.818848e-02
4950,-1.586914e-02
4951,1.037598e-02
4952,-7.202148e-03
4953,1.586914e-03
4954,3.051758e-03
4955,-9.765625e-03
4956,1.293945e-02
4957,-1.782227e-02
4958,2.087402e-02
4959,-2.502441e-02
4960,2.844238e-02
4961,-3.247070e-02
4962,3.430176e-02
4963,-3.649902e-02
4964,3.747559e-02
4965,-3.698730e-02
4966,3.796387e-02
4967,-3.735352e-02
4968,3.662109e-02
4969,-3.503418e-02
4970,3.320312e-02
4971,-2.966309e-02
4972,2.685547e-02
4973,-2.258301e-02
4974,1.989746e-02
4975,-1.513672e-02
4976,1.025391e-02
4977,-6.347656e-03
4978,1.708984e-03
4979,3.662109e-03
4980,-8.300781e-03
4981,1.318359e-02
4982,-1.745605e-02
4983,2.197266e-02
4984,-2.465820e-02
4985,2.905273e-02
4986,-3.051758e-02
4987,3.405762e-02
4988,-3.540039e-02
4989,3.637695e-02
4990,-3.869629e-02
4991,3.735352e-02
4992,-3.759766e-02
4993,3.637695e-02
4994,-3.552246e-02
4995,3.283691e-02
4996,-3.076172e-02
4997,2.587891e-02
4998,-2.343750e-02
4999,1.818848e-02
5000,-1.635742e-02
5001,1.037598e-02
5002,-6.591797e-03
5003,0.000000e+00
5004,3.662109e-03
5005,-8.666992e-03
5006,1.257324e-02
5007,-1.672363e-02
5008,2.124023e-02
5009,-2.539062e-02
5010,2.990723e-02
5011,-3.247070e-02
5012,3.247070e-02
5013,-3.601074e-02
5014,3.625488e-02
5015,-3.796387e-02
5016,3.857422e-02
5017,-3.833008e-02
5018,3.662109e-02
5019,-3.454590e-02
5020,3.344727e-02
5021,-3.076172e-02
5022,2.648926e-02
5023,-2.404785e-02
5024,1.843262e-02
5025,-1.513672e-02
5026,1.196289e-02
5027,-4.272461e-03
5028,1.708984e-03
5029,5.615234e-03
5030,-7.446289e-03
5031,1.245117e-02
5032,-1.611328e-02
5033,1.953125e-02
5034,-2.368164e-02
5035,2.929688e-02
5036,-3.149414e-02
5037,3.454590e-02
5038,-3.735352e-02
5039,3.723145e-02
5040,-3.735352e-02
5041,3.735352e-02
5042,-3.625488e-02
5043,3.601074e-02
5044,-3.625488e-02
5045,3.405762e-02
5046,-3.039551e-02
5047,2.697754e-02
5048,-2.380371e-02
5049,1.757812e-02
5050,-1.525879e-02
5051,1.098633e-02
5052,-7.080078e-03
5053,1.342773e-03
5054,3.417969e-03
5055,-8.911133e-03
5056,1.232910e-02
5057,-1.538086e-02
5058,2.087402e-02
5059,-2.624512e-02
5060,2.856445e-02
5061,-3.076172e-02
5062,3.308105e-02
5063,-3.491211e-02
5064,3.833008e-02
5065,-3.710938e-02
5066,3.747559e-02
5067,-3.710938e-02
5068,3.564453e-02
5069,-3.369141e-02
5070,3.356934e-02
5071,-3.002930e-02
5072,2.685547e-02
5073,-2.209473e-02
5074,1.855469e-02
5075,-1.525879e-02
5076,1.147461e-02
5077,-6.713867e-03
5078,1.464844e-03
5079,3.295898e-03
5080,-8.178711e-03
5081,1.257324e-02
5082,-1.806641e-02
5083,2.160645e-02
5084,-2.575684e-02
5085,2.795410e-02
5086,-3.125000e-02
5087,3.527832e-02
5088,-3.576660e-02
5089,3.784180e-02
5090,-3.796387e-02
5091,3.808594e-02
5092,-3.723145e-02
5093,3.637695e-02
5094,-3.466797e-02
5095,3.308105e-02
5096,-2.856445e-02
5097,2.783203e-02
5098,-2.355957e-02
5099,2.087402e-02
5100,-1.574707e-02
5101,1.013184e-02
5102,-5.737305e-03
5103,1.098633e-03
5104,2.441406e-03
5105,-7.080078e-03
5106,1.391602e-02
5107,-1.770020e-02
5108,2.233887e-02
5109,-2.453613e-02
5110,2.795410e-02
5111,-3.051758e-02
5112,3.491211e-02
5113,-3.625488e-02
5114,3.564453e-02
5115,-3.698730e-02
5116,3.833008e-02
5117,-3.845215e-02
5118,3.747559e-02
5119,-3.625488e-02
5120,3.283691e-02
5121,-3.039551e-02
5122,2.685547e-02
5123,-2.258301e-02
5124,1.916504e-02
5125,-1.562500e-02
5126,1.062012e-02
5127,-5.859375e-03
5128,8.544922e-04
5129,3.662109e-03
5130,-7.690430e-03
5131,1.232910e-02
5132,-1.831055e-02
5133,2.209473e-02
5134,-2.502441e-02
5135,2.893066e-02
5136,-2.929688e-02
5137,3.405762e-02
5138,-3.417969e-02
5139,3.784180e-02
5140,-3.735352e-02
5141,3.906250e-02
5142,-3.723145e-02
5143,3.796387e-02
5144,-3.503418e-02
5145,3.247070e-02
5146,-2.929688e-02
5147,2.746582e-02
5148,-2.355957e-02
5149,2.148438e-02
5150,-1.525879e-02
5151,1.147461e-02
5152,-5.493164e-03
5153,1.708984e-03
5154,4.394531e-03
5155,-8.911133e-03
5156,1.318359e-02
5157,-1.782227e-02
5158,2.160645e-02
5159,-2.551270e-02
5160,2.954102e-02
5161,-3.027344e-02
5162,3.332520e-02
5163,-3.552246e-02
5164,3.735352e-02
5165,-3.906250e-02
5166,3.698730e-02
5167,-3.662109e-02
5168,3.649902e-02
5169,-3.491211e-02
5170,3.295898e-02
5171,-3.051758e-02
5172,2.734375e-02
5173,-2.380371e-02
5174,2.087402e-02
5175,-1.440430e-02
5176,1.049805e-02
5177,-6.225586e-03
5178,1.342773e-03
5179,3.540039e-03
5180,-7.568359e-03
5181,1.354980e-02
5182,-1.721191e-02
5183,2.331543e-02
5184,-2.612305e-02
5185,2.783203e-02
5186,-3.051758e-02
5187,3.320312e-02
5188,-3.454590e-02
5189,3.796387e-02
5190,-3.759766e-02
5191,3.735352e-02
5192,-3.649902e-02
5193,3.588867e-02
5194,-3.540039e-02
5195,3.247070e-02
5196,-3.039551e-02
5197,2.783203e-02
5198,-2.343750e-02
5199,1.953125e-02
5200,-1.477051e-02
5201,1.037598e-02
5202,-6.591797e-03
5203,1.342773e-03
5204,3.662109e-03
5205,-7.324219e-03
5206,1.330566e-02
5207,-1.708984e-02
5208,2.087402e-02
5209,-2.368164e-02
5210,2.966309e-02
5211,-3.247070e-02
5212,3.393555e-02
5213,-3.601074e-02
5214,3.759766e-02
5215,-3.723145e-02
5216,3.881836e-02
5217,-3.625488e-02
5218,3.735352e-02
5219,-3.576660e-02
5220,3.259277e-02
5221,-3.063965e-02
5222,2.697754e-02
5223,-2.404785e-02
5224,2.001953e-02
5225,-1.489258e-02
5226,1.147461e-02
5227,-5.126953e-03
5228,1.464844e-03
5229,4.394531e-03
5230,-8.178711e-03
5231,1.367188e-02
5232,-1.660156e-02
5233,2.124023e-02
5234,-2.600098e-02
5235,2.905273e-02
5236,-2.966309e-02
5237,3.454590e-02
5238,-3.613281e-02
5239,3.796387e-02
5240,-3.674316e-02
5241,3.918457e-02
5242,-3.747559e-02
5243,3.625488e-02
5244,-3.527832e-02
5245,3.308105e-02
5246,-3.076172e-02
5247,2.807617e-02
5248,-2.282715e-02
5249,1.953125e-02
5250,-1.525879e-02
5251,1.123047e-02
5252,-6.103516e-03
5253,1.098633e-03
5254,5.126953e-03
5255,-8.300781e-03
5256,1.367188e-02
5257,-1.660156e-02
5258,2.172852e-02
5259,-2.575684e-02
5260,2.966309e-02
5261,-3.149414e-02
5262,3.320312e-02
5263,-3.564453e-02
5264,3.747559e-02
5265,-3.942871e-02
5266,3.784180e-02
5267,-3.894043e-02
5268,3.698730e-02
5269,-3.454590e-02
5270,3.332520e-02
5271,-2.929688e-02
5272,2.746582e-02
5273,-2.319336e-02
5274,2.026367e-02
5275,-1.525879e-02
5276,1.025391e-02
5277,-5.493164e-03
5278,1.586914e-03
5279,2.807617e-03
5280,-7.080078e-03
5281,1.196289e-02
5282,-1.782227e-02
5283,2.221680e-02
5284,-2.697754e-02
5285,2.868652e-02
5286,-3.076172e-02
5287,3.430176e-02
5288,-3.527832e-02
5289,3.723145e-02
5290,-3.771973e-02
5291,3.906250e-02
5292,-3.674316e-02
5293,3.625488e-02
5294,-3.356934e-02
5295,3.405762e-02
5296,-2.941895e-02
5297,2.783203e-02
5298,-2.233887e-02
5299,2.050781e-02
5300,-1.452637e-02
5301,1.171875e-02
5302,-6.103516e-03
5303,6.103516e-04
5304,4.150391e-03
5305,-8.789062e-03
5306,1.196289e-02
5307,-1.745605e-02
5308,2.111816e-02
5309,-2.600098e-02
5310,2.868652e-02
5311,-3.112793e-02
5312,3.356934e-02
5313,-3.552246e-02
5314,3.796387e-02
5315,-3.918457e-02
5316,3.833008e-02
5317,-3.759766e-02
5318,3.784180e-02
5319,-3.601074e-02
5320,3.320312e-02
5321,-3.027344e-02
5322,2.758789e-02
5323,-2.258301e-02
5324,2.099609e-02
5325,-1.464844e-02
5326,1.074219e-02
5327,-6.713867e-03
5328,1.220703e-03
5329,2.807617e-03
5330,-6.103516e-03
5331,1.123047e-02
5332,-1.855469e-02
5333,2.160645e-02
5334,-2.563477e-02
5335,2.758789e-02
5336,-3.161621e-02
5337,3.442383e-02
5338,-3.723145e-02
5339,3.735352e-02
5340,-3.820801e-02
5341,3.723145e-02
5342,-3.808594e-02
5343,3.540039e-02
5344,-3.552246e-02
5345,3.112793e-02
5346,-2.941895e-02
5347,2.697754e-02
5348,-2.380371e-02
5349,1.953125e-02
5350,-1.489258e-02
5351,1.147461e-02
5352,-4.760742e-03
5353,2.441406e-03
5354,3.662109e-03
5355,-6.591797e-03
5356,1.257324e-02
5357,-1.733398e-02
5358,2.221680e-02
5359,-2.624512e-02
5360,2.856445e-02
5361,-3.137207e-02
5362,3.308105e-02
5363,-3.601074e-02
5364,3.747559e-02
5365,-3.808594e-02
5366,3.991699e-02
5367,-3.698730e-02
5368,3.723145e-02
5369,-3.466797e-02
5370,3.356934e-02
5371,-2.954102e-02
5372,2.819824e-02
5373,-2.343750e-02
5374,2.001953e-02
5375,-1.611328e-02
5376,1.013184e-02
5377,-7.446289e-03
5378,2.319336e-03
5379,4.150391e-03
5380,-8.544922e-03
5381,1.354980e-02
5382,-1.708984e-02
5383,2.136230e-02
5384,-2.429199e-02
5385,2.868652e-02
5386,-3.015137e-02
5387,3.405762e-02
5388,-3.637695e-02
5389,3.613281e-02
5390,-3.820801e-02
5391,3.796387e-02
5392,-3.625488e-02
5393,3.796387e-02
5394,-3.515625e-02
5395,3.381348e-02
5396,-2.978516e-02
5397,2.758789e-02
5398,-2.319336e-02
5399,2.014160e-02
5400,-1.452637e-02
5401,1.025391e-02
5402,-5.859375e-03
5403,2.319336e-03
5404,3.417969e-03
5405,-6.225586e-03
5406,1.257324e-02
5407,-1.623535e-02
5408,2.111816e-02
5409,-2.270508e-02
5410,2.917480e-02
5411,-3.125000e-02
5412,3.515625e-02
5413,-3.540039e-02
5414,3.649902e-02
5415,-3.723145e-02
5416,3.759766e-02
5417,-3.710938e-02
5418,3.735352e-02
5419,-3.540039e-02
5420,3.417969e-02
5421,-2.978516e-02
5422,2.697754e-02
5423,-2.258301e-02
5424,2.038574e-02
5425,-1.538086e-02
5426,1.123047e-02
5427,-6.835938e-03
5428,1.342773e-03
5429,3.417969e-03
5430,-7.324219e-03
5431,1.171875e-02
5432,-1.684570e-02
5433,2.148438e-02
5434,-2.551270e-02
5435,2.868652e-02
5436,-3.125000e-02
5437,3.356934e-02
5438,-3.710938e-02
5439,3.540039e-02
5440,-3.710938e-02
5441,3.698730e-02
5442,-3.771973e-02
5443,3.808594e-02
5444,-3.564453e-02
5445,3.308105e-02
5446,-3.027344e-02
5447,2.807617e-02
5448,-2.307129e-02
5449,2.014160e-02
5450,-1.403809e-02
5451,1.123047e-02
5452,-5.615234e-03
5453,1.342773e-03
5454,3.662109e-03
5455,-7.568359e-03
5456,1.171875e-02
5457,-1.806641e-02
5458,2.160645e-02
5459,-2.539062e-02
5460,2.905273e-02
5461,-2.941895e-02
5462,3.405762e-02
5463,-3.613281e-02
5464,3.662109e-02
5465,-3.808594e-02
5466,3.735352e-02
5467,-3.820801e-02
5468,3.747559e-02
5469,-3.466797e-02
5470,3.332520e-02
5471,-3.027344e-02
5472,2.795410e-02
5473,-2.270508e-02
5474,1.940918e-02
5475,-1.403809e-02
5476,1.049805e-02
5477,-6.347656e-03
5478,1.708984e-03
5479,3.784180e-03
5480,-8.422852e-03
5481,1.367188e-02
5482,-1.635742e-02
5483,2.136230e-02
5484,-2.319336e-02
5485,2.832031e-02
5486,-3.027344e-02
5487,3.479004e-02
5488,-3.637695e-02
5489,3.710938e-02
5490,-3.869629e-02
5491,3.808594e-02
5492,-3.845215e-02
5493,3.613281e-02
5494,-3.576660e-02
5495,3.320312e-02
5496,-3.112793e-02
5497,2.734375e-02
5498,-2.331543e-02
5499,2.001953e-02
5500,-1.574707e-02
5501,1.232910e-02
5502,-6.713867e-03
5503,1.342773e-03
5504,3.540039e-03
5505,-9.155273e-03
5506,1.306152e-02
5507,-1.647949e-02
5508,2.148438e-02
5509,-2.453613e-02
5510,2.832031e-02
5511,-3.173828e-02
5512,3.491211e-02
5513,-3.564453e-02
5514,3.710938e-02
5515,-3.698730e-02
5516,3.784180e-02
5517,-3.747559e-02
5518,3.649902e-02
5519,-3.540039e-02
5520,3.430176e-02
5521,-3.039551e-02
5522,2.807617e-02
5523,-2.319336e-02
5524,1.953125e-02
5525,-1.586914e-02
5526,1.110840e-02
5527,-7.080078e-03
5528,1.098633e-03
5529,3.295898e-03
5530,-7.446289e-03
5531,1.159668e-02
5532,-1.611328e-02
5533,2.136230e-02
5534,-2.453613e-02
5535,2.783203e-02
5536,-3.063965e-02
5537,3.308105e-02
5538,-3.625488e-02
5539,3.698730e-02
5540,-3.710938e-02
5541,3.845215e-02
5542,-3.674316e-02
5543,3.698730e-02
5544,-3.515625e-02
5545,3.295898e-02
5546,-2.966309e-02
5547,2.697754e-02
5548,-2.478027e-02
5549,2.014160e-02
5550,-1.477051e-02
5551,1.074219e-02
5552,-7.202148e-03
5553,1.464844e-03
5554,3.173828e-03
5555,-9.643555e-03
5556,1.330566e-02
5557,-1.708984e-02
5558,2.038574e-02
5559,-2.319336e-02
5560,2.746582e-02
5561,-3.149414e-02
5562,3.356934e-02
5563,-3.613281e-02
5564,3.723145e-02
5565,-3.833008e-02
5566,3.906250e-02
5567,-3.820801e-02
5568,3.698730e-02
5569,-3.625488e-02
5570,3.198242e-02
5571,-3.027344e-02
5572,2.600098e-02
5573,-2.416992e-02
5574,2.111816e-02
5575,-1.647949e-02
5576,1.037598e-02
5577,-6.469727e-03
5578,1.464844e-03
5579,2.075195e-03
5580,-8.422852e-03
5581,1.232910e-02
5582,-1.733398e-02
5583,2.197266e-02
5584,-2.441406e-02
5585,2.807617e-02
5586,-3.039551e-02
5587,3.344727e-02
5588,-3.503418e-02
5589,3.637695e-02
5590,-3.906250e-02
5591,3.881836e-02
5592,-3.710938e-02
5593,3.637695e-02
5594,-3.405762e-02
5595,3.393555e-02
5596,-2.905273e-02
5597,2.685547e-02
5598,-2.465820e-02
5599,1.928711e-02
5600,-1.721191e-02
5601,9.643555e-03
5602,-7.080078e-03
5603,2.441406e-04
5604,3.051758e-03
5605,-7.690430e-03
5606,1.196289e-02
5607,-1.647949e-02
5608,2.160645e-02
5609,-2.526855e-02
5610,2.832031e-02
5611,-3.100586e-02
5612,3.430176e-02
5613,-3.564453e-02
5614,3.723145e-02
5615,-3.771973e-02
5616,3.796387e-02
5617,-3.857422e-02
5618,3.649902e-02
5619,-3.466797e-02
5620,3.295898e-02
5621,-2.966309e-02
5622,2.868652e-02
5623,-2.416992e-02
5624,2.014160e-02
5625,-1.525879e-02
5626,1.135254e-02
5627,-6.469727e-03
5628,2.563477e-03
5629,2.563477e-03
5630,-8.789062e-03
5631,1.135254e-02
5632,-1.660156e-02
5633,2.124023e-02
5634,-2.441406e-02
5635,2.868652e-02
5636,-3.149414e-02
5637,3.393555e-02
5638,-3.601074e-02
5639,3.759766e-02
5640,-3.833008e-02
5641,3.784180e-02
5642,-3.771973e-02
5643,3.723145e-02
5644,-3.491211e-02
5645,3.283691e-02
5646,-3.076172e-02
5647,2.648926e-02
5648,-2.465820e-02
5649,2.038574e-02
5650,-1.647949e-02
5651,1.110840e-02
5652,-6.713867e-03
5653,3.662109e-04
5654,3.051758e-03
5655,-7.812500e-03
5656,1.318359e-02
5657,-1.647949e-02
5658,2.136230e-02
5659,-2.416992e-02
5660,2.868652e-02
5661,-3.112793e-02
5662,3.491211e-02
5663,-3.564453e-02
5664,3.735352e-02
5665,-3.796387e-02
5666,3.845215e-02
5667,-3.759766e-02
5668,3.625488e-02
5669,-3.454590e-02
5670,3.295898e-02
5671,-3.076172e-02
5672,2.734375e-02
5673,-2.270508e-02
5674,1.965332e-02
5675,-1.489258e-02
5676,1.123047e-02
5677,-5.371094e-03
5678,2.319336e-03
5679,2.807617e-03
5680,-7.202148e-03
5681,1.257324e-02
5682,-1.611328e-02
5683,2.124023e-02
5684,-2.478027e-02
5685,2.966309e-02
5686,-3.149414e-02
5687,3.234863e-02
5688,-3.576660e-02
5689,3.588867e-02
5690,-3.698730e-02
5691,3.808594e-02
5692,-3.771973e-02
5693,3.723145e-02
5694,-3.552246e-02
5695,3.161621e-02
5696,-3.271484e-02
5697,2.685547e-02
5698,-2.502441e-02
5699,2.038574e-02
5700,-1.574707e-02
5701,1.049805e-02
5702,-5.737305e-03
5703,1.220703e-03
5704,3.051758e-03
5705,-7.934570e-03
5706,1.171875e-02
5707,-1.684570e-02
5708,2.099609e-02
5709,-2.355957e-02
5710,2.807617e-02
5711,-3.247070e-02
5712,3.552246e-02
5713,-3.747559e-02
5714,3.625488e-02
5715,-3.808594e-02
5716,3.649902e-02
5717,-3.723145e-02
5718,3.747559e-02
5719,-3.601074e-02
5720,3.320312e-02
5721,-2.978516e-02
5722,2.551270e-02
5723,-2.331543e-02
5724,1.904297e-02
5725,-1.611328e-02
5726,1.245117e-02
5727,-7.446289e-03
5728,2.319336e-03
5729,1.708984e-03
5730,-7.568359e-03
5731,1.342773e-02
5732,-1.684570e-02
5733,2.197266e-02
5734,-2.526855e-02
5735,2.905273e-02
5736,-3.137207e-02
5737,3.320312e-02
5738,-3.442383e-02
5739,3.723145e-02
5740,-3.894043e-02
5741,3.918457e-02
5742,-3.771973e-02
5743,3.564453e-02
5744,-3.466797e-02
5745,3.222656e-02
5746,-3.027344e-02
5747,2.661133e-02
5748,-2.380371e-02
5749,1.940918e-02
5750,-1.538086e-02
5751,1.232910e-02
5752,-8.300781e-03
5753,2.075195e-03
5754,2.563477e-03
5755,-7.934570e-03
5756,1.306152e-02
5757,-1.708984e-02
5758,2.160645e-02
5759,-2.636719e-02
5760,2.917480e-02
5761,-3.149414e-02
5762,3.332520e-02
5763,-3.698730e-02
5764,3.649902e-02
5765,-3.833008e-02
5766,3.820801e-02
5767,-3.759766e-02
5768,3.527832e-02
5769,-3.540039e-02
5770,3.393555e-02
5771,-3.039551e-02
5772,2.709961e-02
5773,-2.429199e-02
5774,2.014160e-02
5775,-1.623535e-02
5776,1.123047e-02
5777,-6.835938e-03
5778,1.586914e-03
5779,1.708984e-03
5780,-8.544922e-03
5781,1.196289e-02
5782,-1.757812e-02
5783,2.026367e-02
5784,-2.514648e-02
5785,2.758789e-02
5786,-3.137207e-02
5787,3.344727e-02
5788,-3.747559e-02
5789,3.601074e-02
5790,-3.796387e-02
5791,3.808594e-02
5792,-3.771973e-02
5793,3.601074e-02
5794,-3.442383e-02
5795,3.320312e-02
5796,-3.076172e-02
5797,2.709961e-02
5798,-2.355957e-02
5799,1.916504e-02
5800,-1.611328e-02
5801,1.171875e-02
5802,-7.080078e-03
5803,1.342773e-03
5804,3.784180e-03
5805,-7.080078e-03
5806,1.196289e-02
5807,-1.721191e-02
5808,2.172852e-02
5809,-2.478027e-02
5810,2.929688e-02
5811,-3.149414e-02
5812,3.356934e-02
5813,-3.527832e-02
5814,3.625488e-02
5815,-3.820801e-02
5816,3.857422e-02
5817,-3.820801e-02
5818,3.698730e-02
5819,-3.430176e-02
5820,3.417969e-02
5821,-3.100586e-02
5822,2.758789e-02
5823,-2.307129e-02
5824,2.062988e-02
5825,-1.574707e-02
5826,1.147461e-02
5827,-6.835938e-03
5828,2.441406e-03
5829,3.417969e-03
5830,-7.446289e-03
5831,1.232910e-02
5832,-1.721191e-02
5833,1.989746e-02
5834,-2.441406e-02
5835,2.832031e-02
5836,-3.198242e-02
5837,3.332520e-02
5838,-3.625488e-02
5839,3.710938e-02
5840,-3.845215e-02
5841,3.906250e-02
5842,-3.747559e-02
5843,3.601074e-02
5844,-3.601074e-02
5845,3.332520e-02
5846,-3.063965e-02
5847,2.868652e-02
5848,-2.343750e-02
5849,1.953125e-02
5850,-1.489258e-02
5851,1.110840e-02
5852,-5.859375e-03
5853,2.685547e-03
5854,1.831055e-03
5855,-8.178711e-03
5856,1.074219e-02
5857,-1.770020e-02
5858,2.062988e-02
5859,-2.465820e-02
5860,2.783203e-02
5861,-3.320312e-02
5862,3.479004e-02
5863,-3.796387e-02
5864,3.637695e-02
5865,-3.576660e-02
5866,3.808594e-02
5867,-3.710938e-02
5868,3.735352e-02
5869,-3.454590e-02
5870,3.393555e-02
5871,-2.954102e-02
5872,2.612305e-02
5873,-2.343750e-02
5874,1.916504e-02
5875,-1.623535e-02
5876,1.245117e-02
5877,-6.225586e-03
5878,3.540039e-03
5879,1.342773e-03
5880,-8.544922e-03
5881,1.330566e-02
5882,-1.757812e-02
5883,2.038574e-02
5884,-2.441406e-02
5885,2.807617e-02
5886,-3.063965e-02
5887,3.540039e-02
5888,-3.540039e-02
5889,3.698730e-02
5890,-3.771973e-02
5891,3.808594e-02
5892,-3.771973e-02
5893,3.759766e-02
5894,-3.515625e-02
5895,3.308105e-02
5896,-3.063965e-02
5897,2.636719e-02
5898,-2.404785e-02
5899,2.172852e-02
5900,-1.477051e-02
5901,1.147461e-02
5902,-5.249023e-03
5903,2.685547e-03
5904,3.540039e-03
5905,-7.080078e-03
5906,1.159668e-02
5907,-1.647949e-02
5908,2.148438e-02
5909,-2.551270e-02
5910,2.856445e-02
5911,-3.161621e-02
5912,3.259277e-02
5913,-3.601074e-02
5914,3.735352e-02
5915,-3.894043e-02
5916,3.710938e-02
5917,-3.735352e-02
5918,3.747559e-02
5919,-3.503418e-02
5920,3.405762e-02
5921,-3.039551e-02
5922,2.746582e-02
5923,-2.380371e-02
5924,1.916504e-02
5925,-1.538086e-02
5926,1.171875e-02
5927,-7.690430e-03
5928,3.051758e-03
5929,2.441406e-03
5930,-6.835938e-03
5931,1.452637e-02
5932,-1.745605e-02
5933,2.111816e-02
5934,-2.368164e-02
5935,2.844238e-02
5936,-3.161621e-02
5937,3.332520e-02
5938,-3.527832e-02
5939,3.747559e-02
5940,-3.637695e-02
5941,3.845215e-02
5942,-3.662109e-02
5943,3.735352e-02
5944,-3.466797e-02
5945,3.442383e-02
5946,-3.015137e-02
5947,2.832031e-02
5948,-2.282715e-02
5949,1.940918e-02
5950,-1.550293e-02
5951,1.123047e-02
5952,-7.324219e-03
5953,2.563477e-03
5954,4.272461e-03
5955,-7.812500e-03
5956,1.293945e-02
5957,-1.489258e-02
5958,2.148438e-02
5959,-2.404785e-02
5960,2.795410e-02
5961,-3.076172e-02
5962,3.295898e-02
5963,-3.649902e-02
5964,3.796387e-02
5965,-3.857422e-02
5966,3.881836e-02
5967,-3.759766e-02
5968,3.735352e-02
5969,-3.417969e-02
5970,3.259277e-02
5971,-3.125000e-02
5972,2.758789e-02
5973,-2.429199e-02
5974,2.014160e-02
5975,-1.477051e-02
5976,1.049805e-02
5977,-6.347656e-03
5978,3.295898e-03
5979,3.051758e-03
5980,-6.225586e-03
5981,1.171875e-02
5982,-1.647949e-02
5983,2.172852e-02
5984,-2.404785e-02
5985,2.893066e-02
5986,-2.978516e-02
5987,3.430176e-02
5988,-3.540039e-02
5989,3.710938e-02
5990,-3.894043e-02
5991,3.820801e-02
5992,-3.747559e-02
5993,3.637695e-02
5994,-3.637695e-02
5995,3.381348e-02
5996,-2.929688e-02
5997,2.734375e-02
5998,-2.355957e-02
5999,2.014160e-02
6000,-1.611328e-02
6001,1.110840e-02
6002,-7.690430e-03
6003,2.807617e-03
6004,3.784180e-03
6005,-6.469727e-03
6006,1.196289e-02
6007,-1.464844e-02
6008,2.050781e-02
6009,-2.429199e-02
6010,2.893066e-02
6011,-3.173828e-02
6012,3.344727e-02
6013,-3.540039e-02
6014,3.564453e-02
6015,-3.674316e-02
6016,3.833008e-02
6017,-3.771973e-02
6018,3.723145e-02
6019,-3.503418e-02
6020,3.442383e-02
6021,-3.112793e-02
6022,2.807617e-02
6023,-2.404785e-02
6024,1.989746e-02
6025,-1.611328e-02
6026,1.037598e-02
6027,-6.225586e-03
6028,2.197266e-03
6029,2.563477e-03
6030,-7.568359e-03
6031,1.196289e-02
6032,-1.721191e-02
6033,1.940918e-02
6034,-2.478027e-02
6035,2.722168e-02
6036,-3.063965e-02
6037,3.454590e-02
6038,-3.613281e-02
6039,3.686523e-02
6040,-3.955078e-02
6041,3.808594e-02
6042,-3.820801e-02
6043,3.540039e-02
6044,-3.613281e-02
6045,3.320312e-02
6046,-3.076172e-02
6047,2.685547e-02
6048,-2.380371e-02
6049,2.087402e-02
6050,-1.660156e-02
6051,1.342773e-02
6052,-7.202148e-03
6053,1.831055e-03
6054,4.150391e-03
6055,-8.422852e-03
6056,1.147461e-02
6057,-1.855469e-02
6058,2.197266e-02
6059,-2.465820e-02
6060,2.648926e-02
6061,-3.063965e-02
6062,3.393555e-02
6063,-3.442383e-02
6064,3.710938e-02
6065,-3.710938e-02
6066,3.857422e-02
6067,-3.747559e-02
6068,3.723145e-02
6069,-3.540039e-02
6070,3.344727e-02
6071,-3.063965e-02
6072,2.746582e-02
6073,-2.343750e-02
6074,1.953125e-02
6075,-1.635742e-02
6076,1.123047e-02
6077,-7.446289e-03
6078,1.831055e-03
6079,3.051758e-03
6080,-8.178711e-03
6081,1.257324e-02
6082,-1.550293e-02
6083,1.928711e-02
6084,-2.465820e-02
6085,2.832031e-02
6086,-3.076172e-02
6087,3.283691e-02
6088,-3.576660e-02
6089,3.564453e-02
6090,-3.759766e-02
6091,3.820801e-02
6092,-3.906250e-02
6093,3.649902e-02
6094,-3.552246e-02
6095,3.198242e-02
6096,-3.027344e-02
6097,2.819824e-02
6098,-2.380371e-02
6099,2.026367e-02
6100,-1.574707e-02
6101,1.098633e-02
6102,-7.446289e-03
6103,2.563477e-03
6104,2.807617e-03
6105,-7.812500e-03
6106,1.208496e-02
6107,-1.745605e-02
6108,2.001953e-02
6109,-2.453613e-02
6110,2.795410e-02
6111,-3.027344e-02
6112,3.356934e-02
6113,-3.454590e-02
6114,3.698730e-02
6115,-3.808594e-02
6116,3.979492e-02
6117,-3.906250e-02
6118,3.479004e-02
6119,-3.417969e-02
6120,3.210449e-02
6121,-2.978516e-02
6122,2.783203e-02
6123,-2.441406e-02
6124,1.928711e-02
6125,-1.586914e-02
6126,1.208496e-02
6127,-7.812500e-03
6128,3.173828e-03
6129,3.662109e-03
6130,-8.666992e-03
6131,1.257324e-02
6132,-1.635742e-02
6133,2.136230e-02
6134,-2.465820e-02
6135,2.856445e-02
6136,-3.100586e-02
6137,3.344727e-02
6138,-3.503418e-02
6139,3.735352e-02
6140,-3.759766e-02
6141,3.881836e-02
6142,-3.735352e-02
6143,3.747559e-02
6144,-3.552246e-02
6145,3.332520e-02
6146,-3.027344e-02
6147,2.661133e-02
6148,-2.282715e-02
6149,2.087402e-02
6150,-1.684570e-02
6151,1.232910e-02
6152,-7.202148e-03
6153,1.831055e-03
6154,2.807617e-03
6155,-8.300781e-03
6156,1.135254e-02
6157,-1.623535e-02
6158,2.160645e-02
6159,-2.478027e-02
6160,2.844238e-02
6161,-3.027344e-02
6162,3.344727e-02
6163,-3.527832e-02
6164,3.747559e-02
6165,-3.759766e-02
6166,3.759766e-02
6167,-3.662109e-02
6168,3.479004e-02
6169,-3.637695e-02
6170,3.320312e-02
6171,-3.259277e-02
6172,2.819824e-02
6173,-2.331543e-02
6174,1.940918e-02
6175,-1.550293e-02
6176,1.171875e-02
6177,-6.835938e-03
6178,3.051758e-03
6179,4.272461e-03
6180,-6.469727e-03
6181,1.330566e-02
6182,-1.538086e-02
6183,2.062988e-02
6184,-2.478027e-02
6185,2.697754e-02
6186,-3.198242e-02
6187,3.186035e-02
6188,-3.698730e-02
6189,3.613281e-02
6190,-3.833008e-02
6191,3.759766e-02
6192,-3.808594e-02
6193,3.698730e-02
6194,-3.625488e-02
6195,3.308105e-02
6196,-2.978516e-02
6197,2.795410e-02
6198,-2.465820e-02
6199,2.099609e-02
6200,-1.574707e-02
6201,1.049805e-02
6202,-7.202148e-03
6203,1.220703e-03
6204,2.502441e-02
6205,-2.319336e-02
6206,1.843262e-02
6207,-1.513672e-02
6208,1.062012e-02
6209,-5.859375e-03
6210,-6.103516e-04
6211,4.150391e-03
6212,-9.155273e-03
6213,1.342773e-02
6214,-1.721191e-02
6215,2.307129e-02
6216,-2.624512e-02
6217,2.966309e-02
6218,-3.161621e-02
6219,3.320312e-02
6220,-3.637695e-02
6221,3.759766e-02
6222,-3.869629e-02
6223,3.784180e-02
6224,-3.747559e-02
6225,3.662109e-02
6226,-3.515625e-02
6227,3.454590e-02
6228,-2.868652e-02
6229,2.600098e-02
6230,-2.258301e-02
6231,1.953125e-02
6232,-1.330566e-02
6233,1.025391e-02
6234,-4.272461e-03
6235,-7.324219e-04
6236,5.249023e-03
6237,-8.422852e-03
6238,1.330566e-02
6239,-1.782227e-02
6240,2.258301e-02
6241,-2.673340e-02
6242,2.868652e-02
6243,-3.247070e-02
6244,3.442383e-02
6245,-3.662109e-02
6246,3.759766e-02
6247,-3.759766e-02
6248,3.845215e-02
6249,-3.613281e-02
6250,3.503418e-02
6251,-3.332520e-02
6252,3.308105e-02
6253,-3.039551e-02
6254,2.502441e-02
6255,-2.331543e-02
6256,1.953125e-02
6257,-1.330566e-02
6258,1.049805e-02
6259,-5.615234e-03
6260,3.662109e-04
6261,5.615234e-03
6262,-8.789062e-03
6263,1.440430e-02
6264,-1.672363e-02
6265,2.197266e-02
6266,-2.514648e-02
6267,2.941895e-02
6268,-3.210449e-02
6269,3.601074e-02
6270,-3.662109e-02
6271,3.759766e-02
6272,-3.723145e-02
6273,3.698730e-02
6274,-3.613281e-02
6275,3.784180e-02
6276,-3.247070e-02
6277,3.295898e-02
6278,-2.929688e-02
6279,2.758789e-02
6280,-2.172852e-02
6281,1.867676e-02
6282,-1.464844e-02
6283,1.013184e-02
6284,-5.126953e-03
6285,2.441406e-04
6286,5.004883e-03
6287,-8.911133e-03
6288,1.306152e-02
6289,-1.721191e-02
6290,2.246094e-02
6291,-2.563477e-02
6292,2.795410e-02
6293,-3.149414e-02
6294,3.479004e-02
6295,-3.552246e-02
6296,3.698730e-02
6297,-3.833008e-02
6298,3.991699e-02
6299,-3.735352e-02
6300,3.613281e-02
6301,-3.454590e-02
6302,3.186035e-02
6303,-2.954102e-02
6304,2.624512e-02
6305,-2.319336e-02
6306,1.904297e-02
6307,-1.403809e-02
6308,1.025391e-02
6309,-4.516602e-03
6310,1.098633e-03
6311,4.150391e-03
6312,-8.544922e-03
6313,1.354980e-02
6314,-1.818848e-02
6315,2.221680e-02
6316,-2.636719e-02
6317,2.929688e-02
6318,-3.149414e-02
6319,3.491211e-02
6320,-3.698730e-02
6321,3.735352e-02
6322,-3.808594e-02
6323,3.759766e-02
6324,-3.613281e-02
6325,3.613281e-02
6326,-3.454590e-02
6327,3.344727e-02
6328,-3.039551e-02
6329,2.758789e-02
6330,-2.221680e-02
6331,1.855469e-02
6332,-1.477051e-02
6333,1.135254e-02
6334,-4.516602e-03
6335,8.544922e-04
6336,4.394531e-03
6337,-9.887695e-03
6338,1.440430e-02
6339,-1.867676e-02
6340,2.197266e-02
6341,-2.502441e-02
6342,2.868652e-02
6343,-3.247070e-02
6344,3.442383e-02
6345,-3.601074e-02
6346,3.649902e-02
6347,-3.759766e-02
6348,3.784180e-02
6349,-3.613281e-02
6350,3.698730e-02
6351,-3.491211e-02
6352,3.283691e-02
6353,-2.954102e-02
6354,2.685547e-02
6355,-2.343750e-02
6356,1.953125e-02
6357,-1.403809e-02
6358,1.025391e-02
6359,-5.126953e-03
6360,6.103516e-04
6361,4.516602e-03
6362,-8.911133e-03
6363,1.403809e-02
6364,-1.733398e-02
6365,2.270508e-02
6366,-2.661133e-02
6367,2.893066e-02
6368,-3.125000e-02
6369,3.295898e-02
6370,-3.710938e-02
6371,3.747559e-02
6372,-3.698730e-02
6373,3.820801e-02
6374,-3.625488e-02
6375,3.723145e-02
6376,-3.320312e-02
6377,3.295898e-02
6378,-2.929688e-02
6379,2.685547e-02
6380,-2.258301e-02
6381,1.904297e-02
6382,-1.330566e-02
6383,9.399414e-03
6384,-5.615234e-03
6385,2.197266e-03
6386,4.638672e-03
6387,-8.666992e-03
6388,1.354980e-02
6389,-1.757812e-02
6390,2.258301e-02
6391,-2.600098e-02
6392,2.905273e-02
6393,-3.076172e-02
6394,3.356934e-02
6395,-3.503418e-02
6396,3.710938e-02
6397,-3.894043e-02
6398,3.759766e-02
6399,-3.637695e-02
6400,3.527832e-02
6401,-3.344727e-02
6402,3.320312e-02
6403,-2.954102e-02
6404,2.783203e-02
6405,-2.221680e-02
6406,1.965332e-02
6407,-1.452637e-02
6408,1.049805e-02
6409,-5.371094e-03
6410,1.586914e-03
6411,3.784180e-03
6412,-8.666992e-03
6413,1.318359e-02
6414,-1.672363e-02
6415,2.148438e-02
6416,-2.575684e-02
6417,3.002930e-02
6418,-3.271484e-02
6419,3.283691e-02
6420,-3.613281e-02
6421,3.784180e-02
6422,-3.796387e-02
6423,3.796387e-02
6424,-3.698730e-02
6425,3.723145e-02
6426,-3.442383e-02
6427,3.283691e-02
6428,-2.941895e-02
6429,2.697754e-02
6430,-2.282715e-02
6431,1.818848e-02
6432,-1.550293e-02
6433,1.000977e-02
6434,-4.638672e-03
6435,1.464844e-03
6436,5.126953e-03
6437,-8.178711e-03
6438,1.416016e-02
6439,-1.855469e-02
6440,2.270508e-02
6441,-2.600098e-02
6442,2.734375e-02
6443,-3.137207e-02
6444,3.442383e-02
6445,-3.710938e-02
6446,3.845215e-02
6447,-3.845215e-02
6448,3.845215e-02
6449,-3.796387e-02
6450,3.662109e-02
6451,-3.564453e-02
6452,3.210449e-02
6453,-2.966309e-02
6454,2.648926e-02
6455,-2.270508e-02
6456,1.965332e-02
6457,-1.623535e-02
6458,9.765625e-03
6459,-5.249023e-03
6460,-3.662109e-04
6461,4.272461e-03
6462,-8.911133e-03
6463,1.440430e-02
6464,-1.770020e-02
6465,2.392578e-02
6466,-2.526855e-02
6467,2.990723e-02
6468,-3.149414e-02
6469,3.454590e-02
6470,-3.601074e-02
6471,3.723145e-02
6472,-3.747559e-02
6473,3.735352e-02
6474,-3.747559e-02
6475,3.637695e-02
6476,-3.503418e-02
6477,3.247070e-02
6478,-3.027344e-02
6479,2.636719e-02
6480,-2.368164e-02
6481,1.892090e-02
6482,-1.452637e-02
6483,9.765625e-03
6484,-4.760742e-03
6485,2.441406e-04
6486,4.028320e-03
6487,-8.422852e-03
6488,1.391602e-02
6489,-1.660156e-02
6490,2.416992e-02
6491,-2.526855e-02
6492,3.039551e-02
6493,-3.137207e-02
6494,3.405762e-02
6495,-3.491211e-02
6496,3.857422e-02
6497,-3.771973e-02
6498,3.881836e-02
6499,-3.625488e-02
6500,3.613281e-02
6501,-3.491211e-02
6502,3.198242e-02
6503,-2.917480e-02
6504,2.636719e-02
6505,-2.246094e-02
6506,1.940918e-02
6507,-1.452637e-02
6508,1.110840e-02
6509,-5.371094e-03
6510,3.662109e-04
6511,5.371094e-03
6512,-8.422852e-03
6513,1.367188e-02
6514,-1.623535e-02
6515,2.160645e-02
6516,-2.526855e-02
6517,2.954102e-02
6518,-3.112793e-02
6519,3.552246e-02
6520,-3.564453e-02
6521,3.833008e-02
6522,-3.723145e-02
6523,3.857422e-02
6524,-3.576660e-02
6525,3.686523e-02
6526,-3.332520e-02
6527,3.405762e-02
6528,-3.027344e-02
6529,2.600098e-02
6530,-2.209473e-02
6531,1.953125e-02
6532,-1.403809e-02
6533,1.123047e-02
6534,-4.882812e-03
6535,2.441406e-03
6536,4.638672e-03
6537,-9.277344e-03
6538,1.464844e-02
6539,-1.770020e-02
6540,2.172852e-02
6541,-2.465820e-02
6542,2.990723e-02
6543,-3.112793e-02
6544,3.332520e-02
6545,-3.649902e-02
6546,3.698730e-02
6547,-3.796387e-02
6548,3.833008e-02
6549,-3.723145e-02
6550,3.698730e-02
6551,-3.454590e-02
6552,3.320312e-02
6553,-2.807617e-02
6554,2.661133e-02
6555,-2.246094e-02
6556,1.989746e-02
6557,-1.342773e-02
6558,9.765625e-03
6559,-4.760742e-03
6560,1.831055e-03
6561,4.516602e-03
6562,-6.713867e-03
6563,1.293945e-02
6564,-1.672363e-02
6565,2.148438e-02
6566,-2.636719e-02
6567,2.990723e-02
6568,-3.112793e-02
6569,3.503418e-02
6570,-3.625488e-02
6571,3.820801e-02
6572,-3.613281e-02
6573,3.735352e-02
6574,-3.613281e-02
6575,3.625488e-02
6576,-3.344727e-02
6577,3.356934e-02
6578,-2.856445e-02
6579,2.746582e-02
6580,-2.148438e-02
6581,1.892090e-02
6582,-1.489258e-02
6583,1.159668e-02
6584,-4.394531e-03
6585,2.319336e-03
6586,4.394531e-03
6587,-8.422852e-03
6588,1.354980e-02
6589,-1.806641e-02
6590,2.148438e-02
6591,-2.453613e-02
6592,2.929688e-02
6593,-3.125000e-02
6594,3.564453e-02
6595,-3.552246e-02
6596,3.649902e-02
6597,-3.698730e-02
6598,3.784180e-02
6599,-3.552246e-02
6600,3.747559e-02
6601,-3.442383e-02
6602,3.222656e-02
6603,-2.954102e-02
6604,2.697754e-02
6605,-2.148438e-02
6606,1.855469e-02
6607,-1.440430e-02
6608,1.147461e-02
6609,-6.225586e-03
6610,2.075195e-03
6611,5.737305e-03
6612,-8.666992e-03
6613,1.330566e-02
6614,-1.843262e-02
6615,2.160645e-02
6616,-2.526855e-02
6617,2.905273e-02
6618,-3.137207e-02
6619,3.344727e-02
6620,-3.637695e-02
6621,3.845215e-02
6622,-3.723145e-02
6623,3.747559e-02
6624,-3.759766e-02
6625,3.845215e-02
6626,-3.442383e-02
6627,3.234863e-02
6628,-2.807617e-02
6629,2.624512e-02
6630,-2.246094e-02
6631,2.087402e-02
6632,-1.330566e-02
6633,1.135254e-02
6634,-4.394531e-03
6635,1.831055e-03
6636,3.784180e-03
6637,-8.544922e-03
6638,1.367188e-02
6639,-1.879883e-02
6640,2.307129e-02
6641,-2.539062e-02
6642,2.844238e-02
6643,-3.063965e-02
6644,3.442383e-02
6645,-3.491211e-02
6646,3.845215e-02
6647,-3.662109e-02
6648,3.857422e-02
6649,-3.759766e-02
6650,3.735352e-02
6651,-3.320312e-02
6652,3.247070e-02
6653,-2.917480e-02
6654,2.868652e-02
6655,-2.246094e-02
6656,1.928711e-02
6657,-1.306152e-02
6658,1.049805e-02
6659,-5.737305e-03
6660,1.708984e-03
6661,3.540039e-03
6662,-9.277344e-03
6663,1.403809e-02
6664,-1.745605e-02
6665,2.148438e-02
6666,-2.600098e-02
6667,2.905273e-02
6668,-3.137207e-02
6669,3.442383e-02
6670,-3.540039e-02
6671,3.820801e-02
6672,-3.747559e-02
6673,3.955078e-02
6674,-3.540039e-02
6675,3.686523e-02
6676,-3.332520e-02
6677,3.356934e-02
6678,-2.844238e-02
6679,2.722168e-02
6680,-2.172852e-02
6681,1.928711e-02
6682,-1.464844e-02
6683,1.000977e-02
6684,-4.394531e-03
6685,1.220703e-04
6686,4.638672e-03
6687,-7.812500e-03
6688,1.354980e-02
6689,-1.770020e-02
6690,2.270508e-02
6691,-2.453613e-02
6692,2.941895e-02
6693,-3.039551e-02
6694,3.393555e-02
6695,-3.637695e-02
6696,3.747559e-02
6697,-3.833008e-02
6698,3.881836e-02
6699,-3.796387e-02
6700,3.662109e-02
6701,-3.442383e-02
6702,3.308105e-02
6703,-2.868652e-02
6704,2.722168e-02
6705,-2.233887e-02
6706,2.050781e-02
6707,-1.379395e-02
6708,9.765625e-03
6709,-5.371094e-03
6710,1.464844e-03
6711,3.662109e-03
6712,-7.812500e-03
6713,1.318359e-02
6714,-1.672363e-02
6715,2.221680e-02
6716,-2.441406e-02
6717,3.063965e-02
6718,-3.125000e-02
6719,3.503418e-02
6720,-3.527832e-02
6721,3.881836e-02
6722,-3.759766e-02
6723,3.979492e-02
6724,-3.674316e-02
6725,3.503418e-02
6726,-3.356934e-02
6727,3.234863e-02
6728,-3.015137e-02
6729,2.722168e-02
6730,-2.319336e-02
6731,1.855469e-02
6732,-1.452637e-02
6733,1.159668e-02
6734,-5.859375e-03
6735,1.098633e-03
6736,5.371094e-03
6737,-7.934570e-03
6738,1.293945e-02
6739,-1.684570e-02
6740,2.197266e-02
6741,-2.526855e-02
6742,2.868652e-02
6743,-3.149414e-02
6744,3.515625e-02
6745,-3.564453e-02
6746,3.857422e-02
6747,-3.747559e-02
6748,3.820801e-02
6749,-3.649902e-02
6750,3.649902e-02
6751,-3.552246e-02
6752,3.320312e-02
6753,-2.966309e-02
6754,2.661133e-02
6755,-2.258301e-02
6756,1.989746e-02
6757,-1.477051e-02
6758,1.159668e-02
6759,-4.516602e-03
6760,1.342773e-03
6761,4.516602e-03
6762,-7.934570e-03
6763,1.306152e-02
6764,-1.672363e-02
6765,2.197266e-02
6766,-2.526855e-02
6767,2.954102e-02
6768,-3.112793e-02
6769,3.515625e-02
6770,-3.442383e-02
6771,3.833008e-02
6772,-3.747559e-02
6773,3.845215e-02
6774,-3.698730e-02
6775,3.527832e-02
6776,-3.442383e-02
6777,3.198242e-02
6778,-3.002930e-02
6779,2.600098e-02
6780,-2.331543e-02
6781,1.953125e-02
6782,-1.477051e-02
6783,1.074219e-02
6784,-4.882812e-03
6785,1.342773e-03
6786,4.150391e-03
6787,-8.178711e-03
6788,1.367188e-02
6789,-1.855469e-02
6790,2.197266e-02
6791,-2.539062e-02
6792,3.027344e-02
6793,-3.112793e-02
6794,3.417969e-02
6795,-3.601074e-02
6796,3.759766e-02
6797,-3.735352e-02
6798,3.833008e-02
6799,-3.674316e-02
6800,3.723145e-02
6801,-3.466797e-02
6802,3.295898e-02
6803,-2.954102e-02
6804,2.709961e-02
6805,-2.355957e-02
6806,1.953125e-02
6807,-1.403809e-02
6808,8.544922e-03
6809,-4.150391e-03
6810,1.220703e-03
6811,3.662109e-03
6812,-7.080078e-03
6813,1.232910e-02
6814,-1.708984e-02
6815,2.209473e-02
6816,-2.600098e-02
6817,2.954102e-02
6818,-3.112793e-02
6819,3.417969e-02
6820,-3.552246e-02
6821,3.857422e-02
6822,-3.869629e-02
6823,3.991699e-02
6824,-3.527832e-02
6825,3.540039e-02
6826,-3.320312e-02
6827,3.430176e-02
6828,-2.941895e-02
6829,2.807617e-02
6830,-2.343750e-02
6831,2.148438e-02
6832,-1.440430e-02
6833,1.025391e-02
6834,-3.540039e-03
6835,1.342773e-03
6836,5.249023e-03
6837,-7.934570e-03
6838,1.367188e-02
6839,-1.672363e-02
6840,2.233887e-02
6841,-2.514648e-02
6842,2.954102e-02
6843,-3.149414e-02
6844,3.601074e-02
6845,-3.637695e-02
6846,3.784180e-02
6847,-3.723145e-02
6848,3.698730e-02
6849,-3.613281e-02
6850,3.796387e-02
6851,-3.466797e-02
6852,3.234863e-02
6853,-2.880859e-02
6854,2.661133e-02
6855,-2.221680e-02
6856,1.892090e-02
6857,-1.550293e-02
6858,9.765625e-03
6859,-4.516602e-03
6860,1.464844e-03
6861,3.662109e-03
6862,-6.713867e-03
6863,1.501465e-02
6864,-1.757812e-02
6865,2.209473e-02
6866,-2.380371e-02
6867,2.905273e-02
6868,-3.076172e-02
6869,3.491211e-02
6870,-3.637695e-02
6871,3.686523e-02
6872,-3.857422e-02
6873,3.796387e-02
6874,-3.759766e-02
6875,3.613281e-02
6876,-3.442383e-02
6877,3.186035e-02
6878,-2.868652e-02
6879,2.514648e-02
6880,-2.404785e-02
6881,2.038574e-02
6882,-1.538086e-02
6883,1.110840e-02
6884,-4.516602e-03
6885,1.831055e-03
6886,4.760742e-03
6887,-8.544922e-03
6888,1.232910e-02
6889,-1.855469e-02
6890,2.087402e-02
6891,-2.612305e-02
6892,2.893066e-02
6893,-3.039551e-02
6894,3.515625e-02
6895,-3.710938e-02
6896,3.613281e-02
6897,-3.808594e-02
6898,3.759766e-02
6899,-3.833008e-02
6900,3.698730e-02
6901,-3.625488e-02
6902,3.332520e-02
6903,-2.978516e-02
6904,2.722168e-02
6905,-2.124023e-02
6906,1.831055e-02
6907,-1.306152e-02
6908,1.037598e-02
6909,-5.371094e-03
6910,1.586914e-03
6911,2.319336e-03
6912,-9.765625e-03
6913,1.245117e-02
6914,-1.867676e-02
6915,2.087402e-02
6916,-2.624512e-02
6917,2.832031e-02
6918,-3.271484e-02
6919,3.430176e-02
6920,-3.576660e-02
6921,3.710938e-02
6922,-3.747559e-02
6923,3.735352e-02
6924,-3.710938e-02
6925,3.637695e-02
6926,-3.564453e-02
6927,3.344727e-02
6928,-3.076172e-02
6929,2.709961e-02
6930,-2.404785e-02
6931,2.001953e-02
6932,-1.525879e-02
6933,1.062012e-02
6934,-5.126953e-03
6935,8.544922e-04
6936,3.662109e-03
6937,-7.934570e-03
6938,1.416016e-02
6939,-1.733398e-02
6940,2.221680e-02
6941,-2.465820e-02
6942,2.990723e-02
6943,-3.112793e-02
6944,3.430176e-02
6945,-3.625488e-02
6946,3.759766e-02
6947,-3.796387e-02
6948,3.820801e-02
6949,-3.735352e-02
6950,3.686523e-02
6951,-3.454590e-02
6952,3.381348e-02
6953,-2.856445e-02
6954,2.661133e-02
6955,-2.246094e-02
6956,1.904297e-02
6957,-1.477051e-02
6958,1.147461e-02
6959,-4.394531e-03
6960,6.103516e-04
6961,2.563477e-03
6962,-7.934570e-03
6963,1.318359e-02
6964,-1.806641e-02
6965,2.307129e-02
6966,-2.478027e-02
6967,2.990723e-02
6968,-3.112793e-02
6969,3.332520e-02
6970,-3.649902e-02
6971,3.625488e-02
6972,-3.894043e-02
6973,3.881836e-02
6974,-3.747559e-02
6975,3.588867e-02
6976,-3.503418e-02
6977,3.283691e-02
6978,-3.027344e-02
6979,2.795410e-02
6980,-2.209473e-02
6981,2.038574e-02
6982,-1.428223e-02
6983,1.049805e-02
6984,-4.150391e-03
6985,1.586914e-03
6986,4.272461e-03
6987,-7.202148e-03
6988,1.428223e-02
6989,-1.721191e-02
6990,2.136230e-02
6991,-2.478027e-02
6992,2.856445e-02
6993,-3.210449e-02
6994,3.430176e-02
6995,-3.503418e-02
6996,3.881836e-02
6997,-3.820801e-02
6998,3.857422e-02
6999,-3.857422e-02
7000,3.759766e-02
7001,-3.430176e-02
7002,3.320312e-02
7003,-2.917480e-02
7004,2.697754e-02
7005,-2.307129e-02
7006,2.050781e-02
7007,-1.477051e-02
7008,1.062012e-02
7009,-6.103516e-03
7010,2.441406e-04
7011,3.173828e-03
7012,-8.300781e-03
7013,1.391602e-02
7014,-1.757812e-02
7015,2.246094e-02
7016,-2.575684e-02
7017,2.905273e-02
7018,-3.161621e-02
7019,3.320312e-02
7020,-3.613281e-02
7021,3.698730e-02
7022,-3.808594e-02
7023,3.918457e-02
7024,-3.747559e-02
7025,3.784180e-02
7026,-3.369141e-02
7027,3.405762e-02
7028,-3.002930e-02
7029,2.722168e-02
7030,-2.172852e-02
7031,1.916504e-02
7032,-1.354980e-02
7033,1.098633e-02
7034,-4.760742e-03
7035,1.586914e-03
7036,5.249023e-03
7037,-8.544922e-03
7038,1.330566e-02
7039,-1.708984e-02
7040,2.246094e-02
7041,-2.453613e-02
7042,2.905273e-02
7043,-3.100586e-02
7044,3.344727e-02
7045,-3.454590e-02
7046,3.625488e-02
7047,-3.894043e-02
7048,3.894043e-02
7049,-3.759766e-02
7050,3.552246e-02
7051,-3.466797e-02
7052,3.430176e-02
7053,-2.941895e-02
7054,2.648926e-02
7055,-2.282715e-02
7056,1.965332e-02
7057,-1.428223e-02
7058,1.074219e-02
7059,-5.126953e-03
7060,2.685547e-03
7061,4.638672e-03
7062,-8.544922e-03
7063,1.477051e-02
7064,-1.660156e-02
7065,2.209473e-02
7066,-2.368164e-02
7067,2.868652e-02
7068,-3.173828e-02
7069,3.430176e-02
7070,-3.564453e-02
7071,3.723145e-02
7072,-3.759766e-02
7073,3.955078e-02
7074,-3.759766e-02
7075,3.625488e-02
7076,-3.454590e-02
7077,3.198242e-02
7078,-2.905273e-02
7079,2.600098e-02
7080,-2.282715e-02
7081,1.928711e-02
7082,-1.574707e-02
7083,1.098633e-02
7084,-5.737305e-03
7085,2.075195e-03
7086,3.051758e-03
7087,-8.178711e-03
7088,1.477051e-02
7089,-1.708984e-02
7090,2.319336e-02
7091,-2.514648e-02
7092,2.807617e-02
7093,-3.039551e-02
7094,3.222656e-02
7095,-3.454590e-02
7096,3.625488e-02
7097,-3.820801e-02
7098,3.857422e-02
7099,-3.796387e-02
7100,3.784180e-02
7101,-3.454590e-02
7102,3.454590e-02
7103,-2.978516e-02
7104,2.844238e-02
7105,-2.160645e-02
7106,1.867676e-02
7107,-1.452637e-02
7108,1.037598e-02
7109,-5.126953e-03
7110,1.464844e-03
7111,5.126953e-03
7112,-8.422852e-03
7113,1.367188e-02
7114,-1.684570e-02
7115,2.172852e-02
7116,-2.551270e-02
7117,2.819824e-02
7118,-3.039551e-02
7119,3.417969e-02
7120,-3.601074e-02
7121,3.833008e-02
7122,-3.735352e-02
7123,3.820801e-02
7124,-3.747559e-02
7125,3.637695e-02
7126,-3.503418e-02
7127,3.234863e-02
7128,-2.941895e-02
7129,2.734375e-02
7130,-2.368164e-02
7131,2.172852e-02
7132,-1.428223e-02
7133,9.765625e-03
7134,-3.784180e-03
7135,1.586914e-03
7136,5.004883e-03
7137,-7.324219e-03
7138,1.416016e-02
7139,-1.684570e-02
7140,2.197266e-02
7141,-2.514648e-02
7142,2.856445e-02
7143,-3.173828e-02
7144,3.393555e-02
7145,-3.540039e-02
7146,3.759766e-02
7147,-3.710938e-02
7148,3.991699e-02
7149,-3.698730e-02
7150,3.686523e-02
7151,-3.369141e-02
7152,3.332520e-02
7153,-2.929688e-02
7154,2.783203e-02
7155,-2.343750e-02
7156,1.928711e-02
7157,-1.342773e-02
7158,9.765625e-03
7159,-5.126953e-03
7160,1.220703e-03
7161,4.272461e-03
7162,-8.422852e-03
7163,1.367188e-02
7164,-1.757812e-02
7165,2.209473e-02
7166,-2.416992e-02
7167,2.819824e-02
7168,-3.027344e-02
7169,3.527832e-02
7170,-3.637695e-02
7171,3.833008e-02
7172,-3.723145e-02
7173,3.918457e-02
7174,-3.601074e-02
7175,3.662109e-02
7176,-3.417969e-02
7177,3.344727e-02
7178,-3.015137e-02
7179,2.783203e-02
7180,-2.331543e-02
7181,2.038574e-02
7182,-1.464844e-02
7183,1.147461e-02
7184,-3.540039e-03
7185,4.882812e-04
7186,2.441406e-03
7187,-7.812500e-03
7188,1.318359e-02
7189,-1.733398e-02
7190,2.246094e-02
7191,-2.526855e-02
7192,2.990723e-02
7193,-3.137207e-02
7194,3.405762e-02
7195,-3.527832e-02
7196,3.759766e-02
7197,-3.747559e-02
7198,3.881836e-02
7199,-3.759766e-02
7200,3.710938e-02
7201,-3.442383e-02
7202,3.417969e-02
7203,-2.978516e-02
7204,2.661133e-02
7205,-2.233887e-02
7206,2.038574e-02
7207,-1.403809e-02
7208,1.025391e-02
7209,-4.882812e-03
7210,1.464844e-03
7211,4.638672e-03
7212,-7.812500e-03
7213,1.416016e-02
7214,-1.708984e-02
7215,2.111816e-02
7216,-2.465820e-02
7217,3.015137e-02
7218,-3.039551e-02
7219,3.381348e-02
7220,-3.637695e-02
7221,3.698730e-02
7222,-3.759766e-02
7223,3.759766e-02
7224,-3.710938e-02
7225,3.759766e-02
7226,-3.320312e-02
7227,3.344727e-02
7228,-2.856445e-02
7229,2.758789e-02
7230,-2.380371e-02
7231,2.062988e-02
7232,-1.477051e-02
7233,1.025391e-02
7234,-6.469727e-03
7235,1.464844e-03
7236,4.028320e-03
7237,-8.544922e-03
7238,1.440430e-02
7239,-1.757812e-02
7240,2.172852e-02
7241,-2.526855e-02
7242,3.027344e-02
7243,-3.063965e-02
7244,3.613281e-02
7245,-3.527832e-02
7246,3.662109e-02
7247,-3.735352e-02
7248,3.845215e-02
7249,-3.833008e-02
7250,3.637695e-02
7251,-3.417969e-02
7252,3.344727e-02
7253,-3.027344e-02
7254,2.893066e-02
7255,-2.368164e-02
7256,1.867676e-02
7257,-1.489258e-02
7258,9.643555e-03
7259,-5.615234e-03
7260,1.220703e-03
7261,4.272461e-03
7262,-8.544922e-03
7263,1.452637e-02
7264,-1.550293e-02
7265,2.246094e-02
7266,-2.465820e-02
7267,2.990723e-02
7268,-3.222656e-02
7269,3.344727e-02
7270,-3.576660e-02
7271,3.686523e-02
7272,-3.808594e-02
7273,3.955078e-02
7274,-3.894043e-02
7275,3.698730e-02
7276,-3.417969e-02
7277,3.332520e-02
7278,-2.941895e-02
7279,2.795410e-02
7280,-2.307129e-02
7281,1.892090e-02
7282,-1.562500e-02
7283,1.049805e-02
7284,-5.615234e-03
7285,1.098633e-03
7286,4.394531e-03
7287,-7.934570e-03
7288,1.293945e-02
7289,-1.574707e-02
7290,2.160645e-02
7291,-2.429199e-02
7292,2.893066e-02
7293,-3.039551e-02
7294,3.405762e-02
7295,-3.417969e-02
7296,3.601074e-02
7297,-3.674316e-02
7298,3.906250e-02
7299,-3.906250e-02
7300,3.723145e-02
7301,-3.540039e-02
7302,3.259277e-02
7303,-2.929688e-02
7304,2.795410e-02
7305,-2.502441e-02
7306,1.953125e-02
7307,-1.477051e-02
7308,9.765625e-03
7309,-5.249023e-03
7310,4.882812e-04
7311,3.295898e-03
7312,-8.544922e-03
7313,1.318359e-02
7314,-1.684570e-02
7315,2.136230e-02
7316,-2.661133e-02
7317,2.844238e-02
7318,-3.015137e-02
7319,3.405762e-02
7320,-3.601074e-02
7321,3.906250e-02
7322,-3.662109e-02
7323,3.857422e-02
7324,-3.637695e-02
7325,3.710938e-02
7326,-3.552246e-02
7327,3.247070e-02
7328,-2.954102e-02
7329,2.636719e-02
7330,-2.429199e-02
7331,1.940918e-02
7332,-1.464844e-02
7333,1.025391e-02
7334,-6.469727e-03
7335,2.807617e-03
7336,3.417969e-03
7337,-9.277344e-03
7338,1.477051e-02
7339,-1.770020e-02
7340,2.026367e-02
7341,-2.429199e-02
7342,2.856445e-02
7343,-3.002930e-02
7344,3.430176e-02
7345,-3.613281e-02
7346,3.735352e-02
7347,-3.796387e-02
7348,3.881836e-02
7349,-3.833008e-02
7350,3.747559e-02
7351,-3.405762e-02
7352,3.344727e-02
7353,-3.002930e-02
7354,2.783203e-02
7355,-2.270508e-02
7356,2.038574e-02
7357,-1.635742e-02
7358,1.232910e-02
7359,-6.103516e-03
7360,1.831055e-03
7361,3.662109e-03
7362,-7.934570e-03
7363,1.403809e-02
7364,-1.647949e-02
7365,2.172852e-02
7366,-2.368164e-02
7367,2.905273e-02
7368,-3.149414e-02
7369,3.356934e-02
7370,-3.527832e-02
7371,3.759766e-02
7372,-3.747559e-02
7373,3.820801e-02
7374,-3.601074e-02
7375,3.686523e-02
7376,-3.454590e-02
7377,3.186035e-02
7378,-2.746582e-02
7379,2.758789e-02
7380,-2.148438e-02
7381,2.124023e-02
7382,-1.464844e-02
7383,1.135254e-02
7384,-3.906250e-03
7385,1.586914e-03
7386,2.685547e-03
7387,-7.446289e-03
7388,1.269531e-02
7389,-3.564453e-02
7390,3.735352e-02
7391,-3.796387e-02
7392,3.857422e-02
7393,-3.747559e-02
7394,3.649902e-02
7395,-3.430176e-02
7396,3.222656e-02
7397,-2.905273e-02
7398,2.734375e-02
7399,-2.270508e-02
7400,2.001953e-02
7401,-1.354980e-02
7402,9.765625e-03
7403,-3.417969e-03
7404,4.882812e-04
7405,3.784180e-03
7406,-7.934570e-03
7407,1.525879e-02
7408,-1.782227e-02
7409,2.270508e-02
7410,-2.526855e-02
7411,3.002930e-02
7412,-3.222656e-02
7413,3.637695e-02
7414,-3.540039e-02
7415,3.820801e-02
7416,-3.649902e-02
7417,3.906250e-02
7418,-3.613281e-02
7419,3.613281e-02
7420,-3.454590e-02
7421,3.234863e-02
7422,-2.978516e-02
7423,2.722168e-02
7424,-2.185059e-02
7425,1.953125e-02
7426,-1.367188e-02
7427,9.765625e-03
7428,-3.662109e-03
7429,2.441406e-04
7430,5.249023e-03
7431,-9.521484e-03
7432,1.318359e-02
7433,-1.843262e-02
7434,2.197266e-02
7435,-2.539062e-02
7436,2.905273e-02
7437,-3.125000e-02
7438,3.515625e-02
7439,-3.466797e-02
7440,3.796387e-02
7441,-3.735352e-02
7442,3.808594e-02
7443,-3.662109e-02
7444,3.723145e-02
7445,-3.466797e-02
7446,3.332520e-02
7447,-2.868652e-02
7448,2.624512e-02
7449,-2.233887e-02
7450,1.916504e-02
7451,-1.574707e-02
7452,1.074219e-02
7453,-4.882812e-03
7454,1.464844e-03
7455,5.981445e-03
7456,-8.911133e-03
7457,1.306152e-02
7458,-1.708984e-02
7459,2.148438e-02
7460,-2.502441e-02
7461,2.905273e-02
7462,-3.100586e-02
7463,3.381348e-02
7464,-3.454590e-02
7465,3.808594e-02
7466,-3.820801e-02
7467,3.991699e-02
7468,-3.747559e-02
7469,3.710938e-02
7470,-3.320312e-02
7471,3.295898e-02
7472,-3.027344e-02
7473,2.587891e-02
7474,-2.124023e-02
7475,1.733398e-02
7476,-1.452637e-02
7477,1.062012e-02
7478,-6.347656e-03
7479,2.319336e-03
7480,5.737305e-03
7481,-9.399414e-03
7482,1.416016e-02
7483,-1.660156e-02
7484,2.111816e-02
7485,-2.514648e-02
7486,2.856445e-02
7487,-3.137207e-02
7488,3.491211e-02
7489,-3.649902e-02
7490,3.796387e-02
7491,-3.869629e-02
7492,3.808594e-02
7493,-3.710938e-02
7494,3.527832e-02
7495,-3.454590e-02
7496,3.320312e-02
7497,-3.063965e-02
7498,2.661133e-02
7499,-2.343750e-02
7500,1.831055e-02
7501,-1.428223e-02
7502,9.765625e-03
7503,-5.371094e-03
7504,2.441406e-03
7505,4.150391e-03
7506,-8.666992e-03
7507,1.416016e-02
7508,-1.672363e-02
7509,2.172852e-02
7510,-2.502441e-02
7511,3.100586e-02
7512,-3.051758e-02
7513,3.491211e-02
7514,-3.393555e-02
7515,3.747559e-02
7516,-3.747559e-02
7517,3.845215e-02
7518,-3.601074e-02
7519,3.686523e-02
7520,-3.344727e-02
7521,3.320312e-02
7522,-3.063965e-02
7523,2.648926e-02
7524,-2.343750e-02
7525,1.892090e-02
7526,-1.428223e-02
7527,1.135254e-02
7528,-5.615234e-03
7529,1.220703e-03
7530,3.540039e-03
7531,-9.887695e-03
7532,1.501465e-02
7533,-1.684570e-02
7534,2.221680e-02
7535,-2.575684e-02
7536,2.954102e-02
7537,-3.234863e-02
7538,3.430176e-02
7539,-3.552246e-02
7540,3.698730e-02
7541,-3.662109e-02
7542,3.857422e-02
7543,-3.820801e-02
7544,3.686523e-02
7545,-3.405762e-02
7546,3.210449e-02
7547,-2.929688e-02
7548,2.685547e-02
7549,-2.270508e-02
7550,1.855469e-02
7551,-1.428223e-02
7552,8.789062e-03
7553,-4.272461e-03
7554,1.098633e-03
7555,4.150391e-03
7556,-9.887695e-03
7557,1.367188e-02
7558,-1.831055e-02
7559,2.172852e-02
7560,-2.429199e-02
7561,3.015137e-02
7562,-3.149414e-02
7563,3.601074e-02
7564,-3.466797e-02
7565,3.784180e-02
7566,-3.674316e-02
7567,3.808594e-02
7568,-3.735352e-02
7569,3.759766e-02
7570,-3.308105e-02
7571,3.381348e-02
7572,-2.880859e-02
7573,2.722168e-02
7574,-2.355957e-02
7575,2.001953e-02
7576,-1.354980e-02
7577,1.049805e-02
7578,-4.882812e-03
7579,1.220703e-03
7580,5.737305e-03
7581,-7.446289e-03
7582,1.452637e-02
7583,-1.782227e-02
7584,2.307129e-02
7585,-2.502441e-02
7586,2.941895e-02
7587,-3.063965e-02
7588,3.454590e-02
7589,-3.564453e-02
7590,3.759766e-02
7591,-3.808594e-02
7592,3.784180e-02
7593,-3.698730e-02
7594,3.637695e-02
7595,-3.405762e-02
7596,3.308105e-02
7597,-3.063965e-02
7598,2.722168e-02
7599,-2.319336e-02
7600,1.965332e-02
7601,-1.440430e-02
7602,1.037598e-02
7603,-4.150391e-03
7604,-2.441406e-04
7605,5.737305e-03
7606,-8.422852e-03
7607,1.245117e-02
7608,-1.782227e-02
7609,2.221680e-02
7610,-2.734375e-02
7611,2.868652e-02
7612,-3.051758e-02
7613,3.393555e-02
7614,-3.515625e-02
7615,3.698730e-02
7616,-3.662109e-02
7617,3.918457e-02
7618,-3.808594e-02
7619,3.649902e-02
7620,-3.527832e-02
7621,3.295898e-02
7622,-3.015137e-02
7623,2.722168e-02
7624,-2.221680e-02
7625,1.806641e-02
7626,-1.367188e-02
7627,1.159668e-02
7628,-5.737305e-03
7629,1.464844e-03
7630,5.371094e-03
7631,-9.521484e-03
7632,1.440430e-02
7633,-1.611328e-02
7634,2.197266e-02
7635,-2.551270e-02
7636,2.966309e-02
7637,-3.137207e-02
7638,3.332520e-02
7639,-3.515625e-02
7640,3.747559e-02
7641,-3.833008e-02
7642,3.881836e-02
7643,-3.576660e-02
7644,3.723145e-02
7645,-3.417969e-02
7646,3.247070e-02
7647,-2.905273e-02
7648,2.600098e-02
7649,-2.246094e-02
7650,2.038574e-02
7651,-1.623535e-02
7652,1.074219e-02
7653,-5.371094e-03
7654,1.342773e-03
7655,4.394531e-03
7656,-8.544922e-03
7657,1.428223e-02
7658,-1.721191e-02
7659,2.111816e-02
7660,-2.465820e-02
7661,2.905273e-02
7662,-3.173828e-02
7663,3.552246e-02
7664,-3.601074e-02
7665,3.747559e-02
7666,-3.796387e-02
7667,3.796387e-02
7668,-3.723145e-02
7669,3.613281e-02
7670,-3.454590e-02
7671,3.479004e-02
7672,-2.966309e-02
7673,2.697754e-02
7674,-2.233887e-02
7675,1.989746e-02
7676,-1.440430e-02
7677,1.000977e-02
7678,-4.638672e-03
7679,1.464844e-03
7680,4.760742e-03
7681,-7.080078e-03
7682,1.257324e-02
7683,-1.757812e-02
7684,2.258301e-02
7685,-2.636719e-02
7686,2.905273e-02
7687,-3.051758e-02
7688,3.332520e-02
7689,-3.491211e-02
7690,3.698730e-02
7691,-3.723145e-02
7692,3.930664e-02
7693,-3.820801e-02
7694,3.686523e-02
7695,-3.405762e-02
7696,3.222656e-02
7697,-3.002930e-02
7698,2.722168e-02
7699,-2.099609e-02
7700,1.989746e-02
7701,-1.318359e-02
7702,1.098633e-02
7703,-5.371094e-03
7704,1.220703e-04
7705,4.150391e-03
7706,-8.178711e-03
7707,1.293945e-02
7708,-1.538086e-02
7709,2.307129e-02
7710,-2.478027e-02
7711,2.893066e-02
7712,-3.002930e-02
7713,3.332520e-02
7714,-3.491211e-02
7715,3.820801e-02
7716,-3.710938e-02
7717,3.845215e-02
7718,-3.723145e-02
7719,3.833008e-02
7720,-3.454590e-02
7721,3.405762e-02
7722,-2.941895e-02
7723,2.661133e-02
7724,-2.136230e-02
7725,1.928711e-02
7726,-1.440430e-02
7727,1.147461e-02
7728,-6.103516e-03
7729,8.544922e-04
7730,5.004883e-03
7731,-9.765625e-03
7732,1.342773e-02
7733,-1.684570e-02
7734,2.136230e-02
7735,-2.502441e-02
7736,2.868652e-02
7737,-3.027344e-02
7738,3.344727e-02
7739,-3.540039e-02
7740,3.845215e-02
7741,-3.759766e-02
7742,3.942871e-02
7743,-3.662109e-02
7744,3.735352e-02
7745,-3.320312e-02
7746,3.417969e-02
7747,-2.954102e-02
7748,2.856445e-02
7749,-2.148438e-02
7750,1.831055e-02
7751,-1.452637e-02
7752,1.000977e-02
7753,-6.713867e-03
7754,1.586914e-03
7755,5.493164e-03
7756,-8.666992e-03
7757,1.354980e-02
7758,-1.745605e-02
7759,2.172852e-02
7760,-2.465820e-02
7761,3.015137e-02
7762,-3.051758e-02
7763,3.417969e-02
7764,-3.466797e-02
7765,3.833008e-02
7766,-3.759766e-02
7767,3.894043e-02
7768,-3.637695e-02
7769,3.698730e-02
7770,-3.393555e-02
7771,3.332520e-02
7772,-2.966309e-02
7773,2.685547e-02
7774,-2.270508e-02
7775,1.928711e-02
7776,-1.428223e-02
7777,9.765625e-03
7778,-5.493164e-03
7779,2.685547e-03
7780,2.685547e-03
7781,-8.911133e-03
7782,1.416016e-02
7783,-1.770020e-02
7784,2.246094e-02
7785,-2.575684e-02
7786,2.941895e-02
7787,-3.063965e-02
7788,3.430176e-02
7789,-3.466797e-02
7790,3.784180e-02
7791,-3.735352e-02
7792,4.089355e-02
7793,-3.625488e-02
7794,3.686523e-02
7795,-3.356934e-02
7796,3.356934e-02
7797,-2.807617e-02
7798,2.856445e-02
7799,-2.233887e-02
7800,2.136230e-02
7801,-1.354980e-02
7802,1.147461e-02
7803,-6.347656e-03
7804,2.441406e-03
7805,3.295898e-03
7806,-7.690430e-03
7807,1.391602e-02
7808,-1.611328e-02
7809,2.294922e-02
7810,-2.465820e-02
7811,2.929688e-02
7812,-3.149414e-02
7813,3.491211e-02
7814,-3.649902e-02
7815,3.857422e-02
7816,-3.710938e-02
7817,3.857422e-02
7818,-3.613281e-02
7819,3.723145e-02
7820,-3.503418e-02
7821,3.259277e-02
7822,-2.868652e-02
7823,2.636719e-02
7824,-2.270508e-02
7825,2.160645e-02
7826,-1.416016e-02
7827,1.037598e-02
7828,-4.394531e-03
7829,1.831055e-03
7830,4.150391e-03
7831,-7.934570e-03
7832,1.367188e-02
7833,-1.745605e-02
7834,2.148438e-02
7835,-2.441406e-02
7836,2.795410e-02
7837,-3.137207e-02
7838,3.430176e-02
7839,-3.576660e-02
7840,3.784180e-02
7841,-3.735352e-02
7842,3.906250e-02
7843,-3.735352e-02
7844,3.747559e-02
7845,-3.503418e-02
7846,3.393555e-02
7847,-2.954102e-02
7848,2.746582e-02
7849,-2.270508e-02
7850,1.928711e-02
7851,-1.464844e-02
7852,9.765625e-03
7853,-5.126953e-03
7854,4.882812e-04
7855,4.394531e-03
7856,-8.422852e-03
7857,1.452637e-02
7858,-1.708984e-02
7859,2.172852e-02
7860,-2.380371e-02
7861,3.051758e-02
7862,-3.076172e-02
7863,3.515625e-02
7864,-3.613281e-02
7865,3.747559e-02
7866,-3.759766e-02
7867,3.784180e-02
7868,-3.759766e-02
7869,3.686523e-02
7870,-3.454590e-02
7871,3.283691e-02
7872,-3.027344e-02
7873,2.709961e-02
7874,-2.355957e-02
7875,1.989746e-02
7876,-1.464844e-02
7877,1.098633e-02
7878,-5.615234e-03
7879,2.319336e-03
7880,4.272461e-03
7881,-7.202148e-03
7882,1.391602e-02
7883,-1.745605e-02
7884,2.246094e-02
7885,-2.526855e-02
7886,2.868652e-02
7887,-3.063965e-02
7888,3.442383e-02
7889,-3.503418e-02
7890,3.796387e-02
7891,-3.723145e-02
7892,3.930664e-02
7893,-3.613281e-02
7894,3.747559e-02
7895,-3.393555e-02
7896,3.234863e-02
7897,-2.856445e-02
7898,2.624512e-02
7899,-2.368164e-02
7900,2.001953e-02
7901,-1.525879e-02
7902,1.171875e-02
7903,-6.225586e-03
7904,1.098633e-03
7905,4.516602e-03
7906,-8.911133e-03
7907,1.330566e-02
7908,-1.721191e-02
7909,2.233887e-02
7910,-2.502441e-02
7911,3.015137e-02
7912,-3.112793e-02
7913,3.405762e-02
7914,-3.344727e-02
7915,3.735352e-02
7916,-3.649902e-02
7917,3.820801e-02
7918,-3.674316e-02
7919,3.723145e-02
7920,-3.503418e-02
7921,3.356934e-02
7922,-3.039551e-02
7923,2.685547e-02
7924,-2.246094e-02
7925,2.014160e-02
7926,-1.513672e-02
7927,1.062012e-02
7928,-5.493164e-03
7929,1.464844e-03
7930,4.272461e-03
7931,-9.399414e-03
7932,1.391602e-02
7933,-1.635742e-02
7934,2.087402e-02
7935,-2.429199e-02
7936,2.929688e-02
7937,-3.173828e-02
7938,3.417969e-02
7939,-3.527832e-02
7940,3.601074e-02
7941,-3.771973e-02
7942,3.833008e-02
7943,-3.723145e-02
7944,3.735352e-02
7945,-3.161621e-02
7946,3.198242e-02
7947,-2.954102e-02
7948,2.807617e-02
7949,-2.319336e-02
7950,1.843262e-02
7951,-1.403809e-02
7952,1.110840e-02
7953,-5.615234e-03
7954,3.295898e-03
7955,4.394531e-03
7956,-8.544922e-03
7957,1.428223e-02
7958,-1.721191e-02
7959,2.148438e-02
7960,-2.465820e-02
7961,3.051758e-02
7962,-3.100586e-02
7963,3.454590e-02
7964,-3.503418e-02
7965,3.710938e-02
7966,-3.747559e-02
7967,3.918457e-02
7968,-3.662109e-02
7969,3.588867e-02
7970,-3.308105e-02
7971,3.283691e-02
7972,-3.002930e-02
7973,2.819824e-02
7974,-2.233887e-02
7975,1.843262e-02
7976,-1.367188e-02
7977,1.013184e-02
7978,-5.615234e-03
7979,2.319336e-03
7980,4.760742e-03
7981,-7.690430e-03
7982,1.428223e-02
7983,-1.635742e-02
7984,2.160645e-02
7985,-2.453613e-02
7986,2.868652e-02
7987,-3.125000e-02
7988,3.442383e-02
7989,-3.393555e-02
7990,3.735352e-02
7991,-3.808594e-02
7992,4.040527e-02
7993,-3.906250e-02
7994,3.662109e-02
7995,-3.503418e-02
7996,3.161621e-02
7997,-2.905273e-02
7998,2.612305e-02
7999,-2.282715e-02
8000,1.928711e-02
8001,-1.440430e-02
8002,1.123047e-02
8003,-5.249023e-03
8004,2.075195e-03
8005,3.417969e-03
8006,-9.277344e-03
8007,1.318359e-02
8008,-1.684570e-02
8009,2.160645e-02
8010,-2.380371e-02
8011,2.917480e-02
8012,-3.100586e-02
8013,3.527832e-02
8014,-3.540039e-02
8015,3.894043e-02
8016,-3.674316e-02
8017,3.942871e-02
8018,-3.735352e-02
8019,3.723145e-02
8020,-3.540039e-02
8021,3.308105e-02
8022,-2.917480e-02
8023,2.709961e-02
8024,-2.270508e-02
8025,1.965332e-02
8026,-1.281738e-02
8027,9.765625e-03
8028,-4.638672e-03
8029,1.831055e-03
8030,4.760742e-03
8031,-8.666992e-03
8032,1.428223e-02
8033,-1.721191e-02
8034,2.038574e-02
8035,-2.343750e-02
8036,2.929688e-02
8037,-3.173828e-02
8038,3.515625e-02
8039,-3.540039e-02
8040,3.759766e-02
8041,-3.637695e-02
8042,3.894043e-02
8043,-3.723145e-02
8044,3.710938e-02
8045,-3.491211e-02
8046,3.234863e-02
8047,-2.880859e-02
8048,2.856445e-02
8049,-2.380371e-02
8050,1.989746e-02
8051,-1.379395e-02
8052,1.123047e-02
8053,-5.615234e-03
8054,2.075195e-03
8055,5.004883e-03
8056,-8.544922e-03
8057,1.367188e-02
8058,-1.721191e-02
8059,2.209473e-02
8060,-2.416992e-02
8061,2.917480e-02
8062,-3.112793e-02
8063,3.454590e-02
8064,-3.515625e-02
8065,3.808594e-02
8066,-3.723145e-02
8067,3.894043e-02
8068,-3.710938e-02
8069,3.649902e-02
8070,-3.417969e-02
8071,3.320312e-02
8072,-2.978516e-02
8073,2.722168e-02
8074,-2.233887e-02
8075,2.001953e-02
8076,-1.342773e-02
8077,1.098633e-02
8078,-4.760742e-03
8079,7.324219e-04
8080,5.126953e-03
8081,-7.568359e-03
8082,1.342773e-02
8083,-1.818848e-02
8084,2.221680e-02
8085,-2.539062e-02
8086,2.893066e-02
8087,-3.198242e-02
8088,3.454590e-02
8089,-3.540039e-02
8090,3.820801e-02
8091,-3.698730e-02
8092,3.881836e-02
8093,-3.698730e-02
8094,3.759766e-02
8095,-3.356934e-02
8096,3.283691e-02
8097,-2.905273e-02
8098,2.746582e-02
8099,-2.209473e-02
8100,2.087402e-02
8101,-1.611328e-02
8102,1.208496e-02
8103,-5.493164e-03
8104,1.220703e-03
8105,4.394531e-03
8106,-7.446289e-03
8107,1.452637e-02
8108,-1.806641e-02
8109,2.221680e-02
8110,-2.575684e-02
8111,2.966309e-02
8112,-3.051758e-02
8113,3.417969e-02
8114,-3.527832e-02
8115,3.686523e-02
8116,-3.771973e-02
8117,3.906250e-02
8118,-3.674316e-02
8119,3.747559e-02
8120,-3.344727e-02
8121,3.320312e-02
8122,-2.954102e-02
8123,2.648926e-02
8124,-2.307129e-02
8125,2.026367e-02
8126,-1.416016e-02
8127,1.135254e-02
8128,-4.882812e-03
8129,1.586914e-03
8130,4.394531e-03
8131,-7.080078e-03
8132,1.330566e-02
8133,-1.574707e-02
8134,2.270508e-02
8135,-2.551270e-02
8136,3.002930e-02
8137,-3.149414e-02
8138,3.430176e-02
8139,-3.527832e-02
8140,3.808594e-02
8141,-3.833008e-02
8142,3.894043e-02
8143,-3.710938e-02
8144,3.735352e-02
8145,-3.430176e-02
8146,3.405762e-02
8147,-2.868652e-02
8148,2.661133e-02
8149,-2.246094e-02
8150,2.014160e-02
8151,-1.513672e-02
8152,1.123047e-02
8153,-4.638672e-03
8154,7.324219e-04
8155,2.807617e-03
8156,-8.178711e-03
8157,1.232910e-02
8158,-1.684570e-02
8159,2.258301e-02
8160,-2.429199e-02
8161,2.819824e-02
8162,-3.063965e-02
8163,3.344727e-02
8164,-3.601074e-02
8165,3.784180e-02
8166,-3.845215e-02
8167,3.735352e-02
8168,-3.796387e-02
8169,3.625488e-02
8170,-3.637695e-02
8171,3.344727e-02
8172,-3.002930e-02
8173,2.636719e-02
8174,-2.307129e-02
8175,1.855469e-02
8176,-1.379395e-02
8177,1.171875e-02
8178,-6.591797e-03
8179,1.342773e-03
8180,4.516602e-03
8181,-7.324219e-03
8182,1.330566e-02
8183,-1.574707e-02
8184,2.172852e-02
8185,-2.429199e-02
8186,2.856445e-02
8187,-3.149414e-02
8188,3.564453e-02
8189,-3.491211e-02
8190,3.808594e-02
8191,-3.833008e-02
8192,3.857422e-02
8193,-3.796387e-02
8194,3.686523e-02
8195,-3.491211e-02
8196,3.295898e-02
8197,-2.954102e-02
8198,2.709961e-02
8199,-2.307129e-02
8200,1.916504e-02
8201,-1.574707e-02
8202,1.025391e-02
8203,-4.638672e-03
8204,1.464844e-03
8205,4.760742e-03
8206,-6.713867e-03
8207,1.391602e-02
8208,-1.831055e-02
8209,2.246094e-02
8210,-2.514648e-02
8211,2.795410e-02
8212,-2.917480e-02
8213,3.393555e-02
8214,-3.515625e-02
8215,3.820801e-02
8216,-3.613281e-02
8217,3.991699e-02
8218,-3.674316e-02
8219,3.723145e-02
8220,-3.417969e-02
8221,3.320312e-02
8222,-3.076172e-02
8223,2.795410e-02
8224,-2.258301e-02
8225,2.001953e-02
8226,-1.477051e-02
8227,1.135254e-02
8228,-4.394531e-03
8229,2.075195e-03
8230,4.516602e-03
8231,-7.202148e-03
8232,1.318359e-02
8233,-1.647949e-02
8234,2.209473e-02
8235,-2.563477e-02
8236,2.917480e-02
8237,-3.222656e-02
8238,3.295898e-02
8239,-3.540039e-02
8240,3.662109e-02
8241,-3.771973e-02
8242,3.796387e-02
8243,-3.698730e-02
8244,3.833008e-02
8245,-3.393555e-02
8246,3.356934e-02
8247,-2.844238e-02
8248,2.795410e-02
8249,-2.441406e-02
8250,2.099609e-02
8251,-1.525879e-02
8252,1.147461e-02
8253,-5.859375e-03
8254,2.685547e-03
8255,4.394531e-03
8256,-8.178711e-03
8257,1.562500e-02
8258,-1.684570e-02
8259,2.246094e-02
8260,-2.478027e-02
8261,3.002930e-02
8262,-2.832031e-02
8263,3.320312e-02
8264,-3.454590e-02
8265,3.613281e-02
8266,-3.930664e-02
8267,3.808594e-02
8268,-3.845215e-02
8269,3.564453e-02
8270,-3.552246e-02
8271,3.320312e-02
8272,-2.954102e-02
8273,2.722168e-02
8274,-2.355957e-02
8275,1.928711e-02
8276,-1.440430e-02
8277,1.025391e-02
8278,-5.737305e-03
8279,1.098633e-03
8280,3.662109e-03
8281,-7.324219e-03
8282,1.257324e-02
8283,-1.684570e-02
8284,2.172852e-02
8285,-2.465820e-02
8286,2.783203e-02
8287,-3.100586e-02
8288,3.320312e-02
8289,-3.491211e-02
8290,3.796387e-02
8291,-3.820801e-02
8292,3.808594e-02
8293,-3.637695e-02
8294,3.686523e-02
8295,-3.369141e-02
8296,3.320312e-02
8297,-2.929688e-02
8298,2.832031e-02
8299,-2.307129e-02
8300,2.087402e-02
8301,-1.513672e-02
8302,1.110840e-02
8303,-5.737305e-03
8304,2.563477e-03
8305,3.784180e-03
8306,-7.934570e-03
8307,1.403809e-02
8308,-1.660156e-02
8309,2.307129e-02
8310,-2.539062e-02
8311,2.905273e-02
8312,-3.051758e-02
8313,3.442383e-02
8314,-3.503418e-02
8315,3.845215e-02
8316,-3.723145e-02
8317,3.820801e-02
8318,-3.662109e-02
8319,3.662109e-02
8320,-3.527832e-02
8321,3.295898e-02
8322,-3.051758e-02
8323,2.734375e-02
8324,-2.136230e-02
8325,2.038574e-02
8326,-1.379395e-02
8327,1.123047e-02
8328,-5.371094e-03
8329,2.319336e-03
8330,4.394531e-03
8331,-7.324219e-03
8332,1.293945e-02
8333,-1.782227e-02
8334,2.050781e-02
8335,-2.416992e-02
8336,2.905273e-02
8337,-3.210449e-02
8338,3.479004e-02
8339,-3.625488e-02
8340,3.735352e-02
8341,-3.698730e-02
8342,3.881836e-02
8343,-3.759766e-02
8344,3.710938e-02
8345,-3.430176e-02
8346,3.332520e-02
8347,-3.002930e-02
8348,2.807617e-02
8349,-2.282715e-02
8350,2.038574e-02
8351,-1.489258e-02
8352,1.037598e-02
8353,-5.249023e-03
8354,1.098633e-03
8355,4.150391e-03
8356,-7.202148e-03
8357,1.257324e-02
8358,-1.611328e-02
8359,2.124023e-02
8360,-2.600098e-02
8361,2.807617e-02
8362,-3.137207e-02
8363,3.234863e-02
8364,-3.637695e-02
8365,3.747559e-02
8366,-3.845215e-02
8367,3.796387e-02
8368,-3.845215e-02
8369,3.515625e-02
8370,-3.527832e-02
8371,3.356934e-02
8372,-3.002930e-02
8373,2.587891e-02
8374,-2.246094e-02
8375,2.062988e-02
8376,-1.489258e-02
8377,1.098633e-02
8378,-6.347656e-03
8379,0.000000e+00
8380,3.173828e-03
8381,-7.446289e-03
8382,1.232910e-02
8383,-1.623535e-02
8384,2.233887e-02
8385,-2.514648e-02
8386,2.832031e-02
8387,-3.210449e-02
8388,3.308105e-02
8389,-3.540039e-02
8390,3.601074e-02
8391,-3.906250e-02
8392,3.894043e-02
8393,-3.723145e-02
8394,3.649902e-02
8395,-3.540039e-02
8396,3.234863e-02
8397,-3.002930e-02
8398,2.563477e-02
8399,-2.331543e-02
8400,1.928711e-02
8401,-1.586914e-02
8402,1.098633e-02
8403,-7.812500e-03
8404,1.342773e-03
8405,3.540039e-03
8406,-8.422852e-03
8407,1.269531e-02
8408,-1.818848e-02
8409,2.124023e-02
8410,-2.551270e-02
8411,2.819824e-02
8412,-3.198242e-02
8413,3.393555e-02
8414,-3.613281e-02
8415,3.808594e-02
8416,-3.710938e-02
8417,3.747559e-02
8418,-3.637695e-02
8419,3.649902e-02
8420,-3.369141e-02
8421,3.149414e-02
8422,-2.868652e-02
8423,2.783203e-02
8424,-2.331543e-02
8425,2.014160e-02
8426,-1.354980e-02
8427,1.098633e-02
8428,-5.126953e-03
8429,1.586914e-03
8430,4.394531e-03
8431,-7.446289e-03
8432,1.257324e-02
8433,-1.647949e-02
8434,2.099609e-02
8435,-2.368164e-02
8436,2.929688e-02
8437,-3.137207e-02
8438,3.381348e-02
8439,-3.710938e-02
8440,3.808594e-02
8441,-3.723145e-02
8442,3.857422e-02
8443,-3.723145e-02
8444,3.735352e-02
8445,-3.430176e-02
8446,3.259277e-02
8447,-2.929688e-02
8448,2.709961e-02
8449,-2.539062e-02
8450,2.087402e-02
8451,2.624512e-02
8452,-2.160645e-02
8453,2.038574e-02
8454,-1.464844e-02
8455,1.062012e-02
8456,-4.516602e-03
8457,-2.441406e-04
8458,5.126953e-03
8459,-6.835938e-03
8460,1.318359e-02
8461,-1.745605e-02
8462,2.429199e-02
8463,-2.514648e-02
8464,3.149414e-02
8465,-3.173828e-02
8466,3.613281e-02
8467,-3.613281e-02
8468,3.747559e-02
8469,-3.649902e-02
8470,3.845215e-02
8471,-3.674316e-02
8472,3.747559e-02
8473,-3.491211e-02
8474,3.295898e-02
8475,-2.917480e-02
8476,2.709961e-02
8477,-2.209473e-02
8478,1.867676e-02
8479,-1.379395e-02
8480,1.025391e-02
8481,-4.394531e-03
8482,1.098633e-03
8483,4.516602e-03
8484,-7.934570e-03
8485,1.428223e-02
8486,-1.721191e-02
8487,2.319336e-02
8488,-2.502441e-02
8489,3.100586e-02
8490,-3.161621e-02
8491,3.479004e-02
8492,-3.442383e-02
8493,3.808594e-02
8494,-3.698730e-02
8495,3.857422e-02
8496,-3.698730e-02
8497,3.820801e-02
8498,-3.393555e-02
8499,3.234863e-02
8500,-2.941895e-02
8501,2.795410e-02
8502,-2.307129e-02
8503,1.916504e-02
8504,-1.306152e-02
8505,1.147461e-02
8506,-5.493164e-03
8507,1.220703e-03
8508,6.103516e-03
8509,-8.422852e-03
8510,1.342773e-02
8511,-1.586914e-02
8512,2.246094e-02
8513,-2.636719e-02
8514,3.112793e-02
8515,-3.051758e-02
8516,3.491211e-02
8517,-3.576660e-02
8518,3.833008e-02
8519,-3.845215e-02
8520,3.881836e-02
8521,-3.735352e-02
8522,3.637695e-02
8523,-3.393555e-02
8524,3.295898e-02
8525,-3.002930e-02
8526,2.636719e-02
8527,-2.355957e-02
8528,2.001953e-02
8529,-1.379395e-02
8530,1.000977e-02
8531,-3.906250e-03
8532,0.000000e+00
8533,4.516602e-03
8534,-9.521484e-03
8535,1.416016e-02
8536,-1.818848e-02
8537,2.209473e-02
8538,-2.624512e-02
8539,2.905273e-02
8540,-3.234863e-02
8541,3.552246e-02
8542,-3.515625e-02
8543,3.784180e-02
8544,-3.625488e-02
8545,3.894043e-02
8546,-3.540039e-02
8547,3.710938e-02
8548,-3.344727e-02
8549,3.417969e-02
8550,-2.929688e-02
8551,2.709961e-02
8552,-2.124023e-02
8553,1.928711e-02
8554,-1.245117e-02
8555,1.074219e-02
8556,-5.493164e-03
8557,8.544922e-04
8558,4.272461e-03
8559,-7.934570e-03
8560,1.525879e-02
8561,-1.672363e-02
8562,2.343750e-02
8563,-2.551270e-02
8564,2.966309e-02
8565,-2.844238e-02
8566,3.417969e-02
8567,-3.613281e-02
8568,3.955078e-02
8569,-3.674316e-02
8570,3.857422e-02
8571,-3.576660e-02
8572,3.784180e-02
8573,-3.442383e-02
8574,3.234863e-02
8575,-2.905273e-02
8576,2.709961e-02
8577,-2.270508e-02
8578,2.026367e-02
8579,-1.330566e-02
8580,1.098633e-02
8581,-4.516602e-03
8582,3.662109e-04
8583,5.981445e-03
8584,-8.178711e-03
8585,1.428223e-02
8586,-1.721191e-02
8587,2.416992e-02
8588,-2.563477e-02
8589,3.027344e-02
8590,-3.051758e-02
8591,3.405762e-02
8592,-3.503418e-02
8593,3.784180e-02
8594,-3.796387e-02
8595,3.796387e-02
8596,-3.649902e-02
8597,3.625488e-02
8598,-3.491211e-02
8599,3.259277e-02
8600,-2.880859e-02
8601,2.685547e-02
8602,-2.319336e-02
8603,1.916504e-02
8604,-1.464844e-02
8605,1.025391e-02
8606,-3.906250e-03
8607,7.324219e-04
8608,4.638672e-03
8609,-7.324219e-03
8610,1.416016e-02
8611,-1.782227e-02
8612,2.331543e-02
8613,-2.539062e-02
8614,3.039551e-02
8615,-3.210449e-02
8616,3.430176e-02
8617,-3.564453e-02
8618,3.845215e-02
8619,-3.759766e-02
8620,3.796387e-02
8621,-3.613281e-02
8622,3.710938e-02
8623,-3.503418e-02
8624,3.295898e-02
8625,-2.905273e-02
8626,2.600098e-02
8627,-2.246094e-02
8628,1.965332e-02
8629,-1.440430e-02
8630,1.049805e-02
8631,-2.807617e-03
8632,1.220703e-03
8633,5.371094e-03
8634,-8.178711e-03
8635,1.513672e-02
8636,-1.733398e-02
8637,2.209473e-02
8638,-2.331543e-02
8639,2.966309e-02
8640,-3.137207e-02
8641,3.649902e-02
8642,-3.613281e-02
8643,3.662109e-02
8644,-3.662109e-02
8645,3.808594e-02
8646,-3.857422e-02
8647,3.662109e-02
8648,-3.503418e-02
8649,3.320312e-02
8650,-2.966309e-02
8651,2.612305e-02
8652,-2.185059e-02
8653,1.928711e-02
8654,-1.330566e-02
8655,1.025391e-02
8656,-4.516602e-03
8657,1.098633e-03
8658,4.394531e-03
8659,-8.422852e-03
8660,1.367188e-02
8661,-1.672363e-02
8662,2.209473e-02
8663,-2.526855e-02
8664,2.917480e-02
8665,-3.222656e-02
8666,3.454590e-02
8667,-3.662109e-02
8668,3.784180e-02
8669,-3.771973e-02
8670,3.759766e-02
8671,-3.698730e-02
8672,3.747559e-02
8673,-3.430176e-02
8674,3.308105e-02
8675,-3.002930e-02
8676,2.722168e-02
8677,-2.124023e-02
8678,1.867676e-02
8679,-1.379395e-02
8680,1.025391e-02
8681,-4.760742e-03
8682,3.662109e-04
8683,4.272461e-03
8684,-1.025391e-02
8685,1.220703e-02
8686,-1.916504e-02
8687,2.160645e-02
8688,-2.673340e-02
8689,2.844238e-02
8690,-3.125000e-02
8691,3.430176e-02
8692,-3.576660e-02
8693,3.820801e-02
8694,-3.576660e-02
8695,3.857422e-02
8696,-3.723145e-02
8697,3.759766e-02
8698,-3.369141e-02
8699,3.417969e-02
8700,-3.015137e-02
8701,2.783203e-02
8702,-2.136230e-02
8703,1.892090e-02
8704,-1.306152e-02
8705,1.037598e-02
8706,-5.371094e-03
8707,8.544922e-04
8708,3.662109e-03
8709,-9.155273e-03
8710,1.428223e-02
8711,-1.721191e-02
8712,2.319336e-02
8713,-2.404785e-02
8714,2.917480e-02
8715,-3.076172e-02
8716,3.454590e-02
8717,-3.637695e-02
8718,3.808594e-02
8719,-3.796387e-02
8720,3.857422e-02
8721,-3.576660e-02
8722,3.698730e-02
8723,-3.405762e-02
8724,3.344727e-02
8725,-2.978516e-02
8726,2.807617e-02
8727,-2.221680e-02
8728,1.818848e-02
8729,-1.330566e-02
8730,9.765625e-03
8731,-4.516602e-03
8732,2.441406e-04
8733,4.516602e-03
8734,-9.399414e-03
8735,1.391602e-02
8736,-1.940918e-02
8737,2.172852e-02
8738,-2.563477e-02
8739,2.832031e-02
8740,-3.198242e-02
8741,3.442383e-02
8742,-3.662109e-02
8743,3.820801e-02
8744,-3.857422e-02
8745,3.833008e-02
8746,-3.674316e-02
8747,3.564453e-02
8748,-3.369141e-02
8749,3.283691e-02
8750,-2.966309e-02
8751,2.648926e-02
8752,-2.160645e-02
8753,1.818848e-02
8754,-1.440430e-02
8755,1.135254e-02
8756,-5.371094e-03
8757,1.342773e-03
8758,5.004883e-03
8759,-7.690430e-03
8760,1.306152e-02
8761,-1.831055e-02
8762,2.294922e-02
8763,-2.575684e-02
8764,2.844238e-02
8765,-3.137207e-02
8766,3.442383e-02
8767,-3.723145e-02
8768,3.845215e-02
8769,-3.723145e-02
8770,3.747559e-02
8771,-3.723145e-02
8772,3.649902e-02
8773,-3.430176e-02
8774,3.283691e-02
8775,-3.015137e-02
8776,2.758789e-02
8777,-2.270508e-02
8778,1.818848e-02
8779,-1.367188e-02
8780,1.110840e-02
8781,-5.737305e-03
8782,7.324219e-04
8783,5.493164e-03
8784,-8.789062e-03
8785,1.208496e-02
8786,-1.831055e-02
8787,2.233887e-02
8788,-2.636719e-02
8789,2.966309e-02
8790,-3.198242e-02
8791,3.356934e-02
8792,-3.540039e-02
8793,3.808594e-02
8794,-3.796387e-02
8795,4.077148e-02
8796,-3.759766e-02
8797,3.588867e-02
8798,-3.356934e-02
8799,3.198242e-02
8800,-2.978516e-02
8801,2.563477e-02
8802,-2.368164e-02
8803,1.867676e-02
8804,-1.452637e-02
8805,1.123047e-02
8806,-5.615234e-03
8807,1.220703e-03
8808,5.004883e-03
8809,-1.049805e-02
8810,1.354980e-02
8811,-1.904297e-02
8812,2.026367e-02
8813,-2.465820e-02
8814,2.807617e-02
8815,-3.222656e-02
8816,3.442383e-02
8817,-3.674316e-02
8818,3.796387e-02
8819,-3.820801e-02
8820,3.747559e-02
8821,-3.613281e-02
8822,3.588867e-02
8823,-3.393555e-02
8824,3.417969e-02
8825,-3.015137e-02
8826,2.612305e-02
8827,-2.404785e-02
8828,1.916504e-02
8829,-1.428223e-02
8830,1.062012e-02
8831,-4.638672e-03
8832,2.441406e-04
8833,4.028320e-03
8834,-8.178711e-03
8835,1.354980e-02
8836,-1.745605e-02
8837,2.294922e-02
8838,-2.526855e-02
8839,3.051758e-02
8840,-3.198242e-02
8841,3.454590e-02
8842,-3.430176e-02
8843,3.796387e-02
8844,-3.710938e-02
8845,3.747559e-02
8846,-3.747559e-02
8847,3.649902e-02
8848,-3.466797e-02
8849,3.295898e-02
8850,-2.856445e-02
8851,2.758789e-02
8852,-2.209473e-02
8853,2.111816e-02
8854,-1.440430e-02
8855,1.025391e-02
8856,-5.737305e-03
8857,3.662109e-04
8858,4.394531e-03
8859,-8.300781e-03
8860,1.354980e-02
8861,-1.831055e-02
8862,2.368164e-02
8863,-2.502441e-02
8864,2.954102e-02
8865,-3.076172e-02
8866,3.405762e-02
8867,-3.698730e-02
8868,3.759766e-02
8869,-3.796387e-02
8870,3.796387e-02
8871,-3.698730e-02
8872,3.601074e-02
8873,-3.552246e-02
8874,3.259277e-02
8875,-3.015137e-02
8876,2.624512e-02
8877,-2.331543e-02
8878,1.965332e-02
8879,-1.428223e-02
8880,1.098633e-02
8881,-5.126953e-03
8882,0.000000e+00
8883,4.272461e-03
8884,-8.789062e-03
8885,1.306152e-02
8886,-1.721191e-02
8887,2.197266e-02
8888,-2.612305e-02
8889,2.905273e-02
8890,-3.295898e-02
8891,3.430176e-02
8892,-3.527832e-02
8893,3.808594e-02
8894,-3.710938e-02
8895,3.906250e-02
8896,-3.649902e-02
8897,3.637695e-02
8898,-3.369141e-02
8899,3.295898e-02
8900,-2.978516e-02
8901,2.734375e-02
8902,-2.246094e-02
8903,1.843262e-02
8904,-1.379395e-02
8905,1.171875e-02
8906,-6.225586e-03
8907,1.831055e-03
8908,5.371094e-03
8909,-8.300781e-03
8910,1.403809e-02
8911,-1.574707e-02
8912,2.221680e-02
8913,-2.368164e-02
8914,2.917480e-02
8915,-3.259277e-02
8916,3.442383e-02
8917,-3.552246e-02
8918,3.784180e-02
8919,-3.735352e-02
8920,3.845215e-02
8921,-3.637695e-02
8922,3.698730e-02
8923,-3.393555e-02
8924,3.234863e-02
8925,-2.917480e-02
8926,2.709961e-02
8927,-2.246094e-02
8928,2.001953e-02
8929,-1.342773e-02
8930,1.013184e-02
8931,-5.249023e-03
8932,2.563477e-03
8933,4.760742e-03
8934,-7.446289e-03
8935,1.477051e-02
8936,-1.635742e-02
8937,2.221680e-02
8938,-2.514648e-02
8939,2.868652e-02
8940,-3.137207e-02
8941,3.503418e-02
8942,-3.625488e-02
8943,3.759766e-02
8944,-3.710938e-02
8945,3.796387e-02
8946,-3.771973e-02
8947,3.747559e-02
8948,-3.503418e-02
8949,3.161621e-02
8950,-2.917480e-02
8951,2.832031e-02
8952,-2.355957e-02
8953,2.038574e-02
8954,-1.513672e-02
8955,1.013184e-02
8956,-4.882812e-03
8957,-2.441406e-04
8958,5.004883e-03
8959,-8.422852e-03
8960,1.318359e-02
8961,-1.806641e-02
8962,2.136230e-02
8963,-2.600098e-02
8964,2.868652e-02
8965,-3.112793e-02
8966,3.479004e-02
8967,-3.503418e-02
8968,3.894043e-02
8969,-3.771973e-02
8970,3.747559e-02
8971,-3.674316e-02
8972,3.637695e-02
8973,-3.527832e-02
8974,3.320312e-02
8975,-3.015137e-02
8976,2.624512e-02
8977,-2.209473e-02
8978,1.953125e-02
8979,-1.477051e-02
8980,1.037598e-02
8981,-6.103516e-03
8982,2.441406e-04
8983,4.394531e-03
8984,-8.178711e-03
8985,1.318359e-02
8986,-1.672363e-02
8987,2.197266e-02
8988,-2.624512e-02
8989,2.990723e-02
8990,-3.271484e-02
8991,3.405762e-02
8992,-3.503418e-02
8993,3.845215e-02
8994,-3.857422e-02
8995,3.906250e-02
8996,-3.613281e-02
8997,3.735352e-02
8998,-3.344727e-02
8999,3.381348e-02
9000,-2.832031e-02
9001,2.734375e-02
9002,-2.258301e-02
9003,1.916504e-02
9004,-1.330566e-02
9005,9.643555e-03
9006,-4.516602e-03
9007,7.324219e-04
9008,4.760742e-03
9009,-9.643555e-03
9010,1.293945e-02
9011,-1.647949e-02
9012,2.148438e-02
9013,-2.478027e-02
9014,3.051758e-02
9015,-3.076172e-02
9016,3.527832e-02
9017,-3.637695e-02
9018,3.588867e-02
9019,-3.674316e-02
9020,3.710938e-02
9021,-3.820801e-02
9022,3.723145e-02
9023,-3.430176e-02
9024,3.405762e-02
9025,-2.978516e-02
9026,2.722168e-02
9027,-2.111816e-02
9028,2.026367e-02
9029,-1.464844e-02
9030,1.245117e-02
9031,-3.906250e-03
9032,1.098633e-03
9033,6.958008e-03
9034,-7.812500e-03
9035,1.318359e-02
9036,-1.806641e-02
9037,2.246094e-02
9038,-2.563477e-02
9039,2.795410e-02
9040,-3.076172e-02
9041,3.344727e-02
9042,-3.564453e-02
9043,3.796387e-02
9044,-3.759766e-02
9045,3.723145e-02
9046,-3.662109e-02
9047,3.649902e-02
9048,-3.442383e-02
9049,3.356934e-02
9050,-2.856445e-02
9051,2.624512e-02
9052,-2.282715e-02
9053,1.940918e-02
9054,-1.538086e-02
9055,1.025391e-02
9056,-4.882812e-03
9057,1.220703e-03
9058,4.272461e-03
9059,-8.911133e-03
9060,1.440430e-02
9061,-1.879883e-02
9062,2.233887e-02
9063,-2.551270e-02
9064,2.954102e-02
9065,-3.137207e-02
9066,3.320312e-02
9067,-3.576660e-02
9068,3.808594e-02
9069,-3.771973e-02
9070,3.784180e-02
9071,-3.649902e-02
9072,3.759766e-02
9073,-3.405762e-02
9074,3.344727e-02
9075,-2.954102e-02
9076,2.685547e-02
9077,-2.282715e-02
9078,1.892090e-02
9079,-1.354980e-02
9080,1.037598e-02
9081,-5.371094e-03
9082,8.544922e-04
9083,5.249023e-03
9084,-7.446289e-03
9085,1.330566e-02
9086,-1.745605e-02
9087,2.099609e-02
9088,-2.404785e-02
9089,2.917480e-02
9090,-3.125000e-02
9091,3.491211e-02
9092,-3.649902e-02
9093,3.662109e-02
9094,-3.894043e-02
9095,3.881836e-02
9096,-3.759766e-02
9097,3.527832e-02
9098,-3.430176e-02
9099,3.344727e-02
9100,-3.002930e-02
9101,2.636719e-02
9102,-2.172852e-02
9103,1.989746e-02
9104,-1.513672e-02
9105,1.196289e-02
9106,-5.493164e-03
9107,1.342773e-03
9108,3.662109e-03
9109,-8.544922e-03
9110,1.416016e-02
9111,-1.867676e-02
9112,2.233887e-02
9113,-2.526855e-02
9114,2.966309e-02
9115,-3.173828e-02
9116,3.515625e-02
9117,-3.710938e-02
9118,3.808594e-02
9119,-3.955078e-02
9120,3.833008e-02
9121,-3.723145e-02
9122,3.747559e-02
9123,-3.576660e-02
9124,3.356934e-02
9125,-2.856445e-02
9126,2.600098e-02
9127,-2.258301e-02
9128,1.940918e-02
9129,-1.379395e-02
9130,1.110840e-02
9131,-5.249023e-03
9132,1.464844e-03
9133,2.319336e-03
9134,-8.300781e-03
9135,1.306152e-02
9136,-1.867676e-02
9137,2.099609e-02
9138,-2.502441e-02
9139,2.819824e-02
9140,-3.222656e-02
9141,3.430176e-02
9142,-3.552246e-02
9143,3.637695e-02
9144,-3.735352e-02
9145,3.735352e-02
9146,-3.759766e-02
9147,3.613281e-02
9148,-3.540039e-02
9149,3.295898e-02
9150,-3.002930e-02
9151,2.636719e-02
9152,-2.441406e-02
9153,1.916504e-02
9154,-1.379395e-02
9155,1.062012e-02
9156,-4.516602e-03
9157,2.319336e-03
9158,4.516602e-03
9159,-7.446289e-03
9160,1.513672e-02
9161,-1.806641e-02
9162,2.221680e-02
9163,-2.575684e-02
9164,2.844238e-02
9165,-3.149414e-02
9166,3.540039e-02
9167,-3.552246e-02
9168,3.833008e-02
9169,-3.625488e-02
9170,3.820801e-02
9171,-3.649902e-02
9172,3.747559e-02
9173,-3.344727e-02
9174,3.295898e-02
9175,-2.880859e-02
9176,2.856445e-02
9177,-2.185059e-02
9178,1.965332e-02
9179,-1.330566e-02
9180,9.155273e-03
9181,-4.516602e-03
9182,1.098633e-03
9183,4.272461e-03
9184,-7.568359e-03
9185,1.342773e-02
9186,-1.745605e-02
9187,2.221680e-02
9188,-2.526855e-02
9189,2.941895e-02
9190,-3.076172e-02
9191,3.503418e-02
9192,-3.527832e-02
9193,3.857422e-02
9194,-3.796387e-02
9195,3.845215e-02
9196,-3.662109e-02
9197,3.613281e-02
9198,-3.503418e-02
9199,3.356934e-02
9200,-3.100586e-02
9201,2.636719e-02
9202,-2.331543e-02
9203,2.014160e-02
9204,-1.379395e-02
9205,1.110840e-02
9206,-3.906250e-03
9207,-1.342773e-03
9208,4.394531e-03
9209,-9.155273e-03
9210,1.367188e-02
9211,-1.672363e-02
9212,2.209473e-02
9213,-2.563477e-02
9214,2.844238e-02
9215,-3.137207e-02
9216,3.332520e-02
9217,-3.601074e-02
9218,3.796387e-02
9219,-3.869629e-02
9220,3.759766e-02
9221,-3.857422e-02
9222,3.601074e-02
9223,-3.430176e-02
9224,3.234863e-02
9225,-2.905273e-02
9226,2.648926e-02
9227,-2.136230e-02
9228,1.989746e-02
9229,-1.477051e-02
9230,1.220703e-02
9231,-5.493164e-03
9232,1.098633e-03
9233,5.493164e-03
9234,-8.422852e-03
9235,1.550293e-02
9236,-1.562500e-02
9237,2.197266e-02
9238,-2.319336e-02
9239,2.929688e-02
9240,-3.149414e-02
9241,3.503418e-02
9242,-3.698730e-02
9243,3.991699e-02
9244,-3.747559e-02
9245,3.759766e-02
9246,-3.747559e-02
9247,3.601074e-02
9248,-3.540039e-02
9249,3.295898e-02
9250,-2.978516e-02
9251,2.746582e-02
9252,-2.246094e-02
9253,1.904297e-02
9254,-1.342773e-02
9255,1.196289e-02
9256,-6.835938e-03
9257,2.319336e-03
9258,4.394531e-03
9259,-7.202148e-03
9260,1.330566e-02
9261,-1.757812e-02
9262,2.087402e-02
9263,-2.563477e-02
9264,3.002930e-02
9265,-3.149414e-02
9266,3.491211e-02
9267,-3.540039e-02
9268,3.662109e-02
9269,-3.698730e-02
9270,3.930664e-02
9271,-3.662109e-02
9272,3.723145e-02
9273,-3.332520e-02
9274,3.405762e-02
9275,-2.941895e-02
9276,2.685547e-02
9277,-2.331543e-02
9278,2.014160e-02
9279,-1.403809e-02
9280,1.098633e-02
9281,-5.126953e-03
9282,1.464844e-03
9283,2.685547e-03
9284,-7.324219e-03
9285,1.330566e-02
9286,-1.818848e-02
9287,2.331543e-02
9288,-2.465820e-02
9289,2.722168e-02
9290,-3.051758e-02
9291,3.601074e-02
9292,-3.710938e-02
9293,3.820801e-02
9294,-3.613281e-02
9295,3.881836e-02
9296,-3.649902e-02
9297,3.662109e-02
9298,-3.442383e-02
9299,3.198242e-02
9300,-2.978516e-02
9301,2.734375e-02
9302,-2.270508e-02
9303,2.026367e-02
9304,-1.513672e-02
9305,1.159668e-02
9306,-6.225586e-03
9307,2.319336e-03
9308,4.150391e-03
9309,-7.568359e-03
9310,1.391602e-02
9311,-1.770020e-02
9312,2.209473e-02
9313,-2.636719e-02
9314,2.905273e-02
9315,-3.076172e-02
9316,3.332520e-02
9317,-3.576660e-02
9318,3.845215e-02
9319,-3.796387e-02
9320,3.710938e-02
9321,-3.808594e-02
9322,3.710938e-02
9323,-3.515625e-02
9324,3.320312e-02
9325,-2.978516e-02
9326,2.722168e-02
9327,-2.307129e-02
9328,1.904297e-02
9329,-1.464844e-02
9330,1.110840e-02
9331,-4.638672e-03
9332,-2.441406e-04
9333,4.760742e-03
9334,-8.178711e-03
9335,1.269531e-02
9336,-1.647949e-02
9337,2.221680e-02
9338,-2.563477e-02
9339,2.929688e-02
9340,-3.076172e-02
9341,3.515625e-02
9342,-3.601074e-02
9343,3.747559e-02
9344,-3.747559e-02
9345,3.710938e-02
9346,-3.613281e-02
9347,3.784180e-02
9348,-3.491211e-02
9349,3.320312e-02
9350,-3.002930e-02
9351,2.624512e-02
9352,-2.319336e-02
9353,1.867676e-02
9354,-1.416016e-02
9355,1.074219e-02
9356,-5.859375e-03
9357,1.098633e-03
9358,3.417969e-03
9359,-7.446289e-03
9360,1.354980e-02
9361,-1.782227e-02
9362,2.307129e-02
9363,-2.355957e-02
9364,2.844238e-02
9365,-3.198242e-02
9366,3.527832e-02
9367,-3.515625e-02
9368,3.735352e-02
9369,-3.698730e-02
9370,3.906250e-02
9371,-3.723145e-02
9372,3.747559e-02
9373,-3.417969e-02
9374,3.405762e-02
9375,-2.929688e-02
9376,2.709961e-02
9377,-2.233887e-02
9378,1.953125e-02
9379,-1.342773e-02
9380,1.049805e-02
9381,-5.126953e-03
9382,3.051758e-03
9383,4.394531e-03
9384,-7.324219e-03
9385,1.342773e-02
9386,-1.745605e-02
9387,2.258301e-02
9388,-2.441406e-02
9389,2.893066e-02
9390,-3.198242e-02
9391,3.430176e-02
9392,-3.466797e-02
9393,3.881836e-02
9394,-3.710938e-02
9395,3.820801e-02
9396,-3.564453e-02
9397,3.735352e-02
9398,-3.454590e-02
9399,3.259277e-02
9400,-2.966309e-02
9401,2.795410e-02
9402,-2.307129e-02
9403,2.209473e-02
9404,-1.464844e-02
9405,1.025391e-02
9406,-4.394531e-03
9407,1.220703e-04
9408,4.150391e-03
9409,-8.300781e-03
9410,1.245117e-02
9411,-1.721191e-02
9412,2.233887e-02
9413,-2.539062e-02
9414,2.893066e-02
9415,-3.076172e-02
9416,3.381348e-02
9417,-3.649902e-02
9418,3.735352e-02
9419,-3.747559e-02
9420,3.857422e-02
9421,-3.637695e-02
9422,3.649902e-02
9423,-3.503418e-02
9424,3.332520e-02
9425,-2.929688e-02
9426,2.624512e-02
9427,-2.282715e-02
9428,2.001953e-02
9429,-1.574707e-02
9430,1.147461e-02
9431,-5.249023e-03
9432,3.662109e-04
9433,4.150391e-03
9434,-7.690430e-03
9435,1.245117e-02
9436,-1.660156e-02
9437,2.294922e-02
9438,-2.612305e-02
9439,2.990723e-02
9440,-3.234863e-02
9441,3.430176e-02
9442,-3.625488e-02
9443,3.784180e-02
9444,-3.759766e-02
9445,3.845215e-02
9446,-3.710938e-02
9447,3.747559e-02
9448,-3.503418e-02
9449,3.405762e-02
9450,-2.978516e-02
9451,2.844238e-02
9452,-2.404785e-02
9453,2.001953e-02
9454,-1.440430e-02
9455,1.074219e-02
9456,-5.126953e-03
9457,1.831055e-03
9458,5.004883e-03
9459,-8.666992e-03
9460,1.342773e-02
9461,-1.635742e-02
9462,2.258301e-02
9463,-2.502441e-02
9464,2.917480e-02
9465,-3.271484e-02
9466,3.442383e-02
9467,-3.552246e-02
9468,3.894043e-02
9469,-3.710938e-02
9470,3.833008e-02
9471,-3.735352e-02
9472,3.552246e-02
9473,-3.430176e-02
9474,3.295898e-02
9475,-2.929688e-02
9476,2.868652e-02
9477,-2.233887e-02
9478,1.989746e-02
9479,-1.367188e-02
9480,1.159668e-02
9481,-6.103516e-03
9482,3.295898e-03
9483,5.615234e-03
9484,-8.544922e-03
9485,1.330566e-02
9486,-1.684570e-02
9487,2.014160e-02
9488,-2.429199e-02
9489,2.941895e-02
9490,-3.173828e-02
9491,3.393555e-02
9492,-3.442383e-02
9493,3.857422e-02
9494,-3.662109e-02
9495,3.906250e-02
9496,-3.515625e-02
9497,3.759766e-02
9498,-3.393555e-02
9499,3.320312e-02
9500,-2.954102e-02
9501,2.746582e-02
9502,-2.246094e-02
9503,2.014160e-02
9504,-1.477051e-02
9505,1.123047e-02
9506,-6.347656e-03
9507,1.098633e-03
9508,4.638672e-03
9509,-9.277344e-03
9510,1.477051e-02
9511,-1.708984e-02
9512,2.221680e-02
9513,-2.551270e-02
9514,2.868652e-02
9515,-3.076172e-02
9516,3.479004e-02
9517,-3.552246e-02
9518,3.796387e-02
9519,-3.771973e-02
9520,3.820801e-02
9521,-3.674316e-02
9522,3.723145e-02
9523,-3.417969e-02
9524,3.320312e-02
9525,-3.027344e-02
9526,2.783203e-02
9527,-2.282715e-02
9528,2.087402e-02
9529,-1.428223e-02
9530,1.159668e-02
9531,-4.760742e-03
9532,1.586914e-03
9533,4.272461e-03
9534,-6.713867e-03
9535,1.354980e-02
9536,-1.745605e-02
9537,2.270508e-02
9538,-2.404785e-02
9539,2.954102e-02
9540,-3.039551e-02
9541,3.405762e-02
9542,-3.625488e-02
9543,3.820801e-02
9544,-3.820801e-02
9545,3.955078e-02
9546,-3.625488e-02
9547,3.808594e-02
9548,-3.503418e-02
9549,3.430176e-02
9550,-3.002930e-02
9551,2.685547e-02
9552,-2.270508e-02
9553,1.916504e-02
9554,-1.708984e-02
9555,1.110840e-02
9556,-6.103516e-03
9557,1.098633e-03
9558,6.103516e-03
9559,-7.568359e-03
9560,1.257324e-02
9561,-1.550293e-02
9562,2.270508e-02
9563,-2.539062e-02
9564,3.027344e-02
9565,-3.039551e-02
9566,3.393555e-02
9567,-3.540039e-02
9568,3.613281e-02
9569,-3.747559e-02
9570,3.820801e-02
9571,-3.710938e-02
9572,3.808594e-02
9573,-3.295898e-02
9574,3.479004e-02
9575,-2.905273e-02
9576,2.709961e-02
9577,-2.343750e-02
9578,1.965332e-02
9579,-1.440430e-02
9580,1.037598e-02
9581,-5.737305e-03
9582,2.319336e-03
9583,2.319336e-03
9584,-8.178711e-03
9585,1.293945e-02
9586,-1.684570e-02
9587,2.209473e-02
9588,-2.465820e-02
9589,2.905273e-02
9590,-3.063965e-02
9591,3.356934e-02
9592,-3.332520e-02
9593,3.735352e-02
9594,-3.723145e-02
9595,-1.550293e-02
9596,9.765625e-03
9597,-4.516602e-03
9598,-3.662109e-04
9599,5.615234e-03
9600,-8.544922e-03
9601,1.220703e-02
9602,-1.855469e-02
9603,2.233887e-02
9604,-2.770996e-02
9605,2.917480e-02
9606,-3.063965e-02
9607,3.442383e-02
9608,-3.576660e-02
9609,3.649902e-02
9610,-3.747559e-02
9611,3.735352e-02
9612,-3.698730e-02
9613,3.454590e-02
9614,-3.503418e-02
9615,3.210449e-02
9616,-3.051758e-02
9617,2.648926e-02
9618,-2.319336e-02
9619,1.794434e-02
9620,-1.306152e-02
9621,9.765625e-03
9622,-4.394531e-03
9623,-2.441406e-04
9624,5.371094e-03
9625,-1.037598e-02
9626,1.330566e-02
9627,-1.867676e-02
9628,2.343750e-02
9629,-2.575684e-02
9630,2.954102e-02
9631,-3.100586e-02
9632,3.552246e-02
9633,-3.564453e-02
9634,3.723145e-02
9635,-3.869629e-02
9636,3.662109e-02
9637,-3.747559e-02
9638,3.698730e-02
9639,-3.503418e-02
9640,3.161621e-02
9641,-3.027344e-02
9642,2.539062e-02
9643,-2.380371e-02
9644,1.855469e-02
9645,-1.416016e-02
9646,8.666992e-03
9647,-4.882812e-03
9648,0.000000e+00
9649,4.638672e-03
9650,-1.013184e-02
9651,1.477051e-02
9652,-1.855469e-02
9653,2.258301e-02
9654,-2.697754e-02
9655,3.015137e-02
9656,-3.100586e-02
9657,3.356934e-02
9658,-3.625488e-02
9659,3.735352e-02
9660,-3.869629e-02
9661,3.759766e-02
9662,-3.637695e-02
9663,3.540039e-02
9664,-3.466797e-02
9665,3.247070e-02
9666,-3.027344e-02
9667,2.636719e-02
9668,-2.282715e-02
9669,1.770020e-02
9670,-1.379395e-02
9671,9.765625e-03
9672,-4.516602e-03
9673,7.324219e-04
9674,5.249023e-03
9675,-1.049805e-02
9676,1.403809e-02
9677,-1.818848e-02
9678,2.331543e-02
9679,-2.697754e-02
9680,2.929688e-02
9681,-3.161621e-02
9682,3.417969e-02
9683,-3.649902e-02
9684,3.698730e-02
9685,-3.771973e-02
9686,3.723145e-02
9687,-3.759766e-02
9688,3.662109e-02
9689,-3.454590e-02
9690,3.210449e-02
9691,-2.966309e-02
9692,2.624512e-02
9693,-2.270508e-02
9694,1.806641e-02
9695,-1.489258e-02
9696,1.025391e-02
9697,-4.394531e-03
9698,6.103516e-04
9699,5.249023e-03
9700,-9.887695e-03
9701,1.428223e-02
9702,-1.757812e-02
9703,2.172852e-02
9704,-2.551270e-02
9705,2.929688e-02
9706,-3.222656e-02
9707,3.491211e-02
9708,-3.625488e-02
9709,3.784180e-02
9710,-3.710938e-02
9711,3.857422e-02
9712,-3.723145e-02
9713,3.820801e-02
9714,-3.564453e-02
9715,3.234863e-02
9716,-2.880859e-02
9717,2.563477e-02
9718,-2.221680e-02
9719,1.733398e-02
9720,-1.367188e-02
9721,9.765625e-03
9722,-5.126953e-03
9723,-4.882812e-04
9724,5.004883e-03
9725,-1.025391e-02
9726,1.403809e-02
9727,-1.818848e-02
9728,2.294922e-02
9729,-2.551270e-02
9730,3.015137e-02
9731,-3.247070e-02
9732,3.442383e-02
9733,-3.552246e-02
9734,3.601074e-02
9735,-3.869629e-02
9736,3.808594e-02
9737,-3.857422e-02
9738,3.698730e-02
9739,-3.466797e-02
9740,3.100586e-02
9741,-2.819824e-02
9742,2.551270e-02
9743,-2.172852e-02
9744,1.940918e-02
9745,-1.379395e-02
9746,9.399414e-03
9747,-3.662109e-03
9748,-6.103516e-04
9749,3.417969e-03
9750,-8.300781e-03
9751,1.428223e-02
9752,-1.867676e-02
9753,2.392578e-02
9754,-2.563477e-02
9755,2.905273e-02
9756,-3.173828e-02
9757,3.393555e-02
9758,-3.649902e-02
9759,3.796387e-02
9760,-3.698730e-02
9761,3.906250e-02
9762,-3.735352e-02
9763,3.845215e-02
9764,-3.466797e-02
9765,3.222656e-02
9766,-2.770996e-02
9767,2.746582e-02
9768,-2.246094e-02
9769,2.062988e-02
9770,-1.416016e-02
9771,9.521484e-03
9772,-4.150391e-03
9773,3.662109e-04
9774,4.638672e-03
9775,-9.643555e-03
9776,1.367188e-02
9777,-1.733398e-02
9778,2.258301e-02
9779,-2.575684e-02
9780,3.027344e-02
9781,-3.247070e-02
9782,3.527832e-02
9783,-3.625488e-02
9784,3.894043e-02
9785,-3.857422e-02
9786,3.796387e-02
9787,-3.637695e-02
9788,3.515625e-02
9789,-3.369141e-02
9790,3.198242e-02
9791,-2.978516e-02
9792,2.612305e-02
9793,-2.270508e-02
9794,1.794434e-02
9795,-1.330566e-02
9796,9.521484e-03
9797,-5.615234e-03
9798,6.103516e-04
9799,5.493164e-03
9800,-9.887695e-03
9801,1.428223e-02
9802,-1.843262e-02
9803,2.319336e-02
9804,-2.636719e-02
9805,3.100586e-02
9806,-3.100586e-02
9807,3.417969e-02
9808,-3.564453e-02
9809,3.710938e-02
9810,-3.808594e-02
9811,3.747559e-02
9812,-3.747559e-02
9813,3.588867e-02
9814,-3.454590e-02
9815,3.186035e-02
9816,-2.880859e-02
9817,2.661133e-02
9818,-2.221680e-02
9819,2.001953e-02
9820,-1.330566e-02
9821,1.037598e-02
9822,-4.638672e-03
9823,1.220703e-03
9824,5.493164e-03
9825,-8.178711e-03
9826,1.403809e-02
9827,-1.806641e-02
9828,2.246094e-02
9829,-2.429199e-02
9830,2.905273e-02
9831,-3.161621e-02
9832,3.540039e-02
9833,-3.503418e-02
9834,3.759766e-02
9835,-3.808594e-02
9836,3.955078e-02
9837,-3.625488e-02
9838,3.625488e-02
9839,-3.430176e-02
9840,3.356934e-02
9841,-2.954102e-02
9842,2.758789e-02
9843,-2.282715e-02
9844,1.757812e-02
9845,-1.354980e-02
9846,9.521484e-03
9847,-5.737305e-03
9848,1.464844e-03
9849,5.493164e-03
9850,-9.277344e-03
9851,1.550293e-02
9852,-1.818848e-02
9853,2.221680e-02
9854,-2.465820e-02
9855,2.917480e-02
9856,-3.051758e-02
9857,3.442383e-02
9858,-3.527832e-02
9859,3.796387e-02
9860,-3.710938e-02
9861,3.833008e-02
9862,-3.637695e-02
9863,3.894043e-02
9864,-3.430176e-02
9865,3.247070e-02
9866,-2.966309e-02
9867,2.709961e-02
9868,-2.270508e-02
9869,1.867676e-02
9870,-1.489258e-02
9871,1.000977e-02
9872,-3.784180e-03
9873,2.441406e-04
9874,5.249023e-03
9875,-8.300781e-03
9876,1.403809e-02
9877,-1.770020e-02
9878,2.331543e-02
9879,-2.575684e-02
9880,2.929688e-02
9881,-3.161621e-02
9882,3.515625e-02
9883,-3.625488e-02
9884,3.686523e-02
9885,-3.674316e-02
9886,3.857422e-02
9887,-3.649902e-02
9888,3.723145e-02
9889,-3.405762e-02
9890,3.247070e-02
9891,-2.844238e-02
9892,2.563477e-02
9893,-2.343750e-02
9894,1.904297e-02
9895,-1.513672e-02
9896,1.074219e-02
9897,-4.638672e-03
9898,6.103516e-04
9899,6.347656e-03
9900,-9.399414e-03
9901,1.391602e-02
9902,-1.672363e-02
9903,2.160645e-02
9904,-2.526855e-02
9905,2.990723e-02
9906,-3.112793e-02
9907,3.405762e-02
9908,-3.430176e-02
9909,3.698730e-02
9910,-3.857422e-02
9911,3.918457e-02
9912,-3.808594e-02
9913,3.686523e-02
9914,-3.491211e-02
9915,3.295898e-02
9916,-2.929688e-02
9917,2.587891e-02
9918,-2.209473e-02
9919,1.867676e-02
9920,-1.538086e-02
9921,1.037598e-02
9922,-4.394531e-03
9923,0.000000e+00
9924,6.103516e-03
9925,-8.911133e-03
9926,1.428223e-02
9927,-1.745605e-02
9928,2.307129e-02
9929,-2.465820e-02
9930,2.966309e-02
9931,-3.210449e-02
9932,3.527832e-02
9933,-3.576660e-02
9934,3.833008e-02
9935,-3.674316e-02
9936,4.016113e-02
9937,-3.552246e-02
9938,3.649902e-02
9939,-3.393555e-02
9940,3.186035e-02
9941,-2.929688e-02
9942,2.709961e-02
9943,-2.319336e-02
9944,1.855469e-02
9945,-1.330566e-02
9946,9.765625e-03
9947,-5.126953e-03
9948,1.098633e-03
9949,6.103516e-03
9950,-8.544922e-03
9951,1.501465e-02
9952,-1.684570e-02
9953,2.087402e-02
9954,-2.453613e-02
9955,2.990723e-02
9956,-3.234863e-02
9957,3.454590e-02
9958,-3.552246e-02
9959,3.723145e-02
9960,-3.833008e-02
9961,3.881836e-02
9962,-3.747559e-02
9963,3.649902e-02
9964,-3.344727e-02
9965,3.320312e-02
9966,-2.746582e-02
9967,2.697754e-02
9968,-2.148438e-02
9969,1.953125e-02
9970,-1.452637e-02
9971,1.123047e-02
9972,-5.493164e-03
9973,1.220703e-03
9974,5.981445e-03
9975,-8.666992e-03
9976,1.550293e-02
9977,-1.745605e-02
9978,2.307129e-02
9979,-2.539062e-02
9980,3.027344e-02
9981,-3.210449e-02
9982,3.479004e-02
9983,-3.564453e-02
9984,3.662109e-02
9985,-3.808594e-02
9986,3.942871e-02
9987,-3.613281e-02
9988,3.796387e-02
9989,-3.405762e-02
9990,3.356934e-02
9991,-2.868652e-02
9992,2.722168e-02
9993,-2.172852e-02
9994,1.916504e-02
9995,-1.306152e-02
9996,1.037598e-02
9997,-4.882812e-03
9998,1.586914e-03
9999,5.493164e-03
10000,-9.399414e-03
10001,1.330566e-02
10002,-1.757812e-02
10003,2.246094e-02
10004,-2.539062e-02
10005,2.868652e-02
10006,-3.295898e-02
10007,3.515625e-02
10008,-3.613281e-02
10009,3.857422e-02
10010,-3.723145e-02
10011,3.796387e-02
10012,-3.649902e-02
10013,3.649902e-02
10014,-3.442383e-02
10015,3.332520e-02
10016,-2.905273e-02
10017,2.795410e-02
10018,-2.355957e-02
10019,1.928711e-02
10020,-1.403809e-02
10021,9.399414e-03
10022,-4.516602e-03
10023,4.882812e-04
10024,4.638672e-03
10025,-8.178711e-03
10026,1.440430e-02
10027,-1.721191e-02
10028,2.233887e-02
10029,-2.526855e-02
10030,3.015137e-02
10031,-3.149414e-02
10032,3.479004e-02
10033,-3.552246e-02
10034,3.735352e-02
10035,-3.625488e-02
10036,3.820801e-02
10037,-3.662109e-02
10038,3.662109e-02
10039,-3.491211e-02
10040,3.430176e-02
10041,-2.905273e-02
10042,2.709961e-02
10043,-2.172852e-02
10044,1.989746e-02
10045,-1.342773e-02
10046,1.049805e-02
10047,-4.882812e-03
10048,2.441406e-04
10049,4.394531e-03
10050,-8.666992e-03
10051,1.403809e-02
10052,-1.745605e-02
10053,2.246094e-02
10054,-2.600098e-02
10055,2.893066e-02
10056,-3.076172e-02
10057,3.430176e-02
10058,-3.662109e-02
10059,3.808594e-02
10060,-3.747559e-02
10061,3.820801e-02
10062,-3.576660e-02
10063,3.735352e-02
10064,-3.308105e-02
10065,3.295898e-02
10066,-2.819824e-02
10067,2.502441e-02
10068,-2.221680e-02
10069,2.014160e-02
10070,-1.416016e-02
10071,9.399414e-03
10072,-5.249023e-03
10073,8.544922e-04
10074,4.760742e-03
10075,-9.399414e-03
10076,1.342773e-02
10077,-1.818848e-02
10078,2.258301e-02
10079,-2.575684e-02
10080,2.941895e-02
10081,-3.112793e-02
10082,3.503418e-02
10083,-3.466797e-02
10084,3.735352e-02
10085,-3.759766e-02
10086,3.955078e-02
10087,-3.698730e-02
10088,3.710938e-02
10089,-3.332520e-02
10090,3.198242e-02
10091,-2.929688e-02
10092,2.709961e-02
10093,-2.148438e-02
10094,1.904297e-02
10095,-1.354980e-02
10096,1.013184e-02
10097,-5.493164e-03
10098,1.220703e-04
10099,5.126953e-03
10100,-9.155273e-03
10101,1.306152e-02
10102,-1.757812e-02
10103,2.099609e-02
10104,-2.636719e-02
10105,2.954102e-02
10106,-3.234863e-02
10107,3.515625e-02
10108,-3.601074e-02
10109,3.735352e-02
10110,-3.649902e-02
10111,3.735352e-02
10112,-3.625488e-02
10113,3.649902e-02
10114,-3.417969e-02
10115,3.259277e-02
10116,-2.929688e-02
10117,2.734375e-02
10118,-2.099609e-02
10119,1.965332e-02
10120,-1.330566e-02
10121,1.147461e-02
10122,-4.638672e-03
10123,1.220703e-04
10124,4.638672e-03
10125,-7.812500e-03
10126,1.330566e-02
10127,-1.806641e-02
10128,2.221680e-02
10129,-2.612305e-02
10130,2.844238e-02
10131,-3.002930e-02
10132,3.393555e-02
10133,-3.601074e-02
10134,3.857422e-02
10135,-3.674316e-02
10136,3.942871e-02
10137,-3.625488e-02
10138,3.698730e-02
10139,-3.430176e-02
10140,3.234863e-02
10141,-2.844238e-02
10142,2.587891e-02
10143,-2.233887e-02
10144,1.940918e-02
10145,-1.416016e-02
10146,1.074219e-02
10147,-4.638672e-03
10148,1.098633e-03
10149,4.394531e-03
10150,-7.934570e-03
10151,1.416016e-02
10152,-1.782227e-02
10153,2.209473e-02
10154,-2.563477e-02
10155,2.917480e-02
10156,-3.198242e-02
10157,3.515625e-02
10158,-3.491211e-02
10159,3.845215e-02
10160,-3.723145e-02
10161,3.894043e-02
10162,-3.698730e-02
10163,3.710938e-02
10164,-3.430176e-02
10165,3.161621e-02
10166,-3.002930e-02
10167,2.514648e-02
10168,-2.258301e-02
10169,1.818848e-02
10170,-1.330566e-02
10171,1.037598e-02
10172,-5.493164e-03
10173,8.544922e-04
10174,2.685547e-03
10175,-8.789062e-03
10176,1.306152e-02
10177,-1.818848e-02
10178,2.319336e-02
10179,-2.441406e-02
10180,3.002930e-02
10181,-3.210449e-02
10182,3.430176e-02
10183,-3.576660e-02
10184,3.759766e-02
10185,-3.649902e-02
10186,3.784180e-02
10187,-3.710938e-02
10188,3.735352e-02
10189,-3.552246e-02
10190,3.308105e-02
10191,-2.978516e-02
10192,2.685547e-02
10193,-2.319336e-02
10194,2.062988e-02
10195,-1.440430e-02
10196,8.422852e-03
10197,-5.126953e-03
10198,8.544922e-04
10199,4.638672e-03
10200,-8.422852e-03
10201,1.501465e-02
10202,-1.684570e-02
10203,2.136230e-02
10204,-2.563477e-02
10205,2.966309e-02
10206,-3.137207e-02
10207,3.442383e-02
10208,-3.527832e-02
10209,3.796387e-02
10210,-3.747559e-02
10211,3.918457e-02
10212,-3.747559e-02
10213,3.698730e-02
10214,-3.613281e-02
10215,3.356934e-02
10216,-2.905273e-02
10217,2.539062e-02
10218,-2.185059e-02
10219,1.770020e-02
10220,-1.550293e-02
10221,1.098633e-02
10222,-6.347656e-03
10223,8.544922e-04
10224,6.225586e-03
10225,-9.643555e-03
10226,1.440430e-02
10227,-1.672363e-02
10228,2.197266e-02
10229,-2.478027e-02
10230,3.015137e-02
10231,-3.125000e-02
10232,3.527832e-02
10233,-3.540039e-02
10234,3.759766e-02
10235,-3.808594e-02
10236,3.784180e-02
10237,-3.710938e-02
10238,3.662109e-02
10239,-3.466797e-02
10240,3.149414e-02
10241,-2.880859e-02
10242,2.600098e-02
10243,-2.282715e-02
10244,2.014160e-02
10245,-1.379395e-02
10246,1.062012e-02
10247,-5.249023e-03
10248,4.882812e-04
10249,5.493164e-03
10250,-8.666992e-03
10251,1.342773e-02
10252,-1.733398e-02
10253,2.148438e-02
10254,-2.465820e-02
10255,2.929688e-02
10256,-3.125000e-02
10257,3.515625e-02
10258,-3.527832e-02
10259,3.759766e-02
10260,-3.723145e-02
10261,3.881836e-02
10262,-3.710938e-02
10263,3.649902e-02
10264,-3.540039e-02
10265,3.320312e-02
10266,-2.795410e-02
10267,2.648926e-02
10268,-2.160645e-02
10269,1.928711e-02
10270,-1.464844e-02
10271,1.062012e-02
10272,-5.493164e-03
10273,1.220703e-04
10274,5.004883e-03
10275,-8.544922e-03
10276,1.428223e-02
10277,-1.733398e-02
10278,2.197266e-02
10279,-2.368164e-02
10280,2.819824e-02
10281,-3.210449e-02
10282,3.625488e-02
10283,-3.735352e-02
10284,3.845215e-02
10285,-3.637695e-02
10286,3.881836e-02
10287,-3.735352e-02
10288,3.649902e-02
10289,-3.393555e-02
10290,3.259277e-02
10291,-3.051758e-02
10292,2.758789e-02
10293,-2.343750e-02
10294,1.855469e-02
10295,-1.440430e-02
10296,9.521484e-03
10297,-4.150391e-03
10298,0.000000e+00
10299,4.394531e-03
10300,-8.178711e-03
10301,1.342773e-02
10302,-1.770020e-02
10303,2.246094e-02
10304,-2.539062e-02
10305,2.941895e-02
10306,-3.161621e-02
10307,3.515625e-02
10308,-3.515625e-02
10309,3.784180e-02
10310,-3.698730e-02
10311,3.820801e-02
10312,-3.662109e-02
10313,3.686523e-02
10314,-3.466797e-02
10315,3.259277e-02
10316,-2.966309e-02
10317,2.648926e-02
10318,-2.307129e-02
10319,2.014160e-02
10320,-1.489258e-02
10321,1.196289e-02
10322,-4.516602e-03
10323,7.324219e-04
10324,4.638672e-03
10325,-7.202148e-03
10326,1.440430e-02
10327,-1.660156e-02
10328,2.355957e-02
10329,-2.380371e-02
10330,2.929688e-02
10331,-3.039551e-02
10332,3.442383e-02
10333,-3.613281e-02
10334,3.906250e-02
10335,-3.747559e-02
10336,3.906250e-02
10337,-3.540039e-02
10338,3.710938e-02
10339,-3.405762e-02
10340,3.393555e-02
10341,-2.929688e-02
10342,2.819824e-02
10343,-2.185059e-02
10344,1.904297e-02
10345,-1.257324e-02
10346,1.220703e-02
10347,-5.371094e-03
10348,2.441406e-03
10349,5.737305e-03
10350,-8.544922e-03
10351,1.513672e-02
10352,-1.757812e-02
10353,2.246094e-02
10354,-2.478027e-02
10355,2.905273e-02
10356,-3.125000e-02
10357,3.479004e-02
10358,-3.430176e-02
10359,3.808594e-02
10360,-3.674316e-02
10361,3.918457e-02
10362,-3.637695e-02
10363,3.723145e-02
10364,-3.430176e-02
10365,3.186035e-02
10366,-2.880859e-02
10367,2.746582e-02
10368,-2.282715e-02
10369,2.062988e-02
10370,-1.245117e-02
10371,1.049805e-02
10372,-3.784180e-03
10373,1.098633e-03
10374,5.126953e-03
10375,-7.568359e-03
10376,1.477051e-02
10377,-1.770020e-02
10378,2.294922e-02
10379,-2.600098e-02
10380,2.929688e-02
10381,-3.100586e-02
10382,3.515625e-02
10383,-3.649902e-02
10384,3.808594e-02
10385,-3.698730e-02
10386,3.808594e-02
10387,-3.698730e-02
10388,3.735352e-02
10389,-3.430176e-02
10390,3.247070e-02
10391,-2.832031e-02
10392,2.636719e-02
10393,-2.368164e-02
10394,2.026367e-02
10395,-1.428223e-02
10396,1.098633e-02
10397,-5.493164e-03
10398,1.464844e-03
10399,3.662109e-03
10400,-9.277344e-03
10401,1.403809e-02
10402,-1.818848e-02
10403,2.270508e-02
10404,-2.563477e-02
10405,3.002930e-02
10406,-3.076172e-02
10407,3.442383e-02
10408,-3.430176e-02
10409,3.796387e-02
10410,-3.833008e-02
10411,3.796387e-02
10412,-3.601074e-02
10413,3.759766e-02
10414,-3.466797e-02
10415,3.356934e-02
10416,-2.844238e-02
10417,2.819824e-02
10418,-2.160645e-02
10419,1.916504e-02
10420,-1.403809e-02
10421,1.025391e-02
10422,-4.760742e-03
10423,1.708984e-03
10424,6.225586e-03
10425,-8.178711e-03
10426,1.440430e-02
10427,-1.818848e-02
10428,2.209473e-02
10429,-2.429199e-02
10430,2.819824e-02
10431,-3.198242e-02
10432,3.430176e-02
10433,-3.601074e-02
10434,3.735352e-02
10435,-3.710938e-02
10436,3.930664e-02
10437,-3.869629e-02
10438,3.759766e-02
10439,-3.442383e-02
10440,3.381348e-02
10441,-2.954102e-02
10442,2.807617e-02
10443,-2.270508e-02
10444,1.916504e-02
10445,-1.306152e-02
10446,9.521484e-03
10447,-4.638672e-03
10448,1.708984e-03
10449,4.150391e-03
10450,-8.789062e-03
10451,1.220703e-02
10452,-1.831055e-02
10453,2.246094e-02
10454,-2.563477e-02
10455,2.966309e-02
10456,-3.002930e-02
10457,3.442383e-02
10458,-3.515625e-02
10459,3.918457e-02
10460,-3.747559e-02
10461,3.881836e-02
10462,-3.576660e-02
10463,3.759766e-02
10464,-3.405762e-02
10465,3.381348e-02
10466,-2.832031e-02
10467,2.600098e-02
10468,-2.282715e-02
10469,1.843262e-02
10470,-1.452637e-02
10471,9.765625e-03
10472,-5.371094e-03
10473,-4.882812e-04
10474,5.493164e-03
10475,-8.300781e-03
10476,1.403809e-02
10477,-1.782227e-02
10478,2.270508e-02
10479,-2.624512e-02
10480,2.929688e-02
10481,-3.234863e-02
10482,3.454590e-02
10483,-3.454590e-02
10484,3.894043e-02
10485,-3.723145e-02
10486,3.930664e-02
10487,-3.710938e-02
10488,3.649902e-02
10489,-3.442383e-02
10490,3.356934e-02
10491,-2.966309e-02
10492,2.746582e-02
10493,-2.209473e-02
10494,1.989746e-02
10495,-1.403809e-02
10496,1.208496e-02
10497,-4.394531e-03
10498,1.708984e-03
10499,4.516602e-03
10500,-9.277344e-03
10501,1.464844e-02
10502,-1.611328e-02
10503,2.294922e-02
10504,-2.551270e-02
10505,2.941895e-02
10506,-3.112793e-02
10507,3.540039e-02
10508,-3.552246e-02
10509,3.796387e-02
10510,-3.662109e-02
10511,3.881836e-02
10512,-3.723145e-02
10513,3.625488e-02
10514,-3.430176e-02
10515,3.234863e-02
10516,-2.966309e-02
10517,2.807617e-02
10518,-2.258301e-02
10519,2.038574e-02
10520,-1.477051e-02
10521,1.013184e-02
10522,-3.906250e-03
10523,2.441406e-04
10524,5.126953e-03
10525,-7.324219e-03
10526,1.269531e-02
10527,-1.806641e-02
10528,2.246094e-02
10529,-2.648926e-02
10530,2.807617e-02
10531,-3.051758e-02
10532,3.295898e-02
10533,-3.613281e-02
10534,3.759766e-02
10535,-3.698730e-02
10536,3.820801e-02
10537,-3.723145e-02
10538,3.747559e-02
10539,-3.320312e-02
10540,3.259277e-02
10541,-2.844238e-02
10542,2.661133e-02
10543,-2.258301e-02
10544,2.026367e-02
10545,-1.513672e-02
10546,1.049805e-02
10547,-5.371094e-03
10548,2.075195e-03
10549,4.150391e-03
10550,-8.544922e-03
10551,1.306152e-02
10552,-1.867676e-02
10553,2.209473e-02
10554,-2.661133e-02
10555,2.832031e-02
10556,-3.222656e-02
10557,3.430176e-02
10558,-3.637695e-02
10559,3.735352e-02
10560,-3.869629e-02
10561,3.820801e-02
10562,-3.662109e-02
10563,3.662109e-02
10564,-3.442383e-02
10565,3.295898e-02
10566,-2.795410e-02
10567,2.697754e-02
10568,-2.429199e-02
10569,2.001953e-02
10570,-1.416016e-02
10571,1.037598e-02
10572,-4.272461e-03
10573,1.586914e-03
10574,3.662109e-03
10575,-8.422852e-03
10576,1.428223e-02
10577,-1.831055e-02
10578,2.246094e-02
10579,-2.539062e-02
10580,2.868652e-02
10581,-3.149414e-02
10582,3.320312e-02
10583,-3.601074e-02
10584,3.833008e-02
10585,-3.771973e-02
10586,3.857422e-02
10587,-3.637695e-02
10588,3.625488e-02
10589,-3.601074e-02
10590,3.247070e-02
10591,-2.941895e-02
10592,2.600098e-02
10593,-2.270508e-02
10594,1.965332e-02
10595,-1.330566e-02
10596,1.098633e-02
10597,-4.516602e-03
10598,1.708984e-03
10599,4.638672e-03
10600,-8.178711e-03
10601,1.293945e-02
10602,-1.684570e-02
10603,2.331543e-02
10604,-2.502441e-02
10605,2.868652e-02
10606,-3.137207e-02
10607,3.393555e-02
10608,-3.564453e-02
10609,3.759766e-02
10610,-3.869629e-02
10611,3.808594e-02
10612,-3.710938e-02
10613,3.759766e-02
10614,-3.613281e-02
10615,3.210449e-02
10616,-2.941895e-02
10617,2.685547e-02
10618,-2.209473e-02
10619,1.892090e-02
10620,-1.513672e-02
10621,1.037598e-02
10622,-7.202148e-03
10623,1.220703e-03
10624,3.784180e-03
10625,-8.789062e-03
10626,1.403809e-02
10627,-1.818848e-02
10628,2.111816e-02
10629,-2.624512e-02
10630,2.954102e-02
10631,-3.027344e-02
10632,3.430176e-02
10633,-3.552246e-02
10634,3.759766e-02
10635,-3.771973e-02
10636,3.906250e-02
10637,-3.625488e-02
10638,3.613281e-02
10639,-3.503418e-02
10640,3.356934e-02
10641,-2.978516e-02
10642,2.636719e-02
10643,-2.136230e-02
10644,1.928711e-02
10645,-1.562500e-02
10646,1.110840e-02
10647,-6.347656e-03
10648,-4.882812e-04
10649,3.662109e-03
10650,-8.911133e-03
10651,1.269531e-02
10652,-1.708984e-02
10653,2.148438e-02
10654,-2.648926e-02
10655,2.929688e-02
10656,-3.222656e-02
10657,3.332520e-02
10658,-3.527832e-02
10659,3.759766e-02
10660,-3.820801e-02
10661,3.759766e-02
10662,-3.674316e-02
10663,3.735352e-02
10664,-3.369141e-02
10665,3.320312e-02
10666,-2.954102e-02
10667,2.624512e-02
10668,-2.282715e-02
10669,1.843262e-02
10670,-1.416016e-02
10671,9.277344e-03
10672,-6.225586e-03
10673,1.586914e-03
10674,2.807617e-03
10675,-8.666992e-03
10676,1.452637e-02
10677,-1.757812e-02
10678,2.099609e-02
10679,-2.551270e-02
10680,3.015137e-02
10681,-3.137207e-02
10682,3.479004e-02
10683,-3.503418e-02
10684,3.845215e-02
10685,-3.808594e-02
10686,3.845215e-02
10687,-3.625488e-02
10688,3.637695e-02
10689,-3.442383e-02
10690,3.503418e-02
10691,-3.173828e-02
10692,2.697754e-02
10693,-2.246094e-02
10694,1.831055e-02
10695,-1.550293e-02
10696,1.049805e-02
10697,-5.859375e-03
10698,1.586914e-03
10699,4.150391e-03
10700,-7.812500e-03
10701,1.293945e-02
10702,-1.721191e-02
10703,2.197266e-02
10704,-2.563477e-02
10705,2.905273e-02
10706,-3.149414e-02
10707,3.430176e-02
10708,-3.442383e-02
10709,2.355957e-02
10710,-2.575684e-02
10711,2.917480e-02
10712,-3.161621e-02
10713,3.344727e-02
10714,-3.649902e-02
10715,3.845215e-02
10716,-3.796387e-02
10717,3.796387e-02
10718,-3.613281e-02
10719,3.686523e-02
10720,-3.405762e-02
10721,3.308105e-02
10722,-2.856445e-02
10723,2.697754e-02
10724,-2.233887e-02
10725,1.818848e-02
10726,-1.440430e-02
10727,1.062012e-02
10728,-5.371094e-03
10729,-7.324219e-04
10730,4.760742e-03
10731,-9.643555e-03
10732,1.501465e-02
10733,-1.855469e-02
10734,2.392578e-02
10735,-2.612305e-02
10736,3.039551e-02
10737,-3.112793e-02
10738,3.601074e-02
10739,-3.454590e-02
10740,3.894043e-02
10741,-3.649902e-02
10742,3.881836e-02
10743,-3.674316e-02
10744,3.637695e-02
10745,-3.308105e-02
10746,3.344727e-02
10747,-2.807617e-02
10748,2.636719e-02
10749,-2.270508e-02
10750,1.965332e-02
10751,-1.330566e-02
10752,9.399414e-03
10753,-4.150391e-03
10754,2.441406e-04
10755,5.004883e-03
10756,-1.025391e-02
10757,1.416016e-02
10758,-1.831055e-02
10759,2.197266e-02
10760,-2.539062e-02
10761,3.112793e-02
10762,-3.149414e-02
10763,3.601074e-02
10764,-3.552246e-02
10765,3.894043e-02
10766,-3.735352e-02
10767,3.918457e-02
10768,-3.430176e-02
10769,3.613281e-02
10770,-3.417969e-02
10771,3.430176e-02
10772,-2.832031e-02
10773,2.648926e-02
10774,-1.977539e-02
10775,2.038574e-02
10776,-1.342773e-02
10777,1.049805e-02
10778,-2.685547e-03
10779,-3.662109e-04
10780,5.615234e-03
10781,-8.544922e-03
10782,1.391602e-02
10783,-1.855469e-02
10784,2.368164e-02
10785,-2.673340e-02
10786,2.941895e-02
10787,-3.076172e-02
10788,3.479004e-02
10789,-3.649902e-02
10790,3.918457e-02
10791,-3.759766e-02
10792,3.906250e-02
10793,-3.759766e-02
10794,3.649902e-02
10795,-3.430176e-02
10796,3.088379e-02
10797,-2.978516e-02
10798,2.526855e-02
10799,-2.209473e-02
10800,1.794434e-02
10801,-1.330566e-02
10802,1.037598e-02
10803,-3.662109e-03
10804,1.098633e-03
10805,5.737305e-03
10806,-9.521484e-03
10807,1.428223e-02
10808,-1.733398e-02
10809,2.246094e-02
10810,-2.734375e-02
10811,3.063965e-02
10812,-3.125000e-02
10813,3.430176e-02
10814,-3.503418e-02
10815,3.845215e-02
10816,-3.869629e-02
10817,4.003906e-02
10818,-3.564453e-02
10819,3.662109e-02
10820,-3.430176e-02
10821,3.332520e-02
10822,-2.868652e-02
10823,2.722168e-02
10824,-2.221680e-02
10825,1.855469e-02
10826,-1.440430e-02
10827,9.399414e-03
10828,-5.615234e-03
10829,1.220703e-04
10830,4.638672e-03
10831,-8.789062e-03
10832,1.416016e-02
10833,-1.855469e-02
10834,2.307129e-02
10835,-2.600098e-02
10836,3.039551e-02
10837,-3.198242e-02
10838,3.417969e-02
10839,-3.649902e-02
10840,3.918457e-02
10841,-3.698730e-02
10842,3.845215e-02
10843,-3.649902e-02
10844,3.649902e-02
10845,-3.369141e-02
10846,3.137207e-02
10847,-2.917480e-02
10848,2.600098e-02
10849,-2.185059e-02
10850,1.965332e-02
10851,-1.440430e-02
10852,9.399414e-03
10853,-4.760742e-03
10854,8.544922e-04
10855,4.638672e-03
10856,-8.422852e-03
10857,1.611328e-02
10858,-1.733398e-02
10859,2.368164e-02
10860,-2.502441e-02
10861,2.954102e-02
10862,-3.198242e-02
10863,3.479004e-02
10864,-3.540039e-02
10865,3.698730e-02
10866,-3.759766e-02
10867,3.979492e-02
10868,-3.649902e-02
10869,3.662109e-02
10870,-3.344727e-02
10871,3.442383e-02
10872,-2.905273e-02
10873,2.587891e-02
10874,-2.172852e-02
10875,1.843262e-02
10876,-1.367188e-02
10877,1.110840e-02
10878,-4.638672e-03
10879,8.544922e-04
10880,6.347656e-03
10881,-8.178711e-03
10882,1.501465e-02
10883,-1.867676e-02
10884,2.319336e-02
10885,-2.612305e-02
10886,2.966309e-02
10887,-3.076172e-02
10888,3.552246e-02
10889,-3.576660e-02
10890,3.833008e-02
10891,-3.710938e-02
10892,3.918457e-02
10893,-3.808594e-02
10894,3.735352e-02
10895,-3.454590e-02
10896,3.283691e-02
10897,-3.015137e-02
10898,2.624512e-02
10899,-2.209473e-02
10900,1.757812e-02
10901,-1.440430e-02
10902,9.521484e-03
10903,-4.882812e-03
10904,6.103516e-04
10905,5.126953e-03
10906,-8.300781e-03
10907,1.428223e-02
10908,-1.806641e-02
10909,2.270508e-02
10910,-2.697754e-02
10911,3.027344e-02
10912,-3.125000e-02
10913,3.442383e-02
10914,-3.527832e-02
10915,3.710938e-02
10916,-3.771973e-02
10917,3.918457e-02
10918,-3.808594e-02
10919,3.637695e-02
10920,-3.332520e-02
10921,3.125000e-02
10922,-2.941895e-02
10923,2.709961e-02
10924,-2.221680e-02
10925,1.867676e-02
10926,-1.354980e-02
10927,1.062012e-02
10928,-4.638672e-03
10929,1.464844e-03
10930,5.249023e-03
10931,-9.277344e-03
10932,1.513672e-02
10933,-1.806641e-02
10934,2.319336e-02
10935,-2.624512e-02
10936,2.856445e-02
10937,-3.247070e-02
10938,3.479004e-02
10939,-3.625488e-02
10940,3.735352e-02
10941,-3.759766e-02
10942,3.881836e-02
10943,-3.735352e-02
10944,3.625488e-02
10945,-3.369141e-02
10946,3.308105e-02
10947,-2.832031e-02
10948,2.746582e-02
10949,-2.148438e-02
10950,1.892090e-02
10951,-1.403809e-02
10952,1.013184e-02
10953,-4.638672e-03
10954,-6.103516e-04
10955,6.469727e-03
10956,-8.544922e-03
10957,1.452637e-02
10958,-1.708984e-02
10959,2.343750e-02
10960,-2.612305e-02
10961,2.990723e-02
10962,-3.112793e-02
10963,3.491211e-02
10964,-3.564453e-02
10965,3.698730e-02
10966,-3.674316e-02
10967,3.796387e-02
10968,-3.845215e-02
10969,3.759766e-02
10970,-3.344727e-02
10971,3.186035e-02
10972,-2.954102e-02
10973,2.612305e-02
10974,-2.136230e-02
10975,1.794434e-02
10976,-1.416016e-02
10977,1.025391e-02
10978,-5.737305e-03
10979,-1.220703e-03
10980,5.249023e-03
10981,-8.666992e-03
10982,1.367188e-02
10983,-1.770020e-02
10984,2.331543e-02
10985,-2.600098e-02
10986,3.027344e-02
10987,-3.100586e-02
10988,3.344727e-02
10989,-3.613281e-02
10990,3.845215e-02
10991,-3.869629e-02
10992,3.759766e-02
10993,-3.625488e-02
10994,3.662109e-02
10995,-3.356934e-02
10996,3.259277e-02
10997,-3.027344e-02
10998,2.624512e-02
10999,-2.233887e-02
11000,1.770020e-02
11001,-1.232910e-02
11002,1.062012e-02
11003,-5.737305e-03
11004,1.098633e-03
11005,4.516602e-03
11006,-8.911133e-03
11007,1.403809e-02
11008,-1.770020e-02
11009,2.258301e-02
11010,-2.539062e-02
11011,3.015137e-02
11012,-3.076172e-02
11013,3.393555e-02
11014,-3.515625e-02
11015,3.833008e-02
11016,-3.723145e-02
11017,3.759766e-02
11018,-3.564453e-02
11019,3.552246e-02
11020,-3.320312e-02
11021,3.344727e-02
11022,-3.027344e-02
11023,2.661133e-02
11024,-2.148438e-02
11025,1.733398e-02
11026,-1.379395e-02
11027,1.025391e-02
11028,-4.760742e-03
11029,1.098633e-03
11030,6.103516e-03
11031,-8.789062e-03
11032,1.501465e-02
11033,-1.904297e-02
11034,2.246094e-02
11035,-2.478027e-02
11036,2.990723e-02
11037,-3.161621e-02
11038,3.503418e-02
11039,-3.515625e-02
11040,3.759766e-02
11041,-3.759766e-02
11042,3.881836e-02
11043,-3.637695e-02
11044,3.662109e-02
11045,-3.259277e-02
11046,3.247070e-02
11047,-2.966309e-02
11048,2.709961e-02
11049,-2.221680e-02
11050,1.904297e-02
11051,-1.257324e-02
11052,1.110840e-02
11053,-5.126953e-03
11054,1.708984e-03
11055,4.272461e-03
11056,-9.277344e-03
11057,1.391602e-02
11058,-1.916504e-02
11059,2.221680e-02
11060,-2.575684e-02
11061,2.905273e-02
11062,-3.234863e-02
11063,3.442383e-02
11064,-3.576660e-02
11065,3.918457e-02
11066,-3.857422e-02
11067,3.833008e-02
11068,-3.613281e-02
11069,3.637695e-02
11070,-3.369141e-02
11071,3.198242e-02
11072,-3.015137e-02
11073,2.600098e-02
11074,-2.233887e-02
11075,1.916504e-02
11076,-1.489258e-02
11077,1.000977e-02
11078,-4.272461e-03
11079,-6.103516e-04
11080,5.004883e-03
11081,-9.399414e-03
11082,1.367188e-02
11083,-1.831055e-02
11084,2.062988e-02
11085,-2.758789e-02
11086,2.954102e-02
11087,-3.210449e-02
11088,3.491211e-02
11089,-3.466797e-02
11090,3.808594e-02
11091,-3.759766e-02
11092,3.845215e-02
11093,-3.698730e-02
11094,3.649902e-02
11095,-3.491211e-02
11096,3.320312e-02
11097,-2.905273e-02
11098,2.697754e-02
11099,-2.258301e-02
11100,1.940918e-02
11101,-1.477051e-02
11102,9.155273e-03
11103,-5.371094e-03
11104,6.103516e-04
11105,4.028320e-03
11106,-8.666992e-03
11107,1.342773e-02
11108,-1.745605e-02
11109,2.172852e-02
11110,-2.575684e-02
11111,2.868652e-02
11112,-3.100586e-02
11113,3.454590e-02
11114,-3.674316e-02
11115,3.625488e-02
11116,-3.918457e-02
11117,3.735352e-02
11118,-3.771973e-02
11119,3.588867e-02
11120,-3.649902e-02
11121,3.137207e-02
11122,-2.954102e-02
11123,2.551270e-02
11124,-2.343750e-02
11125,1.818848e-02
11126,-1.440430e-02
11127,9.399414e-03
11128,-4.394531e-03
11129,1.464844e-03
11130,4.638672e-03
11131,-7.934570e-03
11132,1.354980e-02
11133,-1.806641e-02
11134,2.294922e-02
11135,-2.539062e-02
11136,3.027344e-02
11137,-3.149414e-02
11138,3.332520e-02
11139,-3.552246e-02
11140,3.820801e-02
11141,-3.857422e-02
11142,3.906250e-02
11143,-3.735352e-02
11144,3.662109e-02
11145,-3.515625e-02
11146,3.405762e-02
11147,-2.758789e-02
11148,2.661133e-02
11149,-2.221680e-02
11150,1.733398e-02
11151,-1.330566e-02
11152,9.155273e-03
11153,-5.249023e-03
11154,1.342773e-03
11155,4.760742e-03
11156,-9.643555e-03
11157,1.403809e-02
11158,-1.782227e-02
11159,2.294922e-02
11160,-2.600098e-02
11161,2.905273e-02
11162,-3.063965e-02
11163,3.356934e-02
11164,-3.540039e-02
11165,3.710938e-02
11166,-3.747559e-02
11167,3.918457e-02
11168,-3.662109e-02
11169,3.723145e-02
11170,-3.332520e-02
11171,3.320312e-02
11172,-3.015137e-02
11173,2.795410e-02
11174,-2.124023e-02
11175,1.843262e-02
11176,-1.379395e-02
11177,9.765625e-03
11178,-4.394531e-03
11179,2.075195e-03
11180,4.394531e-03
11181,-8.544922e-03
11182,1.574707e-02
11183,-1.757812e-02
11184,2.233887e-02
11185,-2.514648e-02
11186,2.929688e-02
11187,-3.173828e-02
11188,3.503418e-02
11189,-3.466797e-02
11190,3.698730e-02
11191,-3.723145e-02
11192,3.747559e-02
11193,-3.869629e-02
11194,3.784180e-02
11195,-3.466797e-02
11196,3.198242e-02
11197,-2.734375e-02
11198,2.722168e-02
11199,-2.282715e-02
11200,1.916504e-02
11201,-1.306152e-02
11202,1.000977e-02
11203,-5.615234e-03
11204,8.544922e-04
11205,5.981445e-03
11206,-8.789062e-03
11207,1.428223e-02
11208,-1.684570e-02
11209,2.355957e-02
11210,-2.514648e-02
11211,2.954102e-02
11212,-3.173828e-02
11213,3.430176e-02
11214,-3.552246e-02
11215,3.784180e-02
11216,-3.735352e-02
11217,3.735352e-02
11218,-3.808594e-02
11219,3.662109e-02
11220,-3.466797e-02
11221,3.247070e-02
11222,-2.819824e-02
11223,2.636719e-02
11224,-2.319336e-02
11225,2.038574e-02
11226,-1.232910e-02
11227,1.000977e-02
11228,-4.394531e-03
11229,1.342773e-03
11230,4.760742e-03
11231,-7.812500e-03
11232,1.428223e-02
11233,-1.660156e-02
11234,2.270508e-02
11235,-2.539062e-02
11236,3.100586e-02
11237,-3.295898e-02
11238,3.430176e-02
11239,-3.674316e-02
11240,3.649902e-02
11241,-3.869629e-02
11242,3.710938e-02
11243,-3.833008e-02
11244,3.686523e-02
11245,-3.369141e-02
11246,3.247070e-02
11247,-2.917480e-02
11248,2.661133e-02
11249,-2.221680e-02
11250,1.940918e-02
11251,-1.403809e-02
11252,9.033203e-03
11253,-3.417969e-03
11254,3.662109e-04
11255,5.371094e-03
11256,-7.324219e-03
11257,1.354980e-02
11258,-1.757812e-02
11259,2.307129e-02
11260,-2.514648e-02
11261,2.783203e-02
11262,-3.125000e-02
11263,3.405762e-02
11264,-3.637695e-02
11265,3.833008e-02
11266,-3.894043e-02
11267,3.833008e-02
11268,-3.649902e-02
11269,3.710938e-02
11270,-3.393555e-02
11271,3.234863e-02
11272,-2.880859e-02
11273,2.600098e-02
11274,-2.233887e-02
11275,1.806641e-02
11276,-1.367188e-02
11277,1.123047e-02
11278,-3.906250e-03
11279,3.417969e-03
11280,6.347656e-03
11281,-8.789062e-03
11282,1.513672e-02
11283,-1.647949e-02
11284,2.270508e-02
11285,-2.502441e-02
11286,2.941895e-02
11287,-3.112793e-02
11288,3.491211e-02
11289,-3.637695e-02
11290,3.808594e-02
11291,-3.747559e-02
11292,3.906250e-02
11293,-3.710938e-02
11294,3.552246e-02
11295,-3.356934e-02
11296,3.356934e-02
11297,-2.929688e-02
11298,2.722168e-02
11299,-2.209473e-02
11300,1.928711e-02
11301,-1.330566e-02
11302,1.025391e-02
11303,-4.516602e-03
11304,-3.662109e-04
11305,5.615234e-03
11306,-8.300781e-03
11307,1.403809e-02
11308,-1.672363e-02
11309,2.331543e-02
11310,-2.551270e-02
11311,3.015137e-02
11312,-3.125000e-02
11313,3.479004e-02
11314,-3.564453e-02
11315,3.796387e-02
11316,-3.771973e-02
11317,3.881836e-02
11318,-3.540039e-02
11319,3.625488e-02
11320,-3.442383e-02
11321,3.405762e-02
11322,-2.746582e-02
11323,2.661133e-02
11324,-2.160645e-02
11325,1.953125e-02
11326,-1.403809e-02
11327,1.037598e-02
11328,-5.249023e-03
11329,1.831055e-03
11330,3.540039e-03
11331,-7.690430e-03
11332,1.342773e-02
11333,-1.940918e-02
11334,2.319336e-02
11335,-2.526855e-02
11336,2.941895e-02
11337,-3.100586e-02
11338,3.491211e-02
11339,-3.564453e-02
11340,3.723145e-02
11341,-3.771973e-02
11342,3.881836e-02
11343,-3.735352e-02
11344,3.625488e-02
11345,-3.295898e-02
11346,3.295898e-02
11347,-2.905273e-02
11348,2.819824e-02
11349,-2.331543e-02
11350,1.928711e-02
11351,-1.330566e-02
11352,1.098633e-02
11353,-5.493164e-03
11354,1.220703e-03
11355,4.150391e-03
11356,-7.202148e-03
11357,1.367188e-02
11358,-1.757812e-02
11359,2.307129e-02
11360,-2.612305e-02
11361,2.856445e-02
11362,-3.173828e-02
11363,3.588867e-02
11364,-3.576660e-02
11365,3.881836e-02
11366,-3.710938e-02
11367,3.723145e-02
11368,-3.662109e-02
11369,3.747559e-02
11370,-3.503418e-02
11371,3.417969e-02
11372,-2.868652e-02
11373,2.612305e-02
11374,-2.062988e-02
11375,1.989746e-02
11376,-1.416016e-02
11377,1.025391e-02
11378,-3.417969e-03
11379,1.098633e-03
11380,4.638672e-03
11381,-7.446289e-03
11382,1.306152e-02
11383,-1.708984e-02
11384,2.197266e-02
11385,-2.429199e-02
11386,2.941895e-02
11387,-3.100586e-02
11388,3.515625e-02
11389,-3.552246e-02
11390,3.796387e-02
11391,-3.771973e-02
11392,3.857422e-02
11393,-3.735352e-02
11394,3.747559e-02
11395,-3.308105e-02
11396,3.283691e-02
11397,-2.880859e-02
11398,2.746582e-02
11399,-2.209473e-02
11400,2.014160e-02
11401,-1.367188e-02
11402,1.135254e-02
11403,-4.150391e-03
11404,1.831055e-03
11405,5.249023e-03
11406,-7.812500e-03
11407,1.599121e-02
11408,-1.672363e-02
11409,2.343750e-02
11410,-2.465820e-02
11411,2.819824e-02
11412,-3.063965e-02
11413,3.515625e-02
11414,-3.625488e-02
11415,3.698730e-02
11416,-3.723145e-02
11417,3.857422e-02
11418,-3.662109e-02
11419,3.747559e-02
11420,-3.320312e-02
11421,3.247070e-02
11422,-2.844238e-02
11423,2.514648e-02
11424,-2.246094e-02
11425,1.953125e-02
11426,-1.452637e-02
11427,1.049805e-02
11428,-5.126953e-03
11429,1.464844e-03
11430,4.638672e-03
11431,-8.789062e-03
11432,1.391602e-02
11433,-1.708984e-02
11434,2.136230e-02
11435,-2.502441e-02
11436,3.027344e-02
11437,-3.039551e-02
11438,3.552246e-02
11439,-3.637695e-02
11440,3.796387e-02
11441,-3.735352e-02
11442,3.796387e-02
11443,-3.540039e-02
11444,3.613281e-02
11445,-3.625488e-02
11446,3.393555e-02
11447,-2.978516e-02
11448,2.612305e-02
11449,-2.319336e-02
11450,1.892090e-02
11451,-1.428223e-02
11452,1.159668e-02
11453,-5.249023e-03
11454,1.342773e-03
11455,5.249023e-03
11456,-8.300781e-03
11457,1.342773e-02
11458,-1.660156e-02
11459,2.233887e-02
11460,-2.575684e-02
11461,2.941895e-02
11462,-2.978516e-02
11463,3.515625e-02
11464,-3.393555e-02
11465,3.735352e-02
11466,-3.625488e-02
11467,3.845215e-02
11468,-3.613281e-02
11469,3.747559e-02
11470,-3.454590e-02
11471,3.356934e-02
11472,-2.856445e-02
11473,2.844238e-02
11474,-2.148438e-02
11475,2.001953e-02
11476,-1.403809e-02
11477,1.074219e-02
11478,-4.272461e-03
11479,4.882812e-04
11480,4.272461e-03
11481,-8.300781e-03
11482,1.330566e-02
11483,-1.721191e-02
11484,2.246094e-02
11485,-2.465820e-02
11486,3.027344e-02
11487,-3.149414e-02
11488,3.564453e-02
11489,-3.491211e-02
11490,3.686523e-02
11491,-3.710938e-02
11492,3.796387e-02
11493,-3.759766e-02
11494,3.710938e-02
11495,-3.491211e-02
11496,3.308105e-02
11497,-2.978516e-02
11498,2.685547e-02
11499,-2.124023e-02
11500,1.916504e-02
11501,-1.354980e-02
11502,1.135254e-02
11503,-5.249023e-03
11504,1.464844e-03
11505,5.737305e-03
11506,-8.666992e-03
11507,1.403809e-02
11508,-1.770020e-02
11509,2.197266e-02
11510,-2.709961e-02
11511,2.954102e-02
11512,-3.247070e-02
11513,3.405762e-02
11514,-3.515625e-02
11515,3.906250e-02
11516,-3.674316e-02
11517,3.930664e-02
11518,-3.723145e-02
11519,3.637695e-02
11520,-3.491211e-02
11521,3.234863e-02
11522,-2.978516e-02
11523,2.758789e-02
11524,-2.331543e-02
11525,1.928711e-02
11526,-1.342773e-02
11527,9.765625e-03
11528,-4.882812e-03
11529,1.586914e-03
11530,4.150391e-03
11531,-7.934570e-03
11532,1.428223e-02
11533,-1.818848e-02
11534,2.221680e-02
11535,-2.343750e-02
11536,3.002930e-02
11537,-3.161621e-02
11538,3.540039e-02
11539,-3.601074e-02
11540,3.820801e-02
11541,-3.625488e-02
11542,3.796387e-02
11543,-3.698730e-02
11544,3.735352e-02
11545,-3.356934e-02
11546,3.381348e-02
11547,-2.941895e-02
11548,2.685547e-02
11549,-2.148438e-02
11550,1.965332e-02
11551,-1.379395e-02
11552,1.049805e-02
11553,-5.371094e-03
11554,1.586914e-03
11555,3.540039e-03
11556,-8.911133e-03
11557,1.440430e-02
11558,-1.855469e-02
11559,2.368164e-02
11560,-2.478027e-02
11561,2.941895e-02
11562,-3.210449e-02
11563,3.454590e-02
11564,-3.466797e-02
11565,3.784180e-02
11566,-3.820801e-02
11567,3.979492e-02
11568,-3.723145e-02
11569,3.552246e-02
11570,-3.393555e-02
11571,3.210449e-02
11572,-2.941895e-02
11573,2.648926e-02
11574,-2.270508e-02
11575,1.892090e-02
11576,-1.550293e-02
11577,1.049805e-02
11578,-3.906250e-03
11579,-3.662109e-04
11580,5.493164e-03
11581,-9.643555e-03
11582,1.257324e-02
11583,-1.745605e-02
11584,2.136230e-02
11585,-2.600098e-02
11586,2.941895e-02
11587,-3.222656e-02
11588,3.405762e-02
11589,-3.601074e-02
11590,3.710938e-02
11591,-3.833008e-02
11592,3.857422e-02
11593,-3.723145e-02
11594,3.564453e-02
11595,-3.393555e-02
11596,3.222656e-02
11597,-3.063965e-02
11598,2.746582e-02
11599,-2.307129e-02
11600,1.855469e-02
11601,-1.403809e-02
11602,1.110840e-02
11603,-5.126953e-03
11604,1.831055e-03
11605,4.516602e-03
11606,-7.080078e-03
11607,1.367188e-02
11608,-1.806641e-02
11609,2.246094e-02
11610,-2.661133e-02
11611,3.027344e-02
11612,-3.039551e-02
11613,3.442383e-02
11614,-3.552246e-02
11615,3.820801e-02
11616,-3.759766e-02
11617,3.979492e-02
11618,-3.601074e-02
11619,3.564453e-02
11620,-3.552246e-02
11621,3.308105e-02
11622,-3.063965e-02
11623,2.795410e-02
11624,-2.270508e-02
11625,1.904297e-02
11626,-1.342773e-02
11627,1.000977e-02
11628,-5.249023e-03
11629,1.464844e-03
11630,5.249023e-03
11631,-8.911133e-03
11632,1.330566e-02
11633,-1.660156e-02
11634,2.197266e-02
11635,-2.575684e-02
11636,3.051758e-02
11637,-3.137207e-02
11638,3.405762e-02
11639,-3.637695e-02
11640,3.698730e-02
11641,-3.808594e-02
11642,3.808594e-02
11643,-3.674316e-02
11644,3.454590e-02
11645,-3.356934e-02
11646,3.259277e-02
11647,-3.002930e-02
11648,2.844238e-02
11649,-2.319336e-02
11650,1.770020e-02
11651,-1.403809e-02
11652,1.037598e-02
11653,-4.150391e-03
11654,2.441406e-04
11655,4.638672e-03
11656,-7.568359e-03
11657,1.440430e-02
11658,-1.782227e-02
11659,2.270508e-02
11660,-2.600098e-02
11661,2.954102e-02
11662,-3.161621e-02
11663,3.564453e-02
11664,-3.552246e-02
11665,3.808594e-02
11666,-3.637695e-02
11667,3.942871e-02
11668,-3.723145e-02
11669,3.808594e-02
11670,-3.356934e-02
11671,3.125000e-02
11672,-2.844238e-02
11673,2.600098e-02
11674,-2.343750e-02
11675,1.940918e-02
11676,-1.440430e-02
11677,1.123047e-02
11678,-5.493164e-03
11679,7.324219e-04
11680,3.540039e-03
11681,-9.155273e-03
11682,1.342773e-02
11683,-1.757812e-02
11684,2.148438e-02
11685,-2.539062e-02
11686,2.929688e-02
11687,-3.125000e-02
11688,3.332520e-02
11689,-3.601074e-02
11690,3.808594e-02
11691,-3.771973e-02
11692,3.881836e-02
11693,-3.674316e-02
11694,3.588867e-02
11695,-3.454590e-02
11696,3.222656e-02
11697,-3.015137e-02
11698,2.722168e-02
11699,-2.355957e-02
11700,1.965332e-02
11701,-1.477051e-02
11702,1.013184e-02
11703,-6.103516e-03
11704,4.882812e-04
11705,5.126953e-03
11706,-8.422852e-03
11707,1.477051e-02
11708,-1.721191e-02
11709,2.258301e-02
11710,-2.429199e-02
11711,3.015137e-02
11712,-3.112793e-02
11713,3.454590e-02
11714,-3.503418e-02
11715,3.649902e-02
11716,-3.808594e-02
11717,3.808594e-02
11718,-3.906250e-02
11719,3.710938e-02
11720,-3.515625e-02
11721,3.222656e-02
11722,-2.795410e-02
11723,2.636719e-02
11724,-2.209473e-02
11725,1.831055e-02
11726,-1.416016e-02
11727,1.037598e-02
11728,-4.760742e-03
11729,1.464844e-03
11730,3.662109e-03
11731,-7.568359e-03
11732,1.208496e-02
11733,-1.757812e-02
11734,2.246094e-02
11735,-2.624512e-02
11736,2.941895e-02
11737,-3.161621e-02
11738,3.356934e-02
11739,-3.613281e-02
11740,3.833008e-02
11741,-3.796387e-02
11742,4.040527e-02
11743,-3.625488e-02
11744,3.662109e-02
11745,-3.491211e-02
11746,3.393555e-02
11747,-3.015137e-02
11748,2.722168e-02
11749,-2.209473e-02
11750,1.965332e-02
11751,-1.416016e-02
11752,1.062012e-02
11753,-5.859375e-03
11754,1.098633e-03
11755,5.249023e-03
11756,-7.812500e-03
11757,1.501465e-02
11758,-1.770020e-02
11759,2.172852e-02
11760,-2.416992e-02
11761,2.893066e-02
11762,-3.112793e-02
11763,3.491211e-02
11764,-3.698730e-02
11765,3.796387e-02
11766,-3.662109e-02
11767,3.759766e-02
11768,-3.723145e-02
11769,3.747559e-02
11770,-3.271484e-02
11771,3.259277e-02
11772,-3.039551e-02
11773,2.661133e-02
11774,-2.270508e-02
11775,1.867676e-02
11776,-1.428223e-02
11777,1.062012e-02
11778,-4.272461e-03
11779,2.441406e-03
11780,5.126953e-03
11781,-8.300781e-03
11782,1.538086e-02
11783,-1.635742e-02
11784,2.197266e-02
11785,-2.343750e-02
11786,2.905273e-02
11787,-3.198242e-02
11788,3.393555e-02
11789,-3.735352e-02
11790,3.857422e-02
11791,-3.869629e-02
11792,3.857422e-02
11793,-3.698730e-02
11794,3.698730e-02
11795,-3.466797e-02
11796,3.234863e-02
11797,-2.966309e-02
11798,2.746582e-02
11799,-2.368164e-02
11800,1.965332e-02
11801,-1.428223e-02
11802,9.643555e-03
11803,-4.638672e-03
11804,-9.765625e-04
11805,4.638672e-03
11806,-8.422852e-03
11807,1.342773e-02
11808,-1.708984e-02
11809,2.270508e-02
11810,-2.514648e-02
11811,2.893066e-02
11812,-3.100586e-02
11813,3.454590e-02
11814,-3.576660e-02
11815,3.735352e-02
11816,-3.723145e-02
11817,3.881836e-02
11818,-3.747559e-02
11819,3.747559e-02
11820,-3.405762e-02
11821,3.210449e-02
11822,-2.978516e-02
11823,2.819824e-02
11824,-2.343750e-02
11825,1.806641e-02
11826,-1.403809e-02
11827,1.159668e-02
11828,-6.347656e-03
11829,1.098633e-03
11830,4.150391e-03
11831,-9.643555e-03
11832,1.318359e-02
11833,-1.818848e-02
11834,2.270508e-02
11835,-2.624512e-02
11836,2.856445e-02
11837,-3.100586e-02
11838,3.430176e-02
11839,-3.466797e-02
11840,3.747559e-02
11841,-3.710938e-02
11842,3.833008e-02
11843,-3.735352e-02
11844,3.698730e-02
11845,-3.491211e-02
11846,3.295898e-02
11847,-2.978516e-02
11848,2.697754e-02
11849,-2.355957e-02
11850,1.928711e-02
11851,-1.440430e-02
11852,1.049805e-02
11853,-4.394531e-03
11854,8.544922e-04
11855,4.516602e-03
11856,-7.690430e-03
11857,1.330566e-02
11858,-1.782227e-02
11859,2.197266e-02
11860,-2.697754e-02
11861,2.917480e-02
11862,-3.210449e-02
11863,3.625488e-02
11864,-3.564453e-02
11865,3.808594e-02
11866,-3.649902e-02
11867,3.808594e-02
11868,-3.637695e-02
11869,3.698730e-02
11870,-3.466797e-02
11871,3.344727e-02
11872,-2.954102e-02
11873,2.661133e-02
11874,-2.221680e-02
11875,2.026367e-02
11876,-1.416016e-02
11877,1.110840e-02
11878,-3.662109e-03
11879,4.882812e-04
11880,5.126953e-03
11881,-7.690430e-03
11882,1.208496e-02
11883,-1.818848e-02
11884,2.294922e-02
11885,-2.526855e-02
11886,2.954102e-02
11887,-3.173828e-02
11888,3.515625e-02
11889,-3.491211e-02
11890,3.820801e-02
11891,-3.625488e-02
11892,3.955078e-02
11893,-3.613281e-02
11894,3.649902e-02
11895,-3.430176e-02
11896,3.393555e-02
11897,-2.929688e-02
11898,2.685547e-02
11899,-2.270508e-02
11900,1.989746e-02
11901,-1.623535e-02
11902,1.049805e-02
11903,-4.516602e-03
11904,7.324219e-04
11905,3.417969e-03
11906,-8.544922e-03
11907,1.269531e-02
11908,-1.843262e-02
11909,2.343750e-02
11910,-2.575684e-02
11911,2.832031e-02
11912,-3.039551e-02
11913,3.332520e-02
11914,-3.601074e-02
11915,3.747559e-02
11916,-3.698730e-02
11917,3.881836e-02
11918,-3.735352e-02
11919,3.784180e-02
11920,-3.466797e-02
11921,3.381348e-02
11922,-2.917480e-02
11923,2.648926e-02
11924,-2.062988e-02
11925,1.892090e-02
11926,-1.318359e-02
11927,1.098633e-02
11928,-5.371094e-03
11929,2.319336e-03
11930,3.784180e-03
11931,-7.812500e-03
11932,1.232910e-02
11933,-1.708984e-02
11934,2.307129e-02
11935,-2.526855e-02
11936,3.015137e-02
11937,-3.125000e-02
11938,3.417969e-02
11939,-3.466797e-02
11940,3.845215e-02
11941,-3.869629e-02
11942,3.833008e-02
11943,-3.808594e-02
11944,3.601074e-02
11945,-3.491211e-02
11946,3.320312e-02
11947,-2.954102e-02
11948,2.819824e-02
11949,-2.258301e-02
11950,1.757812e-02
11951,-1.464844e-02
11952,9.765625e-03
11953,-5.493164e-03
11954,1.098633e-03
11955,4.150391e-03
11956,-8.911133e-03
11957,1.416016e-02
11958,-1.770020e-02
11959,2.209473e-02
11960,-2.355957e-02
11961,2.990723e-02
11962,-3.247070e-02
11963,3.503418e-02
11964,-3.515625e-02
11965,3.552246e-02
11966,-3.808594e-02
11967,3.759766e-02
11968,-3.796387e-02
11969,3.515625e-02
11970,-3.515625e-02
11971,3.247070e-02
11972,-3.063965e-02
11973,2.709961e-02
11974,-2.258301e-02
11975,1.818848e-02
11976,-1.342773e-02
11977,1.123047e-02
11978,-6.347656e-03
11979,1.831055e-03
11980,4.150391e-03
11981,-7.446289e-03
11982,1.367188e-02
11983,-1.611328e-02
11984,2.099609e-02
11985,-2.526855e-02
11986,2.832031e-02
11987,-3.112793e-02
11988,3.491211e-02
11989,-3.698730e-02
11990,3.918457e-02
11991,-3.894043e-02
11992,3.808594e-02
11993,-3.723145e-02
11994,3.625488e-02
11995,-3.417969e-02
11996,3.222656e-02
11997,-2.941895e-02
11998,2.709961e-02
11999,-2.355957e-02
12000,1.928711e-02
12001,-1.428223e-02
12002,1.135254e-02
12003,-6.591797e-03
12004,1.342773e-03
12005,5.249023e-03
12006,-9.155273e-03
12007,1.367188e-02
12008,-1.684570e-02
12009,2.392578e-02
12010,-2.514648e-02
12011,3.039551e-02
12012,-3.015137e-02
12013,3.503418e-02
12014,-3.503418e-02
12015,3.796387e-02
12016,-3.710938e-02
12017,3.796387e-02
12018,-3.808594e-02
12019,3.710938e-02
12020,-3.393555e-02
12021,3.149414e-02
12022,-2.929688e-02
12023,2.819824e-02
12024,-2.185059e-02
12025,1.989746e-02
12026,-1.367188e-02
12027,1.196289e-02
12028,-4.516602e-03
12029,1.098633e-03
12030,5.493164e-03
12031,-8.422852e-03
12032,1.354980e-02
12033,-1.647949e-02
12034,2.258301e-02
12035,-2.551270e-02
12036,2.807617e-02
12037,-3.002930e-02
12038,3.515625e-02
12039,-3.662109e-02
12040,3.820801e-02
12041,-3.796387e-02
12042,4.003906e-02
12043,-3.649902e-02
12044,3.784180e-02
12045,-3.491211e-02
12046,3.308105e-02
12047,-2.807617e-02
12048,2.661133e-02
12049,-2.258301e-02
12050,2.087402e-02
12051,-1.452637e-02
12052,1.037598e-02
12053,-5.126953e-03
12054,1.464844e-03
12055,4.272461e-03
12056,-7.934570e-03
12057,1.391602e-02
12058,-1.684570e-02
12059,2.294922e-02
12060,-2.465820e-02
12061,3.039551e-02
12062,-3.161621e-02
12063,3.491211e-02
12064,-3.637695e-02
12065,3.808594e-02
12066,-3.662109e-02
12067,3.857422e-02
12068,-3.674316e-02
12069,3.747559e-02
12070,-3.369141e-02
12071,3.393555e-02
12072,-2.917480e-02
12073,2.758789e-02
12074,-2.185059e-02
12075,1.940918e-02
12076,-1.367188e-02
12077,1.123047e-02
12078,-5.859375e-03
12079,1.708984e-03
12080,3.662109e-03
12081,-8.911133e-03
12082,1.391602e-02
12083,-1.855469e-02
12084,2.160645e-02
12085,-2.331543e-02
12086,2.905273e-02
12087,-3.125000e-02
12088,3.588867e-02
12089,-3.442383e-02
12090,3.784180e-02
12091,-3.771973e-02
12092,3.796387e-02
12093,-3.637695e-02
12094,3.759766e-02
12095,-3.234863e-02
12096,3.491211e-02
12097,-2.917480e-02
12098,2.795410e-02
12099,-2.282715e-02
12100,2.038574e-02
12101,-1.538086e-02
12102,1.110840e-02
12103,-5.737305e-03
12104,3.662109e-04
12105,3.295898e-03
12106,-2.746582e-02
12107,2.795410e-02
12108,-2.270508e-02
12109,1.928711e-02
12110,-1.513672e-02
12111,1.013184e-02
12112,-4.760742e-03
12113,1.220703e-03
12114,6.591797e-03
12115,-8.789062e-03
12116,1.354980e-02
12117,-1.818848e-02
12118,2.319336e-02
12119,-2.514648e-02
12120,2.954102e-02
12121,-3.027344e-02
12122,3.430176e-02
12123,-3.576660e-02
12124,3.723145e-02
12125,-3.759766e-02
12126,3.686523e-02
12127,-3.625488e-02
12128,3.552246e-02
12129,-3.442383e-02
12130,3.308105e-02
12131,-2.868652e-02
12132,2.624512e-02
12133,-2.343750e-02
12134,1.953125e-02
12135,-1.428223e-02
12136,9.521484e-03
12137,-3.906250e-03
12138,-4.882812e-04
12139,4.760742e-03
12140,-9.277344e-03
12141,1.464844e-02
12142,-1.721191e-02
12143,2.160645e-02
12144,-2.539062e-02
12145,3.051758e-02
12146,-3.210449e-02
12147,3.393555e-02
12148,-3.417969e-02
12149,3.747559e-02
12150,-3.759766e-02
12151,3.808594e-02
12152,-3.698730e-02
12153,3.857422e-02
12154,-3.405762e-02
12155,3.247070e-02
12156,-2.954102e-02
12157,2.758789e-02
12158,-2.331543e-02
12159,1.953125e-02
12160,-1.452637e-02
12161,9.765625e-03
12162,-5.249023e-03
12163,-2.441406e-04
12164,4.638672e-03
12165,-8.422852e-03
12166,1.342773e-02
12167,-1.879883e-02
12168,2.209473e-02
12169,-2.502441e-02
12170,2.905273e-02
12171,-3.100586e-02
12172,3.479004e-02
12173,-3.649902e-02
12174,3.723145e-02
12175,-3.857422e-02
12176,3.808594e-02
12177,-3.808594e-02
12178,3.796387e-02
12179,-3.564453e-02
12180,3.234863e-02
12181,-3.015137e-02
12182,2.685547e-02
12183,-2.246094e-02
12184,2.014160e-02
12185,-1.525879e-02
12186,1.000977e-02
12187,-4.882812e-03
12188,6.103516e-04
12189,5.493164e-03
12190,-8.789062e-03
12191,1.208496e-02
12192,-1.672363e-02
12193,2.319336e-02
12194,-2.514648e-02
12195,2.990723e-02
12196,-3.308105e-02
12197,3.540039e-02
12198,-3.576660e-02
12199,3.723145e-02
12200,-3.649902e-02
12201,3.784180e-02
12202,-3.833008e-02
12203,3.808594e-02
12204,-3.576660e-02
12205,3.222656e-02
12206,-2.832031e-02
12207,2.612305e-02
12208,-2.307129e-02
12209,1.818848e-02
12210,-1.330566e-02
12211,1.025391e-02
12212,-4.760742e-03
12213,7.324219e-04
12214,5.371094e-03
12215,-9.887695e-03
12216,1.501465e-02
12217,-1.745605e-02
12218,2.246094e-02
12219,-2.624512e-02
12220,3.027344e-02
12221,-3.320312e-02
12222,3.442383e-02
12223,-3.405762e-02
12224,3.649902e-02
12225,-3.820801e-02
12226,3.808594e-02
12227,-3.723145e-02
12228,3.637695e-02
12229,-3.405762e-02
12230,3.295898e-02
12231,-2.856445e-02
12232,2.600098e-02
12233,-2.282715e-02
12234,1.953125e-02
12235,-1.428223e-02
12236,1.110840e-02
12237,-4.516602e-03
12238,7.324219e-04
12239,4.760742e-03
12240,-8.911133e-03
12241,1.513672e-02
12242,-1.708984e-02
12243,2.331543e-02
12244,-2.465820e-02
12245,3.015137e-02
12246,-3.210449e-02
12247,3.417969e-02
12248,-3.649902e-02
12249,3.747559e-02
12250,-3.649902e-02
12251,3.808594e-02
12252,-3.662109e-02
12253,3.808594e-02
12254,-3.576660e-02
12255,3.344727e-02
12256,-2.954102e-02
12257,2.612305e-02
12258,-2.124023e-02
12259,1.855469e-02
12260,-1.354980e-02
12261,1.062012e-02
12262,-5.737305e-03
12263,7.324219e-04
12264,5.737305e-03
12265,-9.521484e-03
12266,1.391602e-02
12267,-1.733398e-02
12268,2.209473e-02
12269,-2.539062e-02
12270,3.063965e-02
12271,-3.112793e-02
12272,3.540039e-02
12273,-3.527832e-02
12274,3.857422e-02
12275,-3.759766e-02
12276,3.784180e-02
12277,-3.723145e-02
12278,3.649902e-02
12279,-3.430176e-02
12280,3.222656e-02
12281,-2.966309e-02
12282,2.734375e-02
12283,-2.209473e-02
12284,1.867676e-02
12285,-1.452637e-02
12286,9.155273e-03
12287,-5.493164e-03
12288,0.000000e+00
12289,4.394531e-03
12290,-9.887695e-03
12291,1.403809e-02
12292,-1.745605e-02
12293,2.307129e-02
12294,-2.526855e-02
12295,3.027344e-02
12296,-3.112793e-02
12297,3.564453e-02
12298,-3.503418e-02
12299,3.833008e-02
12300,-3.637695e-02
12301,3.918457e-02
12302,-3.674316e-02
12303,3.698730e-02
12304,-3.491211e-02
12305,3.137207e-02
12306,-3.015137e-02
12307,2.624512e-02
12308,-2.221680e-02
12309,1.855469e-02
12310,-1.379395e-02
12311,1.037598e-02
12312,-4.760742e-03
12313,2.197266e-03
12314,4.394531e-03
12315,-8.422852e-03
12316,1.403809e-02
12317,-1.770020e-02
12318,2.221680e-02
12319,-2.575684e-02
12320,3.002930e-02
12321,-3.137207e-02
12322,3.344727e-02
12323,-3.430176e-02
12324,3.662109e-02
12325,-3.796387e-02
12326,3.906250e-02
12327,-3.723145e-02
12328,3.686523e-02
12329,-3.491211e-02
12330,3.442383e-02
12331,-2.929688e-02
12332,2.600098e-02
12333,-2.148438e-02
12334,1.916504e-02
12335,-1.525879e-02
12336,1.110840e-02
12337,-3.540039e-03
12338,-3.662109e-04
12339,4.760742e-03
12340,-7.812500e-03
12341,1.367188e-02
12342,-1.843262e-02
12343,2.294922e-02
12344,-2.551270e-02
12345,3.039551e-02
12346,-3.100586e-02
12347,3.588867e-02
12348,-3.552246e-02
12349,3.735352e-02
12350,-3.674316e-02
12351,3.833008e-02
12352,-3.759766e-02
12353,3.710938e-02
12354,-3.405762e-02
12355,3.198242e-02
12356,-2.917480e-02
12357,2.709961e-02
12358,-2.233887e-02
12359,1.953125e-02
12360,-1.257324e-02
12361,1.123047e-02
12362,-5.371094e-03
12363,1.464844e-03
12364,5.004883e-03
12365,-7.934570e-03
12366,1.342773e-02
12367,-1.745605e-02
12368,2.331543e-02
12369,-2.624512e-02
12370,2.990723e-02
12371,-3.161621e-02
12372,3.479004e-02
12373,-3.466797e-02
12374,3.796387e-02
12375,-3.613281e-02
12376,3.735352e-02
12377,-3.808594e-02
12378,3.710938e-02
12379,-3.454590e-02
12380,3.222656e-02
12381,-3.027344e-02
12382,2.844238e-02
12383,-2.343750e-02
12384,1.965332e-02
12385,-1.232910e-02
12386,9.155273e-03
12387,-4.516602e-03
12388,1.708984e-03
12389,4.150391e-03
12390,-7.324219e-03
12391,1.367188e-02
12392,-1.672363e-02
12393,2.246094e-02
12394,-2.673340e-02
12395,2.917480e-02
12396,-3.198242e-02
12397,3.515625e-02
12398,-3.576660e-02
12399,3.808594e-02
12400,-3.662109e-02
12401,3.894043e-02
12402,-3.759766e-02
12403,3.735352e-02
12404,-3.405762e-02
12405,3.259277e-02
12406,-2.770996e-02
12407,2.709961e-02
12408,-2.343750e-02
12409,1.940918e-02
12410,-1.367188e-02
12411,1.062012e-02
12412,-4.150391e-03
12413,1.098633e-03
12414,7.080078e-03
12415,-8.789062e-03
12416,1.354980e-02
12417,-1.538086e-02
12418,2.172852e-02
12419,-2.600098e-02
12420,3.039551e-02
12421,-3.222656e-02
12422,3.442383e-02
12423,-3.515625e-02
12424,3.723145e-02
12425,-3.662109e-02
12426,3.894043e-02
12427,-3.894043e-02
12428,3.723145e-02
12429,-3.332520e-02
12430,3.295898e-02
12431,-2.966309e-02
12432,2.709961e-02
12433,-2.258301e-02
12434,1.867676e-02
12435,-1.403809e-02
12436,1.110840e-02
12437,-4.638672e-03
12438,1.342773e-03
12439,5.371094e-03
12440,-9.277344e-03
12441,1.440430e-02
12442,-1.770020e-02
12443,2.319336e-02
12444,-2.514648e-02
12445,2.917480e-02
12446,-3.076172e-02
12447,3.430176e-02
12448,-3.552246e-02
12449,3.857422e-02
12450,-3.833008e-02
12451,3.894043e-02
12452,-3.662109e-02
12453,3.784180e-02
12454,-3.295898e-02
12455,3.295898e-02
12456,-2.966309e-02
12457,2.624512e-02
12458,-2.148438e-02
12459,1.953125e-02
12460,-1.232910e-02
12461,1.000977e-02
12462,-4.150391e-03
12463,2.807617e-03
12464,4.028320e-03
12465,-7.812500e-03
12466,1.428223e-02
12467,-1.745605e-02
12468,2.246094e-02
12469,-2.648926e-02
12470,2.893066e-02
12471,-3.173828e-02
12472,3.417969e-02
12473,-3.552246e-02
12474,3.857422e-02
12475,-3.735352e-02
12476,3.857422e-02
12477,-3.613281e-02
12478,3.564453e-02
12479,-3.369141e-02
12480,3.320312e-02
12481,-2.905273e-02
12482,2.807617e-02
12483,-2.221680e-02
12484,1.831055e-02
12485,-1.428223e-02
12486,1.049805e-02
12487,-4.272461e-03
12488,4.882812e-04
12489,4.272461e-03
12490,-8.300781e-03
12491,1.330566e-02
12492,-1.733398e-02
12493,2.331543e-02
12494,-2.514648e-02
12495,2.868652e-02
12496,-3.125000e-02
12497,3.540039e-02
12498,-3.613281e-02
12499,3.845215e-02
12500,-3.674316e-02
12501,3.808594e-02
12502,-3.613281e-02
12503,3.796387e-02
12504,-3.369141e-02
12505,3.295898e-02
12506,-2.929688e-02
12507,2.685547e-02
12508,-2.282715e-02
12509,1.916504e-02
12510,-1.367188e-02
12511,1.000977e-02
12512,-4.760742e-03
12513,1.220703e-03
12514,5.615234e-03
12515,-8.911133e-03
12516,1.354980e-02
12517,-1.647949e-02
12518,2.197266e-02
12519,-2.465820e-02
12520,3.015137e-02
12521,-3.015137e-02
12522,3.588867e-02
12523,-3.454590e-02
12524,3.808594e-02
12525,-3.820801e-02
12526,3.894043e-02
12527,-3.613281e-02
12528,3.588867e-02
12529,-3.332520e-02
12530,3.320312e-02
12531,-3.076172e-02
12532,2.856445e-02
12533,-2.148438e-02
12534,1.916504e-02
12535,-1.403809e-02
12536,9.765625e-03
12537,-4.516602e-03
12538,-9.765625e-04
12539,5.249023e-03
12540,-9.277344e-03
12541,1.354980e-02
12542,-1.770020e-02
12543,2.148438e-02
12544,-2.478027e-02
12545,2.954102e-02
12546,-3.149414e-02
12547,3.479004e-02
12548,-3.613281e-02
12549,3.845215e-02
12550,-3.808594e-02
12551,3.955078e-02
12552,-3.601074e-02
12553,3.735352e-02
12554,-3.356934e-02
12555,3.283691e-02
12556,-2.734375e-02
12557,2.587891e-02
12558,-2.209473e-02
12559,2.050781e-02
12560,-1.416016e-02
12561,1.123047e-02
12562,-5.737305e-03
12563,1.220703e-03
12564,5.004883e-03
12565,-8.666992e-03
12566,1.550293e-02
12567,-1.843262e-02
12568,2.209473e-02
12569,-2.539062e-02
12570,2.832031e-02
12571,-3.002930e-02
12572,3.454590e-02
12573,-3.515625e-02
12574,3.784180e-02
12575,-3.735352e-02
12576,3.857422e-02
12577,-3.735352e-02
12578,3.625488e-02
12579,-3.344727e-02
12580,3.259277e-02
12581,-2.929688e-02
12582,2.685547e-02
12583,-2.185059e-02
12584,1.806641e-02
12585,-1.452637e-02
12586,1.049805e-02
12587,-5.126953e-03
12588,1.342773e-03
12589,5.615234e-03
12590,-9.643555e-03
12591,1.269531e-02
12592,-1.562500e-02
12593,2.172852e-02
12594,-2.465820e-02
12595,3.051758e-02
12596,-3.051758e-02
12597,3.564453e-02
12598,-3.613281e-02
12599,3.894043e-02
12600,-3.771973e-02
12601,3.930664e-02
12602,-3.710938e-02
12603,3.686523e-02
12604,-3.259277e-02
12605,3.344727e-02
12606,-2.929688e-02
12607,2.807617e-02
12608,-2.270508e-02
12609,1.965332e-02
12610,-1.403809e-02
12611,1.074219e-02
12612,-3.784180e-03
12613,6.103516e-04
12614,4.028320e-03
12615,-7.446289e-03
12616,1.391602e-02
12617,-1.684570e-02
12618,2.343750e-02
12619,-2.600098e-02
12620,3.039551e-02
12621,-3.015137e-02
12622,3.454590e-02
12623,-3.417969e-02
12624,3.845215e-02
12625,-3.625488e-02
12626,3.894043e-02
12627,-3.674316e-02
12628,3.808594e-02
12629,-3.356934e-02
12630,3.320312e-02
12631,-2.868652e-02
12632,2.783203e-02
12633,-2.282715e-02
12634,2.099609e-02
12635,-1.379395e-02
12636,1.049805e-02
12637,-5.737305e-03
12638,1.464844e-03
12639,5.493164e-03
12640,-7.568359e-03
12641,1.367188e-02
12642,-1.708984e-02
12643,2.270508e-02
12644,-2.502441e-02
12645,2.954102e-02
12646,-3.125000e-02
12647,3.601074e-02
12648,-3.466797e-02
12649,3.796387e-02
12650,-3.771973e-02
12651,3.894043e-02
12652,-3.662109e-02
12653,3.747559e-02
12654,-3.515625e-02
12655,3.344727e-02
12656,-2.929688e-02
12657,2.734375e-02
12658,-2.172852e-02
12659,2.014160e-02
12660,-1.611328e-02
12661,1.049805e-02
12662,-5.371094e-03
12663,6.103516e-04
12664,5.126953e-03
12665,-7.568359e-03
12666,1.245117e-02
12667,-1.660156e-02
12668,2.209473e-02
12669,-2.551270e-02
12670,2.893066e-02
12671,-3.100586e-02
12672,3.515625e-02
12673,-3.662109e-02
12674,3.808594e-02
12675,-3.747559e-02
12676,3.930664e-02
12677,-3.674316e-02
12678,3.735352e-02
12679,-3.430176e-02
12680,3.417969e-02
12681,-2.917480e-02
12682,2.758789e-02
12683,-2.233887e-02
12684,2.001953e-02
12685,-1.367188e-02
12686,1.098633e-02
12687,-4.272461e-03
12688,2.319336e-03
12689,5.004883e-03
12690,-8.300781e-03
12691,1.391602e-02
12692,-1.782227e-02
12693,2.307129e-02
12694,-2.441406e-02
12695,2.893066e-02
12696,-3.027344e-02
12697,3.405762e-02
12698,-3.564453e-02
12699,3.845215e-02
12700,-3.796387e-02
12701,3.710938e-02
12702,-3.710938e-02
12703,3.735352e-02
12704,-3.491211e-02
12705,3.320312e-02
12706,-2.917480e-02
12707,2.807617e-02
12708,-2.209473e-02
12709,2.050781e-02
12710,-1.342773e-02
12711,1.208496e-02
12712,-6.225586e-03
12713,2.197266e-03
12714,4.760742e-03
12715,-7.202148e-03
12716,1.367188e-02
12717,-1.513672e-02
12718,2.368164e-02
12719,-2.539062e-02
12720,3.112793e-02
12721,-3.076172e-02
12722,3.479004e-02
12723,-3.466797e-02
12724,3.881836e-02
12725,-3.796387e-02
12726,3.833008e-02
12727,-3.820801e-02
12728,3.808594e-02
12729,-3.430176e-02
12730,3.356934e-02
12731,-2.941895e-02
12732,2.709961e-02
12733,-2.258301e-02
12734,1.940918e-02
12735,-1.477051e-02
12736,9.765625e-03
12737,-6.347656e-03
12738,2.075195e-03
12739,5.004883e-03
12740,-8.300781e-03
12741,1.391602e-02
12742,-1.611328e-02
12743,2.368164e-02
12744,-2.441406e-02
12745,2.990723e-02
12746,-3.002930e-02
12747,3.442383e-02
12748,-3.515625e-02
12749,3.747559e-02
12750,-3.723145e-02
12751,3.820801e-02
12752,-3.674316e-02
12753,3.698730e-02
12754,-3.356934e-02
12755,3.393555e-02
12756,-2.868652e-02
12757,2.746582e-02
12758,-2.246094e-02
12759,1.965332e-02
12760,-1.477051e-02
12761,1.025391e-02
12762,-3.906250e-03
12763,1.342773e-03
12764,5.004883e-03
12765,-9.643555e-03
12766,1.354980e-02
12767,-1.831055e-02
12768,2.258301e-02
12769,-2.453613e-02
12770,2.941895e-02
12771,-3.002930e-02
12772,3.417969e-02
12773,-3.552246e-02
12774,3.894043e-02
12775,-3.674316e-02
12776,3.796387e-02
12777,-3.698730e-02
12778,3.845215e-02
12779,-3.491211e-02
12780,3.247070e-02
12781,-2.917480e-02
12782,2.587891e-02
12783,-2.319336e-02
12784,2.026367e-02
12785,-1.489258e-02
12786,1.098633e-02
12787,-5.126953e-03
12788,1.586914e-03
12789,5.126953e-03
12790,-7.812500e-03
12791,1.464844e-02
12792,-1.708984e-02
12793,2.246094e-02
12794,-2.380371e-02
12795,2.990723e-02
12796,-3.027344e-02
12797,3.479004e-02
12798,-3.564453e-02
12799,3.686523e-02
12800,-3.771973e-02
12801,3.833008e-02
12802,-3.662109e-02
12803,3.820801e-02
12804,-3.491211e-02
12805,3.381348e-02
12806,-2.905273e-02
12807,2.648926e-02
12808,-2.307129e-02
12809,1.892090e-02
12810,-1.379395e-02
12811,1.110840e-02
12812,-5.859375e-03
12813,3.662109e-04
12814,3.662109e-03
12815,-8.789062e-03
12816,1.330566e-02
12817,-1.708984e-02
12818,2.233887e-02
12819,-2.441406e-02
12820,2.990723e-02
12821,-3.051758e-02
12822,3.540039e-02
12823,-3.442383e-02
12824,3.881836e-02
12825,-3.674316e-02
12826,3.930664e-02
12827,-3.796387e-02
12828,3.710938e-02
12829,-3.356934e-02
12830,3.283691e-02
12831,-2.880859e-02
12832,2.697754e-02
12833,-2.282715e-02
12834,1.928711e-02
12835,-1.403809e-02
12836,1.110840e-02
12837,-4.638672e-03
12838,6.103516e-04
12839,5.004883e-03
12840,-9.155273e-03
12841,1.367188e-02
12842,-1.721191e-02
12843,2.246094e-02
12844,-2.429199e-02
12845,3.039551e-02
12846,-3.100586e-02
12847,3.491211e-02
12848,-3.393555e-02
12849,3.686523e-02
12850,-3.625488e-02
12851,3.955078e-02
12852,-3.869629e-02
12853,3.686523e-02
12854,-3.173828e-02
12855,3.161621e-02
12856,-2.941895e-02
12857,2.709961e-02
12858,-2.380371e-02
12859,1.940918e-02
12860,-1.452637e-02
12861,1.135254e-02
12862,-4.516602e-03
12863,1.831055e-03
12864,5.249023e-03
12865,-7.934570e-03
12866,1.416016e-02
12867,-1.757812e-02
12868,2.209473e-02
12869,-2.539062e-02
12870,2.929688e-02
12871,-3.063965e-02
12872,3.356934e-02
12873,-3.527832e-02
12874,3.808594e-02
12875,-3.723145e-02
12876,3.881836e-02
12877,-3.710938e-02
12878,3.686523e-02
12879,-3.259277e-02
12880,3.295898e-02
12881,-2.819824e-02
12882,2.722168e-02
12883,-2.160645e-02
12884,2.087402e-02
12885,-1.379395e-02
12886,1.171875e-02
12887,-3.662109e-03
12888,1.708984e-03
12889,5.004883e-03
12890,-7.812500e-03
12891,1.464844e-02
12892,-1.867676e-02
12893,2.307129e-02
12894,-2.429199e-02
12895,2.868652e-02
12896,-3.125000e-02
12897,3.503418e-02
12898,-3.601074e-02
12899,3.784180e-02
12900,-3.808594e-02
12901,3.796387e-02
12902,-3.796387e-02
12903,3.723145e-02
12904,-3.369141e-02
12905,3.442383e-02
12906,-2.978516e-02
12907,2.746582e-02
12908,-2.124023e-02
12909,1.965332e-02
12910,-1.306152e-02
12911,1.232910e-02
12912,-3.906250e-03
12913,1.708984e-03
12914,4.272461e-03
12915,-6.347656e-03
12916,1.269531e-02
12917,-1.818848e-02
12918,2.307129e-02
12919,-2.539062e-02
12920,2.941895e-02
12921,-2.966309e-02
12922,3.430176e-02
12923,-3.417969e-02
12924,3.808594e-02
12925,-3.820801e-02
12926,3.808594e-02
12927,-3.625488e-02
12928,3.796387e-02
12929,-3.356934e-02
12930,3.356934e-02
12931,-2.929688e-02
12932,2.795410e-02
12933,-2.099609e-02
12934,2.099609e-02
12935,-1.440430e-02
12936,1.147461e-02
12937,-4.760742e-03
12938,1.708984e-03
12939,6.225586e-03
12940,-6.835938e-03
12941,1.318359e-02
12942,-1.757812e-02
12943,2.233887e-02
12944,-2.502441e-02
12945,2.905273e-02
12946,1.953125e-02
12947,-1.257324e-02
12948,9.521484e-03
12949,-3.173828e-03
12950,-4.882812e-04
12951,6.225586e-03
12952,-1.159668e-02
12953,1.562500e-02
12954,-1.745605e-02
12955,2.307129e-02
12956,-2.624512e-02
12957,3.186035e-02
12958,-3.271484e-02
12959,3.625488e-02
12960,-3.625488e-02
12961,3.784180e-02
12962,-3.735352e-02
12963,3.820801e-02
12964,-3.637695e-02
12965,3.588867e-02
12966,-3.234863e-02
12967,3.283691e-02
12968,-2.722168e-02
12969,2.795410e-02
12970,-2.221680e-02
12971,2.014160e-02
12972,-1.135254e-02
12973,9.765625e-03
12974,-3.662109e-03
12975,2.441406e-04
12976,6.103516e-03
12977,-9.643555e-03
12978,1.538086e-02
12979,-1.953125e-02
12980,2.368164e-02
12981,-2.600098e-02
12982,3.063965e-02
12983,-3.076172e-02
12984,3.479004e-02
12985,-3.552246e-02
12986,3.796387e-02
12987,-3.833008e-02
12988,3.930664e-02
12989,-3.662109e-02
12990,3.735352e-02
12991,-3.356934e-02
12992,3.161621e-02
12993,-2.807617e-02
12994,2.661133e-02
12995,-2.050781e-02
12996,1.892090e-02
12997,-1.232910e-02
12998,1.025391e-02
12999,-4.638672e-03
13000,2.441406e-04
13001,6.225586e-03
13002,-9.887695e-03
13003,1.647949e-02
13004,-1.940918e-02
13005,2.331543e-02
13006,-2.575684e-02
13007,3.051758e-02
13008,-3.149414e-02
13009,3.503418e-02
13010,-3.564453e-02
13011,3.808594e-02
13012,-3.710938e-02
13013,3.833008e-02
13014,-3.759766e-02
13015,3.649902e-02
13016,-3.344727e-02
13017,3.112793e-02
13018,-2.917480e-02
13019,2.636719e-02
13020,-2.246094e-02
13021,1.708984e-02
13022,-1.184082e-02
13023,8.666992e-03
13024,-3.417969e-03
13025,-1.342773e-03
13026,6.225586e-03
13027,-9.765625e-03
13028,1.525879e-02
13029,-1.782227e-02
13030,2.441406e-02
13031,-2.673340e-02
13032,3.051758e-02
13033,-3.210449e-02
13034,3.540039e-02
13035,-3.564453e-02
13036,3.759766e-02
13037,-3.845215e-02
13038,3.796387e-02
13039,-3.637695e-02
13040,3.588867e-02
13041,-3.405762e-02
13042,3.320312e-02
13043,-2.770996e-02
13044,2.587891e-02
13045,-2.172852e-02
13046,1.806641e-02
13047,-1.330566e-02
13048,1.025391e-02
13049,-3.173828e-03
13050,3.662109e-04
13051,4.760742e-03
13052,-1.074219e-02
13053,1.611328e-02
13054,-1.855469e-02
13055,2.465820e-02
13056,-2.624512e-02
13057,3.149414e-02
13058,-3.149414e-02
13059,3.454590e-02
13060,-3.540039e-02
13061,3.808594e-02
13062,-3.710938e-02
13063,3.833008e-02
13064,-3.649902e-02
13065,3.735352e-02
13066,-3.344727e-02
13067,3.210449e-02
13068,-2.746582e-02
13069,2.563477e-02
13070,-2.111816e-02
13071,1.904297e-02
13072,-1.477051e-02
13073,1.098633e-02
13074,-3.540039e-03
13075,0.000000e+00
13076,5.249023e-03
13077,-1.037598e-02
13078,1.501465e-02
13079,-1.855469e-02
13080,2.331543e-02
13081,-2.758789e-02
13082,3.137207e-02
13083,-3.161621e-02
13084,3.503418e-02
13085,-3.393555e-02
13086,3.808594e-02
13087,-3.759766e-02
13088,3.906250e-02
13089,-3.698730e-02
13090,3.747559e-02
13091,-3.369141e-02
13092,3.234863e-02
13093,-2.819824e-02
13094,2.648926e-02
13095,-2.233887e-02
13096,1.989746e-02
13097,-1.208496e-02
13098,1.000977e-02
13099,-2.807617e-03
13100,2.441406e-04
13101,5.249023e-03
13102,-9.765625e-03
13103,1.452637e-02
13104,-1.745605e-02
13105,2.307129e-02
13106,-2.551270e-02
13107,3.100586e-02
13108,-3.271484e-02
13109,3.564453e-02
13110,-3.674316e-02
13111,3.784180e-02
13112,-3.833008e-02
13113,3.808594e-02
13114,-3.625488e-02
13115,3.601074e-02
13116,-3.344727e-02
13117,3.332520e-02
13118,-2.795410e-02
13119,2.514648e-02
13120,-2.185059e-02
13121,1.745605e-02
13122,-1.440430e-02
13123,9.033203e-03
13124,-3.173828e-03
13125,-1.342773e-03
13126,6.347656e-03
13127,-1.062012e-02
13128,1.440430e-02
13129,-1.940918e-02
13130,2.197266e-02
13131,-2.734375e-02
13132,2.929688e-02
13133,-3.125000e-02
13134,3.527832e-02
13135,-3.576660e-02
13136,3.930664e-02
13137,-3.735352e-02
13138,3.796387e-02
13139,-3.564453e-02
13140,3.601074e-02
13141,-3.369141e-02
13142,3.161621e-02
13143,-2.929688e-02
13144,2.648926e-02
13145,-2.270508e-02
13146,1.745605e-02
13147,-1.330566e-02
13148,8.789062e-03
13149,-4.150391e-03
13150,-3.662109e-04
13151,5.371094e-03
13152,-9.155273e-03
13153,1.538086e-02
13154,-1.831055e-02
13155,2.453613e-02
13156,-2.600098e-02
13157,2.990723e-02
13158,-3.210449e-02
13159,3.515625e-02
13160,-3.552246e-02
13161,3.857422e-02
13162,-3.662109e-02
13163,3.930664e-02
13164,-3.637695e-02
13165,3.601074e-02
13166,-3.393555e-02
13167,3.222656e-02
13168,-2.600098e-02
13169,2.551270e-02
13170,-2.148438e-02
13171,1.843262e-02
13172,-1.440430e-02
13173,8.666992e-03
13174,-4.638672e-03
13175,0.000000e+00
13176,4.150391e-03
13177,-9.643555e-03
13178,1.452637e-02
13179,-1.965332e-02
13180,2.355957e-02
13181,-2.673340e-02
13182,2.966309e-02
13183,-3.015137e-02
13184,3.503418e-02
13185,-3.552246e-02
13186,3.710938e-02
13187,-3.759766e-02
13188,3.747559e-02
13189,-3.710938e-02
13190,3.686523e-02
13191,-3.527832e-02
13192,3.186035e-02
13193,-2.770996e-02
13194,2.722168e-02
13195,-2.185059e-02
13196,1.843262e-02
13197,-1.220703e-02
13198,9.033203e-03
13199,-5.126953e-03
13200,-3.662109e-04
13201,4.272461e-03
13202,-9.399414e-03
13203,1.574707e-02
13204,-1.940918e-02
13205,2.319336e-02
13206,-2.709961e-02
13207,2.917480e-02
13208,-3.247070e-02
13209,3.540039e-02
13210,-3.503418e-02
13211,3.808594e-02
13212,-3.845215e-02
13213,3.833008e-02
13214,-3.735352e-02
13215,3.723145e-02
13216,-3.430176e-02
13217,3.295898e-02
13218,-2.697754e-02
13219,2.563477e-02
13220,-2.062988e-02
13221,1.733398e-02
13222,-1.379395e-02
13223,1.123047e-02
13224,-4.760742e-03
13225,-3.662109e-04
13226,6.469727e-03
13227,-1.062012e-02
13228,1.635742e-02
13229,-1.904297e-02
13230,2.355957e-02
13231,-2.551270e-02
13232,2.917480e-02
13233,-3.137207e-02
13234,3.479004e-02
13235,-3.466797e-02
13236,3.833008e-02
13237,-3.808594e-02
13238,3.955078e-02
13239,-3.771973e-02
13240,3.735352e-02
13241,-3.247070e-02
13242,3.125000e-02
13243,-2.954102e-02
13244,2.526855e-02
13245,-2.246094e-02
13246,1.843262e-02
13247,-1.306152e-02
13248,1.037598e-02
13249,-4.272461e-03
13250,-2.441406e-04
13251,5.981445e-03
13252,-9.399414e-03
13253,1.501465e-02
13254,-1.806641e-02
13255,2.404785e-02
13256,-2.673340e-02
13257,3.063965e-02
13258,-3.222656e-02
13259,3.515625e-02
13260,-3.576660e-02
13261,3.833008e-02
13262,-3.857422e-02
13263,3.894043e-02
13264,-3.710938e-02
13265,3.637695e-02
13266,-3.344727e-02
13267,3.161621e-02
13268,-2.807617e-02
13269,2.612305e-02
13270,-2.160645e-02
13271,1.855469e-02
13272,-1.281738e-02
13273,9.155273e-03
13274,-4.516602e-03
13275,-4.882812e-04
13276,5.249023e-03
13277,-1.013184e-02
13278,1.318359e-02
13279,-1.977539e-02
13280,2.319336e-02
13281,-2.709961e-02
13282,2.966309e-02
13283,-3.259277e-02
13284,3.564453e-02
13285,-3.625488e-02
13286,3.662109e-02
13287,-3.759766e-02
13288,3.808594e-02
13289,-3.796387e-02
13290,3.515625e-02
13291,-3.356934e-02
13292,3.125000e-02
13293,-2.770996e-02
13294,2.697754e-02
13295,-2.270508e-02
13296,1.928711e-02
13297,-1.403809e-02
13298,1.000977e-02
13299,-2.441406e-03
13300,8.544922e-04
13301,6.225586e-03
13302,-9.399414e-03
13303,1.428223e-02
13304,-1.916504e-02
13305,2.294922e-02
13306,-2.612305e-02
13307,2.832031e-02
13308,-3.369141e-02
13309,3.442383e-02
13310,-3.649902e-02
13311,3.735352e-02
13312,-3.771973e-02
13313,3.833008e-02
13314,-3.796387e-02
13315,3.796387e-02
13316,-3.393555e-02
13317,3.283691e-02
13318,-2.795410e-02
13319,2.526855e-02
13320,-2.062988e-02
13321,1.843262e-02
13322,-1.403809e-02
13323,9.521484e-03
13324,-4.394531e-03
13325,-4.882812e-04
13326,5.981445e-03
13327,-1.025391e-02
13328,1.464844e-02
13329,-1.867676e-02
13330,2.416992e-02
13331,-2.612305e-02
13332,3.051758e-02
13333,-3.271484e-02
13334,3.503418e-02
13335,-3.515625e-02
13336,3.845215e-02
13337,-3.796387e-02
13338,3.857422e-02
13339,-3.662109e-02
13340,3.662109e-02
13341,-3.344727e-02
13342,3.198242e-02
13343,-2.844238e-02
13344,2.612305e-02
13345,-2.062988e-02
13346,1.770020e-02
13347,-1.379395e-02
13348,9.277344e-03
13349,-4.394531e-03
13350,-9.765625e-04
13351,5.371094e-03
13352,-9.643555e-03
13353,1.403809e-02
13354,-1.855469e-02
13355,2.355957e-02
13356,-2.612305e-02
13357,2.990723e-02
13358,-3.295898e-02
13359,3.601074e-02
13360,-3.710938e-02
13361,3.930664e-02
13362,-3.698730e-02
13363,3.686523e-02
13364,-3.747559e-02
13365,3.649902e-02
13366,-3.527832e-02
13367,3.112793e-02
13368,-2.880859e-02
13369,2.648926e-02
13370,-2.343750e-02
13371,2.014160e-02
13372,-1.416016e-02
13373,9.399414e-03
13374,-3.784180e-03
13375,-1.464844e-03
13376,5.737305e-03
13377,-1.074219e-02
13378,1.452637e-02
13379,-1.806641e-02
13380,2.270508e-02
13381,-2.648926e-02
13382,3.125000e-02
13383,-3.173828e-02
13384,3.442383e-02
13385,-3.491211e-02
13386,3.942871e-02
13387,-3.735352e-02
13388,3.942871e-02
13389,-3.723145e-02
13390,3.540039e-02
13391,-3.234863e-02
13392,3.247070e-02
13393,-3.015137e-02
13394,2.722168e-02
13395,-2.221680e-02
13396,1.916504e-02
13397,-1.330566e-02
13398,1.110840e-02
13399,-3.295898e-03
13400,-1.953125e-03
13401,6.347656e-03
13402,-9.521484e-03
13403,1.452637e-02
13404,-1.757812e-02
13405,2.355957e-02
13406,-2.673340e-02
13407,3.051758e-02
13408,-3.039551e-02
13409,3.479004e-02
13410,-3.552246e-02
13411,3.833008e-02
13412,-3.857422e-02
13413,3.857422e-02
13414,-3.759766e-02
13415,3.637695e-02
13416,-3.442383e-02
13417,3.137207e-02
13418,-2.844238e-02
13419,2.551270e-02
13420,-2.209473e-02
13421,1.770020e-02
13422,-1.330566e-02
13423,8.422852e-03
13424,-4.394531e-03
13425,-3.662109e-04
13426,5.004883e-03
13427,-9.765625e-03
13428,1.623535e-02
13429,-1.843262e-02
13430,2.270508e-02
13431,-2.453613e-02
13432,2.917480e-02
13433,-3.295898e-02
13434,3.442383e-02
13435,-3.552246e-02
13436,3.918457e-02
13437,-3.796387e-02
13438,3.942871e-02
13439,-3.747559e-02
13440,3.588867e-02
13441,-3.405762e-02
13442,3.186035e-02
13443,-2.856445e-02
13444,2.661133e-02
13445,-2.221680e-02
13446,1.916504e-02
13447,-1.464844e-02
13448,9.033203e-03
13449,-3.295898e-03
13450,-1.586914e-03
13451,5.371094e-03
13452,-9.399414e-03
13453,1.440430e-02
13454,-1.770020e-02
13455,2.355957e-02
13456,-2.514648e-02
13457,3.149414e-02
13458,-3.198242e-02
13459,3.430176e-02
13460,-3.540039e-02
13461,3.698730e-02
13462,-3.710938e-02
13463,3.796387e-02
13464,-3.808594e-02
13465,3.601074e-02
13466,-3.454590e-02
13467,3.137207e-02
13468,-2.941895e-02
13469,2.563477e-02
13470,-2.258301e-02
13471,1.831055e-02
13472,-1.440430e-02
13473,8.422852e-03
13474,-5.249023e-03
13475,3.662109e-04
13476,4.760742e-03
13477,-9.521484e-03
13478,1.416016e-02
13479,-1.904297e-02
13480,2.221680e-02
13481,-2.734375e-02
13482,2.856445e-02
13483,-3.198242e-02
13484,3.393555e-02
13485,-3.723145e-02
13486,3.796387e-02
13487,-4.040527e-02
13488,3.845215e-02
13489,-3.625488e-02
13490,3.588867e-02
13491,-3.442383e-02
13492,3.247070e-02
13493,-2.917480e-02
13494,2.783203e-02
13495,-2.111816e-02
13496,1.953125e-02
13497,-1.306152e-02
13498,1.025391e-02
13499,-3.906250e-03
13500,-7.324219e-04
13501,5.126953e-03
13502,-8.789062e-03
13503,1.477051e-02
13504,-1.757812e-02
13505,2.416992e-02
13506,-2.697754e-02
13507,3.002930e-02
13508,-3.112793e-02
13509,3.430176e-02
13510,-3.527832e-02
13511,3.747559e-02
13512,-3.820801e-02
13513,3.747559e-02
13514,-3.833008e-02
13515,3.820801e-02
13516,-3.466797e-02
13517,3.283691e-02
13518,-2.722168e-02
13519,2.563477e-02
13520,-2.099609e-02
13521,1.892090e-02
13522,-1.330566e-02
13523,9.277344e-03
13524,-4.516602e-03
13525,-3.662109e-04
13526,4.394531e-03
13527,-9.643555e-03
13528,1.367188e-02
13529,-1.879883e-02
13530,2.416992e-02
13531,-2.673340e-02
13532,2.954102e-02
13533,-3.112793e-02
13534,3.503418e-02
13535,-3.625488e-02
13536,3.808594e-02
13537,-3.674316e-02
13538,3.796387e-02
13539,-3.674316e-02
13540,3.747559e-02
13541,-3.430176e-02
13542,3.125000e-02
13543,-2.880859e-02
13544,2.661133e-02
13545,-2.111816e-02
13546,1.892090e-02
13547,-1.354980e-02
13548,9.643555e-03
13549,-4.150391e-03
13550,1.220703e-04
13551,6.225586e-03
13552,-9.155273e-03
13553,1.513672e-02
13554,-1.818848e-02
13555,2.221680e-02
13556,-2.600098e-02
13557,2.966309e-02
13558,-3.125000e-02
13559,3.564453e-02
13560,-3.662109e-02
13561,3.784180e-02
13562,-3.613281e-02
13563,3.857422e-02
13564,-3.698730e-02
13565,3.625488e-02
13566,-3.393555e-02
13567,3.186035e-02
13568,-2.758789e-02
13569,2.722168e-02
13570,-2.111816e-02
13571,1.928711e-02
13572,-1.354980e-02
13573,9.521484e-03
13574,-4.150391e-03
13575,3.662109e-04
13576,5.615234e-03
13577,-9.155273e-03
13578,1.562500e-02
13579,-1.757812e-02
13580,2.233887e-02
13581,-2.551270e-02
13582,2.990723e-02
13583,-3.234863e-02
13584,3.527832e-02
13585,-3.527832e-02
13586,3.747559e-02
13587,-3.662109e-02
13588,3.820801e-02
13589,-3.723145e-02
13590,3.637695e-02
13591,-3.356934e-02
13592,3.308105e-02
13593,-2.880859e-02
13594,2.551270e-02
13595,-2.355957e-02
13596,1.904297e-02
13597,-1.342773e-02
13598,9.033203e-03
13599,-3.295898e-03
13600,-2.441406e-04
13601,5.004883e-03
13602,-9.521484e-03
13603,1.550293e-02
13604,-1.855469e-02
13605,2.270508e-02
13606,-2.648926e-02
13607,2.954102e-02
13608,-3.198242e-02
13609,3.527832e-02
13610,-3.625488e-02
13611,3.808594e-02
13612,-3.735352e-02
13613,3.991699e-02
13614,-3.674316e-02
13615,3.735352e-02
13616,-3.369141e-02
13617,3.259277e-02
13618,-2.868652e-02
13619,2.661133e-02
13620,-2.185059e-02
13621,1.940918e-02
13622,-1.367188e-02
13623,9.033203e-03
13624,-3.295898e-03
13625,-9.765625e-04
13626,6.347656e-03
13627,-8.300781e-03
13628,1.513672e-02
13629,-1.647949e-02
13630,2.368164e-02
13631,-2.575684e-02
13632,3.039551e-02
13633,-3.100586e-02
13634,3.527832e-02
13635,-3.552246e-02
13636,3.881836e-02
13637,-3.710938e-02
13638,3.894043e-02
13639,-3.613281e-02
13640,3.686523e-02
13641,-3.369141e-02
13642,3.308105e-02
13643,-2.795410e-02
13644,2.624512e-02
13645,-2.026367e-02
13646,1.953125e-02
13647,-1.208496e-02
13648,1.025391e-02
13649,-3.417969e-03
13650,1.098633e-03
13651,4.760742e-03
13652,-7.934570e-03
13653,1.403809e-02
13654,-1.879883e-02
13655,2.294922e-02
13656,-2.478027e-02
13657,3.051758e-02
13658,-3.125000e-02
13659,3.540039e-02
13660,-3.576660e-02
13661,3.808594e-02
13662,-3.710938e-02
13663,3.796387e-02
13664,-3.698730e-02
13665,3.686523e-02
13666,-3.356934e-02
13667,3.417969e-02
13668,-2.868652e-02
13669,2.697754e-02
13670,-2.233887e-02
13671,1.904297e-02
13672,-1.403809e-02
13673,1.049805e-02
13674,-3.417969e-03
13675,-7.324219e-04
13676,4.516602e-03
13677,-9.643555e-03
13678,1.464844e-02
13679,-1.733398e-02
13680,2.331543e-02
13681,-2.551270e-02
13682,2.990723e-02
13683,-3.125000e-02
13684,3.454590e-02
13685,-3.601074e-02
13686,3.906250e-02
13687,-3.820801e-02
13688,3.918457e-02
13689,-3.662109e-02
13690,3.662109e-02
13691,-3.356934e-02
13692,3.234863e-02
13693,-2.819824e-02
13694,2.722168e-02
13695,-2.172852e-02
13696,1.928711e-02
13697,-1.403809e-02
13698,9.277344e-03
13699,-3.662109e-03
13700,-3.662109e-04
13701,5.126953e-03
13702,-9.155273e-03
13703,1.501465e-02
13704,-1.782227e-02
13705,2.368164e-02
13706,-2.636719e-02
13707,3.039551e-02
13708,-3.198242e-02
13709,3.491211e-02
13710,-3.576660e-02
13711,3.747559e-02
13712,-3.723145e-02
13713,3.820801e-02
13714,-3.662109e-02
13715,3.637695e-02
13716,-3.503418e-02
13717,3.259277e-02
13718,-2.856445e-02
13719,2.636719e-02
13720,-2.111816e-02
13721,1.989746e-02
13722,-1.354980e-02
13723,9.643555e-03
13724,-3.173828e-03
13725,-7.324219e-04
13726,6.958008e-03
13727,-7.934570e-03
13728,1.440430e-02
13729,-1.757812e-02
13730,2.319336e-02
13731,-2.526855e-02
13732,3.088379e-02
13733,-3.149414e-02
13734,3.540039e-02
13735,-3.515625e-02
13736,3.820801e-02
13737,-3.698730e-02
13738,3.894043e-02
13739,-3.674316e-02
13740,3.637695e-02
13741,-3.405762e-02
13742,3.332520e-02
13743,-2.770996e-02
13744,2.758789e-02
13745,-2.209473e-02
13746,2.026367e-02
13747,-1.232910e-02
13748,9.765625e-03
13749,-3.295898e-03
13750,-6.103516e-04
13751,5.371094e-03
13752,-9.277344e-03
13753,1.513672e-02
13754,-1.867676e-02
13755,2.429199e-02
13756,-2.600098e-02
13757,2.990723e-02
13758,-3.125000e-02
13759,3.552246e-02
13760,-3.662109e-02
13761,3.833008e-02
13762,-3.698730e-02
13763,3.808594e-02
13764,-3.649902e-02
13765,3.637695e-02
13766,-3.393555e-02
13767,3.234863e-02
13768,-2.856445e-02
13769,2.600098e-02
13770,-2.136230e-02
13771,1.831055e-02
13772,-1.306152e-02
13773,9.277344e-03
13774,-4.882812e-03
13775,-2.441406e-04
13776,4.028320e-03
13777,-8.911133e-03
13778,1.416016e-02
13779,-1.867676e-02
13780,2.246094e-02
13781,-2.551270e-02
13782,2.905273e-02
13783,-3.332520e-02
13784,3.527832e-02
13785,-3.576660e-02
13786,3.747559e-02
13787,-3.710938e-02
13788,3.918457e-02
13789,-3.527832e-02
13790,3.552246e-02
13791,-3.259277e-02
13792,3.393555e-02
13793,-2.856445e-02
13794,2.685547e-02
13795,-2.160645e-02
13796,1.953125e-02
13797,-1.416016e-02
13798,9.155273e-03
13799,-3.295898e-03
13800,0.000000e+00
13801,4.394531e-03
13802,-7.324219e-03
13803,1.403809e-02
13804,-1.904297e-02
13805,2.453613e-02
13806,-2.648926e-02
13807,2.795410e-02
13808,-3.137207e-02
13809,3.405762e-02
13810,-3.698730e-02
13811,3.845215e-02
13812,-3.747559e-02
13813,3.881836e-02
13814,-3.674316e-02
13815,3.613281e-02
13816,-3.356934e-02
13817,3.222656e-02
13818,-2.868652e-02
13819,2.612305e-02
13820,-2.185059e-02
13821,1.867676e-02
13822,-1.342773e-02
13823,1.123047e-02
13824,-3.784180e-03
13825,0.000000e+00
13826,5.981445e-03
13827,-8.544922e-03
13828,1.477051e-02
13829,-1.708984e-02
13830,2.258301e-02
13831,-2.734375e-02
13832,2.990723e-02
13833,-3.234863e-02
13834,3.613281e-02
13835,-3.637695e-02
13836,3.881836e-02
13837,-3.857422e-02
13838,3.918457e-02
13839,-3.576660e-02
13840,3.649902e-02
13841,-3.393555e-02
13842,3.247070e-02
13843,-2.770996e-02
13844,2.624512e-02
13845,-2.160645e-02
13846,1.928711e-02
13847,-1.379395e-02
13848,9.521484e-03
13849,-4.150391e-03
13850,6.103516e-04
13851,4.516602e-03
13852,-9.155273e-03
13853,1.538086e-02
13854,-1.867676e-02
13855,2.233887e-02
13856,-2.551270e-02
13857,2.917480e-02
13858,-3.222656e-02
13859,3.527832e-02
13860,-3.576660e-02
13861,3.723145e-02
13862,-3.747559e-02
13863,3.918457e-02
13864,-3.662109e-02
13865,3.820801e-02
13866,-3.332520e-02
13867,3.210449e-02
13868,-2.917480e-02
13869,2.563477e-02
13870,-2.124023e-02
13871,1.733398e-02
13872,-1.342773e-02
13873,8.666992e-03
13874,-4.760742e-03
13875,-3.662109e-04
13876,5.493164e-03
13877,-9.765625e-03
13878,1.416016e-02
13879,-1.855469e-02
13880,2.172852e-02
13881,-2.404785e-02
13882,2.734375e-02
13883,-3.259277e-02
13884,3.540039e-02
13885,-3.649902e-02
13886,3.833008e-02
13887,-3.625488e-02
13888,3.698730e-02
13889,-3.698730e-02
13890,3.735352e-02
13891,-3.564453e-02
13892,3.198242e-02
13893,-2.966309e-02
13894,2.453613e-02
13895,-2.172852e-02
13896,1.916504e-02
13897,-1.513672e-02
13898,1.135254e-02
13899,-3.662109e-03
13900,3.662109e-04
13901,5.981445e-03
13902,-8.911133e-03
13903,1.464844e-02
13904,-1.818848e-02
13905,2.270508e-02
13906,-2.380371e-02
13907,3.149414e-02
13908,-3.173828e-02
13909,3.442383e-02
13910,-3.564453e-02
13911,3.710938e-02
13912,-3.771973e-02
13913,3.796387e-02
13914,-3.747559e-02
13915,3.540039e-02
13916,-3.369141e-02
13917,3.295898e-02
13918,-2.929688e-02
13919,2.514648e-02
13920,-2.172852e-02
13921,1.867676e-02
13922,-1.477051e-02
13923,1.062012e-02
13924,-4.150391e-03
13925,1.220703e-04
13926,5.249023e-03
13927,-9.521484e-03
13928,1.318359e-02
13929,-1.770020e-02
13930,2.197266e-02
13931,-2.600098e-02
13932,3.027344e-02
13933,-3.259277e-02
13934,3.479004e-02
13935,-3.466797e-02
13936,3.710938e-02
13937,-3.735352e-02
13938,3.845215e-02
13939,-3.674316e-02
13940,3.723145e-02
13941,-3.466797e-02
13942,3.283691e-02
13943,-2.844238e-02
13944,2.709961e-02
13945,-2.368164e-02
13946,1.818848e-02
13947,-1.464844e-02
13948,9.155273e-03
13949,-4.760742e-03
13950,-7.324219e-04
13951,5.249023e-03
13952,-9.155273e-03
13953,1.501465e-02
13954,-1.745605e-02
13955,2.416992e-02
13956,-2.514648e-02
13957,3.002930e-02
13958,-3.320312e-02
13959,3.637695e-02
13960,-3.601074e-02
13961,3.649902e-02
13962,-3.796387e-02
13963,3.833008e-02
13964,-3.796387e-02
13965,3.625488e-02
13966,-3.332520e-02
13967,3.247070e-02
13968,-2.917480e-02
13969,2.697754e-02
13970,-2.270508e-02
13971,1.867676e-02
13972,-1.440430e-02
13973,8.300781e-03
13974,-4.150391e-03
13975,0.000000e+00
13976,5.371094e-03
13977,-9.399414e-03
13978,1.403809e-02
13979,-1.916504e-02
13980,2.209473e-02
13981,-2.563477e-02
13982,2.929688e-02
13983,-3.271484e-02
13984,3.662109e-02
13985,-3.527832e-02
13986,3.784180e-02
13987,-3.723145e-02
13988,3.857422e-02
13989,-3.771973e-02
13990,3.601074e-02
13991,-3.417969e-02
13992,3.381348e-02
13993,-3.015137e-02
13994,2.697754e-02
13995,-2.246094e-02
13996,1.733398e-02
13997,-1.269531e-02
13998,8.544922e-03
13999,-5.493164e-03
14000,7.324219e-04
14001,3.784180e-03
14002,-8.178711e-03
14003,1.342773e-02
14004,-1.770020e-02
14005,2.331543e-02
14006,-2.624512e-02
14007,3.002930e-02
14008,-3.222656e-02
14009,3.540039e-02
14010,-3.552246e-02
14011,3.649902e-02
14012,-3.723145e-02
14013,3.955078e-02
14014,-3.723145e-02
14015,3.662109e-02
14016,-3.356934e-02
14017,3.161621e-02
14018,-2.966309e-02
14019,2.587891e-02
14020,-2.233887e-02
14021,1.831055e-02
14022,-1.367188e-02
14023,9.033203e-03
14024,-5.371094e-03
14025,1.220703e-04
14026,5.004883e-03
14027,-9.155273e-03
14028,1.391602e-02
14029,-1.733398e-02
14030,2.331543e-02
14031,-2.612305e-02
14032,2.929688e-02
14033,-3.222656e-02
14034,3.320312e-02
14035,-3.625488e-02
14036,3.845215e-02
14037,-3.674316e-02
14038,3.930664e-02
14039,-3.674316e-02
14040,3.662109e-02
14041,-3.430176e-02
14042,3.149414e-02
14043,-2.917480e-02
14044,2.612305e-02
14045,-2.270508e-02
14046,1.989746e-02
14047,-1.428223e-02
14048,9.643555e-03
14049,-4.882812e-03
14050,1.831055e-03
14051,4.638672e-03
14052,-9.643555e-03
14053,1.428223e-02
14054,-1.770020e-02
14055,2.197266e-02
14056,-2.624512e-02
14057,2.807617e-02
14058,-3.234863e-02
14059,3.442383e-02
14060,-3.637695e-02
14061,3.784180e-02
14062,-3.710938e-02
14063,3.845215e-02
14064,-3.698730e-02
14065,3.723145e-02
14066,-3.356934e-02
14067,3.356934e-02
14068,-2.917480e-02
14069,2.746582e-02
14070,-2.221680e-02
14071,1.770020e-02
14072,-1.220703e-02
14073,1.159668e-02
14074,-4.882812e-03
14075,1.342773e-03
14076,6.103516e-03
14077,-8.666992e-03
14078,1.452637e-02
14079,-1.660156e-02
14080,2.319336e-02
14081,-2.563477e-02
14082,3.027344e-02
14083,-3.100586e-02
14084,3.491211e-02
14085,-3.564453e-02
14086,3.894043e-02
14087,-3.723145e-02
14088,3.918457e-02
14089,-3.674316e-02
14090,3.820801e-02
14091,-3.234863e-02
14092,3.295898e-02
14093,-2.868652e-02
14094,2.734375e-02
14095,-2.062988e-02
14096,1.928711e-02
14097,-1.147461e-02
14098,1.013184e-02
14099,-4.394531e-03
14100,0.000000e+00
14101,5.371094e-03
14102,-9.277344e-03
14103,1.440430e-02
14104,-1.770020e-02
14105,2.246094e-02
14106,-2.429199e-02
14107,2.941895e-02
14108,-3.100586e-02
14109,3.491211e-02
14110,-3.759766e-02
14111,3.894043e-02
14112,-3.796387e-02
14113,3.820801e-02
14114,-3.601074e-02
14115,3.698730e-02
14116,-3.344727e-02
14117,3.259277e-02
14118,-3.015137e-02
14119,2.636719e-02
14120,-2.111816e-02
14121,1.928711e-02
14122,-1.281738e-02
14123,1.037598e-02
14124,-3.295898e-03
14125,4.882812e-04
14126,6.591797e-03
14127,-9.155273e-03
14128,1.269531e-02
14129,-1.635742e-02
14130,2.124023e-02
14131,-2.819824e-02
14132,2.844238e-02
14133,-3.137207e-02
14134,3.479004e-02
14135,-3.540039e-02
14136,3.845215e-02
14137,-3.674316e-02
14138,3.820801e-02
14139,-3.674316e-02
14140,3.845215e-02
14141,-3.454590e-02
14142,3.283691e-02
14143,-2.795410e-02
14144,2.490234e-02
14145,-2.282715e-02
14146,1.904297e-02
14147,-1.440430e-02
14148,1.171875e-02
14149,-4.882812e-03
14150,1.098633e-03
14151,4.028320e-03
14152,-8.666992e-03
14153,1.452637e-02
14154,-1.770020e-02
14155,2.416992e-02
14156,-2.429199e-02
14157,3.063965e-02
14158,-3.161621e-02
14159,3.649902e-02
14160,-3.637695e-02
14161,3.833008e-02
14162,-3.723145e-02
14163,3.796387e-02
14164,-3.649902e-02
14165,3.601074e-02
14166,-3.393555e-02
14167,3.259277e-02
14168,-2.917480e-02
14169,2.600098e-02
14170,-2.209473e-02
14171,1.940918e-02
14172,-1.318359e-02
14173,9.155273e-03
14174,-4.150391e-03
14175,-3.662109e-04
14176,4.760742e-03
14177,-8.789062e-03
14178,1.416016e-02
14179,-1.708984e-02
14180,2.233887e-02
14181,-2.551270e-02
14182,3.002930e-02
14183,-3.076172e-02
14184,3.442383e-02
14185,-3.527832e-02
14186,3.820801e-02
14187,-3.820801e-02
14188,3.930664e-02
14189,-3.698730e-02
14190,3.649902e-02
14191,-3.417969e-02
14192,3.332520e-02
14193,-2.941895e-02
14194,2.661133e-02
14195,-2.246094e-02
14196,1.928711e-02
14197,-1.452637e-02
14198,9.399414e-03
14199,-4.638672e-03
14200,1.342773e-03
14201,5.126953e-03
14202,-7.446289e-03
14203,1.477051e-02
14204,-1.721191e-02
14205,2.355957e-02
14206,-2.441406e-02
14207,2.990723e-02
14208,-3.149414e-02
14209,3.540039e-02
14210,-3.662109e-02
14211,3.833008e-02
14212,-3.662109e-02
14213,3.845215e-02
14214,-3.625488e-02
14215,3.710938e-02
14216,-3.430176e-02
14217,3.247070e-02
14218,-2.917480e-02
14219,2.697754e-02
14220,-2.246094e-02
14221,1.867676e-02
14222,-1.318359e-02
14223,1.062012e-02
14224,-4.272461e-03
14225,4.882812e-04
14226,4.760742e-03
14227,-9.155273e-03
14228,1.367188e-02
14229,-1.684570e-02
14230,2.172852e-02
14231,-2.453613e-02
14232,2.990723e-02
14233,-3.063965e-02
14234,3.503418e-02
14235,-3.552246e-02
14236,3.796387e-02
14237,-3.723145e-02
14238,3.820801e-02
14239,-3.576660e-02
14240,3.759766e-02
14241,-3.320312e-02
14242,3.381348e-02
14243,-2.844238e-02
14244,2.709961e-02
14245,-2.246094e-02
14246,1.989746e-02
14247,-1.269531e-02
14248,1.049805e-02
14249,-4.150391e-03
14250,3.662109e-04
14251,5.981445e-03
14252,-8.178711e-03
14253,1.403809e-02
14254,-1.647949e-02
14255,2.246094e-02
14256,-2.514648e-02
14257,3.125000e-02
14258,-3.161621e-02
14259,3.527832e-02
14260,-3.466797e-02
14261,3.735352e-02
14262,-3.857422e-02
14263,3.906250e-02
14264,-3.735352e-02
14265,3.662109e-02
14266,-3.369141e-02
14267,3.283691e-02
14268,-2.868652e-02
14269,2.612305e-02
14270,-2.209473e-02
14271,1.745605e-02
14272,-1.342773e-02
14273,1.074219e-02
14274,-4.882812e-03
14275,1.464844e-03
14276,5.615234e-03
14277,-9.887695e-03
14278,1.428223e-02
14279,-1.770020e-02
14280,2.294922e-02
14281,-2.539062e-02
14282,3.063965e-02
14283,-3.173828e-02
14284,3.393555e-02
14285,-3.527832e-02
14286,3.991699e-02
14287,-3.771973e-02
14288,3.857422e-02
14289,-3.649902e-02
14290,3.662109e-02
14291,-3.417969e-02
14292,3.259277e-02
14293,-2.966309e-02
14294,2.783203e-02
14295,-2.172852e-02
14296,1.892090e-02
14297,-1.354980e-02
14298,1.025391e-02
14299,-4.150391e-03
14300,1.586914e-03
14301,4.394531e-03
14302,-9.155273e-03
14303,1.391602e-02
14304,-1.818848e-02
14305,2.160645e-02
14306,-2.465820e-02
14307,2.917480e-02
14308,-3.125000e-02
14309,3.588867e-02
14310,-3.417969e-02
14311,3.686523e-02
14312,-3.698730e-02
14313,3.808594e-02
14314,-3.674316e-02
14315,3.649902e-02
14316,-3.369141e-02
14317,3.247070e-02
14318,-2.917480e-02
14319,2.563477e-02
14320,-2.282715e-02
14321,2.014160e-02
14322,-1.452637e-02
14323,1.000977e-02
14324,-3.784180e-03
14325,3.662109e-04
14326,5.615234e-03
14327,-8.789062e-03
14328,1.428223e-02
14329,-1.782227e-02
14330,2.331543e-02
14331,-2.624512e-02
14332,2.954102e-02
14333,-3.222656e-02
14334,3.442383e-02
14335,-3.430176e-02
14336,3.857422e-02
14337,-3.637695e-02
14338,4.016113e-02
14339,-3.649902e-02
14340,3.637695e-02
14341,-3.442383e-02
14342,3.186035e-02
14343,-2.880859e-02
14344,2.661133e-02
14345,-2.233887e-02
14346,1.770020e-02
14347,-1.477051e-02
14348,1.098633e-02
14349,-6.225586e-03
14350,2.075195e-03
14351,6.591797e-03
14352,-8.422852e-03
14353,1.464844e-02
14354,-1.684570e-02
14355,2.233887e-02
14356,-2.758789e-02
14357,3.149414e-02
14358,-3.173828e-02
14359,3.405762e-02
14360,-3.503418e-02
14361,3.857422e-02
14362,-3.698730e-02
14363,3.906250e-02
14364,-3.540039e-02
14365,3.747559e-02
14366,-3.454590e-02
14367,3.356934e-02
14368,-2.941895e-02
14369,2.636719e-02
14370,-2.270508e-02
14371,1.916504e-02
14372,-1.281738e-02
14373,1.013184e-02
14374,-4.882812e-03
14375,-7.324219e-04
14376,3.784180e-03
14377,-8.422852e-03
14378,1.318359e-02
14379,-1.708984e-02
14380,2.160645e-02
14381,-2.441406e-02
14382,2.941895e-02
14383,-3.161621e-02
14384,3.527832e-02
14385,-3.576660e-02
14386,3.662109e-02
14387,-3.637695e-02
14388,3.820801e-02
14389,-3.759766e-02
14390,3.625488e-02
14391,-3.405762e-02
14392,3.210449e-02
14393,-2.795410e-02
14394,2.709961e-02
14395,-2.221680e-02
14396,1.965332e-02
14397,-1.245117e-02
14398,1.074219e-02
14399,-4.760742e-03
14400,8.544922e-04
14401,5.615234e-03
14402,-1.025391e-02
14403,1.464844e-02
14404,-1.708984e-02
14405,2.148438e-02
14406,-2.404785e-02
14407,2.990723e-02
14408,-3.198242e-02
14409,3.454590e-02
14410,-3.527832e-02
14411,3.613281e-02
14412,-3.808594e-02
14413,3.930664e-02
14414,-3.759766e-02
14415,3.698730e-02
14416,-3.405762e-02
14417,3.210449e-02
14418,-2.819824e-02
14419,2.526855e-02
14420,-2.270508e-02
14421,1.928711e-02
14422,-1.489258e-02
14423,9.155273e-03
14424,-5.737305e-03
14425,1.220703e-03
14426,4.028320e-03
14427,-1.025391e-02
14428,1.403809e-02
14429,-1.831055e-02
14430,2.294922e-02
14431,-2.429199e-02
14432,2.941895e-02
14433,-3.051758e-02
14434,3.515625e-02
14435,-3.491211e-02
14436,3.857422e-02
14437,-3.710938e-02
14438,3.295898e-02
14439,-2.795410e-02
14440,2.636719e-02
14441,-2.282715e-02
14442,1.843262e-02
14443,-1.330566e-02
14444,1.025391e-02
14445,-4.760742e-03
14446,1.098633e-03
14447,6.225586e-03
14448,-8.789062e-03
14449,1.562500e-02
14450,-1.806641e-02
14451,2.368164e-02
14452,-2.453613e-02
14453,3.051758e-02
14454,-3.198242e-02
14455,3.527832e-02
14456,-3.576660e-02
14457,3.796387e-02
14458,-3.601074e-02
14459,3.735352e-02
14460,-3.649902e-02
14461,3.735352e-02
14462,-3.369141e-02
14463,3.320312e-02
14464,-2.880859e-02
14465,2.758789e-02
14466,-2.160645e-02
14467,1.843262e-02
14468,-1.318359e-02
14469,8.789062e-03
14470,-3.906250e-03
14471,2.441406e-04
14472,5.126953e-03
14473,-9.277344e-03
14474,1.464844e-02
14475,-1.782227e-02
14476,2.258301e-02
14477,-2.673340e-02
14478,2.832031e-02
14479,-3.051758e-02
14480,3.356934e-02
14481,-3.625488e-02
14482,3.918457e-02
14483,-3.857422e-02
14484,3.857422e-02
14485,-3.601074e-02
14486,3.601074e-02
14487,-3.271484e-02
14488,3.356934e-02
14489,-2.819824e-02
14490,2.783203e-02
14491,-2.172852e-02
14492,1.892090e-02
14493,-1.208496e-02
14494,1.062012e-02
14495,-3.417969e-03
14496,3.662109e-04
14497,5.493164e-03
14498,-9.155273e-03
14499,1.403809e-02
14500,-1.806641e-02
14501,2.307129e-02
14502,-2.478027e-02
14503,2.954102e-02
14504,-3.039551e-02
14505,3.503418e-02
14506,-3.540039e-02
14507,3.796387e-02
14508,-3.759766e-02
14509,3.894043e-02
14510,-3.637695e-02
14511,3.649902e-02
14512,-3.295898e-02
14513,3.186035e-02
14514,-2.722168e-02
14515,2.661133e-02
14516,-2.246094e-02
14517,1.904297e-02
14518,-1.354980e-02
14519,9.765625e-03
14520,-2.441406e-03
14521,6.103516e-04
14522,4.394531e-03
14523,-8.422852e-03
14524,1.391602e-02
14525,-1.818848e-02
14526,2.331543e-02
14527,-2.514648e-02
14528,2.941895e-02
14529,-3.100586e-02
14530,3.527832e-02
14531,-3.564453e-02
14532,3.698730e-02
14533,-3.601074e-02
14534,3.857422e-02
14535,-3.698730e-02
14536,3.735352e-02
14537,-3.393555e-02
14538,3.222656e-02
14539,-3.002930e-02
14540,2.746582e-02
14541,-2.148438e-02
14542,1.794434e-02
14543,-1.403809e-02
14544,1.037598e-02
14545,-5.371094e-03
14546,2.075195e-03
14547,4.638672e-03
14548,-8.911133e-03
14549,1.477051e-02
14550,-1.843262e-02
14551,2.453613e-02
14552,-2.502441e-02
14553,2.929688e-02
14554,-3.100586e-02
14555,3.503418e-02
14556,-3.601074e-02
14557,3.808594e-02
14558,-3.735352e-02
14559,3.784180e-02
14560,-3.674316e-02
14561,3.723145e-02
14562,-3.320312e-02
14563,3.332520e-02
14564,-2.807617e-02
14565,2.685547e-02
14566,-2.075195e-02
14567,1.794434e-02
14568,-1.403809e-02
14569,9.765625e-03
14570,-5.859375e-03
14571,8.544922e-04
14572,5.981445e-03
14573,-9.399414e-03
14574,1.354980e-02
14575,-1.818848e-02
14576,2.172852e-02
14577,-2.526855e-02
14578,3.027344e-02
14579,-3.222656e-02
14580,3.503418e-02
14581,-3.491211e-02
14582,3.833008e-02
14583,-3.723145e-02
14584,3.845215e-02
14585,-3.759766e-02
14586,3.735352e-02
14587,-3.454590e-02
14588,3.259277e-02
14589,-2.929688e-02
14590,2.563477e-02
14591,-2.258301e-02
14592,1.940918e-02
14593,-1.416016e-02
14594,9.765625e-03
14595,-5.249023e-03
14596,7.324219e-04
14597,3.173828e-03
14598,-9.521484e-03
14599,1.464844e-02
14600,-1.855469e-02
14601,2.258301e-02
14602,-2.709961e-02
14603,2.856445e-02
14604,-3.149414e-02
14605,3.430176e-02
14606,-3.576660e-02
14607,3.759766e-02
14608,-3.649902e-02
14609,3.857422e-02
14610,-3.747559e-02
14611,3.710938e-02
14612,-3.356934e-02
14613,3.149414e-02
14614,-2.868652e-02
14615,2.636719e-02
14616,-2.209473e-02
14617,1.867676e-02
14618,-1.330566e-02
14619,1.025391e-02
14620,-4.760742e-03
14621,7.324219e-04
14622,3.784180e-03
14623,-8.911133e-03
14624,1.452637e-02
14625,-1.879883e-02
14626,2.270508e-02
14627,-2.502441e-02
14628,2.832031e-02
14629,-3.149414e-02
14630,3.491211e-02
14631,-3.710938e-02
14632,3.747559e-02
14633,-3.796387e-02
14634,3.735352e-02
14635,-3.698730e-02
14636,3.710938e-02
14637,-3.454590e-02
14638,3.210449e-02
14639,-2.880859e-02
14640,2.539062e-02
14641,-2.221680e-02
14642,2.001953e-02
14643,-1.477051e-02
14644,1.013184e-02
14645,-3.540039e-03
14646,-6.103516e-04
14647,5.249023e-03
14648,-9.399414e-03
14649,1.428223e-02
14650,-1.745605e-02
14651,2.307129e-02
14652,-2.612305e-02
14653,2.929688e-02
14654,-3.137207e-02
14655,3.405762e-02
14656,-3.503418e-02
14657,3.894043e-02
14658,-3.710938e-02
14659,3.942871e-02
14660,-3.613281e-02
14661,3.552246e-02
14662,-3.454590e-02
14663,3.283691e-02
14664,-2.954102e-02
14665,2.746582e-02
14666,-2.209473e-02
14667,1.867676e-02
14668,-1.245117e-02
14669,1.074219e-02
14670,-5.615234e-03
14671,1.708984e-03
14672,4.394531e-03
14673,-1.025391e-02
14674,1.550293e-02
14675,-1.855469e-02
14676,2.172852e-02
14677,-2.563477e-02
14678,2.990723e-02
14679,-3.149414e-02
14680,3.356934e-02
14681,-3.540039e-02
14682,3.808594e-02
14683,-3.796387e-02
14684,3.747559e-02
14685,-3.771973e-02
14686,3.613281e-02
14687,-3.454590e-02
14688,3.234863e-02
14689,-2.880859e-02
14690,2.636719e-02
14691,-2.160645e-02
14692,1.794434e-02
14693,-1.452637e-02
14694,1.000977e-02
14695,-5.493164e-03
14696,0.000000e+00
14697,4.150391e-03
14698,-9.521484e-03
14699,1.306152e-02
14700,-1.745605e-02
14701,2.307129e-02
14702,-2.539062e-02
14703,2.917480e-02
14704,-3.125000e-02
14705,3.479004e-02
14706,-3.601074e-02
14707,3.747559e-02
14708,-3.930664e-02
14709,3.747559e-02
14710,-3.747559e-02
14711,3.601074e-02
14712,-3.442383e-02
14713,3.210449e-02
14714,-2.978516e-02
14715,2.612305e-02
14716,-2.270508e-02
14717,1.855469e-02
14718,-1.403809e-02
14719,1.147461e-02
14720,-4.150391e-03
14721,1.098633e-03
14722,6.469727e-03
14723,-9.643555e-03
14724,1.464844e-02
14725,-1.708984e-02
14726,2.221680e-02
14727,-2.600098e-02
14728,3.039551e-02
14729,-3.039551e-02
14730,3.540039e-02
14731,-3.576660e-02
14732,3.759766e-02
14733,-3.710938e-02
14734,3.820801e-02
14735,-3.576660e-02
14736,3.649902e-02
14737,-3.430176e-02
14738,3.320312e-02
14739,-2.807617e-02
14740,2.600098e-02
14741,-2.148438e-02
14742,1.940918e-02
14743,-1.318359e-02
14744,1.037598e-02
14745,-2.929688e-03
14746,2.441406e-04
14747,4.516602e-03
14748,-9.643555e-03
14749,1.403809e-02
14750,-1.806641e-02
14751,2.124023e-02
14752,-2.514648e-02
14753,3.063965e-02
14754,-3.259277e-02
14755,3.405762e-02
14756,-3.515625e-02
14757,3.710938e-02
14758,-3.930664e-02
14759,3.881836e-02
14760,-3.710938e-02
14761,3.686523e-02
14762,-3.320312e-02
14763,3.259277e-02
14764,-2.954102e-02
14765,2.563477e-02
14766,-2.148438e-02
14767,1.953125e-02
14768,-1.440430e-02
14769,1.074219e-02
14770,-2.929688e-03
14771,1.464844e-03
14772,4.272461e-03
14773,-7.812500e-03
14774,1.391602e-02
14775,-1.672363e-02
14776,2.221680e-02
14777,-2.478027e-02
14778,3.063965e-02
14779,-3.125000e-02
14780,3.430176e-02
14781,-3.674316e-02
14782,3.796387e-02
14783,-3.771973e-02
14784,3.845215e-02
14785,-3.710938e-02
14786,3.588867e-02
14787,-3.430176e-02
14788,3.100586e-02
14789,-2.966309e-02
14790,2.783203e-02
14791,-2.404785e-02
14792,1.916504e-02
14793,-1.306152e-02
14794,1.000977e-02
14795,-5.493164e-03
14796,3.662109e-04
14797,5.126953e-03
14798,-9.155273e-03
14799,1.501465e-02
14800,-1.745605e-02
14801,2.209473e-02
14802,-2.441406e-02
14803,2.929688e-02
14804,-3.198242e-02
14805,3.649902e-02
14806,-3.503418e-02
14807,3.808594e-02
14808,-3.625488e-02
14809,3.845215e-02
14810,-3.649902e-02
14811,3.796387e-02
14812,-3.613281e-02
14813,3.295898e-02
14814,-2.978516e-02
14815,2.685547e-02
14816,-2.343750e-02
14817,1.892090e-02
14818,-1.342773e-02
14819,9.399414e-03
14820,-4.272461e-03
14821,1.342773e-03
14822,5.737305e-03
14823,-8.178711e-03
14824,1.354980e-02
14825,-1.647949e-02
14826,2.197266e-02
14827,-2.575684e-02
14828,2.941895e-02
14829,-3.198242e-02
14830,3.393555e-02
14831,-3.417969e-02
14832,3.833008e-02
14833,-3.796387e-02
14834,3.942871e-02
14835,-3.723145e-02
14836,3.552246e-02
14837,-3.295898e-02
14838,3.247070e-02
14839,-2.758789e-02
14840,2.868652e-02
14841,-2.075195e-02
14842,1.965332e-02
14843,-1.257324e-02
14844,1.196289e-02
14845,-3.662109e-03
14846,1.342773e-03
14847,5.737305e-03
14848,-7.690430e-03
14849,1.391602e-02
14850,-1.831055e-02
14851,2.368164e-02
14852,-2.539062e-02
14853,2.990723e-02
14854,-3.015137e-02
14855,3.393555e-02
14856,-3.552246e-02
14857,3.845215e-02
14858,-3.747559e-02
14859,3.881836e-02
14860,-3.674316e-02
14861,3.564453e-02
14862,-3.515625e-02
14863,3.234863e-02
14864,-2.844238e-02
14865,2.685547e-02
14866,-2.148438e-02
14867,2.026367e-02
14868,-1.489258e-02
14869,1.037598e-02
14870,-3.173828e-03
14871,1.220703e-03
14872,5.126953e-03
14873,-7.446289e-03
14874,1.428223e-02
14875,-1.745605e-02
14876,2.221680e-02
14877,-2.526855e-02
14878,3.027344e-02
14879,-3.137207e-02
14880,3.417969e-02
14881,-3.540039e-02
14882,3.662109e-02
14883,-3.796387e-02
14884,3.894043e-02
14885,-3.564453e-02
14886,3.686523e-02
14887,-3.393555e-02
14888,3.356934e-02
14889,-2.844238e-02
14890,2.600098e-02
14891,-2.148438e-02
14892,1.855469e-02
14893,-1.354980e-02
14894,1.110840e-02
14895,-3.662109e-03
14896,2.075195e-03
14897,6.469727e-03
14898,-8.911133e-03
14899,1.391602e-02
14900,-1.660156e-02
14901,2.258301e-02
14902,-2.478027e-02
14903,2.929688e-02
14904,-3.076172e-02
14905,3.454590e-02
14906,-3.625488e-02
14907,3.747559e-02
14908,-3.735352e-02
14909,3.881836e-02
14910,-3.674316e-02
14911,3.735352e-02
14912,-3.491211e-02
14913,3.393555e-02
14914,-2.844238e-02
14915,2.734375e-02
14916,-2.172852e-02
14917,1.965332e-02
14918,-1.330566e-02
14919,1.098633e-02
14920,-2.929688e-03
14921,-4.882812e-04
14922,5.249023e-03
14923,-7.690430e-03
14924,1.464844e-02
14925,-1.770020e-02
14926,2.465820e-02
14927,-2.368164e-02
14928,2.941895e-02
14929,-3.063965e-02
14930,3.393555e-02
14931,-3.503418e-02
14932,3.784180e-02
14933,-3.710938e-02
14934,3.796387e-02
14935,-3.759766e-02
14936,3.820801e-02
14937,-3.430176e-02
14938,3.247070e-02
14939,-2.795410e-02
14940,2.722168e-02
14941,-2.233887e-02
14942,1.867676e-02
14943,-1.342773e-02
14944,1.000977e-02
14945,-3.784180e-03
14946,7.324219e-04
14947,5.371094e-03
14948,-9.765625e-03
14949,1.428223e-02
14950,-1.708984e-02
14951,2.294922e-02
14952,-2.514648e-02
14953,2.966309e-02
14954,-3.149414e-02
14955,3.430176e-02
14956,-3.515625e-02
14957,3.784180e-02
14958,-3.857422e-02
14959,3.747559e-02
14960,-3.662109e-02
14961,3.552246e-02
14962,-3.393555e-02
14963,3.405762e-02
14964,-2.770996e-02
14965,2.661133e-02
14966,-2.172852e-02
14967,1.965332e-02
14968,-1.416016e-02
14969,1.159668e-02
14970,-5.371094e-03
14971,1.220703e-03
14972,4.760742e-03
14973,-8.789062e-03
14974,1.318359e-02
14975,-1.660156e-02
14976,2.209473e-02
14977,-2.624512e-02
14978,2.954102e-02
14979,-3.161621e-02
14980,3.564453e-02
14981,-3.540039e-02
14982,3.942871e-02
14983,-3.833008e-02
14984,3.906250e-02
14985,-3.601074e-02
14986,3.649902e-02
14987,-3.344727e-02
14988,3.417969e-02
14989,-2.868652e-02
14990,2.539062e-02
14991,-2.319336e-02
14992,1.989746e-02
14993,-1.416016e-02
14994,1.074219e-02
14995,-4.760742e-03
14996,3.662109e-04
14997,5.371094e-03
14998,-9.155273e-03
14999,1.330566e-02
15000,-1.770020e-02
15001,2.270508e-02
15002,-2.514648e-02
15003,2.929688e-02
15004,-3.100586e-02
15005,3.442383e-02
15006,-3.564453e-02
15007,3.820801e-02
15008,-3.747559e-02
15009,3.857422e-02
15010,-3.613281e-02
15011,3.686523e-02
15012,-3.405762e-02
15013,3.393555e-02
15014,-2.905273e-02
15015,2.636719e-02
15016,-2.282715e-02
15017,1.989746e-02
15018,-1.416016e-02
15019,1.025391e-02
15020,-4.150391e-03
15021,1.098633e-03
15022,5.615234e-03
15023,-8.666992e-03
15024,1.403809e-02
15025,-1.757812e-02
15026,2.416992e-02
15027,-2.416992e-02
15028,3.015137e-02
15029,-3.076172e-02
15030,3.491211e-02
15031,-3.466797e-02
15032,3.906250e-02
15033,-3.894043e-02
15034,3.808594e-02
15035,-3.662109e-02
15036,3.698730e-02
15037,-3.503418e-02
15038,3.393555e-02
15039,-2.978516e-02
15040,2.697754e-02
15041,-2.319336e-02
15042,1.904297e-02
15043,-1.245117e-02
15044,9.765625e-03
15045,-4.882812e-03
15046,2.075195e-03
15047,4.760742e-03
15048,-7.446289e-03
15049,1.367188e-02
15050,-1.757812e-02
15051,2.233887e-02
15052,-2.636719e-02
15053,2.941895e-02
15054,-3.100586e-02
15055,3.405762e-02
15056,-3.552246e-02
15057,3.808594e-02
15058,-3.833008e-02
15059,3.710938e-02
15060,-3.601074e-02
15061,3.588867e-02
15062,-3.271484e-02
15063,3.320312e-02
15064,-2.819824e-02
15065,2.734375e-02
15066,-2.233887e-02
15067,1.940918e-02
15068,-1.257324e-02
15069,1.037598e-02
15070,-5.126953e-03
15071,1.831055e-03
15072,5.615234e-03
15073,-8.178711e-03
15074,1.550293e-02
15075,-1.757812e-02
15076,2.209473e-02
15077,-2.453613e-02
15078,2.929688e-02
15079,-3.063965e-02
15080,3.491211e-02
15081,-3.552246e-02
15082,3.796387e-02
15083,-3.747559e-02
15084,3.894043e-02
15085,-3.637695e-02
15086,3.649902e-02
15087,-3.332520e-02
15088,3.259277e-02
15089,-2.966309e-02
15090,2.819824e-02
15091,-2.233887e-02
15092,1.953125e-02
15093,-1.367188e-02
15094,1.013184e-02
15095,-4.760742e-03
15096,2.197266e-03
15097,5.737305e-03
15098,-9.765625e-03
15099,1.611328e-02
15100,-1.660156e-02
15101,2.246094e-02
15102,-2.453613e-02
15103,3.015137e-02
15104,-3.295898e-02
15105,3.454590e-02
15106,-3.662109e-02
15107,3.881836e-02
15108,-3.808594e-02
15109,3.820801e-02
15110,-3.808594e-02
15111,3.564453e-02
15112,-3.417969e-02
15113,3.320312e-02
15114,-2.905273e-02
15115,2.746582e-02
15116,-2.270508e-02
15117,1.818848e-02
15118,-1.318359e-02
15119,1.098633e-02
15120,-5.126953e-03
15121,-2.441406e-04
15122,4.638672e-03
15123,-8.300781e-03
15124,1.403809e-02
15125,-1.770020e-02
15126,2.294922e-02
15127,-2.502441e-02
15128,3.027344e-02
15129,-3.051758e-02
15130,3.479004e-02
15131,-3.515625e-02
15132,3.747559e-02
15133,-3.637695e-02
15134,3.796387e-02
15135,-3.625488e-02
15136,3.747559e-02
15137,-3.308105e-02
15138,3.491211e-02
15139,-2.807617e-02
15140,2.807617e-02
15141,-2.209473e-02
15142,1.965332e-02
15143,-1.367188e-02
15144,1.074219e-02
15145,-3.784180e-03
15146,1.586914e-03
15147,5.615234e-03
15148,-7.812500e-03
15149,1.440430e-02
15150,-1.782227e-02
15151,2.392578e-02
15152,-2.514648e-02
15153,2.966309e-02
15154,-3.015137e-02
15155,3.344727e-02
15156,-3.491211e-02
15157,3.735352e-02
15158,-3.759766e-02
15159,3.796387e-02
15160,-3.698730e-02
15161,3.686523e-02
15162,-3.430176e-02
15163,3.295898e-02
15164,-2.905273e-02
15165,2.709961e-02
15166,-2.185059e-02
15167,1.892090e-02
15168,-1.367188e-02
15169,1.025391e-02
15170,-5.493164e-03
15171,2.197266e-03
15172,4.516602e-03
15173,-8.422852e-03
15174,1.391602e-02
15175,-1.904297e-02
15176,2.233887e-02
15177,-2.661133e-02
15178,3.002930e-02
15179,-3.027344e-02
15180,3.417969e-02
15181,-3.613281e-02
15182,3.747559e-02
15183,-3.662109e-02
15184,3.894043e-02
15185,-3.674316e-02
15186,3.784180e-02
15187,-3.466797e-02
15188,3.344727e-02
15189,-2.966309e-02
15190,3.088379e-02
15191,-3.320312e-02
15192,3.601074e-02
15193,-3.613281e-02
15194,3.906250e-02
15195,-3.564453e-02
15196,3.747559e-02
15197,-3.710938e-02
15198,3.649902e-02
15199,-3.417969e-02
15200,3.222656e-02
15201,-2.868652e-02
15202,2.551270e-02
15203,-2.001953e-02
15204,1.733398e-02
15205,-1.086426e-02
15206,8.666992e-03
15207,-3.173828e-03
15208,-9.765625e-04
15209,5.981445e-03
15210,-9.643555e-03
15211,1.525879e-02
15212,-1.928711e-02
15213,2.465820e-02
15214,-2.734375e-02
15215,3.125000e-02
15216,-3.198242e-02
15217,3.405762e-02
15218,-3.454590e-02
15219,3.784180e-02
15220,-3.869629e-02
15221,3.930664e-02
15222,-3.637695e-02
15223,3.698730e-02
15224,-3.271484e-02
15225,3.320312e-02
15226,-2.905273e-02
15227,2.624512e-02
15228,-2.038574e-02
15229,1.745605e-02
15230,-1.306152e-02
15231,8.666992e-03
15232,-3.906250e-03
15233,-2.441406e-04
15234,5.981445e-03
15235,-1.074219e-02
15236,1.452637e-02
15237,-1.928711e-02
15238,2.294922e-02
15239,-2.600098e-02
15240,3.063965e-02
15241,-3.210449e-02
15242,3.735352e-02
15243,-3.625488e-02
15244,3.784180e-02
15245,-3.808594e-02
15246,3.833008e-02
15247,-3.613281e-02
15248,3.649902e-02
15249,-3.405762e-02
15250,3.234863e-02
15251,-2.832031e-02
15252,2.502441e-02
15253,-2.038574e-02
15254,1.550293e-02
15255,-1.232910e-02
15256,9.277344e-03
15257,-3.906250e-03
15258,6.103516e-04
15259,6.347656e-03
15260,-9.399414e-03
15261,1.538086e-02
15262,-1.708984e-02
15263,2.368164e-02
15264,-2.697754e-02
15265,3.112793e-02
15266,-3.259277e-02
15267,3.430176e-02
15268,-3.515625e-02
15269,3.820801e-02
15270,-3.796387e-02
15271,3.955078e-02
15272,-3.637695e-02
15273,3.625488e-02
15274,-3.369141e-02
15275,3.186035e-02
15276,-2.819824e-02
15277,2.563477e-02
15278,-2.185059e-02
15279,1.757812e-02
15280,-1.318359e-02
15281,9.277344e-03
15282,-4.272461e-03
15283,6.103516e-04
15284,7.202148e-03
15285,-8.911133e-03
15286,1.660156e-02
15287,-1.757812e-02
15288,2.331543e-02
15289,-2.624512e-02
15290,3.112793e-02
15291,-3.295898e-02
15292,3.515625e-02
15293,-3.576660e-02
15294,3.759766e-02
15295,-3.808594e-02
15296,3.723145e-02
15297,-3.698730e-02
15298,3.686523e-02
15299,-3.430176e-02
15300,3.161621e-02
15301,-2.929688e-02
15302,2.514648e-02
15303,-2.148438e-02
15304,1.855469e-02
15305,-1.306152e-02
15306,8.422852e-03
15307,-3.906250e-03
15308,-6.103516e-04
15309,5.737305e-03
15310,-8.666992e-03
15311,1.403809e-02
15312,-1.855469e-02
15313,2.404785e-02
15314,-2.600098e-02
15315,3.198242e-02
15316,-3.234863e-02
15317,3.442383e-02
15318,-3.625488e-02
15319,3.747559e-02
15320,-3.771973e-02
15321,3.662109e-02
15322,-3.747559e-02
15323,3.552246e-02
15324,-3.369141e-02
15325,3.027344e-02
15326,-2.954102e-02
15327,2.563477e-02
15328,-2.148438e-02
15329,1.855469e-02
15330,-1.269531e-02
15331,9.033203e-03
15332,-3.540039e-03
15333,1.220703e-04
15334,5.126953e-03
15335,-9.399414e-03
15336,1.550293e-02
15337,-1.904297e-02
15338,2.416992e-02
15339,-2.612305e-02
15340,3.063965e-02
15341,-3.137207e-02
15342,3.503418e-02
15343,-3.503418e-02
15344,3.759766e-02
15345,-3.820801e-02
15346,3.857422e-02
15347,-3.613281e-02
15348,3.637695e-02
15349,-3.369141e-02
15350,3.161621e-02
15351,-2.880859e-02
15352,2.587891e-02
15353,-2.319336e-02
15354,1.745605e-02
15355,-1.208496e-02
15356,9.155273e-03
15357,-3.417969e-03
15358,-3.662109e-04
15359,5.493164e-03
15360,-9.887695e-03
15361,1.477051e-02
15362,-1.904297e-02
15363,2.307129e-02
15364,-2.575684e-02
15365,2.807617e-02
15366,-3.247070e-02
15367,3.540039e-02
15368,-3.710938e-02
15369,3.662109e-02
15370,-3.808594e-02
15371,3.710938e-02
15372,-3.613281e-02
15373,3.625488e-02
15374,-3.393555e-02
15375,3.222656e-02
15376,-2.770996e-02
15377,2.526855e-02
15378,-2.160645e-02
15379,1.770020e-02
15380,-1.220703e-02
15381,9.521484e-03
15382,-3.906250e-03
15383,1.220703e-04
15384,5.737305e-03
15385,-1.123047e-02
15386,1.464844e-02
15387,-1.965332e-02
15388,2.197266e-02
15389,-2.709961e-02
15390,3.027344e-02
15391,-3.234863e-02
15392,3.491211e-02
15393,-3.527832e-02
15394,3.735352e-02
15395,-3.723145e-02
15396,3.930664e-02
15397,-3.649902e-02
15398,3.723145e-02
15399,-3.491211e-02
15400,3.259277e-02
15401,-2.758789e-02
15402,2.502441e-02
15403,-2.111816e-02
15404,1.660156e-02
15405,-1.379395e-02
15406,9.765625e-03
15407,-2.685547e-03
15408,-8.544922e-04
15409,6.591797e-03
15410,-9.521484e-03
15411,1.513672e-02
15412,-1.928711e-02
15413,2.416992e-02
15414,-2.709961e-02
15415,3.039551e-02
15416,-3.198242e-02
15417,3.601074e-02
15418,-3.625488e-02
15419,3.796387e-02
15420,-3.698730e-02
15421,3.759766e-02
15422,-3.820801e-02
15423,3.723145e-02
15424,-3.430176e-02
15425,3.186035e-02
15426,-2.795410e-02
15427,2.526855e-02
15428,-2.172852e-02
15429,1.745605e-02
15430,-1.342773e-02
15431,7.812500e-03
15432,-4.882812e-03
15433,-1.220703e-03
15434,5.493164e-03
15435,-9.887695e-03
15436,1.574707e-02
15437,-1.867676e-02
15438,2.429199e-02
15439,-2.636719e-02
15440,3.051758e-02
15441,-3.210449e-02
15442,3.503418e-02
15443,-3.527832e-02
15444,3.833008e-02
15445,-3.833008e-02
15446,3.796387e-02
15447,-3.698730e-02
15448,3.686523e-02
15449,-3.430176e-02
15450,3.210449e-02
15451,-2.832031e-02
15452,2.539062e-02
15453,-2.209473e-02
15454,1.818848e-02
15455,-1.232910e-02
15456,7.690430e-03
15457,-3.906250e-03
15458,1.098633e-03
15459,5.615234e-03
15460,-1.025391e-02
15461,1.635742e-02
15462,-2.001953e-02
15463,2.294922e-02
15464,-2.612305e-02
15465,3.051758e-02
15466,-3.259277e-02
15467,3.503418e-02
15468,-3.625488e-02
15469,3.808594e-02
15470,-3.771973e-02
15471,3.930664e-02
15472,-3.674316e-02
15473,3.686523e-02
15474,-3.259277e-02
15475,3.295898e-02
15476,-2.941895e-02
15477,2.636719e-02
15478,-2.246094e-02
15479,1.794434e-02
15480,-1.318359e-02
15481,8.178711e-03
15482,-3.662109e-03
15483,-1.220703e-03
15484,6.347656e-03
15485,-1.049805e-02
15486,1.477051e-02
15487,-1.867676e-02
15488,2.307129e-02
15489,-2.563477e-02
15490,3.051758e-02
15491,-3.173828e-02
15492,3.405762e-02
15493,-3.625488e-02
15494,3.735352e-02
15495,-3.967285e-02
15496,3.735352e-02
15497,-3.771973e-02
15498,3.588867e-02
15499,-3.405762e-02
15500,3.295898e-02
15501,-2.758789e-02
15502,2.624512e-02
15503,-2.160645e-02
15504,1.831055e-02
15505,-1.367188e-02
15506,8.422852e-03
15507,-3.784180e-03
15508,-9.765625e-04
15509,6.469727e-03
15510,-1.037598e-02
15511,1.452637e-02
15512,-1.818848e-02
15513,2.270508e-02
15514,-2.563477e-02
15515,3.100586e-02
15516,-3.125000e-02
15517,3.588867e-02
15518,-3.564453e-02
15519,3.857422e-02
15520,-3.796387e-02
15521,4.003906e-02
15522,-3.564453e-02
15523,3.637695e-02
15524,-3.308105e-02
15525,3.356934e-02
15526,-2.941895e-02
15527,2.502441e-02
15528,-2.062988e-02
15529,1.721191e-02
15530,-1.306152e-02
15531,9.765625e-03
15532,-2.685547e-03
15533,-8.544922e-04
15534,6.469727e-03
15535,-1.013184e-02
15536,1.623535e-02
15537,-1.904297e-02
15538,2.270508e-02
15539,-2.563477e-02
15540,3.051758e-02
15541,-3.198242e-02
15542,3.564453e-02
15543,-3.637695e-02
15544,3.857422e-02
15545,-3.906250e-02
15546,3.710938e-02
15547,-3.637695e-02
15548,3.564453e-02
15549,-3.369141e-02
15550,3.308105e-02
15551,-2.856445e-02
15552,2.600098e-02
15553,-2.221680e-02
15554,1.696777e-02
15555,-1.367188e-02
15556,8.300781e-03
15557,-4.760742e-03
15558,-9.765625e-04
15559,6.591797e-03
15560,-1.086426e-02
15561,1.550293e-02
15562,-1.831055e-02
15563,2.331543e-02
15564,-2.600098e-02
15565,2.990723e-02
15566,-3.112793e-02
15567,3.540039e-02
15568,-3.491211e-02
15569,3.894043e-02
15570,-3.735352e-02
15571,3.881836e-02
15572,-3.662109e-02
15573,3.820801e-02
15574,-3.234863e-02
15575,3.259277e-02
15576,-2.819824e-02
15577,2.587891e-02
15578,-2.221680e-02
15579,1.721191e-02
15580,-1.281738e-02
15581,1.000977e-02
15582,-3.784180e-03
15583,1.220703e-03
15584,5.371094e-03
15585,-8.300781e-03
15586,1.611328e-02
15587,-1.879883e-02
15588,2.233887e-02
15589,-2.636719e-02
15590,3.198242e-02
15591,-3.198242e-02
15592,3.601074e-02
15593,-3.649902e-02
15594,3.747559e-02
15595,-3.796387e-02
15596,3.833008e-02
15597,-3.662109e-02
15598,3.552246e-02
15599,-3.356934e-02
15600,3.283691e-02
15601,-2.844238e-02
15602,2.685547e-02
15603,-2.038574e-02
15604,1.745605e-02
15605,-1.086426e-02
15606,9.399414e-03
15607,-3.417969e-03
15608,-6.103516e-04
15609,5.004883e-03
15610,-1.086426e-02
15611,1.440430e-02
15612,-1.904297e-02
15613,2.392578e-02
15614,-2.709961e-02
15615,3.088379e-02
15616,-3.125000e-02
15617,3.405762e-02
15618,-3.466797e-02
15619,3.820801e-02
15620,-3.857422e-02
15621,3.942871e-02
15622,-3.613281e-02
15623,3.698730e-02
15624,-3.125000e-02
15625,3.259277e-02
15626,-2.832031e-02
15627,2.783203e-02
15628,-2.124023e-02
15629,1.892090e-02
15630,-1.220703e-02
15631,9.033203e-03
15632,-3.540039e-03
15633,-2.441406e-04
15634,6.469727e-03
15635,-7.812500e-03
15636,1.513672e-02
15637,-1.757812e-02
15638,2.453613e-02
15639,-2.502441e-02
15640,3.234863e-02
15641,-3.198242e-02
15642,3.625488e-02
15643,-3.601074e-02
15644,3.723145e-02
15645,-3.710938e-02
15646,3.808594e-02
15647,-3.771973e-02
15648,3.601074e-02
15649,-3.332520e-02
15650,3.259277e-02
15651,-2.758789e-02
15652,2.502441e-02
15653,-2.172852e-02
15654,1.721191e-02
15655,-1.416016e-02
15656,9.277344e-03
15657,-3.173828e-03
15658,2.441406e-04
15659,5.493164e-03
15660,-8.911133e-03
15661,1.538086e-02
15662,-1.818848e-02
15663,2.307129e-02
15664,-2.624512e-02
15665,3.051758e-02
15666,-3.247070e-02
15667,3.637695e-02
15668,-3.601074e-02
15669,3.881836e-02
15670,-3.710938e-02
15671,3.820801e-02
15672,-3.613281e-02
15673,3.649902e-02
15674,-3.344727e-02
15675,3.186035e-02
15676,-2.807617e-02
15677,2.587891e-02
15678,-2.136230e-02
15679,1.794434e-02
15680,-1.232910e-02
15681,9.765625e-03
15682,-4.516602e-03
15683,-3.662109e-04
15684,6.958008e-03
15685,-1.074219e-02
15686,1.599121e-02
15687,-1.818848e-02
15688,2.319336e-02
15689,-2.539062e-02
15690,3.125000e-02
15691,-3.210449e-02
15692,3.540039e-02
15693,-3.674316e-02
15694,3.796387e-02
15695,-3.735352e-02
15696,3.906250e-02
15697,-3.601074e-02
15698,3.686523e-02
15699,-3.454590e-02
15700,3.234863e-02
15701,-2.868652e-02
15702,2.551270e-02
15703,-2.221680e-02
15704,1.953125e-02
15705,-1.232910e-02
15706,8.789062e-03
15707,-1.953125e-03
15708,-3.662109e-04
15709,5.126953e-03
15710,-8.666992e-03
15711,1.477051e-02
15712,-1.843262e-02
15713,2.294922e-02
15714,-2.661133e-02
15715,3.051758e-02
15716,-3.161621e-02
15717,3.601074e-02
15718,-3.552246e-02
15719,3.881836e-02
15720,-3.613281e-02
15721,3.833008e-02
15722,-3.552246e-02
15723,3.662109e-02
15724,-3.332520e-02
15725,3.295898e-02
15726,-2.722168e-02
15727,2.636719e-02
15728,-2.209473e-02
15729,1.867676e-02
15730,-1.281738e-02
15731,9.643555e-03
15732,-3.173828e-03
15733,3.662109e-04
15734,7.324219e-03
15735,-8.300781e-03
15736,1.501465e-02
15737,-1.867676e-02
15738,2.441406e-02
15739,-2.612305e-02
15740,3.027344e-02
15741,-3.027344e-02
15742,3.454590e-02
15743,-3.649902e-02
15744,3.857422e-02
15745,-3.845215e-02
15746,3.759766e-02
15747,-3.564453e-02
15748,3.613281e-02
15749,-3.344727e-02
15750,3.356934e-02
15751,-2.819824e-02
15752,2.697754e-02
15753,-2.136230e-02
15754,1.916504e-02
15755,-1.306152e-02
15756,1.049805e-02
15757,-3.417969e-03
15758,-9.765625e-04
15759,6.225586e-03
15760,-1.074219e-02
15761,1.477051e-02
15762,-1.770020e-02
15763,2.416992e-02
15764,-2.502441e-02
15765,3.039551e-02
15766,-3.210449e-02
15767,3.515625e-02
15768,-3.710938e-02
15769,3.833008e-02
15770,-3.674316e-02
15771,3.857422e-02
15772,-3.625488e-02
15773,3.662109e-02
15774,-3.320312e-02
15775,3.210449e-02
15776,-2.795410e-02
15777,2.661133e-02
15778,-2.050781e-02
15779,1.818848e-02
15780,-1.220703e-02
15781,1.049805e-02
15782,-2.929688e-03
15783,1.708984e-03
15784,5.737305e-03
15785,-9.277344e-03
15786,1.599121e-02
15787,-1.831055e-02
15788,2.416992e-02
15789,-2.624512e-02
15790,3.015137e-02
15791,-2.978516e-02
15792,3.479004e-02
15793,-3.613281e-02
15794,3.881836e-02
15795,-3.771973e-02
15796,3.906250e-02
15797,-3.735352e-02
15798,3.637695e-02
15799,-3.393555e-02
15800,3.234863e-02
15801,-2.819824e-02
15802,2.612305e-02
15803,-2.221680e-02
15804,1.892090e-02
15805,-1.269531e-02
15806,9.033203e-03
15807,-3.540039e-03
15808,0.000000e+00
15809,4.272461e-03
15810,-9.643555e-03
15811,1.538086e-02
15812,-1.806641e-02
15813,2.307129e-02
15814,-2.612305e-02
15815,3.051758e-02
15816,-3.173828e-02
15817,3.649902e-02
15818,-3.625488e-02
15819,3.796387e-02
15820,-3.759766e-02
15821,3.808594e-02
15822,-3.649902e-02
15823,3.662109e-02
15824,-3.369141e-02
15825,3.332520e-02
15826,-2.770996e-02
15827,2.661133e-02
15828,-1.965332e-02
15829,1.794434e-02
15830,-1.208496e-02
15831,1.135254e-02
15832,-3.784180e-03
15833,1.342773e-03
15834,7.080078e-03
15835,-1.074219e-02
15836,1.562500e-02
15837,-1.867676e-02
15838,2.392578e-02
15839,-2.526855e-02
15840,3.125000e-02
15841,-3.100586e-02
15842,3.527832e-02
15843,-3.613281e-02
15844,3.820801e-02
15845,-3.723145e-02
15846,3.857422e-02
15847,-3.625488e-02
15848,3.625488e-02
15849,-3.344727e-02
15850,3.259277e-02
15851,-2.856445e-02
15852,2.697754e-02
15853,-2.160645e-02
15854,1.843262e-02
15855,-1.281738e-02
15856,9.643555e-03
15857,-5.371094e-03
15858,1.098633e-03
15859,5.126953e-03
15860,-9.765625e-03
15861,1.452637e-02
15862,-1.818848e-02
15863,2.331543e-02
15864,-2.636719e-02
15865,3.063965e-02
15866,-3.015137e-02
15867,3.417969e-02
15868,-3.601074e-02
15869,3.955078e-02
15870,-3.857422e-02
15871,3.906250e-02
15872,-3.674316e-02
15873,3.442383e-02
15874,-3.308105e-02
15875,3.259277e-02
15876,-2.868652e-02
15877,2.661133e-02
15878,-2.185059e-02
15879,1.733398e-02
15880,-1.184082e-02
15881,9.765625e-03
15882,-4.760742e-03
15883,2.441406e-04
15884,5.981445e-03
15885,-1.025391e-02
15886,1.623535e-02
15887,-1.806641e-02
15888,2.221680e-02
15889,-2.600098e-02
15890,3.112793e-02
15891,-3.198242e-02
15892,3.430176e-02
15893,-3.454590e-02
15894,3.857422e-02
15895,-3.747559e-02
15896,3.906250e-02
15897,-3.674316e-02
15898,3.588867e-02
15899,-3.442383e-02
15900,3.320312e-02
15901,-2.856445e-02
15902,2.612305e-02
15903,-2.111816e-02
15904,1.770020e-02
15905,-1.306152e-02
15906,9.399414e-03
15907,-2.441406e-03
15908,3.662109e-04
15909,6.713867e-03
15910,-8.666992e-03
15911,1.428223e-02
15912,-1.733398e-02
15913,2.343750e-02
15914,-2.600098e-02
15915,3.063965e-02
15916,-3.173828e-02
15917,3.527832e-02
15918,-3.564453e-02
15919,3.808594e-02
15920,-3.771973e-02
15921,3.833008e-02
15922,-3.649902e-02
15923,3.686523e-02
15924,-3.356934e-02
15925,3.259277e-02
15926,-2.807617e-02
15927,2.453613e-02
15928,-2.038574e-02
15929,1.928711e-02
15930,-1.379395e-02
15931,1.025391e-02
15932,-3.417969e-03
15933,-7.324219e-04
15934,5.737305e-03
15935,-8.544922e-03
15936,1.525879e-02
15937,-1.721191e-02
15938,2.368164e-02
15939,-2.465820e-02
15940,3.088379e-02
15941,-3.173828e-02
15942,3.552246e-02
15943,-3.576660e-02
15944,3.747559e-02
15945,-3.759766e-02
15946,3.881836e-02
15947,-3.662109e-02
15948,3.662109e-02
15949,-3.369141e-02
15950,3.186035e-02
15951,-2.819824e-02
15952,2.563477e-02
15953,-2.148438e-02
15954,1.916504e-02
15955,-1.318359e-02
15956,9.155273e-03
15957,-3.662109e-03
15958,0.000000e+00
15959,6.347656e-03
15960,-7.690430e-03
15961,1.428223e-02
15962,-1.831055e-02
15963,2.343750e-02
15964,-2.600098e-02
15965,3.137207e-02
15966,-3.222656e-02
15967,3.417969e-02
15968,-3.649902e-02
15969,3.820801e-02
15970,-3.698730e-02
15971,3.845215e-02
15972,-3.637695e-02
15973,3.613281e-02
15974,-3.332520e-02
15975,3.283691e-02
15976,-2.819824e-02
15977,2.661133e-02
15978,-2.124023e-02
15979,1.989746e-02
15980,-1.220703e-02
15981,9.033203e-03
15982,-2.685547e-03
15983,-4.882812e-04
15984,5.981445e-03
15985,-9.521484e-03
15986,1.599121e-02
15987,-1.867676e-02
15988,2.294922e-02
15989,-2.624512e-02
15990,2.856445e-02
15991,-3.125000e-02
15992,3.515625e-02
15993,-3.625488e-02
15994,3.833008e-02
15995,-3.674316e-02
15996,3.759766e-02
15997,-3.625488e-02
15998,3.637695e-02
15999,-3.356934e-02
16000,3.283691e-02
16001,-2.844238e-02
16002,2.648926e-02
16003,-2.062988e-02
16004,1.770020e-02
16005,-1.403809e-02
16006,1.037598e-02
16007,-3.906250e-03
16008,-6.103516e-04
16009,6.225586e-03
16010,-8.544922e-03
16011,1.403809e-02
16012,-1.684570e-02
16013,2.209473e-02
16014,-2.600098e-02
16015,2.954102e-02
16016,-3.222656e-02
16017,3.601074e-02
16018,-3.710938e-02
16019,3.784180e-02
16020,-3.723145e-02
16021,3.796387e-02
16022,-3.710938e-02
16023,3.698730e-02
16024,-3.320312e-02
16025,3.295898e-02
16026,-2.661133e-02
16027,2.612305e-02
16028,-2.062988e-02
16029,1.916504e-02
16030,-1.354980e-02
16031,9.765625e-03
16032,-4.638672e-03
16033,-9.765625e-04
16034,5.737305e-03
16035,-7.934570e-03
16036,1.477051e-02
16037,-1.745605e-02
16038,2.465820e-02
16039,-2.600098e-02
16040,3.112793e-02
16041,-3.051758e-02
16042,3.527832e-02
16043,-3.356934e-02
16044,3.845215e-02
16045,-3.674316e-02
16046,3.845215e-02
16047,-3.698730e-02
16048,3.662109e-02
16049,-3.332520e-02
16050,3.149414e-02
16051,-2.844238e-02
16052,2.722168e-02
16053,-2.209473e-02
16054,1.904297e-02
16055,-1.440430e-02
16056,1.000977e-02
16057,-4.272461e-03
16058,6.103516e-04
16059,5.737305e-03
16060,-1.025391e-02
16061,1.538086e-02
16062,-1.831055e-02
16063,2.172852e-02
16064,-2.502441e-02
16065,2.966309e-02
16066,-3.137207e-02
16067,3.637695e-02
16068,-3.576660e-02
16069,3.784180e-02
16070,-3.698730e-02
16071,3.784180e-02
16072,-3.637695e-02
16073,3.723145e-02
16074,-3.405762e-02
16075,3.186035e-02
16076,-2.734375e-02
16077,2.661133e-02
16078,-2.111816e-02
16079,1.867676e-02
16080,-1.232910e-02
16081,9.765625e-03
16082,-3.295898e-03
16083,1.342773e-03
16084,4.150391e-03
16085,-8.789062e-03
16086,1.501465e-02
16087,-1.806641e-02
16088,2.490234e-02
16089,-2.526855e-02
16090,2.954102e-02
16091,-3.051758e-02
16092,3.747559e-02
16093,-3.613281e-02
16094,3.955078e-02
16095,-3.771973e-02
16096,3.845215e-02
16097,-3.613281e-02
16098,3.723145e-02
16099,-3.320312e-02
16100,3.320312e-02
16101,-2.880859e-02
16102,2.636719e-02
16103,-2.221680e-02
16104,2.001953e-02
16105,-1.306152e-02
16106,8.666992e-03
16107,-3.417969e-03
16108,1.220703e-04
16109,5.371094e-03
16110,-8.300781e-03
16111,1.452637e-02
16112,-1.635742e-02
16113,2.490234e-02
16114,-2.600098e-02
16115,3.112793e-02
16116,-3.063965e-02
16117,3.479004e-02
16118,-3.613281e-02
16119,3.808594e-02
16120,-3.710938e-02
16121,3.906250e-02
16122,-3.698730e-02
16123,3.710938e-02
16124,-3.320312e-02
16125,3.222656e-02
16126,-2.929688e-02
16127,2.783203e-02
16128,-2.221680e-02
16129,1.892090e-02
16130,-1.342773e-02
16131,8.666992e-03
16132,-3.906250e-03
16133,-2.441406e-04
16134,6.469727e-03
16135,-1.013184e-02
16136,1.391602e-02
16137,-1.818848e-02
16138,2.209473e-02
16139,-2.661133e-02
16140,3.088379e-02
16141,-3.222656e-02
16142,3.588867e-02
16143,-3.442383e-02
16144,3.698730e-02
16145,-3.601074e-02
16146,3.918457e-02
16147,-3.723145e-02
16148,3.564453e-02
16149,-3.454590e-02
16150,3.259277e-02
16151,-2.844238e-02
16152,2.648926e-02
16153,-2.111816e-02
16154,1.806641e-02
16155,-1.269531e-02
16156,1.062012e-02
16157,-5.371094e-03
16158,1.342773e-03
16159,5.004883e-03
16160,-8.911133e-03
16161,1.525879e-02
16162,-1.733398e-02
16163,2.294922e-02
16164,-2.600098e-02
16165,3.027344e-02
16166,-3.259277e-02
16167,3.332520e-02
16168,-3.637695e-02
16169,3.723145e-02
16170,-3.820801e-02
16171,3.881836e-02
16172,-3.698730e-02
16173,3.662109e-02
16174,-3.356934e-02
16175,3.356934e-02
16176,-2.734375e-02
16177,2.648926e-02
16178,-2.099609e-02
16179,1.940918e-02
16180,-1.245117e-02
16181,1.098633e-02
16182,-3.173828e-03
16183,3.662109e-04
16184,6.469727e-03
16185,-8.789062e-03
16186,1.428223e-02
16187,-1.647949e-02
16188,2.294922e-02
16189,-2.624512e-02
16190,3.027344e-02
16191,-3.125000e-02
16192,3.454590e-02
16193,-3.552246e-02
16194,3.796387e-02
16195,-3.833008e-02
16196,3.857422e-02
16197,-3.625488e-02
16198,3.552246e-02
16199,-3.430176e-02
16200,3.405762e-02
16201,-2.819824e-02
16202,2.600098e-02
16203,-2.233887e-02
16204,1.806641e-02
16205,-1.330566e-02
16206,1.013184e-02
16207,-4.272461e-03
16208,0.000000e+00
16209,4.760742e-03
16210,-9.155273e-03
16211,1.477051e-02
16212,-1.770020e-02
16213,2.392578e-02
16214,-2.551270e-02
16215,3.100586e-02
16216,-3.125000e-02
16217,3.527832e-02
16218,-3.625488e-02
16219,3.833008e-02
16220,-3.808594e-02
16221,3.857422e-02
16222,-3.601074e-02
16223,3.564453e-02
16224,-3.356934e-02
16225,3.234863e-02
16226,-2.905273e-02
16227,2.697754e-02
16228,-2.246094e-02
16229,1.696777e-02
16230,-1.367188e-02
16231,1.000977e-02
16232,-4.882812e-03
16233,6.103516e-04
16234,6.103516e-03
16235,-8.422852e-03
16236,1.501465e-02
16237,-1.721191e-02
16238,2.355957e-02
16239,-2.514648e-02
16240,3.027344e-02
16241,-3.100586e-02
16242,3.564453e-02
16243,-3.564453e-02
16244,3.833008e-02
16245,-3.710938e-02
16246,3.833008e-02
16247,-3.613281e-02
16248,3.552246e-02
16249,-3.417969e-02
16250,3.222656e-02
16251,-2.978516e-02
16252,2.612305e-02
16253,-2.124023e-02
16254,1.806641e-02
16255,-1.403809e-02
16256,1.062012e-02
16257,-3.784180e-03
16258,0.000000e+00
16259,5.371094e-03
16260,-8.422852e-03
16261,1.464844e-02
16262,-1.745605e-02
16263,2.355957e-02
16264,-2.661133e-02
16265,3.063965e-02
16266,-3.125000e-02
16267,3.564453e-02
16268,-3.576660e-02
16269,3.857422e-02
16270,-3.662109e-02
16271,3.857422e-02
16272,-3.662109e-02
16273,3.710938e-02
16274,-3.417969e-02
16275,3.442383e-02
16276,-2.856445e-02
16277,2.587891e-02
16278,-2.050781e-02
16279,1.745605e-02
16280,-1.440430e-02
16281,1.074219e-02
16282,-4.516602e-03
16283,-7.324219e-04
16284,6.713867e-03
16285,-1.110840e-02
16286,1.354980e-02
16287,-1.586914e-02
16288,2.307129e-02
16289,-2.539062e-02
16290,2.990723e-02
16291,-3.100586e-02
16292,3.552246e-02
16293,-3.625488e-02
16294,3.759766e-02
16295,-3.710938e-02
16296,3.735352e-02
16297,-3.674316e-02
16298,3.735352e-02
16299,-3.369141e-02
16300,3.356934e-02
16301,-2.905273e-02
16302,2.624512e-02
16303,-2.172852e-02
16304,1.916504e-02
16305,-1.208496e-02
16306,9.033203e-03
16307,-4.516602e-03
16308,8.544922e-04
16309,5.004883e-03
16310,-1.049805e-02
16311,1.562500e-02
16312,-1.684570e-02
16313,2.136230e-02
16314,-2.514648e-02
16315,2.868652e-02
16316,-3.100586e-02
16317,3.601074e-02
16318,-3.662109e-02
16319,3.833008e-02
16320,-3.710938e-02
16321,3.833008e-02
16322,-3.637695e-02
16323,3.625488e-02
16324,-3.405762e-02
16325,3.308105e-02
16326,-3.027344e-02
16327,2.722168e-02
16328,-2.221680e-02
16329,1.745605e-02
16330,-1.379395e-02
16331,9.277344e-03
16332,-3.906250e-03
16333,2.441406e-04
16334,4.638672e-03
16335,-8.544922e-03
16336,1.538086e-02
16337,-1.806641e-02
16338,2.404785e-02
16339,-2.600098e-02
16340,2.929688e-02
16341,-3.027344e-02
16342,3.515625e-02
16343,-3.637695e-02
16344,3.930664e-02
16345,-3.808594e-02
16346,3.857422e-02
16347,-3.735352e-02
16348,3.723145e-02
16349,-3.454590e-02
16350,3.332520e-02
16351,-2.746582e-02
16352,2.697754e-02
16353,-2.099609e-02
16354,1.904297e-02
16355,-1.440430e-02
16356,1.025391e-02
16357,-3.417969e-03
16358,-6.103516e-04
16359,6.103516e-03
16360,-9.155273e-03
16361,1.477051e-02
16362,-1.831055e-02
16363,2.453613e-02
16364,-2.636719e-02
16365,3.149414e-02
16366,-3.100586e-02
16367,3.503418e-02
16368,-3.454590e-02
16369,3.906250e-02
16370,-3.735352e-02
16371,3.894043e-02
16372,-3.601074e-02
16373,3.710938e-02
16374,-3.308105e-02
16375,3.259277e-02
16376,-2.868652e-02
16377,2.807617e-02
16378,-2.136230e-02
16379,1.928711e-02
16380,-1.342773e-02
16381,9.155273e-03
16382,-4.150391e-03
16383,-8.544922e-04
