0,0.000000e+00
1,0.000000e+00
2,0.000000e+00
3,0.000000e+00
4,0.000000e+00
5,0.000000e+00
6,0.000000e+00
7,0.000000e+00
8,0.000000e+00
9,0.000000e+00
10,0.000000e+00
11,0.000000e+00
12,0.000000e+00
13,0.000000e+00
14,0.000000e+00
15,0.000000e+00
16,0.000000e+00
17,0.000000e+00
18,0.000000e+00
19,0.000000e+00
20,0.000000e+00
21,0.000000e+00
22,0.000000e+00
23,0.000000e+00
24,0.000000e+00
25,0.000000e+00
26,0.000000e+00
27,0.000000e+00
28,0.000000e+00
29,0.000000e+00
30,0.000000e+00
31,0.000000e+00
32,0.000000e+00
33,0.000000e+00
34,0.000000e+00
35,0.000000e+00
36,0.000000e+00
37,0.000000e+00
38,0.000000e+00
39,0.000000e+00
40,0.000000e+00
41,0.000000e+00
42,0.000000e+00
43,0.000000e+00
44,0.000000e+00
45,0.000000e+00
46,0.000000e+00
47,0.000000e+00
48,0.000000e+00
49,0.000000e+00
50,0.000000e+00
51,0.000000e+00
52,0.000000e+00
53,0.000000e+00
54,0.000000e+00
55,0.000000e+00
56,0.000000e+00
57,0.000000e+00
58,0.000000e+00
59,0.000000e+00
60,0.000000e+00
61,0.000000e+00
62,0.000000e+00
63,0.000000e+00
64,0.000000e+00
65,0.000000e+00
66,0.000000e+00
67,0.000000e+00
68,0.000000e+00
69,0.000000e+00
70,0.000000e+00
71,0.000000e+00
72,0.000000e+00
73,0.000000e+00
74,0.000000e+00
75,0.000000e+00
76,0.000000e+00
77,0.000000e+00
78,0.000000e+00
79,0.000000e+00
80,0.000000e+00
81,0.000000e+00
82,0.000000e+00
83,0.000000e+00
84,0.000000e+00
85,0.000000e+00
86,0.000000e+00
87,0.000000e+00
88,0.000000e+00
89,0.000000e+00
90,0.000000e+00
91,0.000000e+00
92,0.000000e+00
93,0.000000e+00
94,0.000000e+00
95,0.000000e+00
96,0.000000e+00
97,0.000000e+00
98,0.000000e+00
99,0.000000e+00
100,0.000000e+00
101,0.000000e+00
102,0.000000e+00
103,0.000000e+00
104,0.000000e+00
105,0.000000e+00
106,0.000000e+00
107,0.000000e+00
108,0.000000e+00
109,0.000000e+00
110,0.000000e+00
111,0.000000e+00
112,0.000000e+00
113,0.000000e+00
114,0.000000e+00
115,0.000000e+00
116,0.000000e+00
117,0.000000e+00
118,0.000000e+00
119,0.000000e+00
120,0.000000e+00
121,0.000000e+00
122,0.000000e+00
123,0.000000e+00
124,0.000000e+00
125,0.000000e+00
126,0.000000e+00
127,0.000000e+00
128,0.000000e+00
129,0.000000e+00
130,0.000000e+00
131,0.000000e+00
132,0.000000e+00
133,0.000000e+00
134,0.000000e+00
135,0.000000e+00
136,0.000000e+00
137,0.000000e+00
138,0.000000e+00
139,0.000000e+00
140,0.000000e+00
141,0.000000e+00
142,0.000000e+00
143,0.000000e+00
144,0.000000e+00
145,0.000000e+00
146,0.000000e+00
147,0.000000e+00
148,0.000000e+00
149,0.000000e+00
150,0.000000e+00
151,0.000000e+00
152,0.000000e+00
153,0.000000e+00
154,0.000000e+00
155,0.000000e+00
156,0.000000e+00
157,0.000000e+00
158,0.000000e+00
159,0.000000e+00
160,0.000000e+00
161,0.000000e+00
162,0.000000e+00
163,0.000000e+00
164,0.000000e+00
165,0.000000e+00
166,0.000000e+00
167,0.000000e+00
168,0.000000e+00
169,0.000000e+00
170,0.000000e+00
171,0.000000e+00
172,0.000000e+00
173,0.000000e+00
174,0.000000e+00
175,0.000000e+00
176,0.000000e+00
177,0.000000e+00
178,0.000000e+00
179,0.000000e+00
180,0.000000e+00
181,0.000000e+00
182,0.000000e+00
183,0.000000e+00
184,0.000000e+00
185,0.000000e+00
186,0.000000e+00
187,0.000000e+00
188,0.000000e+00
189,0.000000e+00
190,0.000000e+00
191,0.000000e+00
192,0.000000e+00
193,0.000000e+00
194,0.000000e+00
195,0.000000e+00
196,0.000000e+00
197,0.000000e+00
198,0.000000e+00
199,0.000000e+00
200,0.000000e+00
201,0.000000e+00
202,0.000000e+00
203,0.000000e+00
204,0.000000e+00
205,0.000000e+00
206,0.000000e+00
207,0.000000e+00
208,0.000000e+00
209,0.000000e+00
210,0.000000e+00
211,0.000000e+00
212,0.000000e+00
213,0.000000e+00
214,0.000000e+00
215,0.000000e+00
216,0.000000e+00
217,0.000000e+00
218,0.000000e+00
219,0.000000e+00
220,0.000000e+00
221,0.000000e+00
222,0.000000e+00
223,0.000000e+00
224,0.000000e+00
225,0.000000e+00
226,0.000000e+00
227,0.000000e+00
228,0.000000e+00
229,0.000000e+00
230,0.000000e+00
231,0.000000e+00
232,0.000000e+00
233,0.000000e+00
234,0.000000e+00
235,0.000000e+00
236,0.000000e+00
237,0.000000e+00
238,0.000000e+00
239,0.000000e+00
240,0.000000e+00
241,0.000000e+00
242,0.000000e+00
243,0.000000e+00
244,0.000000e+00
245,0.000000e+00
246,0.000000e+00
247,0.000000e+00
248,0.000000e+00
249,0.000000e+00
250,0.000000e+00
251,0.000000e+00
252,0.000000e+00
253,0.000000e+00
254,0.000000e+00
255,0.000000e+00
256,0.000000e+00
257,0.000000e+00
258,0.000000e+00
259,0.000000e+00
260,0.000000e+00
261,0.000000e+00
262,0.000000e+00
263,0.000000e+00
264,0.000000e+00
265,0.000000e+00
266,0.000000e+00
267,0.000000e+00
268,0.000000e+00
269,0.000000e+00
270,0.000000e+00
271,0.000000e+00
272,0.000000e+00
273,0.000000e+00
274,0.000000e+00
275,0.000000e+00
276,0.000000e+00
277,0.000000e+00
278,0.000000e+00
279,0.000000e+00
280,0.000000e+00
281,0.000000e+00
282,0.000000e+00
283,0.000000e+00
284,0.000000e+00
285,0.000000e+00
286,0.000000e+00
287,0.000000e+00
288,0.000000e+00
289,0.000000e+00
290,0.000000e+00
291,0.000000e+00
292,0.000000e+00
293,0.000000e+00
294,0.000000e+00
295,0.000000e+00
296,0.000000e+00
297,0.000000e+00
298,0.000000e+00
299,0.000000e+00
300,0.000000e+00
301,0.000000e+00
302,0.000000e+00
303,0.000000e+00
304,0.000000e+00
305,0.000000e+00
306,0.000000e+00
307,0.000000e+00
308,0.000000e+00
309,0.000000e+00
310,0.000000e+00
311,0.000000e+00
312,0.000000e+00
313,0.000000e+00
314,0.000000e+00
315,0.000000e+00
316,0.000000e+00
317,0.000000e+00
318,0.000000e+00
319,0.000000e+00
320,0.000000e+00
321,0.000000e+00
322,0.000000e+00
323,0.000000e+00
324,0.000000e+00
325,0.000000e+00
326,0.000000e+00
327,0.000000e+00
328,0.000000e+00
329,0.000000e+00
330,0.000000e+00
331,0.000000e+00
332,0.000000e+00
333,0.000000e+00
334,0.000000e+00
335,0.000000e+00
336,0.000000e+00
337,0.000000e+00
338,0.000000e+00
339,0.000000e+00
340,0.000000e+00
341,0.000000e+00
342,0.000000e+00
343,0.000000e+00
344,0.000000e+00
345,0.000000e+00
346,0.000000e+00
347,0.000000e+00
348,0.000000e+00
349,0.000000e+00
350,0.000000e+00
351,0.000000e+00
352,0.000000e+00
353,0.000000e+00
354,0.000000e+00
355,0.000000e+00
356,0.000000e+00
357,0.000000e+00
358,0.000000e+00
359,0.000000e+00
360,0.000000e+00
361,0.000000e+00
362,0.000000e+00
363,0.000000e+00
364,0.000000e+00
365,0.000000e+00
366,0.000000e+00
367,0.000000e+00
368,0.000000e+00
369,0.000000e+00
370,0.000000e+00
371,0.000000e+00
372,0.000000e+00
373,0.000000e+00
374,0.000000e+00
375,0.000000e+00
376,0.000000e+00
377,0.000000e+00
378,0.000000e+00
379,0.000000e+00
380,0.000000e+00
381,0.000000e+00
382,0.000000e+00
383,0.000000e+00
384,0.000000e+00
385,0.000000e+00
386,0.000000e+00
387,0.000000e+00
388,0.000000e+00
389,0.000000e+00
390,0.000000e+00
391,0.000000e+00
392,0.000000e+00
393,0.000000e+00
394,0.000000e+00
395,0.000000e+00
396,0.000000e+00
397,0.000000e+00
398,0.000000e+00
399,0.000000e+00
400,0.000000e+00
401,0.000000e+00
402,0.000000e+00
403,0.000000e+00
404,0.000000e+00
405,0.000000e+00
406,0.000000e+00
407,0.000000e+00
408,0.000000e+00
409,0.000000e+00
410,0.000000e+00
411,0.000000e+00
412,0.000000e+00
413,0.000000e+00
414,0.000000e+00
415,0.000000e+00
416,0.000000e+00
417,0.000000e+00
418,0.000000e+00
419,0.000000e+00
420,0.000000e+00
421,0.000000e+00
422,0.000000e+00
423,0.000000e+00
424,0.000000e+00
425,0.000000e+00
426,0.000000e+00
427,0.000000e+00
428,0.000000e+00
429,0.000000e+00
430,0.000000e+00
431,0.000000e+00
432,0.000000e+00
433,0.000000e+00
434,0.000000e+00
435,0.000000e+00
436,0.000000e+00
437,0.000000e+00
438,0.000000e+00
439,0.000000e+00
440,0.000000e+00
441,0.000000e+00
442,0.000000e+00
443,0.000000e+00
444,0.000000e+00
445,0.000000e+00
446,0.000000e+00
447,0.000000e+00
448,0.000000e+00
449,0.000000e+00
450,0.000000e+00
451,0.000000e+00
452,0.000000e+00
453,0.000000e+00
454,0.000000e+00
455,0.000000e+00
456,0.000000e+00
457,0.000000e+00
458,0.000000e+00
459,0.000000e+00
460,0.000000e+00
461,0.000000e+00
462,0.000000e+00
463,0.000000e+00
464,0.000000e+00
465,0.000000e+00
466,0.000000e+00
467,0.000000e+00
468,0.000000e+00
469,0.000000e+00
470,0.000000e+00
471,0.000000e+00
472,0.000000e+00
473,0.000000e+00
474,0.000000e+00
475,0.000000e+00
476,0.000000e+00
477,0.000000e+00
478,0.000000e+00
479,0.000000e+00
480,0.000000e+00
481,0.000000e+00
482,0.000000e+00
483,0.000000e+00
484,0.000000e+00
485,0.000000e+00
486,0.000000e+00
487,0.000000e+00
488,0.000000e+00
489,0.000000e+00
490,0.000000e+00
491,0.000000e+00
492,0.000000e+00
493,0.000000e+00
494,0.000000e+00
495,0.000000e+00
496,0.000000e+00
497,0.000000e+00
498,0.000000e+00
499,0.000000e+00
500,0.000000e+00
501,0.000000e+00
502,0.000000e+00
503,0.000000e+00
504,0.000000e+00
505,0.000000e+00
506,0.000000e+00
507,0.000000e+00
508,0.000000e+00
509,0.000000e+00
510,0.000000e+00
511,0.000000e+00
512,0.000000e+00
513,0.000000e+00
514,0.000000e+00
515,0.000000e+00
516,0.000000e+00
517,0.000000e+00
518,0.000000e+00
519,0.000000e+00
520,0.000000e+00
521,0.000000e+00
522,0.000000e+00
523,0.000000e+00
524,0.000000e+00
525,0.000000e+00
526,0.000000e+00
527,0.000000e+00
528,0.000000e+00
529,0.000000e+00
530,0.000000e+00
531,0.000000e+00
532,0.000000e+00
533,0.000000e+00
534,0.000000e+00
535,0.000000e+00
536,0.000000e+00
537,0.000000e+00
538,0.000000e+00
539,0.000000e+00
540,0.000000e+00
541,0.000000e+00
542,0.000000e+00
543,0.000000e+00
544,0.000000e+00
545,0.000000e+00
546,0.000000e+00
547,0.000000e+00
548,0.000000e+00
549,0.000000e+00
550,0.000000e+00
551,0.000000e+00
552,0.000000e+00
553,0.000000e+00
554,0.000000e+00
555,0.000000e+00
556,0.000000e+00
557,0.000000e+00
558,0.000000e+00
559,0.000000e+00
560,0.000000e+00
561,0.000000e+00
562,0.000000e+00
563,0.000000e+00
564,0.000000e+00
565,0.000000e+00
566,0.000000e+00
567,0.000000e+00
568,0.000000e+00
569,0.000000e+00
570,0.000000e+00
571,0.000000e+00
572,0.000000e+00
573,0.000000e+00
574,0.000000e+00
575,0.000000e+00
576,0.000000e+00
577,0.000000e+00
578,0.000000e+00
579,0.000000e+00
580,0.000000e+00
581,0.000000e+00
582,0.000000e+00
583,0.000000e+00
584,0.000000e+00
585,0.000000e+00
586,0.000000e+00
587,0.000000e+00
588,0.000000e+00
589,0.000000e+00
590,0.000000e+00
591,0.000000e+00
592,0.000000e+00
593,0.000000e+00
594,0.000000e+00
595,0.000000e+00
596,0.000000e+00
597,0.000000e+00
598,0.000000e+00
599,0.000000e+00
600,0.000000e+00
601,0.000000e+00
602,0.000000e+00
603,0.000000e+00
604,0.000000e+00
605,0.000000e+00
606,0.000000e+00
607,0.000000e+00
608,0.000000e+00
609,0.000000e+00
610,0.000000e+00
611,0.000000e+00
612,0.000000e+00
613,0.000000e+00
614,0.000000e+00
615,0.000000e+00
616,0.000000e+00
617,0.000000e+00
618,0.000000e+00
619,0.000000e+00
620,0.000000e+00
621,0.000000e+00
622,0.000000e+00
623,0.000000e+00
624,0.000000e+00
625,0.000000e+00
626,0.000000e+00
627,0.000000e+00
628,0.000000e+00
629,0.000000e+00
630,0.000000e+00
631,0.000000e+00
632,0.000000e+00
633,0.000000e+00
634,0.000000e+00
635,0.000000e+00
636,0.000000e+00
637,0.000000e+00
638,0.000000e+00
639,0.000000e+00
640,0.000000e+00
641,0.000000e+00
642,0.000000e+00
643,0.000000e+00
644,0.000000e+00
645,0.000000e+00
646,0.000000e+00
647,0.000000e+00
648,0.000000e+00
649,0.000000e+00
650,0.000000e+00
651,0.000000e+00
652,0.000000e+00
653,0.000000e+00
654,0.000000e+00
655,0.000000e+00
656,0.000000e+00
657,0.000000e+00
658,0.000000e+00
659,0.000000e+00
660,0.000000e+00
661,0.000000e+00
662,0.000000e+00
663,0.000000e+00
664,0.000000e+00
665,0.000000e+00
666,0.000000e+00
667,0.000000e+00
668,0.000000e+00
669,0.000000e+00
670,0.000000e+00
671,0.000000e+00
672,0.000000e+00
673,0.000000e+00
674,0.000000e+00
675,0.000000e+00
676,0.000000e+00
677,0.000000e+00
678,0.000000e+00
679,0.000000e+00
680,0.000000e+00
681,0.000000e+00
682,0.000000e+00
683,0.000000e+00
684,0.000000e+00
685,0.000000e+00
686,0.000000e+00
687,0.000000e+00
688,0.000000e+00
689,0.000000e+00
690,0.000000e+00
691,0.000000e+00
692,0.000000e+00
693,0.000000e+00
694,0.000000e+00
695,0.000000e+00
696,0.000000e+00
697,0.000000e+00
698,0.000000e+00
699,0.000000e+00
700,0.000000e+00
701,0.000000e+00
702,0.000000e+00
703,0.000000e+00
704,0.000000e+00
705,0.000000e+00
706,0.000000e+00
707,0.000000e+00
708,0.000000e+00
709,0.000000e+00
710,0.000000e+00
711,0.000000e+00
712,0.000000e+00
713,0.000000e+00
714,0.000000e+00
715,0.000000e+00
716,0.000000e+00
717,0.000000e+00
718,0.000000e+00
719,0.000000e+00
720,0.000000e+00
721,0.000000e+00
722,0.000000e+00
723,0.000000e+00
724,0.000000e+00
725,0.000000e+00
726,0.000000e+00
727,0.000000e+00
728,0.000000e+00
729,0.000000e+00
730,0.000000e+00
731,0.000000e+00
732,0.000000e+00
733,0.000000e+00
734,0.000000e+00
735,0.000000e+00
736,0.000000e+00
737,0.000000e+00
738,0.000000e+00
739,0.000000e+00
740,0.000000e+00
741,0.000000e+00
742,0.000000e+00
743,0.000000e+00
744,0.000000e+00
745,0.000000e+00
746,0.000000e+00
747,0.000000e+00
748,0.000000e+00
749,0.000000e+00
750,0.000000e+00
751,0.000000e+00
752,0.000000e+00
753,0.000000e+00
754,0.000000e+00
755,0.000000e+00
756,0.000000e+00
757,0.000000e+00
758,0.000000e+00
759,0.000000e+00
760,0.000000e+00
761,0.000000e+00
762,0.000000e+00
763,0.000000e+00
764,0.000000e+00
765,0.000000e+00
766,0.000000e+00
767,0.000000e+00
768,0.000000e+00
769,0.000000e+00
770,0.000000e+00
771,0.000000e+00
772,0.000000e+00
773,0.000000e+00
774,0.000000e+00
775,0.000000e+00
776,0.000000e+00
777,0.000000e+00
778,0.000000e+00
779,0.000000e+00
780,0.000000e+00
781,0.000000e+00
782,0.000000e+00
783,0.000000e+00
784,0.000000e+00
785,0.000000e+00
786,0.000000e+00
787,0.000000e+00
788,0.000000e+00
789,0.000000e+00
790,0.000000e+00
791,0.000000e+00
792,0.000000e+00
793,0.000000e+00
794,0.000000e+00
795,0.000000e+00
796,0.000000e+00
797,0.000000e+00
798,0.000000e+00
799,0.000000e+00
800,0.000000e+00
801,0.000000e+00
802,0.000000e+00
803,0.000000e+00
804,0.000000e+00
805,0.000000e+00
806,0.000000e+00
807,0.000000e+00
808,0.000000e+00
809,0.000000e+00
810,0.000000e+00
811,0.000000e+00
812,0.000000e+00
813,0.000000e+00
814,0.000000e+00
815,0.000000e+00
816,0.000000e+00
817,0.000000e+00
818,0.000000e+00
819,0.000000e+00
820,0.000000e+00
821,0.000000e+00
822,0.000000e+00
823,0.000000e+00
824,0.000000e+00
825,0.000000e+00
826,0.000000e+00
827,0.000000e+00
828,0.000000e+00
829,0.000000e+00
830,0.000000e+00
831,0.000000e+00
832,0.000000e+00
833,0.000000e+00
834,0.000000e+00
835,0.000000e+00
836,0.000000e+00
837,0.000000e+00
838,0.000000e+00
839,0.000000e+00
840,0.000000e+00
841,0.000000e+00
842,0.000000e+00
843,0.000000e+00
844,0.000000e+00
845,0.000000e+00
846,0.000000e+00
847,0.000000e+00
848,0.000000e+00
849,0.000000e+00
850,0.000000e+00
851,0.000000e+00
852,0.000000e+00
853,0.000000e+00
854,0.000000e+00
855,0.000000e+00
856,0.000000e+00
857,0.000000e+00
858,0.000000e+00
859,0.000000e+00
860,0.000000e+00
861,0.000000e+00
862,0.000000e+00
863,0.000000e+00
864,0.000000e+00
865,0.000000e+00
866,0.000000e+00
867,0.000000e+00
868,0.000000e+00
869,0.000000e+00
870,0.000000e+00
871,0.000000e+00
872,0.000000e+00
873,0.000000e+00
874,0.000000e+00
875,0.000000e+00
876,0.000000e+00
877,0.000000e+00
878,0.000000e+00
879,0.000000e+00
880,0.000000e+00
881,0.000000e+00
882,0.000000e+00
883,0.000000e+00
884,0.000000e+00
885,0.000000e+00
886,0.000000e+00
887,0.000000e+00
888,0.000000e+00
889,0.000000e+00
890,0.000000e+00
891,0.000000e+00
892,0.000000e+00
893,0.000000e+00
894,0.000000e+00
895,0.000000e+00
896,0.000000e+00
897,0.000000e+00
898,0.000000e+00
899,0.000000e+00
900,0.000000e+00
901,0.000000e+00
902,0.000000e+00
903,0.000000e+00
904,0.000000e+00
905,0.000000e+00
906,0.000000e+00
907,0.000000e+00
908,0.000000e+00
909,0.000000e+00
910,0.000000e+00
911,0.000000e+00
912,0.000000e+00
913,0.000000e+00
914,0.000000e+00
915,0.000000e+00
916,0.000000e+00
917,0.000000e+00
918,0.000000e+00
919,0.000000e+00
920,0.000000e+00
921,0.000000e+00
922,0.000000e+00
923,0.000000e+00
924,0.000000e+00
925,0.000000e+00
926,0.000000e+00
927,0.000000e+00
928,0.000000e+00
929,0.000000e+00
930,0.000000e+00
931,0.000000e+00
932,0.000000e+00
933,0.000000e+00
934,0.000000e+00
935,0.000000e+00
936,0.000000e+00
937,0.000000e+00
938,0.000000e+00
939,0.000000e+00
940,0.000000e+00
941,0.000000e+00
942,0.000000e+00
943,0.000000e+00
944,0.000000e+00
945,0.000000e+00
946,0.000000e+00
947,0.000000e+00
948,0.000000e+00
949,0.000000e+00
950,0.000000e+00
951,0.000000e+00
952,0.000000e+00
953,0.000000e+00
954,0.000000e+00
955,0.000000e+00
956,0.000000e+00
957,0.000000e+00
958,0.000000e+00
959,0.000000e+00
960,0.000000e+00
961,0.000000e+00
962,0.000000e+00
963,0.000000e+00
964,0.000000e+00
965,0.000000e+00
966,0.000000e+00
967,0.000000e+00
968,0.000000e+00
969,0.000000e+00
970,0.000000e+00
971,0.000000e+00
972,0.000000e+00
973,0.000000e+00
974,0.000000e+00
975,0.000000e+00
976,0.000000e+00
977,0.000000e+00
978,0.000000e+00
979,0.000000e+00
980,0.000000e+00
981,0.000000e+00
982,0.000000e+00
983,0.000000e+00
984,0.000000e+00
985,0.000000e+00
986,0.000000e+00
987,0.000000e+00
988,0.000000e+00
989,0.000000e+00
990,0.000000e+00
991,0.000000e+00
992,0.000000e+00
993,0.000000e+00
994,0.000000e+00
995,0.000000e+00
996,0.000000e+00
997,0.000000e+00
998,0.000000e+00
999,0.000000e+00
1000,0.000000e+00
1001,0.000000e+00
1002,0.000000e+00
1003,0.000000e+00
1004,0.000000e+00
1005,0.000000e+00
1006,0.000000e+00
1007,0.000000e+00
1008,0.000000e+00
1009,0.000000e+00
1010,0.000000e+00
1011,0.000000e+00
1012,0.000000e+00
1013,0.000000e+00
1014,0.000000e+00
1015,0.000000e+00
1016,0.000000e+00
1017,0.000000e+00
1018,0.000000e+00
1019,0.000000e+00
1020,0.000000e+00
1021,0.000000e+00
1022,0.000000e+00
1023,0.000000e+00
1024,0.000000e+00
1025,0.000000e+00
1026,0.000000e+00
1027,0.000000e+00
1028,0.000000e+00
1029,0.000000e+00
1030,0.000000e+00
1031,0.000000e+00
1032,0.000000e+00
1033,0.000000e+00
1034,0.000000e+00
1035,0.000000e+00
1036,0.000000e+00
1037,0.000000e+00
1038,0.000000e+00
1039,0.000000e+00
1040,0.000000e+00
1041,0.000000e+00
1042,0.000000e+00
1043,0.000000e+00
1044,0.000000e+00
1045,0.000000e+00
1046,0.000000e+00
1047,0.000000e+00
1048,0.000000e+00
1049,0.000000e+00
1050,0.000000e+00
1051,0.000000e+00
1052,0.000000e+00
1053,0.000000e+00
1054,0.000000e+00
1055,0.000000e+00
1056,0.000000e+00
1057,0.000000e+00
1058,0.000000e+00
1059,0.000000e+00
1060,0.000000e+00
1061,0.000000e+00
1062,0.000000e+00
1063,0.000000e+00
1064,0.000000e+00
1065,0.000000e+00
1066,0.000000e+00
1067,0.000000e+00
1068,0.000000e+00
1069,0.000000e+00
1070,0.000000e+00
1071,0.000000e+00
1072,0.000000e+00
1073,0.000000e+00
1074,0.000000e+00
1075,0.000000e+00
1076,0.000000e+00
1077,0.000000e+00
1078,0.000000e+00
1079,0.000000e+00
1080,0.000000e+00
1081,0.000000e+00
1082,0.000000e+00
1083,0.000000e+00
1084,0.000000e+00
1085,0.000000e+00
1086,0.000000e+00
1087,0.000000e+00
1088,0.000000e+00
1089,0.000000e+00
1090,0.000000e+00
1091,0.000000e+00
1092,0.000000e+00
1093,0.000000e+00
1094,0.000000e+00
1095,0.000000e+00
1096,0.000000e+00
1097,0.000000e+00
1098,0.000000e+00
1099,0.000000e+00
1100,0.000000e+00
1101,0.000000e+00
1102,0.000000e+00
1103,0.000000e+00
1104,0.000000e+00
1105,0.000000e+00
1106,0.000000e+00
1107,0.000000e+00
1108,0.000000e+00
1109,0.000000e+00
1110,0.000000e+00
1111,0.000000e+00
1112,0.000000e+00
1113,0.000000e+00
1114,0.000000e+00
1115,0.000000e+00
1116,0.000000e+00
1117,0.000000e+00
1118,0.000000e+00
1119,0.000000e+00
1120,0.000000e+00
1121,0.000000e+00
1122,0.000000e+00
1123,0.000000e+00
1124,0.000000e+00
1125,0.000000e+00
1126,0.000000e+00
1127,0.000000e+00
1128,0.000000e+00
1129,0.000000e+00
1130,0.000000e+00
1131,0.000000e+00
1132,0.000000e+00
1133,0.000000e+00
1134,0.000000e+00
1135,0.000000e+00
1136,0.000000e+00
1137,0.000000e+00
1138,0.000000e+00
1139,0.000000e+00
1140,0.000000e+00
1141,0.000000e+00
1142,0.000000e+00
1143,0.000000e+00
1144,0.000000e+00
1145,0.000000e+00
1146,0.000000e+00
1147,0.000000e+00
1148,0.000000e+00
1149,0.000000e+00
1150,0.000000e+00
1151,0.000000e+00
1152,0.000000e+00
1153,0.000000e+00
1154,0.000000e+00
1155,0.000000e+00
1156,0.000000e+00
1157,0.000000e+00
1158,0.000000e+00
1159,0.000000e+00
1160,0.000000e+00
1161,0.000000e+00
1162,0.000000e+00
1163,0.000000e+00
1164,0.000000e+00
1165,0.000000e+00
1166,0.000000e+00
1167,0.000000e+00
1168,0.000000e+00
1169,0.000000e+00
1170,0.000000e+00
1171,0.000000e+00
1172,0.000000e+00
1173,0.000000e+00
1174,0.000000e+00
1175,0.000000e+00
1176,0.000000e+00
1177,0.000000e+00
1178,0.000000e+00
1179,0.000000e+00
1180,0.000000e+00
1181,0.000000e+00
1182,0.000000e+00
1183,0.000000e+00
1184,0.000000e+00
1185,0.000000e+00
1186,0.000000e+00
1187,0.000000e+00
1188,0.000000e+00
1189,0.000000e+00
1190,0.000000e+00
1191,0.000000e+00
1192,0.000000e+00
1193,0.000000e+00
1194,0.000000e+00
1195,0.000000e+00
1196,0.000000e+00
1197,0.000000e+00
1198,0.000000e+00
1199,0.000000e+00
1200,0.000000e+00
1201,0.000000e+00
1202,0.000000e+00
1203,0.000000e+00
1204,0.000000e+00
1205,0.000000e+00
1206,0.000000e+00
1207,0.000000e+00
1208,0.000000e+00
1209,0.000000e+00
1210,0.000000e+00
1211,0.000000e+00
1212,0.000000e+00
1213,0.000000e+00
1214,0.000000e+00
1215,0.000000e+00
1216,0.000000e+00
1217,0.000000e+00
1218,0.000000e+00
1219,0.000000e+00
1220,0.000000e+00
1221,0.000000e+00
1222,0.000000e+00
1223,0.000000e+00
1224,0.000000e+00
1225,0.000000e+00
1226,0.000000e+00
1227,0.000000e+00
1228,0.000000e+00
1229,0.000000e+00
1230,0.000000e+00
1231,0.000000e+00
1232,0.000000e+00
1233,0.000000e+00
1234,0.000000e+00
1235,0.000000e+00
1236,0.000000e+00
1237,0.000000e+00
1238,0.000000e+00
1239,0.000000e+00
1240,0.000000e+00
1241,0.000000e+00
1242,0.000000e+00
1243,0.000000e+00
1244,0.000000e+00
1245,0.000000e+00
1246,0.000000e+00
1247,0.000000e+00
1248,0.000000e+00
1249,0.000000e+00
1250,0.000000e+00
1251,0.000000e+00
1252,0.000000e+00
1253,0.000000e+00
1254,0.000000e+00
1255,0.000000e+00
1256,0.000000e+00
1257,0.000000e+00
1258,0.000000e+00
1259,0.000000e+00
1260,0.000000e+00
1261,0.000000e+00
1262,0.000000e+00
1263,0.000000e+00
1264,0.000000e+00
1265,0.000000e+00
1266,0.000000e+00
1267,0.000000e+00
1268,0.000000e+00
1269,0.000000e+00
1270,0.000000e+00
1271,0.000000e+00
1272,0.000000e+00
1273,0.000000e+00
1274,0.000000e+00
1275,0.000000e+00
1276,0.000000e+00
1277,0.000000e+00
1278,0.000000e+00
1279,0.000000e+00
1280,0.000000e+00
1281,0.000000e+00
1282,0.000000e+00
1283,0.000000e+00
1284,0.000000e+00
1285,0.000000e+00
1286,0.000000e+00
1287,0.000000e+00
1288,0.000000e+00
1289,0.000000e+00
1290,0.000000e+00
1291,0.000000e+00
1292,0.000000e+00
1293,0.000000e+00
1294,0.000000e+00
1295,0.000000e+00
1296,0.000000e+00
1297,0.000000e+00
1298,0.000000e+00
1299,0.000000e+00
1300,0.000000e+00
1301,0.000000e+00
1302,0.000000e+00
1303,0.000000e+00
1304,0.000000e+00
1305,0.000000e+00
1306,0.000000e+00
1307,0.000000e+00
1308,0.000000e+00
1309,0.000000e+00
1310,0.000000e+00
1311,0.000000e+00
1312,0.000000e+00
1313,0.000000e+00
1314,0.000000e+00
1315,0.000000e+00
1316,0.000000e+00
1317,0.000000e+00
1318,0.000000e+00
1319,0.000000e+00
1320,0.000000e+00
1321,0.000000e+00
1322,0.000000e+00
1323,0.000000e+00
1324,0.000000e+00
1325,0.000000e+00
1326,0.000000e+00
1327,0.000000e+00
1328,0.000000e+00
1329,0.000000e+00
1330,0.000000e+00
1331,0.000000e+00
1332,0.000000e+00
1333,0.000000e+00
1334,0.000000e+00
1335,0.000000e+00
1336,0.000000e+00
1337,0.000000e+00
1338,0.000000e+00
1339,0.000000e+00
1340,0.000000e+00
1341,0.000000e+00
1342,0.000000e+00
1343,0.000000e+00
1344,0.000000e+00
1345,0.000000e+00
1346,0.000000e+00
1347,0.000000e+00
1348,0.000000e+00
1349,0.000000e+00
1350,0.000000e+00
1351,0.000000e+00
1352,0.000000e+00
1353,0.000000e+00
1354,0.000000e+00
1355,0.000000e+00
1356,0.000000e+00
1357,0.000000e+00
1358,0.000000e+00
1359,0.000000e+00
1360,0.000000e+00
1361,0.000000e+00
1362,0.000000e+00
1363,0.000000e+00
1364,0.000000e+00
1365,0.000000e+00
1366,0.000000e+00
1367,0.000000e+00
1368,0.000000e+00
1369,0.000000e+00
1370,0.000000e+00
1371,0.000000e+00
1372,0.000000e+00
1373,0.000000e+00
1374,0.000000e+00
1375,0.000000e+00
1376,0.000000e+00
1377,0.000000e+00
1378,0.000000e+00
1379,0.000000e+00
1380,0.000000e+00
1381,0.000000e+00
1382,0.000000e+00
1383,0.000000e+00
1384,0.000000e+00
1385,0.000000e+00
1386,0.000000e+00
1387,0.000000e+00
1388,0.000000e+00
1389,0.000000e+00
1390,0.000000e+00
1391,0.000000e+00
1392,0.000000e+00
1393,0.000000e+00
1394,0.000000e+00
1395,0.000000e+00
1396,0.000000e+00
1397,0.000000e+00
1398,0.000000e+00
1399,0.000000e+00
1400,0.000000e+00
1401,0.000000e+00
1402,0.000000e+00
1403,0.000000e+00
1404,0.000000e+00
1405,0.000000e+00
1406,0.000000e+00
1407,0.000000e+00
1408,0.000000e+00
1409,0.000000e+00
1410,0.000000e+00
1411,0.000000e+00
1412,0.000000e+00
1413,0.000000e+00
1414,0.000000e+00
1415,0.000000e+00
1416,0.000000e+00
1417,0.000000e+00
1418,0.000000e+00
1419,0.000000e+00
1420,0.000000e+00
1421,0.000000e+00
1422,0.000000e+00
1423,0.000000e+00
1424,0.000000e+00
1425,0.000000e+00
1426,0.000000e+00
1427,0.000000e+00
1428,0.000000e+00
1429,0.000000e+00
1430,0.000000e+00
1431,0.000000e+00
1432,0.000000e+00
1433,0.000000e+00
1434,0.000000e+00
1435,0.000000e+00
1436,0.000000e+00
1437,0.000000e+00
1438,0.000000e+00
1439,0.000000e+00
1440,0.000000e+00
1441,0.000000e+00
1442,0.000000e+00
1443,0.000000e+00
1444,0.000000e+00
1445,0.000000e+00
1446,0.000000e+00
1447,0.000000e+00
1448,0.000000e+00
1449,0.000000e+00
1450,0.000000e+00
1451,0.000000e+00
1452,0.000000e+00
1453,0.000000e+00
1454,0.000000e+00
1455,0.000000e+00
1456,0.000000e+00
1457,0.000000e+00
1458,0.000000e+00
1459,0.000000e+00
1460,0.000000e+00
1461,0.000000e+00
1462,0.000000e+00
1463,0.000000e+00
1464,0.000000e+00
1465,0.000000e+00
1466,0.000000e+00
1467,0.000000e+00
1468,0.000000e+00
1469,0.000000e+00
1470,0.000000e+00
1471,0.000000e+00
1472,0.000000e+00
1473,0.000000e+00
1474,0.000000e+00
1475,0.000000e+00
1476,0.000000e+00
1477,0.000000e+00
1478,0.000000e+00
1479,0.000000e+00
1480,0.000000e+00
1481,0.000000e+00
1482,0.000000e+00
1483,0.000000e+00
1484,0.000000e+00
1485,0.000000e+00
1486,0.000000e+00
1487,0.000000e+00
1488,0.000000e+00
1489,0.000000e+00
1490,0.000000e+00
1491,0.000000e+00
1492,0.000000e+00
1493,0.000000e+00
1494,0.000000e+00
1495,0.000000e+00
1496,0.000000e+00
1497,0.000000e+00
1498,0.000000e+00
1499,0.000000e+00
1500,0.000000e+00
1501,0.000000e+00
1502,0.000000e+00
1503,0.000000e+00
1504,0.000000e+00
1505,0.000000e+00
1506,0.000000e+00
1507,0.000000e+00
1508,0.000000e+00
1509,0.000000e+00
1510,0.000000e+00
1511,0.000000e+00
1512,0.000000e+00
1513,0.000000e+00
1514,0.000000e+00
1515,0.000000e+00
1516,0.000000e+00
1517,0.000000e+00
1518,0.000000e+00
1519,0.000000e+00
1520,0.000000e+00
1521,0.000000e+00
1522,0.000000e+00
1523,0.000000e+00
1524,0.000000e+00
1525,0.000000e+00
1526,0.000000e+00
1527,0.000000e+00
1528,0.000000e+00
1529,0.000000e+00
1530,0.000000e+00
1531,0.000000e+00
1532,0.000000e+00
1533,0.000000e+00
1534,0.000000e+00
1535,0.000000e+00
1536,0.000000e+00
1537,0.000000e+00
1538,0.000000e+00
1539,0.000000e+00
1540,0.000000e+00
1541,0.000000e+00
1542,0.000000e+00
1543,0.000000e+00
1544,0.000000e+00
1545,0.000000e+00
1546,0.000000e+00
1547,0.000000e+00
1548,0.000000e+00
1549,0.000000e+00
1550,0.000000e+00
1551,0.000000e+00
1552,0.000000e+00
1553,0.000000e+00
1554,0.000000e+00
1555,0.000000e+00
1556,0.000000e+00
1557,0.000000e+00
1558,0.000000e+00
1559,0.000000e+00
1560,0.000000e+00
1561,0.000000e+00
1562,0.000000e+00
1563,0.000000e+00
1564,0.000000e+00
1565,0.000000e+00
1566,0.000000e+00
1567,0.000000e+00
1568,0.000000e+00
1569,0.000000e+00
1570,0.000000e+00
1571,0.000000e+00
1572,0.000000e+00
1573,0.000000e+00
1574,0.000000e+00
1575,0.000000e+00
1576,0.000000e+00
1577,0.000000e+00
1578,0.000000e+00
1579,0.000000e+00
1580,0.000000e+00
1581,0.000000e+00
1582,0.000000e+00
1583,0.000000e+00
1584,0.000000e+00
1585,0.000000e+00
1586,0.000000e+00
1587,0.000000e+00
1588,0.000000e+00
1589,0.000000e+00
1590,0.000000e+00
1591,0.000000e+00
1592,0.000000e+00
1593,0.000000e+00
1594,0.000000e+00
1595,0.000000e+00
1596,0.000000e+00
1597,0.000000e+00
1598,0.000000e+00
1599,0.000000e+00
1600,0.000000e+00
1601,0.000000e+00
1602,0.000000e+00
1603,0.000000e+00
1604,0.000000e+00
1605,0.000000e+00
1606,0.000000e+00
1607,0.000000e+00
1608,0.000000e+00
1609,0.000000e+00
1610,0.000000e+00
1611,0.000000e+00
1612,0.000000e+00
1613,0.000000e+00
1614,0.000000e+00
1615,0.000000e+00
1616,0.000000e+00
1617,0.000000e+00
1618,0.000000e+00
1619,0.000000e+00
1620,0.000000e+00
1621,0.000000e+00
1622,0.000000e+00
1623,0.000000e+00
1624,0.000000e+00
1625,0.000000e+00
1626,0.000000e+00
1627,0.000000e+00
1628,0.000000e+00
1629,0.000000e+00
1630,0.000000e+00
1631,0.000000e+00
1632,0.000000e+00
1633,0.000000e+00
1634,0.000000e+00
1635,0.000000e+00
1636,0.000000e+00
1637,0.000000e+00
1638,0.000000e+00
1639,0.000000e+00
1640,0.000000e+00
1641,0.000000e+00
1642,0.000000e+00
1643,0.000000e+00
1644,0.000000e+00
1645,0.000000e+00
1646,0.000000e+00
1647,0.000000e+00
1648,0.000000e+00
1649,0.000000e+00
1650,0.000000e+00
1651,0.000000e+00
1652,0.000000e+00
1653,0.000000e+00
1654,0.000000e+00
1655,0.000000e+00
1656,0.000000e+00
1657,0.000000e+00
1658,0.000000e+00
1659,0.000000e+00
1660,0.000000e+00
1661,0.000000e+00
1662,0.000000e+00
1663,0.000000e+00
1664,0.000000e+00
1665,0.000000e+00
1666,0.000000e+00
1667,0.000000e+00
1668,0.000000e+00
1669,0.000000e+00
1670,0.000000e+00
1671,0.000000e+00
1672,0.000000e+00
1673,0.000000e+00
1674,0.000000e+00
1675,0.000000e+00
1676,0.000000e+00
1677,0.000000e+00
1678,0.000000e+00
1679,0.000000e+00
1680,0.000000e+00
1681,0.000000e+00
1682,0.000000e+00
1683,0.000000e+00
1684,0.000000e+00
1685,0.000000e+00
1686,0.000000e+00
1687,0.000000e+00
1688,0.000000e+00
1689,0.000000e+00
1690,0.000000e+00
1691,0.000000e+00
1692,0.000000e+00
1693,0.000000e+00
1694,0.000000e+00
1695,0.000000e+00
1696,0.000000e+00
1697,0.000000e+00
1698,0.000000e+00
1699,0.000000e+00
1700,0.000000e+00
1701,0.000000e+00
1702,0.000000e+00
1703,0.000000e+00
1704,0.000000e+00
1705,0.000000e+00
1706,0.000000e+00
1707,0.000000e+00
1708,0.000000e+00
1709,0.000000e+00
1710,0.000000e+00
1711,0.000000e+00
1712,0.000000e+00
1713,0.000000e+00
1714,0.000000e+00
1715,0.000000e+00
1716,0.000000e+00
1717,0.000000e+00
1718,0.000000e+00
1719,0.000000e+00
1720,0.000000e+00
1721,0.000000e+00
1722,0.000000e+00
1723,0.000000e+00
1724,0.000000e+00
1725,0.000000e+00
1726,0.000000e+00
1727,0.000000e+00
1728,0.000000e+00
1729,0.000000e+00
1730,0.000000e+00
1731,0.000000e+00
1732,0.000000e+00
1733,0.000000e+00
1734,0.000000e+00
1735,0.000000e+00
1736,0.000000e+00
1737,0.000000e+00
1738,0.000000e+00
1739,0.000000e+00
1740,0.000000e+00
1741,0.000000e+00
1742,0.000000e+00
1743,0.000000e+00
1744,0.000000e+00
1745,0.000000e+00
1746,0.000000e+00
1747,0.000000e+00
1748,0.000000e+00
1749,0.000000e+00
1750,0.000000e+00
1751,0.000000e+00
1752,0.000000e+00
1753,0.000000e+00
1754,0.000000e+00
1755,0.000000e+00
1756,0.000000e+00
1757,0.000000e+00
1758,0.000000e+00
1759,0.000000e+00
1760,0.000000e+00
1761,0.000000e+00
1762,0.000000e+00
1763,0.000000e+00
1764,0.000000e+00
1765,0.000000e+00
1766,0.000000e+00
1767,0.000000e+00
1768,0.000000e+00
1769,0.000000e+00
1770,0.000000e+00
1771,0.000000e+00
1772,0.000000e+00
1773,0.000000e+00
1774,0.000000e+00
1775,0.000000e+00
1776,0.000000e+00
1777,0.000000e+00
1778,0.000000e+00
1779,0.000000e+00
1780,0.000000e+00
1781,0.000000e+00
1782,0.000000e+00
1783,0.000000e+00
1784,0.000000e+00
1785,0.000000e+00
1786,0.000000e+00
1787,0.000000e+00
1788,0.000000e+00
1789,0.000000e+00
1790,0.000000e+00
1791,0.000000e+00
1792,0.000000e+00
1793,0.000000e+00
1794,0.000000e+00
1795,0.000000e+00
1796,0.000000e+00
1797,0.000000e+00
1798,0.000000e+00
1799,0.000000e+00
1800,0.000000e+00
1801,0.000000e+00
1802,0.000000e+00
1803,0.000000e+00
1804,0.000000e+00
1805,0.000000e+00
1806,0.000000e+00
1807,0.000000e+00
1808,0.000000e+00
1809,0.000000e+00
1810,0.000000e+00
1811,0.000000e+00
1812,0.000000e+00
1813,0.000000e+00
1814,0.000000e+00
1815,0.000000e+00
1816,0.000000e+00
1817,0.000000e+00
1818,0.000000e+00
1819,0.000000e+00
1820,0.000000e+00
1821,0.000000e+00
1822,0.000000e+00
1823,0.000000e+00
1824,0.000000e+00
1825,0.000000e+00
1826,0.000000e+00
1827,0.000000e+00
1828,0.000000e+00
1829,0.000000e+00
1830,0.000000e+00
1831,0.000000e+00
1832,0.000000e+00
1833,0.000000e+00
1834,0.000000e+00
1835,0.000000e+00
1836,0.000000e+00
1837,0.000000e+00
1838,0.000000e+00
1839,0.000000e+00
1840,0.000000e+00
1841,0.000000e+00
1842,0.000000e+00
1843,0.000000e+00
1844,0.000000e+00
1845,0.000000e+00
1846,0.000000e+00
1847,0.000000e+00
1848,0.000000e+00
1849,0.000000e+00
1850,0.000000e+00
1851,0.000000e+00
1852,0.000000e+00
1853,0.000000e+00
1854,0.000000e+00
1855,0.000000e+00
1856,0.000000e+00
1857,0.000000e+00
1858,0.000000e+00
1859,0.000000e+00
1860,0.000000e+00
1861,0.000000e+00
1862,0.000000e+00
1863,0.000000e+00
1864,0.000000e+00
1865,0.000000e+00
1866,0.000000e+00
1867,0.000000e+00
1868,0.000000e+00
1869,0.000000e+00
1870,0.000000e+00
1871,0.000000e+00
1872,0.000000e+00
1873,0.000000e+00
1874,0.000000e+00
1875,0.000000e+00
1876,0.000000e+00
1877,0.000000e+00
1878,0.000000e+00
1879,0.000000e+00
1880,0.000000e+00
1881,0.000000e+00
1882,0.000000e+00
1883,0.000000e+00
1884,0.000000e+00
1885,0.000000e+00
1886,0.000000e+00
1887,0.000000e+00
1888,0.000000e+00
1889,0.000000e+00
1890,0.000000e+00
1891,0.000000e+00
1892,0.000000e+00
1893,0.000000e+00
1894,0.000000e+00
1895,0.000000e+00
1896,0.000000e+00
1897,0.000000e+00
1898,0.000000e+00
1899,0.000000e+00
1900,0.000000e+00
1901,0.000000e+00
1902,0.000000e+00
1903,0.000000e+00
1904,0.000000e+00
1905,0.000000e+00
1906,0.000000e+00
1907,0.000000e+00
1908,0.000000e+00
1909,0.000000e+00
1910,0.000000e+00
1911,0.000000e+00
1912,0.000000e+00
1913,0.000000e+00
1914,0.000000e+00
1915,0.000000e+00
1916,0.000000e+00
1917,0.000000e+00
1918,0.000000e+00
1919,0.000000e+00
1920,0.000000e+00
1921,0.000000e+00
1922,0.000000e+00
1923,0.000000e+00
1924,0.000000e+00
1925,0.000000e+00
1926,0.000000e+00
1927,0.000000e+00
1928,0.000000e+00
1929,0.000000e+00
1930,0.000000e+00
1931,0.000000e+00
1932,0.000000e+00
1933,0.000000e+00
1934,0.000000e+00
1935,0.000000e+00
1936,0.000000e+00
1937,0.000000e+00
1938,0.000000e+00
1939,0.000000e+00
1940,0.000000e+00
1941,0.000000e+00
1942,0.000000e+00
1943,0.000000e+00
1944,0.000000e+00
1945,0.000000e+00
1946,0.000000e+00
1947,0.000000e+00
1948,0.000000e+00
1949,0.000000e+00
1950,0.000000e+00
1951,0.000000e+00
1952,0.000000e+00
1953,0.000000e+00
1954,0.000000e+00
1955,0.000000e+00
1956,0.000000e+00
1957,0.000000e+00
1958,0.000000e+00
1959,0.000000e+00
1960,0.000000e+00
1961,0.000000e+00
1962,0.000000e+00
1963,0.000000e+00
1964,0.000000e+00
1965,0.000000e+00
1966,0.000000e+00
1967,0.000000e+00
1968,0.000000e+00
1969,0.000000e+00
1970,0.000000e+00
1971,0.000000e+00
1972,0.000000e+00
1973,0.000000e+00
1974,0.000000e+00
1975,0.000000e+00
1976,0.000000e+00
1977,0.000000e+00
1978,0.000000e+00
1979,0.000000e+00
1980,0.000000e+00
1981,0.000000e+00
1982,0.000000e+00
1983,0.000000e+00
1984,0.000000e+00
1985,0.000000e+00
1986,0.000000e+00
1987,0.000000e+00
1988,0.000000e+00
1989,0.000000e+00
1990,0.000000e+00
1991,0.000000e+00
1992,0.000000e+00
1993,0.000000e+00
1994,0.000000e+00
1995,0.000000e+00
1996,0.000000e+00
1997,0.000000e+00
1998,0.000000e+00
1999,0.000000e+00
2000,0.000000e+00
2001,0.000000e+00
2002,0.000000e+00
2003,0.000000e+00
2004,0.000000e+00
2005,0.000000e+00
2006,0.000000e+00
2007,0.000000e+00
2008,0.000000e+00
2009,0.000000e+00
2010,0.000000e+00
2011,0.000000e+00
2012,0.000000e+00
2013,0.000000e+00
2014,0.000000e+00
2015,0.000000e+00
2016,0.000000e+00
2017,0.000000e+00
2018,0.000000e+00
2019,0.000000e+00
2020,0.000000e+00
2021,0.000000e+00
2022,0.000000e+00
2023,0.000000e+00
2024,0.000000e+00
2025,0.000000e+00
2026,0.000000e+00
2027,0.000000e+00
2028,0.000000e+00
2029,0.000000e+00
2030,0.000000e+00
2031,0.000000e+00
2032,0.000000e+00
2033,0.000000e+00
2034,0.000000e+00
2035,0.000000e+00
2036,0.000000e+00
2037,0.000000e+00
2038,0.000000e+00
2039,0.000000e+00
2040,0.000000e+00
2041,0.000000e+00
2042,0.000000e+00
2043,0.000000e+00
2044,0.000000e+00
2045,0.000000e+00
2046,0.000000e+00
2047,0.000000e+00
2048,0.000000e+00
2049,0.000000e+00
2050,0.000000e+00
2051,0.000000e+00
2052,0.000000e+00
2053,0.000000e+00
2054,0.000000e+00
2055,0.000000e+00
2056,0.000000e+00
2057,0.000000e+00
2058,0.000000e+00
2059,0.000000e+00
2060,0.000000e+00
2061,0.000000e+00
2062,0.000000e+00
2063,0.000000e+00
2064,0.000000e+00
2065,0.000000e+00
2066,0.000000e+00
2067,0.000000e+00
2068,0.000000e+00
2069,0.000000e+00
2070,0.000000e+00
2071,0.000000e+00
2072,0.000000e+00
2073,0.000000e+00
2074,0.000000e+00
2075,0.000000e+00
2076,0.000000e+00
2077,0.000000e+00
2078,0.000000e+00
2079,0.000000e+00
2080,0.000000e+00
2081,0.000000e+00
2082,0.000000e+00
2083,0.000000e+00
2084,0.000000e+00
2085,0.000000e+00
2086,0.000000e+00
2087,0.000000e+00
2088,0.000000e+00
2089,0.000000e+00
2090,0.000000e+00
2091,0.000000e+00
2092,0.000000e+00
2093,0.000000e+00
2094,0.000000e+00
2095,0.000000e+00
2096,0.000000e+00
2097,0.000000e+00
2098,0.000000e+00
2099,0.000000e+00
2100,0.000000e+00
2101,0.000000e+00
2102,0.000000e+00
2103,0.000000e+00
2104,0.000000e+00
2105,0.000000e+00
2106,0.000000e+00
2107,0.000000e+00
2108,0.000000e+00
2109,0.000000e+00
2110,0.000000e+00
2111,0.000000e+00
2112,0.000000e+00
2113,0.000000e+00
2114,0.000000e+00
2115,0.000000e+00
2116,0.000000e+00
2117,0.000000e+00
2118,0.000000e+00
2119,0.000000e+00
2120,0.000000e+00
2121,0.000000e+00
2122,0.000000e+00
2123,0.000000e+00
2124,0.000000e+00
2125,0.000000e+00
2126,0.000000e+00
2127,0.000000e+00
2128,0.000000e+00
2129,0.000000e+00
2130,0.000000e+00
2131,0.000000e+00
2132,0.000000e+00
2133,0.000000e+00
2134,0.000000e+00
2135,0.000000e+00
2136,0.000000e+00
2137,0.000000e+00
2138,0.000000e+00
2139,0.000000e+00
2140,0.000000e+00
2141,0.000000e+00
2142,0.000000e+00
2143,0.000000e+00
2144,0.000000e+00
2145,0.000000e+00
2146,0.000000e+00
2147,0.000000e+00
2148,0.000000e+00
2149,0.000000e+00
2150,0.000000e+00
2151,0.000000e+00
2152,0.000000e+00
2153,0.000000e+00
2154,0.000000e+00
2155,0.000000e+00
2156,0.000000e+00
2157,0.000000e+00
2158,0.000000e+00
2159,0.000000e+00
2160,0.000000e+00
2161,0.000000e+00
2162,0.000000e+00
2163,0.000000e+00
2164,0.000000e+00
2165,0.000000e+00
2166,0.000000e+00
2167,0.000000e+00
2168,0.000000e+00
2169,0.000000e+00
2170,0.000000e+00
2171,0.000000e+00
2172,0.000000e+00
2173,0.000000e+00
2174,0.000000e+00
2175,0.000000e+00
2176,0.000000e+00
2177,0.000000e+00
2178,0.000000e+00
2179,0.000000e+00
2180,0.000000e+00
2181,0.000000e+00
2182,0.000000e+00
2183,0.000000e+00
2184,0.000000e+00
2185,0.000000e+00
2186,0.000000e+00
2187,0.000000e+00
2188,0.000000e+00
2189,0.000000e+00
2190,0.000000e+00
2191,0.000000e+00
2192,0.000000e+00
2193,0.000000e+00
2194,0.000000e+00
2195,0.000000e+00
2196,0.000000e+00
2197,0.000000e+00
2198,0.000000e+00
2199,0.000000e+00
2200,0.000000e+00
2201,0.000000e+00
2202,0.000000e+00
2203,0.000000e+00
2204,0.000000e+00
2205,0.000000e+00
2206,0.000000e+00
2207,0.000000e+00
2208,0.000000e+00
2209,0.000000e+00
2210,0.000000e+00
2211,0.000000e+00
2212,0.000000e+00
2213,0.000000e+00
2214,0.000000e+00
2215,0.000000e+00
2216,0.000000e+00
2217,0.000000e+00
2218,0.000000e+00
2219,0.000000e+00
2220,0.000000e+00
2221,0.000000e+00
2222,0.000000e+00
2223,0.000000e+00
2224,0.000000e+00
2225,0.000000e+00
2226,0.000000e+00
2227,0.000000e+00
2228,0.000000e+00
2229,0.000000e+00
2230,0.000000e+00
2231,0.000000e+00
2232,0.000000e+00
2233,0.000000e+00
2234,0.000000e+00
2235,0.000000e+00
2236,0.000000e+00
2237,0.000000e+00
2238,0.000000e+00
2239,0.000000e+00
2240,0.000000e+00
2241,0.000000e+00
2242,0.000000e+00
2243,0.000000e+00
2244,0.000000e+00
2245,0.000000e+00
2246,0.000000e+00
2247,0.000000e+00
2248,0.000000e+00
2249,0.000000e+00
2250,0.000000e+00
2251,0.000000e+00
2252,0.000000e+00
2253,0.000000e+00
2254,0.000000e+00
2255,0.000000e+00
2256,0.000000e+00
2257,0.000000e+00
2258,0.000000e+00
2259,0.000000e+00
2260,0.000000e+00
2261,0.000000e+00
2262,0.000000e+00
2263,0.000000e+00
2264,0.000000e+00
2265,0.000000e+00
2266,0.000000e+00
2267,0.000000e+00
2268,0.000000e+00
2269,0.000000e+00
2270,0.000000e+00
2271,0.000000e+00
2272,0.000000e+00
2273,0.000000e+00
2274,0.000000e+00
2275,0.000000e+00
2276,0.000000e+00
2277,0.000000e+00
2278,0.000000e+00
2279,0.000000e+00
2280,0.000000e+00
2281,0.000000e+00
2282,0.000000e+00
2283,0.000000e+00
2284,0.000000e+00
2285,0.000000e+00
2286,0.000000e+00
2287,0.000000e+00
2288,0.000000e+00
2289,0.000000e+00
2290,0.000000e+00
2291,0.000000e+00
2292,0.000000e+00
2293,0.000000e+00
2294,0.000000e+00
2295,0.000000e+00
2296,0.000000e+00
2297,0.000000e+00
2298,0.000000e+00
2299,0.000000e+00
2300,0.000000e+00
2301,0.000000e+00
2302,0.000000e+00
2303,0.000000e+00
2304,0.000000e+00
2305,0.000000e+00
2306,0.000000e+00
2307,0.000000e+00
2308,0.000000e+00
2309,0.000000e+00
2310,0.000000e+00
2311,0.000000e+00
2312,0.000000e+00
2313,0.000000e+00
2314,0.000000e+00
2315,0.000000e+00
2316,0.000000e+00
2317,0.000000e+00
2318,0.000000e+00
2319,0.000000e+00
2320,0.000000e+00
2321,0.000000e+00
2322,0.000000e+00
2323,0.000000e+00
2324,0.000000e+00
2325,0.000000e+00
2326,0.000000e+00
2327,0.000000e+00
2328,0.000000e+00
2329,0.000000e+00
2330,0.000000e+00
2331,0.000000e+00
2332,0.000000e+00
2333,0.000000e+00
2334,0.000000e+00
2335,0.000000e+00
2336,0.000000e+00
2337,0.000000e+00
2338,0.000000e+00
2339,0.000000e+00
2340,0.000000e+00
2341,0.000000e+00
2342,0.000000e+00
2343,0.000000e+00
2344,0.000000e+00
2345,0.000000e+00
2346,0.000000e+00
2347,0.000000e+00
2348,0.000000e+00
2349,0.000000e+00
2350,0.000000e+00
2351,0.000000e+00
2352,0.000000e+00
2353,0.000000e+00
2354,0.000000e+00
2355,0.000000e+00
2356,0.000000e+00
2357,0.000000e+00
2358,0.000000e+00
2359,0.000000e+00
2360,0.000000e+00
2361,0.000000e+00
2362,0.000000e+00
2363,0.000000e+00
2364,0.000000e+00
2365,0.000000e+00
2366,0.000000e+00
2367,0.000000e+00
2368,0.000000e+00
2369,0.000000e+00
2370,0.000000e+00
2371,0.000000e+00
2372,0.000000e+00
2373,0.000000e+00
2374,0.000000e+00
2375,0.000000e+00
2376,0.000000e+00
2377,0.000000e+00
2378,0.000000e+00
2379,0.000000e+00
2380,0.000000e+00
2381,0.000000e+00
2382,0.000000e+00
2383,0.000000e+00
2384,0.000000e+00
2385,0.000000e+00
2386,0.000000e+00
2387,0.000000e+00
2388,0.000000e+00
2389,0.000000e+00
2390,0.000000e+00
2391,0.000000e+00
2392,0.000000e+00
2393,0.000000e+00
2394,0.000000e+00
2395,0.000000e+00
2396,0.000000e+00
2397,0.000000e+00
2398,0.000000e+00
2399,0.000000e+00
2400,0.000000e+00
2401,0.000000e+00
2402,0.000000e+00
2403,0.000000e+00
2404,0.000000e+00
2405,0.000000e+00
2406,0.000000e+00
2407,0.000000e+00
2408,0.000000e+00
2409,0.000000e+00
2410,0.000000e+00
2411,0.000000e+00
2412,0.000000e+00
2413,0.000000e+00
2414,0.000000e+00
2415,0.000000e+00
2416,0.000000e+00
2417,0.000000e+00
2418,0.000000e+00
2419,0.000000e+00
2420,0.000000e+00
2421,0.000000e+00
2422,0.000000e+00
2423,0.000000e+00
2424,0.000000e+00
2425,0.000000e+00
2426,0.000000e+00
2427,0.000000e+00
2428,0.000000e+00
2429,0.000000e+00
2430,0.000000e+00
2431,0.000000e+00
2432,0.000000e+00
2433,0.000000e+00
2434,0.000000e+00
2435,0.000000e+00
2436,0.000000e+00
2437,0.000000e+00
2438,0.000000e+00
2439,0.000000e+00
2440,0.000000e+00
2441,0.000000e+00
2442,0.000000e+00
2443,0.000000e+00
2444,0.000000e+00
2445,0.000000e+00
2446,0.000000e+00
2447,0.000000e+00
2448,0.000000e+00
2449,0.000000e+00
2450,0.000000e+00
2451,0.000000e+00
2452,0.000000e+00
2453,0.000000e+00
2454,0.000000e+00
2455,0.000000e+00
2456,0.000000e+00
2457,0.000000e+00
2458,0.000000e+00
2459,0.000000e+00
2460,0.000000e+00
2461,0.000000e+00
2462,0.000000e+00
2463,0.000000e+00
2464,0.000000e+00
2465,0.000000e+00
2466,0.000000e+00
2467,0.000000e+00
2468,0.000000e+00
2469,0.000000e+00
2470,0.000000e+00
2471,0.000000e+00
2472,0.000000e+00
2473,0.000000e+00
2474,0.000000e+00
2475,0.000000e+00
2476,0.000000e+00
2477,0.000000e+00
2478,0.000000e+00
2479,0.000000e+00
2480,0.000000e+00
2481,0.000000e+00
2482,0.000000e+00
2483,0.000000e+00
2484,0.000000e+00
2485,0.000000e+00
2486,0.000000e+00
2487,0.000000e+00
2488,0.000000e+00
2489,0.000000e+00
2490,0.000000e+00
2491,0.000000e+00
2492,0.000000e+00
2493,0.000000e+00
2494,0.000000e+00
2495,0.000000e+00
2496,0.000000e+00
2497,0.000000e+00
2498,0.000000e+00
2499,0.000000e+00
2500,0.000000e+00
2501,0.000000e+00
2502,0.000000e+00
2503,0.000000e+00
2504,0.000000e+00
2505,0.000000e+00
2506,0.000000e+00
2507,0.000000e+00
2508,0.000000e+00
2509,0.000000e+00
2510,0.000000e+00
2511,0.000000e+00
2512,0.000000e+00
2513,0.000000e+00
2514,0.000000e+00
2515,0.000000e+00
2516,0.000000e+00
2517,0.000000e+00
2518,0.000000e+00
2519,0.000000e+00
2520,0.000000e+00
2521,0.000000e+00
2522,0.000000e+00
2523,0.000000e+00
2524,0.000000e+00
2525,0.000000e+00
2526,0.000000e+00
2527,0.000000e+00
2528,0.000000e+00
2529,0.000000e+00
2530,0.000000e+00
2531,0.000000e+00
2532,0.000000e+00
2533,0.000000e+00
2534,0.000000e+00
2535,0.000000e+00
2536,0.000000e+00
2537,0.000000e+00
2538,0.000000e+00
2539,0.000000e+00
2540,0.000000e+00
2541,0.000000e+00
2542,0.000000e+00
2543,0.000000e+00
2544,0.000000e+00
2545,0.000000e+00
2546,0.000000e+00
2547,0.000000e+00
2548,0.000000e+00
2549,0.000000e+00
2550,0.000000e+00
2551,0.000000e+00
2552,0.000000e+00
2553,0.000000e+00
2554,0.000000e+00
2555,0.000000e+00
2556,0.000000e+00
2557,0.000000e+00
2558,0.000000e+00
2559,0.000000e+00
2560,0.000000e+00
2561,0.000000e+00
2562,0.000000e+00
2563,0.000000e+00
2564,0.000000e+00
2565,0.000000e+00
2566,0.000000e+00
2567,0.000000e+00
2568,0.000000e+00
2569,0.000000e+00
2570,0.000000e+00
2571,0.000000e+00
2572,0.000000e+00
2573,0.000000e+00
2574,0.000000e+00
2575,0.000000e+00
2576,0.000000e+00
2577,0.000000e+00
2578,0.000000e+00
2579,0.000000e+00
2580,0.000000e+00
2581,0.000000e+00
2582,0.000000e+00
2583,0.000000e+00
2584,0.000000e+00
2585,0.000000e+00
2586,0.000000e+00
2587,0.000000e+00
2588,0.000000e+00
2589,0.000000e+00
2590,0.000000e+00
2591,0.000000e+00
2592,0.000000e+00
2593,0.000000e+00
2594,0.000000e+00
2595,0.000000e+00
2596,0.000000e+00
2597,0.000000e+00
2598,0.000000e+00
2599,0.000000e+00
2600,0.000000e+00
2601,0.000000e+00
2602,0.000000e+00
2603,0.000000e+00
2604,0.000000e+00
2605,0.000000e+00
2606,0.000000e+00
2607,0.000000e+00
2608,0.000000e+00
2609,0.000000e+00
2610,0.000000e+00
2611,0.000000e+00
2612,0.000000e+00
2613,0.000000e+00
2614,0.000000e+00
2615,0.000000e+00
2616,0.000000e+00
2617,0.000000e+00
2618,0.000000e+00
2619,0.000000e+00
2620,0.000000e+00
2621,0.000000e+00
2622,0.000000e+00
2623,0.000000e+00
2624,0.000000e+00
2625,0.000000e+00
2626,0.000000e+00
2627,0.000000e+00
2628,0.000000e+00
2629,0.000000e+00
2630,0.000000e+00
2631,0.000000e+00
2632,0.000000e+00
2633,0.000000e+00
2634,0.000000e+00
2635,0.000000e+00
2636,0.000000e+00
2637,0.000000e+00
2638,0.000000e+00
2639,0.000000e+00
2640,0.000000e+00
2641,0.000000e+00
2642,0.000000e+00
2643,0.000000e+00
2644,0.000000e+00
2645,0.000000e+00
2646,0.000000e+00
2647,0.000000e+00
2648,0.000000e+00
2649,0.000000e+00
2650,0.000000e+00
2651,0.000000e+00
2652,0.000000e+00
2653,0.000000e+00
2654,0.000000e+00
2655,0.000000e+00
2656,0.000000e+00
2657,0.000000e+00
2658,0.000000e+00
2659,0.000000e+00
2660,0.000000e+00
2661,0.000000e+00
2662,0.000000e+00
2663,0.000000e+00
2664,0.000000e+00
2665,0.000000e+00
2666,0.000000e+00
2667,0.000000e+00
2668,0.000000e+00
2669,0.000000e+00
2670,0.000000e+00
2671,0.000000e+00
2672,0.000000e+00
2673,0.000000e+00
2674,0.000000e+00
2675,0.000000e+00
2676,0.000000e+00
2677,0.000000e+00
2678,0.000000e+00
2679,0.000000e+00
2680,0.000000e+00
2681,0.000000e+00
2682,0.000000e+00
2683,0.000000e+00
2684,0.000000e+00
2685,0.000000e+00
2686,0.000000e+00
2687,0.000000e+00
2688,0.000000e+00
2689,0.000000e+00
2690,0.000000e+00
2691,0.000000e+00
2692,0.000000e+00
2693,0.000000e+00
2694,0.000000e+00
2695,0.000000e+00
2696,0.000000e+00
2697,0.000000e+00
2698,0.000000e+00
2699,0.000000e+00
2700,0.000000e+00
2701,0.000000e+00
2702,0.000000e+00
2703,0.000000e+00
2704,0.000000e+00
2705,0.000000e+00
2706,0.000000e+00
2707,0.000000e+00
2708,0.000000e+00
2709,0.000000e+00
2710,0.000000e+00
2711,0.000000e+00
2712,0.000000e+00
2713,0.000000e+00
2714,0.000000e+00
2715,0.000000e+00
2716,0.000000e+00
2717,0.000000e+00
2718,0.000000e+00
2719,0.000000e+00
2720,0.000000e+00
2721,0.000000e+00
2722,0.000000e+00
2723,0.000000e+00
2724,0.000000e+00
2725,0.000000e+00
2726,0.000000e+00
2727,0.000000e+00
2728,0.000000e+00
2729,0.000000e+00
2730,0.000000e+00
2731,0.000000e+00
2732,0.000000e+00
2733,0.000000e+00
2734,0.000000e+00
2735,0.000000e+00
2736,0.000000e+00
2737,0.000000e+00
2738,0.000000e+00
2739,0.000000e+00
2740,0.000000e+00
2741,0.000000e+00
2742,0.000000e+00
2743,0.000000e+00
2744,0.000000e+00
2745,0.000000e+00
2746,0.000000e+00
2747,0.000000e+00
2748,0.000000e+00
2749,0.000000e+00
2750,0.000000e+00
2751,0.000000e+00
2752,0.000000e+00
2753,0.000000e+00
2754,0.000000e+00
2755,0.000000e+00
2756,0.000000e+00
2757,0.000000e+00
2758,0.000000e+00
2759,0.000000e+00
2760,0.000000e+00
2761,0.000000e+00
2762,0.000000e+00
2763,0.000000e+00
2764,0.000000e+00
2765,0.000000e+00
2766,0.000000e+00
2767,0.000000e+00
2768,0.000000e+00
2769,0.000000e+00
2770,0.000000e+00
2771,0.000000e+00
2772,0.000000e+00
2773,0.000000e+00
2774,0.000000e+00
2775,0.000000e+00
2776,0.000000e+00
2777,0.000000e+00
2778,0.000000e+00
2779,0.000000e+00
2780,0.000000e+00
2781,0.000000e+00
2782,0.000000e+00
2783,0.000000e+00
2784,0.000000e+00
2785,0.000000e+00
2786,0.000000e+00
2787,0.000000e+00
2788,0.000000e+00
2789,0.000000e+00
2790,0.000000e+00
2791,0.000000e+00
2792,0.000000e+00
2793,0.000000e+00
2794,0.000000e+00
2795,0.000000e+00
2796,0.000000e+00
2797,0.000000e+00
2798,0.000000e+00
2799,0.000000e+00
2800,0.000000e+00
2801,0.000000e+00
2802,0.000000e+00
2803,0.000000e+00
2804,0.000000e+00
2805,0.000000e+00
2806,0.000000e+00
2807,0.000000e+00
2808,0.000000e+00
2809,0.000000e+00
2810,0.000000e+00
2811,0.000000e+00
2812,0.000000e+00
2813,0.000000e+00
2814,0.000000e+00
2815,0.000000e+00
2816,0.000000e+00
2817,0.000000e+00
2818,0.000000e+00
2819,0.000000e+00
2820,0.000000e+00
2821,0.000000e+00
2822,0.000000e+00
2823,0.000000e+00
2824,0.000000e+00
2825,0.000000e+00
2826,0.000000e+00
2827,0.000000e+00
2828,0.000000e+00
2829,0.000000e+00
2830,0.000000e+00
2831,0.000000e+00
2832,0.000000e+00
2833,0.000000e+00
2834,0.000000e+00
2835,0.000000e+00
2836,0.000000e+00
2837,0.000000e+00
2838,0.000000e+00
2839,0.000000e+00
2840,0.000000e+00
2841,0.000000e+00
2842,0.000000e+00
2843,0.000000e+00
2844,0.000000e+00
2845,0.000000e+00
2846,0.000000e+00
2847,0.000000e+00
2848,0.000000e+00
2849,0.000000e+00
2850,0.000000e+00
2851,0.000000e+00
2852,0.000000e+00
2853,0.000000e+00
2854,0.000000e+00
2855,0.000000e+00
2856,0.000000e+00
2857,0.000000e+00
2858,0.000000e+00
2859,0.000000e+00
2860,0.000000e+00
2861,0.000000e+00
2862,0.000000e+00
2863,0.000000e+00
2864,0.000000e+00
2865,0.000000e+00
2866,0.000000e+00
2867,0.000000e+00
2868,0.000000e+00
2869,0.000000e+00
2870,0.000000e+00
2871,0.000000e+00
2872,0.000000e+00
2873,0.000000e+00
2874,0.000000e+00
2875,0.000000e+00
2876,0.000000e+00
2877,0.000000e+00
2878,0.000000e+00
2879,0.000000e+00
2880,0.000000e+00
2881,0.000000e+00
2882,0.000000e+00
2883,0.000000e+00
2884,0.000000e+00
2885,0.000000e+00
2886,0.000000e+00
2887,0.000000e+00
2888,0.000000e+00
2889,0.000000e+00
2890,0.000000e+00
2891,0.000000e+00
2892,0.000000e+00
2893,0.000000e+00
2894,0.000000e+00
2895,0.000000e+00
2896,0.000000e+00
2897,0.000000e+00
2898,0.000000e+00
2899,0.000000e+00
2900,0.000000e+00
2901,0.000000e+00
2902,0.000000e+00
2903,0.000000e+00
2904,0.000000e+00
2905,0.000000e+00
2906,0.000000e+00
2907,0.000000e+00
2908,0.000000e+00
2909,0.000000e+00
2910,0.000000e+00
2911,0.000000e+00
2912,0.000000e+00
2913,0.000000e+00
2914,0.000000e+00
2915,0.000000e+00
2916,0.000000e+00
2917,0.000000e+00
2918,0.000000e+00
2919,0.000000e+00
2920,0.000000e+00
2921,0.000000e+00
2922,0.000000e+00
2923,0.000000e+00
2924,0.000000e+00
2925,0.000000e+00
2926,0.000000e+00
2927,0.000000e+00
2928,0.000000e+00
2929,0.000000e+00
2930,0.000000e+00
2931,0.000000e+00
2932,0.000000e+00
2933,0.000000e+00
2934,0.000000e+00
2935,0.000000e+00
2936,0.000000e+00
2937,0.000000e+00
2938,0.000000e+00
2939,0.000000e+00
2940,0.000000e+00
2941,0.000000e+00
2942,0.000000e+00
2943,0.000000e+00
2944,0.000000e+00
2945,0.000000e+00
2946,0.000000e+00
2947,0.000000e+00
2948,0.000000e+00
2949,0.000000e+00
2950,0.000000e+00
2951,0.000000e+00
2952,0.000000e+00
2953,0.000000e+00
2954,0.000000e+00
2955,0.000000e+00
2956,0.000000e+00
2957,0.000000e+00
2958,0.000000e+00
2959,0.000000e+00
2960,0.000000e+00
2961,0.000000e+00
2962,0.000000e+00
2963,0.000000e+00
2964,0.000000e+00
2965,0.000000e+00
2966,0.000000e+00
2967,0.000000e+00
2968,0.000000e+00
2969,0.000000e+00
2970,0.000000e+00
2971,0.000000e+00
2972,0.000000e+00
2973,0.000000e+00
2974,0.000000e+00
2975,0.000000e+00
2976,0.000000e+00
2977,0.000000e+00
2978,0.000000e+00
2979,0.000000e+00
2980,0.000000e+00
2981,0.000000e+00
2982,0.000000e+00
2983,0.000000e+00
2984,0.000000e+00
2985,0.000000e+00
2986,0.000000e+00
2987,0.000000e+00
2988,0.000000e+00
2989,0.000000e+00
2990,0.000000e+00
2991,0.000000e+00
2992,0.000000e+00
2993,0.000000e+00
2994,0.000000e+00
2995,0.000000e+00
2996,0.000000e+00
2997,0.000000e+00
2998,0.000000e+00
2999,0.000000e+00
3000,0.000000e+00
3001,0.000000e+00
3002,0.000000e+00
3003,0.000000e+00
3004,0.000000e+00
3005,0.000000e+00
3006,0.000000e+00
3007,0.000000e+00
3008,0.000000e+00
3009,0.000000e+00
3010,0.000000e+00
3011,0.000000e+00
3012,0.000000e+00
3013,0.000000e+00
3014,0.000000e+00
3015,0.000000e+00
3016,0.000000e+00
3017,0.000000e+00
3018,0.000000e+00
3019,0.000000e+00
3020,0.000000e+00
3021,0.000000e+00
3022,0.000000e+00
3023,0.000000e+00
3024,0.000000e+00
3025,0.000000e+00
3026,0.000000e+00
3027,0.000000e+00
3028,0.000000e+00
3029,0.000000e+00
3030,0.000000e+00
3031,0.000000e+00
3032,0.000000e+00
3033,0.000000e+00
3034,0.000000e+00
3035,0.000000e+00
3036,0.000000e+00
3037,0.000000e+00
3038,0.000000e+00
3039,0.000000e+00
3040,0.000000e+00
3041,0.000000e+00
3042,0.000000e+00
3043,0.000000e+00
3044,0.000000e+00
3045,0.000000e+00
3046,0.000000e+00
3047,0.000000e+00
3048,0.000000e+00
3049,0.000000e+00
3050,0.000000e+00
3051,0.000000e+00
3052,0.000000e+00
3053,0.000000e+00
3054,0.000000e+00
3055,0.000000e+00
3056,0.000000e+00
3057,0.000000e+00
3058,0.000000e+00
3059,0.000000e+00
3060,0.000000e+00
3061,0.000000e+00
3062,0.000000e+00
3063,0.000000e+00
3064,0.000000e+00
3065,0.000000e+00
3066,0.000000e+00
3067,0.000000e+00
3068,0.000000e+00
3069,0.000000e+00
3070,0.000000e+00
3071,0.000000e+00
3072,0.000000e+00
3073,0.000000e+00
3074,0.000000e+00
3075,0.000000e+00
3076,0.000000e+00
3077,0.000000e+00
3078,0.000000e+00
3079,0.000000e+00
3080,0.000000e+00
3081,0.000000e+00
3082,0.000000e+00
3083,0.000000e+00
3084,0.000000e+00
3085,0.000000e+00
3086,0.000000e+00
3087,0.000000e+00
3088,0.000000e+00
3089,0.000000e+00
3090,0.000000e+00
3091,0.000000e+00
3092,0.000000e+00
3093,0.000000e+00
3094,0.000000e+00
3095,0.000000e+00
3096,0.000000e+00
3097,0.000000e+00
3098,0.000000e+00
3099,0.000000e+00
3100,0.000000e+00
3101,0.000000e+00
3102,0.000000e+00
3103,0.000000e+00
3104,0.000000e+00
3105,0.000000e+00
3106,0.000000e+00
3107,0.000000e+00
3108,0.000000e+00
3109,0.000000e+00
3110,0.000000e+00
3111,0.000000e+00
3112,0.000000e+00
3113,0.000000e+00
3114,0.000000e+00
3115,0.000000e+00
3116,0.000000e+00
3117,0.000000e+00
3118,0.000000e+00
3119,0.000000e+00
3120,0.000000e+00
3121,0.000000e+00
3122,0.000000e+00
3123,0.000000e+00
3124,0.000000e+00
3125,0.000000e+00
3126,0.000000e+00
3127,0.000000e+00
3128,0.000000e+00
3129,0.000000e+00
3130,0.000000e+00
3131,0.000000e+00
3132,0.000000e+00
3133,0.000000e+00
3134,0.000000e+00
3135,0.000000e+00
3136,0.000000e+00
3137,0.000000e+00
3138,0.000000e+00
3139,0.000000e+00
3140,0.000000e+00
3141,0.000000e+00
3142,0.000000e+00
3143,0.000000e+00
3144,0.000000e+00
3145,0.000000e+00
3146,0.000000e+00
3147,0.000000e+00
3148,0.000000e+00
3149,0.000000e+00
3150,0.000000e+00
3151,0.000000e+00
3152,0.000000e+00
3153,0.000000e+00
3154,0.000000e+00
3155,0.000000e+00
3156,0.000000e+00
3157,0.000000e+00
3158,0.000000e+00
3159,0.000000e+00
3160,0.000000e+00
3161,0.000000e+00
3162,0.000000e+00
3163,0.000000e+00
3164,0.000000e+00
3165,0.000000e+00
3166,0.000000e+00
3167,0.000000e+00
3168,0.000000e+00
3169,0.000000e+00
3170,0.000000e+00
3171,0.000000e+00
3172,0.000000e+00
3173,0.000000e+00
3174,0.000000e+00
3175,0.000000e+00
3176,0.000000e+00
3177,0.000000e+00
3178,0.000000e+00
3179,0.000000e+00
3180,0.000000e+00
3181,0.000000e+00
3182,0.000000e+00
3183,0.000000e+00
3184,0.000000e+00
3185,0.000000e+00
3186,0.000000e+00
3187,0.000000e+00
3188,0.000000e+00
3189,0.000000e+00
3190,0.000000e+00
3191,0.000000e+00
3192,0.000000e+00
3193,0.000000e+00
3194,0.000000e+00
3195,0.000000e+00
3196,0.000000e+00
3197,0.000000e+00
3198,0.000000e+00
3199,0.000000e+00
3200,0.000000e+00
3201,0.000000e+00
3202,0.000000e+00
3203,0.000000e+00
3204,0.000000e+00
3205,0.000000e+00
3206,0.000000e+00
3207,0.000000e+00
3208,0.000000e+00
3209,0.000000e+00
3210,0.000000e+00
3211,0.000000e+00
3212,0.000000e+00
3213,0.000000e+00
3214,0.000000e+00
3215,0.000000e+00
3216,0.000000e+00
3217,0.000000e+00
3218,0.000000e+00
3219,0.000000e+00
3220,0.000000e+00
3221,0.000000e+00
3222,0.000000e+00
3223,0.000000e+00
3224,0.000000e+00
3225,0.000000e+00
3226,0.000000e+00
3227,0.000000e+00
3228,0.000000e+00
3229,0.000000e+00
3230,0.000000e+00
3231,0.000000e+00
3232,0.000000e+00
3233,0.000000e+00
3234,0.000000e+00
3235,0.000000e+00
3236,0.000000e+00
3237,0.000000e+00
3238,0.000000e+00
3239,0.000000e+00
3240,0.000000e+00
3241,0.000000e+00
3242,0.000000e+00
3243,0.000000e+00
3244,0.000000e+00
3245,0.000000e+00
3246,0.000000e+00
3247,0.000000e+00
3248,0.000000e+00
3249,0.000000e+00
3250,0.000000e+00
3251,0.000000e+00
3252,0.000000e+00
3253,0.000000e+00
3254,0.000000e+00
3255,0.000000e+00
3256,0.000000e+00
3257,0.000000e+00
3258,0.000000e+00
3259,0.000000e+00
3260,0.000000e+00
3261,0.000000e+00
3262,0.000000e+00
3263,0.000000e+00
3264,0.000000e+00
3265,0.000000e+00
3266,0.000000e+00
3267,0.000000e+00
3268,0.000000e+00
3269,0.000000e+00
3270,0.000000e+00
3271,0.000000e+00
3272,0.000000e+00
3273,0.000000e+00
3274,0.000000e+00
3275,0.000000e+00
3276,0.000000e+00
3277,0.000000e+00
3278,0.000000e+00
3279,0.000000e+00
3280,0.000000e+00
3281,0.000000e+00
3282,0.000000e+00
3283,0.000000e+00
3284,0.000000e+00
3285,0.000000e+00
3286,0.000000e+00
3287,0.000000e+00
3288,0.000000e+00
3289,0.000000e+00
3290,0.000000e+00
3291,0.000000e+00
3292,0.000000e+00
3293,0.000000e+00
3294,0.000000e+00
3295,0.000000e+00
3296,0.000000e+00
3297,0.000000e+00
3298,0.000000e+00
3299,0.000000e+00
3300,0.000000e+00
3301,0.000000e+00
3302,0.000000e+00
3303,0.000000e+00
3304,0.000000e+00
3305,0.000000e+00
3306,0.000000e+00
3307,0.000000e+00
3308,0.000000e+00
3309,0.000000e+00
3310,0.000000e+00
3311,0.000000e+00
3312,0.000000e+00
3313,0.000000e+00
3314,0.000000e+00
3315,0.000000e+00
3316,0.000000e+00
3317,0.000000e+00
3318,0.000000e+00
3319,0.000000e+00
3320,0.000000e+00
3321,0.000000e+00
3322,0.000000e+00
3323,0.000000e+00
3324,0.000000e+00
3325,0.000000e+00
3326,0.000000e+00
3327,0.000000e+00
3328,0.000000e+00
3329,0.000000e+00
3330,0.000000e+00
3331,0.000000e+00
3332,0.000000e+00
3333,0.000000e+00
3334,0.000000e+00
3335,0.000000e+00
3336,0.000000e+00
3337,0.000000e+00
3338,0.000000e+00
3339,0.000000e+00
3340,0.000000e+00
3341,0.000000e+00
3342,0.000000e+00
3343,0.000000e+00
3344,0.000000e+00
3345,0.000000e+00
3346,0.000000e+00
3347,0.000000e+00
3348,0.000000e+00
3349,0.000000e+00
3350,0.000000e+00
3351,0.000000e+00
3352,0.000000e+00
3353,0.000000e+00
3354,0.000000e+00
3355,0.000000e+00
3356,0.000000e+00
3357,0.000000e+00
3358,0.000000e+00
3359,0.000000e+00
3360,0.000000e+00
3361,0.000000e+00
3362,0.000000e+00
3363,0.000000e+00
3364,0.000000e+00
3365,0.000000e+00
3366,0.000000e+00
3367,0.000000e+00
3368,0.000000e+00
3369,0.000000e+00
3370,0.000000e+00
3371,0.000000e+00
3372,0.000000e+00
3373,0.000000e+00
3374,0.000000e+00
3375,0.000000e+00
3376,0.000000e+00
3377,0.000000e+00
3378,0.000000e+00
3379,0.000000e+00
3380,0.000000e+00
3381,0.000000e+00
3382,0.000000e+00
3383,0.000000e+00
3384,0.000000e+00
3385,0.000000e+00
3386,0.000000e+00
3387,0.000000e+00
3388,0.000000e+00
3389,0.000000e+00
3390,0.000000e+00
3391,0.000000e+00
3392,0.000000e+00
3393,0.000000e+00
3394,0.000000e+00
3395,0.000000e+00
3396,0.000000e+00
3397,0.000000e+00
3398,0.000000e+00
3399,0.000000e+00
3400,0.000000e+00
3401,0.000000e+00
3402,0.000000e+00
3403,0.000000e+00
3404,0.000000e+00
3405,0.000000e+00
3406,0.000000e+00
3407,0.000000e+00
3408,0.000000e+00
3409,0.000000e+00
3410,0.000000e+00
3411,0.000000e+00
3412,0.000000e+00
3413,0.000000e+00
3414,0.000000e+00
3415,0.000000e+00
3416,0.000000e+00
3417,0.000000e+00
3418,0.000000e+00
3419,0.000000e+00
3420,0.000000e+00
3421,0.000000e+00
3422,0.000000e+00
3423,0.000000e+00
3424,0.000000e+00
3425,0.000000e+00
3426,0.000000e+00
3427,0.000000e+00
3428,0.000000e+00
3429,0.000000e+00
3430,0.000000e+00
3431,0.000000e+00
3432,0.000000e+00
3433,0.000000e+00
3434,0.000000e+00
3435,0.000000e+00
3436,0.000000e+00
3437,0.000000e+00
3438,0.000000e+00
3439,0.000000e+00
3440,0.000000e+00
3441,0.000000e+00
3442,0.000000e+00
3443,0.000000e+00
3444,0.000000e+00
3445,0.000000e+00
3446,0.000000e+00
3447,0.000000e+00
3448,0.000000e+00
3449,0.000000e+00
3450,0.000000e+00
3451,0.000000e+00
3452,0.000000e+00
3453,0.000000e+00
3454,0.000000e+00
3455,0.000000e+00
3456,0.000000e+00
3457,0.000000e+00
3458,0.000000e+00
3459,0.000000e+00
3460,0.000000e+00
3461,0.000000e+00
3462,0.000000e+00
3463,0.000000e+00
3464,0.000000e+00
3465,0.000000e+00
3466,0.000000e+00
3467,0.000000e+00
3468,0.000000e+00
3469,0.000000e+00
3470,0.000000e+00
3471,0.000000e+00
3472,0.000000e+00
3473,0.000000e+00
3474,0.000000e+00
3475,0.000000e+00
3476,0.000000e+00
3477,0.000000e+00
3478,0.000000e+00
3479,0.000000e+00
3480,0.000000e+00
3481,0.000000e+00
3482,0.000000e+00
3483,0.000000e+00
3484,0.000000e+00
3485,0.000000e+00
3486,0.000000e+00
3487,0.000000e+00
3488,0.000000e+00
3489,0.000000e+00
3490,0.000000e+00
3491,0.000000e+00
3492,0.000000e+00
3493,0.000000e+00
3494,0.000000e+00
3495,0.000000e+00
3496,0.000000e+00
3497,0.000000e+00
3498,0.000000e+00
3499,0.000000e+00
3500,0.000000e+00
3501,0.000000e+00
3502,0.000000e+00
3503,0.000000e+00
3504,0.000000e+00
3505,0.000000e+00
3506,0.000000e+00
3507,0.000000e+00
3508,0.000000e+00
3509,0.000000e+00
3510,0.000000e+00
3511,0.000000e+00
3512,0.000000e+00
3513,0.000000e+00
3514,0.000000e+00
3515,0.000000e+00
3516,0.000000e+00
3517,0.000000e+00
3518,0.000000e+00
3519,0.000000e+00
3520,0.000000e+00
3521,0.000000e+00
3522,0.000000e+00
3523,0.000000e+00
3524,0.000000e+00
3525,0.000000e+00
3526,0.000000e+00
3527,0.000000e+00
3528,0.000000e+00
3529,0.000000e+00
3530,0.000000e+00
3531,0.000000e+00
3532,0.000000e+00
3533,0.000000e+00
3534,0.000000e+00
3535,0.000000e+00
3536,0.000000e+00
3537,0.000000e+00
3538,0.000000e+00
3539,0.000000e+00
3540,0.000000e+00
3541,0.000000e+00
3542,0.000000e+00
3543,0.000000e+00
3544,0.000000e+00
3545,0.000000e+00
3546,0.000000e+00
3547,0.000000e+00
3548,0.000000e+00
3549,0.000000e+00
3550,0.000000e+00
3551,0.000000e+00
3552,0.000000e+00
3553,0.000000e+00
3554,0.000000e+00
3555,0.000000e+00
3556,0.000000e+00
3557,0.000000e+00
3558,0.000000e+00
3559,0.000000e+00
3560,0.000000e+00
3561,0.000000e+00
3562,0.000000e+00
3563,0.000000e+00
3564,0.000000e+00
3565,0.000000e+00
3566,0.000000e+00
3567,0.000000e+00
3568,0.000000e+00
3569,0.000000e+00
3570,0.000000e+00
3571,0.000000e+00
3572,0.000000e+00
3573,0.000000e+00
3574,0.000000e+00
3575,0.000000e+00
3576,0.000000e+00
3577,0.000000e+00
3578,0.000000e+00
3579,0.000000e+00
3580,0.000000e+00
3581,0.000000e+00
3582,0.000000e+00
3583,0.000000e+00
3584,0.000000e+00
3585,0.000000e+00
3586,0.000000e+00
3587,0.000000e+00
3588,0.000000e+00
3589,0.000000e+00
3590,0.000000e+00
3591,0.000000e+00
3592,0.000000e+00
3593,0.000000e+00
3594,0.000000e+00
3595,0.000000e+00
3596,0.000000e+00
3597,0.000000e+00
3598,0.000000e+00
3599,0.000000e+00
3600,0.000000e+00
3601,0.000000e+00
3602,0.000000e+00
3603,0.000000e+00
3604,0.000000e+00
3605,0.000000e+00
3606,0.000000e+00
3607,0.000000e+00
3608,0.000000e+00
3609,0.000000e+00
3610,0.000000e+00
3611,0.000000e+00
3612,0.000000e+00
3613,0.000000e+00
3614,0.000000e+00
3615,0.000000e+00
3616,0.000000e+00
3617,0.000000e+00
3618,0.000000e+00
3619,0.000000e+00
3620,0.000000e+00
3621,0.000000e+00
3622,0.000000e+00
3623,0.000000e+00
3624,0.000000e+00
3625,0.000000e+00
3626,0.000000e+00
3627,0.000000e+00
3628,0.000000e+00
3629,0.000000e+00
3630,0.000000e+00
3631,0.000000e+00
3632,0.000000e+00
3633,0.000000e+00
3634,0.000000e+00
3635,0.000000e+00
3636,0.000000e+00
3637,0.000000e+00
3638,0.000000e+00
3639,0.000000e+00
3640,0.000000e+00
3641,0.000000e+00
3642,0.000000e+00
3643,0.000000e+00
3644,0.000000e+00
3645,0.000000e+00
3646,0.000000e+00
3647,0.000000e+00
3648,0.000000e+00
3649,0.000000e+00
3650,0.000000e+00
3651,0.000000e+00
3652,0.000000e+00
3653,0.000000e+00
3654,0.000000e+00
3655,0.000000e+00
3656,0.000000e+00
3657,0.000000e+00
3658,0.000000e+00
3659,0.000000e+00
3660,0.000000e+00
3661,0.000000e+00
3662,0.000000e+00
3663,0.000000e+00
3664,0.000000e+00
3665,0.000000e+00
3666,0.000000e+00
3667,0.000000e+00
3668,0.000000e+00
3669,0.000000e+00
3670,0.000000e+00
3671,0.000000e+00
3672,0.000000e+00
3673,0.000000e+00
3674,0.000000e+00
3675,0.000000e+00
3676,0.000000e+00
3677,0.000000e+00
3678,0.000000e+00
3679,0.000000e+00
3680,0.000000e+00
3681,0.000000e+00
3682,0.000000e+00
3683,0.000000e+00
3684,0.000000e+00
3685,0.000000e+00
3686,0.000000e+00
3687,0.000000e+00
3688,0.000000e+00
3689,0.000000e+00
3690,0.000000e+00
3691,0.000000e+00
3692,0.000000e+00
3693,0.000000e+00
3694,0.000000e+00
3695,0.000000e+00
3696,0.000000e+00
3697,0.000000e+00
3698,0.000000e+00
3699,0.000000e+00
3700,0.000000e+00
3701,0.000000e+00
3702,0.000000e+00
3703,0.000000e+00
3704,0.000000e+00
3705,0.000000e+00
3706,0.000000e+00
3707,0.000000e+00
3708,0.000000e+00
3709,0.000000e+00
3710,0.000000e+00
3711,0.000000e+00
3712,0.000000e+00
3713,0.000000e+00
3714,0.000000e+00
3715,0.000000e+00
3716,0.000000e+00
3717,0.000000e+00
3718,0.000000e+00
3719,0.000000e+00
3720,0.000000e+00
3721,0.000000e+00
3722,0.000000e+00
3723,0.000000e+00
3724,0.000000e+00
3725,0.000000e+00
3726,0.000000e+00
3727,0.000000e+00
3728,0.000000e+00
3729,0.000000e+00
3730,0.000000e+00
3731,0.000000e+00
3732,0.000000e+00
3733,0.000000e+00
3734,0.000000e+00
3735,0.000000e+00
3736,0.000000e+00
3737,0.000000e+00
3738,0.000000e+00
3739,0.000000e+00
3740,0.000000e+00
3741,0.000000e+00
3742,0.000000e+00
3743,0.000000e+00
3744,0.000000e+00
3745,0.000000e+00
3746,0.000000e+00
3747,0.000000e+00
3748,0.000000e+00
3749,0.000000e+00
3750,0.000000e+00
3751,0.000000e+00
3752,0.000000e+00
3753,0.000000e+00
3754,0.000000e+00
3755,0.000000e+00
3756,0.000000e+00
3757,0.000000e+00
3758,0.000000e+00
3759,0.000000e+00
3760,0.000000e+00
3761,0.000000e+00
3762,0.000000e+00
3763,0.000000e+00
3764,0.000000e+00
3765,0.000000e+00
3766,0.000000e+00
3767,0.000000e+00
3768,0.000000e+00
3769,0.000000e+00
3770,0.000000e+00
3771,0.000000e+00
3772,0.000000e+00
3773,0.000000e+00
3774,0.000000e+00
3775,0.000000e+00
3776,0.000000e+00
3777,0.000000e+00
3778,0.000000e+00
3779,0.000000e+00
3780,0.000000e+00
3781,0.000000e+00
3782,0.000000e+00
3783,0.000000e+00
3784,0.000000e+00
3785,0.000000e+00
3786,0.000000e+00
3787,0.000000e+00
3788,0.000000e+00
3789,0.000000e+00
3790,0.000000e+00
3791,0.000000e+00
3792,0.000000e+00
3793,0.000000e+00
3794,0.000000e+00
3795,0.000000e+00
3796,0.000000e+00
3797,0.000000e+00
3798,0.000000e+00
3799,0.000000e+00
3800,0.000000e+00
3801,0.000000e+00
3802,0.000000e+00
3803,0.000000e+00
3804,0.000000e+00
3805,0.000000e+00
3806,0.000000e+00
3807,0.000000e+00
3808,0.000000e+00
3809,0.000000e+00
3810,0.000000e+00
3811,0.000000e+00
3812,0.000000e+00
3813,0.000000e+00
3814,0.000000e+00
3815,0.000000e+00
3816,0.000000e+00
3817,0.000000e+00
3818,0.000000e+00
3819,0.000000e+00
3820,0.000000e+00
3821,0.000000e+00
3822,0.000000e+00
3823,0.000000e+00
3824,0.000000e+00
3825,0.000000e+00
3826,0.000000e+00
3827,0.000000e+00
3828,0.000000e+00
3829,0.000000e+00
3830,0.000000e+00
3831,0.000000e+00
3832,0.000000e+00
3833,0.000000e+00
3834,0.000000e+00
3835,0.000000e+00
3836,0.000000e+00
3837,0.000000e+00
3838,0.000000e+00
3839,0.000000e+00
3840,0.000000e+00
3841,0.000000e+00
3842,0.000000e+00
3843,0.000000e+00
3844,0.000000e+00
3845,0.000000e+00
3846,0.000000e+00
3847,0.000000e+00
3848,0.000000e+00
3849,0.000000e+00
3850,0.000000e+00
3851,0.000000e+00
3852,0.000000e+00
3853,0.000000e+00
3854,0.000000e+00
3855,0.000000e+00
3856,0.000000e+00
3857,0.000000e+00
3858,0.000000e+00
3859,0.000000e+00
3860,0.000000e+00
3861,0.000000e+00
3862,0.000000e+00
3863,0.000000e+00
3864,0.000000e+00
3865,0.000000e+00
3866,0.000000e+00
3867,0.000000e+00
3868,0.000000e+00
3869,0.000000e+00
3870,0.000000e+00
3871,0.000000e+00
3872,0.000000e+00
3873,0.000000e+00
3874,0.000000e+00
3875,0.000000e+00
3876,0.000000e+00
3877,0.000000e+00
3878,0.000000e+00
3879,0.000000e+00
3880,0.000000e+00
3881,0.000000e+00
3882,0.000000e+00
3883,0.000000e+00
3884,0.000000e+00
3885,0.000000e+00
3886,0.000000e+00
3887,0.000000e+00
3888,0.000000e+00
3889,0.000000e+00
3890,0.000000e+00
3891,0.000000e+00
3892,0.000000e+00
3893,0.000000e+00
3894,0.000000e+00
3895,0.000000e+00
3896,0.000000e+00
3897,0.000000e+00
3898,0.000000e+00
3899,0.000000e+00
3900,0.000000e+00
3901,0.000000e+00
3902,0.000000e+00
3903,0.000000e+00
3904,0.000000e+00
3905,0.000000e+00
3906,0.000000e+00
3907,0.000000e+00
3908,0.000000e+00
3909,0.000000e+00
3910,0.000000e+00
3911,0.000000e+00
3912,0.000000e+00
3913,0.000000e+00
3914,0.000000e+00
3915,0.000000e+00
3916,0.000000e+00
3917,0.000000e+00
3918,0.000000e+00
3919,0.000000e+00
3920,0.000000e+00
3921,0.000000e+00
3922,0.000000e+00
3923,0.000000e+00
3924,0.000000e+00
3925,0.000000e+00
3926,0.000000e+00
3927,0.000000e+00
3928,0.000000e+00
3929,0.000000e+00
3930,0.000000e+00
3931,0.000000e+00
3932,0.000000e+00
3933,0.000000e+00
3934,0.000000e+00
3935,0.000000e+00
3936,0.000000e+00
3937,0.000000e+00
3938,0.000000e+00
3939,0.000000e+00
3940,0.000000e+00
3941,0.000000e+00
3942,0.000000e+00
3943,0.000000e+00
3944,0.000000e+00
3945,0.000000e+00
3946,0.000000e+00
3947,0.000000e+00
3948,0.000000e+00
3949,0.000000e+00
3950,0.000000e+00
3951,0.000000e+00
3952,0.000000e+00
3953,0.000000e+00
3954,0.000000e+00
3955,0.000000e+00
3956,0.000000e+00
3957,0.000000e+00
3958,0.000000e+00
3959,0.000000e+00
3960,0.000000e+00
3961,0.000000e+00
3962,0.000000e+00
3963,0.000000e+00
3964,0.000000e+00
3965,0.000000e+00
3966,0.000000e+00
3967,0.000000e+00
3968,0.000000e+00
3969,0.000000e+00
3970,0.000000e+00
3971,0.000000e+00
3972,0.000000e+00
3973,0.000000e+00
3974,0.000000e+00
3975,0.000000e+00
3976,0.000000e+00
3977,0.000000e+00
3978,0.000000e+00
3979,0.000000e+00
3980,0.000000e+00
3981,0.000000e+00
3982,0.000000e+00
3983,0.000000e+00
3984,0.000000e+00
3985,0.000000e+00
3986,0.000000e+00
3987,0.000000e+00
3988,0.000000e+00
3989,0.000000e+00
3990,0.000000e+00
3991,0.000000e+00
3992,0.000000e+00
3993,0.000000e+00
3994,0.000000e+00
3995,0.000000e+00
3996,0.000000e+00
3997,0.000000e+00
3998,0.000000e+00
3999,0.000000e+00
4000,0.000000e+00
4001,0.000000e+00
4002,0.000000e+00
4003,0.000000e+00
4004,0.000000e+00
4005,0.000000e+00
4006,0.000000e+00
4007,0.000000e+00
4008,0.000000e+00
4009,0.000000e+00
4010,0.000000e+00
4011,0.000000e+00
4012,0.000000e+00
4013,0.000000e+00
4014,0.000000e+00
4015,0.000000e+00
4016,0.000000e+00
4017,0.000000e+00
4018,0.000000e+00
4019,0.000000e+00
4020,0.000000e+00
4021,0.000000e+00
4022,0.000000e+00
4023,0.000000e+00
4024,0.000000e+00
4025,0.000000e+00
4026,0.000000e+00
4027,0.000000e+00
4028,0.000000e+00
4029,0.000000e+00
4030,0.000000e+00
4031,0.000000e+00
4032,0.000000e+00
4033,0.000000e+00
4034,0.000000e+00
4035,0.000000e+00
4036,0.000000e+00
4037,0.000000e+00
4038,0.000000e+00
4039,0.000000e+00
4040,0.000000e+00
4041,0.000000e+00
4042,0.000000e+00
4043,0.000000e+00
4044,0.000000e+00
4045,0.000000e+00
4046,0.000000e+00
4047,0.000000e+00
4048,0.000000e+00
4049,0.000000e+00
4050,0.000000e+00
4051,0.000000e+00
4052,0.000000e+00
4053,0.000000e+00
4054,0.000000e+00
4055,0.000000e+00
4056,0.000000e+00
4057,0.000000e+00
4058,0.000000e+00
4059,0.000000e+00
4060,0.000000e+00
4061,0.000000e+00
4062,0.000000e+00
4063,0.000000e+00
4064,0.000000e+00
4065,0.000000e+00
4066,0.000000e+00
4067,0.000000e+00
4068,0.000000e+00
4069,0.000000e+00
4070,0.000000e+00
4071,0.000000e+00
4072,0.000000e+00
4073,0.000000e+00
4074,0.000000e+00
4075,0.000000e+00
4076,0.000000e+00
4077,0.000000e+00
4078,0.000000e+00
4079,0.000000e+00
4080,0.000000e+00
4081,0.000000e+00
4082,0.000000e+00
4083,0.000000e+00
4084,0.000000e+00
4085,0.000000e+00
4086,0.000000e+00
4087,0.000000e+00
4088,0.000000e+00
4089,0.000000e+00
4090,0.000000e+00
4091,0.000000e+00
4092,0.000000e+00
4093,0.000000e+00
4094,0.000000e+00
4095,0.000000e+00
4096,0.000000e+00
4097,0.000000e+00
4098,0.000000e+00
4099,0.000000e+00
4100,0.000000e+00
4101,0.000000e+00
4102,0.000000e+00
4103,0.000000e+00
4104,0.000000e+00
4105,0.000000e+00
4106,0.000000e+00
4107,0.000000e+00
4108,0.000000e+00
4109,0.000000e+00
4110,0.000000e+00
4111,0.000000e+00
4112,0.000000e+00
4113,0.000000e+00
4114,0.000000e+00
4115,0.000000e+00
4116,0.000000e+00
4117,0.000000e+00
4118,0.000000e+00
4119,0.000000e+00
4120,0.000000e+00
4121,0.000000e+00
4122,0.000000e+00
4123,0.000000e+00
4124,0.000000e+00
4125,0.000000e+00
4126,0.000000e+00
4127,0.000000e+00
4128,0.000000e+00
4129,0.000000e+00
4130,0.000000e+00
4131,0.000000e+00
4132,0.000000e+00
4133,0.000000e+00
4134,0.000000e+00
4135,0.000000e+00
4136,0.000000e+00
4137,0.000000e+00
4138,0.000000e+00
4139,0.000000e+00
4140,0.000000e+00
4141,0.000000e+00
4142,0.000000e+00
4143,0.000000e+00
4144,0.000000e+00
4145,0.000000e+00
4146,0.000000e+00
4147,0.000000e+00
4148,0.000000e+00
4149,0.000000e+00
4150,0.000000e+00
4151,0.000000e+00
4152,0.000000e+00
4153,0.000000e+00
4154,0.000000e+00
4155,0.000000e+00
4156,0.000000e+00
4157,0.000000e+00
4158,0.000000e+00
4159,0.000000e+00
4160,0.000000e+00
4161,0.000000e+00
4162,0.000000e+00
4163,0.000000e+00
4164,0.000000e+00
4165,0.000000e+00
4166,0.000000e+00
4167,0.000000e+00
4168,0.000000e+00
4169,0.000000e+00
4170,0.000000e+00
4171,0.000000e+00
4172,0.000000e+00
4173,0.000000e+00
4174,0.000000e+00
4175,0.000000e+00
4176,0.000000e+00
4177,0.000000e+00
4178,0.000000e+00
4179,0.000000e+00
4180,0.000000e+00
4181,0.000000e+00
4182,0.000000e+00
4183,0.000000e+00
4184,0.000000e+00
4185,0.000000e+00
4186,0.000000e+00
4187,0.000000e+00
4188,0.000000e+00
4189,0.000000e+00
4190,0.000000e+00
4191,0.000000e+00
4192,0.000000e+00
4193,0.000000e+00
4194,0.000000e+00
4195,0.000000e+00
4196,0.000000e+00
4197,0.000000e+00
4198,0.000000e+00
4199,0.000000e+00
4200,0.000000e+00
4201,0.000000e+00
4202,0.000000e+00
4203,0.000000e+00
4204,0.000000e+00
4205,0.000000e+00
4206,0.000000e+00
4207,0.000000e+00
4208,0.000000e+00
4209,0.000000e+00
4210,0.000000e+00
4211,0.000000e+00
4212,0.000000e+00
4213,0.000000e+00
4214,0.000000e+00
4215,0.000000e+00
4216,0.000000e+00
4217,0.000000e+00
4218,0.000000e+00
4219,0.000000e+00
4220,0.000000e+00
4221,0.000000e+00
4222,0.000000e+00
4223,0.000000e+00
4224,0.000000e+00
4225,0.000000e+00
4226,0.000000e+00
4227,0.000000e+00
4228,0.000000e+00
4229,0.000000e+00
4230,0.000000e+00
4231,0.000000e+00
4232,0.000000e+00
4233,0.000000e+00
4234,0.000000e+00
4235,0.000000e+00
4236,0.000000e+00
4237,0.000000e+00
4238,0.000000e+00
4239,0.000000e+00
4240,0.000000e+00
4241,0.000000e+00
4242,0.000000e+00
4243,0.000000e+00
4244,0.000000e+00
4245,0.000000e+00
4246,0.000000e+00
4247,0.000000e+00
4248,0.000000e+00
4249,0.000000e+00
4250,0.000000e+00
4251,0.000000e+00
4252,0.000000e+00
4253,0.000000e+00
4254,0.000000e+00
4255,0.000000e+00
4256,0.000000e+00
4257,0.000000e+00
4258,0.000000e+00
4259,0.000000e+00
4260,0.000000e+00
4261,0.000000e+00
4262,0.000000e+00
4263,0.000000e+00
4264,0.000000e+00
4265,0.000000e+00
4266,0.000000e+00
4267,0.000000e+00
4268,0.000000e+00
4269,0.000000e+00
4270,0.000000e+00
4271,0.000000e+00
4272,0.000000e+00
4273,0.000000e+00
4274,0.000000e+00
4275,0.000000e+00
4276,0.000000e+00
4277,0.000000e+00
4278,0.000000e+00
4279,0.000000e+00
4280,0.000000e+00
4281,0.000000e+00
4282,0.000000e+00
4283,0.000000e+00
4284,0.000000e+00
4285,0.000000e+00
4286,0.000000e+00
4287,0.000000e+00
4288,0.000000e+00
4289,0.000000e+00
4290,0.000000e+00
4291,0.000000e+00
4292,0.000000e+00
4293,0.000000e+00
4294,0.000000e+00
4295,0.000000e+00
4296,0.000000e+00
4297,0.000000e+00
4298,0.000000e+00
4299,0.000000e+00
4300,0.000000e+00
4301,0.000000e+00
4302,0.000000e+00
4303,0.000000e+00
4304,0.000000e+00
4305,0.000000e+00
4306,0.000000e+00
4307,0.000000e+00
4308,0.000000e+00
4309,0.000000e+00
4310,0.000000e+00
4311,0.000000e+00
4312,0.000000e+00
4313,0.000000e+00
4314,0.000000e+00
4315,0.000000e+00
4316,0.000000e+00
4317,0.000000e+00
4318,0.000000e+00
4319,0.000000e+00
4320,0.000000e+00
4321,0.000000e+00
4322,0.000000e+00
4323,0.000000e+00
4324,0.000000e+00
4325,0.000000e+00
4326,0.000000e+00
4327,0.000000e+00
4328,0.000000e+00
4329,0.000000e+00
4330,0.000000e+00
4331,0.000000e+00
4332,0.000000e+00
4333,0.000000e+00
4334,0.000000e+00
4335,0.000000e+00
4336,0.000000e+00
4337,0.000000e+00
4338,0.000000e+00
4339,0.000000e+00
4340,0.000000e+00
4341,0.000000e+00
4342,0.000000e+00
4343,0.000000e+00
4344,0.000000e+00
4345,0.000000e+00
4346,0.000000e+00
4347,0.000000e+00
4348,0.000000e+00
4349,0.000000e+00
4350,0.000000e+00
4351,0.000000e+00
4352,0.000000e+00
4353,0.000000e+00
4354,0.000000e+00
4355,0.000000e+00
4356,0.000000e+00
4357,0.000000e+00
4358,0.000000e+00
4359,0.000000e+00
4360,0.000000e+00
4361,0.000000e+00
4362,0.000000e+00
4363,0.000000e+00
4364,0.000000e+00
4365,0.000000e+00
4366,0.000000e+00
4367,0.000000e+00
4368,0.000000e+00
4369,0.000000e+00
4370,0.000000e+00
4371,0.000000e+00
4372,0.000000e+00
4373,0.000000e+00
4374,0.000000e+00
4375,0.000000e+00
4376,0.000000e+00
4377,0.000000e+00
4378,0.000000e+00
4379,0.000000e+00
4380,0.000000e+00
4381,0.000000e+00
4382,0.000000e+00
4383,0.000000e+00
4384,0.000000e+00
4385,0.000000e+00
4386,0.000000e+00
4387,0.000000e+00
4388,0.000000e+00
4389,0.000000e+00
4390,0.000000e+00
4391,0.000000e+00
4392,0.000000e+00
4393,0.000000e+00
4394,0.000000e+00
4395,0.000000e+00
4396,0.000000e+00
4397,0.000000e+00
4398,0.000000e+00
4399,0.000000e+00
4400,0.000000e+00
4401,0.000000e+00
4402,0.000000e+00
4403,0.000000e+00
4404,0.000000e+00
4405,0.000000e+00
4406,0.000000e+00
4407,0.000000e+00
4408,0.000000e+00
4409,0.000000e+00
4410,0.000000e+00
4411,0.000000e+00
4412,0.000000e+00
4413,0.000000e+00
4414,0.000000e+00
4415,0.000000e+00
4416,0.000000e+00
4417,0.000000e+00
4418,0.000000e+00
4419,0.000000e+00
4420,0.000000e+00
4421,0.000000e+00
4422,0.000000e+00
4423,0.000000e+00
4424,0.000000e+00
4425,0.000000e+00
4426,0.000000e+00
4427,0.000000e+00
4428,0.000000e+00
4429,0.000000e+00
4430,0.000000e+00
4431,0.000000e+00
4432,0.000000e+00
4433,0.000000e+00
4434,0.000000e+00
4435,0.000000e+00
4436,0.000000e+00
4437,0.000000e+00
4438,0.000000e+00
4439,0.000000e+00
4440,0.000000e+00
4441,0.000000e+00
4442,0.000000e+00
4443,0.000000e+00
4444,0.000000e+00
4445,0.000000e+00
4446,0.000000e+00
4447,0.000000e+00
4448,0.000000e+00
4449,0.000000e+00
4450,0.000000e+00
4451,0.000000e+00
4452,0.000000e+00
4453,0.000000e+00
4454,0.000000e+00
4455,0.000000e+00
4456,0.000000e+00
4457,0.000000e+00
4458,0.000000e+00
4459,0.000000e+00
4460,0.000000e+00
4461,0.000000e+00
4462,0.000000e+00
4463,0.000000e+00
4464,0.000000e+00
4465,0.000000e+00
4466,0.000000e+00
4467,0.000000e+00
4468,0.000000e+00
4469,0.000000e+00
4470,0.000000e+00
4471,0.000000e+00
4472,0.000000e+00
4473,0.000000e+00
4474,0.000000e+00
4475,0.000000e+00
4476,0.000000e+00
4477,0.000000e+00
4478,0.000000e+00
4479,0.000000e+00
4480,0.000000e+00
4481,0.000000e+00
4482,0.000000e+00
4483,0.000000e+00
4484,0.000000e+00
4485,0.000000e+00
4486,0.000000e+00
4487,0.000000e+00
4488,0.000000e+00
4489,0.000000e+00
4490,0.000000e+00
4491,0.000000e+00
4492,0.000000e+00
4493,0.000000e+00
4494,0.000000e+00
4495,0.000000e+00
4496,0.000000e+00
4497,0.000000e+00
4498,0.000000e+00
4499,0.000000e+00
4500,0.000000e+00
4501,0.000000e+00
4502,0.000000e+00
4503,0.000000e+00
4504,0.000000e+00
4505,0.000000e+00
4506,0.000000e+00
4507,0.000000e+00
4508,0.000000e+00
4509,0.000000e+00
4510,0.000000e+00
4511,0.000000e+00
4512,0.000000e+00
4513,0.000000e+00
4514,0.000000e+00
4515,0.000000e+00
4516,0.000000e+00
4517,0.000000e+00
4518,0.000000e+00
4519,0.000000e+00
4520,0.000000e+00
4521,0.000000e+00
4522,0.000000e+00
4523,0.000000e+00
4524,0.000000e+00
4525,0.000000e+00
4526,0.000000e+00
4527,0.000000e+00
4528,0.000000e+00
4529,0.000000e+00
4530,0.000000e+00
4531,0.000000e+00
4532,0.000000e+00
4533,0.000000e+00
4534,0.000000e+00
4535,0.000000e+00
4536,0.000000e+00
4537,0.000000e+00
4538,0.000000e+00
4539,0.000000e+00
4540,0.000000e+00
4541,0.000000e+00
4542,0.000000e+00
4543,0.000000e+00
4544,0.000000e+00
4545,0.000000e+00
4546,0.000000e+00
4547,0.000000e+00
4548,0.000000e+00
4549,0.000000e+00
4550,0.000000e+00
4551,0.000000e+00
4552,0.000000e+00
4553,0.000000e+00
4554,0.000000e+00
4555,0.000000e+00
4556,0.000000e+00
4557,0.000000e+00
4558,0.000000e+00
4559,0.000000e+00
4560,0.000000e+00
4561,0.000000e+00
4562,0.000000e+00
4563,0.000000e+00
4564,0.000000e+00
4565,0.000000e+00
4566,0.000000e+00
4567,0.000000e+00
4568,0.000000e+00
4569,0.000000e+00
4570,0.000000e+00
4571,0.000000e+00
4572,0.000000e+00
4573,0.000000e+00
4574,0.000000e+00
4575,0.000000e+00
4576,0.000000e+00
4577,0.000000e+00
4578,0.000000e+00
4579,0.000000e+00
4580,0.000000e+00
4581,0.000000e+00
4582,0.000000e+00
4583,0.000000e+00
4584,0.000000e+00
4585,0.000000e+00
4586,0.000000e+00
4587,0.000000e+00
4588,0.000000e+00
4589,0.000000e+00
4590,0.000000e+00
4591,0.000000e+00
4592,0.000000e+00
4593,0.000000e+00
4594,0.000000e+00
4595,0.000000e+00
4596,0.000000e+00
4597,0.000000e+00
4598,0.000000e+00
4599,0.000000e+00
4600,0.000000e+00
4601,0.000000e+00
4602,0.000000e+00
4603,0.000000e+00
4604,0.000000e+00
4605,0.000000e+00
4606,0.000000e+00
4607,0.000000e+00
4608,0.000000e+00
4609,0.000000e+00
4610,0.000000e+00
4611,0.000000e+00
4612,0.000000e+00
4613,0.000000e+00
4614,0.000000e+00
4615,0.000000e+00
4616,0.000000e+00
4617,0.000000e+00
4618,0.000000e+00
4619,0.000000e+00
4620,0.000000e+00
4621,0.000000e+00
4622,0.000000e+00
4623,0.000000e+00
4624,0.000000e+00
4625,0.000000e+00
4626,0.000000e+00
4627,0.000000e+00
4628,0.000000e+00
4629,0.000000e+00
4630,0.000000e+00
4631,0.000000e+00
4632,0.000000e+00
4633,0.000000e+00
4634,0.000000e+00
4635,0.000000e+00
4636,0.000000e+00
4637,0.000000e+00
4638,0.000000e+00
4639,0.000000e+00
4640,0.000000e+00
4641,0.000000e+00
4642,0.000000e+00
4643,0.000000e+00
4644,0.000000e+00
4645,0.000000e+00
4646,0.000000e+00
4647,0.000000e+00
4648,0.000000e+00
4649,0.000000e+00
4650,0.000000e+00
4651,0.000000e+00
4652,0.000000e+00
4653,0.000000e+00
4654,0.000000e+00
4655,0.000000e+00
4656,0.000000e+00
4657,0.000000e+00
4658,0.000000e+00
4659,0.000000e+00
4660,0.000000e+00
4661,0.000000e+00
4662,0.000000e+00
4663,0.000000e+00
4664,0.000000e+00
4665,0.000000e+00
4666,0.000000e+00
4667,0.000000e+00
4668,0.000000e+00
4669,0.000000e+00
4670,0.000000e+00
4671,0.000000e+00
4672,0.000000e+00
4673,0.000000e+00
4674,0.000000e+00
4675,0.000000e+00
4676,0.000000e+00
4677,0.000000e+00
4678,0.000000e+00
4679,0.000000e+00
4680,0.000000e+00
4681,0.000000e+00
4682,0.000000e+00
4683,0.000000e+00
4684,0.000000e+00
4685,0.000000e+00
4686,0.000000e+00
4687,0.000000e+00
4688,0.000000e+00
4689,0.000000e+00
4690,0.000000e+00
4691,0.000000e+00
4692,0.000000e+00
4693,0.000000e+00
4694,0.000000e+00
4695,0.000000e+00
4696,0.000000e+00
4697,0.000000e+00
4698,0.000000e+00
4699,0.000000e+00
4700,0.000000e+00
4701,0.000000e+00
4702,0.000000e+00
4703,0.000000e+00
4704,0.000000e+00
4705,0.000000e+00
4706,0.000000e+00
4707,0.000000e+00
4708,0.000000e+00
4709,0.000000e+00
4710,0.000000e+00
4711,0.000000e+00
4712,0.000000e+00
4713,0.000000e+00
4714,0.000000e+00
4715,0.000000e+00
4716,0.000000e+00
4717,0.000000e+00
4718,0.000000e+00
4719,0.000000e+00
4720,0.000000e+00
4721,0.000000e+00
4722,0.000000e+00
4723,0.000000e+00
4724,0.000000e+00
4725,0.000000e+00
4726,0.000000e+00
4727,0.000000e+00
4728,0.000000e+00
4729,0.000000e+00
4730,0.000000e+00
4731,0.000000e+00
4732,0.000000e+00
4733,0.000000e+00
4734,0.000000e+00
4735,0.000000e+00
4736,0.000000e+00
4737,0.000000e+00
4738,0.000000e+00
4739,0.000000e+00
4740,0.000000e+00
4741,0.000000e+00
4742,0.000000e+00
4743,0.000000e+00
4744,0.000000e+00
4745,0.000000e+00
4746,0.000000e+00
4747,0.000000e+00
4748,0.000000e+00
4749,0.000000e+00
4750,0.000000e+00
4751,0.000000e+00
4752,0.000000e+00
4753,0.000000e+00
4754,0.000000e+00
4755,0.000000e+00
4756,0.000000e+00
4757,0.000000e+00
4758,0.000000e+00
4759,0.000000e+00
4760,0.000000e+00
4761,0.000000e+00
4762,0.000000e+00
4763,0.000000e+00
4764,0.000000e+00
4765,0.000000e+00
4766,0.000000e+00
4767,0.000000e+00
4768,0.000000e+00
4769,0.000000e+00
4770,0.000000e+00
4771,0.000000e+00
4772,0.000000e+00
4773,0.000000e+00
4774,0.000000e+00
4775,0.000000e+00
4776,0.000000e+00
4777,0.000000e+00
4778,0.000000e+00
4779,0.000000e+00
4780,0.000000e+00
4781,0.000000e+00
4782,0.000000e+00
4783,0.000000e+00
4784,0.000000e+00
4785,0.000000e+00
4786,0.000000e+00
4787,0.000000e+00
4788,0.000000e+00
4789,0.000000e+00
4790,0.000000e+00
4791,0.000000e+00
4792,0.000000e+00
4793,0.000000e+00
4794,0.000000e+00
4795,0.000000e+00
4796,0.000000e+00
4797,0.000000e+00
4798,0.000000e+00
4799,0.000000e+00
4800,0.000000e+00
4801,0.000000e+00
4802,0.000000e+00
4803,0.000000e+00
4804,0.000000e+00
4805,0.000000e+00
4806,0.000000e+00
4807,0.000000e+00
4808,0.000000e+00
4809,0.000000e+00
4810,0.000000e+00
4811,0.000000e+00
4812,0.000000e+00
4813,0.000000e+00
4814,0.000000e+00
4815,0.000000e+00
4816,0.000000e+00
4817,0.000000e+00
4818,0.000000e+00
4819,0.000000e+00
4820,0.000000e+00
4821,0.000000e+00
4822,0.000000e+00
4823,0.000000e+00
4824,0.000000e+00
4825,0.000000e+00
4826,0.000000e+00
4827,0.000000e+00
4828,0.000000e+00
4829,0.000000e+00
4830,0.000000e+00
4831,0.000000e+00
4832,0.000000e+00
4833,0.000000e+00
4834,0.000000e+00
4835,0.000000e+00
4836,0.000000e+00
4837,0.000000e+00
4838,0.000000e+00
4839,0.000000e+00
4840,0.000000e+00
4841,0.000000e+00
4842,0.000000e+00
4843,0.000000e+00
4844,0.000000e+00
4845,0.000000e+00
4846,0.000000e+00
4847,0.000000e+00
4848,0.000000e+00
4849,0.000000e+00
4850,0.000000e+00
4851,0.000000e+00
4852,0.000000e+00
4853,0.000000e+00
4854,0.000000e+00
4855,0.000000e+00
4856,0.000000e+00
4857,0.000000e+00
4858,0.000000e+00
4859,0.000000e+00
4860,0.000000e+00
4861,0.000000e+00
4862,0.000000e+00
4863,0.000000e+00
4864,0.000000e+00
4865,0.000000e+00
4866,0.000000e+00
4867,0.000000e+00
4868,0.000000e+00
4869,0.000000e+00
4870,0.000000e+00
4871,0.000000e+00
4872,0.000000e+00
4873,0.000000e+00
4874,0.000000e+00
4875,0.000000e+00
4876,0.000000e+00
4877,0.000000e+00
4878,0.000000e+00
4879,0.000000e+00
4880,0.000000e+00
4881,0.000000e+00
4882,0.000000e+00
4883,0.000000e+00
4884,0.000000e+00
4885,0.000000e+00
4886,0.000000e+00
4887,0.000000e+00
4888,0.000000e+00
4889,0.000000e+00
4890,0.000000e+00
4891,0.000000e+00
4892,0.000000e+00
4893,0.000000e+00
4894,0.000000e+00
4895,0.000000e+00
4896,0.000000e+00
4897,0.000000e+00
4898,0.000000e+00
4899,0.000000e+00
4900,0.000000e+00
4901,0.000000e+00
4902,0.000000e+00
4903,0.000000e+00
4904,0.000000e+00
4905,0.000000e+00
4906,0.000000e+00
4907,0.000000e+00
4908,0.000000e+00
4909,0.000000e+00
4910,0.000000e+00
4911,0.000000e+00
4912,0.000000e+00
4913,0.000000e+00
4914,0.000000e+00
4915,0.000000e+00
4916,0.000000e+00
4917,0.000000e+00
4918,0.000000e+00
4919,0.000000e+00
4920,0.000000e+00
4921,0.000000e+00
4922,0.000000e+00
4923,0.000000e+00
4924,0.000000e+00
4925,0.000000e+00
4926,0.000000e+00
4927,0.000000e+00
4928,0.000000e+00
4929,0.000000e+00
4930,0.000000e+00
4931,0.000000e+00
4932,0.000000e+00
4933,0.000000e+00
4934,0.000000e+00
4935,0.000000e+00
4936,0.000000e+00
4937,0.000000e+00
4938,0.000000e+00
4939,0.000000e+00
4940,0.000000e+00
4941,0.000000e+00
4942,0.000000e+00
4943,0.000000e+00
4944,0.000000e+00
4945,0.000000e+00
4946,0.000000e+00
4947,0.000000e+00
4948,0.000000e+00
4949,0.000000e+00
4950,0.000000e+00
4951,0.000000e+00
4952,0.000000e+00
4953,0.000000e+00
4954,0.000000e+00
4955,0.000000e+00
4956,0.000000e+00
4957,0.000000e+00
4958,0.000000e+00
4959,0.000000e+00
4960,0.000000e+00
4961,0.000000e+00
4962,0.000000e+00
4963,0.000000e+00
4964,0.000000e+00
4965,0.000000e+00
4966,0.000000e+00
4967,0.000000e+00
4968,0.000000e+00
4969,0.000000e+00
4970,0.000000e+00
4971,0.000000e+00
4972,0.000000e+00
4973,0.000000e+00
4974,0.000000e+00
4975,0.000000e+00
4976,0.000000e+00
4977,0.000000e+00
4978,0.000000e+00
4979,0.000000e+00
4980,0.000000e+00
4981,0.000000e+00
4982,0.000000e+00
4983,0.000000e+00
4984,0.000000e+00
4985,0.000000e+00
4986,0.000000e+00
4987,0.000000e+00
4988,0.000000e+00
4989,0.000000e+00
4990,0.000000e+00
4991,0.000000e+00
4992,0.000000e+00
4993,0.000000e+00
4994,0.000000e+00
4995,0.000000e+00
4996,0.000000e+00
4997,0.000000e+00
4998,0.000000e+00
4999,0.000000e+00
5000,0.000000e+00
5001,0.000000e+00
5002,0.000000e+00
5003,0.000000e+00
5004,0.000000e+00
5005,0.000000e+00
5006,0.000000e+00
5007,0.000000e+00
5008,0.000000e+00
5009,0.000000e+00
5010,0.000000e+00
5011,0.000000e+00
5012,0.000000e+00
5013,0.000000e+00
5014,0.000000e+00
5015,0.000000e+00
5016,0.000000e+00
5017,0.000000e+00
5018,0.000000e+00
5019,0.000000e+00
5020,0.000000e+00
5021,0.000000e+00
5022,0.000000e+00
5023,0.000000e+00
5024,0.000000e+00
5025,0.000000e+00
5026,0.000000e+00
5027,0.000000e+00
5028,0.000000e+00
5029,0.000000e+00
5030,0.000000e+00
5031,0.000000e+00
5032,0.000000e+00
5033,0.000000e+00
5034,0.000000e+00
5035,0.000000e+00
5036,0.000000e+00
5037,0.000000e+00
5038,0.000000e+00
5039,0.000000e+00
5040,0.000000e+00
5041,0.000000e+00
5042,0.000000e+00
5043,0.000000e+00
5044,0.000000e+00
5045,0.000000e+00
5046,0.000000e+00
5047,0.000000e+00
5048,0.000000e+00
5049,0.000000e+00
5050,0.000000e+00
5051,0.000000e+00
5052,0.000000e+00
5053,0.000000e+00
5054,0.000000e+00
5055,0.000000e+00
5056,0.000000e+00
5057,0.000000e+00
5058,0.000000e+00
5059,0.000000e+00
5060,0.000000e+00
5061,0.000000e+00
5062,0.000000e+00
5063,0.000000e+00
5064,0.000000e+00
5065,0.000000e+00
5066,0.000000e+00
5067,0.000000e+00
5068,0.000000e+00
5069,0.000000e+00
5070,0.000000e+00
5071,0.000000e+00
5072,0.000000e+00
5073,0.000000e+00
5074,0.000000e+00
5075,0.000000e+00
5076,0.000000e+00
5077,0.000000e+00
5078,0.000000e+00
5079,0.000000e+00
5080,0.000000e+00
5081,0.000000e+00
5082,0.000000e+00
5083,0.000000e+00
5084,0.000000e+00
5085,0.000000e+00
5086,0.000000e+00
5087,0.000000e+00
5088,0.000000e+00
5089,0.000000e+00
5090,0.000000e+00
5091,0.000000e+00
5092,0.000000e+00
5093,0.000000e+00
5094,0.000000e+00
5095,0.000000e+00
5096,0.000000e+00
5097,0.000000e+00
5098,0.000000e+00
5099,0.000000e+00
5100,0.000000e+00
5101,0.000000e+00
5102,0.000000e+00
5103,0.000000e+00
5104,0.000000e+00
5105,0.000000e+00
5106,0.000000e+00
5107,0.000000e+00
5108,0.000000e+00
5109,0.000000e+00
5110,0.000000e+00
5111,0.000000e+00
5112,0.000000e+00
5113,0.000000e+00
5114,0.000000e+00
5115,0.000000e+00
5116,0.000000e+00
5117,0.000000e+00
5118,0.000000e+00
5119,0.000000e+00
5120,0.000000e+00
5121,0.000000e+00
5122,0.000000e+00
5123,0.000000e+00
5124,0.000000e+00
5125,0.000000e+00
5126,0.000000e+00
5127,0.000000e+00
5128,0.000000e+00
5129,0.000000e+00
5130,0.000000e+00
5131,0.000000e+00
5132,0.000000e+00
5133,0.000000e+00
5134,0.000000e+00
5135,0.000000e+00
5136,0.000000e+00
5137,0.000000e+00
5138,0.000000e+00
5139,0.000000e+00
5140,0.000000e+00
5141,0.000000e+00
5142,0.000000e+00
5143,0.000000e+00
5144,0.000000e+00
5145,0.000000e+00
5146,0.000000e+00
5147,0.000000e+00
5148,0.000000e+00
5149,0.000000e+00
5150,0.000000e+00
5151,0.000000e+00
5152,0.000000e+00
5153,0.000000e+00
5154,0.000000e+00
5155,0.000000e+00
5156,0.000000e+00
5157,0.000000e+00
5158,0.000000e+00
5159,0.000000e+00
5160,0.000000e+00
5161,0.000000e+00
5162,0.000000e+00
5163,0.000000e+00
5164,0.000000e+00
5165,0.000000e+00
5166,0.000000e+00
5167,0.000000e+00
5168,0.000000e+00
5169,0.000000e+00
5170,0.000000e+00
5171,0.000000e+00
5172,0.000000e+00
5173,0.000000e+00
5174,0.000000e+00
5175,0.000000e+00
5176,0.000000e+00
5177,0.000000e+00
5178,0.000000e+00
5179,0.000000e+00
5180,0.000000e+00
5181,0.000000e+00
5182,0.000000e+00
5183,0.000000e+00
5184,0.000000e+00
5185,0.000000e+00
5186,0.000000e+00
5187,0.000000e+00
5188,0.000000e+00
5189,0.000000e+00
5190,0.000000e+00
5191,0.000000e+00
5192,0.000000e+00
5193,0.000000e+00
5194,0.000000e+00
5195,0.000000e+00
5196,0.000000e+00
5197,0.000000e+00
5198,0.000000e+00
5199,0.000000e+00
5200,0.000000e+00
5201,0.000000e+00
5202,0.000000e+00
5203,0.000000e+00
5204,0.000000e+00
5205,0.000000e+00
5206,0.000000e+00
5207,0.000000e+00
5208,0.000000e+00
5209,0.000000e+00
5210,0.000000e+00
5211,0.000000e+00
5212,0.000000e+00
5213,0.000000e+00
5214,0.000000e+00
5215,0.000000e+00
5216,0.000000e+00
5217,0.000000e+00
5218,0.000000e+00
5219,0.000000e+00
5220,0.000000e+00
5221,0.000000e+00
5222,0.000000e+00
5223,0.000000e+00
5224,0.000000e+00
5225,0.000000e+00
5226,0.000000e+00
5227,0.000000e+00
5228,0.000000e+00
5229,0.000000e+00
5230,0.000000e+00
5231,0.000000e+00
5232,0.000000e+00
5233,0.000000e+00
5234,0.000000e+00
5235,0.000000e+00
5236,0.000000e+00
5237,0.000000e+00
5238,0.000000e+00
5239,0.000000e+00
5240,0.000000e+00
5241,0.000000e+00
5242,0.000000e+00
5243,0.000000e+00
5244,0.000000e+00
5245,0.000000e+00
5246,0.000000e+00
5247,0.000000e+00
5248,0.000000e+00
5249,0.000000e+00
5250,0.000000e+00
5251,0.000000e+00
5252,0.000000e+00
5253,0.000000e+00
5254,0.000000e+00
5255,0.000000e+00
5256,0.000000e+00
5257,0.000000e+00
5258,0.000000e+00
5259,0.000000e+00
5260,0.000000e+00
5261,0.000000e+00
5262,0.000000e+00
5263,0.000000e+00
5264,0.000000e+00
5265,0.000000e+00
5266,0.000000e+00
5267,0.000000e+00
5268,0.000000e+00
5269,0.000000e+00
5270,0.000000e+00
5271,0.000000e+00
5272,0.000000e+00
5273,0.000000e+00
5274,0.000000e+00
5275,0.000000e+00
5276,0.000000e+00
5277,0.000000e+00
5278,0.000000e+00
5279,0.000000e+00
5280,0.000000e+00
5281,0.000000e+00
5282,0.000000e+00
5283,0.000000e+00
5284,0.000000e+00
5285,0.000000e+00
5286,0.000000e+00
5287,0.000000e+00
5288,0.000000e+00
5289,0.000000e+00
5290,0.000000e+00
5291,0.000000e+00
5292,0.000000e+00
5293,0.000000e+00
5294,0.000000e+00
5295,0.000000e+00
5296,0.000000e+00
5297,0.000000e+00
5298,0.000000e+00
5299,0.000000e+00
5300,0.000000e+00
5301,0.000000e+00
5302,0.000000e+00
5303,0.000000e+00
5304,0.000000e+00
5305,0.000000e+00
5306,0.000000e+00
5307,0.000000e+00
5308,0.000000e+00
5309,0.000000e+00
5310,0.000000e+00
5311,0.000000e+00
5312,0.000000e+00
5313,0.000000e+00
5314,0.000000e+00
5315,0.000000e+00
5316,0.000000e+00
5317,0.000000e+00
5318,0.000000e+00
5319,0.000000e+00
5320,0.000000e+00
5321,0.000000e+00
5322,0.000000e+00
5323,0.000000e+00
5324,0.000000e+00
5325,0.000000e+00
5326,0.000000e+00
5327,0.000000e+00
5328,0.000000e+00
5329,0.000000e+00
5330,0.000000e+00
5331,0.000000e+00
5332,0.000000e+00
5333,0.000000e+00
5334,0.000000e+00
5335,0.000000e+00
5336,0.000000e+00
5337,0.000000e+00
5338,0.000000e+00
5339,0.000000e+00
5340,0.000000e+00
5341,0.000000e+00
5342,0.000000e+00
5343,0.000000e+00
5344,0.000000e+00
5345,0.000000e+00
5346,0.000000e+00
5347,0.000000e+00
5348,0.000000e+00
5349,0.000000e+00
5350,0.000000e+00
5351,0.000000e+00
5352,0.000000e+00
5353,0.000000e+00
5354,0.000000e+00
5355,0.000000e+00
5356,0.000000e+00
5357,0.000000e+00
5358,0.000000e+00
5359,0.000000e+00
5360,0.000000e+00
5361,0.000000e+00
5362,0.000000e+00
5363,0.000000e+00
5364,0.000000e+00
5365,0.000000e+00
5366,0.000000e+00
5367,0.000000e+00
5368,0.000000e+00
5369,0.000000e+00
5370,0.000000e+00
5371,0.000000e+00
5372,0.000000e+00
5373,0.000000e+00
5374,0.000000e+00
5375,0.000000e+00
5376,0.000000e+00
5377,0.000000e+00
5378,0.000000e+00
5379,0.000000e+00
5380,0.000000e+00
5381,0.000000e+00
5382,0.000000e+00
5383,0.000000e+00
5384,0.000000e+00
5385,0.000000e+00
5386,0.000000e+00
5387,0.000000e+00
5388,0.000000e+00
5389,0.000000e+00
5390,0.000000e+00
5391,0.000000e+00
5392,0.000000e+00
5393,0.000000e+00
5394,0.000000e+00
5395,0.000000e+00
5396,0.000000e+00
5397,0.000000e+00
5398,0.000000e+00
5399,0.000000e+00
5400,0.000000e+00
5401,0.000000e+00
5402,0.000000e+00
5403,0.000000e+00
5404,0.000000e+00
5405,0.000000e+00
5406,0.000000e+00
5407,0.000000e+00
5408,0.000000e+00
5409,0.000000e+00
5410,0.000000e+00
5411,0.000000e+00
5412,0.000000e+00
5413,0.000000e+00
5414,0.000000e+00
5415,0.000000e+00
5416,0.000000e+00
5417,0.000000e+00
5418,0.000000e+00
5419,0.000000e+00
5420,0.000000e+00
5421,0.000000e+00
5422,0.000000e+00
5423,0.000000e+00
5424,0.000000e+00
5425,0.000000e+00
5426,0.000000e+00
5427,0.000000e+00
5428,0.000000e+00
5429,0.000000e+00
5430,0.000000e+00
5431,0.000000e+00
5432,0.000000e+00
5433,0.000000e+00
5434,0.000000e+00
5435,0.000000e+00
5436,0.000000e+00
5437,0.000000e+00
5438,0.000000e+00
5439,0.000000e+00
5440,0.000000e+00
5441,0.000000e+00
5442,0.000000e+00
5443,0.000000e+00
5444,0.000000e+00
5445,0.000000e+00
5446,0.000000e+00
5447,0.000000e+00
5448,0.000000e+00
5449,0.000000e+00
5450,0.000000e+00
5451,0.000000e+00
5452,0.000000e+00
5453,0.000000e+00
5454,0.000000e+00
5455,0.000000e+00
5456,0.000000e+00
5457,0.000000e+00
5458,0.000000e+00
5459,0.000000e+00
5460,0.000000e+00
5461,0.000000e+00
5462,0.000000e+00
5463,0.000000e+00
5464,0.000000e+00
5465,0.000000e+00
5466,0.000000e+00
5467,0.000000e+00
5468,0.000000e+00
5469,0.000000e+00
5470,0.000000e+00
5471,0.000000e+00
5472,0.000000e+00
5473,0.000000e+00
5474,0.000000e+00
5475,0.000000e+00
5476,0.000000e+00
5477,0.000000e+00
5478,0.000000e+00
5479,0.000000e+00
5480,0.000000e+00
5481,0.000000e+00
5482,0.000000e+00
5483,0.000000e+00
5484,0.000000e+00
5485,0.000000e+00
5486,0.000000e+00
5487,0.000000e+00
5488,0.000000e+00
5489,0.000000e+00
5490,0.000000e+00
5491,0.000000e+00
5492,0.000000e+00
5493,0.000000e+00
5494,0.000000e+00
5495,0.000000e+00
5496,0.000000e+00
5497,0.000000e+00
5498,0.000000e+00
5499,0.000000e+00
5500,0.000000e+00
5501,0.000000e+00
5502,0.000000e+00
5503,0.000000e+00
5504,0.000000e+00
5505,0.000000e+00
5506,0.000000e+00
5507,0.000000e+00
5508,0.000000e+00
5509,0.000000e+00
5510,0.000000e+00
5511,0.000000e+00
5512,0.000000e+00
5513,0.000000e+00
5514,0.000000e+00
5515,0.000000e+00
5516,0.000000e+00
5517,0.000000e+00
5518,0.000000e+00
5519,0.000000e+00
5520,0.000000e+00
5521,0.000000e+00
5522,0.000000e+00
5523,0.000000e+00
5524,0.000000e+00
5525,0.000000e+00
5526,0.000000e+00
5527,0.000000e+00
5528,0.000000e+00
5529,0.000000e+00
5530,0.000000e+00
5531,0.000000e+00
5532,0.000000e+00
5533,0.000000e+00
5534,0.000000e+00
5535,0.000000e+00
5536,0.000000e+00
5537,0.000000e+00
5538,0.000000e+00
5539,0.000000e+00
5540,0.000000e+00
5541,0.000000e+00
5542,0.000000e+00
5543,0.000000e+00
5544,0.000000e+00
5545,0.000000e+00
5546,0.000000e+00
5547,0.000000e+00
5548,0.000000e+00
5549,0.000000e+00
5550,0.000000e+00
5551,0.000000e+00
5552,0.000000e+00
5553,0.000000e+00
5554,0.000000e+00
5555,0.000000e+00
5556,0.000000e+00
5557,0.000000e+00
5558,0.000000e+00
5559,0.000000e+00
5560,0.000000e+00
5561,0.000000e+00
5562,0.000000e+00
5563,0.000000e+00
5564,0.000000e+00
5565,0.000000e+00
5566,0.000000e+00
5567,0.000000e+00
5568,0.000000e+00
5569,0.000000e+00
5570,0.000000e+00
5571,0.000000e+00
5572,0.000000e+00
5573,0.000000e+00
5574,0.000000e+00
5575,0.000000e+00
5576,0.000000e+00
5577,0.000000e+00
5578,0.000000e+00
5579,0.000000e+00
5580,0.000000e+00
5581,0.000000e+00
5582,0.000000e+00
5583,0.000000e+00
5584,0.000000e+00
5585,0.000000e+00
5586,0.000000e+00
5587,0.000000e+00
5588,0.000000e+00
5589,0.000000e+00
5590,0.000000e+00
5591,0.000000e+00
5592,0.000000e+00
5593,0.000000e+00
5594,0.000000e+00
5595,0.000000e+00
5596,0.000000e+00
5597,0.000000e+00
5598,0.000000e+00
5599,0.000000e+00
5600,0.000000e+00
5601,0.000000e+00
5602,0.000000e+00
5603,0.000000e+00
5604,0.000000e+00
5605,0.000000e+00
5606,0.000000e+00
5607,0.000000e+00
5608,0.000000e+00
5609,0.000000e+00
5610,0.000000e+00
5611,0.000000e+00
5612,0.000000e+00
5613,0.000000e+00
5614,0.000000e+00
5615,0.000000e+00
5616,0.000000e+00
5617,0.000000e+00
5618,0.000000e+00
5619,0.000000e+00
5620,0.000000e+00
5621,0.000000e+00
5622,0.000000e+00
5623,0.000000e+00
5624,0.000000e+00
5625,0.000000e+00
5626,0.000000e+00
5627,0.000000e+00
5628,0.000000e+00
5629,0.000000e+00
5630,0.000000e+00
5631,0.000000e+00
5632,0.000000e+00
5633,0.000000e+00
5634,0.000000e+00
5635,0.000000e+00
5636,0.000000e+00
5637,0.000000e+00
5638,0.000000e+00
5639,0.000000e+00
5640,0.000000e+00
5641,0.000000e+00
5642,0.000000e+00
5643,0.000000e+00
5644,0.000000e+00
5645,0.000000e+00
5646,0.000000e+00
5647,0.000000e+00
5648,0.000000e+00
5649,0.000000e+00
5650,0.000000e+00
5651,0.000000e+00
5652,0.000000e+00
5653,0.000000e+00
5654,0.000000e+00
5655,0.000000e+00
5656,0.000000e+00
5657,0.000000e+00
5658,0.000000e+00
5659,0.000000e+00
5660,0.000000e+00
5661,0.000000e+00
5662,0.000000e+00
5663,0.000000e+00
5664,0.000000e+00
5665,0.000000e+00
5666,0.000000e+00
5667,0.000000e+00
5668,0.000000e+00
5669,0.000000e+00
5670,0.000000e+00
5671,0.000000e+00
5672,0.000000e+00
5673,0.000000e+00
5674,0.000000e+00
5675,0.000000e+00
5676,0.000000e+00
5677,0.000000e+00
5678,0.000000e+00
5679,0.000000e+00
5680,0.000000e+00
5681,0.000000e+00
5682,0.000000e+00
5683,0.000000e+00
5684,0.000000e+00
5685,0.000000e+00
5686,0.000000e+00
5687,0.000000e+00
5688,0.000000e+00
5689,0.000000e+00
5690,0.000000e+00
5691,0.000000e+00
5692,0.000000e+00
5693,0.000000e+00
5694,0.000000e+00
5695,0.000000e+00
5696,0.000000e+00
5697,0.000000e+00
5698,0.000000e+00
5699,0.000000e+00
5700,0.000000e+00
5701,0.000000e+00
5702,0.000000e+00
5703,0.000000e+00
5704,0.000000e+00
5705,0.000000e+00
5706,0.000000e+00
5707,0.000000e+00
5708,0.000000e+00
5709,0.000000e+00
5710,0.000000e+00
5711,0.000000e+00
5712,0.000000e+00
5713,0.000000e+00
5714,0.000000e+00
5715,0.000000e+00
5716,0.000000e+00
5717,0.000000e+00
5718,0.000000e+00
5719,0.000000e+00
5720,0.000000e+00
5721,0.000000e+00
5722,0.000000e+00
5723,0.000000e+00
5724,0.000000e+00
5725,0.000000e+00
5726,0.000000e+00
5727,0.000000e+00
5728,0.000000e+00
5729,0.000000e+00
5730,0.000000e+00
5731,0.000000e+00
5732,0.000000e+00
5733,0.000000e+00
5734,0.000000e+00
5735,0.000000e+00
5736,0.000000e+00
5737,0.000000e+00
5738,0.000000e+00
5739,0.000000e+00
5740,0.000000e+00
5741,0.000000e+00
5742,0.000000e+00
5743,0.000000e+00
5744,0.000000e+00
5745,0.000000e+00
5746,0.000000e+00
5747,0.000000e+00
5748,0.000000e+00
5749,0.000000e+00
5750,0.000000e+00
5751,0.000000e+00
5752,0.000000e+00
5753,0.000000e+00
5754,0.000000e+00
5755,0.000000e+00
5756,0.000000e+00
5757,0.000000e+00
5758,0.000000e+00
5759,0.000000e+00
5760,0.000000e+00
5761,0.000000e+00
5762,0.000000e+00
5763,0.000000e+00
5764,0.000000e+00
5765,0.000000e+00
5766,0.000000e+00
5767,0.000000e+00
5768,0.000000e+00
5769,0.000000e+00
5770,0.000000e+00
5771,0.000000e+00
5772,0.000000e+00
5773,0.000000e+00
5774,0.000000e+00
5775,0.000000e+00
5776,0.000000e+00
5777,0.000000e+00
5778,0.000000e+00
5779,0.000000e+00
5780,0.000000e+00
5781,0.000000e+00
5782,0.000000e+00
5783,0.000000e+00
5784,0.000000e+00
5785,0.000000e+00
5786,0.000000e+00
5787,0.000000e+00
5788,0.000000e+00
5789,0.000000e+00
5790,0.000000e+00
5791,0.000000e+00
5792,0.000000e+00
5793,0.000000e+00
5794,0.000000e+00
5795,0.000000e+00
5796,0.000000e+00
5797,0.000000e+00
5798,0.000000e+00
5799,0.000000e+00
5800,0.000000e+00
5801,0.000000e+00
5802,0.000000e+00
5803,0.000000e+00
5804,0.000000e+00
5805,0.000000e+00
5806,0.000000e+00
5807,0.000000e+00
5808,0.000000e+00
5809,0.000000e+00
5810,0.000000e+00
5811,0.000000e+00
5812,0.000000e+00
5813,0.000000e+00
5814,0.000000e+00
5815,0.000000e+00
5816,0.000000e+00
5817,0.000000e+00
5818,0.000000e+00
5819,0.000000e+00
5820,0.000000e+00
5821,0.000000e+00
5822,0.000000e+00
5823,0.000000e+00
5824,0.000000e+00
5825,0.000000e+00
5826,0.000000e+00
5827,0.000000e+00
5828,0.000000e+00
5829,0.000000e+00
5830,0.000000e+00
5831,0.000000e+00
5832,0.000000e+00
5833,0.000000e+00
5834,0.000000e+00
5835,0.000000e+00
5836,0.000000e+00
5837,0.000000e+00
5838,0.000000e+00
5839,0.000000e+00
5840,0.000000e+00
5841,0.000000e+00
5842,0.000000e+00
5843,0.000000e+00
5844,0.000000e+00
5845,0.000000e+00
5846,0.000000e+00
5847,0.000000e+00
5848,0.000000e+00
5849,0.000000e+00
5850,0.000000e+00
5851,0.000000e+00
5852,0.000000e+00
5853,0.000000e+00
5854,0.000000e+00
5855,0.000000e+00
5856,0.000000e+00
5857,0.000000e+00
5858,0.000000e+00
5859,0.000000e+00
5860,0.000000e+00
5861,0.000000e+00
5862,0.000000e+00
5863,0.000000e+00
5864,0.000000e+00
5865,0.000000e+00
5866,0.000000e+00
5867,0.000000e+00
5868,0.000000e+00
5869,0.000000e+00
5870,0.000000e+00
5871,0.000000e+00
5872,0.000000e+00
5873,0.000000e+00
5874,0.000000e+00
5875,0.000000e+00
5876,0.000000e+00
5877,0.000000e+00
5878,0.000000e+00
5879,0.000000e+00
5880,0.000000e+00
5881,0.000000e+00
5882,0.000000e+00
5883,0.000000e+00
5884,0.000000e+00
5885,0.000000e+00
5886,0.000000e+00
5887,0.000000e+00
5888,0.000000e+00
5889,0.000000e+00
5890,0.000000e+00
5891,0.000000e+00
5892,0.000000e+00
5893,0.000000e+00
5894,0.000000e+00
5895,0.000000e+00
5896,0.000000e+00
5897,0.000000e+00
5898,0.000000e+00
5899,0.000000e+00
5900,0.000000e+00
5901,0.000000e+00
5902,0.000000e+00
5903,0.000000e+00
5904,0.000000e+00
5905,0.000000e+00
5906,0.000000e+00
5907,0.000000e+00
5908,0.000000e+00
5909,0.000000e+00
5910,0.000000e+00
5911,0.000000e+00
5912,0.000000e+00
5913,0.000000e+00
5914,0.000000e+00
5915,0.000000e+00
5916,0.000000e+00
5917,0.000000e+00
5918,0.000000e+00
5919,0.000000e+00
5920,0.000000e+00
5921,0.000000e+00
5922,0.000000e+00
5923,0.000000e+00
5924,0.000000e+00
5925,0.000000e+00
5926,0.000000e+00
5927,0.000000e+00
5928,4.943848e-02
5929,-6.237793e-02
5930,1.342773e-03
5931,-1.428223e-02
5932,-4.650879e-02
5933,3.149414e-02
5934,-9.265137e-02
5935,7.812500e-02
5936,-1.343994e-01
5937,1.179199e-01
5938,-1.678467e-01
5939,1.462402e-01
5940,-1.937256e-01
5941,1.645508e-01
5942,-2.064209e-01
5943,1.740723e-01
5944,-2.108154e-01
5945,1.719971e-01
5946,-1.982422e-01
5947,1.550293e-01
5948,-1.768799e-01
5949,1.297607e-01
5950,-1.479492e-01
5951,9.326172e-02
5952,-1.082764e-01
5953,4.968262e-02
5954,-6.164551e-02
5955,1.953125e-03
5956,-1.391602e-02
5957,-4.553223e-02
5958,3.308105e-02
5959,-9.411621e-02
5960,7.873535e-02
5961,-1.341553e-01
5962,1.138916e-01
5963,-1.687012e-01
5964,1.447754e-01
5965,-1.931152e-01
5966,1.669922e-01
5967,-2.073975e-01
5968,1.765137e-01
5969,-2.099609e-01
5970,1.708984e-01
5971,-1.983643e-01
5972,1.545410e-01
5973,-1.785889e-01
5974,1.300049e-01
5975,-1.478271e-01
5976,9.204102e-02
5977,-1.076660e-01
5978,4.907227e-02
5979,-6.225586e-02
5980,1.220703e-04
5981,-1.452637e-02
5982,-4.650879e-02
5983,3.222656e-02
5984,-8.996582e-02
5985,7.568359e-02
5986,-1.340332e-01
5987,1.157227e-01
5988,-1.693115e-01
5989,1.455078e-01
5990,-1.918945e-01
5991,1.667480e-01
5992,-2.065430e-01
5993,1.750488e-01
5994,-2.095947e-01
5995,1.726074e-01
5996,-2.005615e-01
5997,1.556396e-01
5998,-1.777344e-01
5999,1.281738e-01
6000,-1.472168e-01
6001,9.338379e-02
6002,-1.085205e-01
6003,5.187988e-02
6004,-6.237793e-02
6005,2.441406e-03
6006,-1.501465e-02
6007,-4.565430e-02
6008,3.259277e-02
6009,-9.106445e-02
6010,7.690430e-02
6011,-1.347656e-01
6012,1.162109e-01
6013,-1.672363e-01
6014,1.459961e-01
6015,-1.940918e-01
6016,1.656494e-01
6017,-2.077637e-01
6018,1.734619e-01
6019,-2.091064e-01
6020,1.717529e-01
6021,-2.005615e-01
6022,1.553955e-01
6023,-1.776123e-01
6024,1.281738e-01
6025,-1.485596e-01
6026,9.228516e-02
6027,-1.083984e-01
6028,4.931641e-02
6029,-6.152344e-02
6030,2.685547e-03
6031,-1.440430e-02
6032,-4.479980e-02
6033,3.320312e-02
6034,-9.216309e-02
6035,7.714844e-02
6036,-1.322021e-01
6037,1.156006e-01
6038,-1.669922e-01
6039,1.468506e-01
6040,-1.933594e-01
6041,1.661377e-01
6042,-2.069092e-01
6043,1.750488e-01
6044,-2.084961e-01
6045,1.707764e-01
6046,-1.998291e-01
6047,1.553955e-01
6048,-1.791992e-01
6049,1.297607e-01
6050,-1.479492e-01
6051,9.436035e-02
6052,-1.075439e-01
6053,5.004883e-02
6054,-5.993652e-02
6055,2.685547e-03
6056,-1.452637e-02
6057,-4.467773e-02
6058,3.247070e-02
6059,-9.204102e-02
6060,7.922363e-02
6061,-1.342773e-01
6062,1.177979e-01
6063,-1.658936e-01
6064,1.445312e-01
6065,-1.914062e-01
6066,1.663818e-01
6067,-2.084961e-01
6068,1.750488e-01
6069,-2.095947e-01
6070,1.707764e-01
6071,-2.005615e-01
6072,1.555176e-01
6073,-1.785889e-01
6074,1.300049e-01
6075,-1.461182e-01
6076,9.350586e-02
6077,-1.081543e-01
6078,4.968262e-02
6079,-6.274414e-02
6080,2.685547e-03
6081,-1.452637e-02
6082,-4.614258e-02
6083,3.295898e-02
6084,-9.082031e-02
6085,7.580566e-02
6086,-1.337891e-01
6087,1.153564e-01
6088,-1.706543e-01
6089,1.467285e-01
6090,-1.920166e-01
6091,1.663818e-01
6092,-2.061768e-01
6093,1.749268e-01
6094,-2.088623e-01
6095,1.711426e-01
6096,-1.993408e-01
6097,1.553955e-01
6098,-1.785889e-01
6099,1.298828e-01
6100,-1.475830e-01
6101,9.387207e-02
6102,-1.068115e-01
6103,5.114746e-02
6104,-6.188965e-02
6105,3.906250e-03
6106,-1.501465e-02
6107,-4.577637e-02
6108,3.381348e-02
6109,-9.167480e-02
6110,7.727051e-02
6111,-1.319580e-01
6112,1.148682e-01
6113,-1.667480e-01
6114,1.452637e-01
6115,-1.931152e-01
6116,1.660156e-01
6117,-2.062988e-01
6118,1.749268e-01
6119,-2.089844e-01
6120,1.701660e-01
6121,-2.006836e-01
6122,1.556396e-01
6123,-1.793213e-01
6124,1.301270e-01
6125,-1.469727e-01
6126,9.423828e-02
6127,-1.072998e-01
6128,4.895020e-02
6129,-6.298828e-02
6130,2.441406e-03
6131,-1.513672e-02
6132,-4.394531e-02
6133,3.222656e-02
6134,-9.216309e-02
6135,7.775879e-02
6136,-1.331787e-01
6137,1.169434e-01
6138,-1.661377e-01
6139,1.462402e-01
6140,-1.937256e-01
6141,1.665039e-01
6142,-2.065430e-01
6143,1.741943e-01
6144,-2.077637e-01
6145,1.716309e-01
6146,-1.999512e-01
6147,1.553955e-01
6148,-1.785889e-01
6149,1.301270e-01
6150,-1.477051e-01
6151,9.436035e-02
6152,-1.068115e-01
6153,5.017090e-02
6154,-6.213379e-02
6155,2.807617e-03
6156,-1.611328e-02
6157,-4.357910e-02
6158,3.210449e-02
6159,-9.313965e-02
6160,7.885742e-02
6161,-1.315918e-01
6162,1.145020e-01
6163,-1.656494e-01
6164,1.446533e-01
6165,-1.931152e-01
6166,1.655273e-01
6167,-2.071533e-01
6168,1.766357e-01
6169,-2.093506e-01
6170,1.710205e-01
6171,-2.000732e-01
6172,1.553955e-01
6173,-1.811523e-01
6174,1.293945e-01
6175,-1.470947e-01
6176,9.497070e-02
6177,-1.090088e-01
6178,5.261230e-02
6179,-6.213379e-02
6180,1.953125e-03
6181,-1.403809e-02
6182,-4.467773e-02
6183,3.247070e-02
6184,-9.082031e-02
6185,7.519531e-02
6186,-1.339111e-01
6187,1.152344e-01
6188,-1.685791e-01
6189,1.463623e-01
6190,-1.937256e-01
6191,1.673584e-01
6192,-2.069092e-01
6193,1.734619e-01
6194,-2.097168e-01
6195,1.705322e-01
6196,-1.982422e-01
6197,1.562500e-01
6198,-1.794434e-01
6199,1.289062e-01
6200,-1.478271e-01
6201,9.387207e-02
6202,-1.093750e-01
6203,5.078125e-02
6204,-6.323242e-02
6205,4.028320e-03
6206,-1.513672e-02
6207,-4.650879e-02
6208,3.308105e-02
6209,-8.996582e-02
6210,7.446289e-02
6211,-1.340332e-01
6212,1.151123e-01
6213,-1.682129e-01
6214,1.452637e-01
6215,-1.929932e-01
6216,1.647949e-01
6217,-2.071533e-01
6218,1.738281e-01
6219,-2.097168e-01
6220,1.706543e-01
6221,-1.999512e-01
6222,1.563721e-01
6223,-1.794434e-01
6224,1.304932e-01
6225,-1.486816e-01
6226,9.191895e-02
6227,-1.074219e-01
6228,4.919434e-02
6229,-6.359863e-02
6230,3.784180e-03
6231,-1.513672e-02
6232,-4.602051e-02
6233,3.234863e-02
6234,-9.069824e-02
6235,7.641602e-02
6236,-1.313477e-01
6237,1.151123e-01
6238,-1.672363e-01
6239,1.459961e-01
6240,-1.937256e-01
6241,1.655273e-01
6242,-2.076416e-01
6243,1.738281e-01
6244,-2.097168e-01
6245,1.710205e-01
6246,-1.992188e-01
6247,1.562500e-01
6248,-1.794434e-01
6249,1.306152e-01
6250,-1.475830e-01
6251,9.472656e-02
6252,-1.076660e-01
6253,5.078125e-02
6254,-6.237793e-02
6255,3.173828e-03
6256,-1.623535e-02
6257,-4.296875e-02
6258,3.271484e-02
6259,-9.143066e-02
6260,7.861328e-02
6261,-1.322021e-01
6262,1.148682e-01
6263,-1.669922e-01
6264,1.459961e-01
6265,-1.922607e-01
6266,1.665039e-01
6267,-2.052002e-01
6268,1.743164e-01
6269,-2.093506e-01
6270,1.729736e-01
6271,-2.008057e-01
6272,1.542969e-01
6273,-1.793213e-01
6274,1.281738e-01
6275,-1.489258e-01
6276,9.350586e-02
6277,-1.083984e-01
6278,5.212402e-02
6279,-6.250000e-02
6280,1.708984e-03
6281,-1.623535e-02
6282,-4.418945e-02
6283,3.100586e-02
6284,-8.898926e-02
6285,7.568359e-02
6286,-1.315918e-01
6287,1.138916e-01
6288,-1.688232e-01
6289,1.468506e-01
6290,-1.928711e-01
6291,1.665039e-01
6292,-2.062988e-01
6293,1.744385e-01
6294,-2.109375e-01
6295,1.705322e-01
6296,-2.001953e-01
6297,1.560059e-01
6298,-1.805420e-01
6299,1.300049e-01
6300,-1.495361e-01
6301,9.399414e-02
6302,-1.086426e-01
6303,4.931641e-02
6304,-6.323242e-02
6305,5.615234e-03
6306,-1.489258e-02
6307,-4.504395e-02
6308,3.234863e-02
6309,-9.069824e-02
6310,7.629395e-02
6311,-1.333008e-01
6312,1.143799e-01
6313,-1.666260e-01
6314,1.448975e-01
6315,-1.922607e-01
6316,1.656494e-01
6317,-2.067871e-01
6318,1.759033e-01
6319,-2.084961e-01
6320,1.717529e-01
6321,-1.999512e-01
6322,1.574707e-01
6323,-1.793213e-01
6324,1.303711e-01
6325,-1.486816e-01
6326,9.448242e-02
6327,-1.098633e-01
6328,5.065918e-02
6329,-6.396484e-02
6330,2.075195e-03
6331,-1.574707e-02
6332,-4.577637e-02
6333,3.027344e-02
6334,-9.143066e-02
6335,7.702637e-02
6336,-1.324463e-01
6337,1.160889e-01
6338,-1.668701e-01
6339,1.456299e-01
6340,-1.916504e-01
6341,1.652832e-01
6342,-2.076416e-01
6343,1.743164e-01
6344,-2.104492e-01
6345,1.719971e-01
6346,-2.006836e-01
6347,1.545410e-01
6348,-1.777344e-01
6349,1.296387e-01
6350,-1.478271e-01
6351,9.375000e-02
6352,-1.091309e-01
6353,5.017090e-02
6354,-6.384277e-02
6355,3.173828e-03
6356,-1.525879e-02
6357,-4.479980e-02
6358,3.234863e-02
6359,-9.057617e-02
6360,7.629395e-02
6361,-1.324463e-01
6362,1.136475e-01
6363,-1.656494e-01
6364,1.442871e-01
6365,-1.929932e-01
6366,1.655273e-01
6367,-2.080078e-01
6368,1.763916e-01
6369,-2.093506e-01
6370,1.716309e-01
6371,-1.994629e-01
6372,1.551514e-01
6373,-1.796875e-01
6374,1.297607e-01
6375,-1.486816e-01
6376,9.375000e-02
6377,-1.101074e-01
6378,5.029297e-02
6379,-6.347656e-02
6380,4.272461e-03
6381,-1.708984e-02
6382,-4.492188e-02
6383,3.161621e-02
6384,-9.143066e-02
6385,7.617188e-02
6386,-1.313477e-01
6387,1.140137e-01
6388,-1.666260e-01
6389,1.461182e-01
6390,-1.950684e-01
6391,1.655273e-01
6392,-2.080078e-01
6393,1.730957e-01
6394,-2.093506e-01
6395,1.710205e-01
6396,-2.022705e-01
6397,1.562500e-01
6398,-1.794434e-01
6399,1.287842e-01
6400,-1.478271e-01
6401,9.411621e-02
6402,-1.088867e-01
6403,5.065918e-02
6404,-6.311035e-02
6405,3.784180e-03
6406,-1.599121e-02
6407,-4.345703e-02
6408,3.125000e-02
6409,-9.265137e-02
6410,7.592773e-02
6411,-1.318359e-01
6412,1.159668e-01
6413,-1.678467e-01
6414,1.451416e-01
6415,-1.915283e-01
6416,1.657715e-01
6417,-2.053223e-01
6418,1.746826e-01
6419,-2.111816e-01
6420,1.719971e-01
6421,-1.997070e-01
6422,1.563721e-01
6423,-1.783447e-01
6424,1.290283e-01
6425,-1.478271e-01
6426,9.375000e-02
6427,-1.094971e-01
6428,5.224609e-02
6429,-6.408691e-02
6430,3.295898e-03
6431,-1.550293e-02
6432,-4.321289e-02
6433,3.076172e-02
6434,-9.045410e-02
6435,7.617188e-02
6436,-1.330566e-01
6437,1.129150e-01
6438,-1.693115e-01
6439,1.463623e-01
6440,-1.931152e-01
6441,1.641846e-01
6442,-2.066650e-01
6443,1.744385e-01
6444,-2.110596e-01
6445,1.701660e-01
6446,-2.008057e-01
6447,1.555176e-01
6448,-1.802979e-01
6449,1.304932e-01
6450,-1.485596e-01
6451,9.448242e-02
6452,-1.098633e-01
6453,5.163574e-02
6454,-6.518555e-02
6455,5.004883e-03
6456,-1.586914e-02
6457,-4.345703e-02
6458,3.210449e-02
6459,-9.143066e-02
6460,7.556152e-02
6461,-1.329346e-01
6462,1.159668e-01
6463,-1.678467e-01
6464,1.441650e-01
6465,-1.912842e-01
6466,1.638184e-01
6467,-2.067871e-01
6468,1.741943e-01
6469,-2.119141e-01
6470,1.721191e-01
6471,-2.005615e-01
6472,1.534424e-01
6473,-1.794434e-01
6474,1.297607e-01
6475,-1.494141e-01
6476,9.350586e-02
6477,-1.091309e-01
6478,5.126953e-02
6479,-6.420898e-02
6480,3.295898e-03
6481,-1.599121e-02
6482,-4.443359e-02
6483,3.149414e-02
6484,-9.057617e-02
6485,7.543945e-02
6486,-1.319580e-01
6487,1.158447e-01
6488,-1.669922e-01
6489,1.441650e-01
6490,-1.917725e-01
6491,1.647949e-01
6492,-2.075195e-01
6493,1.746826e-01
6494,-2.103271e-01
6495,1.707764e-01
6496,-2.009277e-01
6497,1.562500e-01
6498,-1.794434e-01
6499,1.303711e-01
6500,-1.486816e-01
6501,9.460449e-02
6502,-1.091309e-01
6503,5.175781e-02
6504,-6.506348e-02
6505,2.929688e-03
6506,-1.635742e-02
6507,-4.455566e-02
6508,3.173828e-02
6509,-9.020996e-02
6510,7.592773e-02
6511,-1.324463e-01
6512,1.145020e-01
6513,-1.667480e-01
6514,1.428223e-01
6515,-1.917725e-01
6516,1.668701e-01
6517,-2.072754e-01
6518,1.749268e-01
6519,-2.092285e-01
6520,1.715088e-01
6521,-2.006836e-01
6522,1.557617e-01
6523,-1.779785e-01
6524,1.307373e-01
6525,-1.490479e-01
6526,9.472656e-02
6527,-1.076660e-01
6528,5.126953e-02
6529,-6.494141e-02
6530,5.249023e-03
6531,-1.708984e-02
6532,-4.541016e-02
6533,3.198242e-02
6534,-9.143066e-02
6535,7.507324e-02
6536,-1.317139e-01
6537,1.141357e-01
6538,-1.666260e-01
6539,1.453857e-01
6540,-1.926270e-01
6541,1.650391e-01
6542,-2.072754e-01
6543,1.729736e-01
6544,-2.105713e-01
6545,1.708984e-01
6546,-2.005615e-01
6547,1.561279e-01
6548,-1.789551e-01
6549,1.306152e-01
6550,-1.478271e-01
6551,9.460449e-02
6552,-1.091309e-01
6553,5.065918e-02
6554,-6.494141e-02
6555,4.150391e-03
6556,-1.721191e-02
6557,-4.406738e-02
6558,3.173828e-02
6559,-8.886719e-02
6560,7.531738e-02
6561,-1.315918e-01
6562,1.149902e-01
6563,-1.661377e-01
6564,1.442871e-01
6565,-1.925049e-01
6566,1.655273e-01
6567,-2.062988e-01
6568,1.759033e-01
6569,-2.080078e-01
6570,1.715088e-01
6571,-2.005615e-01
6572,1.568604e-01
6573,-1.817627e-01
6574,1.315918e-01
6575,-1.506348e-01
6576,9.509277e-02
6577,-1.085205e-01
6578,4.968262e-02
6579,-6.457520e-02
6580,3.784180e-03
6581,-1.831055e-02
6582,-4.443359e-02
6583,3.198242e-02
6584,-9.057617e-02
6585,7.592773e-02
6586,-1.314697e-01
6587,1.125488e-01
6588,-1.650391e-01
6589,1.458740e-01
6590,-1.931152e-01
6591,1.665039e-01
6592,-2.058105e-01
6593,1.740723e-01
6594,-2.093506e-01
6595,1.711426e-01
6596,-2.003174e-01
6597,1.561279e-01
6598,-1.798096e-01
6599,1.295166e-01
6600,-1.491699e-01
6601,9.387207e-02
6602,-1.098633e-01
6603,5.249023e-02
6604,-6.494141e-02
6605,4.638672e-03
6606,-1.611328e-02
6607,-4.455566e-02
6608,3.027344e-02
6609,-8.911133e-02
6610,7.458496e-02
6611,-1.322021e-01
6612,1.147461e-01
6613,-1.663818e-01
6614,1.451416e-01
6615,-1.921387e-01
6616,1.665039e-01
6617,-2.076416e-01
6618,1.722412e-01
6619,-2.104492e-01
6620,1.717529e-01
6621,-2.010498e-01
6622,1.567383e-01
6623,-1.801758e-01
6624,1.296387e-01
6625,-1.512451e-01
6626,9.484863e-02
6627,-1.093750e-01
6628,4.980469e-02
6629,-6.579590e-02
6630,6.103516e-03
6631,-1.818848e-02
6632,-4.333496e-02
6633,3.076172e-02
6634,-9.033203e-02
6635,7.556152e-02
6636,-1.329346e-01
6637,1.134033e-01
6638,-1.688232e-01
6639,1.441650e-01
6640,-1.932373e-01
6641,1.654053e-01
6642,-2.071533e-01
6643,1.744385e-01
6644,-2.080078e-01
6645,1.701660e-01
6646,-2.004395e-01
6647,1.563721e-01
6648,-1.809082e-01
6649,1.304932e-01
6650,-1.483154e-01
6651,9.423828e-02
6652,-1.088867e-01
6653,5.322266e-02
6654,-6.372070e-02
6655,5.004883e-03
6656,-1.635742e-02
6657,-4.187012e-02
6658,3.088379e-02
6659,-9.094238e-02
6660,7.592773e-02
6661,-1.333008e-01
6662,1.127930e-01
6663,-1.665039e-01
6664,1.459961e-01
6665,-1.922607e-01
6666,1.654053e-01
6667,-2.067871e-01
6668,1.740723e-01
6669,-2.093506e-01
6670,1.710205e-01
6671,-2.020264e-01
6672,1.567383e-01
6673,-1.807861e-01
6674,1.297607e-01
6675,-1.488037e-01
6676,9.570312e-02
6677,-1.102295e-01
6678,5.249023e-02
6679,-6.359863e-02
6680,3.784180e-03
6681,-1.721191e-02
6682,-4.272461e-02
6683,3.198242e-02
6684,-8.972168e-02
6685,7.189941e-02
6686,-1.309814e-01
6687,1.129150e-01
6688,-1.669922e-01
6689,1.452637e-01
6690,-1.907959e-01
6691,1.647949e-01
6692,-2.064209e-01
6693,1.750488e-01
6694,-2.104492e-01
6695,1.712646e-01
6696,-2.005615e-01
6697,1.563721e-01
6698,-1.789551e-01
6699,1.306152e-01
6700,-1.503906e-01
6701,9.619141e-02
6702,-1.116943e-01
6703,5.126953e-02
6704,-6.420898e-02
6705,4.150391e-03
6706,-1.586914e-02
6707,-4.370117e-02
6708,3.149414e-02
6709,-8.801270e-02
6710,7.336426e-02
6711,-1.306152e-01
6712,1.136475e-01
6713,-1.680908e-01
6714,1.441650e-01
6715,-1.934814e-01
6716,1.658936e-01
6717,-2.056885e-01
6718,1.739502e-01
6719,-2.098389e-01
6720,1.718750e-01
6721,-2.021484e-01
6722,1.578369e-01
6723,-1.796875e-01
6724,1.298828e-01
6725,-1.496582e-01
6726,9.533691e-02
6727,-1.102295e-01
6728,5.249023e-02
6729,-6.372070e-02
6730,5.371094e-03
6731,-1.708984e-02
6732,-4.296875e-02
6733,2.990723e-02
6734,-9.033203e-02
6735,7.360840e-02
6736,-1.298828e-01
6737,1.126709e-01
6738,-1.671143e-01
6739,1.457520e-01
6740,-1.931152e-01
6741,1.660156e-01
6742,-2.066650e-01
6743,1.743164e-01
6744,-2.088623e-01
6745,1.708984e-01
6746,-2.020264e-01
6747,1.574707e-01
6748,-1.802979e-01
6749,1.289062e-01
6750,-1.490479e-01
6751,9.411621e-02
6752,-1.098633e-01
6753,5.334473e-02
6754,-6.616211e-02
6755,5.493164e-03
6756,-1.782227e-02
6757,-4.235840e-02
6758,3.039551e-02
6759,-8.923340e-02
6760,7.470703e-02
6761,-1.309814e-01
6762,1.135254e-01
6763,-1.680908e-01
6764,1.444092e-01
6765,-1.933594e-01
6766,1.638184e-01
6767,-2.061768e-01
6768,1.739502e-01
6769,-2.110596e-01
6770,1.708984e-01
6771,-2.022705e-01
6772,1.552734e-01
6773,-1.796875e-01
6774,1.303711e-01
6775,-1.496582e-01
6776,9.631348e-02
6777,-1.118164e-01
6778,5.285645e-02
6779,-6.481934e-02
6780,5.371094e-03
6781,-1.928711e-02
6782,-4.553223e-02
6783,2.990723e-02
6784,-8.984375e-02
6785,7.543945e-02
6786,-1.312256e-01
6787,1.126709e-01
6788,-1.666260e-01
6789,1.446533e-01
6790,-1.914062e-01
6791,1.651611e-01
6792,-2.067871e-01
6793,1.749268e-01
6794,-2.091064e-01
6795,1.704102e-01
6796,-2.008057e-01
6797,1.575928e-01
6798,-1.824951e-01
6799,1.317139e-01
6800,-1.490479e-01
6801,9.460449e-02
6802,-1.101074e-01
6803,5.212402e-02
6804,-6.518555e-02
6805,6.225586e-03
6806,-1.660156e-02
6807,-4.138184e-02
6808,2.893066e-02
6809,-8.972168e-02
6810,7.421875e-02
6811,-1.341553e-01
6812,1.130371e-01
6813,-1.652832e-01
6814,1.434326e-01
6815,-1.910400e-01
6816,1.657715e-01
6817,-2.072754e-01
6818,1.745605e-01
6819,-2.099609e-01
6820,1.710205e-01
6821,-2.014160e-01
6822,1.566162e-01
6823,-1.817627e-01
6824,1.313477e-01
6825,-1.503906e-01
6826,9.497070e-02
6827,-1.093750e-01
6828,5.236816e-02
6829,-6.591797e-02
6830,5.371094e-03
6831,-1.953125e-02
6832,-4.370117e-02
6833,2.819824e-02
6834,-9.143066e-02
6835,7.507324e-02
6836,-1.324463e-01
6837,1.145020e-01
6838,-1.657715e-01
6839,1.428223e-01
6840,-1.906738e-01
6841,1.656494e-01
6842,-2.071533e-01
6843,1.750488e-01
6844,-2.102051e-01
6845,1.717529e-01
6846,-2.011719e-01
6847,1.562500e-01
6848,-1.811523e-01
6849,1.313477e-01
6850,-1.512451e-01
6851,9.472656e-02
6852,-1.103516e-01
6853,5.200195e-02
6854,-6.506348e-02
6855,4.150391e-03
6856,-1.745605e-02
6857,-4.284668e-02
6858,2.941895e-02
6859,-8.911133e-02
6860,7.458496e-02
6861,-1.315918e-01
6862,1.131592e-01
6863,-1.649170e-01
6864,1.442871e-01
6865,-1.912842e-01
6866,1.655273e-01
6867,-2.076416e-01
6868,1.739502e-01
6869,-2.098389e-01
6870,1.724854e-01
6871,-2.010498e-01
6872,1.553955e-01
6873,-1.813965e-01
6874,1.307373e-01
6875,-1.507568e-01
6876,9.643555e-02
6877,-1.098633e-01
6878,5.285645e-02
6879,-6.408691e-02
6880,4.150391e-03
6881,-1.928711e-02
6882,-4.382324e-02
6883,2.978516e-02
6884,-9.069824e-02
6885,7.531738e-02
6886,-1.323242e-01
6887,1.136475e-01
6888,-1.666260e-01
6889,1.441650e-01
6890,-1.910400e-01
6891,1.652832e-01
6892,-2.062988e-01
6893,1.756592e-01
6894,-2.098389e-01
6895,1.721191e-01
6896,-2.008057e-01
6897,1.569824e-01
6898,-1.796875e-01
6899,1.306152e-01
6900,-1.486816e-01
6901,9.509277e-02
6902,-1.110840e-01
6903,5.334473e-02
6904,-6.677246e-02
6905,5.615234e-03
6906,-1.794434e-02
6907,-4.272461e-02
6908,2.978516e-02
6909,-8.813477e-02
6910,7.556152e-02
6911,-1.312256e-01
6912,1.152344e-01
6913,-1.647949e-01
6914,1.444092e-01
6915,-1.912842e-01
6916,1.660156e-01
6917,-2.055664e-01
6918,1.743164e-01
6919,-2.091064e-01
6920,1.708984e-01
6921,-2.017822e-01
6922,1.562500e-01
6923,-1.811523e-01
6924,1.324463e-01
6925,-1.512451e-01
6926,9.533691e-02
6927,-1.102295e-01
6928,5.090332e-02
6929,-6.555176e-02
6930,5.004883e-03
6931,-1.696777e-02
6932,-4.187012e-02
6933,2.819824e-02
6934,-8.801270e-02
6935,7.348633e-02
6936,-1.313477e-01
6937,1.152344e-01
6938,-1.666260e-01
6939,1.437988e-01
6940,-1.914062e-01
6941,1.639404e-01
6942,-2.064209e-01
6943,1.754150e-01
6944,-2.093506e-01
6945,1.727295e-01
6946,-1.999512e-01
6947,1.579590e-01
6948,-1.801758e-01
6949,1.313477e-01
6950,-1.496582e-01
6951,9.484863e-02
6952,-1.108398e-01
6953,5.310059e-02
6954,-6.628418e-02
6955,5.615234e-03
6956,-1.782227e-02
6957,-4.199219e-02
6958,2.893066e-02
6959,-8.898926e-02
6960,7.421875e-02
6961,-1.318359e-01
6962,1.135254e-01
6963,-1.663818e-01
6964,1.441650e-01
6965,-1.914062e-01
6966,1.665039e-01
6967,-2.067871e-01
6968,1.737061e-01
6969,-2.087402e-01
6970,1.721191e-01
6971,-2.016602e-01
6972,1.571045e-01
6973,-1.817627e-01
6974,1.297607e-01
6975,-1.510010e-01
6976,9.558105e-02
6977,-1.102295e-01
6978,5.395508e-02
6979,-6.555176e-02
6980,6.225586e-03
6981,-1.794434e-02
6982,-4.357910e-02
6983,2.941895e-02
6984,-8.947754e-02
6985,7.434082e-02
6986,-1.306152e-01
6987,1.151123e-01
6988,-1.660156e-01
6989,1.425781e-01
6990,-1.896973e-01
6991,1.634521e-01
6992,-2.067871e-01
6993,1.746826e-01
6994,-2.105713e-01
6995,1.723633e-01
6996,-2.016602e-01
6997,1.580811e-01
6998,-1.806641e-01
6999,1.320801e-01
7000,-1.490479e-01
7001,9.643555e-02
7002,-1.102295e-01
7003,5.224609e-02
7004,-6.506348e-02
7005,5.859375e-03
7006,-1.831055e-02
7007,-4.125977e-02
7008,2.954102e-02
7009,-8.898926e-02
7010,7.421875e-02
7011,-1.309814e-01
7012,1.120605e-01
7013,-1.657715e-01
7014,1.430664e-01
7015,-1.906738e-01
7016,1.641846e-01
7017,-2.070312e-01
7018,1.767578e-01
7019,-2.109375e-01
7020,1.710205e-01
7021,-1.990967e-01
7022,1.567383e-01
7023,-1.812744e-01
7024,1.323242e-01
7025,-1.508789e-01
7026,9.594727e-02
7027,-1.092529e-01
7028,5.139160e-02
7029,-6.701660e-02
7030,5.859375e-03
7031,-1.904297e-02
7032,-4.382324e-02
7033,2.929688e-02
7034,-9.082031e-02
7035,7.421875e-02
7036,-1.298828e-01
7037,1.132812e-01
7038,-1.666260e-01
7039,1.450195e-01
7040,-1.923828e-01
7041,1.658936e-01
7042,-2.067871e-01
7043,1.739502e-01
7044,-2.102051e-01
7045,1.700439e-01
7046,-2.023926e-01
7047,1.579590e-01
7048,-1.809082e-01
7049,1.318359e-01
7050,-1.479492e-01
7051,9.729004e-02
7052,-1.109619e-01
7053,5.529785e-02
7054,-6.616211e-02
7055,5.737305e-03
7056,-1.745605e-02
7057,-4.150391e-02
7058,3.039551e-02
7059,-8.813477e-02
7060,7.458496e-02
7061,-1.307373e-01
7062,1.135254e-01
7063,-1.661377e-01
7064,1.436768e-01
7065,-1.915283e-01
7066,1.656494e-01
7067,-2.067871e-01
7068,1.750488e-01
7069,-2.102051e-01
7070,1.728516e-01
7071,-1.990967e-01
7072,1.584473e-01
7073,-1.821289e-01
7074,1.312256e-01
7075,-1.506348e-01
7076,9.643555e-02
7077,-1.121826e-01
7078,5.395508e-02
7079,-6.665039e-02
7080,6.103516e-03
7081,-1.843262e-02
7082,-4.174805e-02
7083,2.954102e-02
7084,-8.947754e-02
7085,7.299805e-02
7086,-1.325684e-01
7087,1.131592e-01
7088,-1.657715e-01
7089,1.428223e-01
7090,-1.918945e-01
7091,1.652832e-01
7092,-2.059326e-01
7093,1.748047e-01
7094,-2.091064e-01
7095,1.724854e-01
7096,-2.006836e-01
7097,1.550293e-01
7098,-1.820068e-01
7099,1.314697e-01
7100,-1.500244e-01
7101,9.521484e-02
7102,-1.099854e-01
7103,5.419922e-02
7104,-6.567383e-02
7105,8.300781e-03
7106,-1.770020e-02
7107,-4.284668e-02
7108,2.941895e-02
7109,-8.825684e-02
7110,7.336426e-02
7111,-1.297607e-01
7112,1.127930e-01
7113,-1.652832e-01
7114,1.434326e-01
7115,-1.922607e-01
7116,1.641846e-01
7117,-2.076416e-01
7118,1.726074e-01
7119,-2.111816e-01
7120,1.719971e-01
7121,-2.025146e-01
7122,1.578369e-01
7123,-1.805420e-01
7124,1.295166e-01
7125,-1.494141e-01
7126,9.533691e-02
7127,-1.110840e-01
7128,5.493164e-02
7129,-6.774902e-02
7130,6.469727e-03
7131,-1.879883e-02
7132,-4.309082e-02
7133,2.856445e-02
7134,-8.911133e-02
7135,7.287598e-02
7136,-1.306152e-01
7137,1.136475e-01
7138,-1.673584e-01
7139,1.451416e-01
7140,-1.914062e-01
7141,1.640625e-01
7142,-2.065430e-01
7143,1.741943e-01
7144,-2.097168e-01
7145,1.711426e-01
7146,-2.004395e-01
7147,1.568604e-01
7148,-1.806641e-01
7149,1.313477e-01
7150,-1.495361e-01
7151,9.472656e-02
7152,-1.113281e-01
7153,5.395508e-02
7154,-6.677246e-02
7155,7.446289e-03
7156,-1.843262e-02
7157,-4.187012e-02
7158,2.978516e-02
7159,-8.935547e-02
7160,7.324219e-02
7161,-1.292725e-01
7162,1.118164e-01
7163,-1.650391e-01
7164,1.451416e-01
7165,-1.923828e-01
7166,1.640625e-01
7167,-2.062988e-01
7168,1.741943e-01
7169,-2.106934e-01
7170,1.719971e-01
7171,-2.008057e-01
7172,1.575928e-01
7173,-1.829834e-01
7174,1.335449e-01
7175,-1.494141e-01
7176,9.606934e-02
7177,-1.102295e-01
7178,5.371094e-02
7179,-6.604004e-02
7180,7.080078e-03
7181,-1.965332e-02
7182,-4.211426e-02
7183,3.015137e-02
7184,-8.862305e-02
7185,7.348633e-02
7186,-1.285400e-01
7187,1.134033e-01
7188,-1.654053e-01
7189,1.434326e-01
7190,-1.918945e-01
7191,1.651611e-01
7192,-2.076416e-01
7193,1.744385e-01
7194,-2.110596e-01
7195,1.700439e-01
7196,-2.012939e-01
7197,1.567383e-01
7198,-1.810303e-01
7199,1.320801e-01
7200,-1.500244e-01
7201,9.582520e-02
7202,-1.109619e-01
7203,5.371094e-02
7204,-6.506348e-02
7205,8.422852e-03
7206,-1.794434e-02
7207,-4.113770e-02
7208,2.893066e-02
7209,-8.874512e-02
7210,7.397461e-02
7211,-1.323242e-01
7212,1.130371e-01
7213,-1.641846e-01
7214,1.429443e-01
7215,-1.907959e-01
7216,1.650391e-01
7217,-2.053223e-01
7218,1.741943e-01
7219,-2.114258e-01
7220,1.711426e-01
7221,-2.021484e-01
7222,1.566162e-01
7223,-1.818848e-01
7224,1.320801e-01
7225,-1.516113e-01
7226,9.594727e-02
7227,-1.114502e-01
7228,5.224609e-02
7229,-6.762695e-02
7230,6.225586e-03
7231,-1.794434e-02
7232,-4.138184e-02
7233,2.880859e-02
7234,-8.801270e-02
7235,7.299805e-02
7236,-1.309814e-01
7237,1.126709e-01
7238,-1.657715e-01
7239,1.441650e-01
7240,-1.923828e-01
7241,1.646729e-01
7242,-2.065430e-01
7243,1.723633e-01
7244,-2.108154e-01
7245,1.717529e-01
7246,-2.021484e-01
7247,1.567383e-01
7248,-1.806641e-01
7249,1.314697e-01
7250,-1.512451e-01
7251,9.558105e-02
7252,-1.124268e-01
7253,5.310059e-02
7254,-6.640625e-02
7255,6.835938e-03
7256,-1.989746e-02
7257,-4.211426e-02
7258,2.722168e-02
7259,-8.972168e-02
7260,7.385254e-02
7261,-1.292725e-01
7262,1.142578e-01
7263,-1.660156e-01
7264,1.434326e-01
7265,-1.918945e-01
7266,1.657715e-01
7267,-2.059326e-01
7268,1.739502e-01
7269,-2.088623e-01
7270,1.717529e-01
7271,-2.027588e-01
7272,1.563721e-01
7273,-1.813965e-01
7274,1.309814e-01
7275,-1.494141e-01
7276,9.643555e-02
7277,-1.109619e-01
7278,5.566406e-02
7279,-6.970215e-02
7280,5.737305e-03
7281,-1.940918e-02
7282,-4.199219e-02
7283,2.880859e-02
7284,-8.752441e-02
7285,7.409668e-02
7286,-1.307373e-01
7287,1.125488e-01
7288,-1.641846e-01
7289,1.428223e-01
7290,-1.917725e-01
7291,1.641846e-01
7292,-2.058105e-01
7293,1.728516e-01
7294,-2.114258e-01
7295,1.724854e-01
7296,-2.032471e-01
7297,1.571045e-01
7298,-1.802979e-01
7299,1.312256e-01
7300,-1.505127e-01
7301,9.887695e-02
7302,-1.137695e-01
7303,5.444336e-02
7304,-6.591797e-02
7305,6.225586e-03
7306,-1.721191e-02
7307,-4.199219e-02
7308,2.844238e-02
7309,-8.740234e-02
7310,7.348633e-02
7311,-1.307373e-01
7312,1.137695e-01
7313,-1.645508e-01
7314,1.434326e-01
7315,-1.905518e-01
7316,1.640625e-01
7317,-2.054443e-01
7318,1.741943e-01
7319,-2.108154e-01
7320,1.735840e-01
7321,-2.017822e-01
7322,1.582031e-01
7323,-1.804199e-01
7324,1.314697e-01
7325,-1.520996e-01
7326,9.704590e-02
7327,-1.116943e-01
7328,5.236816e-02
7329,-6.713867e-02
7330,7.934570e-03
7331,-2.026367e-02
7332,-4.187012e-02
7333,2.905273e-02
7334,-8.776855e-02
7335,7.250977e-02
7336,-1.298828e-01
7337,1.116943e-01
7338,-1.643066e-01
7339,1.435547e-01
7340,-1.896973e-01
7341,1.641846e-01
7342,-2.073975e-01
7343,1.749268e-01
7344,-2.108154e-01
7345,1.719971e-01
7346,-2.016602e-01
7347,1.557617e-01
7348,-1.811523e-01
7349,1.331787e-01
7350,-1.522217e-01
7351,9.960938e-02
7352,-1.116943e-01
7353,5.456543e-02
7354,-6.628418e-02
7355,6.347656e-03
7356,-2.026367e-02
7357,-4.187012e-02
7358,2.819824e-02
7359,-8.837891e-02
7360,7.312012e-02
7361,-1.297607e-01
7362,1.126709e-01
7363,-1.629639e-01
7364,1.427002e-01
7365,-1.909180e-01
7366,1.649170e-01
7367,-2.076416e-01
7368,1.751709e-01
7369,-2.103271e-01
7370,1.718750e-01
7371,-1.999512e-01
7372,1.580811e-01
7373,-1.811523e-01
7374,1.323242e-01
7375,-1.512451e-01
7376,9.765625e-02
7377,-1.138916e-01
7378,5.346680e-02
7379,-6.762695e-02
7380,6.713867e-03
7381,-2.148438e-02
7382,-4.077148e-02
7383,2.770996e-02
7384,-8.837891e-02
7385,7.312012e-02
7386,-1.302490e-01
7387,1.123047e-01
7388,-1.641846e-01
7389,1.420898e-01
7390,-1.910400e-01
7391,1.649170e-01
7392,-2.065430e-01
7393,1.732178e-01
7394,-2.100830e-01
7395,1.707764e-01
7396,-2.045898e-01
7397,1.571045e-01
7398,-1.826172e-01
7399,1.326904e-01
7400,-1.501465e-01
7401,9.692383e-02
7402,-1.097412e-01
7403,5.627441e-02
7404,-6.774902e-02
7405,7.812500e-03
7406,-1.818848e-02
7407,-4.199219e-02
7408,2.893066e-02
7409,-8.654785e-02
7410,7.348633e-02
7411,-1.284180e-01
7412,1.121826e-01
7413,-1.669922e-01
7414,1.439209e-01
7415,-1.923828e-01
7416,1.635742e-01
7417,-2.066650e-01
7418,1.748047e-01
7419,-2.094727e-01
7420,1.716309e-01
7421,-2.022705e-01
7422,1.575928e-01
7423,-1.815186e-01
7424,1.302490e-01
7425,-1.527100e-01
7426,9.729004e-02
7427,-1.138916e-01
7428,5.371094e-02
7429,-6.787109e-02
7430,6.103516e-03
7431,-1.928711e-02
7432,-4.064941e-02
7433,2.636719e-02
7434,-8.703613e-02
7435,7.324219e-02
7436,-1.315918e-01
7437,1.123047e-01
7438,-1.660156e-01
7439,1.423340e-01
7440,-1.921387e-01
7441,1.646729e-01
7442,-2.058105e-01
7443,1.739502e-01
7444,-2.093506e-01
7445,1.711426e-01
7446,-2.023926e-01
7447,1.572266e-01
7448,-1.823730e-01
7449,1.335449e-01
7450,-1.507568e-01
7451,9.606934e-02
7452,-1.110840e-01
7453,5.395508e-02
7454,-6.677246e-02
7455,8.056641e-03
7456,-2.050781e-02
7457,-3.808594e-02
7458,2.954102e-02
7459,-8.715820e-02
7460,7.336426e-02
7461,-1.295166e-01
7462,1.132812e-01
7463,-1.666260e-01
7464,1.448975e-01
7465,-1.904297e-01
7466,1.644287e-01
7467,-2.059326e-01
7468,1.746826e-01
7469,-2.104492e-01
7470,1.717529e-01
7471,-2.000732e-01
7472,1.569824e-01
7473,-1.822510e-01
7474,1.320801e-01
7475,-1.512451e-01
7476,9.716797e-02
7477,-1.126709e-01
7478,5.468750e-02
7479,-6.665039e-02
7480,6.713867e-03
7481,-1.953125e-02
7482,-4.187012e-02
7483,2.612305e-02
7484,-8.801270e-02
7485,7.165527e-02
7486,-1.313477e-01
7487,1.108398e-01
7488,-1.662598e-01
7489,1.428223e-01
7490,-1.911621e-01
7491,1.649170e-01
7492,-2.052002e-01
7493,1.729736e-01
7494,-2.097168e-01
7495,1.724854e-01
7496,-2.028809e-01
7497,1.579590e-01
7498,-1.817627e-01
7499,1.312256e-01
7500,-1.507568e-01
7501,9.643555e-02
7502,-1.136475e-01
7503,5.456543e-02
7504,-6.811523e-02
7505,6.835938e-03
7506,-1.916504e-02
7507,-4.089355e-02
7508,2.673340e-02
7509,-8.715820e-02
7510,7.348633e-02
7511,-1.308594e-01
7512,1.134033e-01
7513,-1.646729e-01
7514,1.434326e-01
7515,-1.907959e-01
7516,1.641846e-01
7517,-2.065430e-01
7518,1.722412e-01
7519,-2.116699e-01
7520,1.708984e-01
7521,-2.033691e-01
7522,1.590576e-01
7523,-1.820068e-01
7524,1.329346e-01
7525,-1.513672e-01
7526,9.716797e-02
7527,-1.135254e-01
7528,5.371094e-02
7529,-6.860352e-02
7530,7.080078e-03
7531,-2.050781e-02
7532,-3.955078e-02
7533,2.685547e-02
7534,-8.666992e-02
7535,7.189941e-02
7536,-1.285400e-01
7537,1.108398e-01
7538,-1.647949e-01
7539,1.429443e-01
7540,-1.918945e-01
7541,1.639404e-01
7542,-2.054443e-01
7543,1.730957e-01
7544,-2.108154e-01
7545,1.712646e-01
7546,-2.021484e-01
7547,1.574707e-01
7548,-1.817627e-01
7549,1.323242e-01
7550,-1.508789e-01
7551,9.643555e-02
7552,-1.136475e-01
7553,5.627441e-02
7554,-6.835938e-02
7555,6.591797e-03
7556,-1.940918e-02
7557,-4.150391e-02
7558,2.722168e-02
7559,-8.752441e-02
7560,7.092285e-02
7561,-1.284180e-01
7562,1.118164e-01
7563,-1.657715e-01
7564,1.425781e-01
7565,-1.915283e-01
7566,1.635742e-01
7567,-2.054443e-01
7568,1.735840e-01
7569,-2.108154e-01
7570,1.721191e-01
7571,-2.031250e-01
7572,1.557617e-01
7573,-1.827393e-01
7574,1.329346e-01
7575,-1.520996e-01
7576,9.875488e-02
7577,-1.145020e-01
7578,5.371094e-02
7579,-6.774902e-02
7580,6.835938e-03
7581,-2.014160e-02
7582,-4.223633e-02
7583,2.612305e-02
7584,-8.764648e-02
7585,6.982422e-02
7586,-1.290283e-01
7587,1.124268e-01
7588,-1.643066e-01
7589,1.409912e-01
7590,-1.917725e-01
7591,1.635742e-01
7592,-2.086182e-01
7593,1.744385e-01
7594,-2.105713e-01
7595,1.724854e-01
7596,-2.016602e-01
7597,1.582031e-01
7598,-1.826172e-01
7599,1.325684e-01
7600,-1.520996e-01
7601,9.802246e-02
7602,-1.119385e-01
7603,5.371094e-02
7604,-6.628418e-02
7605,7.690430e-03
7606,-1.989746e-02
7607,-3.991699e-02
7608,2.746582e-02
7609,-8.630371e-02
7610,7.299805e-02
7611,-1.301270e-01
7612,1.124268e-01
7613,-1.638184e-01
7614,1.417236e-01
7615,-1.905518e-01
7616,1.640625e-01
7617,-2.059326e-01
7618,1.752930e-01
7619,-2.091064e-01
7620,1.721191e-01
7621,-2.019043e-01
7622,1.573486e-01
7623,-1.820068e-01
7624,1.319580e-01
7625,-1.530762e-01
7626,9.704590e-02
7627,-1.131592e-01
7628,5.529785e-02
7629,-6.774902e-02
7630,7.202148e-03
7631,-2.099609e-02
7632,-4.101562e-02
7633,2.587891e-02
7634,-8.764648e-02
7635,7.299805e-02
7636,-1.292725e-01
7637,1.112061e-01
7638,-1.640625e-01
7639,1.417236e-01
7640,-1.914062e-01
7641,1.644287e-01
7642,-2.067871e-01
7643,1.748047e-01
7644,-2.098389e-01
7645,1.707764e-01
7646,-2.023926e-01
7647,1.579590e-01
7648,-1.823730e-01
7649,1.331787e-01
7650,-1.523438e-01
7651,9.704590e-02
7652,-1.137695e-01
7653,5.456543e-02
7654,-6.835938e-02
7655,6.835938e-03
7656,-1.965332e-02
7657,-4.052734e-02
7658,2.722168e-02
7659,-8.764648e-02
7660,7.214355e-02
7661,-1.292725e-01
7662,1.110840e-01
7663,-1.644287e-01
7664,1.417236e-01
7665,-1.907959e-01
7666,1.646729e-01
7667,-2.078857e-01
7668,1.744385e-01
7669,-2.113037e-01
7670,1.727295e-01
7671,-2.008057e-01
7672,1.564941e-01
7673,-1.811523e-01
7674,1.325684e-01
7675,-1.520996e-01
7676,9.716797e-02
7677,-1.135254e-01
7678,5.468750e-02
7679,-6.750488e-02
7680,6.835938e-03
7681,-2.136230e-02
7682,-4.077148e-02
7683,2.673340e-02
7684,-8.618164e-02
7685,7.250977e-02
7686,-1.293945e-01
7687,1.116943e-01
7688,-1.650391e-01
7689,1.425781e-01
7690,-1.922607e-01
7691,1.645508e-01
7692,-2.048340e-01
7693,1.732178e-01
7694,-2.091064e-01
7695,1.711426e-01
7696,-2.041016e-01
7697,1.579590e-01
7698,-1.838379e-01
7699,1.323242e-01
7700,-1.503906e-01
7701,9.680176e-02
7702,-1.120605e-01
7703,5.541992e-02
7704,-6.787109e-02
7705,8.178711e-03
7706,-2.099609e-02
7707,-4.064941e-02
7708,2.722168e-02
7709,-8.654785e-02
7710,7.128906e-02
7711,-1.273193e-01
7712,1.102295e-01
7713,-1.649170e-01
7714,1.418457e-01
7715,-1.918945e-01
7716,1.647949e-01
7717,-2.075195e-01
7718,1.738281e-01
7719,-2.094727e-01
7720,1.699219e-01
7721,-2.034912e-01
7722,1.586914e-01
7723,-1.818848e-01
7724,1.329346e-01
7725,-1.513672e-01
7726,9.667969e-02
7727,-1.120605e-01
7728,5.541992e-02
7729,-6.726074e-02
7730,7.080078e-03
7731,-1.965332e-02
7732,-3.881836e-02
7733,2.697754e-02
7734,-8.715820e-02
7735,7.360840e-02
7736,-1.308594e-01
7737,1.112061e-01
7738,-1.632080e-01
7739,1.408691e-01
7740,-1.894531e-01
7741,1.629639e-01
7742,-2.077637e-01
7743,1.746826e-01
7744,-2.099609e-01
7745,1.718750e-01
7746,-2.025146e-01
7747,1.572266e-01
7748,-1.827393e-01
7749,1.335449e-01
7750,-1.519775e-01
7751,9.790039e-02
7752,-1.119385e-01
7753,5.493164e-02
7754,-6.921387e-02
7755,9.033203e-03
7756,-2.075195e-02
7757,-3.930664e-02
7758,2.832031e-02
7759,-8.679199e-02
7760,7.116699e-02
7761,-1.282959e-01
7762,1.118164e-01
7763,-1.646729e-01
7764,1.425781e-01
7765,-1.905518e-01
7766,1.632080e-01
7767,-2.058105e-01
7768,1.728516e-01
7769,-2.110596e-01
7770,1.721191e-01
7771,-2.025146e-01
7772,1.577148e-01
7773,-1.811523e-01
7774,1.326904e-01
7775,-1.506348e-01
7776,9.814453e-02
7777,-1.142578e-01
7778,5.493164e-02
7779,-6.884766e-02
7780,8.911133e-03
7781,-2.136230e-02
7782,-3.869629e-02
7783,2.673340e-02
7784,-8.801270e-02
7785,7.153320e-02
7786,-1.293945e-01
7787,1.115723e-01
7788,-1.650391e-01
7789,1.427002e-01
7790,-1.899414e-01
7791,1.634521e-01
7792,-2.059326e-01
7793,1.732178e-01
7794,-2.109375e-01
7795,1.708984e-01
7796,-2.021484e-01
7797,1.594238e-01
7798,-1.821289e-01
7799,1.343994e-01
7800,-1.513672e-01
7801,9.765625e-02
7802,-1.127930e-01
7803,5.554199e-02
7804,-6.848145e-02
7805,9.033203e-03
7806,-2.172852e-02
7807,-3.979492e-02
7808,2.807617e-02
7809,-8.642578e-02
7810,7.299805e-02
7811,-1.297607e-01
7812,1.119385e-01
7813,-1.639404e-01
7814,1.408691e-01
7815,-1.892090e-01
7816,1.651611e-01
7817,-2.050781e-01
7818,1.746826e-01
7819,-2.110596e-01
7820,1.718750e-01
7821,-2.026367e-01
7822,1.569824e-01
7823,-1.817627e-01
7824,1.336670e-01
7825,-1.546631e-01
7826,9.985352e-02
7827,-1.149902e-01
7828,5.505371e-02
7829,-6.774902e-02
7830,8.789062e-03
7831,-2.136230e-02
7832,-3.881836e-02
7833,2.624512e-02
7834,-8.666992e-02
7835,7.324219e-02
7836,-1.286621e-01
7837,1.093750e-01
7838,-1.635742e-01
7839,1.417236e-01
7840,-1.905518e-01
7841,1.638184e-01
7842,-2.067871e-01
7843,1.735840e-01
7844,-2.103271e-01
7845,1.723633e-01
7846,-2.023926e-01
7847,1.583252e-01
7848,-1.813965e-01
7849,1.323242e-01
7850,-1.517334e-01
7851,9.814453e-02
7852,-1.143799e-01
7853,5.773926e-02
7854,-6.945801e-02
7855,8.666992e-03
7856,-1.977539e-02
7857,-3.967285e-02
7858,2.697754e-02
7859,-8.508301e-02
7860,7.202148e-02
7861,-1.278076e-01
7862,1.125488e-01
7863,-1.640625e-01
7864,1.412354e-01
7865,-1.903076e-01
7866,1.625977e-01
7867,-2.055664e-01
7868,1.741943e-01
7869,-2.099609e-01
7870,1.721191e-01
7871,-2.034912e-01
7872,1.574707e-01
7873,-1.837158e-01
7874,1.329346e-01
7875,-1.525879e-01
7876,9.826660e-02
7877,-1.145020e-01
7878,5.541992e-02
7879,-6.848145e-02
7880,1.000977e-02
7881,-2.258301e-02
7882,-3.930664e-02
7883,2.770996e-02
7884,-8.679199e-02
7885,7.006836e-02
7886,-1.273193e-01
7887,1.101074e-01
7888,-1.640625e-01
7889,1.433105e-01
7890,-1.905518e-01
7891,1.645508e-01
7892,-2.050781e-01
7893,1.743164e-01
7894,-2.092285e-01
7895,1.718750e-01
7896,-2.017822e-01
7897,1.579590e-01
7898,-1.831055e-01
7899,1.328125e-01
7900,-1.525879e-01
7901,9.912109e-02
7902,-1.136475e-01
7903,5.603027e-02
7904,-6.994629e-02
7905,8.544922e-03
7906,-2.355957e-02
7907,-3.991699e-02
7908,2.551270e-02
7909,-8.605957e-02
7910,7.128906e-02
7911,-1.281738e-01
7912,1.110840e-01
7913,-1.614990e-01
7914,1.430664e-01
7915,-1.895752e-01
7916,1.629639e-01
7917,-2.061768e-01
7918,1.738281e-01
7919,-2.108154e-01
7920,1.722412e-01
7921,-2.036133e-01
7922,1.599121e-01
7923,-1.828613e-01
7924,1.330566e-01
7925,-1.522217e-01
7926,9.814453e-02
7927,-1.135254e-01
7928,5.578613e-02
7929,-7.006836e-02
7930,9.643555e-03
7931,-2.246094e-02
7932,-4.028320e-02
7933,2.624512e-02
7934,-8.630371e-02
7935,7.019043e-02
7936,-1.284180e-01
7937,1.104736e-01
7938,-1.645508e-01
7939,1.428223e-01
7940,-1.905518e-01
7941,1.632080e-01
7942,-2.067871e-01
7943,1.740723e-01
7944,-2.108154e-01
7945,1.729736e-01
7946,-2.025146e-01
7947,1.580811e-01
7948,-1.816406e-01
7949,1.328125e-01
7950,-1.520996e-01
7951,9.924316e-02
7952,-1.152344e-01
7953,5.883789e-02
7954,-6.921387e-02
7955,9.277344e-03
7956,-2.014160e-02
7957,-3.930664e-02
7958,2.722168e-02
7959,-8.325195e-02
7960,6.909180e-02
7961,-1.284180e-01
7962,1.091309e-01
7963,-1.645508e-01
7964,1.425781e-01
7965,-1.901855e-01
7966,1.638184e-01
7967,-2.048340e-01
7968,1.730957e-01
7969,-2.104492e-01
7970,1.744385e-01
7971,-2.028809e-01
7972,1.575928e-01
7973,-1.815186e-01
7974,1.323242e-01
7975,-1.524658e-01
7976,9.851074e-02
7977,-1.171875e-01
7978,5.627441e-02
7979,-7.006836e-02
7980,9.277344e-03
7981,-2.075195e-02
7982,-3.918457e-02
7983,2.685547e-02
7984,-8.496094e-02
7985,7.043457e-02
7986,-1.279297e-01
7987,1.109619e-01
7988,-1.634521e-01
7989,1.411133e-01
7990,-1.895752e-01
7991,1.639404e-01
7992,-2.069092e-01
7993,1.759033e-01
7994,-2.105713e-01
7995,1.695557e-01
7996,-2.012939e-01
7997,1.579590e-01
7998,-1.838379e-01
7999,1.343994e-01
8000,-1.533203e-01
8001,9.838867e-02
8002,-1.145020e-01
8003,5.383301e-02
8004,-6.896973e-02
8005,9.155273e-03
8006,-2.282715e-02
8007,-3.759766e-02
8008,2.551270e-02
8009,-8.496094e-02
8010,6.982422e-02
8011,-1.282959e-01
8012,1.093750e-01
8013,-1.644287e-01
8014,1.422119e-01
8015,-1.906738e-01
8016,1.645508e-01
8017,-2.059326e-01
8018,1.741943e-01
8019,-2.086182e-01
8020,1.710205e-01
8021,-2.028809e-01
8022,1.590576e-01
8023,-1.839600e-01
8024,1.339111e-01
8025,-1.529541e-01
8026,9.826660e-02
8027,-1.130371e-01
8028,5.712891e-02
8029,-6.909180e-02
8030,1.110840e-02
8031,-2.172852e-02
8032,-3.894043e-02
8033,2.636719e-02
8034,-8.532715e-02
8035,7.165527e-02
8036,-1.269531e-01
8037,1.101074e-01
8038,-1.624756e-01
8039,1.411133e-01
8040,-1.900635e-01
8041,1.635742e-01
8042,-2.077637e-01
8043,1.738281e-01
8044,-2.105713e-01
8045,1.722412e-01
8046,-2.026367e-01
8047,1.582031e-01
8048,-1.826172e-01
8049,1.342773e-01
8050,-1.524658e-01
8051,9.912109e-02
8052,-1.143799e-01
8053,5.798340e-02
8054,-6.750488e-02
8055,8.300781e-03
8056,-2.148438e-02
8057,-3.869629e-02
8058,2.551270e-02
8059,-8.459473e-02
8060,7.128906e-02
8061,-1.287842e-01
8062,1.109619e-01
8063,-1.628418e-01
8064,1.422119e-01
8065,-1.898193e-01
8066,1.630859e-01
8067,-2.062988e-01
8068,1.728516e-01
8069,-2.094727e-01
8070,1.712646e-01
8071,-2.031250e-01
8072,1.582031e-01
8073,-1.840820e-01
8074,1.324463e-01
8075,-1.545410e-01
8076,9.729004e-02
8077,-1.152344e-01
8078,5.603027e-02
8079,-6.994629e-02
8080,1.013184e-02
8081,-2.319336e-02
8082,-3.955078e-02
8083,2.685547e-02
8084,-8.630371e-02
8085,6.921387e-02
8086,-1.285400e-01
8087,1.093750e-01
8088,-1.632080e-01
8089,1.434326e-01
8090,-1.910400e-01
8091,1.628418e-01
8092,-2.069092e-01
8093,1.729736e-01
8094,-2.099609e-01
8095,1.722412e-01
8096,-2.022705e-01
8097,1.586914e-01
8098,-1.835938e-01
8099,1.339111e-01
8100,-1.534424e-01
8101,9.899902e-02
8102,-1.142578e-01
8103,5.700684e-02
8104,-7.006836e-02
8105,1.037598e-02
8106,-2.270508e-02
8107,-3.759766e-02
8108,2.636719e-02
8109,-8.544922e-02
8110,7.128906e-02
8111,-1.269531e-01
8112,1.096191e-01
8113,-1.632080e-01
8114,1.425781e-01
8115,-1.907959e-01
8116,1.630859e-01
8117,-2.072754e-01
8118,1.713867e-01
8119,-2.124023e-01
8120,1.721191e-01
8121,-2.028809e-01
8122,1.588135e-01
8123,-1.820068e-01
8124,1.333008e-01
8125,-1.539307e-01
8126,9.814453e-02
8127,-1.151123e-01
8128,5.676270e-02
8129,-7.128906e-02
8130,1.110840e-02
8131,-2.124023e-02
8132,-3.796387e-02
8133,2.490234e-02
8134,-8.496094e-02
8135,6.933594e-02
8136,-1.276855e-01
8137,1.101074e-01
8138,-1.639404e-01
8139,1.430664e-01
8140,-1.904297e-01
8141,1.650391e-01
8142,-2.060547e-01
8143,1.724854e-01
8144,-2.105713e-01
8145,1.718750e-01
8146,-2.005615e-01
8147,1.589355e-01
8148,-1.824951e-01
8149,1.336670e-01
8150,-1.528320e-01
8151,9.899902e-02
8152,-1.129150e-01
8153,5.810547e-02
8154,-7.128906e-02
8155,1.025391e-02
8156,-2.172852e-02
8157,-3.894043e-02
8158,2.551270e-02
8159,-8.581543e-02
8160,7.092285e-02
8161,-1.265869e-01
8162,1.101074e-01
8163,-1.644287e-01
8164,1.406250e-01
8165,-1.905518e-01
8166,1.632080e-01
8167,-2.066650e-01
8168,1.733398e-01
8169,-2.110596e-01
8170,1.707764e-01
8171,-2.032471e-01
8172,1.577148e-01
8173,-1.839600e-01
8174,1.331787e-01
8175,-1.525879e-01
8176,9.899902e-02
8177,-1.146240e-01
8178,5.786133e-02
8179,-6.835938e-02
8180,1.013184e-02
8181,-2.392578e-02
8182,-3.771973e-02
8183,2.490234e-02
8184,-8.679199e-02
8185,7.055664e-02
8186,-1.297607e-01
8187,1.092529e-01
8188,-1.639404e-01
8189,1.419678e-01
8190,-1.906738e-01
8191,1.635742e-01
8192,-2.058105e-01
8193,-2.058105e-01
8194,1.727295e-01
8195,-2.094727e-01
8196,1.721191e-01
8197,-2.026367e-01
8198,1.591797e-01
8199,-1.845703e-01
8200,1.345215e-01
8201,-1.531982e-01
8202,9.912109e-02
8203,-1.153564e-01
8204,5.590820e-02
8205,-6.860352e-02
8206,1.220703e-02
8207,-2.258301e-02
8208,-3.723145e-02
8209,2.478027e-02
8210,-8.618164e-02
8211,7.031250e-02
8212,-1.290283e-01
8213,1.096191e-01
8214,-1.643066e-01
8215,1.417236e-01
8216,-1.916504e-01
8217,1.632080e-01
8218,-2.069092e-01
8219,1.723633e-01
8220,-2.106934e-01
8221,1.724854e-01
8222,-2.027588e-01
8223,1.574707e-01
8224,-1.822510e-01
8225,1.329346e-01
8226,-1.547852e-01
8227,9.802246e-02
8228,-1.159668e-01
8229,5.541992e-02
8230,-7.104492e-02
8231,1.013184e-02
8232,-2.185059e-02
8233,-3.881836e-02
8234,2.612305e-02
8235,-8.520508e-02
8236,7.006836e-02
8237,-1.264648e-01
8238,1.086426e-01
8239,-1.627197e-01
8240,1.407471e-01
8241,-1.916504e-01
8242,1.643066e-01
8243,-2.065430e-01
8244,1.728516e-01
8245,-2.098389e-01
8246,1.718750e-01
8247,-2.027588e-01
8248,1.584473e-01
8249,-1.844482e-01
8250,1.335449e-01
8251,-1.531982e-01
8252,9.948730e-02
8253,-1.141357e-01
8254,5.627441e-02
8255,-6.994629e-02
8256,8.789062e-03
8257,-2.429199e-02
8258,-3.771973e-02
8259,2.514648e-02
8260,-8.593750e-02
8261,7.055664e-02
8262,-1.281738e-01
8263,1.091309e-01
8264,-1.649170e-01
8265,1.422119e-01
8266,-1.905518e-01
8267,1.629639e-01
8268,-2.045898e-01
8269,1.743164e-01
8270,-2.113037e-01
8271,1.721191e-01
8272,-2.032471e-01
8273,1.582031e-01
8274,-1.820068e-01
8275,1.340332e-01
8276,-1.528320e-01
8277,9.875488e-02
8278,-1.157227e-01
8279,5.651855e-02
8280,-7.080078e-02
8281,9.643555e-03
8282,-2.343750e-02
8283,-4.028320e-02
8284,2.441406e-02
8285,-8.471680e-02
8286,6.848145e-02
8287,-1.258545e-01
8288,1.094971e-01
8289,-1.623535e-01
8290,1.408691e-01
8291,-1.907959e-01
8292,1.624756e-01
8293,-2.071533e-01
8294,1.727295e-01
8295,-2.115479e-01
8296,1.721191e-01
8297,-2.030029e-01
8298,1.595459e-01
8299,-1.829834e-01
8300,1.339111e-01
8301,-1.524658e-01
8302,9.851074e-02
8303,-1.146240e-01
8304,5.603027e-02
8305,-6.860352e-02
8306,1.184082e-02
8307,-2.307129e-02
8308,-3.552246e-02
8309,2.636719e-02
8310,-8.520508e-02
8311,6.982422e-02
8312,-1.281738e-01
8313,1.094971e-01
8314,-1.623535e-01
8315,1.416016e-01
8316,-1.912842e-01
8317,1.625977e-01
8318,-2.069092e-01
8319,1.741943e-01
8320,-2.104492e-01
8321,1.718750e-01
8322,-2.026367e-01
8323,1.567383e-01
8324,-1.839600e-01
8325,1.330566e-01
8326,-1.531982e-01
8327,9.741211e-02
8328,-1.143799e-01
8329,5.615234e-02
8330,-7.128906e-02
8331,9.643555e-03
8332,-2.355957e-02
8333,-4.016113e-02
8334,2.502441e-02
8335,-8.557129e-02
8336,6.896973e-02
8337,-1.275635e-01
8338,1.101074e-01
8339,-1.623535e-01
8340,1.409912e-01
8341,-1.903076e-01
8342,1.624756e-01
8343,-2.058105e-01
8344,1.744385e-01
8345,-2.110596e-01
8346,1.734619e-01
8347,-2.020264e-01
8348,1.590576e-01
8349,-1.827393e-01
8350,1.325684e-01
8351,-1.529541e-01
8352,9.912109e-02
8353,-1.169434e-01
8354,5.749512e-02
8355,-7.177734e-02
8356,1.000977e-02
8357,-2.282715e-02
8358,-3.869629e-02
8359,2.490234e-02
8360,-8.435059e-02
8361,7.019043e-02
8362,-1.262207e-01
8363,1.086426e-01
8364,-1.624756e-01
8365,1.408691e-01
8366,-1.900635e-01
8367,1.622314e-01
8368,-2.062988e-01
8369,1.738281e-01
8370,-2.108154e-01
8371,1.724854e-01
8372,-2.033691e-01
8373,1.578369e-01
8374,-1.829834e-01
8375,1.352539e-01
8376,-1.535645e-01
8377,9.753418e-02
8378,-1.162109e-01
8379,5.627441e-02
8380,-7.092285e-02
8381,1.135254e-02
8382,-2.319336e-02
8383,-3.796387e-02
8384,2.294922e-02
8385,-8.520508e-02
8386,6.799316e-02
8387,-1.270752e-01
8388,1.087646e-01
8389,-1.619873e-01
8390,1.417236e-01
8391,-1.907959e-01
8392,1.644287e-01
8393,-2.069092e-01
8394,1.734619e-01
8395,-2.099609e-01
8396,1.707764e-01
8397,-2.026367e-01
8398,1.585693e-01
8399,-1.829834e-01
8400,1.331787e-01
8401,-1.528320e-01
8402,1.002197e-01
8403,-1.151123e-01
8404,5.688477e-02
8405,-7.006836e-02
8406,1.013184e-02
8407,-2.331543e-02
8408,-3.759766e-02
8409,2.355957e-02
8410,-8.386230e-02
8411,6.896973e-02
8412,-1.293945e-01
8413,1.112061e-01
8414,-1.629639e-01
8415,1.402588e-01
8416,-1.887207e-01
8417,1.625977e-01
8418,-2.067871e-01
8419,1.741943e-01
8420,-2.087402e-01
8421,1.727295e-01
8422,-2.023926e-01
8423,1.590576e-01
8424,-1.826172e-01
8425,1.330566e-01
8426,-1.531982e-01
8427,9.985352e-02
8428,-1.163330e-01
8429,5.700684e-02
8430,-7.104492e-02
8431,1.098633e-02
8432,-2.282715e-02
8433,-3.967285e-02
8434,2.392578e-02
8435,-8.544922e-02
8436,6.933594e-02
8437,-1.264648e-01
8438,1.085205e-01
8439,-1.623535e-01
8440,1.411133e-01
8441,-1.912842e-01
8442,1.621094e-01
8443,-2.070312e-01
8444,1.718750e-01
8445,-2.110596e-01
8446,1.711426e-01
8447,-2.026367e-01
8448,1.593018e-01
8449,-1.833496e-01
8450,1.339111e-01
8451,-1.533203e-01
8452,9.985352e-02
8453,-1.145020e-01
8454,5.725098e-02
8455,-6.921387e-02
8456,9.521484e-03
8457,-2.270508e-02
8458,-3.698730e-02
8459,2.453613e-02
8460,-8.532715e-02
8461,7.043457e-02
8462,-1.267090e-01
8463,1.092529e-01
8464,-1.618652e-01
8465,1.418457e-01
8466,-1.893311e-01
8467,1.632080e-01
8468,-2.056885e-01
8469,1.727295e-01
8470,-2.099609e-01
8471,1.724854e-01
8472,-2.042236e-01
8473,1.596680e-01
8474,-1.821289e-01
8475,1.347656e-01
8476,-1.533203e-01
8477,1.002197e-01
8478,-1.168213e-01
8479,5.834961e-02
8480,-7.263184e-02
8481,1.098633e-02
8482,-2.404785e-02
8483,-3.710938e-02
8484,2.539062e-02
8485,-8.435059e-02
8486,6.799316e-02
8487,-1.256104e-01
8488,1.087646e-01
8489,-1.623535e-01
8490,1.412354e-01
8491,-1.906738e-01
8492,1.628418e-01
8493,-2.069092e-01
8494,1.738281e-01
8495,-2.105713e-01
8496,1.711426e-01
8497,-2.023926e-01
8498,1.593018e-01
8499,-1.848145e-01
8500,1.335449e-01
8501,-1.544189e-01
8502,9.875488e-02
8503,-1.142578e-01
8504,5.700684e-02
8505,-7.092285e-02
8506,1.318359e-02
8507,-2.368164e-02
8508,-3.686523e-02
8509,2.526855e-02
8510,-8.349609e-02
8511,6.994629e-02
8512,-1.259766e-01
8513,1.083984e-01
8514,-1.638184e-01
8515,1.407471e-01
8516,-1.903076e-01
8517,1.630859e-01
8518,-2.067871e-01
8519,1.748047e-01
8520,-2.098389e-01
8521,1.722412e-01
8522,-2.031250e-01
8523,1.573486e-01
8524,-1.839600e-01
8525,1.334229e-01
8526,-1.544189e-01
8527,9.887695e-02
8528,-1.157227e-01
8529,5.969238e-02
8530,-7.275391e-02
8531,1.123047e-02
8532,-2.453613e-02
8533,-3.881836e-02
8534,2.465820e-02
8535,-8.544922e-02
8536,6.994629e-02
8537,-1.256104e-01
8538,1.070557e-01
8539,-1.634521e-01
8540,1.406250e-01
8541,-1.894531e-01
8542,1.624756e-01
8543,-2.054443e-01
8544,1.738281e-01
8545,-2.113037e-01
8546,1.718750e-01
8547,-2.030029e-01
8548,1.584473e-01
8549,-1.831055e-01
8550,1.358643e-01
8551,-1.546631e-01
8552,9.887695e-02
8553,-1.160889e-01
8554,5.615234e-02
8555,-7.214355e-02
8556,1.098633e-02
8557,-2.416992e-02
8558,-3.918457e-02
8559,2.624512e-02
8560,-8.422852e-02
8561,6.835938e-02
8562,-1.252441e-01
8563,1.080322e-01
8564,-1.641846e-01
8565,1.419678e-01
8566,-1.903076e-01
8567,1.624756e-01
8568,-2.059326e-01
8569,1.726074e-01
8570,-2.116699e-01
8571,1.716309e-01
8572,-2.055664e-01
8573,1.575928e-01
8574,-1.829834e-01
8575,1.314697e-01
8576,-1.546631e-01
8577,9.826660e-02
8578,-1.169434e-01
8579,5.700684e-02
8580,-7.141113e-02
8581,1.220703e-02
8582,-2.453613e-02
8583,-3.784180e-02
8584,2.355957e-02
8585,-8.459473e-02
8586,6.738281e-02
8587,-1.259766e-01
8588,1.083984e-01
8589,-1.625977e-01
8590,1.401367e-01
8591,-1.906738e-01
8592,1.641846e-01
8593,-2.060547e-01
8594,1.744385e-01
8595,-2.102051e-01
8596,1.707764e-01
8597,-2.023926e-01
8598,1.580811e-01
8599,-1.848145e-01
8600,1.358643e-01
8601,-1.539307e-01
8602,9.948730e-02
8603,-1.145020e-01
8604,5.603027e-02
8605,-7.250977e-02
8606,1.062012e-02
8607,-2.563477e-02
8608,-3.784180e-02
8609,2.453613e-02
8610,-8.386230e-02
8611,6.933594e-02
8612,-1.264648e-01
8613,1.075439e-01
8614,-1.623535e-01
8615,1.417236e-01
8616,-1.914062e-01
8617,1.640625e-01
8618,-2.045898e-01
8619,1.724854e-01
8620,-2.083740e-01
8621,1.732178e-01
8622,-2.030029e-01
8623,1.589355e-01
8624,-1.835938e-01
8625,1.343994e-01
8626,-1.556396e-01
8627,1.007080e-01
8628,-1.146240e-01
8629,5.859375e-02
8630,-7.153320e-02
8631,1.184082e-02
8632,-2.307129e-02
8633,-3.649902e-02
8634,2.380371e-02
8635,-8.374023e-02
8636,6.787109e-02
8637,-1.267090e-01
8638,1.083984e-01
8639,-1.640625e-01
8640,1.417236e-01
8641,-1.893311e-01
8642,1.625977e-01
8643,-2.041016e-01
8644,1.719971e-01
8645,-2.108154e-01
8646,1.738281e-01
8647,-2.033691e-01
8648,1.616211e-01
8649,-1.834717e-01
8650,1.337891e-01
8651,-1.555176e-01
8652,9.875488e-02
8653,-1.163330e-01
8654,5.798340e-02
8655,-7.214355e-02
8656,1.196289e-02
8657,-2.270508e-02
8658,-3.674316e-02
8659,2.490234e-02
8660,-8.459473e-02
8661,6.860352e-02
8662,-1.267090e-01
8663,1.079102e-01
8664,-1.625977e-01
8665,1.402588e-01
8666,-1.894531e-01
8667,1.622314e-01
8668,-2.059326e-01
8669,1.730957e-01
8670,-2.105713e-01
8671,1.726074e-01
8672,-2.041016e-01
8673,1.579590e-01
8674,-1.844482e-01
8675,1.343994e-01
8676,-1.540527e-01
8677,9.985352e-02
8678,-1.184082e-01
8679,5.871582e-02
8680,-7.348633e-02
8681,1.037598e-02
8682,-2.380371e-02
8683,-3.771973e-02
8684,2.453613e-02
8685,-8.459473e-02
8686,6.738281e-02
8687,-1.268311e-01
8688,1.076660e-01
8689,-1.625977e-01
8690,1.392822e-01
8691,-1.900635e-01
8692,1.622314e-01
8693,-2.060547e-01
8694,1.750488e-01
8695,-2.105713e-01
8696,1.717529e-01
8697,-2.037354e-01
8698,1.579590e-01
8699,-1.842041e-01
8700,1.350098e-01
8701,-1.550293e-01
8702,9.948730e-02
8703,-1.162109e-01
8704,5.712891e-02
8705,-7.177734e-02
8706,1.184082e-02
8707,-2.392578e-02
8708,-3.759766e-02
8709,2.380371e-02
8710,-8.398438e-02
8711,6.884766e-02
8712,-1.275635e-01
8713,1.079102e-01
8714,-1.616211e-01
8715,1.398926e-01
8716,-1.895752e-01
8717,1.623535e-01
8718,-2.066650e-01
8719,1.728516e-01
8720,-2.099609e-01
8721,1.734619e-01
8722,-2.031250e-01
8723,1.595459e-01
8724,-1.831055e-01
8725,1.342773e-01
8726,-1.549072e-01
8727,9.704590e-02
8728,-1.165771e-01
8729,5.834961e-02
8730,-7.214355e-02
8731,1.257324e-02
8732,-2.563477e-02
8733,-3.552246e-02
8734,2.355957e-02
8735,-8.435059e-02
8736,6.823730e-02
8737,-1.264648e-01
8738,1.079102e-01
8739,-1.632080e-01
8740,1.408691e-01
8741,-1.888428e-01
8742,1.607666e-01
8743,-2.056885e-01
8744,1.730957e-01
8745,-2.126465e-01
8746,1.717529e-01
8747,-2.021484e-01
8748,1.586914e-01
8749,-1.846924e-01
8750,1.358643e-01
8751,-1.538086e-01
8752,9.960938e-02
8753,-1.171875e-01
8754,5.798340e-02
8755,-7.299805e-02
8756,1.147461e-02
8757,-2.294922e-02
8758,-3.588867e-02
8759,2.294922e-02
8760,-8.288574e-02
8761,6.762695e-02
8762,-1.257324e-01
8763,1.092529e-01
8764,-1.640625e-01
8765,1.400146e-01
8766,-1.895752e-01
8767,1.601562e-01
8768,-2.060547e-01
8769,1.738281e-01
8770,-2.110596e-01
8771,1.712646e-01
8772,-2.039795e-01
8773,1.586914e-01
8774,-1.837158e-01
8775,1.343994e-01
8776,-1.551514e-01
8777,1.011963e-01
8778,-1.158447e-01
8779,5.871582e-02
8780,-7.250977e-02
8781,1.098633e-02
8782,-2.563477e-02
8783,-3.552246e-02
8784,2.282715e-02
8785,-8.374023e-02
8786,6.726074e-02
8787,-1.252441e-01
8788,1.082764e-01
8789,-1.623535e-01
8790,1.401367e-01
8791,-1.899414e-01
8792,1.607666e-01
8793,-2.061768e-01
8794,1.734619e-01
8795,-2.104492e-01
8796,1.724854e-01
8797,-2.032471e-01
8798,1.601562e-01
8799,-1.855469e-01
8800,1.352539e-01
8801,-1.530762e-01
8802,9.973145e-02
8803,-1.168213e-01
8804,5.834961e-02
8805,-7.373047e-02
8806,1.354980e-02
8807,-2.404785e-02
8808,-3.613281e-02
8809,2.282715e-02
8810,-8.361816e-02
8811,6.713867e-02
8812,-1.260986e-01
8813,1.072998e-01
8814,-1.619873e-01
8815,1.389160e-01
8816,-1.882324e-01
8817,1.619873e-01
8818,-2.059326e-01
8819,1.735840e-01
8820,-2.124023e-01
8821,1.716309e-01
8822,-2.039795e-01
8823,1.591797e-01
8824,-1.845703e-01
8825,1.340332e-01
8826,-1.546631e-01
8827,9.960938e-02
8828,-1.162109e-01
8829,5.798340e-02
8830,-7.360840e-02
8831,1.123047e-02
8832,-2.478027e-02
8833,-3.698730e-02
8834,2.209473e-02
8835,-8.374023e-02
8836,6.750488e-02
8837,-1.243896e-01
8838,1.075439e-01
8839,-1.612549e-01
8840,1.409912e-01
8841,-1.884766e-01
8842,1.622314e-01
8843,-2.069092e-01
8844,1.755371e-01
8845,-2.092285e-01
8846,1.713867e-01
8847,-2.023926e-01
8848,1.584473e-01
8849,-1.859131e-01
8850,1.339111e-01
8851,-1.561279e-01
8852,1.008301e-01
8853,-1.148682e-01
8854,5.847168e-02
8855,-7.189941e-02
8856,1.293945e-02
8857,-2.587891e-02
8858,-3.527832e-02
8859,2.307129e-02
8860,-8.276367e-02
8861,6.848145e-02
8862,-1.262207e-01
8863,1.075439e-01
8864,-1.623535e-01
8865,1.392822e-01
8866,-1.888428e-01
8867,1.630859e-01
8868,-2.048340e-01
8869,1.724854e-01
8870,-2.106934e-01
8871,1.726074e-01
8872,-2.041016e-01
8873,1.600342e-01
8874,-1.843262e-01
8875,1.352539e-01
8876,-1.556396e-01
8877,1.007080e-01
8878,-1.179199e-01
8879,5.749512e-02
8880,-7.299805e-02
8881,1.306152e-02
8882,-2.612305e-02
8883,-3.588867e-02
8884,2.355957e-02
8885,-8.593750e-02
8886,6.860352e-02
8887,-1.262207e-01
8888,1.083984e-01
8889,-1.604004e-01
8890,1.409912e-01
8891,-1.889648e-01
8892,1.644287e-01
8893,-2.050781e-01
8894,1.746826e-01
8895,-2.098389e-01
8896,1.716309e-01
8897,-2.016602e-01
8898,1.577148e-01
8899,-1.840820e-01
8900,1.359863e-01
8901,-1.573486e-01
8902,1.005859e-01
8903,-1.162109e-01
8904,5.883789e-02
8905,-7.092285e-02
8906,1.184082e-02
8907,-2.429199e-02
8908,-3.540039e-02
8909,2.221680e-02
8910,-8.349609e-02
8911,6.738281e-02
8912,-1.265869e-01
8913,1.069336e-01
8914,-1.608887e-01
8915,1.383057e-01
8916,-1.893311e-01
8917,1.629639e-01
8918,-2.048340e-01
8919,1.733398e-01
8920,-2.103271e-01
8921,1.727295e-01
8922,-2.056885e-01
8923,1.606445e-01
8924,-1.849365e-01
8925,1.346436e-01
8926,-1.550293e-01
8927,9.997559e-02
8928,-1.179199e-01
8929,5.810547e-02
8930,-7.263184e-02
8931,1.354980e-02
8932,-2.392578e-02
8933,-3.466797e-02
8934,2.075195e-02
8935,-8.288574e-02
8936,6.750488e-02
8937,-1.251221e-01
8938,1.082764e-01
8939,-1.616211e-01
8940,1.398926e-01
8941,-1.899414e-01
8942,1.625977e-01
8943,-2.043457e-01
8944,1.724854e-01
8945,-2.100830e-01
8946,1.713867e-01
8947,-2.036133e-01
8948,1.607666e-01
8949,-1.854248e-01
8950,1.359863e-01
8951,-1.551514e-01
8952,1.003418e-01
8953,-1.162109e-01
8954,6.030273e-02
8955,-7.287598e-02
8956,1.306152e-02
8957,-2.465820e-02
8958,-3.454590e-02
8959,2.380371e-02
8960,-8.288574e-02
8961,6.945801e-02
8962,-1.247559e-01
8963,1.068115e-01
8964,-1.606445e-01
8965,1.385498e-01
8966,-1.896973e-01
8967,1.628418e-01
8968,-2.072754e-01
8969,1.733398e-01
8970,-2.109375e-01
8971,1.711426e-01
8972,-2.033691e-01
8973,1.600342e-01
8974,-1.865234e-01
8975,1.353760e-01
8976,-1.549072e-01
8977,1.024170e-01
8978,-1.180420e-01
8979,6.054688e-02
8980,-7.299805e-02
8981,1.306152e-02
8982,-2.453613e-02
8983,-3.735352e-02
8984,2.136230e-02
8985,-8.361816e-02
8986,6.762695e-02
8987,-1.252441e-01
8988,1.074219e-01
8989,-1.624756e-01
8990,1.392822e-01
8991,-1.875000e-01
8992,1.617432e-01
8993,-2.054443e-01
8994,1.738281e-01
8995,-2.098389e-01
8996,1.722412e-01
8997,-2.033691e-01
8998,1.596680e-01
8999,-1.856689e-01
9000,1.343994e-01
9001,-1.541748e-01
9002,1.007080e-01
9003,-1.162109e-01
9004,6.079102e-02
9005,-7.202148e-02
9006,1.354980e-02
9007,-2.441406e-02
9008,-3.735352e-02
9009,2.282715e-02
9010,-8.264160e-02
9011,6.616211e-02
9012,-1.247559e-01
9013,1.068115e-01
9014,-1.624756e-01
9015,1.391602e-01
9016,-1.888428e-01
9017,1.618652e-01
9018,-2.070312e-01
9019,1.732178e-01
9020,-2.092285e-01
9021,1.717529e-01
9022,-2.038574e-01
9023,1.604004e-01
9024,-1.824951e-01
9025,1.336670e-01
9026,-1.531982e-01
9027,1.011963e-01
9028,-1.154785e-01
9029,5.969238e-02
9030,-7.360840e-02
9031,1.293945e-02
9032,-2.709961e-02
9033,-3.759766e-02
9034,2.270508e-02
9035,-8.203125e-02
9036,6.787109e-02
9037,-1.242676e-01
9038,1.079102e-01
9039,-1.618652e-01
9040,1.402588e-01
9041,-1.868896e-01
9042,1.622314e-01
9043,-2.039795e-01
9044,1.733398e-01
9045,-2.110596e-01
9046,1.738281e-01
9047,-2.032471e-01
9048,1.600342e-01
9049,-1.838379e-01
9050,1.359863e-01
9051,-1.547852e-01
9052,1.013184e-01
9053,-1.177979e-01
9054,5.969238e-02
9055,-7.336426e-02
9056,1.220703e-02
9057,-2.465820e-02
9058,-3.576660e-02
9059,2.172852e-02
9060,-8.239746e-02
9061,6.665039e-02
9062,-1.264648e-01
9063,1.075439e-01
9064,-1.605225e-01
9065,1.392822e-01
9066,-1.875000e-01
9067,1.633301e-01
9068,-2.058105e-01
9069,1.741943e-01
9070,-2.110596e-01
9071,1.729736e-01
9072,-2.028809e-01
9073,1.593018e-01
9074,-1.853027e-01
9075,1.348877e-01
9076,-1.551514e-01
9077,1.013184e-01
9078,-1.184082e-01
9079,6.054688e-02
9080,-7.360840e-02
9081,1.257324e-02
9082,-2.685547e-02
9083,-3.576660e-02
9084,2.221680e-02
9085,-8.288574e-02
9086,6.774902e-02
9087,-1.254883e-01
9088,1.068115e-01
9089,-1.630859e-01
9090,1.409912e-01
9091,-1.883545e-01
9092,1.635742e-01
9093,-2.045898e-01
9094,1.732178e-01
9095,-2.100830e-01
9096,1.726074e-01
9097,-2.034912e-01
9098,1.590576e-01
9099,-1.854248e-01
9100,1.348877e-01
9101,-1.550293e-01
9102,1.016846e-01
9103,-1.184082e-01
9104,5.969238e-02
9105,-7.238770e-02
9106,1.354980e-02
9107,-2.612305e-02
9108,-3.405762e-02
9109,2.124023e-02
9110,-8.117676e-02
9111,6.799316e-02
9112,-1.242676e-01
9113,1.076660e-01
9114,-1.608887e-01
9115,1.408691e-01
9116,-1.893311e-01
9117,1.630859e-01
9118,-2.052002e-01
9119,1.732178e-01
9120,-2.102051e-01
9121,1.735840e-01
9122,-2.022705e-01
9123,1.593018e-01
9124,-1.853027e-01
9125,1.351318e-01
9126,-1.555176e-01
9127,1.010742e-01
9128,-1.176758e-01
9129,5.883789e-02
9130,-7.348633e-02
9131,1.269531e-02
9132,-2.575684e-02
9133,-3.466797e-02
9134,2.221680e-02
9135,-8.203125e-02
9136,6.689453e-02
9137,-1.259766e-01
9138,1.066895e-01
9139,-1.611328e-01
9140,1.394043e-01
9141,-1.894531e-01
9142,1.612549e-01
9143,-2.056885e-01
9144,1.739502e-01
9145,-2.091064e-01
9146,1.727295e-01
9147,-2.025146e-01
9148,1.585693e-01
9149,-1.848145e-01
9150,1.361084e-01
9151,-1.556396e-01
9152,1.032715e-01
9153,-1.170654e-01
9154,5.932617e-02
9155,-7.177734e-02
9156,1.354980e-02
9157,-2.575684e-02
9158,-3.381348e-02
9159,2.160645e-02
9160,-8.215332e-02
9161,6.750488e-02
9162,-1.253662e-01
9163,1.057129e-01
9164,-1.617432e-01
9165,1.392822e-01
9166,-1.882324e-01
9167,1.612549e-01
9168,-2.059326e-01
9169,1.760254e-01
9170,-2.100830e-01
9171,1.727295e-01
9172,-2.037354e-01
9173,1.599121e-01
9174,-1.853027e-01
9175,1.357422e-01
9176,-1.552734e-01
9177,1.005859e-01
9178,-1.181641e-01
9179,6.091309e-02
9180,-7.360840e-02
9181,1.354980e-02
9182,-2.685547e-02
9183,-3.527832e-02
9184,2.282715e-02
9185,-8.288574e-02
9186,6.750488e-02
9187,-1.247559e-01
9188,1.058350e-01
9189,-1.614990e-01
9190,1.403809e-01
9191,-1.888428e-01
9192,1.621094e-01
9193,-2.042236e-01
9194,1.727295e-01
9195,-2.110596e-01
9196,1.733398e-01
9197,-2.032471e-01
9198,1.610107e-01
9199,-1.837158e-01
9200,1.336670e-01
9201,-1.561279e-01
9202,1.022949e-01
9203,-1.184082e-01
9204,5.969238e-02
9205,-7.189941e-02
9206,1.391602e-02
9207,-2.600098e-02
9208,-3.576660e-02
9209,1.953125e-02
9210,-8.239746e-02
9211,6.640625e-02
9212,-1.245117e-01
9213,1.074219e-01
9214,-1.617432e-01
9215,1.385498e-01
9216,-1.875000e-01
9217,1.607666e-01
9218,-2.070312e-01
9219,1.734619e-01
9220,-2.124023e-01
9221,1.728516e-01
9222,-2.027588e-01
9223,1.578369e-01
9224,-1.837158e-01
9225,1.348877e-01
9226,-1.563721e-01
9227,1.014404e-01
9228,-1.192627e-01
9229,6.054688e-02
9230,-7.446289e-02
9231,1.354980e-02
9232,-2.502441e-02
9233,-3.503418e-02
9234,2.368164e-02
9235,-8.117676e-02
9236,6.713867e-02
9237,-1.236572e-01
9238,1.059570e-01
9239,-1.611328e-01
9240,1.385498e-01
9241,-1.885986e-01
9242,1.621094e-01
9243,-2.056885e-01
9244,1.727295e-01
9245,-2.100830e-01
9246,1.724854e-01
9247,-2.030029e-01
9248,1.606445e-01
9249,-1.839600e-01
9250,1.369629e-01
9251,-1.560059e-01
9252,1.015625e-01
9253,-1.169434e-01
9254,5.944824e-02
9255,-7.275391e-02
9256,1.354980e-02
9257,-2.636719e-02
9258,-3.393555e-02
9259,2.209473e-02
9260,-8.020020e-02
9261,6.542969e-02
9262,-1.237793e-01
9263,1.083984e-01
9264,-1.614990e-01
9265,1.396484e-01
9266,-1.878662e-01
9267,1.619873e-01
9268,-2.036133e-01
9269,1.733398e-01
9270,-2.091064e-01
9271,1.745605e-01
9272,-2.021484e-01
9273,1.596680e-01
9274,-1.854248e-01
9275,1.357422e-01
9276,-1.563721e-01
9277,1.030273e-01
9278,-1.182861e-01
9279,6.201172e-02
9280,-7.360840e-02
9281,1.269531e-02
9282,-2.685547e-02
9283,-3.503418e-02
9284,2.185059e-02
9285,-8.129883e-02
9286,6.726074e-02
9287,-1.247559e-01
9288,1.059570e-01
9289,-1.608887e-01
9290,1.392822e-01
9291,-1.888428e-01
9292,1.621094e-01
9293,-2.050781e-01
9294,1.730957e-01
9295,-2.119141e-01
9296,1.724854e-01
9297,-2.047119e-01
9298,1.589355e-01
9299,-1.842041e-01
9300,1.363525e-01
9301,-1.538086e-01
9302,1.021729e-01
9303,-1.159668e-01
9304,6.030273e-02
9305,-7.434082e-02
9306,1.403809e-02
9307,-2.685547e-02
9308,-3.588867e-02
9309,2.282715e-02
9310,-8.093262e-02
9311,6.652832e-02
9312,-1.236572e-01
9313,1.069336e-01
9314,-1.611328e-01
9315,1.400146e-01
9316,-1.877441e-01
9317,1.608887e-01
9318,-2.054443e-01
9319,1.716309e-01
9320,-2.102051e-01
9321,1.724854e-01
9322,-2.048340e-01
9323,1.610107e-01
9324,-1.860352e-01
9325,1.359863e-01
9326,-1.561279e-01
9327,1.025391e-01
9328,-1.170654e-01
9329,6.201172e-02
9330,-7.458496e-02
9331,1.281738e-02
9332,-2.648926e-02
9333,-3.637695e-02
9334,2.111816e-02
9335,-8.117676e-02
9336,6.555176e-02
9337,-1.236572e-01
9338,1.075439e-01
9339,-1.612549e-01
9340,1.409912e-01
9341,-1.892090e-01
9342,1.632080e-01
9343,-2.053223e-01
9344,1.724854e-01
9345,-2.110596e-01
9346,1.719971e-01
9347,-2.033691e-01
9348,1.600342e-01
9349,-1.840820e-01
9350,1.361084e-01
9351,-1.564941e-01
9352,1.032715e-01
9353,-1.170654e-01
9354,6.140137e-02
9355,-7.373047e-02
9356,1.354980e-02
9357,-2.502441e-02
9358,-3.454590e-02
9359,2.221680e-02
9360,-8.288574e-02
9361,6.616211e-02
9362,-1.230469e-01
9363,1.054688e-01
9364,-1.597900e-01
9365,1.392822e-01
9366,-1.884766e-01
9367,1.634521e-01
9368,-2.047119e-01
9369,1.732178e-01
9370,-2.108154e-01
9371,1.727295e-01
9372,-2.028809e-01
9373,1.608887e-01
9374,-1.845703e-01
9375,1.351318e-01
9376,-1.572266e-01
9377,1.015625e-01
9378,-1.187744e-01
9379,6.103516e-02
9380,-7.495117e-02
9381,1.403809e-02
9382,-2.587891e-02
9383,-3.564453e-02
9384,2.099609e-02
9385,-8.117676e-02
9386,6.494141e-02
9387,-1.248779e-01
9388,1.060791e-01
9389,-1.595459e-01
9390,1.406250e-01
9391,-1.875000e-01
9392,1.617432e-01
9393,-2.045898e-01
9394,1.712646e-01
9395,-2.098389e-01
9396,1.724854e-01
9397,-2.030029e-01
9398,1.616211e-01
9399,-1.871338e-01
9400,1.365967e-01
9401,-1.560059e-01
9402,1.025391e-01
9403,-1.177979e-01
9404,6.274414e-02
9405,-7.373047e-02
9406,1.550293e-02
9407,-2.526855e-02
9408,-3.308105e-02
9409,2.233887e-02
9410,-7.995605e-02
9411,6.640625e-02
9412,-1.234131e-01
9413,1.070557e-01
9414,-1.602783e-01
9415,1.386719e-01
9416,-1.879883e-01
9417,1.627197e-01
9418,-2.050781e-01
9419,1.737061e-01
9420,-2.091064e-01
9421,1.730957e-01
9422,-2.045898e-01
9423,1.606445e-01
9424,-1.855469e-01
9425,1.365967e-01
9426,-1.563721e-01
9427,1.040039e-01
9428,-1.187744e-01
9429,6.018066e-02
9430,-7.434082e-02
9431,1.416016e-02
9432,-2.709961e-02
9433,-3.454590e-02
9434,2.050781e-02
9435,-8.215332e-02
9436,6.689453e-02
9437,-1.239014e-01
9438,1.068115e-01
9439,-1.611328e-01
9440,1.387939e-01
9441,-1.871338e-01
9442,1.622314e-01
9443,-2.061768e-01
9444,1.741943e-01
9445,-2.094727e-01
9446,1.710205e-01
9447,-2.019043e-01
9448,1.588135e-01
9449,-1.856689e-01
9450,1.369629e-01
9451,-1.572266e-01
9452,1.029053e-01
9453,-1.179199e-01
9454,5.920410e-02
9455,-7.348633e-02
9456,1.342773e-02
9457,-2.868652e-02
9458,-3.369141e-02
9459,2.246094e-02
9460,-8.203125e-02
9461,6.726074e-02
9462,-1.235352e-01
9463,1.046143e-01
9464,-1.604004e-01
9465,1.375732e-01
9466,-1.888428e-01
9467,1.618652e-01
9468,-2.054443e-01
9469,1.732178e-01
9470,-2.089844e-01
9471,1.726074e-01
9472,-2.044678e-01
9473,1.607666e-01
9474,-1.871338e-01
9475,1.357422e-01
9476,-1.563721e-01
9477,1.011963e-01
9478,-1.187744e-01
9479,6.115723e-02
9480,-7.543945e-02
9481,1.428223e-02
9482,-2.819824e-02
9483,-3.552246e-02
9484,1.989746e-02
9485,-8.105469e-02
9486,6.530762e-02
9487,-1.237793e-01
9488,1.063232e-01
9489,-1.616211e-01
9490,1.391602e-01
9491,-1.888428e-01
9492,1.613770e-01
9493,-2.044678e-01
9494,1.744385e-01
9495,-2.106934e-01
9496,1.729736e-01
9497,-2.027588e-01
9498,1.605225e-01
9499,-1.854248e-01
9500,1.367188e-01
9501,-1.567383e-01
9502,1.018066e-01
9503,-1.186523e-01
9504,6.127930e-02
9505,-7.385254e-02
9506,1.391602e-02
9507,-2.636719e-02
9508,-3.295898e-02
9509,2.111816e-02
9510,-8.007812e-02
9511,6.579590e-02
9512,-1.243896e-01
9513,1.066895e-01
9514,-1.596680e-01
9515,1.383057e-01
9516,-1.884766e-01
9517,1.619873e-01
9518,-2.054443e-01
9519,1.733398e-01
9520,-2.110596e-01
9521,1.723633e-01
9522,-2.041016e-01
9523,1.593018e-01
9524,-1.859131e-01
9525,1.369629e-01
9526,-1.558838e-01
9527,1.025391e-01
9528,-1.171875e-01
9529,6.103516e-02
9530,-7.446289e-02
9531,1.379395e-02
9532,-2.612305e-02
9533,-3.417969e-02
9534,2.038574e-02
9535,-8.032227e-02
9536,6.701660e-02
9537,-1.256104e-01
9538,1.058350e-01
9539,-1.596680e-01
9540,1.372070e-01
9541,-1.879883e-01
9542,1.612549e-01
9543,-2.065430e-01
9544,1.748047e-01
9545,-2.100830e-01
9546,1.724854e-01
9547,-2.039795e-01
9548,1.595459e-01
9549,-1.867676e-01
9550,1.378174e-01
9551,-1.538086e-01
9552,1.014404e-01
9553,-1.166992e-01
9554,6.311035e-02
9555,-7.446289e-02
9556,1.623535e-02
9557,-2.770996e-02
9558,-3.503418e-02
9559,2.124023e-02
9560,-8.044434e-02
9561,6.591797e-02
9562,-1.230469e-01
9563,1.075439e-01
9564,-1.611328e-01
9565,1.385498e-01
9566,-1.868896e-01
9567,1.612549e-01
9568,-2.053223e-01
9569,1.738281e-01
9570,-2.099609e-01
9571,1.727295e-01
9572,-2.039795e-01
9573,1.600342e-01
9574,-1.857910e-01
9575,1.350098e-01
9576,-1.568604e-01
9577,1.022949e-01
9578,-1.179199e-01
9579,6.274414e-02
9580,-7.434082e-02
9581,1.513672e-02
9582,-2.661133e-02
9583,-3.552246e-02
9584,2.355957e-02
9585,-8.105469e-02
9586,6.469727e-02
9587,-1.236572e-01
9588,1.053467e-01
9589,-1.586914e-01
9590,1.375732e-01
9591,-1.878662e-01
9592,1.601562e-01
9593,-2.066650e-01
9594,1.737061e-01
9595,-2.103271e-01
9596,1.734619e-01
9597,-2.039795e-01
9598,1.608887e-01
9599,-1.864014e-01
9600,1.368408e-01
9601,-1.560059e-01
9602,1.031494e-01
9603,-1.182861e-01
9604,6.103516e-02
9605,-7.519531e-02
9606,1.635742e-02
9607,-2.685547e-02
9608,-3.332520e-02
9609,2.062988e-02
9610,-8.032227e-02
9611,6.420898e-02
9612,-1.229248e-01
9613,1.066895e-01
9614,-1.617432e-01
9615,1.384277e-01
9616,-1.882324e-01
9617,1.616211e-01
9618,-2.045898e-01
9619,1.732178e-01
9620,-2.116699e-01
9621,1.724854e-01
9622,-2.045898e-01
9623,1.595459e-01
9624,-1.870117e-01
9625,1.361084e-01
9626,-1.560059e-01
9627,1.027832e-01
9628,-1.179199e-01
9629,6.164551e-02
9630,-7.690430e-02
9631,1.513672e-02
9632,-2.770996e-02
9633,-3.381348e-02
9634,2.026367e-02
9635,-8.203125e-02
9636,6.616211e-02
9637,-1.225586e-01
9638,1.044922e-01
9639,-1.605225e-01
9640,1.390381e-01
9641,-1.901855e-01
9642,1.617432e-01
9643,-2.053223e-01
9644,1.706543e-01
9645,-2.099609e-01
9646,1.724854e-01
9647,-2.038574e-01
9648,1.628418e-01
9649,-1.865234e-01
9650,1.372070e-01
9651,-1.555176e-01
9652,1.032715e-01
9653,-1.184082e-01
9654,6.103516e-02
9655,-7.666016e-02
9656,1.440430e-02
9657,-2.868652e-02
9658,-3.222656e-02
9659,2.124023e-02
9660,-8.007812e-02
9661,6.738281e-02
9662,-1.226807e-01
9663,1.066895e-01
9664,-1.602783e-01
9665,1.378174e-01
9666,-1.877441e-01
9667,1.622314e-01
9668,-2.038574e-01
9669,1.728516e-01
9670,-2.095947e-01
9671,1.739502e-01
9672,-2.052002e-01
9673,1.619873e-01
9674,-1.864014e-01
9675,1.370850e-01
9676,-1.579590e-01
9677,1.030273e-01
9678,-1.191406e-01
9679,6.091309e-02
9680,-7.617188e-02
9681,1.684570e-02
9682,-2.868652e-02
9683,-3.332520e-02
9684,2.075195e-02
9685,-8.166504e-02
9686,6.555176e-02
9687,-1.256104e-01
9688,1.066895e-01
9689,-1.610107e-01
9690,1.383057e-01
9691,-1.866455e-01
9692,1.617432e-01
9693,-2.045898e-01
9694,1.739502e-01
9695,-2.086182e-01
9696,1.716309e-01
9697,-2.039795e-01
9698,1.608887e-01
9699,-1.871338e-01
9700,1.373291e-01
9701,-1.563721e-01
9702,1.024170e-01
9703,-1.173096e-01
9704,6.103516e-02
9705,-7.470703e-02
9706,1.696777e-02
9707,-2.734375e-02
9708,-3.308105e-02
9709,1.977539e-02
9710,-8.032227e-02
9711,6.372070e-02
9712,-1.226807e-01
9713,1.055908e-01
9714,-1.601562e-01
9715,1.381836e-01
9716,-1.879883e-01
9717,1.607666e-01
9718,-2.056885e-01
9719,1.735840e-01
9720,-2.103271e-01
9721,1.729736e-01
9722,-2.023926e-01
9723,1.612549e-01
9724,-1.861572e-01
9725,1.357422e-01
9726,-1.578369e-01
9727,1.031494e-01
9728,-1.187744e-01
9729,6.188965e-02
9730,-7.495117e-02
9731,1.440430e-02
9732,-2.770996e-02
9733,-3.417969e-02
9734,1.953125e-02
9735,-7.885742e-02
9736,6.555176e-02
9737,-1.230469e-01
9738,1.058350e-01
9739,-1.604004e-01
9740,1.386719e-01
9741,-1.892090e-01
9742,1.614990e-01
9743,-2.060547e-01
9744,1.718750e-01
9745,-2.110596e-01
9746,1.728516e-01
9747,-2.028809e-01
9748,1.605225e-01
9749,-1.854248e-01
9750,1.369629e-01
9751,-1.580811e-01
9752,1.029053e-01
9753,-1.195068e-01
9754,6.201172e-02
9755,-7.604980e-02
9756,1.489258e-02
9757,-2.917480e-02
9758,-3.125000e-02
9759,2.038574e-02
9760,-8.068848e-02
9761,6.713867e-02
9762,-1.228027e-01
9763,1.058350e-01
9764,-1.602783e-01
9765,1.381836e-01
9766,-1.875000e-01
9767,1.607666e-01
9768,-2.038574e-01
9769,1.727295e-01
9770,-2.117920e-01
9771,1.716309e-01
9772,-2.039795e-01
9773,1.614990e-01
9774,-1.872559e-01
9775,1.370850e-01
9776,-1.562500e-01
9777,1.029053e-01
9778,-1.204834e-01
9779,6.115723e-02
9780,-7.446289e-02
9781,1.611328e-02
9782,-2.941895e-02
9783,-3.198242e-02
9784,1.867676e-02
9785,-8.056641e-02
9786,6.445312e-02
9787,-1.239014e-01
9788,1.049805e-01
9789,-1.605225e-01
9790,1.375732e-01
9791,-1.883545e-01
9792,1.613770e-01
9793,-2.042236e-01
9794,1.738281e-01
9795,-2.087402e-01
9796,1.727295e-01
9797,-2.047119e-01
9798,1.607666e-01
9799,-1.860352e-01
9800,1.367188e-01
9801,-1.580811e-01
9802,1.048584e-01
9803,-1.210938e-01
9804,6.286621e-02
9805,-7.543945e-02
9806,1.525879e-02
9807,-2.722168e-02
9808,-3.417969e-02
9809,2.014160e-02
9810,-7.934570e-02
9811,6.591797e-02
9812,-1.230469e-01
9813,1.058350e-01
9814,-1.594238e-01
9815,1.372070e-01
9816,-1.862793e-01
9817,1.597900e-01
9818,-2.045898e-01
9819,1.733398e-01
9820,-2.108154e-01
9821,1.728516e-01
9822,-2.039795e-01
9823,1.595459e-01
9824,-1.866455e-01
9825,1.362305e-01
9826,-1.585693e-01
9827,1.048584e-01
9828,-1.192627e-01
9829,6.311035e-02
9830,-7.519531e-02
9831,1.550293e-02
9832,-2.832031e-02
9833,-3.417969e-02
9834,1.965332e-02
9835,-8.044434e-02
9836,6.530762e-02
9837,-1.235352e-01
9838,1.048584e-01
9839,-1.596680e-01
9840,1.384277e-01
9841,-1.861572e-01
9842,1.611328e-01
9843,-2.028809e-01
9844,1.738281e-01
9845,-2.104492e-01
9846,1.745605e-01
9847,-2.056885e-01
9848,1.611328e-01
9849,-1.854248e-01
9850,1.361084e-01
9851,-1.569824e-01
9852,1.024170e-01
9853,-1.210938e-01
9854,6.384277e-02
9855,-7.604980e-02
9856,1.513672e-02
9857,-2.832031e-02
9858,-3.247070e-02
9859,1.904297e-02
9860,-8.032227e-02
9861,6.542969e-02
9862,-1.242676e-01
9863,1.066895e-01
9864,-1.583252e-01
9865,1.378174e-01
9866,-1.870117e-01
9867,1.607666e-01
9868,-2.052002e-01
9869,1.719971e-01
9870,-2.125244e-01
9871,1.728516e-01
9872,-2.045898e-01
9873,1.597900e-01
9874,-1.856689e-01
9875,1.365967e-01
9876,-1.582031e-01
9877,1.037598e-01
9878,-1.210938e-01
9879,6.347656e-02
9880,-7.543945e-02
9881,1.599121e-02
9882,-2.966309e-02
9883,-3.259277e-02
9884,1.953125e-02
9885,-8.166504e-02
9886,6.408691e-02
9887,-1.231689e-01
9888,1.057129e-01
9889,-1.600342e-01
9890,1.383057e-01
9891,-1.850586e-01
9892,1.604004e-01
9893,-2.049561e-01
9894,1.746826e-01
9895,-2.120361e-01
9896,1.718750e-01
9897,-2.020264e-01
9898,1.601562e-01
9899,-1.860352e-01
9900,1.379395e-01
9901,-1.573486e-01
9902,1.043701e-01
9903,-1.193848e-01
9904,6.188965e-02
9905,-7.446289e-02
9906,1.782227e-02
9907,-2.929688e-02
9908,-3.063965e-02
9909,1.940918e-02
9910,-8.032227e-02
9911,6.591797e-02
9912,-1.239014e-01
9913,1.049805e-01
9914,-1.600342e-01
9915,1.370850e-01
9916,-1.887207e-01
9917,1.610107e-01
9918,-2.047119e-01
9919,1.733398e-01
9920,-2.084961e-01
9921,1.733398e-01
9922,-2.025146e-01
9923,1.608887e-01
9924,-1.872559e-01
9925,1.378174e-01
9926,-1.607666e-01
9927,1.036377e-01
9928,-1.201172e-01
9929,6.091309e-02
9930,-7.531738e-02
9931,1.550293e-02
9932,-2.758789e-02
9933,-3.210449e-02
9934,1.940918e-02
9935,-7.958984e-02
9936,6.530762e-02
9937,-1.223145e-01
9938,1.051025e-01
9939,-1.594238e-01
9940,1.384277e-01
9941,-1.871338e-01
9942,1.608887e-01
9943,-2.044678e-01
9944,1.733398e-01
9945,-2.111816e-01
9946,1.726074e-01
9947,-2.052002e-01
9948,1.579590e-01
9949,-1.866455e-01
9950,1.391602e-01
9951,-1.580811e-01
9952,1.043701e-01
9953,-1.191406e-01
9954,6.286621e-02
9955,-7.568359e-02
9956,1.501465e-02
9957,-2.868652e-02
9958,-3.173828e-02
9959,1.721191e-02
9960,-7.824707e-02
9961,6.567383e-02
9962,-1.234131e-01
9963,1.054688e-01
9964,-1.599121e-01
9965,1.374512e-01
9966,-1.868896e-01
9967,1.622314e-01
9968,-2.037354e-01
9969,1.739502e-01
9970,-2.111816e-01
9971,1.717529e-01
9972,-2.041016e-01
9973,1.606445e-01
9974,-1.856689e-01
9975,1.368408e-01
9976,-1.575928e-01
9977,1.044922e-01
9978,-1.204834e-01
9979,6.396484e-02
9980,-7.604980e-02
9981,1.611328e-02
9982,-2.929688e-02
9983,-3.088379e-02
9984,1.806641e-02
9985,-7.897949e-02
9986,6.506348e-02
9987,-1.228027e-01
9988,1.077881e-01
9989,-1.599121e-01
9990,1.386719e-01
9991,-1.871338e-01
9992,1.607666e-01
9993,-2.055664e-01
9994,1.724854e-01
9995,-2.106934e-01
9996,1.732178e-01
9997,-2.054443e-01
9998,1.602783e-01
9999,-1.846924e-01
10000,1.365967e-01
10001,-1.568604e-01
10002,1.038818e-01
10003,-1.204834e-01
10004,6.152344e-02
10005,-7.519531e-02
10006,1.684570e-02
10007,-2.856445e-02
10008,-3.198242e-02
10009,1.867676e-02
10010,-7.971191e-02
10011,6.567383e-02
10012,-1.221924e-01
10013,1.043701e-01
10014,-1.577148e-01
10015,1.390381e-01
10016,-1.866455e-01
10017,1.619873e-01
10018,-2.033691e-01
10019,1.724854e-01
10020,-2.100830e-01
10021,1.730957e-01
10022,-2.038574e-01
10023,1.619873e-01
10024,-1.868896e-01
10025,1.370850e-01
10026,-1.593018e-01
10027,1.046143e-01
10028,-1.197510e-01
10029,6.213379e-02
10030,-7.519531e-02
10031,1.586914e-02
10032,-2.722168e-02
10033,-3.198242e-02
10034,1.806641e-02
10035,-7.800293e-02
10036,6.262207e-02
10037,-1.218262e-01
10038,1.038818e-01
10039,-1.597900e-01
10040,1.367188e-01
10041,-1.871338e-01
10042,1.611328e-01
10043,-2.054443e-01
10044,1.740723e-01
10045,-2.108154e-01
10046,1.738281e-01
10047,-2.055664e-01
10048,1.602783e-01
10049,-1.865234e-01
10050,1.379395e-01
10051,-1.578369e-01
10052,1.035156e-01
10053,-1.202393e-01
10054,6.286621e-02
10055,-7.568359e-02
10056,1.684570e-02
10057,-2.832031e-02
10058,-3.186035e-02
10059,1.855469e-02
10060,-7.958984e-02
10061,6.579590e-02
10062,-1.217041e-01
10063,1.042480e-01
10064,-1.596680e-01
10065,1.376953e-01
10066,-1.877441e-01
10067,1.627197e-01
10068,-2.019043e-01
10069,1.724854e-01
10070,-2.091064e-01
10071,1.730957e-01
10072,-2.060547e-01
10073,1.622314e-01
10074,-1.877441e-01
10075,1.381836e-01
10076,-1.582031e-01
10077,1.033936e-01
10078,-1.197510e-01
10079,6.250000e-02
10080,-7.604980e-02
10081,1.525879e-02
10082,-2.929688e-02
10083,-3.161621e-02
10084,1.867676e-02
10085,-7.934570e-02
10086,6.457520e-02
10087,-1.219482e-01
10088,1.049805e-01
10089,-1.589355e-01
10090,1.391602e-01
10091,-1.871338e-01
10092,1.607666e-01
10093,-2.049561e-01
10094,1.727295e-01
10095,-2.098389e-01
10096,1.734619e-01
10097,-2.038574e-01
10098,1.611328e-01
10099,-1.870117e-01
10100,1.384277e-01
10101,-1.572266e-01
10102,1.062012e-01
10103,-1.215820e-01
10104,6.359863e-02
10105,-7.604980e-02
10106,1.782227e-02
10107,-2.856445e-02
10108,-3.161621e-02
10109,1.892090e-02
10110,-7.885742e-02
10111,6.445312e-02
10112,-1.218262e-01
10113,1.047363e-01
10114,-1.585693e-01
10115,1.376953e-01
10116,-1.862793e-01
10117,1.613770e-01
10118,-2.052002e-01
10119,1.750488e-01
10120,-2.102051e-01
10121,1.728516e-01
10122,-2.045898e-01
10123,1.604004e-01
10124,-1.870117e-01
10125,1.383057e-01
10126,-1.590576e-01
10127,1.040039e-01
10128,-1.192627e-01
10129,6.127930e-02
10130,-7.727051e-02
10131,1.623535e-02
10132,-2.917480e-02
10133,-3.112793e-02
10134,1.879883e-02
10135,-7.775879e-02
10136,6.506348e-02
10137,-1.234131e-01
10138,1.042480e-01
10139,-1.595459e-01
10140,1.383057e-01
10141,-1.857910e-01
10142,1.596680e-01
10143,-2.034912e-01
10144,1.740723e-01
10145,-2.109375e-01
10146,1.743164e-01
10147,-2.050781e-01
10148,1.612549e-01
10149,-1.860352e-01
10150,1.383057e-01
10151,-1.573486e-01
10152,1.041260e-01
10153,-1.207275e-01
10154,6.457520e-02
10155,-7.653809e-02
10156,1.708984e-02
10157,-2.819824e-02
10158,-3.125000e-02
10159,1.855469e-02
10160,-7.775879e-02
10161,6.311035e-02
10162,-1.235352e-01
10163,1.044922e-01
10164,-1.583252e-01
10165,1.369629e-01
10166,-1.864014e-01
10167,1.622314e-01
10168,-2.050781e-01
10169,1.739502e-01
10170,-2.106934e-01
10171,1.737061e-01
10172,-2.039795e-01
10173,1.612549e-01
10174,-1.871338e-01
10175,1.374512e-01
10176,-1.580811e-01
10177,1.058350e-01
10178,-1.218262e-01
10179,6.347656e-02
10180,-7.763672e-02
10181,1.696777e-02
10182,-2.954102e-02
10183,-3.125000e-02
10184,1.879883e-02
10185,-7.885742e-02
10186,6.481934e-02
10187,-1.220703e-01
10188,1.042480e-01
10189,-1.584473e-01
10190,1.369629e-01
10191,-1.868896e-01
10192,1.608887e-01
10193,-2.048340e-01
10194,1.733398e-01
10195,-2.127686e-01
10196,1.739502e-01
10197,-2.030029e-01
10198,1.606445e-01
10199,-1.862793e-01
10200,1.379395e-01
10201,-1.575928e-01
10202,1.048584e-01
10203,-1.203613e-01
10204,6.274414e-02
10205,-7.702637e-02
10206,1.757812e-02
10207,-2.880859e-02
10208,-3.137207e-02
10209,1.940918e-02
10210,-7.873535e-02
10211,6.359863e-02
10212,-1.223145e-01
10213,1.037598e-01
10214,-1.596680e-01
10215,1.378174e-01
10216,-1.883545e-01
10217,1.601562e-01
10218,-2.039795e-01
10219,1.724854e-01
10220,-2.102051e-01
10221,1.738281e-01
10222,-2.045898e-01
10223,1.614990e-01
10224,-1.870117e-01
10225,1.365967e-01
10226,-1.610107e-01
10227,1.031494e-01
10228,-1.197510e-01
10229,6.274414e-02
10230,-7.824707e-02
10231,1.672363e-02
10232,-3.076172e-02
10233,-3.125000e-02
10234,1.867676e-02
10235,-7.788086e-02
10236,6.469727e-02
10237,-1.201172e-01
10238,1.040039e-01
10239,-1.578369e-01
10240,1.380615e-01
10241,-1.871338e-01
10242,1.618652e-01
10243,-2.047119e-01
10244,1.728516e-01
10245,-2.102051e-01
10246,1.744385e-01
10247,-2.047119e-01
10248,1.617432e-01
10249,-1.855469e-01
10250,1.363525e-01
10251,-1.574707e-01
10252,1.048584e-01
10253,-1.202393e-01
10254,6.384277e-02
10255,-7.690430e-02
10256,1.770020e-02
10257,-2.905273e-02
10258,-3.161621e-02
10259,1.953125e-02
10260,-7.690430e-02
10261,6.274414e-02
10262,-1.199951e-01
10263,1.044922e-01
10264,-1.595459e-01
10265,1.386719e-01
10266,-1.861572e-01
10267,1.605225e-01
10268,-2.047119e-01
10269,1.729736e-01
10270,-2.102051e-01
10271,1.727295e-01
10272,-2.030029e-01
10273,1.625977e-01
10274,-1.879883e-01
10275,1.379395e-01
10276,-1.590576e-01
10277,1.043701e-01
10278,-1.217041e-01
10279,6.408691e-02
10280,-7.690430e-02
10281,1.647949e-02
10282,-2.880859e-02
10283,-3.149414e-02
10284,1.635742e-02
10285,-7.934570e-02
10286,6.176758e-02
10287,-1.239014e-01
10288,1.060791e-01
10289,-1.593018e-01
10290,1.372070e-01
10291,-1.840820e-01
10292,1.596680e-01
10293,-2.055664e-01
10294,1.721191e-01
10295,-2.115479e-01
10296,1.734619e-01
10297,-2.062988e-01
10298,1.616211e-01
10299,-1.871338e-01
10300,1.378174e-01
10301,-1.585693e-01
10302,1.049805e-01
10303,-1.206055e-01
10304,6.433105e-02
10305,-7.604980e-02
10306,1.770020e-02
10307,-2.856445e-02
10308,-3.051758e-02
10309,1.733398e-02
10310,-7.836914e-02
10311,6.298828e-02
10312,-1.214600e-01
10313,1.053467e-01
10314,-1.579590e-01
10315,1.375732e-01
10316,-1.864014e-01
10317,1.605225e-01
10318,-2.050781e-01
10319,1.730957e-01
10320,-2.105713e-01
10321,1.728516e-01
10322,-2.050781e-01
10323,1.616211e-01
10324,-1.856689e-01
10325,1.383057e-01
10326,-1.583252e-01
10327,1.058350e-01
10328,-1.210938e-01
10329,6.445312e-02
10330,-7.641602e-02
10331,1.806641e-02
10332,-2.758789e-02
10333,-3.100586e-02
10334,1.782227e-02
10335,-7.775879e-02
10336,6.250000e-02
10337,-1.219482e-01
10338,1.037598e-01
10339,-1.585693e-01
10340,1.365967e-01
10341,-1.860352e-01
10342,1.608887e-01
10343,-2.049561e-01
10344,1.724854e-01
10345,-2.115479e-01
10346,1.735840e-01
10347,-2.041016e-01
10348,1.605225e-01
10349,-1.860352e-01
10350,1.386719e-01
10351,-1.582031e-01
10352,1.058350e-01
10353,-1.203613e-01
10354,6.457520e-02
10355,-7.592773e-02
10356,1.672363e-02
10357,-3.002930e-02
10358,-2.978516e-02
10359,1.647949e-02
10360,-7.885742e-02
10361,6.396484e-02
10362,-1.213379e-01
10363,1.049805e-01
10364,-1.583252e-01
10365,1.368408e-01
10366,-1.854248e-01
10367,1.610107e-01
10368,-2.038574e-01
10369,1.735840e-01
10370,-2.111816e-01
10371,1.717529e-01
10372,-2.044678e-01
10373,1.614990e-01
10374,-1.872559e-01
10375,1.374512e-01
10376,-1.589355e-01
10377,1.044922e-01
10378,-1.213379e-01
10379,6.445312e-02
10380,-7.910156e-02
10381,1.794434e-02
10382,-3.161621e-02
10383,-3.247070e-02
10384,1.794434e-02
10385,-7.702637e-02
10386,6.188965e-02
10387,-1.203613e-01
10388,1.049805e-01
10389,-1.591797e-01
10390,1.375732e-01
10391,-1.864014e-01
10392,1.593018e-01
10393,-2.037354e-01
10394,1.727295e-01
10395,-2.113037e-01
10396,1.735840e-01
10397,-2.042236e-01
10398,1.599121e-01
10399,-1.871338e-01
10400,1.383057e-01
10401,-1.591797e-01
10402,1.054688e-01
10403,-1.193848e-01
10404,6.457520e-02
10405,-7.763672e-02
10406,1.843262e-02
10407,-2.880859e-02
10408,-3.076172e-02
10409,1.916504e-02
10410,-7.824707e-02
10411,6.396484e-02
10412,-1.207275e-01
10413,1.029053e-01
10414,-1.579590e-01
10415,1.370850e-01
10416,-1.864014e-01
10417,1.619873e-01
10418,-2.048340e-01
10419,1.734619e-01
10420,-2.114258e-01
10421,1.735840e-01
10422,-2.043457e-01
10423,1.607666e-01
10424,-1.845703e-01
10425,1.383057e-01
10426,-1.583252e-01
10427,1.044922e-01
10428,-1.212158e-01
10429,6.311035e-02
10430,-7.788086e-02
10431,1.611328e-02
10432,-3.015137e-02
10433,-3.088379e-02
10434,1.745605e-02
10435,-7.861328e-02
10436,6.311035e-02
10437,-1.212158e-01
10438,1.026611e-01
10439,-1.569824e-01
10440,1.362305e-01
10441,-1.854248e-01
10442,1.613770e-01
10443,-2.042236e-01
10444,1.738281e-01
10445,-2.100830e-01
10446,1.741943e-01
10447,-2.049561e-01
10448,1.617432e-01
10449,-1.881104e-01
10450,1.364746e-01
10451,-1.579590e-01
10452,1.049805e-01
10453,-1.218262e-01
10454,6.420898e-02
10455,-7.861328e-02
10456,1.879883e-02
10457,-3.088379e-02
10458,-2.954102e-02
10459,1.794434e-02
10460,-7.885742e-02
10461,6.457520e-02
10462,-1.218262e-01
10463,1.016846e-01
10464,-1.580811e-01
10465,1.345215e-01
10466,-1.866455e-01
10467,1.608887e-01
10468,-2.039795e-01
10469,1.735840e-01
10470,-2.106934e-01
10471,1.746826e-01
10472,-2.055664e-01
10473,1.614990e-01
10474,-1.870117e-01
10475,1.379395e-01
10476,-1.574707e-01
10477,1.062012e-01
10478,-1.221924e-01
10479,6.396484e-02
10480,-7.678223e-02
10481,1.843262e-02
10482,-3.039551e-02
10483,-3.076172e-02
10484,1.599121e-02
10485,-7.836914e-02
10486,6.213379e-02
10487,-1.215820e-01
10488,1.033936e-01
10489,-1.580811e-01
10490,1.356201e-01
10491,-1.864014e-01
10492,1.600342e-01
10493,-2.050781e-01
10494,1.717529e-01
10495,-2.102051e-01
10496,1.737061e-01
10497,-2.044678e-01
10498,1.639404e-01
10499,-1.879883e-01
10500,1.386719e-01
10501,-1.589355e-01
10502,1.051025e-01
10503,-1.213379e-01
10504,6.457520e-02
10505,-7.824707e-02
10506,1.855469e-02
10507,-3.149414e-02
10508,-3.100586e-02
10509,1.782227e-02
10510,-7.702637e-02
10511,6.396484e-02
10512,-1.209717e-01
10513,1.047363e-01
10514,-1.572266e-01
10515,1.357422e-01
10516,-1.870117e-01
10517,1.606445e-01
10518,-2.059326e-01
10519,1.724854e-01
10520,-2.097168e-01
10521,1.717529e-01
10522,-2.047119e-01
10523,1.625977e-01
10524,-1.884766e-01
10525,1.381836e-01
10526,-1.595459e-01
10527,1.046143e-01
10528,-1.213379e-01
10529,6.311035e-02
10530,-7.897949e-02
10531,1.782227e-02
10532,-3.186035e-02
10533,-3.076172e-02
10534,1.684570e-02
10535,-7.775879e-02
10536,6.384277e-02
10537,-1.219482e-01
10538,1.035156e-01
10539,-1.574707e-01
10540,1.380615e-01
10541,-1.860352e-01
10542,1.617432e-01
10543,-2.033691e-01
10544,1.724854e-01
10545,-2.106934e-01
10546,1.733398e-01
10547,-2.042236e-01
10548,1.622314e-01
10549,-1.868896e-01
10550,1.376953e-01
10551,-1.589355e-01
10552,1.046143e-01
10553,-1.223145e-01
10554,6.494141e-02
10555,-7.604980e-02
10556,1.831055e-02
10557,-3.076172e-02
10558,-2.954102e-02
10559,1.721191e-02
10560,-7.653809e-02
10561,6.396484e-02
10562,-1.199951e-01
10563,1.038818e-01
10564,-1.594238e-01
10565,1.370850e-01
10566,-1.866455e-01
10567,1.605225e-01
10568,-2.039795e-01
10569,1.724854e-01
10570,-2.110596e-01
10571,1.733398e-01
10572,-2.056885e-01
10573,1.607666e-01
10574,-1.879883e-01
10575,1.368408e-01
10576,-1.572266e-01
10577,1.064453e-01
10578,-1.213379e-01
10579,6.542969e-02
10580,-7.971191e-02
10581,1.782227e-02
10582,-3.015137e-02
10583,-3.039551e-02
10584,1.782227e-02
10585,-7.775879e-02
10586,6.298828e-02
10587,-1.223145e-01
10588,1.044922e-01
10589,-1.583252e-01
10590,1.370850e-01
10591,-1.854248e-01
10592,1.605225e-01
10593,-2.053223e-01
10594,1.733398e-01
10595,-2.105713e-01
10596,1.743164e-01
10597,-2.026367e-01
10598,1.611328e-01
10599,-1.877441e-01
10600,1.390381e-01
10601,-1.583252e-01
10602,1.057129e-01
10603,-1.206055e-01
10604,6.408691e-02
10605,-7.873535e-02
10606,1.843262e-02
10607,-3.027344e-02
10608,-2.905273e-02
10609,1.696777e-02
10610,-7.690430e-02
10611,6.286621e-02
10612,-1.219482e-01
10613,1.044922e-01
10614,-1.580811e-01
10615,1.363525e-01
10616,-1.860352e-01
10617,1.604004e-01
10618,-2.038574e-01
10619,1.723633e-01
10620,-2.116699e-01
10621,1.724854e-01
10622,-2.055664e-01
10623,1.588135e-01
10624,-1.873779e-01
10625,1.390381e-01
10626,-1.606445e-01
10627,1.063232e-01
10628,-1.225586e-01
10629,6.115723e-02
10630,-7.861328e-02
10631,1.855469e-02
10632,-3.198242e-02
10633,-2.990723e-02
10634,1.770020e-02
10635,-7.873535e-02
10636,6.201172e-02
10637,-1.204834e-01
10638,1.015625e-01
10639,-1.584473e-01
10640,1.369629e-01
10641,-1.871338e-01
10642,1.599121e-01
10643,-2.047119e-01
10644,1.732178e-01
10645,-2.119141e-01
10646,1.728516e-01
10647,-2.043457e-01
10648,1.602783e-01
10649,-1.877441e-01
10650,1.364746e-01
10651,-1.585693e-01
10652,1.068115e-01
10653,-1.230469e-01
10654,6.481934e-02
10655,-7.763672e-02
10656,1.770020e-02
10657,-2.966309e-02
10658,-2.734375e-02
10659,1.757812e-02
10660,-7.788086e-02
10661,6.262207e-02
10662,-1.206055e-01
10663,1.018066e-01
10664,-1.572266e-01
10665,1.361084e-01
10666,-1.868896e-01
10667,1.616211e-01
10668,-2.021484e-01
10669,1.715088e-01
10670,-2.109375e-01
10671,1.724854e-01
10672,-2.055664e-01
10673,1.624756e-01
10674,-1.890869e-01
10675,1.396484e-01
10676,-1.606445e-01
10677,1.047363e-01
10678,-1.217041e-01
10679,6.372070e-02
10680,-7.714844e-02
10681,1.818848e-02
10682,-3.063965e-02
10683,-3.161621e-02
10684,1.733398e-02
10685,-7.604980e-02
10686,6.066895e-02
10687,-1.206055e-01
10688,1.038818e-01
10689,-1.593018e-01
10690,1.384277e-01
10691,-1.849365e-01
10692,1.604004e-01
10693,-2.023926e-01
10694,1.707764e-01
10695,-2.100830e-01
10696,1.743164e-01
10697,-2.047119e-01
10698,1.622314e-01
10699,-1.871338e-01
10700,1.384277e-01
10701,-1.586914e-01
10702,1.048584e-01
10703,-1.223145e-01
10704,6.408691e-02
10705,-7.788086e-02
10706,1.782227e-02
10707,-3.234863e-02
10708,-3.063965e-02
10709,1.721191e-02
10710,-7.836914e-02
10711,6.262207e-02
10712,-1.219482e-01
10713,1.027832e-01
10714,-1.584473e-01
10715,1.357422e-01
10716,-1.865234e-01
10717,1.611328e-01
10718,-2.047119e-01
10719,1.726074e-01
10720,-2.092285e-01
10721,1.704102e-01
10722,-2.044678e-01
10723,1.622314e-01
10724,-1.898193e-01
10725,1.387939e-01
10726,-1.593018e-01
10727,1.040039e-01
10728,-1.212158e-01
10729,6.433105e-02
10730,-8.044434e-02
10731,1.794434e-02
10732,-3.112793e-02
10733,-3.186035e-02
10734,1.782227e-02
10735,-7.836914e-02
10736,6.262207e-02
10737,-1.199951e-01
10738,1.007080e-01
10739,-1.572266e-01
10740,1.358643e-01
10741,-1.861572e-01
10742,1.602783e-01
10743,-2.041016e-01
10744,1.723633e-01
10745,-2.093506e-01
10746,1.737061e-01
10747,-2.047119e-01
10748,1.636963e-01
10749,-1.884766e-01
10750,1.391602e-01
10751,-1.582031e-01
10752,1.044922e-01
10753,-1.214600e-01
10754,6.445312e-02
10755,-7.873535e-02
10756,1.782227e-02
10757,-3.112793e-02
10758,-3.002930e-02
10759,1.696777e-02
10760,-7.641602e-02
10761,6.176758e-02
10762,-1.213379e-01
10763,1.041260e-01
10764,-1.583252e-01
10765,1.359863e-01
10766,-1.854248e-01
10767,1.600342e-01
10768,-2.038574e-01
10769,1.729736e-01
10770,-2.100830e-01
10771,1.741943e-01
10772,-2.042236e-01
10773,1.624756e-01
10774,-1.882324e-01
10775,1.374512e-01
10776,-1.596680e-01
10777,1.040039e-01
10778,-1.228027e-01
10779,6.616211e-02
10780,-7.861328e-02
10781,1.782227e-02
10782,-3.161621e-02
10783,-2.990723e-02
10784,1.782227e-02
10785,-7.702637e-02
10786,6.201172e-02
10787,-1.213379e-01
10788,1.018066e-01
10789,-1.564941e-01
10790,1.365967e-01
10791,-1.859131e-01
10792,1.605225e-01
10793,-2.044678e-01
10794,1.717529e-01
10795,-2.099609e-01
10796,1.728516e-01
10797,-2.056885e-01
10798,1.630859e-01
10799,-1.868896e-01
10800,1.394043e-01
10801,-1.583252e-01
10802,1.065674e-01
10803,-1.220703e-01
10804,6.396484e-02
10805,-7.836914e-02
10806,1.818848e-02
10807,-3.173828e-02
10808,-2.929688e-02
10809,1.745605e-02
10810,-7.690430e-02
10811,6.262207e-02
10812,-1.204834e-01
10813,1.014404e-01
10814,-1.569824e-01
10815,1.339111e-01
10816,-1.864014e-01
10817,1.602783e-01
10818,-2.050781e-01
10819,1.729736e-01
10820,-2.108154e-01
10821,1.733398e-01
10822,-2.042236e-01
10823,1.600342e-01
10824,-1.882324e-01
10825,1.391602e-01
10826,-1.600342e-01
10827,1.049805e-01
10828,-1.225586e-01
10829,6.567383e-02
10830,-7.812500e-02
10831,1.757812e-02
10832,-3.002930e-02
10833,-3.039551e-02
10834,1.513672e-02
10835,-7.678223e-02
10836,6.176758e-02
10837,-1.212158e-01
10838,1.032715e-01
10839,-1.569824e-01
10840,1.345215e-01
10841,-1.857910e-01
10842,1.591797e-01
10843,-2.030029e-01
10844,1.740723e-01
10845,-2.103271e-01
10846,1.733398e-01
10847,-2.039795e-01
10848,1.616211e-01
10849,-1.885986e-01
10850,1.394043e-01
10851,-1.599121e-01
10852,1.071777e-01
10853,-1.219482e-01
10854,6.469727e-02
10855,-7.849121e-02
10856,1.904297e-02
10857,-3.173828e-02
10858,-2.807617e-02
10859,1.477051e-02
10860,-7.763672e-02
10861,6.311035e-02
10862,-1.202393e-01
10863,1.024170e-01
10864,-1.580811e-01
10865,1.358643e-01
10866,-1.871338e-01
10867,1.600342e-01
10868,-2.034912e-01
10869,1.727295e-01
10870,-2.093506e-01
10871,1.733398e-01
10872,-2.034912e-01
10873,1.616211e-01
10874,-1.872559e-01
10875,1.391602e-01
10876,-1.607666e-01
10877,1.046143e-01
10878,-1.239014e-01
10879,6.384277e-02
10880,-7.824707e-02
10881,1.721191e-02
10882,-3.100586e-02
10883,-3.112793e-02
10884,1.477051e-02
10885,-7.824707e-02
10886,6.042480e-02
10887,-1.198730e-01
10888,1.009521e-01
10889,-1.579590e-01
10890,1.353760e-01
10891,-1.861572e-01
10892,1.602783e-01
10893,-2.032471e-01
10894,1.711426e-01
10895,-2.116699e-01
10896,1.741943e-01
10897,-2.066650e-01
10898,1.622314e-01
10899,-1.890869e-01
10900,1.384277e-01
10901,-1.584473e-01
10902,1.058350e-01
10903,-1.223145e-01
10904,6.542969e-02
10905,-7.922363e-02
10906,2.014160e-02
10907,-2.990723e-02
10908,-2.954102e-02
10909,1.696777e-02
10910,-7.617188e-02
10911,6.140137e-02
10912,-1.191406e-01
10913,1.022949e-01
10914,-1.571045e-01
10915,1.356201e-01
10916,-1.855469e-01
10917,1.586914e-01
10918,-2.034912e-01
10919,1.741943e-01
10920,-2.120361e-01
10921,1.744385e-01
10922,-2.045898e-01
10923,1.607666e-01
10924,-1.868896e-01
10925,1.391602e-01
10926,-1.616211e-01
10927,1.070557e-01
10928,-1.229248e-01
10929,6.335449e-02
10930,-7.873535e-02
10931,1.770020e-02
10932,-3.308105e-02
10933,-3.039551e-02
10934,1.562500e-02
10935,-7.592773e-02
10936,6.103516e-02
10937,-1.210938e-01
10938,1.027832e-01
10939,-1.571045e-01
10940,1.365967e-01
10941,-1.861572e-01
10942,1.594238e-01
10943,-2.038574e-01
10944,1.724854e-01
10945,-2.095947e-01
10946,1.737061e-01
10947,-2.038574e-01
10948,1.602783e-01
10949,-1.879883e-01
10950,1.391602e-01
10951,-1.605225e-01
10952,1.074219e-01
10953,-1.230469e-01
10954,6.445312e-02
10955,-7.995605e-02
10956,1.757812e-02
10957,-3.125000e-02
10958,-2.929688e-02
10959,1.623535e-02
10960,-7.751465e-02
10961,6.152344e-02
10962,-1.208496e-01
10963,1.024170e-01
10964,-1.572266e-01
10965,1.357422e-01
10966,-1.849365e-01
10967,1.590576e-01
10968,-2.042236e-01
10969,1.717529e-01
10970,-2.133789e-01
10971,1.735840e-01
10972,-2.036133e-01
10973,1.611328e-01
10974,-1.873779e-01
10975,1.385498e-01
10976,-1.622314e-01
10977,1.066895e-01
10978,-1.245117e-01
10979,6.506348e-02
10980,-7.861328e-02
10981,1.940918e-02
10982,-3.186035e-02
10983,-2.905273e-02
10984,1.611328e-02
10985,-7.739258e-02
10986,6.250000e-02
10987,-1.196289e-01
10988,1.020508e-01
10989,-1.571045e-01
10990,1.348877e-01
10991,-1.853027e-01
10992,1.594238e-01
10993,-2.042236e-01
10994,1.710205e-01
10995,-2.117920e-01
10996,1.748047e-01
10997,-2.061768e-01
10998,1.604004e-01
10999,-1.887207e-01
11000,1.370850e-01
11001,-1.611328e-01
11002,1.062012e-01
11003,-1.229248e-01
11004,6.567383e-02
11005,-7.812500e-02
11006,2.014160e-02
11007,-3.356934e-02
11008,-2.893066e-02
11009,1.574707e-02
11010,-7.580566e-02
11011,6.311035e-02
11012,-1.190186e-01
11013,1.032715e-01
11014,-1.578369e-01
11015,1.340332e-01
11016,-1.861572e-01
11017,1.595459e-01
11018,-2.031250e-01
11019,1.724854e-01
11020,-2.110596e-01
11021,1.743164e-01
11022,-2.058105e-01
11023,1.617432e-01
11024,-1.868896e-01
11025,1.391602e-01
11026,-1.614990e-01
11027,1.074219e-01
11028,-1.246338e-01
11029,6.591797e-02
11030,-7.934570e-02
11031,1.977539e-02
11032,-3.283691e-02
11033,-2.856445e-02
11034,1.440430e-02
11035,-7.641602e-02
11036,6.127930e-02
11037,-1.198730e-01
11038,1.025391e-01
11039,-1.571045e-01
11040,1.357422e-01
11041,-1.843262e-01
11042,1.575928e-01
11043,-2.049561e-01
11044,1.727295e-01
11045,-2.108154e-01
11046,1.740723e-01
11047,-2.047119e-01
11048,1.613770e-01
11049,-1.882324e-01
11050,1.392822e-01
11051,-1.606445e-01
11052,1.055908e-01
11053,-1.252441e-01
11054,6.420898e-02
11055,-7.910156e-02
11056,2.160645e-02
11057,-3.369141e-02
11058,-2.661133e-02
11059,1.501465e-02
11060,-7.751465e-02
11061,6.250000e-02
11062,-1.208496e-01
11063,1.007080e-01
11064,-1.562500e-01
11065,1.342773e-01
11066,-1.845703e-01
11067,1.606445e-01
11068,-2.042236e-01
11069,1.737061e-01
11070,-2.104492e-01
11071,1.717529e-01
11072,-2.055664e-01
11073,1.627197e-01
11074,-1.888428e-01
11075,1.391602e-01
11076,-1.605225e-01
11077,1.066895e-01
11078,-1.252441e-01
11079,6.506348e-02
11080,-8.166504e-02
11081,1.916504e-02
11082,-3.479004e-02
11083,-2.905273e-02
11084,1.562500e-02
11085,-7.666016e-02
11086,5.944824e-02
11087,-1.187744e-01
11088,1.011963e-01
11089,-1.578369e-01
11090,1.353760e-01
11091,-1.870117e-01
11092,1.605225e-01
11093,-2.031250e-01
11094,1.716309e-01
11095,-2.093506e-01
11096,1.724854e-01
11097,-2.067871e-01
11098,1.624756e-01
11099,-1.889648e-01
11100,1.392822e-01
11101,-1.606445e-01
11102,1.064453e-01
11103,-1.239014e-01
11104,6.738281e-02
11105,-7.995605e-02
11106,1.916504e-02
11107,-3.271484e-02
11108,-2.758789e-02
11109,1.440430e-02
11110,-7.458496e-02
11111,6.079102e-02
11112,-1.206055e-01
11113,1.032715e-01
11114,-1.561279e-01
11115,1.333008e-01
11116,-1.856689e-01
11117,1.593018e-01
11118,-2.044678e-01
11119,1.729736e-01
11120,-2.110596e-01
11121,1.716309e-01
11122,-2.047119e-01
11123,1.635742e-01
11124,-1.896973e-01
11125,1.394043e-01
11126,-1.607666e-01
11127,1.059570e-01
11128,-1.245117e-01
11129,6.567383e-02
11130,-8.093262e-02
11131,1.892090e-02
11132,-3.222656e-02
11133,-2.856445e-02
11134,1.489258e-02
11135,-7.653809e-02
11136,6.005859e-02
11137,-1.204834e-01
11138,9.924316e-02
11139,-1.573486e-01
11140,1.351318e-01
11141,-1.862793e-01
11142,1.617432e-01
11143,-2.038574e-01
11144,1.717529e-01
11145,-2.117920e-01
11146,1.724854e-01
11147,-2.056885e-01
11148,1.606445e-01
11149,-1.878662e-01
11150,1.417236e-01
11151,-1.614990e-01
11152,1.070557e-01
11153,-1.246338e-01
11154,6.616211e-02
11155,-7.910156e-02
11156,2.124023e-02
11157,-3.247070e-02
11158,-2.917480e-02
11159,1.452637e-02
11160,-7.629395e-02
11161,6.079102e-02
11162,-1.197510e-01
11163,1.011963e-01
11164,-1.585693e-01
11165,1.337891e-01
11166,-1.854248e-01
11167,1.578369e-01
11168,-2.038574e-01
11169,1.726074e-01
11170,-2.098389e-01
11171,1.724854e-01
11172,-2.062988e-01
11173,1.622314e-01
11174,-1.896973e-01
11175,1.391602e-01
11176,-1.597900e-01
11177,1.059570e-01
11178,-1.242676e-01
11179,6.628418e-02
11180,-7.861328e-02
11181,2.038574e-02
11182,-3.430176e-02
11183,-2.807617e-02
11184,1.342773e-02
11185,-7.470703e-02
11186,5.993652e-02
11187,-1.191406e-01
11188,1.022949e-01
11189,-1.577148e-01
11190,1.351318e-01
11191,-1.862793e-01
11192,1.591797e-01
11193,-2.032471e-01
11194,1.721191e-01
11195,-2.105713e-01
11196,1.748047e-01
11197,-2.052002e-01
11198,1.630859e-01
11199,-1.881104e-01
11200,1.392822e-01
11201,-1.622314e-01
11202,1.060791e-01
11203,-1.246338e-01
11204,6.591797e-02
11205,-7.934570e-02
11206,2.099609e-02
11207,-3.259277e-02
11208,-2.856445e-02
11209,1.452637e-02
11210,-7.531738e-02
11211,6.054688e-02
11212,-1.203613e-01
11213,1.010742e-01
11214,-1.558838e-01
11215,1.345215e-01
11216,-1.851807e-01
11217,1.594238e-01
11218,-2.036133e-01
11219,1.730957e-01
11220,-2.104492e-01
11221,1.726074e-01
11222,-2.054443e-01
11223,1.625977e-01
11224,-1.881104e-01
11225,1.386719e-01
11226,-1.597900e-01
11227,1.060791e-01
11228,-1.246338e-01
11229,6.567383e-02
11230,-8.032227e-02
11231,2.038574e-02
11232,-3.247070e-02
11233,-2.746582e-02
11234,1.550293e-02
11235,-7.580566e-02
11236,5.993652e-02
11237,-1.187744e-01
11238,1.004639e-01
11239,-1.561279e-01
11240,1.357422e-01
11241,-1.854248e-01
11242,1.593018e-01
11243,-2.036133e-01
11244,1.711426e-01
11245,-2.102051e-01
11246,1.724854e-01
11247,-2.052002e-01
11248,1.633301e-01
11249,-1.895752e-01
11250,1.398926e-01
11251,-1.589355e-01
11252,1.054688e-01
11253,-1.236572e-01
11254,6.762695e-02
11255,-8.312988e-02
11256,2.038574e-02
11257,-3.515625e-02
11258,-2.893066e-02
11259,1.525879e-02
11260,-7.580566e-02
11261,6.018066e-02
11262,-1.171875e-01
11263,1.007080e-01
11264,-1.568604e-01
11265,1.350098e-01
11266,-1.849365e-01
11267,1.588135e-01
11268,-2.041016e-01
11269,1.723633e-01
11270,-2.121582e-01
11271,1.748047e-01
11272,-2.049561e-01
11273,1.613770e-01
11274,-1.870117e-01
11275,1.395264e-01
11276,-1.614990e-01
11277,1.079102e-01
11278,-1.245117e-01
11279,6.713867e-02
11280,-7.934570e-02
11281,1.892090e-02
11282,-3.417969e-02
11283,-2.795410e-02
11284,1.525879e-02
11285,-7.434082e-02
11286,6.091309e-02
11287,-1.180420e-01
11288,9.863281e-02
11289,-1.553955e-01
11290,1.331787e-01
11291,-1.844482e-01
11292,1.605225e-01
11293,-2.048340e-01
11294,1.729736e-01
11295,-2.108154e-01
11296,1.743164e-01
11297,-2.042236e-01
11298,1.630859e-01
11299,-1.889648e-01
11300,1.384277e-01
11301,-1.617432e-01
11302,1.079102e-01
11303,-1.234131e-01
11304,6.750488e-02
11305,-8.056641e-02
11306,2.111816e-02
11307,-3.283691e-02
11308,-2.807617e-02
11309,1.477051e-02
11310,-7.519531e-02
11311,6.079102e-02
11312,-1.196289e-01
11313,1.011963e-01
11314,-1.535645e-01
11315,1.330566e-01
11316,-1.845703e-01
11317,1.590576e-01
11318,-2.037354e-01
11319,1.733398e-01
11320,-2.092285e-01
11321,1.734619e-01
11322,-2.055664e-01
11323,1.624756e-01
11324,-1.878662e-01
11325,1.408691e-01
11326,-1.606445e-01
11327,1.075439e-01
11328,-1.254883e-01
11329,6.665039e-02
11330,-8.093262e-02
11331,2.111816e-02
11332,-3.247070e-02
11333,-2.807617e-02
11334,1.403809e-02
11335,-7.519531e-02
11336,6.018066e-02
11337,-1.181641e-01
11338,1.007080e-01
11339,-1.555176e-01
11340,1.351318e-01
11341,-1.844482e-01
11342,1.591797e-01
11343,-2.033691e-01
11344,1.711426e-01
11345,-2.106934e-01
11346,1.737061e-01
11347,-2.062988e-01
11348,1.632080e-01
11349,-1.906738e-01
11350,1.391602e-01
11351,-1.606445e-01
11352,1.046143e-01
11353,-1.235352e-01
11354,6.713867e-02
11355,-8.190918e-02
11356,2.099609e-02
11357,-3.344727e-02
11358,-2.685547e-02
11359,1.269531e-02
11360,-7.495117e-02
11361,6.079102e-02
11362,-1.171875e-01
11363,1.019287e-01
11364,-1.562500e-01
11365,1.353760e-01
11366,-1.845703e-01
11367,1.584473e-01
11368,-2.033691e-01
11369,1.718750e-01
11370,-2.098389e-01
11371,1.724854e-01
11372,-2.076416e-01
11373,1.624756e-01
11374,-1.895752e-01
11375,1.384277e-01
11376,-1.614990e-01
11377,1.092529e-01
11378,-1.258545e-01
11379,6.762695e-02
11380,-8.154297e-02
11381,2.001953e-02
11382,-3.503418e-02
11383,-2.648926e-02
11384,1.440430e-02
11385,-7.397461e-02
11386,6.005859e-02
11387,-1.162109e-01
11388,1.003418e-01
11389,-1.556396e-01
11390,1.345215e-01
11391,-1.864014e-01
11392,1.599121e-01
11393,-2.039795e-01
11394,1.718750e-01
11395,-2.102051e-01
11396,1.741943e-01
11397,-2.044678e-01
11398,1.634521e-01
11399,-1.885986e-01
11400,1.408691e-01
11401,-1.623535e-01
11402,1.079102e-01
11403,-1.256104e-01
11404,6.506348e-02
11405,-8.093262e-02
11406,2.075195e-02
11407,-3.283691e-02
11408,-2.709961e-02
11409,1.440430e-02
11410,-7.458496e-02
11411,6.005859e-02
11412,-1.185303e-01
11413,1.007080e-01
11414,-1.539307e-01
11415,1.348877e-01
11416,-1.835938e-01
11417,1.594238e-01
11418,-2.023926e-01
11419,1.713867e-01
11420,-2.102051e-01
11421,1.737061e-01
11422,-2.071533e-01
11423,1.632080e-01
11424,-1.895752e-01
11425,1.392822e-01
11426,-1.606445e-01
11427,1.063232e-01
11428,-1.235352e-01
11429,6.762695e-02
11430,-8.142090e-02
11431,2.197266e-02
11432,-3.332520e-02
11433,-2.648926e-02
11434,1.574707e-02
11435,-7.495117e-02
11436,5.883789e-02
11437,-1.175537e-01
11438,1.000977e-01
11439,-1.560059e-01
11440,1.358643e-01
11441,-1.845703e-01
11442,1.586914e-01
11443,-2.023926e-01
11444,1.723633e-01
11445,-2.106934e-01
11446,1.733398e-01
11447,-2.049561e-01
11448,1.636963e-01
11449,-1.888428e-01
11450,1.400146e-01
11451,-1.618652e-01
11452,1.077881e-01
11453,-1.256104e-01
11454,6.835938e-02
11455,-8.117676e-02
11456,2.160645e-02
11457,-3.369141e-02
11458,-2.575684e-02
11459,1.452637e-02
11460,-7.409668e-02
11461,6.054688e-02
11462,-1.181641e-01
11463,1.004639e-01
11464,-1.545410e-01
11465,1.346436e-01
11466,-1.844482e-01
11467,1.583252e-01
11468,-2.030029e-01
11469,1.718750e-01
11470,-2.110596e-01
11471,1.744385e-01
11472,-2.047119e-01
11473,1.634521e-01
11474,-1.888428e-01
11475,1.398926e-01
11476,-1.610107e-01
11477,1.071777e-01
11478,-1.256104e-01
11479,6.909180e-02
11480,-8.166504e-02
11481,2.270508e-02
11482,-3.588867e-02
11483,-2.734375e-02
11484,1.403809e-02
11485,-7.617188e-02
11486,5.944824e-02
11487,-1.187744e-01
11488,1.000977e-01
11489,-1.555176e-01
11490,1.333008e-01
11491,-1.853027e-01
11492,1.591797e-01
11493,-2.021484e-01
11494,1.721191e-01
11495,-2.099609e-01
11496,1.727295e-01
11497,-2.050781e-01
11498,1.625977e-01
11499,-1.895752e-01
11500,1.408691e-01
11501,-1.627197e-01
11502,1.083984e-01
11503,-1.242676e-01
11504,6.677246e-02
11505,-8.068848e-02
11506,2.209473e-02
11507,-3.576660e-02
11508,-2.648926e-02
11509,1.293945e-02
11510,-7.360840e-02
11511,5.969238e-02
11512,-1.186523e-01
11513,1.011963e-01
11514,-1.564941e-01
11515,1.348877e-01
11516,-1.846924e-01
11517,1.588135e-01
11518,-2.025146e-01
11519,1.716309e-01
11520,-2.108154e-01
11521,1.733398e-01
11522,-2.073975e-01
11523,1.622314e-01
11524,-1.879883e-01
11525,1.395264e-01
11526,-1.633301e-01
11527,1.085205e-01
11528,-1.256104e-01
11529,6.713867e-02
11530,-8.178711e-02
11531,2.172852e-02
11532,-3.527832e-02
11533,-2.636719e-02
11534,1.293945e-02
11535,-7.519531e-02
11536,5.895996e-02
11537,-1.173096e-01
11538,9.851074e-02
11539,-1.563721e-01
11540,1.353760e-01
11541,-1.855469e-01
11542,1.585693e-01
11543,-2.036133e-01
11544,1.722412e-01
11545,-2.098389e-01
11546,1.737061e-01
11547,-2.038574e-01
11548,1.634521e-01
11549,-1.904297e-01
11550,1.417236e-01
11551,-1.612549e-01
11552,1.066895e-01
11553,-1.229248e-01
11554,6.750488e-02
11555,-8.203125e-02
11556,2.148438e-02
11557,-3.466797e-02
11558,-2.685547e-02
11559,1.293945e-02
11560,-7.458496e-02
11561,5.969238e-02
11562,-1.168213e-01
11563,1.009521e-01
11564,-1.562500e-01
11565,1.353760e-01
11566,-1.838379e-01
11567,1.583252e-01
11568,-2.011719e-01
11569,1.727295e-01
11570,-2.110596e-01
11571,1.755371e-01
11572,-2.053223e-01
11573,1.633301e-01
11574,-1.870117e-01
11575,1.412354e-01
11576,-1.606445e-01
11577,1.087646e-01
11578,-1.270752e-01
11579,6.835938e-02
11580,-8.154297e-02
11581,2.099609e-02
11582,-3.491211e-02
11583,-2.734375e-02
11584,1.245117e-02
11585,-7.421875e-02
11586,5.932617e-02
11587,-1.164551e-01
11588,9.912109e-02
11589,-1.553955e-01
11590,1.341553e-01
11591,-1.862793e-01
11592,1.566162e-01
11593,-2.033691e-01
11594,1.722412e-01
11595,-2.116699e-01
11596,1.745605e-01
11597,-2.062988e-01
11598,1.623535e-01
11599,-1.887207e-01
11600,1.402588e-01
11601,-1.597900e-01
11602,1.083984e-01
11603,-1.240234e-01
11604,6.738281e-02
11605,-8.203125e-02
11606,2.172852e-02
11607,-3.417969e-02
11608,-2.685547e-02
11609,1.269531e-02
11610,-7.495117e-02
11611,6.018066e-02
11612,-1.195068e-01
11613,1.004639e-01
11614,-1.560059e-01
11615,1.335449e-01
11616,-1.838379e-01
11617,1.584473e-01
11618,-2.023926e-01
11619,1.716309e-01
11620,-2.098389e-01
11621,1.743164e-01
11622,-2.072754e-01
11623,1.635742e-01
11624,-1.895752e-01
11625,1.402588e-01
11626,-1.614990e-01
11627,1.083984e-01
11628,-1.247559e-01
11629,6.738281e-02
11630,-8.227539e-02
11631,2.233887e-02
11632,-3.356934e-02
11633,-2.648926e-02
11634,1.306152e-02
11635,-7.348633e-02
11636,5.944824e-02
11637,-1.170654e-01
11638,1.011963e-01
11639,-1.553955e-01
11640,1.352539e-01
11641,-1.845703e-01
11642,1.580811e-01
11643,-2.039795e-01
11644,1.724854e-01
11645,-2.110596e-01
11646,1.741943e-01
11647,-2.044678e-01
11648,1.633301e-01
11649,-1.892090e-01
11650,1.408691e-01
11651,-1.618652e-01
11652,1.074219e-01
11653,-1.234131e-01
11654,6.872559e-02
11655,-8.142090e-02
11656,2.319336e-02
11657,-3.454590e-02
11658,-2.673340e-02
11659,1.367188e-02
11660,-7.275391e-02
11661,5.786133e-02
11662,-1.165771e-01
11663,1.015625e-01
11664,-1.578369e-01
11665,1.354980e-01
11666,-1.833496e-01
11667,1.571045e-01
11668,-2.025146e-01
11669,1.716309e-01
11670,-2.125244e-01
11671,1.737061e-01
11672,-2.056885e-01
11673,1.613770e-01
11674,-1.892090e-01
11675,1.401367e-01
11676,-1.621094e-01
11677,1.088867e-01
11678,-1.256104e-01
11679,6.774902e-02
11680,-8.203125e-02
11681,2.136230e-02
11682,-3.454590e-02
11683,-2.563477e-02
11684,1.269531e-02
11685,-7.336426e-02
11686,5.871582e-02
11687,-1.179199e-01
11688,1.002197e-01
11689,-1.552734e-01
11690,1.341553e-01
11691,-1.855469e-01
11692,1.582031e-01
11693,-2.034912e-01
11694,1.704102e-01
11695,-2.103271e-01
11696,1.733398e-01
11697,-2.062988e-01
11698,1.617432e-01
11699,-1.882324e-01
11700,1.400146e-01
11701,-1.622314e-01
11702,1.099854e-01
11703,-1.274414e-01
11704,6.835938e-02
11705,-8.166504e-02
11706,2.221680e-02
11707,-3.320312e-02
11708,-2.661133e-02
11709,1.391602e-02
11710,-7.348633e-02
11711,6.054688e-02
11712,-1.152344e-01
11713,1.013184e-01
11714,-1.538086e-01
11715,1.350098e-01
11716,-1.837158e-01
11717,1.589355e-01
11718,-2.023926e-01
11719,1.726074e-01
11720,-2.114258e-01
11721,1.723633e-01
11722,-2.058105e-01
11723,1.618652e-01
11724,-1.889648e-01
11725,1.411133e-01
11726,-1.640625e-01
11727,1.088867e-01
11728,-1.264648e-01
11729,6.750488e-02
11730,-8.251953e-02
11731,2.221680e-02
11732,-3.503418e-02
11733,-2.514648e-02
11734,1.159668e-02
11735,-7.202148e-02
11736,5.957031e-02
11737,-1.176758e-01
11738,9.973145e-02
11739,-1.530762e-01
11740,1.343994e-01
11741,-1.845703e-01
11742,1.597900e-01
11743,-2.032471e-01
11744,1.704102e-01
11745,-2.093506e-01
11746,1.744385e-01
11747,-2.075195e-01
11748,1.638184e-01
11749,-1.903076e-01
11750,1.411133e-01
11751,-1.621094e-01
11752,1.093750e-01
11753,-1.240234e-01
11754,6.909180e-02
11755,-8.117676e-02
11756,2.233887e-02
11757,-3.503418e-02
11758,-2.685547e-02
11759,1.354980e-02
11760,-7.324219e-02
11761,5.932617e-02
11762,-1.179199e-01
11763,1.009521e-01
11764,-1.560059e-01
11765,1.340332e-01
11766,-1.821289e-01
11767,1.594238e-01
11768,-2.012939e-01
11769,1.716309e-01
11770,-2.104492e-01
11771,1.732178e-01
11772,-2.060547e-01
11773,1.624756e-01
11774,-1.893311e-01
11775,1.407471e-01
11776,-1.629639e-01
11777,1.085205e-01
11778,-1.263428e-01
11779,6.774902e-02
11780,-8.288574e-02
11781,2.172852e-02
11782,-3.466797e-02
11783,-2.661133e-02
11784,1.208496e-02
11785,-7.482910e-02
11786,5.859375e-02
11787,-1.170654e-01
11788,1.000977e-01
11789,-1.555176e-01
11790,1.346436e-01
11791,-1.826172e-01
11792,1.580811e-01
11793,-2.020264e-01
11794,1.716309e-01
11795,-2.117920e-01
11796,1.727295e-01
11797,-2.048340e-01
11798,1.625977e-01
11799,-1.895752e-01
11800,1.411133e-01
11801,-1.629639e-01
11802,1.069336e-01
11803,-1.243896e-01
11804,6.726074e-02
11805,-8.093262e-02
11806,2.270508e-02
11807,-3.662109e-02
11808,-2.612305e-02
11809,1.318359e-02
11810,-7.299805e-02
11811,5.847168e-02
11812,-1.170654e-01
11813,9.948730e-02
11814,-1.550293e-01
11815,1.336670e-01
11816,-1.848145e-01
11817,1.595459e-01
11818,-2.033691e-01
11819,1.724854e-01
11820,-2.105713e-01
11821,1.723633e-01
11822,-2.054443e-01
11823,1.614990e-01
11824,-1.896973e-01
11825,1.412354e-01
11826,-1.632080e-01
11827,1.097412e-01
11828,-1.253662e-01
11829,6.835938e-02
11830,-8.178711e-02
11831,2.209473e-02
11832,-3.576660e-02
11833,-2.685547e-02
11834,1.306152e-02
11835,-7.458496e-02
11836,5.859375e-02
11837,-1.166992e-01
11838,9.863281e-02
11839,-1.552734e-01
11840,1.331787e-01
11841,-1.846924e-01
11842,1.578369e-01
11843,-2.033691e-01
11844,1.719971e-01
11845,-2.110596e-01
11846,1.741943e-01
11847,-2.061768e-01
11848,1.622314e-01
11849,-1.888428e-01
11850,1.422119e-01
11851,-1.619873e-01
11852,1.102295e-01
11853,-1.254883e-01
11854,6.872559e-02
11855,-8.203125e-02
11856,2.270508e-02
11857,-3.503418e-02
11858,-2.600098e-02
11859,1.391602e-02
11860,-7.312012e-02
11861,5.810547e-02
11862,-1.162109e-01
11863,1.005859e-01
11864,-1.545410e-01
11865,1.330566e-01
11866,-1.839600e-01
11867,1.588135e-01
11868,-2.026367e-01
11869,1.719971e-01
11870,-2.098389e-01
11871,1.735840e-01
11872,-2.075195e-01
11873,1.634521e-01
11874,-1.906738e-01
11875,1.400146e-01
11876,-1.604004e-01
11877,1.092529e-01
11878,-1.250000e-01
11879,6.970215e-02
11880,-8.312988e-02
11881,2.465820e-02
11882,-3.601074e-02
11883,-2.563477e-02
11884,1.342773e-02
11885,-7.531738e-02
11886,5.871582e-02
11887,-1.171875e-01
11888,9.973145e-02
11889,-1.538086e-01
11890,1.324463e-01
11891,-1.837158e-01
11892,1.579590e-01
11893,-2.025146e-01
11894,1.728516e-01
11895,-2.097168e-01
11896,1.752930e-01
11897,-2.055664e-01
11898,1.639404e-01
11899,-1.889648e-01
11900,1.403809e-01
11901,-1.623535e-01
11902,1.086426e-01
11903,-1.263428e-01
11904,6.921387e-02
11905,-8.190918e-02
11906,2.307129e-02
11907,-3.674316e-02
11908,-2.441406e-02
11909,1.440430e-02
11910,-7.446289e-02
11911,5.883789e-02
11912,-1.169434e-01
11913,9.887695e-02
11914,-1.530762e-01
11915,1.348877e-01
11916,-1.838379e-01
11917,1.596680e-01
11918,-2.023926e-01
11919,1.722412e-01
11920,-2.098389e-01
11921,1.745605e-01
11922,-2.048340e-01
11923,1.651611e-01
11924,-1.896973e-01
11925,1.409912e-01
11926,-1.630859e-01
11927,1.093750e-01
11928,-1.259766e-01
11929,6.848145e-02
11930,-8.203125e-02
11931,2.270508e-02
11932,-3.442383e-02
11933,-2.624512e-02
11934,1.318359e-02
11935,-7.336426e-02
11936,5.847168e-02
11937,-1.162109e-01
11938,9.912109e-02
11939,-1.545410e-01
11940,1.331787e-01
11941,-1.834717e-01
11942,1.584473e-01
11943,-2.023926e-01
11944,1.722412e-01
11945,-2.116699e-01
11946,1.740723e-01
11947,-2.061768e-01
11948,1.618652e-01
11949,-1.884766e-01
11950,1.417236e-01
11951,-1.636963e-01
11952,1.097412e-01
11953,-1.270752e-01
11954,6.909180e-02
11955,-8.203125e-02
11956,2.368164e-02
11957,-3.417969e-02
11958,-2.539062e-02
11959,1.391602e-02
11960,-7.080078e-02
11961,5.712891e-02
11962,-1.171875e-01
11963,9.936523e-02
11964,-1.555176e-01
11965,1.339111e-01
11966,-1.831055e-01
11967,1.584473e-01
11968,-2.023926e-01
11969,1.713867e-01
11970,-2.099609e-01
11971,1.751709e-01
11972,-2.056885e-01
11973,1.647949e-01
11974,-1.905518e-01
11975,1.425781e-01
11976,-1.634521e-01
11977,1.102295e-01
11978,-1.262207e-01
11979,6.823730e-02
11980,-8.117676e-02
11981,2.233887e-02
11982,-3.515625e-02
11983,-2.429199e-02
11984,9.765625e-03
11985,-7.177734e-02
11986,5.700684e-02
11987,-1.165771e-01
11988,1.005859e-01
11989,-1.562500e-01
11990,1.331787e-01
11991,-1.851807e-01
11992,1.584473e-01
11993,-2.027588e-01
11994,1.712646e-01
11995,-2.093506e-01
11996,1.735840e-01
11997,-2.062988e-01
11998,1.636963e-01
11999,-1.898193e-01
12000,1.407471e-01
12001,-1.629639e-01
12002,1.083984e-01
12003,-1.256104e-01
12004,6.921387e-02
12005,-8.337402e-02
12006,2.380371e-02
12007,-3.552246e-02
12008,-2.404785e-02
12009,1.318359e-02
12010,-7.385254e-02
12011,5.773926e-02
12012,-1.171875e-01
12013,9.863281e-02
12014,-1.538086e-01
12015,1.335449e-01
12016,-1.839600e-01
12017,1.586914e-01
12018,-2.031250e-01
12019,1.729736e-01
12020,-2.100830e-01
12021,1.737061e-01
12022,-2.047119e-01
12023,1.641846e-01
12024,-1.904297e-01
12025,1.420898e-01
12026,-1.632080e-01
12027,1.082764e-01
12028,-1.264648e-01
12029,7.006836e-02
12030,-8.215332e-02
12031,2.233887e-02
12032,-3.625488e-02
12033,-2.490234e-02
12034,1.184082e-02
12035,-7.238770e-02
12036,5.883789e-02
12037,-1.174316e-01
12038,1.004639e-01
12039,-1.538086e-01
12040,1.317139e-01
12041,-1.826172e-01
12042,1.571045e-01
12043,-2.039795e-01
12044,1.737061e-01
12045,-2.115479e-01
12046,1.749268e-01
12047,-2.070312e-01
12048,1.627197e-01
12049,-1.882324e-01
12050,1.414795e-01
12051,-1.630859e-01
12052,1.099854e-01
12053,-1.270752e-01
12054,6.909180e-02
12055,-8.288574e-02
12056,2.355957e-02
12057,-3.552246e-02
12058,-2.490234e-02
12059,1.123047e-02
12060,-7.263184e-02
12061,5.773926e-02
12062,-1.164551e-01
12063,9.826660e-02
12064,-1.539307e-01
12065,1.342773e-01
12066,-1.839600e-01
12067,1.586914e-01
12068,-2.034912e-01
12069,1.726074e-01
12070,-2.110596e-01
12071,1.728516e-01
12072,-2.055664e-01
12073,1.622314e-01
12074,-1.896973e-01
12075,1.413574e-01
12076,-1.629639e-01
12077,1.104736e-01
12078,-1.263428e-01
12079,6.848145e-02
12080,-8.203125e-02
12081,2.355957e-02
12082,-3.796387e-02
12083,-2.429199e-02
12084,1.147461e-02
12085,-7.336426e-02
12086,5.810547e-02
12087,-1.173096e-01
12088,9.826660e-02
12089,-1.556396e-01
12090,1.319580e-01
12091,-1.855469e-01
12092,1.586914e-01
12093,-2.021484e-01
12094,1.721191e-01
12095,-2.091064e-01
12096,1.730957e-01
12097,-2.054443e-01
12098,1.630859e-01
12099,-1.894531e-01
12100,1.425781e-01
12101,-1.640625e-01
12102,1.092529e-01
12103,-1.256104e-01
12104,6.933594e-02
12105,-8.251953e-02
12106,2.331543e-02
12107,-3.784180e-02
12108,-2.355957e-02
12109,1.074219e-02
12110,-7.348633e-02
12111,5.822754e-02
12112,-1.154785e-01
12113,9.936523e-02
12114,-1.530762e-01
12115,1.331787e-01
12116,-1.829834e-01
12117,1.593018e-01
12118,-2.027588e-01
12119,1.734619e-01
12120,-2.113037e-01
12121,1.734619e-01
12122,-2.065430e-01
12123,1.630859e-01
12124,-1.896973e-01
12125,1.417236e-01
12126,-1.625977e-01
12127,1.098633e-01
12128,-1.269531e-01
12129,6.945801e-02
12130,-8.435059e-02
12131,2.429199e-02
12132,-3.759766e-02
12133,-2.587891e-02
12134,1.159668e-02
12135,-7.287598e-02
12136,5.773926e-02
12137,-1.153564e-01
12138,9.729004e-02
12139,-1.547852e-01
12140,1.331787e-01
12141,-1.843262e-01
12142,1.588135e-01
12143,-2.030029e-01
12144,1.723633e-01
12145,-2.106934e-01
12146,1.716309e-01
12147,-2.052002e-01
12148,1.635742e-01
12149,-1.905518e-01
12150,1.423340e-01
12151,-1.633301e-01
12152,1.096191e-01
12153,-1.270752e-01
12154,7.043457e-02
12155,-8.312988e-02
12156,2.331543e-02
12157,-3.515625e-02
12158,-2.539062e-02
12159,1.184082e-02
12160,-7.214355e-02
12161,5.578613e-02
12162,-1.165771e-01
12163,9.960938e-02
12164,-1.538086e-01
12165,1.351318e-01
12166,-1.828613e-01
12167,1.579590e-01
12168,-2.027588e-01
12169,1.704102e-01
12170,-2.125244e-01
12171,1.744385e-01
12172,-2.066650e-01
12173,1.627197e-01
12174,-1.888428e-01
12175,1.408691e-01
12176,-1.632080e-01
12177,1.099854e-01
12178,-1.268311e-01
12179,6.823730e-02
12180,-8.374023e-02
12181,2.453613e-02
12182,-3.747559e-02
12183,-2.478027e-02
12184,1.232910e-02
12185,-7.165527e-02
12186,5.688477e-02
12187,-1.146240e-01
12188,1.002197e-01
12189,-1.560059e-01
12190,1.331787e-01
12191,-1.820068e-01
12192,1.572266e-01
12193,-2.033691e-01
12194,1.717529e-01
12195,-2.119141e-01
12196,1.733398e-01
12197,-2.069092e-01
12198,1.627197e-01
12199,-1.911621e-01
12200,1.418457e-01
12201,-1.624756e-01
12202,1.112061e-01
12203,-1.263428e-01
12204,7.092285e-02
12205,-8.349609e-02
12206,2.441406e-02
12207,-3.662109e-02
12208,-2.441406e-02
12209,1.171875e-02
12210,-7.043457e-02
12211,5.627441e-02
12212,-1.156006e-01
12213,9.973145e-02
12214,-1.553955e-01
12215,1.347656e-01
12216,-1.828613e-01
12217,1.585693e-01
12218,-2.012939e-01
12219,1.707764e-01
12220,-2.115479e-01
12221,1.741943e-01
12222,-2.071533e-01
12223,1.632080e-01
12224,-1.889648e-01
12225,1.408691e-01
12226,-1.629639e-01
12227,1.107178e-01
12228,-1.289062e-01
12229,7.092285e-02
12230,-8.312988e-02
12231,2.319336e-02
12232,-3.527832e-02
12233,-2.416992e-02
12234,9.521484e-03
12235,-7.165527e-02
12236,5.578613e-02
12237,-1.173096e-01
12238,9.790039e-02
12239,-1.546631e-01
12240,1.335449e-01
12241,-1.839600e-01
12242,1.579590e-01
12243,-2.027588e-01
12244,1.711426e-01
12245,-2.103271e-01
12246,1.750488e-01
12247,-2.071533e-01
12248,1.644287e-01
12249,-1.885986e-01
12250,1.411133e-01
12251,-1.627197e-01
12252,1.098633e-01
12253,-1.270752e-01
12254,6.994629e-02
12255,-8.544922e-02
12256,2.441406e-02
12257,-3.735352e-02
12258,-2.355957e-02
12259,1.171875e-02
12260,-7.202148e-02
12261,5.871582e-02
12262,-1.163330e-01
12263,9.826660e-02
12264,-1.544189e-01
12265,1.336670e-01
12266,-1.844482e-01
12267,1.571045e-01
12268,-2.011719e-01
12269,1.704102e-01
12270,-2.103271e-01
12271,1.750488e-01
12272,-2.065430e-01
12273,1.645508e-01
12274,-1.893311e-01
12275,1.395264e-01
12276,-1.614990e-01
12277,1.094971e-01
12278,-1.286621e-01
12279,7.067871e-02
12280,-8.300781e-02
12281,2.526855e-02
12282,-3.576660e-02
12283,-2.563477e-02
12284,1.208496e-02
12285,-7.177734e-02
12286,5.651855e-02
12287,-1.153564e-01
12288,9.643555e-02
12289,-1.533203e-01
12290,1.333008e-01
12291,-1.846924e-01
12292,1.596680e-01
12293,-2.026367e-01
12294,1.716309e-01
12295,-2.110596e-01
12296,1.728516e-01
12297,-2.071533e-01
12298,1.630859e-01
12299,-1.904297e-01
12300,1.418457e-01
12301,-1.623535e-01
12302,1.105957e-01
12303,-1.270752e-01
12304,6.921387e-02
12305,-8.447266e-02
12306,2.343750e-02
12307,-3.686523e-02
12308,-2.392578e-02
12309,1.196289e-02
12310,-7.141113e-02
12311,5.773926e-02
12312,-1.165771e-01
12313,9.704590e-02
12314,-1.545410e-01
12315,1.322021e-01
12316,-1.843262e-01
12317,1.585693e-01
12318,-2.016602e-01
12319,1.717529e-01
12320,-2.093506e-01
12321,1.735840e-01
12322,-2.065430e-01
12323,1.623535e-01
12324,-1.914062e-01
12325,1.416016e-01
12326,-1.636963e-01
12327,1.112061e-01
12328,-1.257324e-01
12329,7.092285e-02
12330,-8.483887e-02
12331,2.587891e-02
12332,-3.747559e-02
12333,-2.514648e-02
12334,1.086426e-02
12335,-7.177734e-02
12336,5.712891e-02
12337,-1.162109e-01
12338,9.777832e-02
12339,-1.535645e-01
12340,1.334229e-01
12341,-1.812744e-01
12342,1.582031e-01
12343,-2.016602e-01
12344,1.715088e-01
12345,-2.110596e-01
12346,1.741943e-01
12347,-2.075195e-01
12348,1.647949e-01
12349,-1.887207e-01
12350,1.422119e-01
12351,-1.633301e-01
12352,1.104736e-01
12353,-1.271973e-01
12354,7.104492e-02
12355,-8.251953e-02
12356,2.392578e-02
12357,-3.479004e-02
12358,-2.551270e-02
12359,1.037598e-02
12360,-7.202148e-02
12361,5.773926e-02
12362,-1.157227e-01
12363,9.887695e-02
12364,-1.528320e-01
12365,1.320801e-01
12366,-1.840820e-01
12367,1.567383e-01
12368,-2.031250e-01
12369,1.729736e-01
12370,-2.110596e-01
12371,1.738281e-01
12372,-2.062988e-01
12373,1.627197e-01
12374,-1.895752e-01
12375,1.422119e-01
12376,-1.643066e-01
12377,1.098633e-01
12378,-1.284180e-01
12379,6.909180e-02
12380,-8.349609e-02
12381,2.551270e-02
12382,-3.723145e-02
12383,-2.429199e-02
12384,1.318359e-02
12385,-7.165527e-02
12386,5.615234e-02
12387,-1.141357e-01
12388,9.741211e-02
12389,-1.535645e-01
12390,1.334229e-01
12391,-1.839600e-01
12392,1.586914e-01
12393,-2.022705e-01
12394,1.711426e-01
12395,-2.093506e-01
12396,1.735840e-01
12397,-2.054443e-01
12398,1.643066e-01
12399,-1.894531e-01
12400,1.422119e-01
12401,-1.640625e-01
12402,1.103516e-01
12403,-1.265869e-01
12404,7.141113e-02
12405,-8.361816e-02
12406,2.404785e-02
12407,-3.588867e-02
12408,-2.563477e-02
12409,1.000977e-02
12410,-7.092285e-02
12411,5.603027e-02
12412,-1.148682e-01
12413,9.765625e-02
12414,-1.528320e-01
12415,1.339111e-01
12416,-1.828613e-01
12417,1.585693e-01
12418,-2.023926e-01
12419,1.723633e-01
12420,-2.102051e-01
12421,1.746826e-01
12422,-2.058105e-01
12423,1.635742e-01
12424,-1.896973e-01
12425,1.427002e-01
12426,-1.639404e-01
12427,1.102295e-01
12428,-1.284180e-01
12429,6.909180e-02
12430,-8.227539e-02
12431,2.380371e-02
12432,-3.564453e-02
12433,-2.343750e-02
12434,1.013184e-02
12435,-7.092285e-02
12436,5.651855e-02
12437,-1.158447e-01
12438,9.960938e-02
12439,-1.535645e-01
12440,1.341553e-01
12441,-1.822510e-01
12442,1.579590e-01
12443,-2.025146e-01
12444,1.721191e-01
12445,-2.102051e-01
12446,1.737061e-01
12447,-2.047119e-01
12448,1.650391e-01
12449,-1.893311e-01
12450,1.434326e-01
12451,-1.622314e-01
12452,1.107178e-01
12453,-1.263428e-01
12454,7.214355e-02
12455,-8.447266e-02
12456,2.355957e-02
12457,-3.649902e-02
12458,-2.392578e-02
12459,1.184082e-02
12460,-7.031250e-02
12461,5.798340e-02
12462,-1.153564e-01
12463,9.863281e-02
12464,-1.539307e-01
12465,1.320801e-01
12466,-1.802979e-01
12467,1.579590e-01
12468,-2.011719e-01
12469,1.724854e-01
12470,-2.109375e-01
12471,1.744385e-01
12472,-2.061768e-01
12473,1.655273e-01
12474,-1.896973e-01
12475,1.433105e-01
12476,-1.622314e-01
12477,1.097412e-01
12478,-1.267090e-01
12479,7.055664e-02
12480,-8.142090e-02
12481,2.441406e-02
12482,-3.564453e-02
12483,-2.160645e-02
12484,1.000977e-02
12485,-7.055664e-02
12486,5.712891e-02
12487,-1.152344e-01
12488,9.790039e-02
12489,-1.534424e-01
12490,1.314697e-01
12491,-1.826172e-01
12492,1.571045e-01
12493,-2.025146e-01
12494,1.723633e-01
12495,-2.087402e-01
12496,1.746826e-01
12497,-2.050781e-01
12498,1.641846e-01
12499,-1.895752e-01
12500,1.428223e-01
12501,-1.647949e-01
12502,1.116943e-01
12503,-1.279297e-01
12504,6.921387e-02
12505,-8.422852e-02
12506,2.478027e-02
12507,-3.723145e-02
12508,-2.294922e-02
12509,1.123047e-02
12510,-7.080078e-02
12511,5.541992e-02
12512,-1.154785e-01
12513,9.936523e-02
12514,-1.528320e-01
12515,1.331787e-01
12516,-1.805420e-01
12517,1.571045e-01
12518,-2.010498e-01
12519,1.726074e-01
12520,-2.102051e-01
12521,1.752930e-01
12522,-2.060547e-01
12523,1.650391e-01
12524,-1.901855e-01
12525,1.422119e-01
12526,-1.630859e-01
12527,1.097412e-01
12528,-1.280518e-01
12529,7.043457e-02
12530,-8.349609e-02
12531,2.624512e-02
12532,-3.845215e-02
12533,-2.233887e-02
12534,9.277344e-03
12535,-7.128906e-02
12536,5.603027e-02
12537,-1.164551e-01
12538,9.790039e-02
12539,-1.539307e-01
12540,1.328125e-01
12541,-1.828613e-01
12542,1.563721e-01
12543,-2.011719e-01
12544,1.716309e-01
12545,-2.104492e-01
12546,1.744385e-01
12547,-2.065430e-01
12548,1.639404e-01
12549,-1.907959e-01
12550,1.428223e-01
12551,-1.632080e-01
12552,1.116943e-01
12553,-1.275635e-01
12554,7.128906e-02
12555,-8.374023e-02
12556,2.502441e-02
12557,-3.759766e-02
12558,-2.404785e-02
12559,1.123047e-02
12560,-6.994629e-02
12561,5.493164e-02
12562,-1.136475e-01
12563,9.802246e-02
12564,-1.538086e-01
12565,1.340332e-01
12566,-1.822510e-01
12567,1.575928e-01
12568,-2.019043e-01
12569,1.729736e-01
12570,-2.095947e-01
12571,1.744385e-01
12572,-2.072754e-01
12573,1.652832e-01
12574,-1.906738e-01
12575,1.418457e-01
12576,-1.621094e-01
12577,1.099854e-01
12578,-1.285400e-01
12579,7.080078e-02
12580,-8.581543e-02
12581,2.441406e-02
12582,-3.759766e-02
12583,-2.307129e-02
12584,9.277344e-03
12585,-7.067871e-02
12586,5.517578e-02
12587,-1.162109e-01
12588,9.863281e-02
12589,-1.536865e-01
12590,1.319580e-01
12591,-1.837158e-01
12592,1.575928e-01
12593,-2.021484e-01
12594,1.716309e-01
12595,-2.099609e-01
12596,1.739502e-01
12597,-2.043457e-01
12598,1.636963e-01
12599,-1.915283e-01
12600,1.434326e-01
12601,-1.635742e-01
12602,1.097412e-01
12603,-1.285400e-01
12604,7.031250e-02
12605,-8.459473e-02
12606,2.600098e-02
12607,-3.808594e-02
12608,-2.307129e-02
12609,1.184082e-02
12610,-6.982422e-02
12611,5.627441e-02
12612,-1.140137e-01
12613,9.729004e-02
12614,-1.520996e-01
12615,1.339111e-01
12616,-1.818848e-01
12617,1.579590e-01
12618,-2.006836e-01
12619,1.735840e-01
12620,-2.106934e-01
12621,1.733398e-01
12622,-2.062988e-01
12623,1.633301e-01
12624,-1.912842e-01
12625,1.414795e-01
12626,-1.647949e-01
12627,1.102295e-01
12628,-1.280518e-01
12629,6.933594e-02
12630,-8.581543e-02
12631,2.514648e-02
12632,-3.833008e-02
12633,-2.258301e-02
12634,9.765625e-03
12635,-6.884766e-02
12636,5.554199e-02
12637,-1.146240e-01
12638,9.790039e-02
12639,-1.525879e-01
12640,1.330566e-01
12641,-1.833496e-01
12642,1.577148e-01
12643,-2.017822e-01
12644,1.717529e-01
12645,-2.110596e-01
12646,1.745605e-01
12647,-2.054443e-01
12648,1.632080e-01
12649,-1.895752e-01
12650,1.435547e-01
12651,-1.630859e-01
12652,1.103516e-01
12653,-1.276855e-01
12654,7.214355e-02
12655,-8.557129e-02
12656,2.709961e-02
12657,-3.833008e-02
12658,-2.307129e-02
12659,1.062012e-02
12660,-7.165527e-02
12661,5.615234e-02
12662,-1.140137e-01
12663,9.887695e-02
12664,-1.512451e-01
12665,1.311035e-01
12666,-1.831055e-01
12667,1.560059e-01
12668,-2.025146e-01
12669,1.723633e-01
12670,-2.117920e-01
12671,1.750488e-01
12672,-2.056885e-01
12673,1.645508e-01
12674,-1.907959e-01
12675,1.434326e-01
12676,-1.650391e-01
12677,1.115723e-01
12678,-1.285400e-01
12679,7.031250e-02
12680,-8.422852e-02
12681,2.661133e-02
12682,-3.723145e-02
12683,-2.050781e-02
12684,9.765625e-03
12685,-7.177734e-02
12686,5.664062e-02
12687,-1.149902e-01
12688,9.887695e-02
12689,-1.534424e-01
12690,1.311035e-01
12691,-1.811523e-01
12692,1.568604e-01
12693,-2.025146e-01
12694,1.733398e-01
12695,-2.111816e-01
12696,1.718750e-01
12697,-2.064209e-01
12698,1.640625e-01
12699,-1.929932e-01
12700,1.434326e-01
12701,-1.652832e-01
12702,1.110840e-01
12703,-1.275635e-01
12704,7.104492e-02
12705,-8.593750e-02
12706,2.551270e-02
12707,-3.869629e-02
12708,-2.258301e-02
12709,1.159668e-02
12710,-7.006836e-02
12711,5.798340e-02
12712,-1.138916e-01
12713,9.619141e-02
12714,-1.511230e-01
12715,1.335449e-01
12716,-1.811523e-01
12717,1.591797e-01
12718,-2.014160e-01
12719,1.716309e-01
12720,-2.097168e-01
12721,1.735840e-01
12722,-2.060547e-01
12723,1.644287e-01
12724,-1.906738e-01
12725,1.437988e-01
12726,-1.641846e-01
12727,1.096191e-01
12728,-1.278076e-01
12729,7.141113e-02
12730,-8.679199e-02
12731,2.758789e-02
12732,-3.906250e-02
12733,-2.270508e-02
12734,1.000977e-02
12735,-7.092285e-02
12736,5.664062e-02
12737,-1.145020e-01
12738,9.777832e-02
12739,-1.529541e-01
12740,1.304932e-01
12741,-1.829834e-01
12742,1.582031e-01
12743,-2.017822e-01
12744,1.724854e-01
12745,-2.099609e-01
12746,1.734619e-01
12747,-2.078857e-01
12748,1.633301e-01
12749,-1.905518e-01
12750,1.434326e-01
12751,-1.641846e-01
12752,1.129150e-01
12753,-1.273193e-01
12754,7.177734e-02
12755,-8.398438e-02
12756,2.539062e-02
12757,-3.710938e-02
12758,-2.185059e-02
12759,1.025391e-02
12760,-6.970215e-02
12761,5.676270e-02
12762,-1.140137e-01
12763,9.643555e-02
12764,-1.518555e-01
12765,1.314697e-01
12766,-1.818848e-01
12767,1.589355e-01
12768,-2.027588e-01
12769,1.721191e-01
12770,-2.102051e-01
12771,1.724854e-01
12772,-2.061768e-01
12773,1.634521e-01
12774,-1.921387e-01
12775,1.440430e-01
12776,-1.645508e-01
12777,1.116943e-01
12778,-1.290283e-01
12779,7.202148e-02
12780,-8.435059e-02
12781,2.587891e-02
12782,-3.845215e-02
12783,-2.172852e-02
12784,9.887695e-03
12785,-6.958008e-02
12786,5.541992e-02
12787,-1.156006e-01
12788,9.667969e-02
12789,-1.538086e-01
12790,1.314697e-01
12791,-1.821289e-01
12792,1.572266e-01
12793,-2.019043e-01
12794,1.723633e-01
12795,-2.093506e-01
12796,1.746826e-01
12797,-2.056885e-01
12798,1.639404e-01
12799,-1.905518e-01
12800,1.433105e-01
12801,-1.665039e-01
12802,1.124268e-01
12803,-1.284180e-01
12804,7.128906e-02
12805,-8.605957e-02
12806,2.636719e-02
12807,-3.759766e-02
12808,-2.233887e-02
12809,9.643555e-03
12810,-7.055664e-02
12811,5.554199e-02
12812,-1.140137e-01
12813,9.790039e-02
12814,-1.511230e-01
12815,1.322021e-01
12816,-1.812744e-01
12817,1.578369e-01
12818,-2.014160e-01
12819,1.702881e-01
12820,-2.103271e-01
12821,1.730957e-01
12822,-2.069092e-01
12823,1.652832e-01
12824,-1.917725e-01
12825,1.436768e-01
12826,-1.657715e-01
12827,1.110840e-01
12828,-1.292725e-01
12829,7.214355e-02
12830,-8.532715e-02
12831,2.600098e-02
12832,-3.869629e-02
12833,-2.307129e-02
12834,7.934570e-03
12835,-7.055664e-02
12836,5.554199e-02
12837,-1.140137e-01
12838,9.704590e-02
12839,-1.522217e-01
12840,1.319580e-01
12841,-1.823730e-01
12842,1.573486e-01
12843,-2.022705e-01
12844,1.729736e-01
12845,-2.098389e-01
12846,1.735840e-01
12847,-2.069092e-01
12848,1.640625e-01
12849,-1.923828e-01
12850,1.425781e-01
12851,-1.638184e-01
12852,1.103516e-01
12853,-1.274414e-01
12854,7.165527e-02
12855,-8.520508e-02
12856,2.673340e-02
12857,-3.991699e-02
12858,-2.136230e-02
12859,1.098633e-02
12860,-7.055664e-02
12861,5.712891e-02
12862,-1.123047e-01
12863,9.753418e-02
12864,-1.527100e-01
12865,1.323242e-01
12866,-1.823730e-01
12867,1.558838e-01
12868,-1.994629e-01
12869,1.727295e-01
12870,-2.108154e-01
12871,1.754150e-01
12872,-2.054443e-01
12873,1.649170e-01
12874,-1.905518e-01
12875,1.435547e-01
12876,-1.640625e-01
12877,1.113281e-01
12878,-1.279297e-01
12879,7.202148e-02
12880,-8.630371e-02
12881,2.514648e-02
12882,-3.833008e-02
12883,-2.099609e-02
12884,9.033203e-03
12885,-6.909180e-02
12886,5.566406e-02
12887,-1.140137e-01
12888,9.643555e-02
12889,-1.529541e-01
12890,1.306152e-01
12891,-1.823730e-01
12892,1.558838e-01
12893,-2.022705e-01
12894,1.712646e-01
12895,-2.110596e-01
12896,1.741943e-01
12897,-2.059326e-01
12898,1.650391e-01
12899,-1.892090e-01
12900,1.433105e-01
12901,-1.649170e-01
12902,1.120605e-01
12903,-1.287842e-01
12904,7.165527e-02
12905,-8.520508e-02
12906,2.636719e-02
12907,-3.979492e-02
12908,-2.136230e-02
12909,9.277344e-03
12910,-7.006836e-02
12911,5.712891e-02
12912,-1.137695e-01
12913,9.765625e-02
12914,-1.512451e-01
12915,1.315918e-01
12916,-1.812744e-01
12917,1.564941e-01
12918,-1.997070e-01
12919,1.726074e-01
12920,-2.102051e-01
12921,1.730957e-01
12922,-2.072754e-01
12923,1.633301e-01
12924,-1.925049e-01
12925,1.427002e-01
12926,-1.668701e-01
12927,1.109619e-01
12928,-1.276855e-01
12929,7.263184e-02
12930,-8.728027e-02
12931,2.697754e-02
12932,-3.771973e-02
12933,-2.185059e-02
12934,1.013184e-02
12935,-6.970215e-02
12936,5.517578e-02
12937,-1.127930e-01
12938,9.741211e-02
12939,-1.529541e-01
12940,1.319580e-01
12941,-1.828613e-01
12942,1.553955e-01
12943,-2.022705e-01
12944,1.707764e-01
12945,-2.102051e-01
12946,1.745605e-01
12947,-2.062988e-01
12948,1.643066e-01
12949,-1.922607e-01
12950,1.430664e-01
12951,-1.641846e-01
12952,1.124268e-01
12953,-1.273193e-01
12954,7.385254e-02
12955,-8.483887e-02
12956,2.783203e-02
12957,-3.894043e-02
12958,-2.233887e-02
12959,7.690430e-03
12960,-6.909180e-02
12961,5.432129e-02
12962,-1.142578e-01
12963,9.594727e-02
12964,-1.524658e-01
12965,1.318359e-01
12966,-1.815186e-01
12967,1.579590e-01
12968,-2.017822e-01
12969,1.699219e-01
12970,-2.106934e-01
12971,1.734619e-01
12972,-2.083740e-01
12973,1.656494e-01
12974,-1.914062e-01
12975,1.425781e-01
12976,-1.654053e-01
12977,1.121826e-01
12978,-1.282959e-01
12979,7.250977e-02
12980,-8.569336e-02
12981,2.636719e-02
12982,-4.003906e-02
12983,-2.136230e-02
12984,7.934570e-03
12985,-6.982422e-02
12986,5.444336e-02
12987,-1.134033e-01
12988,9.619141e-02
12989,-1.528320e-01
12990,1.311035e-01
12991,-1.824951e-01
12992,1.562500e-01
12993,-2.008057e-01
12994,1.704102e-01
12995,-2.106934e-01
12996,1.745605e-01
12997,-2.087402e-01
12998,1.640625e-01
12999,-1.918945e-01
13000,1.435547e-01
13001,-1.650391e-01
13002,1.119385e-01
13003,-1.295166e-01
13004,7.287598e-02
13005,-8.764648e-02
13006,2.770996e-02
13007,-3.808594e-02
13008,-2.160645e-02
13009,9.277344e-03
13010,-6.750488e-02
13011,5.505371e-02
13012,-1.142578e-01
13013,9.729004e-02
13014,-1.519775e-01
13015,1.317139e-01
13016,-1.818848e-01
13017,1.571045e-01
13018,-1.997070e-01
13019,1.700439e-01
13020,-2.103271e-01
13021,1.743164e-01
13022,-2.075195e-01
13023,1.639404e-01
13024,-1.907959e-01
13025,1.445312e-01
13026,-1.658936e-01
13027,1.126709e-01
13028,-1.282959e-01
13029,7.287598e-02
13030,-8.630371e-02
13031,2.819824e-02
13032,-3.967285e-02
13033,-2.062988e-02
13034,9.155273e-03
13035,-6.750488e-02
13036,5.383301e-02
13037,-1.123047e-01
13038,9.667969e-02
13039,-1.522217e-01
13040,1.322021e-01
13041,-1.832275e-01
13042,1.568604e-01
13043,-2.010498e-01
13044,1.704102e-01
13045,-2.093506e-01
13046,1.752930e-01
13047,-2.059326e-01
13048,1.643066e-01
13049,-1.923828e-01
13050,1.428223e-01
13051,-1.656494e-01
13052,1.120605e-01
13053,-1.281738e-01
13054,7.263184e-02
13055,-8.605957e-02
13056,2.673340e-02
13057,-3.942871e-02
13058,-2.185059e-02
13059,7.202148e-03
13060,-6.750488e-02
13061,5.505371e-02
13062,-1.136475e-01
13063,9.704590e-02
13064,-1.514893e-01
13065,1.291504e-01
13066,-1.811523e-01
13067,1.578369e-01
13068,-2.022705e-01
13069,1.708984e-01
13070,-2.102051e-01
13071,1.748047e-01
13072,-2.078857e-01
13073,1.651611e-01
13074,-1.905518e-01
13075,1.424561e-01
13076,-1.657715e-01
13077,1.120605e-01
13078,-1.304932e-01
13079,7.189941e-02
13080,-8.703613e-02
13081,2.636719e-02
13082,-3.955078e-02
13083,-2.160645e-02
13084,7.812500e-03
13085,-7.104492e-02
13086,5.456543e-02
13087,-1.149902e-01
13088,9.631348e-02
13089,-1.501465e-01
13090,1.306152e-01
13091,-1.821289e-01
13092,1.586914e-01
13093,-2.023926e-01
13094,1.724854e-01
13095,-2.104492e-01
13096,1.740723e-01
13097,-2.058105e-01
13098,1.646729e-01
13099,-1.907959e-01
13100,1.428223e-01
13101,-1.656494e-01
13102,1.129150e-01
13103,-1.290283e-01
13104,7.421875e-02
13105,-8.691406e-02
13106,2.819824e-02
13107,-4.016113e-02
13108,-2.172852e-02
13109,9.277344e-03
13110,-6.896973e-02
13111,5.456543e-02
13112,-1.140137e-01
13113,9.558105e-02
13114,-1.503906e-01
13115,1.318359e-01
13116,-1.820068e-01
13117,1.567383e-01
13118,-2.021484e-01
13119,1.704102e-01
13120,-2.115479e-01
13121,1.740723e-01
13122,-2.072754e-01
13123,1.633301e-01
13124,-1.911621e-01
13125,1.434326e-01
13126,-1.668701e-01
13127,1.118164e-01
13128,-1.285400e-01
13129,7.165527e-02
13130,-8.569336e-02
13131,2.722168e-02
13132,-4.113770e-02
13133,-2.111816e-02
13134,6.713867e-03
13135,-6.921387e-02
13136,5.517578e-02
13137,-1.140137e-01
13138,9.655762e-02
13139,-1.507568e-01
13140,1.314697e-01
13141,-1.802979e-01
13142,1.563721e-01
13143,-2.025146e-01
13144,1.718750e-01
13145,-2.095947e-01
13146,1.743164e-01
13147,-2.071533e-01
13148,1.646729e-01
13149,-1.907959e-01
13150,1.434326e-01
13151,-1.671143e-01
13152,1.112061e-01
13153,-1.289062e-01
13154,7.336426e-02
13155,-8.569336e-02
13156,2.624512e-02
13157,-3.930664e-02
13158,-1.965332e-02
13159,7.568359e-03
13160,-6.848145e-02
13161,5.505371e-02
13162,-1.138916e-01
13163,9.680176e-02
13164,-1.503906e-01
13165,1.317139e-01
13166,-1.802979e-01
13167,1.572266e-01
13168,-2.015381e-01
13169,1.713867e-01
13170,-2.097168e-01
13171,1.732178e-01
13172,-2.071533e-01
13173,1.644287e-01
13174,-1.914062e-01
13175,1.442871e-01
13176,-1.656494e-01
13177,1.118164e-01
13178,-1.295166e-01
13179,7.116699e-02
13180,-8.679199e-02
13181,2.770996e-02
13182,-4.028320e-02
13183,-2.148438e-02
13184,8.300781e-03
13185,-6.872559e-02
13186,5.334473e-02
13187,-1.134033e-01
13188,9.460449e-02
13189,-1.536865e-01
13190,1.303711e-01
13191,-1.827393e-01
13192,1.563721e-01
13193,-2.011719e-01
13194,1.715088e-01
13195,-2.097168e-01
13196,1.757812e-01
13197,-2.067871e-01
13198,1.640625e-01
13199,-1.914062e-01
13200,1.434326e-01
13201,-1.652832e-01
13202,1.118164e-01
13203,-1.291504e-01
13204,7.250977e-02
13205,-8.691406e-02
13206,2.807617e-02
13207,-4.089355e-02
13208,-2.099609e-02
13209,9.399414e-03
13210,-6.970215e-02
13211,5.322266e-02
13212,-1.119385e-01
13213,9.570312e-02
13214,-1.512451e-01
13215,1.319580e-01
13216,-1.815186e-01
13217,1.568604e-01
13218,-2.008057e-01
13219,1.715088e-01
13220,-2.105713e-01
13221,1.741943e-01
13222,-2.083740e-01
13223,1.643066e-01
13224,-1.931152e-01
13225,1.434326e-01
13226,-1.654053e-01
13227,1.126709e-01
13228,-1.289062e-01
13229,7.128906e-02
13230,-8.862305e-02
13231,2.661133e-02
13232,-3.930664e-02
13233,-2.050781e-02
13234,7.446289e-03
13235,-6.933594e-02
13236,5.346680e-02
13237,-1.134033e-01
13238,9.472656e-02
13239,-1.503906e-01
13240,1.314697e-01
13241,-1.810303e-01
13242,1.562500e-01
13243,-2.001953e-01
13244,1.719971e-01
13245,-2.109375e-01
13246,1.746826e-01
13247,-2.066650e-01
13248,1.645508e-01
13249,-1.914062e-01
13250,1.442871e-01
13251,-1.663818e-01
13252,1.126709e-01
13253,-1.298828e-01
13254,7.397461e-02
13255,-8.642578e-02
13256,2.746582e-02
13257,-4.089355e-02
13258,-2.075195e-02
13259,6.469727e-03
13260,-6.933594e-02
13261,5.517578e-02
13262,-1.132812e-01
13263,9.643555e-02
13264,-1.510010e-01
13265,1.300049e-01
13266,-1.799316e-01
13267,1.562500e-01
13268,-2.025146e-01
13269,1.716309e-01
13270,-2.097168e-01
13271,1.729736e-01
13272,-2.049561e-01
13273,1.636963e-01
13274,-1.922607e-01
13275,1.442871e-01
13276,-1.666260e-01
13277,1.118164e-01
13278,-1.318359e-01
13279,7.312012e-02
13280,-8.801270e-02
13281,2.722168e-02
13282,-4.028320e-02
13283,-2.221680e-02
13284,7.568359e-03
13285,-6.835938e-02
13286,5.358887e-02
13287,-1.127930e-01
13288,9.594727e-02
13289,-1.512451e-01
13290,1.303711e-01
13291,-1.802979e-01
13292,1.566162e-01
13293,-2.023926e-01
13294,1.712646e-01
13295,-2.105713e-01
13296,1.733398e-01
13297,-2.073975e-01
13298,1.657715e-01
13299,-1.928711e-01
13300,1.434326e-01
13301,-1.658936e-01
13302,1.104736e-01
13303,-1.276855e-01
13304,7.116699e-02
13305,-8.691406e-02
13306,2.868652e-02
13307,-4.150391e-02
13308,-2.050781e-02
13309,7.446289e-03
13310,-6.835938e-02
13311,5.383301e-02
13312,-1.123047e-01
13313,9.448242e-02
13314,-1.507568e-01
13315,1.284180e-01
13316,-1.823730e-01
13317,1.558838e-01
13318,-2.043457e-01
13319,1.716309e-01
13320,-2.108154e-01
13321,1.745605e-01
13322,-2.065430e-01
13323,1.641846e-01
13324,-1.923828e-01
13325,1.436768e-01
13326,-1.657715e-01
13327,1.132812e-01
13328,-1.284180e-01
13329,7.336426e-02
13330,-8.581543e-02
13331,2.856445e-02
13332,-4.016113e-02
13333,-2.111816e-02
13334,7.080078e-03
13335,-6.835938e-02
13336,5.285645e-02
13337,-1.130371e-01
13338,9.436035e-02
13339,-1.519775e-01
13340,1.317139e-01
13341,-1.818848e-01
13342,1.551514e-01
13343,-2.033691e-01
13344,1.704102e-01
13345,-2.110596e-01
13346,1.733398e-01
13347,-2.064209e-01
13348,1.645508e-01
13349,-1.914062e-01
13350,1.445312e-01
13351,-1.666260e-01
13352,1.120605e-01
13353,-1.298828e-01
13354,7.275391e-02
13355,-8.679199e-02
13356,2.734375e-02
13357,-3.930664e-02
13358,-1.965332e-02
13359,7.568359e-03
13360,-6.823730e-02
13361,5.322266e-02
13362,-1.110840e-01
13363,9.521484e-02
13364,-1.514893e-01
13365,1.322021e-01
13366,-1.820068e-01
13367,1.561279e-01
13368,-2.020264e-01
13369,1.704102e-01
13370,-2.098389e-01
13371,1.726074e-01
13372,-2.084961e-01
13373,1.638184e-01
13374,-1.927490e-01
13375,1.430664e-01
13376,-1.652832e-01
13377,1.126709e-01
13378,-1.298828e-01
13379,7.336426e-02
13380,-8.898926e-02
13381,2.844238e-02
13382,-4.016113e-02
13383,-2.099609e-02
13384,9.277344e-03
13385,-6.884766e-02
13386,5.285645e-02
13387,-1.130371e-01
13388,9.436035e-02
13389,-1.520996e-01
13390,1.303711e-01
13391,-1.824951e-01
13392,1.538086e-01
13393,-2.025146e-01
13394,1.700439e-01
13395,-2.111816e-01
13396,1.724854e-01
13397,-2.064209e-01
13398,1.656494e-01
13399,-1.934814e-01
13400,1.448975e-01
13401,-1.657715e-01
13402,1.135254e-01
13403,-1.300049e-01
13404,7.214355e-02
13405,-8.752441e-02
13406,2.832031e-02
13407,-4.138184e-02
13408,-1.928711e-02
13409,7.202148e-03
13410,-6.872559e-02
13411,5.456543e-02
13412,-1.123047e-01
13413,9.497070e-02
13414,-1.506348e-01
13415,1.306152e-01
13416,-1.820068e-01
13417,1.545410e-01
13418,-2.016602e-01
13419,1.716309e-01
13420,-2.110596e-01
13421,1.730957e-01
13422,-2.062988e-01
13423,1.643066e-01
13424,-1.931152e-01
13425,1.441650e-01
13426,-1.661377e-01
13427,1.126709e-01
13428,-1.302490e-01
13429,7.165527e-02
13430,-8.715820e-02
13431,2.661133e-02
13432,-3.930664e-02
13433,-2.160645e-02
13434,6.103516e-03
13435,-6.774902e-02
13436,5.175781e-02
13437,-1.118164e-01
13438,9.472656e-02
13439,-1.520996e-01
13440,1.297607e-01
13441,-1.821289e-01
13442,1.568604e-01
13443,-2.011719e-01
13444,1.705322e-01
13445,-2.102051e-01
13446,1.740723e-01
13447,-2.086182e-01
13448,1.657715e-01
13449,-1.914062e-01
13450,1.435547e-01
13451,-1.657715e-01
13452,1.118164e-01
13453,-1.307373e-01
13454,7.336426e-02
13455,-8.984375e-02
13456,2.893066e-02
13457,-4.174805e-02
13458,-2.099609e-02
13459,6.591797e-03
13460,-6.823730e-02
13461,5.468750e-02
13462,-1.130371e-01
13463,9.545898e-02
13464,-1.503906e-01
13465,1.297607e-01
13466,-1.795654e-01
13467,1.572266e-01
13468,-2.019043e-01
13469,1.733398e-01
13470,-2.098389e-01
13471,1.729736e-01
13472,-2.069092e-01
13473,1.635742e-01
13474,-1.922607e-01
13475,1.444092e-01
13476,-1.657715e-01
13477,1.114502e-01
13478,-1.303711e-01
13479,7.214355e-02
13480,-8.898926e-02
13481,2.893066e-02
13482,-4.223633e-02
13483,-2.050781e-02
13484,7.812500e-03
13485,-6.665039e-02
13486,5.407715e-02
13487,-1.110840e-01
13488,9.399414e-02
13489,-1.497803e-01
13490,1.297607e-01
13491,-1.804199e-01
13492,1.579590e-01
13493,-2.012939e-01
13494,1.723633e-01
13495,-2.087402e-01
13496,1.726074e-01
13497,-2.071533e-01
13498,1.657715e-01
13499,-1.926270e-01
13500,1.440430e-01
13501,-1.672363e-01
13502,1.112061e-01
13503,-1.315918e-01
13504,7.421875e-02
13505,-8.825684e-02
13506,2.795410e-02
13507,-4.003906e-02
13508,-2.087402e-02
13509,6.347656e-03
13510,-6.506348e-02
13511,5.261230e-02
13512,-1.115723e-01
13513,9.619141e-02
13514,-1.506348e-01
13515,1.304932e-01
13516,-1.820068e-01
13517,1.563721e-01
13518,-2.015381e-01
13519,1.711426e-01
13520,-2.100830e-01
13521,1.749268e-01
13522,-2.076416e-01
13523,1.641846e-01
13524,-1.912842e-01
13525,1.416016e-01
13526,-1.660156e-01
13527,1.126709e-01
13528,-1.311035e-01
13529,7.421875e-02
13530,-8.801270e-02
13531,2.795410e-02
13532,-3.979492e-02
13533,-2.026367e-02
13534,7.324219e-03
13535,-6.713867e-02
13536,5.163574e-02
13537,-1.116943e-01
13538,9.521484e-02
13539,-1.496582e-01
13540,1.314697e-01
13541,-1.817627e-01
13542,1.564941e-01
13543,-2.010498e-01
13544,1.707764e-01
13545,-2.110596e-01
13546,1.741943e-01
13547,-2.075195e-01
13548,1.655273e-01
13549,-1.927490e-01
13550,1.434326e-01
13551,-1.638184e-01
13552,1.118164e-01
13553,-1.308594e-01
13554,7.519531e-02
13555,-8.935547e-02
13556,2.917480e-02
13557,-4.089355e-02
13558,-2.136230e-02
13559,6.958008e-03
13560,-6.652832e-02
13561,5.114746e-02
13562,-1.113281e-01
13563,9.448242e-02
13564,-1.495361e-01
13565,1.306152e-01
13566,-1.812744e-01
13567,1.571045e-01
13568,-2.021484e-01
13569,1.710205e-01
13570,-2.089844e-01
13571,1.726074e-01
13572,-2.060547e-01
13573,1.665039e-01
13574,-1.929932e-01
13575,1.451416e-01
13576,-1.661377e-01
13577,1.131592e-01
13578,-1.328125e-01
13579,7.409668e-02
13580,-8.801270e-02
13581,2.783203e-02
13582,-3.991699e-02
13583,-1.928711e-02
13584,7.446289e-03
13585,-6.738281e-02
13586,5.334473e-02
13587,-1.112061e-01
13588,9.423828e-02
13589,-1.501465e-01
13590,1.298828e-01
13591,-1.811523e-01
13592,1.563721e-01
13593,-1.999512e-01
13594,1.707764e-01
13595,-2.093506e-01
13596,1.735840e-01
13597,-2.069092e-01
13598,1.661377e-01
13599,-1.927490e-01
13600,1.442871e-01
13601,-1.654053e-01
13602,1.137695e-01
13603,-1.307373e-01
13604,7.482910e-02
13605,-8.593750e-02
13606,2.807617e-02
13607,-4.089355e-02
13608,-1.904297e-02
13609,5.249023e-03
13610,-6.665039e-02
13611,5.358887e-02
13612,-1.112061e-01
13613,9.521484e-02
13614,-1.513672e-01
13615,1.291504e-01
13616,-1.811523e-01
13617,1.546631e-01
13618,-1.998291e-01
13619,1.716309e-01
13620,-2.098389e-01
13621,1.741943e-01
13622,-2.065430e-01
13623,1.656494e-01
13624,-1.920166e-01
13625,1.446533e-01
13626,-1.658936e-01
13627,1.130371e-01
13628,-1.301270e-01
13629,7.446289e-02
13630,-8.740234e-02
13631,2.990723e-02
13632,-4.174805e-02
13633,-2.014160e-02
13634,6.591797e-03
13635,-6.750488e-02
13636,5.371094e-02
13637,-1.103516e-01
13638,9.472656e-02
13639,-1.490479e-01
13640,1.293945e-01
13641,-1.823730e-01
13642,1.555176e-01
13643,-2.023926e-01
13644,1.697998e-01
13645,-2.093506e-01
13646,1.750488e-01
13647,-2.078857e-01
13648,1.652832e-01
13649,-1.922607e-01
13650,1.446533e-01
13651,-1.658936e-01
13652,1.137695e-01
13653,-1.300049e-01
13654,7.507324e-02
13655,-8.837891e-02
13656,2.673340e-02
13657,-4.174805e-02
13658,-1.794434e-02
13659,7.446289e-03
13660,-6.591797e-02
13661,5.322266e-02
13662,-1.108398e-01
13663,9.460449e-02
13664,-1.502686e-01
13665,1.296387e-01
13666,-1.813965e-01
13667,1.569824e-01
13668,-2.001953e-01
13669,1.707764e-01
13670,-2.103271e-01
13671,1.743164e-01
13672,-2.062988e-01
13673,1.660156e-01
13674,-1.916504e-01
13675,1.462402e-01
13676,-1.668701e-01
13677,1.125488e-01
13678,-1.320801e-01
13679,7.287598e-02
13680,-8.764648e-02
13681,2.868652e-02
13682,-4.138184e-02
13683,-1.843262e-02
13684,5.737305e-03
13685,-6.787109e-02
13686,5.200195e-02
13687,-1.114502e-01
13688,9.509277e-02
13689,-1.497803e-01
13690,1.295166e-01
13691,-1.804199e-01
13692,1.539307e-01
13693,-2.022705e-01
13694,1.700439e-01
13695,-2.098389e-01
13696,1.746826e-01
13697,-2.073975e-01
13698,1.658936e-01
13699,-1.929932e-01
13700,1.448975e-01
13701,-1.665039e-01
13702,1.143799e-01
13703,-1.309814e-01
13704,7.409668e-02
13705,-8.923340e-02
13706,2.880859e-02
13707,-4.101562e-02
13708,-1.843262e-02
13709,5.126953e-03
13710,-6.408691e-02
13711,5.310059e-02
13712,-1.114502e-01
13713,9.606934e-02
13714,-1.512451e-01
13715,1.293945e-01
13716,-1.799316e-01
13717,1.546631e-01
13718,-2.022705e-01
13719,1.705322e-01
13720,-2.099609e-01
13721,1.743164e-01
13722,-2.075195e-01
13723,1.649170e-01
13724,-1.916504e-01
13725,1.445312e-01
13726,-1.666260e-01
13727,1.126709e-01
13728,-1.311035e-01
13729,7.385254e-02
13730,-8.923340e-02
13731,2.880859e-02
13732,-4.199219e-02
13733,-1.733398e-02
13734,5.859375e-03
13735,-6.640625e-02
13736,5.249023e-02
13737,-1.127930e-01
13738,9.289551e-02
13739,-1.500244e-01
13740,1.295166e-01
13741,-1.807861e-01
13742,1.562500e-01
13743,-2.020264e-01
13744,1.711426e-01
13745,-2.091064e-01
13746,1.737061e-01
13747,-2.059326e-01
13748,1.656494e-01
13749,-1.922607e-01
13750,1.458740e-01
13751,-1.663818e-01
13752,1.136475e-01
13753,-1.302490e-01
13754,7.531738e-02
13755,-8.837891e-02
13756,2.978516e-02
13757,-4.089355e-02
13758,-1.696777e-02
13759,6.347656e-03
13760,-6.738281e-02
13761,5.200195e-02
13762,-1.110840e-01
13763,9.448242e-02
13764,-1.491699e-01
13765,1.303711e-01
13766,-1.795654e-01
13767,1.560059e-01
13768,-1.999512e-01
13769,1.717529e-01
13770,-2.093506e-01
13771,1.745605e-01
13772,-2.075195e-01
13773,1.652832e-01
13774,-1.923828e-01
13775,1.444092e-01
13776,-1.665039e-01
13777,1.119385e-01
13778,-1.312256e-01
13779,7.421875e-02
13780,-8.850098e-02
13781,3.063965e-02
13782,-4.431152e-02
13783,-1.965332e-02
13784,5.859375e-03
13785,-6.835938e-02
13786,5.371094e-02
13787,-1.134033e-01
13788,9.411621e-02
13789,-1.486816e-01
13790,1.280518e-01
13791,-1.795654e-01
13792,1.556396e-01
13793,-2.023926e-01
13794,1.699219e-01
13795,-2.099609e-01
13796,1.754150e-01
13797,-2.067871e-01
13798,1.662598e-01
13799,-1.915283e-01
13800,1.444092e-01
13801,-1.656494e-01
13802,1.136475e-01
13803,-1.319580e-01
13804,7.348633e-02
13805,-8.850098e-02
13806,3.002930e-02
13807,-4.248047e-02
13808,-1.831055e-02
13809,6.713867e-03
13810,-6.604004e-02
13811,5.273438e-02
13812,-1.119385e-01
13813,9.338379e-02
13814,-1.496582e-01
13815,1.284180e-01
13816,-1.805420e-01
13817,1.560059e-01
13818,-2.014160e-01
13819,1.716309e-01
13820,-2.106934e-01
13821,1.733398e-01
13822,-2.065430e-01
13823,1.647949e-01
13824,-1.915283e-01
13825,1.461182e-01
13826,-1.667480e-01
13827,1.149902e-01
13828,-1.322021e-01
13829,7.495117e-02
13830,-8.837891e-02
13831,2.905273e-02
13832,-4.089355e-02
13833,-1.745605e-02
13834,3.662109e-03
13835,-6.591797e-02
13836,5.285645e-02
13837,-1.126709e-01
13838,9.436035e-02
13839,-1.497803e-01
13840,1.291504e-01
13841,-1.799316e-01
13842,1.551514e-01
13843,-2.016602e-01
13844,1.699219e-01
13845,-2.105713e-01
13846,1.741943e-01
13847,-2.071533e-01
13848,1.647949e-01
13849,-1.933594e-01
13850,1.450195e-01
13851,-1.657715e-01
13852,1.130371e-01
13853,-1.306152e-01
13854,7.446289e-02
13855,-9.118652e-02
13856,3.002930e-02
13857,-4.357910e-02
13858,-1.733398e-02
13859,6.591797e-03
13860,-6.604004e-02
13861,5.236816e-02
13862,-1.110840e-01
13863,9.460449e-02
13864,-1.495361e-01
13865,1.284180e-01
13866,-1.798096e-01
13867,1.552734e-01
13868,-2.012939e-01
13869,1.707764e-01
13870,-2.109375e-01
13871,1.735840e-01
13872,-2.073975e-01
13873,1.647949e-01
13874,-1.937256e-01
13875,1.442871e-01
13876,-1.674805e-01
13877,1.135254e-01
13878,-1.311035e-01
13879,7.580566e-02
13880,-8.923340e-02
13881,2.990723e-02
13882,-4.345703e-02
13883,-1.867676e-02
13884,5.737305e-03
13885,-6.823730e-02
13886,5.212402e-02
13887,-1.114502e-01
13888,9.497070e-02
13889,-1.496582e-01
13890,1.292725e-01
13891,-1.794434e-01
13892,1.549072e-01
13893,-1.997070e-01
13894,1.702881e-01
13895,-2.094727e-01
13896,1.743164e-01
13897,-2.084961e-01
13898,1.663818e-01
13899,-1.922607e-01
13900,1.444092e-01
13901,-1.655273e-01
13902,1.146240e-01
13903,-1.314697e-01
13904,7.495117e-02
13905,-8.886719e-02
13906,3.051758e-02
13907,-4.333496e-02
13908,-1.745605e-02
13909,4.638672e-03
13910,-6.604004e-02
13911,5.371094e-02
13912,-1.119385e-01
13913,9.460449e-02
13914,-1.485596e-01
13915,1.274414e-01
13916,-1.813965e-01
13917,1.546631e-01
13918,-2.016602e-01
13919,1.704102e-01
13920,-2.099609e-01
13921,1.759033e-01
13922,-2.082520e-01
13923,1.650391e-01
13924,-1.920166e-01
13925,1.429443e-01
13926,-1.667480e-01
13927,1.142578e-01
13928,-1.322021e-01
13929,7.495117e-02
13930,-9.094238e-02
13931,3.210449e-02
13932,-4.248047e-02
13933,-1.843262e-02
13934,5.859375e-03
13935,-6.640625e-02
13936,5.285645e-02
13937,-1.097412e-01
13938,9.350586e-02
13939,-1.495361e-01
13940,1.287842e-01
13941,-1.811523e-01
13942,1.544189e-01
13943,-2.008057e-01
13944,1.694336e-01
13945,-2.094727e-01
13946,1.738281e-01
13947,-2.084961e-01
13948,1.658936e-01
13949,-1.932373e-01
13950,1.434326e-01
13951,-1.662598e-01
13952,1.127930e-01
13953,-1.318359e-01
13954,7.592773e-02
13955,-9.008789e-02
13956,3.039551e-02
13957,-4.272461e-02
13958,-1.879883e-02
13959,4.028320e-03
13960,-6.579590e-02
13961,5.285645e-02
13962,-1.091309e-01
13963,9.436035e-02
13964,-1.483154e-01
13965,1.292725e-01
13966,-1.802979e-01
13967,1.551514e-01
13968,-2.009277e-01
13969,1.705322e-01
13970,-2.099609e-01
13971,1.743164e-01
13972,-2.067871e-01
13973,1.647949e-01
13974,-1.940918e-01
13975,1.445312e-01
13976,-1.665039e-01
13977,1.140137e-01
13978,-1.312256e-01
13979,7.507324e-02
13980,-9.057617e-02
13981,2.966309e-02
13982,-4.443359e-02
13983,-1.940918e-02
13984,5.249023e-03
13985,-6.750488e-02
13986,5.261230e-02
13987,-1.104736e-01
13988,9.301758e-02
13989,-1.501465e-01
13990,1.281738e-01
13991,-1.796875e-01
13992,1.552734e-01
13993,-2.008057e-01
13994,1.707764e-01
13995,-2.103271e-01
13996,1.729736e-01
13997,-2.075195e-01
13998,1.660156e-01
13999,-1.939697e-01
14000,1.451416e-01
14001,-1.683350e-01
14002,1.154785e-01
14003,-1.308594e-01
14004,7.592773e-02
14005,-8.825684e-02
14006,3.063965e-02
14007,-4.272461e-02
14008,-1.660156e-02
14009,6.103516e-03
14010,-6.506348e-02
14011,5.285645e-02
14012,-1.107178e-01
14013,9.313965e-02
14014,-1.479492e-01
14015,1.271973e-01
14016,-1.779785e-01
14017,1.541748e-01
14018,-2.015381e-01
14019,1.716309e-01
14020,-2.100830e-01
14021,1.743164e-01
14022,-2.092285e-01
14023,1.654053e-01
14024,-1.918945e-01
14025,1.448975e-01
14026,-1.662598e-01
14027,1.143799e-01
14028,-1.309814e-01
14029,7.531738e-02
14030,-8.923340e-02
14031,2.929688e-02
14032,-4.321289e-02
14033,-1.904297e-02
14034,3.295898e-03
14035,-6.665039e-02
14036,5.212402e-02
14037,-1.108398e-01
14038,9.338379e-02
14039,-1.486816e-01
14040,1.285400e-01
14041,-1.789551e-01
14042,1.556396e-01
14043,-2.016602e-01
14044,1.711426e-01
14045,-2.109375e-01
14046,1.735840e-01
14047,-2.080078e-01
14048,1.649170e-01
14049,-1.911621e-01
14050,1.461182e-01
14051,-1.679688e-01
14052,1.147461e-01
14053,-1.329346e-01
14054,7.592773e-02
14055,-8.825684e-02
14056,2.893066e-02
14057,-4.248047e-02
14058,-1.733398e-02
14059,4.760742e-03
14060,-6.579590e-02
14061,5.285645e-02
14062,-1.104736e-01
14063,9.472656e-02
14064,-1.495361e-01
14065,1.291504e-01
14066,-1.806641e-01
14067,1.553955e-01
14068,-1.994629e-01
14069,1.700439e-01
14070,-2.098389e-01
14071,1.741943e-01
14072,-2.072754e-01
14073,1.655273e-01
14074,-1.922607e-01
14075,1.450195e-01
14076,-1.666260e-01
14077,1.154785e-01
14078,-1.319580e-01
14079,7.543945e-02
14080,-8.898926e-02
14081,3.063965e-02
14082,-4.248047e-02
14083,-1.794434e-02
14084,5.371094e-03
14085,-6.567383e-02
14086,5.297852e-02
14087,-1.093750e-01
14088,9.204102e-02
14089,-1.492920e-01
14090,1.293945e-01
14091,-1.810303e-01
14092,1.558838e-01
14093,-2.009277e-01
14094,1.701660e-01
14095,-2.108154e-01
14096,1.744385e-01
14097,-2.061768e-01
14098,1.658936e-01
14099,-1.927490e-01
14100,1.459961e-01
14101,-1.683350e-01
14102,1.151123e-01
14103,-1.324463e-01
14104,7.409668e-02
14105,-8.996582e-02
14106,3.002930e-02
14107,-4.162598e-02
14108,-1.708984e-02
14109,4.150391e-03
14110,-6.494141e-02
14111,5.163574e-02
14112,-1.099854e-01
14113,9.252930e-02
14114,-1.497803e-01
14115,1.292725e-01
14116,-1.791992e-01
14117,1.551514e-01
14118,-2.006836e-01
14119,1.699219e-01
14120,-2.109375e-01
14121,1.744385e-01
14122,-2.069092e-01
14123,1.643066e-01
14124,-1.922607e-01
14125,1.442871e-01
14126,-1.687012e-01
14127,1.153564e-01
14128,-1.330566e-01
14129,7.421875e-02
14130,-8.825684e-02
14131,2.929688e-02
14132,-4.321289e-02
14133,-1.684570e-02
14134,1.953125e-03
14135,-6.494141e-02
14136,5.236816e-02
14137,-1.109619e-01
14138,9.362793e-02
14139,-1.508789e-01
14140,1.282959e-01
14141,-1.785889e-01
14142,1.542969e-01
14143,-1.998291e-01
14144,1.724854e-01
14145,-2.114258e-01
14146,1.749268e-01
14147,-2.060547e-01
14148,1.649170e-01
14149,-1.933594e-01
14150,1.467285e-01
14151,-1.674805e-01
14152,1.149902e-01
14153,-1.336670e-01
14154,7.580566e-02
14155,-8.776855e-02
14156,2.893066e-02
14157,-4.272461e-02
14158,-1.562500e-02
14159,4.760742e-03
14160,-6.579590e-02
14161,5.200195e-02
14162,-1.090088e-01
14163,9.387207e-02
14164,-1.505127e-01
14165,1.301270e-01
14166,-1.790771e-01
14167,1.540527e-01
14168,-2.008057e-01
14169,1.688232e-01
14170,-2.094727e-01
14171,1.743164e-01
14172,-2.084961e-01
14173,1.665039e-01
14174,-1.948242e-01
14175,1.442871e-01
14176,-1.674805e-01
14177,1.149902e-01
14178,-1.341553e-01
14179,7.543945e-02
14180,-8.935547e-02
14181,3.051758e-02
14182,-4.248047e-02
14183,-1.757812e-02
14184,4.028320e-03
14185,-6.420898e-02
14186,5.090332e-02
14187,-1.098633e-01
14188,9.313965e-02
14189,-1.488037e-01
14190,1.285400e-01
14191,-1.809082e-01
14192,1.546631e-01
14193,-2.006836e-01
14194,1.701660e-01
14195,-2.110596e-01
14196,1.739502e-01
14197,-2.065430e-01
14198,1.640625e-01
14199,-1.932373e-01
14200,1.467285e-01
14201,-1.671143e-01
14202,1.152344e-01
14203,-1.326904e-01
14204,7.458496e-02
14205,-8.959961e-02
14206,2.954102e-02
14207,-4.309082e-02
14208,-1.794434e-02
14209,5.859375e-03
14210,-6.530762e-02
14211,5.200195e-02
14212,-1.085205e-01
14213,9.228516e-02
14214,-1.470947e-01
14215,1.298828e-01
14216,-1.798096e-01
14217,1.553955e-01
14218,-1.994629e-01
14219,1.695557e-01
14220,-2.100830e-01
14221,1.754150e-01
14222,-2.075195e-01
14223,1.657715e-01
14224,-1.932373e-01
14225,1.452637e-01
14226,-1.674805e-01
14227,1.137695e-01
14228,-1.322021e-01
14229,7.507324e-02
14230,-9.118652e-02
14231,3.051758e-02
14232,-4.321289e-02
14233,-1.904297e-02
14234,4.516602e-03
14235,-6.530762e-02
14236,5.053711e-02
14237,-1.088867e-01
14238,9.362793e-02
14239,-1.472168e-01
14240,1.304932e-01
14241,-1.804199e-01
14242,1.553955e-01
14243,-2.008057e-01
14244,1.697998e-01
14245,-2.092285e-01
14246,1.733398e-01
14247,-2.062988e-01
14248,1.666260e-01
14249,-1.936035e-01
14250,1.455078e-01
14251,-1.676025e-01
14252,1.149902e-01
14253,-1.318359e-01
14254,7.702637e-02
14255,-8.972168e-02
14256,2.966309e-02
14257,-4.284668e-02
14258,-1.757812e-02
14259,5.126953e-03
14260,-6.518555e-02
14261,5.126953e-02
14262,-1.099854e-01
14263,9.423828e-02
14264,-1.497803e-01
14265,1.280518e-01
14266,-1.805420e-01
14267,1.551514e-01
14268,-2.020264e-01
14269,1.710205e-01
14270,-2.100830e-01
14271,1.741943e-01
14272,-2.069092e-01
14273,1.652832e-01
14274,-1.931152e-01
14275,1.470947e-01
14276,-1.667480e-01
14277,1.134033e-01
14278,-1.318359e-01
14279,7.507324e-02
14280,-9.143066e-02
14281,3.161621e-02
14282,-4.345703e-02
14283,-1.867676e-02
14284,4.760742e-03
14285,-6.494141e-02
14286,5.114746e-02
14287,-1.094971e-01
14288,9.350586e-02
14289,-1.492920e-01
14290,1.269531e-01
14291,-1.791992e-01
14292,1.536865e-01
14293,-2.009277e-01
14294,1.712646e-01
14295,-2.094727e-01
14296,1.752930e-01
14297,-2.087402e-01
14298,1.657715e-01
14299,-1.918945e-01
14300,1.461182e-01
14301,-1.671143e-01
14302,1.147461e-01
14303,-1.323242e-01
14304,7.727051e-02
14305,-9.130859e-02
14306,3.149414e-02
14307,-4.406738e-02
14308,-1.855469e-02
14309,4.150391e-03
14310,-6.518555e-02
14311,4.980469e-02
14312,-1.096191e-01
14313,9.228516e-02
14314,-1.497803e-01
14315,1.301270e-01
14316,-1.795654e-01
14317,1.540527e-01
14318,-1.997070e-01
14319,1.713867e-01
14320,-2.106934e-01
14321,1.748047e-01
14322,-2.081299e-01
14323,1.665039e-01
14324,-1.922607e-01
14325,1.448975e-01
14326,-1.674805e-01
14327,1.154785e-01
14328,-1.324463e-01
14329,7.421875e-02
14330,-9.167480e-02
14331,3.125000e-02
14332,-4.418945e-02
14333,-1.843262e-02
14334,5.126953e-03
14335,-6.518555e-02
14336,4.943848e-02
14337,-1.098633e-01
14338,9.179688e-02
14339,-1.490479e-01
14340,1.291504e-01
14341,-1.789551e-01
14342,1.535645e-01
14343,-1.978760e-01
14344,1.687012e-01
14345,-2.103271e-01
14346,1.734619e-01
14347,-2.102051e-01
14348,1.657715e-01
14349,-1.937256e-01
14350,1.457520e-01
14351,-1.667480e-01
14352,1.168213e-01
14353,-1.339111e-01
14354,7.666016e-02
14355,-8.972168e-02
14356,3.137207e-02
14357,-4.101562e-02
14358,-1.525879e-02
14359,4.150391e-03
14360,-6.616211e-02
14361,5.017090e-02
14362,-1.105957e-01
14363,9.362793e-02
14364,-1.495361e-01
14365,1.282959e-01
14366,-1.785889e-01
14367,1.546631e-01
14368,-2.005615e-01
14369,1.697998e-01
14370,-2.102051e-01
14371,1.741943e-01
14372,-2.069092e-01
14373,1.671143e-01
14374,-1.931152e-01
14375,1.459961e-01
14376,-1.674805e-01
14377,1.159668e-01
14378,-1.326904e-01
14379,7.592773e-02
14380,-9.106445e-02
14381,2.978516e-02
14382,-4.333496e-02
14383,-1.660156e-02
14384,2.929688e-03
14385,-6.420898e-02
14386,4.980469e-02
14387,-1.102295e-01
14388,9.350586e-02
14389,-1.488037e-01
14390,1.289062e-01
14391,-1.805420e-01
14392,1.536865e-01
14393,-1.990967e-01
14394,1.688232e-01
14395,-2.102051e-01
14396,1.751709e-01
14397,-2.073975e-01
14398,1.656494e-01
14399,-1.933594e-01
14400,1.477051e-01
14401,-1.696777e-01
14402,1.152344e-01
14403,-1.311035e-01
14404,7.507324e-02
14405,-8.947754e-02
14406,3.088379e-02
14407,-4.418945e-02
14408,-1.696777e-02
14409,4.272461e-03
14410,-6.396484e-02
14411,4.968262e-02
14412,-1.093750e-01
14413,9.277344e-02
14414,-1.501465e-01
14415,1.286621e-01
14416,-1.798096e-01
14417,1.561279e-01
14418,-2.008057e-01
14419,1.699219e-01
14420,-2.084961e-01
14421,1.724854e-01
14422,-2.075195e-01
14423,1.656494e-01
14424,-1.939697e-01
14425,1.467285e-01
14426,-1.672363e-01
14427,1.152344e-01
14428,-1.328125e-01
14429,7.543945e-02
14430,-9.155273e-02
14431,3.051758e-02
14432,-4.418945e-02
14433,-1.745605e-02
14434,2.441406e-03
14435,-6.323242e-02
14436,5.053711e-02
14437,-1.110840e-01
14438,9.289551e-02
14439,-1.497803e-01
14440,1.282959e-01
14441,-1.771240e-01
14442,1.545410e-01
14443,-2.021484e-01
14444,1.705322e-01
14445,-2.102051e-01
14446,1.740723e-01
14447,-2.078857e-01
14448,1.661377e-01
14449,-1.938477e-01
14450,1.451416e-01
14451,-1.683350e-01
14452,1.152344e-01
14453,-1.334229e-01
14454,7.666016e-02
14455,-9.167480e-02
14456,3.039551e-02
14457,-4.589844e-02
14458,-1.660156e-02
14459,3.906250e-03
14460,-6.591797e-02
14461,4.919434e-02
14462,-1.074219e-01
14463,9.411621e-02
14464,-1.492920e-01
14465,1.278076e-01
14466,-1.794434e-01
14467,1.542969e-01
14468,-1.999512e-01
14469,1.705322e-01
14470,-2.110596e-01
14471,1.741943e-01
14472,-2.084961e-01
14473,1.657715e-01
14474,-1.939697e-01
14475,1.456299e-01
14476,-1.693115e-01
14477,1.153564e-01
14478,-1.325684e-01
14479,7.495117e-02
14480,-8.959961e-02
14481,3.015137e-02
14482,-4.443359e-02
14483,-1.647949e-02
14484,2.441406e-03
14485,-6.408691e-02
14486,4.895020e-02
14487,-1.101074e-01
14488,9.375000e-02
14489,-1.483154e-01
14490,1.282959e-01
14491,-1.796875e-01
14492,1.542969e-01
14493,-2.008057e-01
14494,1.701660e-01
14495,-2.091064e-01
14496,1.741943e-01
14497,-2.069092e-01
14498,1.660156e-01
14499,-1.937256e-01
14500,1.463623e-01
14501,-1.690674e-01
14502,1.153564e-01
14503,-1.325684e-01
14504,7.653809e-02
14505,-9.094238e-02
14506,3.222656e-02
14507,-4.443359e-02
14508,-1.623535e-02
14509,3.540039e-03
14510,-6.457520e-02
14511,4.858398e-02
14512,-1.109619e-01
14513,9.301758e-02
14514,-1.470947e-01
14515,1.275635e-01
14516,-1.790771e-01
14517,1.534424e-01
14518,-2.008057e-01
14519,1.713867e-01
14520,-2.087402e-01
14521,1.745605e-01
14522,-2.077637e-01
14523,1.656494e-01
14524,-1.944580e-01
14525,1.461182e-01
14526,-1.688232e-01
14527,1.153564e-01
14528,-1.348877e-01
14529,7.421875e-02
14530,-9.191895e-02
14531,3.173828e-02
14532,-4.565430e-02
14533,-1.696777e-02
14534,2.319336e-03
14535,-6.555176e-02
14536,4.858398e-02
14537,-1.101074e-01
14538,9.191895e-02
14539,-1.468506e-01
14540,1.273193e-01
14541,-1.779785e-01
14542,1.541748e-01
14543,-2.010498e-01
14544,1.713867e-01
14545,-2.102051e-01
14546,1.745605e-01
14547,-2.070312e-01
14548,1.656494e-01
14549,-1.914062e-01
14550,1.466064e-01
14551,-1.684570e-01
14552,1.166992e-01
14553,-1.359863e-01
14554,7.812500e-02
14555,-9.191895e-02
14556,3.076172e-02
14557,-4.504395e-02
14558,-1.489258e-02
14559,1.831055e-03
14560,-6.433105e-02
14561,5.114746e-02
14562,-1.098633e-01
14563,9.301758e-02
14564,-1.483154e-01
14565,1.269531e-01
14566,-1.811523e-01
14567,1.528320e-01
14568,-1.999512e-01
14569,1.691895e-01
14570,-2.111816e-01
14571,1.734619e-01
14572,-2.087402e-01
14573,1.663818e-01
14574,-1.939697e-01
14575,1.480713e-01
14576,-1.691895e-01
14577,1.151123e-01
14578,-1.320801e-01
14579,7.519531e-02
14580,-9.082031e-02
14581,3.173828e-02
14582,-4.528809e-02
14583,-1.513672e-02
14584,4.394531e-03
14585,-6.457520e-02
14586,4.992676e-02
14587,-1.091309e-01
14588,9.155273e-02
14589,-1.491699e-01
14590,1.279297e-01
14591,-1.796875e-01
14592,1.538086e-01
14593,-2.008057e-01
14594,1.702881e-01
14595,-2.100830e-01
14596,1.744385e-01
14597,-2.082520e-01
14598,1.665039e-01
14599,-1.927490e-01
14600,1.464844e-01
14601,-1.679688e-01
14602,1.143799e-01
14603,-1.348877e-01
14604,7.727051e-02
14605,-9.155273e-02
14606,3.234863e-02
14607,-4.333496e-02
14608,-1.635742e-02
14609,3.540039e-03
14610,-6.433105e-02
14611,4.943848e-02
14612,-1.081543e-01
14613,9.216309e-02
14614,-1.472168e-01
14615,1.271973e-01
14616,-1.777344e-01
14617,1.549072e-01
14618,-2.006836e-01
14619,1.704102e-01
14620,-2.109375e-01
14621,1.734619e-01
14622,-2.097168e-01
14623,1.666260e-01
14624,-1.929932e-01
14625,1.473389e-01
14626,-1.684570e-01
14627,1.149902e-01
14628,-1.333008e-01
14629,7.604980e-02
14630,-9.313965e-02
14631,3.149414e-02
14632,-4.418945e-02
14633,-1.708984e-02
14634,2.441406e-03
14635,-6.408691e-02
14636,4.846191e-02
14637,-1.088867e-01
14638,9.143066e-02
14639,-1.478271e-01
14640,1.271973e-01
14641,-1.811523e-01
14642,1.546631e-01
14643,-2.009277e-01
14644,1.716309e-01
14645,-2.108154e-01
14646,1.724854e-01
14647,-2.083740e-01
14648,1.656494e-01
14649,-1.942139e-01
14650,1.473389e-01
14651,-1.684570e-01
14652,1.154785e-01
14653,-1.328125e-01
14654,7.751465e-02
14655,-9.204102e-02
14656,3.198242e-02
14657,-4.492188e-02
14658,-1.538086e-02
14659,1.586914e-03
14660,-6.237793e-02
14661,5.102539e-02
14662,-1.079102e-01
14663,9.277344e-02
14664,-1.481934e-01
14665,1.279297e-01
14666,-1.773682e-01
14667,1.546631e-01
14668,-1.990967e-01
14669,1.707764e-01
14670,-2.095947e-01
14671,1.741943e-01
14672,-2.080078e-01
14673,1.656494e-01
14674,-1.948242e-01
14675,1.466064e-01
14676,-1.678467e-01
14677,1.170654e-01
14678,-1.341553e-01
14679,7.629395e-02
14680,-9.265137e-02
14681,3.076172e-02
14682,-4.492188e-02
14683,-1.623535e-02
14684,4.150391e-03
14685,-6.311035e-02
14686,4.858398e-02
14687,-1.076660e-01
14688,9.277344e-02
14689,-1.488037e-01
14690,1.285400e-01
14691,-1.790771e-01
14692,1.547852e-01
14693,-2.006836e-01
14694,1.701660e-01
14695,-2.092285e-01
14696,1.738281e-01
14697,-2.070312e-01
14698,1.667480e-01
14699,-1.951904e-01
14700,1.481934e-01
14701,-1.682129e-01
14702,1.154785e-01
14703,-1.328125e-01
14704,7.678223e-02
14705,-9.216309e-02
14706,3.308105e-02
14707,-4.589844e-02
14708,-1.745605e-02
14709,3.295898e-03
14710,-6.286621e-02
14711,5.017090e-02
14712,-1.085205e-01
14713,9.130859e-02
14714,-1.473389e-01
14715,1.278076e-01
14716,-1.779785e-01
14717,1.549072e-01
14718,-1.997070e-01
14719,1.705322e-01
14720,-2.102051e-01
14721,1.734619e-01
14722,-2.082520e-01
14723,1.660156e-01
14724,-1.944580e-01
14725,1.491699e-01
14726,-1.697998e-01
14727,1.171875e-01
14728,-1.351318e-01
14729,7.629395e-02
14730,-9.106445e-02
14731,3.112793e-02
14732,-4.431152e-02
14733,-1.623535e-02
14734,3.051758e-03
14735,-6.408691e-02
14736,5.041504e-02
14737,-1.080322e-01
14738,9.204102e-02
14739,-1.481934e-01
14740,1.270752e-01
14741,-1.783447e-01
14742,1.540527e-01
14743,-2.006836e-01
14744,1.712646e-01
14745,-2.110596e-01
14746,1.739502e-01
14747,-2.054443e-01
14748,1.677246e-01
14749,-1.932373e-01
14750,1.468506e-01
14751,-1.683350e-01
14752,1.171875e-01
14753,-1.333008e-01
14754,7.849121e-02
14755,-9.143066e-02
14756,3.198242e-02
14757,-4.406738e-02
14758,-1.330566e-02
14759,1.464844e-03
14760,-6.384277e-02
14761,5.126953e-02
14762,-1.087646e-01
14763,9.301758e-02
14764,-1.469727e-01
14765,1.271973e-01
14766,-1.785889e-01
14767,1.545410e-01
14768,-2.000732e-01
14769,1.708984e-01
14770,-2.093506e-01
14771,1.741943e-01
14772,-2.075195e-01
14773,1.663818e-01
14774,-1.942139e-01
14775,1.472168e-01
14776,-1.690674e-01
14777,1.170654e-01
14778,-1.329346e-01
14779,7.775879e-02
14780,-9.057617e-02
14781,3.320312e-02
14782,-4.553223e-02
14783,-1.293945e-02
14784,3.784180e-03
14785,-6.384277e-02
14786,5.053711e-02
14787,-1.097412e-01
14788,9.179688e-02
14789,-1.483154e-01
14790,1.280518e-01
14791,-1.785889e-01
14792,1.533203e-01
14793,-1.992188e-01
14794,1.705322e-01
14795,-2.098389e-01
14796,1.754150e-01
14797,-2.089844e-01
14798,1.663818e-01
14799,-1.933594e-01
14800,1.461182e-01
14801,-1.680908e-01
14802,1.177979e-01
14803,-1.357422e-01
14804,7.739258e-02
14805,-9.069824e-02
14806,3.161621e-02
14807,-4.614258e-02
14808,-1.538086e-02
14809,2.319336e-03
14810,-6.311035e-02
14811,5.053711e-02
14812,-1.074219e-01
14813,9.362793e-02
14814,-1.469727e-01
14815,1.263428e-01
14816,-1.788330e-01
14817,1.533203e-01
14818,-1.997070e-01
14819,1.712646e-01
14820,-2.087402e-01
14821,1.762695e-01
14822,-2.072754e-01
14823,1.665039e-01
14824,-1.951904e-01
14825,1.468506e-01
14826,-1.693115e-01
14827,1.159668e-01
14828,-1.334229e-01
14829,7.714844e-02
14830,-9.204102e-02
14831,3.149414e-02
14832,-4.602051e-02
14833,-1.574707e-02
14834,2.807617e-03
14835,-6.359863e-02
14836,4.748535e-02
14837,-1.085205e-01
14838,9.033203e-02
14839,-1.478271e-01
14840,1.275635e-01
14841,-1.791992e-01
14842,1.555176e-01
14843,-2.000732e-01
14844,1.707764e-01
14845,-2.093506e-01
14846,1.727295e-01
14847,-2.081299e-01
14848,1.672363e-01
14849,-1.949463e-01
14850,1.459961e-01
14851,-1.676025e-01
14852,1.153564e-01
14853,-1.348877e-01
14854,7.727051e-02
14855,-9.265137e-02
14856,3.271484e-02
14857,-4.602051e-02
14858,-1.379395e-02
14859,2.075195e-03
14860,-6.323242e-02
14861,4.943848e-02
14862,-1.085205e-01
14863,9.228516e-02
14864,-1.445312e-01
14865,1.278076e-01
14866,-1.778564e-01
14867,1.550293e-01
14868,-1.995850e-01
14869,1.707764e-01
14870,-2.084961e-01
14871,1.751709e-01
14872,-2.100830e-01
14873,1.657715e-01
14874,-1.955566e-01
14875,1.466064e-01
14876,-1.688232e-01
14877,1.162109e-01
14878,-1.341553e-01
14879,7.763672e-02
14880,-9.094238e-02
14881,3.393555e-02
14882,-4.541016e-02
14883,-1.416016e-02
14884,2.685547e-03
14885,-6.152344e-02
14886,4.882812e-02
14887,-1.074219e-01
14888,9.045410e-02
14889,-1.466064e-01
14890,1.281738e-01
14891,-1.794434e-01
14892,1.557617e-01
14893,-2.000732e-01
14894,1.691895e-01
14895,-2.097168e-01
14896,1.754150e-01
14897,-2.076416e-01
14898,1.665039e-01
14899,-1.933594e-01
14900,1.457520e-01
14901,-1.702881e-01
14902,1.157227e-01
14903,-1.347656e-01
14904,7.666016e-02
14905,-9.130859e-02
14906,3.369141e-02
14907,-4.565430e-02
14908,-1.550293e-02
14909,7.324219e-04
14910,-6.250000e-02
14911,4.919434e-02
14912,-1.076660e-01
14913,9.228516e-02
14914,-1.475830e-01
14915,1.284180e-01
14916,-1.783447e-01
14917,1.538086e-01
14918,-1.989746e-01
14919,1.710205e-01
14920,-2.095947e-01
14921,1.733398e-01
14922,-2.088623e-01
14923,1.672363e-01
14924,-1.943359e-01
14925,1.485596e-01
14926,-1.695557e-01
14927,1.169434e-01
14928,-1.329346e-01
14929,7.775879e-02
14930,-9.240723e-02
14931,3.234863e-02
14932,-4.443359e-02
14933,-1.660156e-02
14934,3.173828e-03
14935,-6.274414e-02
14936,4.980469e-02
14937,-1.088867e-01
14938,9.008789e-02
14939,-1.466064e-01
14940,1.263428e-01
14941,-1.787109e-01
14942,1.538086e-01
14943,-1.982422e-01
14944,1.699219e-01
14945,-2.102051e-01
14946,1.744385e-01
14947,-2.087402e-01
14948,1.663818e-01
14949,-1.948242e-01
14950,1.478271e-01
14951,-1.705322e-01
14952,1.171875e-01
14953,-1.350098e-01
14954,7.836914e-02
14955,-9.228516e-02
14956,3.234863e-02
14957,-4.528809e-02
14958,-1.477051e-02
14959,1.464844e-03
14960,-6.372070e-02
14961,4.882812e-02
14962,-1.079102e-01
14963,8.947754e-02
14964,-1.456299e-01
14965,1.254883e-01
14966,-1.767578e-01
14967,1.549072e-01
14968,-2.000732e-01
14969,1.690674e-01
14970,-2.113037e-01
14971,1.750488e-01
14972,-2.093506e-01
14973,1.665039e-01
14974,-1.948242e-01
14975,1.468506e-01
14976,-1.691895e-01
14977,1.151123e-01
14978,-1.331787e-01
14979,7.775879e-02
14980,-9.252930e-02
14981,3.576660e-02
14982,-4.650879e-02
14983,-1.452637e-02
14984,2.075195e-03
14985,-6.323242e-02
14986,4.711914e-02
14987,-1.077881e-01
14988,9.130859e-02
14989,-1.468506e-01
14990,1.293945e-01
14991,-1.782227e-01
14992,1.544189e-01
14993,-1.987305e-01
14994,1.685791e-01
14995,-2.094727e-01
14996,1.750488e-01
14997,-2.081299e-01
14998,1.661377e-01
14999,-1.956787e-01
15000,1.468506e-01
15001,-1.700439e-01
15002,1.186523e-01
15003,-1.346436e-01
15004,7.934570e-02
15005,-9.130859e-02
15006,3.393555e-02
15007,-4.504395e-02
15008,-1.452637e-02
15009,2.685547e-03
15010,-6.188965e-02
15011,4.858398e-02
15012,-1.081543e-01
15013,9.191895e-02
15014,-1.472168e-01
15015,1.284180e-01
15016,-1.785889e-01
15017,1.542969e-01
15018,-2.009277e-01
15019,1.696777e-01
15020,-2.091064e-01
15021,1.726074e-01
15022,-2.076416e-01
15023,1.657715e-01
15024,-1.965332e-01
15025,1.467285e-01
15026,-1.697998e-01
15027,1.165771e-01
15028,-1.339111e-01
15029,7.690430e-02
15030,-9.338379e-02
15031,3.332520e-02
15032,-4.663086e-02
15033,-1.440430e-02
15034,8.544922e-04
15035,-6.298828e-02
15036,4.895020e-02
15037,-1.083984e-01
15038,9.094238e-02
15039,-1.488037e-01
15040,1.274414e-01
15041,-1.778564e-01
15042,1.535645e-01
15043,-1.972656e-01
15044,1.699219e-01
15045,-2.102051e-01
15046,1.759033e-01
15047,-2.081299e-01
15048,1.661377e-01
15049,-1.931152e-01
15050,1.459961e-01
15051,-1.693115e-01
15052,1.176758e-01
15053,-1.350098e-01
15054,7.849121e-02
15055,-9.265137e-02
15056,3.320312e-02
15057,-4.638672e-02
15058,-1.538086e-02
15059,6.103516e-04
15060,-6.286621e-02
15061,4.809570e-02
15062,-1.072998e-01
15063,9.069824e-02
15064,-1.453857e-01
15065,1.279297e-01
15066,-1.785889e-01
15067,1.534424e-01
15068,-2.005615e-01
15069,1.687012e-01
15070,-2.086182e-01
15071,1.738281e-01
15072,-2.076416e-01
15073,1.680908e-01
15074,-1.944580e-01
15075,1.473389e-01
15076,-1.683350e-01
15077,1.173096e-01
15078,-1.352539e-01
15079,7.849121e-02
15080,-9.289551e-02
15081,3.283691e-02
15082,-4.785156e-02
15083,-1.452637e-02
15084,1.831055e-03
15085,-6.286621e-02
15086,4.907227e-02
15087,-1.081543e-01
15088,9.130859e-02
15089,-1.485596e-01
15090,1.257324e-01
15091,-1.777344e-01
15092,1.527100e-01
15093,-1.982422e-01
15094,1.705322e-01
15095,-2.095947e-01
15096,1.743164e-01
15097,-2.089844e-01
15098,1.668701e-01
15099,-1.948242e-01
15100,1.472168e-01
15101,-1.695557e-01
15102,1.171875e-01
15103,-1.333008e-01
15104,7.836914e-02
15105,-9.289551e-02
15106,3.491211e-02
15107,-4.675293e-02
15108,-1.586914e-02
15109,0.000000e+00
15110,-6.237793e-02
15111,4.870605e-02
15112,-1.066895e-01
15113,9.069824e-02
15114,-1.478271e-01
15115,1.260986e-01
15116,-1.782227e-01
15117,1.525879e-01
15118,-1.986084e-01
15119,1.695557e-01
15120,-2.108154e-01
15121,1.741943e-01
15122,-2.084961e-01
15123,1.663818e-01
15124,-1.948242e-01
15125,1.473389e-01
15126,-1.683350e-01
15127,1.173096e-01
15128,-1.354980e-01
15129,7.885742e-02
15130,-9.399414e-02
15131,3.234863e-02
15132,-4.589844e-02
15133,-1.586914e-02
15134,1.708984e-03
15135,-6.286621e-02
15136,4.772949e-02
15137,-1.072998e-01
15138,8.996582e-02
15139,-1.477051e-01
15140,1.263428e-01
15141,-1.777344e-01
15142,1.527100e-01
15143,-1.998291e-01
15144,1.713867e-01
15145,-2.093506e-01
15146,1.750488e-01
15147,-2.084961e-01
15148,1.666260e-01
15149,-1.948242e-01
15150,1.474609e-01
15151,-1.699219e-01
15152,1.176758e-01
15153,-1.342773e-01
15154,7.812500e-02
15155,-9.057617e-02
15156,3.381348e-02
15157,-4.638672e-02
15158,-1.232910e-02
15159,4.882812e-04
15160,-6.274414e-02
15161,4.687500e-02
15162,-1.072998e-01
15163,9.143066e-02
15164,-1.456299e-01
15165,1.271973e-01
15166,-1.778564e-01
15167,1.549072e-01
15168,-2.004395e-01
15169,1.702881e-01
15170,-2.115479e-01
15171,1.739502e-01
15172,-2.073975e-01
15173,1.669922e-01
15174,-1.944580e-01
15175,1.474609e-01
15176,-1.687012e-01
15177,1.185303e-01
15178,-1.358643e-01
15179,7.922363e-02
15180,-9.228516e-02
15181,3.332520e-02
15182,-4.553223e-02
15183,-1.538086e-02
15184,3.417969e-03
15185,-6.079102e-02
15186,4.736328e-02
15187,-1.059570e-01
15188,9.130859e-02
15189,-1.473389e-01
15190,1.267090e-01
15191,-1.784668e-01
15192,1.528320e-01
15193,-2.005615e-01
15194,1.690674e-01
15195,-2.113037e-01
15196,1.748047e-01
15197,-2.093506e-01
15198,1.668701e-01
15199,-1.944580e-01
15200,1.480713e-01
15201,-1.683350e-01
15202,1.177979e-01
15203,-1.351318e-01
15204,7.849121e-02
15205,-9.423828e-02
15206,3.405762e-02
15207,-4.760742e-02
15208,-1.379395e-02
15209,4.882812e-04
15210,-6.188965e-02
15211,4.772949e-02
15212,-1.077881e-01
15213,9.143066e-02
15214,-1.452637e-01
15215,1.263428e-01
15216,-1.757812e-01
15217,1.529541e-01
15218,-1.999512e-01
15219,1.702881e-01
15220,-2.098389e-01
15221,1.741943e-01
15222,-2.073975e-01
15223,1.667480e-01
15224,-1.940918e-01
15225,1.464844e-01
15226,-1.700439e-01
15227,1.185303e-01
15228,-1.358643e-01
15229,7.934570e-02
15230,-9.399414e-02
15231,3.454590e-02
15232,-4.736328e-02
15233,-1.367188e-02
15234,7.324219e-04
15235,-6.335449e-02
15236,4.772949e-02
15237,-1.057129e-01
15238,9.045410e-02
15239,-1.459961e-01
15240,1.271973e-01
15241,-1.766357e-01
15242,1.536865e-01
15243,-1.999512e-01
15244,1.713867e-01
15245,-2.089844e-01
15246,1.743164e-01
15247,-2.069092e-01
15248,1.673584e-01
15249,-1.951904e-01
15250,1.469727e-01
15251,-1.697998e-01
15252,1.177979e-01
15253,-1.352539e-01
15254,7.897949e-02
15255,-9.399414e-02
15256,3.491211e-02
15257,-4.663086e-02
15258,-1.318359e-02
15259,2.685547e-03
15260,-6.225586e-02
15261,4.785156e-02
15262,-1.060791e-01
15263,9.057617e-02
15264,-1.464844e-01
15265,1.252441e-01
15266,-1.768799e-01
15267,1.534424e-01
15268,-2.008057e-01
15269,1.699219e-01
15270,-2.110596e-01
15271,1.744385e-01
15272,-2.072754e-01
15273,1.661377e-01
15274,-1.931152e-01
15275,1.468506e-01
15276,-1.693115e-01
15277,1.177979e-01
15278,-1.337891e-01
15279,7.714844e-02
15280,-9.387207e-02
15281,3.491211e-02
15282,-4.809570e-02
15283,-1.281738e-02
15284,-8.544922e-04
15285,-6.274414e-02
15286,4.724121e-02
15287,-1.074219e-01
15288,9.143066e-02
15289,-1.468506e-01
15290,1.258545e-01
15291,-1.765137e-01
15292,1.528320e-01
15293,-1.990967e-01
15294,1.694336e-01
15295,-2.104492e-01
15296,1.750488e-01
15297,-2.082520e-01
15298,1.682129e-01
15299,-1.929932e-01
15300,1.473389e-01
15301,-1.706543e-01
15302,1.187744e-01
15303,-1.369629e-01
15304,7.861328e-02
15305,-9.265137e-02
15306,3.405762e-02
15307,-4.687500e-02
15308,-1.379395e-02
15309,1.220703e-04
15310,-6.152344e-02
15311,4.821777e-02
15312,-1.063232e-01
15313,9.069824e-02
15314,-1.450195e-01
15315,1.263428e-01
15316,-1.778564e-01
15317,1.534424e-01
15318,-1.989746e-01
15319,1.704102e-01
15320,-2.099609e-01
15321,1.755371e-01
15322,-2.081299e-01
15323,1.673584e-01
15324,-1.945801e-01
15325,1.456299e-01
15326,-1.710205e-01
15327,1.177979e-01
15328,-1.358643e-01
15329,7.983398e-02
15330,-9.277344e-02
15331,3.466797e-02
15332,-4.675293e-02
15333,-1.257324e-02
15334,1.098633e-03
15335,-6.066895e-02
15336,4.760742e-02
15337,-1.066895e-01
15338,8.972168e-02
15339,-1.478271e-01
15340,1.269531e-01
15341,-1.782227e-01
15342,1.520996e-01
15343,-1.986084e-01
15344,1.697998e-01
15345,-2.109375e-01
15346,1.740723e-01
15347,-2.075195e-01
15348,1.661377e-01
15349,-1.939697e-01
15350,1.497803e-01
15351,-1.707764e-01
15352,1.186523e-01
15353,-1.358643e-01
15354,7.910156e-02
15355,-9.484863e-02
15356,3.393555e-02
15357,-4.711914e-02
15358,-1.257324e-02
15359,4.882812e-04
15360,-6.127930e-02
15361,4.553223e-02
15362,-1.059570e-01
15363,8.886719e-02
15364,-1.452637e-01
15365,1.259766e-01
15366,-1.784668e-01
15367,1.552734e-01
15368,-1.973877e-01
15369,1.707764e-01
15370,-2.083740e-01
15371,1.745605e-01
15372,-2.060547e-01
15373,1.669922e-01
15374,-1.954346e-01
15375,1.485596e-01
15376,-1.699219e-01
15377,1.185303e-01
15378,-1.368408e-01
15379,7.983398e-02
15380,-9.362793e-02
15381,3.588867e-02
15382,-4.846191e-02
15383,-1.281738e-02
15384,2.319336e-03
15385,-6.201172e-02
15386,4.711914e-02
15387,-1.059570e-01
15388,8.825684e-02
15389,-1.440430e-01
15390,1.265869e-01
15391,-1.756592e-01
15392,1.538086e-01
15393,-1.990967e-01
15394,1.688232e-01
15395,-2.119141e-01
15396,1.750488e-01
15397,-2.083740e-01
15398,1.678467e-01
15399,-1.953125e-01
15400,1.464844e-01
15401,-1.693115e-01
15402,1.181641e-01
15403,-1.357422e-01
15404,7.971191e-02
15405,-9.313965e-02
15406,3.503418e-02
15407,-4.797363e-02
15408,-1.281738e-02
15409,-3.662109e-04
15410,-6.140137e-02
15411,4.797363e-02
15412,-1.068115e-01
15413,8.959961e-02
15414,-1.450195e-01
15415,1.254883e-01
15416,-1.761475e-01
15417,1.539307e-01
15418,-1.993408e-01
15419,1.700439e-01
15420,-2.108154e-01
15421,1.735840e-01
15422,-2.075195e-01
15423,1.658936e-01
15424,-1.955566e-01
15425,1.466064e-01
15426,-1.706543e-01
15427,1.171875e-01
15428,-1.364746e-01
15429,7.995605e-02
15430,-9.497070e-02
15431,3.747559e-02
15432,-4.760742e-02
15433,-1.257324e-02
15434,1.220703e-04
15435,-6.408691e-02
15436,4.785156e-02
15437,-1.065674e-01
15438,8.813477e-02
15439,-1.457520e-01
15440,1.253662e-01
15441,-1.768799e-01
15442,1.530762e-01
15443,-1.990967e-01
15444,1.696777e-01
15445,-2.091064e-01
15446,1.737061e-01
15447,-2.080078e-01
15448,1.674805e-01
15449,-1.949463e-01
15450,1.478271e-01
15451,-1.701660e-01
15452,1.180420e-01
15453,-1.354980e-01
15454,8.020020e-02
15455,-9.436035e-02
15456,3.576660e-02
15457,-4.736328e-02
15458,-1.293945e-02
15459,8.544922e-04
15460,-6.176758e-02
15461,4.516602e-02
15462,-1.066895e-01
15463,8.801270e-02
15464,-1.455078e-01
15465,1.259766e-01
15466,-1.767578e-01
15467,1.529541e-01
15468,-1.997070e-01
15469,1.690674e-01
15470,-2.088623e-01
15471,1.741943e-01
15472,-2.072754e-01
15473,1.668701e-01
15474,-1.944580e-01
15475,1.474609e-01
15476,-1.707764e-01
15477,1.177979e-01
15478,-1.381836e-01
15479,8.081055e-02
15480,-9.497070e-02
15481,3.454590e-02
15482,-4.809570e-02
15483,-1.330566e-02
15484,4.882812e-04
15485,-6.018066e-02
15486,4.724121e-02
15487,-1.051025e-01
15488,8.911133e-02
15489,-1.455078e-01
15490,1.259766e-01
15491,-1.782227e-01
15492,1.531982e-01
15493,-1.997070e-01
15494,1.691895e-01
15495,-2.102051e-01
15496,1.755371e-01
15497,-2.092285e-01
15498,1.674805e-01
15499,-1.947021e-01
15500,1.477051e-01
15501,-1.700439e-01
15502,1.195068e-01
15503,-1.350098e-01
15504,7.885742e-02
15505,-9.399414e-02
15506,3.320312e-02
15507,-4.846191e-02
15508,-1.367188e-02
15509,0.000000e+00
15510,-6.079102e-02
15511,4.675293e-02
15512,-1.065674e-01
15513,8.886719e-02
15514,-1.450195e-01
15515,1.262207e-01
15516,-1.772461e-01
15517,1.527100e-01
15518,-1.988525e-01
15519,1.697998e-01
15520,-2.099609e-01
15521,1.750488e-01
15522,-2.088623e-01
15523,1.663818e-01
15524,-1.938477e-01
15525,1.483154e-01
15526,-1.717529e-01
15527,1.185303e-01
15528,-1.365967e-01
15529,7.824707e-02
15530,-9.375000e-02
15531,3.405762e-02
15532,-4.724121e-02
15533,-1.281738e-02
15534,-1.220703e-03
15535,-6.164551e-02
15536,4.504395e-02
15537,-1.071777e-01
15538,8.862305e-02
15539,-1.455078e-01
15540,1.247559e-01
15541,-1.781006e-01
15542,1.519775e-01
15543,-1.990967e-01
15544,1.685791e-01
15545,-2.093506e-01
15546,1.750488e-01
15547,-2.076416e-01
15548,1.673584e-01
15549,-1.940918e-01
15550,1.492920e-01
15551,-1.715088e-01
15552,1.185303e-01
15553,-1.357422e-01
15554,7.910156e-02
15555,-9.338379e-02
15556,3.564453e-02
15557,-4.943848e-02
15558,-1.123047e-02
15559,-8.544922e-04
15560,-6.005859e-02
15561,4.724121e-02
15562,-1.042480e-01
15563,8.972168e-02
15564,-1.447754e-01
15565,1.242676e-01
15566,-1.765137e-01
15567,1.539307e-01
15568,-1.997070e-01
15569,1.699219e-01
15570,-2.102051e-01
15571,1.739502e-01
15572,-2.077637e-01
15573,1.650391e-01
15574,-1.948242e-01
15575,1.477051e-01
15576,-1.700439e-01
15577,1.196289e-01
15578,-1.367188e-01
15579,8.093262e-02
15580,-9.387207e-02
15581,3.466797e-02
15582,-4.870605e-02
15583,-1.208496e-02
15584,-1.708984e-03
15585,-6.164551e-02
15586,4.785156e-02
15587,-1.071777e-01
15588,9.045410e-02
15589,-1.434326e-01
15590,1.234131e-01
15591,-1.768799e-01
15592,1.539307e-01
15593,-2.012939e-01
15594,1.699219e-01
15595,-2.084961e-01
15596,1.732178e-01
15597,-2.062988e-01
15598,1.673584e-01
15599,-1.966553e-01
15600,1.479492e-01
15601,-1.716309e-01
15602,1.176758e-01
15603,-1.356201e-01
15604,7.897949e-02
15605,-9.399414e-02
15606,3.576660e-02
15607,-4.870605e-02
15608,-1.220703e-02
15609,-6.103516e-04
15610,-5.993652e-02
15611,4.516602e-02
15612,-1.054688e-01
15613,8.911133e-02
15614,-1.464844e-01
15615,1.254883e-01
15616,-1.770020e-01
15617,1.528320e-01
15618,-1.988525e-01
15619,1.685791e-01
15620,-2.102051e-01
15621,1.733398e-01
15622,-2.099609e-01
15623,1.678467e-01
15624,-1.956787e-01
15625,1.484375e-01
15626,-1.700439e-01
15627,1.192627e-01
15628,-1.367188e-01
15629,7.958984e-02
15630,-9.558105e-02
15631,3.442383e-02
15632,-4.931641e-02
15633,-1.098633e-02
15634,-1.708984e-03
15635,-5.981445e-02
15636,4.711914e-02
15637,-1.069336e-01
15638,8.947754e-02
15639,-1.448975e-01
15640,1.252441e-01
15641,-1.772461e-01
15642,1.502686e-01
15643,-1.999512e-01
15644,1.684570e-01
15645,-2.102051e-01
15646,1.750488e-01
15647,-2.080078e-01
15648,1.658936e-01
15649,-1.942139e-01
15650,1.491699e-01
15651,-1.712646e-01
15652,1.186523e-01
15653,-1.367188e-01
15654,8.068848e-02
15655,-9.350586e-02
15656,3.552246e-02
15657,-4.699707e-02
15658,-1.416016e-02
15659,-3.662109e-04
15660,-6.066895e-02
15661,4.577637e-02
15662,-1.064453e-01
15663,8.947754e-02
15664,-1.452637e-01
15665,1.256104e-01
15666,-1.752930e-01
15667,1.518555e-01
15668,-1.999512e-01
15669,1.693115e-01
15670,-2.093506e-01
15671,1.744385e-01
15672,-2.073975e-01
15673,1.665039e-01
15674,-1.954346e-01
15675,1.468506e-01
15676,-1.704102e-01
15677,1.185303e-01
15678,-1.368408e-01
15679,7.983398e-02
15680,-9.509277e-02
15681,3.332520e-02
15682,-4.846191e-02
15683,-1.220703e-02
15684,-6.103516e-04
15685,-6.091309e-02
15686,4.516602e-02
15687,-1.051025e-01
15688,8.874512e-02
15689,-1.461182e-01
15690,1.258545e-01
15691,-1.770020e-01
15692,1.528320e-01
15693,-1.990967e-01
15694,1.694336e-01
15695,-2.104492e-01
15696,1.746826e-01
15697,-2.092285e-01
15698,1.661377e-01
15699,-1.949463e-01
15700,1.456299e-01
15701,-1.708984e-01
15702,1.201172e-01
15703,-1.376953e-01
15704,7.971191e-02
15705,-9.497070e-02
15706,3.564453e-02
15707,-4.870605e-02
15708,-1.232910e-02
15709,-1.708984e-03
15710,-5.969238e-02
15711,4.406738e-02
15712,-1.057129e-01
15713,8.959961e-02
15714,-1.466064e-01
15715,1.253662e-01
15716,-1.756592e-01
15717,1.511230e-01
15718,-1.976318e-01
15719,1.695557e-01
15720,-2.097168e-01
15721,1.748047e-01
15722,-2.078857e-01
15723,1.671143e-01
15724,-1.939697e-01
15725,1.488037e-01
15726,-1.715088e-01
15727,1.204834e-01
15728,-1.367188e-01
15729,7.934570e-02
15730,-9.362793e-02
15731,3.576660e-02
15732,-4.846191e-02
15733,-1.208496e-02
15734,-9.765625e-04
15735,-5.993652e-02
15736,4.589844e-02
15737,-1.031494e-01
15738,8.801270e-02
15739,-1.448975e-01
15740,1.253662e-01
15741,-1.765137e-01
15742,1.517334e-01
15743,-1.990967e-01
15744,1.696777e-01
15745,-2.099609e-01
15746,1.740723e-01
15747,-2.087402e-01
15748,1.667480e-01
15749,-1.948242e-01
15750,1.475830e-01
15751,-1.706543e-01
15752,1.179199e-01
15753,-1.365967e-01
15754,8.093262e-02
15755,-9.606934e-02
15756,3.601074e-02
15757,-4.821777e-02
15758,-1.086426e-02
15759,-3.662109e-04
15760,-5.981445e-02
15761,4.711914e-02
15762,-1.049805e-01
15763,8.923340e-02
15764,-1.447754e-01
15765,1.273193e-01
15766,-1.757812e-01
15767,1.527100e-01
15768,-1.982422e-01
15769,1.674805e-01
15770,-2.094727e-01
15771,1.733398e-01
15772,-2.089844e-01
15773,1.682129e-01
15774,-1.943359e-01
15775,1.481934e-01
15776,-1.717529e-01
15777,1.192627e-01
15778,-1.390381e-01
15779,7.983398e-02
15780,-9.484863e-02
15781,3.601074e-02
15782,-4.943848e-02
15783,-1.110840e-02
15784,-1.953125e-03
15785,-6.042480e-02
15786,4.565430e-02
15787,-1.059570e-01
15788,8.862305e-02
15789,-1.450195e-01
15790,1.242676e-01
15791,-1.768799e-01
15792,1.524658e-01
15793,-1.989746e-01
15794,1.701660e-01
15795,-2.084961e-01
15796,1.750488e-01
15797,-2.091064e-01
15798,1.665039e-01
15799,-1.955566e-01
15800,1.478271e-01
15801,-1.713867e-01
15802,1.193848e-01
15803,-1.361084e-01
15804,8.068848e-02
15805,-9.533691e-02
15806,3.515625e-02
15807,-4.907227e-02
15808,-1.367188e-02
15809,-8.544922e-04
15810,-5.737305e-02
15811,4.650879e-02
15812,-1.049805e-01
15813,9.020996e-02
15814,-1.462402e-01
15815,1.246338e-01
15816,-1.767578e-01
15817,1.506348e-01
15818,-1.983643e-01
15819,1.677246e-01
15820,-2.106934e-01
15821,1.741943e-01
15822,-2.081299e-01
15823,1.682129e-01
15824,-1.954346e-01
15825,1.485596e-01
15826,-1.706543e-01
15827,1.198730e-01
15828,-1.363525e-01
15829,8.020020e-02
15830,-9.497070e-02
15831,3.417969e-02
15832,-5.090332e-02
15833,-1.062012e-02
15834,-3.662109e-04
15835,-6.079102e-02
15836,4.772949e-02
15837,-1.042480e-01
15838,8.813477e-02
15839,-1.446533e-01
15840,1.229248e-01
15841,-1.750488e-01
15842,1.514893e-01
15843,-1.990967e-01
15844,1.697998e-01
15845,-2.104492e-01
15846,1.750488e-01
15847,-2.084961e-01
15848,1.672363e-01
15849,-1.948242e-01
15850,1.502686e-01
15851,-1.704102e-01
15852,1.192627e-01
15853,-1.367188e-01
15854,8.203125e-02
15855,-9.606934e-02
15856,3.686523e-02
15857,-4.992676e-02
15858,-1.098633e-02
15859,-1.220703e-04
15860,-6.042480e-02
15861,4.565430e-02
15862,-1.052246e-01
15863,8.874512e-02
15864,-1.446533e-01
15865,1.252441e-01
15866,-1.761475e-01
15867,1.520996e-01
15868,-1.981201e-01
15869,1.694336e-01
15870,-2.095947e-01
15871,1.737061e-01
15872,-2.082520e-01
15873,1.673584e-01
15874,-1.956787e-01
15875,1.481934e-01
15876,-1.713867e-01
15877,1.192627e-01
15878,-1.381836e-01
15879,8.032227e-02
15880,-9.631348e-02
15881,3.625488e-02
15882,-4.919434e-02
15883,-1.123047e-02
15884,-9.765625e-04
15885,-5.920410e-02
15886,4.541016e-02
15887,-1.048584e-01
15888,8.935547e-02
15889,-1.450195e-01
15890,1.241455e-01
15891,-1.771240e-01
15892,1.519775e-01
15893,-1.990967e-01
15894,1.687012e-01
15895,-2.094727e-01
15896,1.732178e-01
15897,-2.076416e-01
15898,1.688232e-01
15899,-1.964111e-01
15900,1.491699e-01
15901,-1.707764e-01
15902,1.198730e-01
15903,-1.353760e-01
15904,8.093262e-02
15905,-9.545898e-02
15906,3.662109e-02
15907,-4.846191e-02
15908,-1.208496e-02
15909,-8.544922e-04
15910,-5.847168e-02
15911,4.589844e-02
15912,-1.048584e-01
15913,8.898926e-02
15914,-1.444092e-01
15915,1.243896e-01
15916,-1.771240e-01
15917,1.530762e-01
15918,-1.990967e-01
15919,1.682129e-01
15920,-2.082520e-01
15921,1.750488e-01
15922,-2.104492e-01
15923,1.689453e-01
15924,-1.948242e-01
15925,1.480713e-01
15926,-1.699219e-01
15927,1.199951e-01
15928,-1.358643e-01
15929,8.105469e-02
15930,-9.655762e-02
15931,3.613281e-02
15932,-4.919434e-02
15933,-1.110840e-02
15934,-1.953125e-03
15935,-5.822754e-02
15936,4.638672e-02
15937,-1.057129e-01
15938,8.984375e-02
15939,-1.428223e-01
15940,1.257324e-01
15941,-1.760254e-01
15942,1.520996e-01
15943,-1.976318e-01
15944,1.689453e-01
15945,-2.091064e-01
15946,1.750488e-01
15947,-2.082520e-01
15948,1.677246e-01
15949,-1.954346e-01
15950,1.483154e-01
15951,-1.706543e-01
15952,1.184082e-01
15953,-1.368408e-01
15954,8.178711e-02
15955,-9.606934e-02
15956,3.662109e-02
15957,-4.882812e-02
15958,-9.521484e-03
15959,-2.075195e-03
15960,-6.018066e-02
15961,4.504395e-02
15962,-1.038818e-01
15963,8.911133e-02
15964,-1.437988e-01
15965,1.242676e-01
15966,-1.751709e-01
15967,1.536865e-01
15968,-1.973877e-01
15969,1.708984e-01
15970,-2.083740e-01
15971,1.750488e-01
15972,-2.072754e-01
15973,1.680908e-01
15974,-1.954346e-01
15975,1.492920e-01
15976,-1.715088e-01
15977,1.179199e-01
15978,-1.378174e-01
15979,8.068848e-02
15980,-9.692383e-02
15981,3.552246e-02
15982,-5.004883e-02
15983,-1.074219e-02
15984,-1.831055e-03
15985,-5.944824e-02
15986,4.516602e-02
15987,-1.059570e-01
15988,8.935547e-02
15989,-1.441650e-01
15990,1.241455e-01
15991,-1.748047e-01
15992,1.506348e-01
15993,-1.990967e-01
15994,1.693115e-01
15995,-2.099609e-01
15996,1.749268e-01
15997,-2.091064e-01
15998,1.689453e-01
15999,-1.950684e-01
16000,1.489258e-01
16001,-1.706543e-01
16002,1.196289e-01
16003,-1.389160e-01
16004,8.142090e-02
16005,-9.582520e-02
16006,3.698730e-02
16007,-4.785156e-02
16008,-9.887695e-03
16009,-1.220703e-04
16010,-5.761719e-02
16011,4.467773e-02
16012,-1.025391e-01
16013,8.801270e-02
16014,-1.452637e-01
16015,1.262207e-01
16016,-1.763916e-01
16017,1.518555e-01
16018,-1.972656e-01
16019,1.690674e-01
16020,-2.094727e-01
16021,1.750488e-01
16022,-2.103271e-01
16023,1.665039e-01
16024,-1.950684e-01
16025,1.488037e-01
16026,-1.711426e-01
16027,1.196289e-01
16028,-1.375732e-01
16029,7.995605e-02
16030,-9.655762e-02
16031,3.698730e-02
16032,-4.992676e-02
16033,-1.000977e-02
16034,-1.342773e-03
16035,-5.957031e-02
16036,4.663086e-02
16037,-1.062012e-01
16038,8.691406e-02
16039,-1.433105e-01
16040,1.234131e-01
16041,-1.768799e-01
16042,1.512451e-01
16043,-1.982422e-01
16044,1.691895e-01
16045,-2.110596e-01
16046,1.739502e-01
16047,-2.082520e-01
16048,1.673584e-01
16049,-1.956787e-01
16050,1.491699e-01
16051,-1.729736e-01
16052,1.199951e-01
16053,-1.370850e-01
16054,8.142090e-02
16055,-9.643555e-02
16056,3.698730e-02
16057,-4.919434e-02
16058,-1.098633e-02
16059,-2.197266e-03
16060,-5.908203e-02
16061,4.553223e-02
16062,-1.041260e-01
16063,8.740234e-02
16064,-1.446533e-01
16065,1.229248e-01
16066,-1.768799e-01
16067,1.506348e-01
16068,-1.984863e-01
16069,1.694336e-01
16070,-2.078857e-01
16071,1.749268e-01
16072,-2.102051e-01
16073,1.680908e-01
16074,-1.961670e-01
16075,1.488037e-01
16076,-1.724854e-01
16077,1.203613e-01
16078,-1.367188e-01
16079,8.056641e-02
16080,-9.606934e-02
16081,3.601074e-02
16082,-5.065918e-02
16083,-1.123047e-02
16084,-2.563477e-03
16085,-5.895996e-02
16086,4.541016e-02
16087,-1.044922e-01
16088,8.825684e-02
16089,-1.441650e-01
16090,1.246338e-01
16091,-1.763916e-01
16092,1.523438e-01
16093,-1.977539e-01
16094,1.690674e-01
16095,-2.094727e-01
16096,1.749268e-01
16097,-2.093506e-01
16098,1.660156e-01
16099,-1.950684e-01
16100,1.490479e-01
16101,-1.711426e-01
16102,1.202393e-01
16103,-1.375732e-01
16104,8.190918e-02
16105,-9.460449e-02
16106,3.662109e-02
16107,-4.968262e-02
16108,-1.013184e-02
16109,-2.685547e-03
16110,-5.883789e-02
16111,4.467773e-02
16112,-1.042480e-01
16113,8.789062e-02
16114,-1.422119e-01
16115,1.239014e-01
16116,-1.751709e-01
16117,1.536865e-01
16118,-1.973877e-01
16119,1.688232e-01
16120,-2.091064e-01
16121,1.750488e-01
16122,-2.111816e-01
16123,1.680908e-01
16124,-1.944580e-01
16125,1.473389e-01
16126,-1.708984e-01
16127,1.204834e-01
16128,-1.384277e-01
16129,8.276367e-02
16130,-9.741211e-02
16131,3.784180e-02
16132,-5.004883e-02
16133,-1.074219e-02
16134,-3.173828e-03
16135,-6.066895e-02
16136,4.541016e-02
16137,-1.033936e-01
16138,8.569336e-02
16139,-1.427002e-01
16140,1.254883e-01
16141,-1.761475e-01
16142,1.539307e-01
16143,-1.979980e-01
16144,1.684570e-01
16145,-2.082520e-01
16146,1.746826e-01
16147,-2.091064e-01
16148,1.679688e-01
16149,-1.970215e-01
16150,1.486816e-01
16151,-1.723633e-01
16152,1.177979e-01
16153,-1.389160e-01
16154,8.190918e-02
16155,-9.594727e-02
16156,3.796387e-02
16157,-5.029297e-02
16158,-1.074219e-02
16159,-1.708984e-03
16160,-5.847168e-02
16161,4.479980e-02
16162,-1.027832e-01
16163,8.972168e-02
16164,-1.447754e-01
16165,1.230469e-01
16166,-1.751709e-01
16167,1.519775e-01
16168,-1.981201e-01
16169,1.699219e-01
16170,-2.093506e-01
16171,1.746826e-01
16172,-2.084961e-01
16173,1.658936e-01
16174,-1.956787e-01
16175,1.485596e-01
16176,-1.713867e-01
16177,1.196289e-01
16178,-1.385498e-01
16179,8.105469e-02
16180,-9.729004e-02
16181,3.662109e-02
16182,-5.261230e-02
16183,-9.277344e-03
16184,-3.173828e-03
16185,-5.957031e-02
16186,4.394531e-02
16187,-1.042480e-01
16188,8.605957e-02
16189,-1.453857e-01
16190,1.243896e-01
16191,-1.766357e-01
16192,1.514893e-01
16193,-1.988525e-01
16194,1.690674e-01
16195,-2.102051e-01
16196,1.744385e-01
16197,-2.087402e-01
16198,1.669922e-01
16199,-1.958008e-01
16200,1.484375e-01
16201,-1.708984e-01
16202,1.224365e-01
16203,-1.387939e-01
16204,8.215332e-02
16205,-9.484863e-02
16206,3.698730e-02
16207,-4.956055e-02
16208,-1.110840e-02
16209,-4.516602e-03
16210,-5.859375e-02
16211,4.248047e-02
16212,-1.042480e-01
16213,8.813477e-02
16214,-1.450195e-01
16215,1.234131e-01
16216,-1.751709e-01
16217,1.505127e-01
16218,-1.966553e-01
16219,1.674805e-01
16220,-2.084961e-01
16221,1.743164e-01
16222,-2.093506e-01
16223,1.671143e-01
16224,-1.962891e-01
16225,1.490479e-01
16226,-1.722412e-01
16227,1.210938e-01
16228,-1.396484e-01
16229,8.288574e-02
16230,-9.716797e-02
16231,3.698730e-02
16232,-5.163574e-02
16233,-1.098633e-02
16234,-2.685547e-03
16235,-5.908203e-02
16236,4.479980e-02
16237,-1.051025e-01
16238,8.679199e-02
16239,-1.433105e-01
16240,1.252441e-01
16241,-1.746826e-01
16242,1.520996e-01
16243,-1.973877e-01
16244,1.677246e-01
16245,-2.084961e-01
16246,1.745605e-01
16247,-2.084961e-01
16248,1.684570e-01
16249,-1.964111e-01
16250,1.491699e-01
16251,-1.717529e-01
16252,1.195068e-01
16253,-1.370850e-01
16254,8.239746e-02
16255,-9.777832e-02
16256,3.735352e-02
16257,-5.126953e-02
16258,-1.000977e-02
16259,-2.563477e-03
16260,-5.798340e-02
16261,4.602051e-02
16262,-1.042480e-01
16263,8.813477e-02
16264,-1.434326e-01
16265,1.234131e-01
16266,-1.760254e-01
16267,1.514893e-01
16268,-1.982422e-01
16269,1.671143e-01
16270,-2.092285e-01
16271,1.733398e-01
16272,-2.093506e-01
16273,1.685791e-01
16274,-1.971436e-01
16275,1.494141e-01
16276,-1.713867e-01
16277,1.203613e-01
16278,-1.384277e-01
16279,8.203125e-02
16280,-9.655762e-02
16281,3.735352e-02
16282,-5.163574e-02
16283,-1.110840e-02
16284,-2.929688e-03
16285,-5.834961e-02
16286,4.284668e-02
16287,-1.019287e-01
16288,8.813477e-02
16289,-1.442871e-01
16290,1.237793e-01
16291,-1.777344e-01
16292,1.510010e-01
16293,-1.989746e-01
16294,1.668701e-01
16295,-2.093506e-01
16296,1.733398e-01
16297,-2.084961e-01
16298,1.699219e-01
16299,-1.953125e-01
16300,1.499023e-01
16301,-1.726074e-01
16302,1.202393e-01
16303,-1.395264e-01
16304,8.154297e-02
16305,-9.765625e-02
16306,3.723145e-02
16307,-5.053711e-02
16308,-9.643555e-03
16309,-1.831055e-03
16310,-5.688477e-02
16311,4.431152e-02
16312,-1.051025e-01
16313,8.740234e-02
16314,-1.433105e-01
16315,1.225586e-01
16316,-1.760254e-01
16317,1.518555e-01
16318,-2.005615e-01
16319,1.705322e-01
16320,-2.094727e-01
16321,1.728516e-01
16322,-2.084961e-01
16323,1.668701e-01
16324,-1.971436e-01
16325,1.484375e-01
16326,-1.726074e-01
16327,1.195068e-01
16328,-1.385498e-01
16329,8.239746e-02
16330,-9.777832e-02
16331,3.759766e-02
16332,-5.175781e-02
16333,-1.025391e-02
16334,-2.807617e-03
16335,-5.932617e-02
16336,4.418945e-02
16337,-1.042480e-01
16338,8.728027e-02
16339,-1.446533e-01
16340,1.237793e-01
16341,-1.768799e-01
16342,1.510010e-01
16343,-1.983643e-01
16344,1.687012e-01
16345,-2.088623e-01
16346,1.735840e-01
16347,-2.081299e-01
16348,1.673584e-01
16349,-1.947021e-01
16350,1.505127e-01
16351,-1.721191e-01
16352,1.219482e-01
16353,-1.385498e-01
16354,8.203125e-02
16355,-9.521484e-02
16356,3.820801e-02
16357,-5.114746e-02
16358,-8.300781e-03
16359,-3.295898e-03
16360,-5.761719e-02
16361,4.345703e-02
16362,-1.040039e-01
16363,8.605957e-02
16364,-1.434326e-01
16365,1.225586e-01
16366,-1.749268e-01
16367,1.519775e-01
16368,-1.979980e-01
16369,1.685791e-01
16370,-2.095947e-01
16371,1.745605e-01
16372,-2.100830e-01
16373,1.680908e-01
16374,-1.956787e-01
16375,1.491699e-01
16376,-1.726074e-01
16377,1.198730e-01
16378,-1.397705e-01
16379,8.325195e-02
16380,-9.826660e-02
16381,3.942871e-02
16382,-5.065918e-02
16383,-1.147461e-02
