g++ chatexample.cpp -Wall -std=c++20  -I/opt/redpitaya/include -L/opt/redpitaya/lib -static -lrp-hw-can -lrp -lrp-hw-calib -lrp-hw-profiles -lrp-gpio -lrp-i2c -lrp-hw -lm -lstdc++ -lpthread -li2c -lsocketcan -o chatexample
0,-2.807617e-03
1,-1.708984e-03
2,-2.197266e-03
3,-2.563477e-03
4,-2.441406e-03
5,-3.662109e-03
6,-2.563477e-03
7,-1.953125e-03
8,-2.441406e-03
9,-2.807617e-03
10,-2.563477e-03
11,-2.563477e-03
12,-2.075195e-03
13,-2.319336e-03
14,-2.197266e-03
15,-3.173828e-03
16,-2.197266e-03
17,-2.441406e-03
18,-1.586914e-03
19,-2.319336e-03
20,-1.953125e-03
21,-2.929688e-03
22,-2.441406e-03
23,-1.708984e-03
24,-2.929688e-03
25,-2.563477e-03
26,-3.051758e-03
27,-1.953125e-03
28,-2.563477e-03
29,-2.563477e-03
30,-1.708984e-03
31,-2.319336e-03
32,-2.319336e-03
33,-3.173828e-03
34,-8.544922e-04
35,-2.563477e-03
36,-2.563477e-03
37,-1.464844e-03
38,-2.441406e-03
39,-2.807617e-03
40,-1.953125e-03
41,-2.075195e-03
42,-2.563477e-03
43,-2.197266e-03
44,-1.953125e-03
45,-1.586914e-03
46,-2.929688e-03
47,-2.563477e-03
48,-2.807617e-03
49,-2.807617e-03
50,-2.563477e-03
51,-2.197266e-03
52,-1.708984e-03
53,-1.708984e-03
54,-2.197266e-03
55,-2.197266e-03
56,-2.563477e-03
57,-2.319336e-03
58,-1.586914e-03
59,-2.929688e-03
60,-2.929688e-03
61,-2.441406e-03
62,-2.197266e-03
63,-2.441406e-03
64,-1.708984e-03
65,-2.441406e-03
66,-1.953125e-03
67,-1.708984e-03
68,-1.953125e-03
69,-2.807617e-03
70,-2.563477e-03
71,-3.295898e-03
72,-2.319336e-03
73,-2.441406e-03
74,-2.075195e-03
75,-2.441406e-03
76,-1.464844e-03
77,-2.075195e-03
78,-1.220703e-03
79,-1.708984e-03
80,-2.319336e-03
81,-1.586914e-03
82,-1.586914e-03
83,-1.831055e-03
84,-1.708984e-03
85,-2.075195e-03
86,-2.319336e-03
87,-1.586914e-03
88,-2.441406e-03
89,-1.708984e-03
90,-1.464844e-03
91,-2.441406e-03
92,-3.173828e-03
93,-2.563477e-03
94,-2.563477e-03
95,-1.708984e-03
96,-2.319336e-03
97,-1.342773e-03
98,-1.953125e-03
99,-2.075195e-03
100,-2.929688e-03
101,-2.075195e-03
102,-1.708984e-03
103,-2.807617e-03
104,-2.075195e-03
105,-1.342773e-03
106,-1.953125e-03
107,-2.807617e-03
108,-2.563477e-03
109,-2.441406e-03
110,-2.563477e-03
111,-1.220703e-03
112,-2.319336e-03
113,-1.953125e-03
114,-2.441406e-03
115,-2.075195e-03
116,-1.708984e-03
117,-2.563477e-03
118,-2.929688e-03
119,-2.197266e-03
120,-3.173828e-03
121,-2.563477e-03
122,-2.319336e-03
123,-2.319336e-03
124,-2.197266e-03
125,-2.807617e-03
126,-2.807617e-03
127,-1.953125e-03
128,-2.319336e-03
129,-1.708984e-03
130,-2.441406e-03
131,-2.563477e-03
132,-2.197266e-03
133,-2.319336e-03
134,-2.441406e-03
135,-2.563477e-03
136,-2.929688e-03
137,-2.075195e-03
138,-2.075195e-03
139,-2.441406e-03
140,-2.319336e-03
141,-1.586914e-03
142,-2.075195e-03
143,-2.563477e-03
144,-1.464844e-03
145,-1.708984e-03
146,-1.831055e-03
147,-2.197266e-03
148,-2.075195e-03
149,-2.563477e-03
150,-2.197266e-03
151,-8.544922e-04
152,-2.685547e-03
153,-2.319336e-03
154,-2.563477e-03
155,-2.197266e-03
156,-2.319336e-03
157,-1.708984e-03
158,-1.586914e-03
159,-1.831055e-03
160,-2.441406e-03
161,-1.708984e-03
162,-1.708984e-03
163,-7.324219e-04
164,-1.953125e-03
165,-1.953125e-03
166,-1.708984e-03
167,-3.173828e-03
168,-2.319336e-03
169,-2.319336e-03
170,-1.342773e-03
171,-1.586914e-03
172,-1.220703e-03
173,-1.342773e-03
174,-1.708984e-03
175,-1.831055e-03
176,-1.342773e-03
177,-1.953125e-03
178,-1.708984e-03
179,-2.563477e-03
180,-1.953125e-03
181,-2.319336e-03
182,-2.441406e-03
183,-1.586914e-03
184,-2.685547e-03
185,-2.441406e-03
186,-2.563477e-03
187,-1.708984e-03
188,-2.197266e-03
189,-2.563477e-03
190,-2.075195e-03
191,-1.098633e-03
192,-2.075195e-03
193,-1.953125e-03
194,-1.464844e-03
195,-3.173828e-03
196,-2.807617e-03
197,-1.953125e-03
198,-2.197266e-03
199,-2.197266e-03
200,-1.953125e-03
201,-1.708984e-03
202,-1.831055e-03
203,-2.563477e-03
204,-7.324219e-04
205,-4.882812e-04
206,-1.220703e-03
207,-1.953125e-03
208,-1.342773e-03
209,-2.075195e-03
210,-2.319336e-03
211,-4.882812e-04
212,-2.075195e-03
213,-1.708984e-03
214,-1.708984e-03
215,-1.831055e-03
216,-2.197266e-03
217,-1.220703e-03
218,-2.075195e-03
219,-2.319336e-03
220,-2.197266e-03
221,-1.098633e-03
222,-1.342773e-03
223,-1.708984e-03
224,-2.197266e-03
225,-1.708984e-03
226,-1.953125e-03
227,-1.708984e-03
228,-2.075195e-03
229,-1.586914e-03
230,-1.098633e-03
231,-2.807617e-03
232,-1.953125e-03
233,-2.441406e-04
234,-9.765625e-04
235,-1.586914e-03
236,-1.953125e-03
237,-2.319336e-03
238,-1.220703e-03
239,-2.075195e-03
240,-2.441406e-03
241,-1.586914e-03
242,-1.831055e-03
243,-2.441406e-03
244,-1.220703e-03
245,-1.708984e-03
246,-2.319336e-03
247,-1.708984e-03
248,-1.953125e-03
249,-2.075195e-03
250,-2.075195e-03
251,-2.075195e-03
252,-1.708984e-03
253,-2.441406e-03
254,-1.708984e-03
255,-2.441406e-03
256,-1.708984e-03
257,-2.075195e-03
258,-1.953125e-03
259,-1.342773e-03
260,-1.831055e-03
261,-1.708984e-03
262,-2.929688e-03
263,-2.197266e-03
264,-2.807617e-03
265,-1.953125e-03
266,-2.197266e-03
267,-2.319336e-03
268,-1.708984e-03
269,-1.953125e-03
270,-2.075195e-03
271,-2.197266e-03
272,-1.586914e-03
273,-1.464844e-03
274,-2.075195e-03
275,-1.342773e-03
276,-1.464844e-03
277,-9.765625e-04
278,-2.319336e-03
279,-2.319336e-03
280,-2.563477e-03
281,-2.075195e-03
282,-1.953125e-03
283,-1.708984e-03
284,-2.929688e-03
285,-2.563477e-03
286,-2.197266e-03
287,-1.953125e-03
288,-1.708984e-03
289,-2.563477e-03
290,-2.563477e-03
291,-8.544922e-04
292,-7.324219e-04
293,-1.342773e-03
294,-1.098633e-03
295,-2.075195e-03
296,-1.464844e-03
297,-2.685547e-03
298,-2.075195e-03
299,-3.051758e-03
300,-1.708984e-03
301,-1.708984e-03
302,-1.586914e-03
303,-2.441406e-03
304,-2.197266e-03
305,-1.342773e-03
306,-1.220703e-03
307,-1.464844e-03
308,-2.929688e-03
309,-2.929688e-03
310,-2.197266e-03
311,-1.953125e-03
312,-2.197266e-03
313,-1.708984e-03
314,-2.807617e-03
315,-2.319336e-03
316,-2.441406e-03
317,-2.319336e-03
318,-2.319336e-03
319,-1.220703e-03
320,-2.319336e-03
321,-2.563477e-03
322,-2.441406e-03
323,-1.953125e-03
324,-1.708984e-03
325,-1.708984e-03
326,-2.807617e-03
327,-2.075195e-03
328,-2.441406e-03
329,-2.563477e-03
330,-1.586914e-03
331,-1.464844e-03
332,-1.586914e-03
333,-1.953125e-03
334,-1.708984e-03
335,-1.831055e-03
336,-2.197266e-03
337,-1.098633e-03
338,-1.953125e-03
339,-2.319336e-03
340,-1.953125e-03
341,-1.464844e-03
342,-2.319336e-03
343,-1.953125e-03
344,-1.708984e-03
345,-1.220703e-03
346,-1.708984e-03
347,-1.586914e-03
348,-1.098633e-03
349,-2.929688e-03
350,-1.708984e-03
351,-1.708984e-03
352,-1.342773e-03
353,-2.685547e-03
354,-1.098633e-03
355,-2.319336e-03
356,-1.098633e-03
357,-2.197266e-03
358,-1.708984e-03
359,-2.197266e-03
360,-1.953125e-03
361,-1.342773e-03
362,-1.586914e-03
363,-1.831055e-03
364,-1.953125e-03
365,-2.563477e-03
366,-1.708984e-03
367,-1.708984e-03
368,-1.586914e-03
369,-1.831055e-03
370,-2.075195e-03
371,-2.441406e-03
372,-2.807617e-03
373,-2.563477e-03
374,-2.197266e-03
375,-1.708984e-03
376,-1.708984e-03
377,-2.319336e-03
378,-2.441406e-03
379,-2.197266e-03
380,-1.953125e-03
381,-2.197266e-03
382,-1.464844e-03
383,-1.831055e-03
384,-2.563477e-03
385,-2.319336e-03
386,-1.708984e-03
387,-9.765625e-04
388,-1.464844e-03
389,-1.953125e-03
390,-2.075195e-03
391,-1.342773e-03
392,-1.953125e-03
393,-1.342773e-03
394,-1.586914e-03
395,-1.586914e-03
396,-2.685547e-03
397,-2.075195e-03
398,-1.953125e-03
399,-1.708984e-03
400,-1.953125e-03
401,-2.075195e-03
402,-1.708984e-03
403,-2.197266e-03
404,-2.929688e-03
405,-2.319336e-03
406,-1.586914e-03
407,-1.708984e-03
408,-2.441406e-03
409,-1.953125e-03
410,-1.708984e-03
411,-2.319336e-03
412,-1.708984e-03
413,-1.708984e-03
414,-2.197266e-03
415,-2.197266e-03
416,-2.441406e-03
417,-1.586914e-03
418,-2.563477e-03
419,-3.051758e-03
420,-1.708984e-03
421,-1.464844e-03
422,-2.197266e-03
423,-2.441406e-03
424,-2.319336e-03
425,-1.342773e-03
426,-2.319336e-03
427,-2.075195e-03
428,-2.441406e-03
429,-1.708984e-03
430,-1.464844e-03
431,-2.441406e-03
432,-1.464844e-03
433,-1.953125e-03
434,-1.708984e-03
435,-2.075195e-03
436,-2.075195e-03
437,-1.953125e-03
438,-2.563477e-03
439,-1.953125e-03
440,-1.708984e-03
441,-1.464844e-03
442,-2.441406e-03
443,-2.563477e-03
444,-2.319336e-03
445,-2.197266e-03
446,-1.708984e-03
447,-1.098633e-03
448,-2.319336e-03
449,-2.807617e-03
450,-1.586914e-03
451,-2.075195e-03
452,-1.586914e-03
453,-2.197266e-03
454,-2.197266e-03
455,-1.464844e-03
456,-3.417969e-03
457,-8.544922e-04
458,-1.098633e-03
459,-1.831055e-03
460,-1.342773e-03
461,-1.831055e-03
462,-1.708984e-03
463,-1.953125e-03
464,-2.563477e-03
465,-1.464844e-03
466,-1.342773e-03
467,-2.075195e-03
468,-2.441406e-03
469,-1.953125e-03
470,-1.220703e-03
471,-1.464844e-03
472,-1.831055e-03
473,-1.464844e-03
474,-2.075195e-03
475,-1.708984e-03
476,-1.464844e-03
477,-1.708984e-03
478,-1.953125e-03
479,-1.708984e-03
480,-2.563477e-03
481,-1.708984e-03
482,-2.075195e-03
483,-1.953125e-03
484,-2.197266e-03
485,-2.563477e-03
486,-2.075195e-03
487,-1.708984e-03
488,-2.441406e-03
489,-1.586914e-03
490,-1.342773e-03
491,-2.197266e-03
492,-3.173828e-03
493,-1.953125e-03
494,-1.586914e-03
495,-2.197266e-03
496,-2.197266e-03
497,-2.441406e-03
498,-1.342773e-03
499,-1.342773e-03
500,-1.464844e-03
501,-1.831055e-03
502,-2.075195e-03
503,-3.051758e-03
504,-2.075195e-03
505,-2.319336e-03
506,-1.708984e-03
507,-2.441406e-03
508,-2.197266e-03
509,-2.319336e-03
510,-1.098633e-03
511,-1.953125e-03
512,-1.708984e-03
513,-2.685547e-03
514,-1.342773e-03
515,-2.441406e-03
516,-3.051758e-03
517,-1.098633e-03
518,-1.953125e-03
519,-3.051758e-03
520,-1.586914e-03
521,-2.685547e-03
522,-1.708984e-03
523,-1.953125e-03
524,-1.220703e-03
525,-1.953125e-03
526,-1.098633e-03
527,-1.953125e-03
528,-2.197266e-03
529,-1.586914e-03
530,-1.708984e-03
531,-1.953125e-03
532,-2.929688e-03
533,-2.563477e-03
534,-2.319336e-03
535,-1.708984e-03
536,-8.544922e-04
537,-2.075195e-03
538,-2.441406e-03
539,-1.953125e-03
540,-2.563477e-03
541,-2.197266e-03
542,-2.197266e-03
543,-2.075195e-03
544,-1.464844e-03
545,-2.563477e-03
546,-1.953125e-03
547,-2.563477e-03
548,-2.075195e-03
549,-2.807617e-03
550,-1.708984e-03
551,-2.197266e-03
552,-1.953125e-03
553,-3.417969e-03
554,-2.197266e-03
555,-1.708984e-03
556,-1.464844e-03
557,-2.319336e-03
558,-1.953125e-03
559,-1.464844e-03
560,-2.075195e-03
561,-2.441406e-03
562,-2.807617e-03
563,-2.075195e-03
564,-1.586914e-03
565,-2.441406e-03
566,-2.563477e-03
567,-2.929688e-03
568,-1.708984e-03
569,-2.441406e-03
570,-2.075195e-03
571,-1.953125e-03
572,-1.464844e-03
573,-1.464844e-03
574,-9.765625e-04
575,-1.342773e-03
576,-1.831055e-03
577,-1.708984e-03
578,-2.563477e-03
579,-1.953125e-03
580,-1.708984e-03
581,-3.295898e-03
582,-1.953125e-03
583,-2.441406e-03
584,-2.075195e-03
585,-1.586914e-03
586,-2.197266e-03
587,-1.708984e-03
588,-2.563477e-03
589,-2.197266e-03
590,-1.953125e-03
591,-1.464844e-03
592,-1.464844e-03
593,-2.685547e-03
594,-1.586914e-03
595,-2.441406e-03
596,-1.708984e-03
597,-2.075195e-03
598,-2.441406e-03
599,-1.098633e-03
600,-1.220703e-03
601,-1.464844e-03
602,-1.220703e-03
603,-1.831055e-03
604,-2.441406e-03
605,-1.953125e-03
606,-2.197266e-03
607,-2.197266e-03
608,-1.586914e-03
609,-1.220703e-03
610,-1.953125e-03
611,-1.098633e-03
612,-9.765625e-04
613,-1.464844e-03
614,-1.831055e-03
615,-1.708984e-03
616,-9.765625e-04
617,-2.807617e-03
618,-2.563477e-03
619,-1.953125e-03
620,-1.342773e-03
621,-1.708984e-03
622,-1.953125e-03
623,-2.563477e-03
624,-2.441406e-03
625,-2.197266e-03
626,-1.708984e-03
627,-1.708984e-03
628,-2.807617e-03
629,-1.464844e-03
630,-2.075195e-03
631,-2.075195e-03
632,-2.441406e-03
633,-1.342773e-03
634,-2.441406e-03
635,-1.708984e-03
636,-3.417969e-03
637,-2.075195e-03
638,-1.708984e-03
639,-2.075195e-03
640,-1.586914e-03
641,-1.464844e-03
642,-1.464844e-03
643,-3.051758e-03
644,-1.953125e-03
645,-1.586914e-03
646,-1.708984e-03
647,-1.953125e-03
648,-1.708984e-03
649,-1.953125e-03
650,-1.708984e-03
651,-1.464844e-03
652,-2.197266e-03
653,-2.441406e-03
654,-2.319336e-03
655,-3.051758e-03
656,-2.197266e-03
657,-2.441406e-03
658,-2.319336e-03
659,-1.953125e-03
660,-2.075195e-03
661,-2.319336e-03
662,-2.807617e-03
663,-1.953125e-03
664,-1.708984e-03
665,-1.953125e-03
666,-2.441406e-03
667,-2.075195e-03
668,-2.319336e-03
669,-1.953125e-03
670,-1.708984e-03
671,-1.708984e-03
672,-2.441406e-03
673,-1.708984e-03
674,-1.464844e-03
675,-8.544922e-04
676,-1.464844e-03
677,-1.953125e-03
678,-1.342773e-03
679,-1.586914e-03
680,-1.708984e-03
681,-2.075195e-03
682,-1.342773e-03
683,-2.075195e-03
684,-2.929688e-03
685,-1.953125e-03
686,-2.441406e-03
687,-1.586914e-03
688,-2.075195e-03
689,-1.342773e-03
690,-2.075195e-03
691,-3.051758e-03
692,-1.708984e-03
693,-1.708984e-03
694,-1.464844e-03
695,-1.342773e-03
696,-1.708984e-03
697,-2.929688e-03
698,-2.807617e-03
699,-1.586914e-03
700,-1.586914e-03
701,-1.953125e-03
702,-1.708984e-03
703,-1.586914e-03
704,-1.708984e-03
705,-2.075195e-03
706,-1.708984e-03
707,-1.708984e-03
708,-1.953125e-03
709,-1.708984e-03
710,-1.708984e-03
711,-2.197266e-03
712,-2.319336e-03
713,-1.708984e-03
714,-1.586914e-03
715,-1.342773e-03
716,-1.831055e-03
717,-2.807617e-03
718,-1.220703e-03
719,-2.075195e-03
720,-2.319336e-03
721,-1.708984e-03
722,-1.220703e-03
723,-1.586914e-03
724,-1.464844e-03
725,-2.319336e-03
726,-1.708984e-03
727,-1.708984e-03
728,-1.220703e-03
729,-2.197266e-03
730,-1.708984e-03
731,-1.586914e-03
732,-1.708984e-03
733,-2.319336e-03
734,-2.197266e-03
735,-2.807617e-03
736,-2.441406e-03
737,-1.220703e-03
738,-2.197266e-03
739,-2.075195e-03
740,-2.319336e-03
741,-1.342773e-03
742,-1.586914e-03
743,-1.586914e-03
744,-1.708984e-03
745,-2.441406e-03
746,-2.441406e-03
747,-1.586914e-03
748,-1.831055e-03
749,-2.441406e-03
750,-1.953125e-03
751,-2.197266e-03
752,-1.953125e-03
753,-1.708984e-03
754,-1.708984e-03
755,-1.708984e-03
756,-1.464844e-03
757,-1.586914e-03
758,-2.075195e-03
759,-1.464844e-03
760,-1.220703e-03
761,-1.586914e-03
762,-1.098633e-03
763,-1.953125e-03
764,-1.953125e-03
765,-1.953125e-03
766,-2.197266e-03
767,-2.075195e-03
768,-1.708984e-03
769,-2.197266e-03
770,-2.319336e-03
771,-2.563477e-03
772,-2.563477e-03
773,-2.197266e-03
774,-1.220703e-03
775,-1.342773e-03
776,-1.831055e-03
777,-1.342773e-03
778,-1.342773e-03
779,-2.319336e-03
780,-1.708984e-03
781,-3.173828e-03
782,-1.464844e-03
783,-1.586914e-03
784,-1.464844e-03
785,-1.586914e-03
786,-1.831055e-03
787,-1.953125e-03
788,-1.586914e-03
789,-9.765625e-04
790,-2.075195e-03
791,-2.075195e-03
792,-2.075195e-03
793,-1.708984e-03
794,-1.586914e-03
795,-1.342773e-03
796,-1.708984e-03
797,-1.708984e-03
798,-2.563477e-03
799,-1.464844e-03
800,-1.464844e-03
801,-2.197266e-03
802,-1.953125e-03
803,-1.953125e-03
804,-2.319336e-03
805,-2.197266e-03
806,-2.441406e-03
807,-2.319336e-03
808,-1.342773e-03
809,-1.953125e-03
810,-2.319336e-03
811,-1.708984e-03
812,-1.953125e-03
813,-1.342773e-03
814,-1.953125e-03
815,-1.953125e-03
816,-1.708984e-03
817,-2.563477e-03
818,-2.563477e-03
819,-1.708984e-03
820,-1.708984e-03
821,-2.319336e-03
822,-1.708984e-03
823,-2.075195e-03
824,-2.563477e-03
825,-2.441406e-03
826,-2.197266e-03
827,-1.708984e-03
828,-1.831055e-03
829,-1.708984e-03
830,-1.464844e-03
831,-2.075195e-03
832,-2.197266e-03
833,-1.953125e-03
834,-2.197266e-03
835,-1.342773e-03
836,-1.831055e-03
837,-2.319336e-03
838,-2.197266e-03
839,-2.563477e-03
840,-2.563477e-03
841,-1.708984e-03
842,-2.563477e-03
843,-2.075195e-03
844,-1.464844e-03
845,-2.197266e-03
846,-2.441406e-03
847,-2.563477e-03
848,-2.563477e-03
849,-2.197266e-03
850,-2.075195e-03
851,-1.708984e-03
852,-3.051758e-03
853,-2.441406e-03
854,-8.544922e-04
855,-1.953125e-03
856,-1.953125e-03
857,-1.586914e-03
858,-2.807617e-03
859,-2.807617e-03
860,-2.197266e-03
861,-2.563477e-03
862,-1.708984e-03
863,-1.953125e-03
864,-2.563477e-03
865,-1.953125e-03
866,-2.075195e-03
867,-2.075195e-03
868,-2.929688e-03
869,-2.929688e-03
870,-3.051758e-03
871,-2.075195e-03
872,-2.563477e-03
873,-2.319336e-03
874,-1.708984e-03
875,-2.075195e-03
876,-2.197266e-03
877,-1.708984e-03
878,-1.953125e-03
879,-2.075195e-03
880,-2.441406e-03
881,-1.708984e-03
882,-3.051758e-03
883,-2.441406e-03
884,-2.441406e-03
885,-2.075195e-03
886,-3.051758e-03
887,-2.319336e-03
888,-2.441406e-03
889,-1.953125e-03
890,-2.563477e-03
891,-2.319336e-03
892,-2.563477e-03
893,-2.441406e-03
894,-2.197266e-03
895,-2.441406e-03
896,-1.342773e-03
897,-2.441406e-03
898,-2.441406e-03
899,-2.807617e-03
900,-2.563477e-03
901,-2.197266e-03
902,-2.197266e-03
903,-2.075195e-03
904,-1.708984e-03
905,-2.563477e-03
906,-2.441406e-03
907,-2.563477e-03
908,-2.319336e-03
909,-2.563477e-03
910,-1.953125e-03
911,-2.563477e-03
912,-2.563477e-03
913,-3.417969e-03
914,-2.075195e-03
915,-2.929688e-03
916,-2.197266e-03
917,-1.953125e-03
918,-1.953125e-03
919,-2.441406e-03
920,-2.807617e-03
921,-2.563477e-03
922,-2.563477e-03
923,-2.075195e-03
924,-2.441406e-03
925,-3.051758e-03
926,-2.441406e-03
927,-3.051758e-03
928,-2.929688e-03
929,-1.586914e-03
930,-2.807617e-03
931,-2.441406e-03
932,-2.441406e-03
933,-2.563477e-03
934,-2.929688e-03
935,-2.441406e-03
936,-2.075195e-03
937,-2.563477e-03
938,-2.319336e-03
939,-2.441406e-03
940,-2.075195e-03
941,-2.075195e-03
942,-3.417969e-03
943,-2.197266e-03
944,-2.563477e-03
945,-2.441406e-03
946,-3.051758e-03
947,-2.441406e-03
948,-3.417969e-03
949,-2.563477e-03
950,-2.807617e-03
951,-3.417969e-03
952,-2.929688e-03
953,-1.342773e-03
954,-2.807617e-03
955,-2.441406e-03
956,-1.708984e-03
957,-2.441406e-03
958,-1.708984e-03
959,-2.319336e-03
960,-2.807617e-03
961,-1.220703e-03
962,-3.295898e-03
963,-2.441406e-03
964,-2.807617e-03
965,-2.441406e-03
966,-2.441406e-03
967,-2.563477e-03
968,-2.807617e-03
969,-2.075195e-03
970,-2.563477e-03
971,-2.075195e-03
972,-2.075195e-03
973,-3.295898e-03
974,-2.197266e-03
975,-3.417969e-03
976,-2.197266e-03
977,-2.929688e-03
978,-3.295898e-03
979,-2.563477e-03
980,-2.929688e-03
981,-2.075195e-03
982,-2.929688e-03
983,-2.319336e-03
984,-2.807617e-03
985,-2.563477e-03
986,-2.197266e-03
987,-3.295898e-03
988,-2.807617e-03
989,-2.441406e-03
990,-2.197266e-03
991,-2.197266e-03
992,-2.807617e-03
993,-2.197266e-03
994,-2.441406e-03
995,-2.197266e-03
996,-2.929688e-03
997,-3.295898e-03
998,-2.319336e-03
999,-2.075195e-03
1000,-3.051758e-03
1001,-2.807617e-03
1002,-2.929688e-03
1003,-3.173828e-03
1004,-2.929688e-03
1005,-1.953125e-03
1006,-2.563477e-03
1007,-2.197266e-03
1008,-2.929688e-03
1009,-3.417969e-03
1010,-3.417969e-03
1011,-3.051758e-03
1012,-2.807617e-03
1013,-3.417969e-03
1014,-1.586914e-03
1015,-1.953125e-03
1016,-2.197266e-03
1017,-2.563477e-03
1018,-2.563477e-03
1019,-2.929688e-03
1020,-3.173828e-03
1021,-2.441406e-03
1022,-2.075195e-03
1023,-3.051758e-03
1024,-2.807617e-03
1025,-2.563477e-03
1026,-1.708984e-03
1027,-2.075195e-03
1028,-2.929688e-03
1029,-3.051758e-03
1030,-2.319336e-03
1031,-1.953125e-03
1032,-2.807617e-03
1033,-3.173828e-03
1034,-1.708984e-03
1035,-2.563477e-03
1036,-2.929688e-03
1037,-3.173828e-03
1038,-3.173828e-03
1039,-2.929688e-03
1040,-3.051758e-03
1041,-2.441406e-03
1042,-2.929688e-03
1043,-2.319336e-03
1044,-2.563477e-03
1045,-2.441406e-03
1046,-2.563477e-03
1047,-2.441406e-03
1048,-1.708984e-03
1049,-3.540039e-03
1050,-2.319336e-03
1051,-2.563477e-03
1052,-3.417969e-03
1053,-2.563477e-03
1054,-3.417969e-03
1055,-3.295898e-03
1056,-3.295898e-03
1057,-2.563477e-03
1058,-2.197266e-03
1059,-2.807617e-03
1060,-2.563477e-03
1061,-2.563477e-03
1062,-3.051758e-03
1063,-1.953125e-03
1064,-3.295898e-03
1065,-2.075195e-03
1066,-3.295898e-03
1067,-2.441406e-03
1068,-3.051758e-03
1069,-2.441406e-03
1070,-3.051758e-03
1071,-1.708984e-03
1072,-2.441406e-03
1073,-2.563477e-03
1074,-3.173828e-03
1075,-3.784180e-03
1076,-2.441406e-03
1077,-2.563477e-03
1078,-2.807617e-03
1079,-1.708984e-03
1080,-2.319336e-03
1081,-3.295898e-03
1082,-3.051758e-03
1083,-1.586914e-03
1084,-3.051758e-03
1085,-2.807617e-03
1086,-2.319336e-03
1087,-1.586914e-03
1088,-2.563477e-03
1089,-2.563477e-03
1090,-2.075195e-03
1091,-3.051758e-03
1092,-2.807617e-03
1093,-2.075195e-03
1094,-2.929688e-03
1095,-2.563477e-03
1096,-1.953125e-03
1097,-2.563477e-03
1098,-2.563477e-03
1099,-2.563477e-03
1100,-2.563477e-03
1101,-2.319336e-03
1102,-2.319336e-03
1103,-2.929688e-03
1104,-3.295898e-03
1105,-3.295898e-03
1106,-3.417969e-03
1107,-3.173828e-03
1108,-2.563477e-03
1109,-3.295898e-03
1110,-2.441406e-03
1111,-3.295898e-03
1112,-2.319336e-03
1113,-3.173828e-03
1114,-2.563477e-03
1115,-2.441406e-03
1116,-2.563477e-03
1117,-3.173828e-03
1118,-3.051758e-03
1119,-2.563477e-03
1120,-2.563477e-03
1121,-2.929688e-03
1122,-3.173828e-03
1123,-3.295898e-03
1124,-3.173828e-03
1125,-3.051758e-03
1126,-2.563477e-03
1127,-2.563477e-03
1128,-2.807617e-03
1129,-2.441406e-03
1130,-2.563477e-03
1131,-2.807617e-03
1132,-2.319336e-03
1133,-3.173828e-03
1134,-2.319336e-03
1135,-2.807617e-03
1136,-2.929688e-03
1137,-2.807617e-03
1138,-2.807617e-03
1139,-1.708984e-03
1140,-3.417969e-03
1141,-3.295898e-03
1142,-2.563477e-03
1143,-3.784180e-03
1144,-2.929688e-03
1145,-2.929688e-03
1146,-2.197266e-03
1147,-3.051758e-03
1148,-2.929688e-03
1149,-2.929688e-03
1150,-3.051758e-03
1151,-2.563477e-03
1152,-3.662109e-03
1153,-2.563477e-03
1154,-2.319336e-03
1155,-2.319336e-03
1156,-2.563477e-03
1157,-1.953125e-03
1158,-3.051758e-03
1159,-2.563477e-03
1160,-2.441406e-03
1161,-2.075195e-03
1162,-2.929688e-03
1163,-2.929688e-03
1164,-2.563477e-03
1165,-2.319336e-03
1166,-2.563477e-03
1167,-2.807617e-03
1168,-2.807617e-03
1169,-2.807617e-03
1170,-2.563477e-03
1171,-1.953125e-03
1172,-3.295898e-03
1173,-3.295898e-03
1174,-2.197266e-03
1175,-1.464844e-03
1176,-2.563477e-03
1177,-2.563477e-03
1178,-1.708984e-03
1179,-3.051758e-03
1180,-3.051758e-03
1181,-2.319336e-03
1182,-2.807617e-03
1183,-2.807617e-03
1184,-2.563477e-03
1185,-2.929688e-03
1186,-3.295898e-03
1187,-2.807617e-03
1188,-2.807617e-03
1189,-3.295898e-03
1190,-2.563477e-03
1191,-2.563477e-03
1192,-3.051758e-03
1193,-2.563477e-03
1194,-2.075195e-03
1195,-1.953125e-03
1196,-2.441406e-03
1197,-2.197266e-03
1198,-2.563477e-03
1199,-2.563477e-03
1200,-2.319336e-03
1201,-3.051758e-03
1202,-2.441406e-03
1203,-2.319336e-03
1204,-1.953125e-03
1205,-2.197266e-03
1206,-3.417969e-03
1207,-2.685547e-03
1208,-2.563477e-03
1209,-3.173828e-03
1210,-2.563477e-03
1211,-1.342773e-03
1212,-2.197266e-03
1213,-2.075195e-03
1214,-3.051758e-03
1215,-2.319336e-03
1216,-2.197266e-03
1217,-3.295898e-03
1218,-2.563477e-03
1219,-2.563477e-03
1220,-2.563477e-03
1221,-2.441406e-03
1222,-2.929688e-03
1223,-2.807617e-03
1224,-3.417969e-03
1225,-2.563477e-03
1226,-1.708984e-03
1227,-2.197266e-03
1228,-2.563477e-03
1229,-2.319336e-03
1230,-2.441406e-03
1231,-2.807617e-03
1232,-1.953125e-03
1233,-1.708984e-03
1234,-2.197266e-03
1235,-2.441406e-03
1236,-2.563477e-03
1237,-2.319336e-03
1238,-1.953125e-03
1239,-2.563477e-03
1240,-1.342773e-03
1241,-2.319336e-03
1242,-2.563477e-03
1243,-2.441406e-03
1244,-2.563477e-03
1245,-3.662109e-03
1246,-2.563477e-03
1247,-2.197266e-03
1248,-2.929688e-03
1249,-2.319336e-03
1250,-3.417969e-03
1251,-2.197266e-03
1252,-1.708984e-03
1253,-3.173828e-03
1254,-2.441406e-03
1255,-2.563477e-03
1256,-3.051758e-03
1257,-1.708984e-03
1258,-1.708984e-03
1259,-1.831055e-03
1260,-2.807617e-03
1261,-2.319336e-03
1262,-2.319336e-03
1263,-3.051758e-03
1264,-2.563477e-03
1265,-2.441406e-03
1266,-1.708984e-03
1267,-2.807617e-03
1268,-2.563477e-03
1269,-2.197266e-03
1270,-2.197266e-03
1271,-3.051758e-03
1272,-3.051758e-03
1273,-1.708984e-03
1274,-1.831055e-03
1275,-2.441406e-03
1276,-2.563477e-03
1277,-2.563477e-03
1278,-2.563477e-03
1279,-3.051758e-03
1280,-2.807617e-03
1281,-1.708984e-03
1282,-1.953125e-03
1283,-2.563477e-03
1284,-2.563477e-03
1285,-2.807617e-03
1286,-2.319336e-03
1287,-2.563477e-03
1288,-2.319336e-03
1289,-1.586914e-03
1290,-3.173828e-03
1291,-2.563477e-03
1292,-2.563477e-03
1293,-2.563477e-03
1294,-2.929688e-03
1295,-2.563477e-03
1296,-2.441406e-03
1297,-2.929688e-03
1298,-2.075195e-03
1299,-2.075195e-03
1300,-2.441406e-03
1301,-2.563477e-03
1302,-2.441406e-03
1303,-1.708984e-03
1304,-2.563477e-03
1305,-2.441406e-03
1306,-2.563477e-03
1307,-2.563477e-03
1308,-2.563477e-03
1309,-2.319336e-03
1310,-3.173828e-03
1311,-1.953125e-03
1312,-2.563477e-03
1313,-2.807617e-03
1314,-2.563477e-03
1315,-2.807617e-03
1316,-2.319336e-03
1317,-2.563477e-03
1318,-2.075195e-03
1319,-2.197266e-03
1320,-2.929688e-03
1321,-3.051758e-03
1322,-2.563477e-03
1323,-2.807617e-03
1324,-2.197266e-03
1325,-1.708984e-03
1326,-2.197266e-03
1327,-2.807617e-03
1328,-2.563477e-03
1329,-2.075195e-03
1330,-2.563477e-03
1331,-1.708984e-03
1332,-2.441406e-03
1333,-2.929688e-03
1334,-2.563477e-03
1335,-2.319336e-03
1336,-1.708984e-03
1337,-2.319336e-03
1338,-2.197266e-03
1339,-2.563477e-03
1340,-2.319336e-03
1341,-2.197266e-03
1342,-1.708984e-03
1343,-2.075195e-03
1344,-2.807617e-03
1345,-3.051758e-03
1346,-1.464844e-03
1347,-3.295898e-03
1348,-2.319336e-03
1349,-2.319336e-03
1350,-2.563477e-03
1351,-2.807617e-03
1352,-3.173828e-03
1353,-2.441406e-03
1354,-2.197266e-03
1355,-3.417969e-03
1356,-1.708984e-03
1357,-3.173828e-03
1358,-1.708984e-03
1359,-2.441406e-03
1360,-2.807617e-03
1361,-1.708984e-03
1362,-1.708984e-03
1363,-2.197266e-03
1364,-3.662109e-03
1365,-2.563477e-03
1366,-1.708984e-03
1367,-2.929688e-03
1368,-1.220703e-03
1369,-1.953125e-03
1370,-2.441406e-03
1371,-2.563477e-03
1372,-1.586914e-03
1373,-2.441406e-03
1374,-2.197266e-03
1375,-2.929688e-03
1376,-1.708984e-03
1377,-3.173828e-03
1378,-2.563477e-03
1379,-2.929688e-03
1380,-2.319336e-03
1381,-1.098633e-03
1382,-1.708984e-03
1383,-1.953125e-03
1384,-1.708984e-03
1385,-2.441406e-03
1386,-2.319336e-03
1387,-2.441406e-03
1388,-2.563477e-03
1389,-2.807617e-03
1390,-2.197266e-03
1391,-2.197266e-03
1392,-2.563477e-03
1393,-2.197266e-03
1394,-2.441406e-03
1395,-2.929688e-03
1396,-2.441406e-03
1397,-2.807617e-03
1398,-8.544922e-04
1399,-2.807617e-03
1400,-2.319336e-03
1401,-2.075195e-03
1402,-2.929688e-03
1403,-2.563477e-03
1404,-2.319336e-03
1405,-2.197266e-03
1406,-8.544922e-04
1407,-2.807617e-03
1408,-1.464844e-03
1409,-2.441406e-03
1410,-3.295898e-03
1411,-2.563477e-03
1412,-2.563477e-03
1413,-2.319336e-03
1414,-1.464844e-03
1415,-2.929688e-03
1416,-2.807617e-03
1417,-2.563477e-03
1418,-2.197266e-03
1419,-2.319336e-03
1420,-1.586914e-03
1421,-2.075195e-03
1422,-2.807617e-03
1423,-2.807617e-03
1424,-2.197266e-03
1425,-2.075195e-03
1426,-1.586914e-03
1427,-2.441406e-03
1428,-2.563477e-03
1429,-2.319336e-03
1430,-2.563477e-03
1431,-2.075195e-03
1432,-1.953125e-03
1433,-2.319336e-03
1434,-1.708984e-03
1435,-2.563477e-03
1436,-1.342773e-03
1437,-2.441406e-03
1438,-2.807617e-03
1439,-2.197266e-03
1440,-2.807617e-03
1441,-2.319336e-03
1442,-1.586914e-03
1443,-2.197266e-03
1444,-1.708984e-03
1445,-2.319336e-03
1446,-1.708984e-03
1447,-2.441406e-03
1448,-2.441406e-03
1449,-2.807617e-03
1450,-2.929688e-03
1451,-1.464844e-03
1452,-2.319336e-03
1453,-1.708984e-03
1454,-1.464844e-03
1455,-2.929688e-03
1456,-2.563477e-03
1457,-2.807617e-03
1458,-1.708984e-03
1459,-1.708984e-03
1460,-2.807617e-03
1461,-1.464844e-03
1462,-2.319336e-03
1463,-2.075195e-03
1464,-1.953125e-03
1465,-1.708984e-03
1466,-1.464844e-03
1467,-2.807617e-03
1468,-2.075195e-03
1469,-2.319336e-03
1470,-1.708984e-03
1471,-1.342773e-03
1472,-2.075195e-03
1473,-2.563477e-03
1474,-2.563477e-03
1475,-1.342773e-03
1476,-2.075195e-03
1477,-2.807617e-03
1478,-2.319336e-03
1479,-2.563477e-03
1480,-2.197266e-03
1481,-2.929688e-03
1482,-2.319336e-03
1483,-1.953125e-03
1484,-2.197266e-03
1485,-1.953125e-03
1486,-2.563477e-03
1487,-2.319336e-03
1488,-1.708984e-03
1489,-1.708984e-03
1490,-1.831055e-03
1491,-2.075195e-03
1492,-2.075195e-03
1493,-2.563477e-03
1494,-2.563477e-03
1495,-2.441406e-03
1496,-2.563477e-03
1497,-1.708984e-03
1498,-2.441406e-03
1499,-2.197266e-03
1500,-1.586914e-03
1501,-2.197266e-03
1502,-1.708984e-03
1503,-2.319336e-03
1504,-1.586914e-03
1505,-1.098633e-03
1506,-1.098633e-03
1507,-1.953125e-03
1508,-2.807617e-03
1509,-1.586914e-03
1510,-1.464844e-03
1511,-1.464844e-03
1512,-1.953125e-03
1513,-2.319336e-03
1514,-2.807617e-03
1515,-2.563477e-03
1516,-2.563477e-03
1517,-1.708984e-03
1518,-1.953125e-03
1519,-2.563477e-03
1520,-1.953125e-03
1521,-2.319336e-03
1522,-2.197266e-03
1523,-1.708984e-03
1524,-2.929688e-03
1525,-1.708984e-03
1526,-1.953125e-03
1527,-2.319336e-03
1528,-2.075195e-03
1529,-1.708984e-03
1530,-2.441406e-03
1531,-2.441406e-03
1532,-2.563477e-03
1533,-1.708984e-03
1534,-2.319336e-03
1535,-1.220703e-03
1536,-1.586914e-03
1537,-1.953125e-03
1538,-1.953125e-03
1539,-2.563477e-03
1540,-2.441406e-03
1541,-2.441406e-03
1542,-2.807617e-03
1543,-3.173828e-03
1544,-2.197266e-03
1545,-2.075195e-03
1546,-1.586914e-03
1547,-2.197266e-03
1548,-1.708984e-03
1549,-1.098633e-03
1550,-1.831055e-03
1551,-1.586914e-03
1552,-1.220703e-03
1553,-1.831055e-03
1554,-2.929688e-03
1555,-2.075195e-03
1556,-1.708984e-03
1557,-2.197266e-03
1558,-1.708984e-03
1559,-1.831055e-03
1560,-2.197266e-03
1561,-1.953125e-03
1562,-2.197266e-03
1563,-2.563477e-03
1564,-1.464844e-03
1565,-2.685547e-03
1566,-1.708984e-03
1567,-2.197266e-03
1568,-2.929688e-03
1569,-2.075195e-03
1570,-2.197266e-03
1571,-1.708984e-03
1572,-1.708984e-03
1573,-1.586914e-03
1574,-1.831055e-03
1575,-1.953125e-03
1576,-1.708984e-03
1577,-2.075195e-03
1578,-1.708984e-03
1579,-1.708984e-03
1580,-1.953125e-03
1581,-2.319336e-03
1582,-1.708984e-03
1583,-2.197266e-03
1584,-1.098633e-03
1585,-2.075195e-03
1586,-1.708984e-03
1587,-1.098633e-03
1588,-1.342773e-03
1589,-1.953125e-03
1590,-2.563477e-03
1591,-1.708984e-03
1592,-2.807617e-03
1593,-2.197266e-03
1594,-3.173828e-03
1595,-2.441406e-03
1596,-1.708984e-03
1597,-1.831055e-03
1598,-2.319336e-03
1599,-1.708984e-03
1600,-1.831055e-03
1601,-2.197266e-03
1602,-2.319336e-03
1603,-1.953125e-03
1604,-1.586914e-03
1605,-2.319336e-03
1606,-2.563477e-03
1607,-1.708984e-03
1608,-2.075195e-03
1609,-2.563477e-03
1610,-2.807617e-03
1611,-1.708984e-03
1612,-1.708984e-03
1613,-1.953125e-03
1614,-1.708984e-03
1615,-2.929688e-03
1616,-2.807617e-03
1617,-1.464844e-03
1618,-1.708984e-03
1619,-2.319336e-03
1620,-1.464844e-03
1621,-1.464844e-03
1622,-2.075195e-03
1623,-2.075195e-03
1624,-1.464844e-03
1625,-2.197266e-03
1626,-1.708984e-03
1627,-2.441406e-03
1628,-2.197266e-03
1629,-2.563477e-03
1630,-2.563477e-03
1631,-2.197266e-03
1632,-1.953125e-03
1633,-2.563477e-03
1634,-1.708984e-03
1635,-1.586914e-03
1636,-1.586914e-03
1637,-2.319336e-03
1638,-2.319336e-03
1639,-1.708984e-03
1640,-2.319336e-03
1641,-2.319336e-03
1642,-2.319336e-03
1643,-2.563477e-03
1644,-2.563477e-03
1645,-1.464844e-03
1646,-1.098633e-03
1647,-2.075195e-03
1648,-2.319336e-03
1649,-2.197266e-03
1650,-2.929688e-03
1651,-1.586914e-03
1652,-1.464844e-03
1653,-1.464844e-03
1654,-1.708984e-03
1655,-2.319336e-03
1656,-1.708984e-03
1657,-1.708984e-03
1658,-2.441406e-03
1659,-2.807617e-03
1660,-2.075195e-03
1661,-2.929688e-03
1662,-1.708984e-03
1663,-1.708984e-03
1664,-1.464844e-03
1665,-1.220703e-03
1666,-1.586914e-03
1667,-1.953125e-03
1668,-1.464844e-03
1669,-1.831055e-03
1670,-2.197266e-03
1671,-1.586914e-03
1672,-2.807617e-03
1673,-1.342773e-03
1674,-1.342773e-03
1675,-2.075195e-03
1676,-1.953125e-03
1677,-1.586914e-03
1678,-2.441406e-03
1679,-2.319336e-03
1680,-3.051758e-03
1681,-1.953125e-03
1682,-2.197266e-03
1683,-2.807617e-03
1684,-2.807617e-03
1685,-2.075195e-03
1686,-1.708984e-03
1687,-1.953125e-03
1688,-1.953125e-03
1689,-2.563477e-03
1690,-2.197266e-03
1691,-2.319336e-03
1692,-1.708984e-03
1693,-1.464844e-03
1694,-2.197266e-03
1695,-2.319336e-03
1696,-1.708984e-03
1697,-1.831055e-03
1698,-1.953125e-03
1699,-2.563477e-03
1700,-1.953125e-03
1701,-2.563477e-03
1702,-1.586914e-03
1703,-1.342773e-03
1704,-2.075195e-03
1705,-2.319336e-03
1706,-2.075195e-03
1707,-2.807617e-03
1708,-3.051758e-03
1709,-2.563477e-03
1710,-1.708984e-03
1711,-1.708984e-03
1712,-1.586914e-03
1713,-1.464844e-03
1714,-2.319336e-03
1715,-1.586914e-03
1716,-1.586914e-03
1717,-1.831055e-03
1718,-1.342773e-03
1719,-2.319336e-03
1720,-1.708984e-03
1721,-1.953125e-03
1722,-2.075195e-03
1723,-1.220703e-03
1724,-1.708984e-03
1725,-2.319336e-03
1726,-1.586914e-03
1727,-2.197266e-03
1728,-1.586914e-03
1729,-2.075195e-03
1730,-2.319336e-03
1731,-2.075195e-03
1732,-2.807617e-03
1733,-2.075195e-03
1734,-2.441406e-03
1735,-3.173828e-03
1736,-1.953125e-03
1737,-1.708984e-03
1738,-2.441406e-03
1739,-2.441406e-03
1740,-1.342773e-03
1741,-1.831055e-03
1742,-1.708984e-03
1743,-2.075195e-03
1744,-1.586914e-03
1745,-1.708984e-03
1746,-1.708984e-03
1747,-2.685547e-03
1748,-2.197266e-03
1749,-2.441406e-03
1750,-1.342773e-03
1751,-2.441406e-03
1752,-2.441406e-03
1753,-2.075195e-03
1754,-1.708984e-03
1755,-3.173828e-03
1756,-1.342773e-03
1757,-2.075195e-03
1758,-1.464844e-03
1759,-9.765625e-04
1760,-2.075195e-03
1761,-2.075195e-03
1762,-1.708984e-03
1763,-1.586914e-03
1764,-2.319336e-03
1765,-2.441406e-03
1766,-2.075195e-03
1767,-1.098633e-03
1768,-2.563477e-03
1769,-1.953125e-03
1770,-1.464844e-03
1771,-1.586914e-03
1772,-1.586914e-03
1773,-1.342773e-03
1774,-2.319336e-03
1775,-2.075195e-03
1776,-2.075195e-03
1777,-8.544922e-04
1778,-9.765625e-04
1779,-1.831055e-03
1780,-2.807617e-03
1781,-1.708984e-03
1782,-1.708984e-03
1783,-1.708984e-03
1784,-2.075195e-03
1785,-2.197266e-03
1786,-1.708984e-03
1787,-1.831055e-03
1788,-1.708984e-03
1789,-2.319336e-03
1790,-2.197266e-03
1791,-1.953125e-03
1792,-1.464844e-03
1793,-2.075195e-03
1794,-1.708984e-03
1795,-2.319336e-03
1796,-2.197266e-03
1797,-2.075195e-03
1798,-1.953125e-03
1799,-1.708984e-03
1800,-1.953125e-03
1801,-2.075195e-03
1802,-2.441406e-03
1803,-1.708984e-03
1804,-2.563477e-03
1805,-2.075195e-03
1806,-1.464844e-03
1807,-1.831055e-03
1808,-2.563477e-03
1809,-2.075195e-03
1810,-1.586914e-03
1811,-1.586914e-03
1812,-1.342773e-03
1813,-1.708984e-03
1814,-1.831055e-03
1815,-2.319336e-03
1816,-2.197266e-03
1817,-2.319336e-03
1818,-2.197266e-03
1819,-1.953125e-03
1820,-2.197266e-03
1821,-2.197266e-03
1822,-2.319336e-03
1823,-2.319336e-03
1824,-2.563477e-03
1825,-1.953125e-03
1826,-1.953125e-03
1827,-2.319336e-03
1828,-2.197266e-03
1829,-1.342773e-03
1830,-1.220703e-03
1831,-2.319336e-03
1832,-2.441406e-03
1833,-1.708984e-03
1834,-1.586914e-03
1835,-1.953125e-03
1836,-2.441406e-03
1837,-1.464844e-03
1838,-2.197266e-03
1839,-2.075195e-03
1840,-2.197266e-03
1841,-1.098633e-03
1842,-2.319336e-03
1843,-2.075195e-03
1844,-1.464844e-03
1845,-2.075195e-03
1846,-2.197266e-03
1847,-1.464844e-03
1848,-1.586914e-03
1849,-1.708984e-03
1850,-2.319336e-03
1851,-2.563477e-03
1852,-1.586914e-03
1853,-1.464844e-03
1854,-1.464844e-03
1855,-2.441406e-03
1856,-2.441406e-03
1857,-2.441406e-03
1858,-2.075195e-03
1859,-2.197266e-03
1860,-1.708984e-03
1861,-1.586914e-03
1862,-1.953125e-03
1863,-1.708984e-03
1864,-1.953125e-03
1865,-1.586914e-03
1866,-2.441406e-03
1867,-2.075195e-03
1868,-2.319336e-03
1869,-1.586914e-03
1870,-1.831055e-03
1871,-1.708984e-03
1872,-1.586914e-03
1873,-1.464844e-03
1874,-2.319336e-03
1875,-1.342773e-03
1876,-2.075195e-03
1877,-2.807617e-03
1878,-2.441406e-03
1879,-2.319336e-03
1880,-3.295898e-03
1881,-1.586914e-03
1882,-1.953125e-03
1883,-1.464844e-03
1884,-1.708984e-03
1885,-1.464844e-03
1886,-2.685547e-03
1887,-1.586914e-03
1888,-2.319336e-03
1889,-1.464844e-03
1890,-1.586914e-03
1891,-1.220703e-03
1892,-1.953125e-03
1893,-2.563477e-03
1894,-1.220703e-03
1895,-1.708984e-03
1896,-1.953125e-03
1897,-1.708984e-03
1898,-1.586914e-03
1899,-1.953125e-03
1900,-1.220703e-03
1901,-1.831055e-03
1902,-2.197266e-03
1903,-2.075195e-03
1904,-1.708984e-03
1905,-2.075195e-03
1906,-3.051758e-03
1907,-1.708984e-03
1908,-1.708984e-03
1909,-2.197266e-03
1910,-2.075195e-03
1911,-1.586914e-03
1912,-2.075195e-03
1913,-1.708984e-03
1914,-1.953125e-03
1915,-1.953125e-03
1916,-2.075195e-03
1917,-1.708984e-03
1918,-9.765625e-04
1919,-2.441406e-03
1920,-1.953125e-03
1921,-2.319336e-03
1922,-1.708984e-03
1923,-2.441406e-03
1924,-2.563477e-03
1925,-1.220703e-04
1926,-2.441406e-03
1927,-1.586914e-03
1928,-2.075195e-03
1929,-2.197266e-03
1930,-2.807617e-03
1931,-1.953125e-03
1932,-1.342773e-03
1933,-2.197266e-03
1934,-1.953125e-03
1935,-1.708984e-03
1936,-1.708984e-03
1937,-1.831055e-03
1938,-1.586914e-03
1939,-2.685547e-03
1940,-1.464844e-03
1941,-1.831055e-03
1942,-1.953125e-03
1943,-1.953125e-03
1944,-1.464844e-03
1945,-2.075195e-03
1946,-1.953125e-03
1947,-2.075195e-03
1948,-1.953125e-03
1949,-1.708984e-03
1950,-1.342773e-03
1951,-3.051758e-03
1952,-1.708984e-03
1953,-1.586914e-03
1954,-1.220703e-03
1955,-1.953125e-03
1956,-8.544922e-04
1957,-2.075195e-03
1958,-1.098633e-03
1959,-2.075195e-03
1960,-1.953125e-03
1961,-1.464844e-03
1962,-1.953125e-03
1963,-2.807617e-03
1964,-2.197266e-03
1965,-1.953125e-03
1966,-1.098633e-03
1967,-1.953125e-03
1968,-1.708984e-03
1969,-1.220703e-03
1970,-1.586914e-03
1971,-1.831055e-03
1972,-2.563477e-03
1973,-1.708984e-03
1974,-3.173828e-03
1975,-2.319336e-03
1976,-2.075195e-03
1977,-2.197266e-03
1978,-1.708984e-03
1979,-7.324219e-04
1980,-2.197266e-03
1981,-1.586914e-03
1982,-1.953125e-03
1983,-2.807617e-03
1984,-2.441406e-03
1985,-1.953125e-03
1986,-1.708984e-03
1987,-1.342773e-03
1988,-1.586914e-03
1989,-1.464844e-03
1990,-1.586914e-03
1991,-1.953125e-03
1992,-1.342773e-03
1993,-1.831055e-03
1994,-1.953125e-03
1995,-1.708984e-03
1996,-1.220703e-03
1997,-1.342773e-03
1998,-1.220703e-03
1999,-1.831055e-03
2000,-1.464844e-03
2001,-2.441406e-03
2002,-1.098633e-03
2003,-9.765625e-04
2004,-2.563477e-03
2005,-1.708984e-03
2006,-1.342773e-03
2007,-1.586914e-03
2008,-2.441406e-03
2009,-2.319336e-03
2010,-2.929688e-03
2011,-1.586914e-03
2012,-1.098633e-03
2013,-1.098633e-03
2014,-2.319336e-03
2015,-2.807617e-03
2016,-2.319336e-03
2017,-2.075195e-03
2018,-1.953125e-03
2019,-2.563477e-03
2020,-1.953125e-03
2021,-2.197266e-03
2022,-2.441406e-03
2023,-2.075195e-03
2024,-2.075195e-03
2025,-2.563477e-03
2026,-1.586914e-03
2027,-1.831055e-03
2028,-1.220703e-03
2029,-1.586914e-03
2030,-1.953125e-03
2031,-2.929688e-03
2032,-2.319336e-03
2033,-2.563477e-03
2034,-2.441406e-03
2035,-1.586914e-03
2036,-1.953125e-03
2037,-1.586914e-03
2038,-1.831055e-03
2039,-2.319336e-03
2040,-2.807617e-03
2041,-1.953125e-03
2042,-2.563477e-03
2043,-1.464844e-03
2044,-1.342773e-03
2045,-1.586914e-03
2046,-2.197266e-03
2047,-1.586914e-03
2048,-2.197266e-03
2049,-2.441406e-03
2050,-2.807617e-03
2051,-1.708984e-03
2052,-2.197266e-03
2053,-1.953125e-03
2054,-1.342773e-03
2055,-1.586914e-03
2056,-2.319336e-03
2057,-2.563477e-03
2058,-1.708984e-03
2059,-2.319336e-03
2060,-2.563477e-03
2061,-1.953125e-03
2062,-2.441406e-03
2063,-2.075195e-03
2064,-1.708984e-03
2065,-2.197266e-03
2066,-2.563477e-03
2067,-2.197266e-03
2068,-2.319336e-03
2069,-2.197266e-03
2070,-2.075195e-03
2071,-1.586914e-03
2072,-1.342773e-03
2073,-1.220703e-03
2074,-1.953125e-03
2075,-1.220703e-03
2076,-2.685547e-03
2077,-2.807617e-03
2078,-1.953125e-03
2079,-1.953125e-03
2080,-1.586914e-03
2081,-2.319336e-03
2082,-2.563477e-03
2083,-2.075195e-03
2084,-2.563477e-03
2085,-1.708984e-03
2086,-2.563477e-03
2087,-2.197266e-03
2088,-1.220703e-03
2089,-1.586914e-03
2090,-1.220703e-03
2091,-1.220703e-03
2092,-1.708984e-03
2093,-2.563477e-03
2094,-1.342773e-03
2095,-1.953125e-03
2096,-1.708984e-03
2097,-2.075195e-03
2098,-2.563477e-03
2099,-1.098633e-03
2100,-2.075195e-03
2101,-1.464844e-03
2102,-1.342773e-03
2103,-1.342773e-03
2104,-2.197266e-03
2105,-2.441406e-03
2106,-1.586914e-03
2107,-9.765625e-04
2108,-1.831055e-03
2109,-1.342773e-03
2110,-2.319336e-03
2111,-2.319336e-03
2112,-3.417969e-03
2113,-1.708984e-03
2114,-2.563477e-03
2115,-2.197266e-03
2116,-1.953125e-03
2117,-2.929688e-03
2118,-2.563477e-03
2119,-2.197266e-03
2120,-2.563477e-03
2121,-3.295898e-03
2122,-2.441406e-03
2123,-2.075195e-03
2124,-1.586914e-03
2125,-1.831055e-03
2126,-1.708984e-03
2127,-2.319336e-03
2128,-1.464844e-03
2129,-2.075195e-03
2130,-1.708984e-03
2131,-3.417969e-03
2132,-2.075195e-03
2133,-1.953125e-03
2134,-3.051758e-03
2135,-2.563477e-03
2136,-1.708984e-03
2137,-1.831055e-03
2138,-2.197266e-03
2139,-2.807617e-03
2140,-2.563477e-03
2141,-2.075195e-03
2142,-1.464844e-03
2143,-2.075195e-03
2144,-1.708984e-03
2145,-2.319336e-03
2146,-1.708984e-03
2147,-1.953125e-03
2148,-2.075195e-03
2149,-1.586914e-03
2150,-2.075195e-03
2151,-2.075195e-03
2152,-2.563477e-03
2153,-1.953125e-03
2154,-1.708984e-03
2155,-2.075195e-03
2156,-2.197266e-03
2157,-3.173828e-03
2158,-2.319336e-03
2159,-2.075195e-03
2160,-1.708984e-03
2161,-1.464844e-03
2162,-2.075195e-03
2163,-1.953125e-03
2164,-2.441406e-03
2165,-2.075195e-03
2166,-2.075195e-03
2167,-1.708984e-03
2168,-3.417969e-03
2169,-1.342773e-03
2170,-2.319336e-03
2171,-1.953125e-03
2172,-1.220703e-03
2173,-1.831055e-03
2174,-2.197266e-03
2175,-3.417969e-03
2176,-2.319336e-03
2177,-2.319336e-03
2178,-2.563477e-03
2179,-1.953125e-03
2180,-1.708984e-03
2181,-1.708984e-03
2182,-1.586914e-03
2183,-2.075195e-03
2184,-1.708984e-03
2185,-2.075195e-03
2186,-1.708984e-03
2187,-2.807617e-03
2188,-2.441406e-03
2189,-2.197266e-03
2190,-2.319336e-03
2191,-2.197266e-03
2192,-2.563477e-03
2193,-2.319336e-03
2194,-1.708984e-03
2195,-2.685547e-03
2196,-2.319336e-03
2197,-1.708984e-03
2198,-2.563477e-03
2199,-2.563477e-03
2200,-2.075195e-03
2201,-2.563477e-03
2202,-1.953125e-03
2203,-1.953125e-03
2204,-3.051758e-03
2205,-2.075195e-03
2206,-2.563477e-03
2207,-2.441406e-03
2208,-1.464844e-03
2209,-2.319336e-03
2210,-2.319336e-03
2211,-2.929688e-03
2212,-4.272461e-03
2213,-2.075195e-03
2214,-1.342773e-03
2215,-2.929688e-03
2216,-2.563477e-03
2217,-2.075195e-03
2218,-2.197266e-03
2219,-3.051758e-03
2220,-2.441406e-03
2221,-2.807617e-03
2222,-2.197266e-03
2223,-2.563477e-03
2224,-1.953125e-03
2225,-2.807617e-03
2226,-1.708984e-03
2227,-2.563477e-03
2228,-2.319336e-03
2229,-2.563477e-03
2230,-2.075195e-03
2231,-2.441406e-03
2232,-6.103516e-04
2233,-2.807617e-03
2234,-2.197266e-03
2235,-3.417969e-03
2236,-2.075195e-03
2237,-1.953125e-03
2238,-2.563477e-03
2239,-2.197266e-03
2240,-2.075195e-03
2241,-2.319336e-03
2242,-1.953125e-03
2243,-1.953125e-03
2244,-2.197266e-03
2245,-2.563477e-03
2246,-2.197266e-03
2247,-1.098633e-03
2248,-2.319336e-03
2249,-2.563477e-03
2250,-1.953125e-03
2251,-2.197266e-03
2252,-1.953125e-03
2253,-2.441406e-03
2254,-2.197266e-03
2255,-2.441406e-03
2256,-1.342773e-03
2257,-1.831055e-03
2258,-2.929688e-03
2259,-2.075195e-03
2260,-1.708984e-03
2261,-2.197266e-03
2262,-2.319336e-03
2263,-1.708984e-03
2264,-2.075195e-03
2265,-2.441406e-03
2266,-2.197266e-03
2267,-1.708984e-03
2268,-2.563477e-03
2269,-2.807617e-03
2270,-1.708984e-03
2271,-2.929688e-03
2272,-1.708984e-03
2273,-2.197266e-03
2274,-1.708984e-03
2275,-1.953125e-03
2276,-1.586914e-03
2277,-2.685547e-03
2278,-1.464844e-03
2279,-1.342773e-03
2280,-2.563477e-03
2281,-1.953125e-03
2282,-2.197266e-03
2283,-1.708984e-03
2284,-1.708984e-03
2285,-2.807617e-03
2286,-2.197266e-03
2287,-2.197266e-03
2288,-1.708984e-03
2289,-2.075195e-03
2290,-2.807617e-03
2291,-2.441406e-03
2292,-2.441406e-03
2293,-2.563477e-03
2294,-2.929688e-03
2295,-2.075195e-03
2296,-2.563477e-03
2297,-2.319336e-03
2298,-1.708984e-03
2299,-2.319336e-03
2300,-2.075195e-03
2301,-1.953125e-03
2302,-2.563477e-03
2303,-1.708984e-03
2304,-2.807617e-03
2305,-2.319336e-03
2306,-2.197266e-03
2307,-2.197266e-03
2308,-2.319336e-03
2309,-2.563477e-03
2310,-2.319336e-03
2311,-1.586914e-03
2312,-2.075195e-03
2313,-1.708984e-03
2314,-2.807617e-03
2315,-2.807617e-03
2316,-2.075195e-03
2317,-1.708984e-03
2318,-1.586914e-03
2319,-2.197266e-03
2320,-2.441406e-03
2321,-1.953125e-03
2322,-2.929688e-03
2323,-2.197266e-03
2324,-2.441406e-03
2325,-1.953125e-03
2326,-1.586914e-03
2327,-2.563477e-03
2328,-1.708984e-03
2329,-1.586914e-03
2330,-2.319336e-03
2331,-2.075195e-03
2332,-1.586914e-03
2333,-1.831055e-03
2334,-2.441406e-03
2335,-2.197266e-03
2336,-2.807617e-03
2337,-2.319336e-03
2338,-1.953125e-03
2339,-2.563477e-03
2340,-3.051758e-03
2341,-1.708984e-03
2342,-2.197266e-03
2343,-1.953125e-03
2344,-1.953125e-03
2345,-1.586914e-03
2346,-2.807617e-03
2347,-2.563477e-03
2348,-2.197266e-03
2349,-2.075195e-03
2350,-2.197266e-03
2351,-2.319336e-03
2352,-2.441406e-03
2353,-1.953125e-03
2354,-1.953125e-03
2355,-1.708984e-03
2356,-2.319336e-03
2357,-1.953125e-03
2358,-1.220703e-03
2359,-1.220703e-03
2360,-1.708984e-03
2361,-1.831055e-03
2362,-1.708984e-03
2363,-2.441406e-03
2364,-2.319336e-03
2365,-2.563477e-03
2366,-2.929688e-03
2367,-1.708984e-03
2368,-1.708984e-03
2369,-1.464844e-03
2370,-1.586914e-03
2371,-2.319336e-03
2372,-2.197266e-03
2373,-2.319336e-03
2374,-2.197266e-03
2375,-2.075195e-03
2376,-1.464844e-03
2377,-1.953125e-03
2378,-1.953125e-03
2379,-3.051758e-03
2380,-1.708984e-03
2381,-1.831055e-03
2382,-1.708984e-03
2383,-2.441406e-03
2384,-1.953125e-03
2385,-2.563477e-03
2386,-2.441406e-03
2387,-2.563477e-03
2388,-1.708984e-03
2389,-2.075195e-03
2390,-2.441406e-03
2391,-1.708984e-03
2392,-2.197266e-03
2393,-3.051758e-03
2394,-2.197266e-03
2395,-1.464844e-03
2396,-2.319336e-03
2397,-2.563477e-03
2398,-2.075195e-03
2399,-2.563477e-03
2400,-1.708984e-03
2401,-2.319336e-03
2402,-2.441406e-03
2403,-2.441406e-03
2404,-2.319336e-03
2405,-2.319336e-03
2406,-3.051758e-03
2407,-1.586914e-03
2408,-1.831055e-03
2409,-2.319336e-03
2410,-2.075195e-03
2411,-8.544922e-04
2412,-2.319336e-03
2413,-1.586914e-03
2414,-1.953125e-03
2415,-1.464844e-03
2416,-1.708984e-03
2417,-1.953125e-03
2418,-2.197266e-03
2419,-2.563477e-03
2420,-2.441406e-03
2421,-1.708984e-03
2422,-1.464844e-03
2423,-1.831055e-03
2424,-1.586914e-03
2425,-1.708984e-03
2426,-2.075195e-03
2427,-1.708984e-03
2428,-1.098633e-03
2429,-1.953125e-03
2430,-2.441406e-03
2431,-1.464844e-03
2432,-1.586914e-03
2433,-1.953125e-03
2434,-1.708984e-03
2435,-2.075195e-03
2436,-1.586914e-03
2437,-9.765625e-04
2438,-1.831055e-03
2439,-2.197266e-03
2440,-2.441406e-03
2441,-2.197266e-03
2442,-2.075195e-03
2443,-2.441406e-03
2444,-2.563477e-03
2445,-1.708984e-03
2446,-2.929688e-03
2447,-2.197266e-03
2448,-1.464844e-03
2449,-2.075195e-03
2450,-2.563477e-03
2451,-1.953125e-03
2452,-2.075195e-03
2453,-1.708984e-03
2454,-2.319336e-03
2455,-2.197266e-03
2456,-2.197266e-03
2457,-1.953125e-03
2458,-1.953125e-03
2459,-2.075195e-03
2460,-2.563477e-03
2461,-1.464844e-03
2462,-9.765625e-04
2463,-1.098633e-03
2464,-1.953125e-03
2465,-2.563477e-03
2466,-3.295898e-03
2467,-2.441406e-03
2468,-2.075195e-03
2469,-2.319336e-03
2470,-1.464844e-03
2471,-1.831055e-03
2472,-8.544922e-04
2473,-2.197266e-03
2474,-1.953125e-03
2475,-1.708984e-03
2476,-1.953125e-03
2477,-1.464844e-03
2478,-2.197266e-03
2479,-2.563477e-03
2480,-2.563477e-03
2481,-1.953125e-03
2482,-1.953125e-03
2483,-1.708984e-03
2484,-1.342773e-03
2485,-2.197266e-03
2486,-1.708984e-03
2487,-1.220703e-03
2488,-2.563477e-03
2489,-1.953125e-03
2490,-1.342773e-03
2491,-2.319336e-03
2492,-1.586914e-03
2493,-1.220703e-03
2494,-1.831055e-03
2495,-2.807617e-03
2496,-1.586914e-03
2497,-1.342773e-03
2498,-1.342773e-03
2499,-1.831055e-03
2500,-2.563477e-03
2501,-2.197266e-03
2502,-2.441406e-03
2503,-1.708984e-03
2504,-1.953125e-03
2505,-1.708984e-03
2506,-2.075195e-03
2507,-2.319336e-03
2508,-1.953125e-03
2509,-1.708984e-03
2510,-2.075195e-03
2511,-2.319336e-03
2512,-2.319336e-03
2513,-1.708984e-03
2514,-1.342773e-03
2515,-2.807617e-03
2516,-1.953125e-03
2517,-1.953125e-03
2518,-1.464844e-03
2519,-1.831055e-03
2520,-1.220703e-03
2521,-1.464844e-03
2522,-1.220703e-03
2523,-1.708984e-03
2524,-2.197266e-03
2525,-2.075195e-03
2526,-1.708984e-03
2527,-1.708984e-03
2528,-1.220703e-03
2529,-2.441406e-03
2530,-2.441406e-03
2531,-2.075195e-03
2532,-2.441406e-03
2533,-2.075195e-03
2534,-1.708984e-03
2535,-1.586914e-03
2536,-2.197266e-03
2537,-1.708984e-03
2538,-1.708984e-03
2539,-1.953125e-03
2540,-1.708984e-03
2541,-1.831055e-03
2542,-1.953125e-03
2543,-2.563477e-03
2544,-1.708984e-03
2545,-2.075195e-03
2546,-1.953125e-03
2547,-1.464844e-03
2548,-9.765625e-04
2549,-2.197266e-03
2550,-1.464844e-03
2551,-1.220703e-03
2552,-1.342773e-03
2553,-2.563477e-03
2554,-1.708984e-03
2555,-1.953125e-03
2556,-2.197266e-03
2557,-1.708984e-03
2558,-2.563477e-03
2559,-1.220703e-03
2560,-1.586914e-03
2561,-2.075195e-03
2562,-2.319336e-03
2563,-1.342773e-03
2564,-1.342773e-03
2565,-2.075195e-03
2566,-1.708984e-03
2567,-1.708984e-03
2568,-1.586914e-03
2569,-1.953125e-03
2570,-2.807617e-03
2571,-1.953125e-03
2572,-1.708984e-03
2573,-2.075195e-03
2574,-1.464844e-03
2575,-1.220703e-03
2576,-2.075195e-03
2577,-2.075195e-03
2578,-2.441406e-03
2579,-1.953125e-03
2580,-1.953125e-03
2581,-2.441406e-03
2582,-1.708984e-03
2583,-1.220703e-03
2584,-1.342773e-03
2585,-1.220703e-03
2586,-1.708984e-03
2587,-1.708984e-03
2588,-1.586914e-03
2589,-1.831055e-03
2590,-1.953125e-03
2591,-2.075195e-03
2592,-2.197266e-03
2593,-1.953125e-03
2594,-1.464844e-03
2595,-1.464844e-03
2596,-1.464844e-03
2597,-2.197266e-03
2598,-1.708984e-03
2599,-2.563477e-03
2600,-2.197266e-03
2601,-1.953125e-03
2602,-1.708984e-03
2603,-2.075195e-03
2604,-2.075195e-03
2605,-2.197266e-03
2606,-2.075195e-03
2607,-2.075195e-03
2608,-2.075195e-03
2609,-1.953125e-03
2610,-8.544922e-04
2611,-3.662109e-04
2612,-1.586914e-03
2613,-1.953125e-03
2614,-2.197266e-03
2615,-2.075195e-03
2616,-1.342773e-03
2617,-2.075195e-03
2618,-2.197266e-03
2619,-1.708984e-03
2620,-2.441406e-03
2621,-1.464844e-03
2622,-2.319336e-03
2623,-1.708984e-03
2624,-1.464844e-03
2625,-2.197266e-03
2626,-2.807617e-03
2627,-1.220703e-03
2628,-1.342773e-03
2629,-2.075195e-03
2630,-1.708984e-03
2631,-1.220703e-03
2632,-1.586914e-03
2633,-1.464844e-03
2634,-1.708984e-03
2635,-2.197266e-03
2636,-8.544922e-04
2637,-1.586914e-03
2638,-1.708984e-03
2639,-1.831055e-03
2640,-8.544922e-04
2641,-1.953125e-03
2642,-1.342773e-03
2643,-1.098633e-03
2644,-2.197266e-03
2645,-1.098633e-03
2646,-1.953125e-03
2647,-2.319336e-03
2648,-1.098633e-03
2649,-1.708984e-03
2650,-2.075195e-03
2651,-1.586914e-03
2652,-1.831055e-03
2653,-2.929688e-03
2654,-2.319336e-03
2655,-1.464844e-03
2656,-2.319336e-03
2657,-1.586914e-03
2658,-2.197266e-03
2659,-1.708984e-03
2660,-2.075195e-03
2661,-2.441406e-03
2662,-1.953125e-03
2663,-1.586914e-03
2664,-1.342773e-03
2665,-1.586914e-03
2666,-1.831055e-03
2667,-1.953125e-03
2668,-2.197266e-03
2669,-2.319336e-03
2670,-1.953125e-03
2671,-2.563477e-03
2672,-1.953125e-03
2673,-2.441406e-03
2674,-1.342773e-03
2675,-1.464844e-03
2676,-1.098633e-03
2677,-2.075195e-03
2678,-1.708984e-03
2679,-1.953125e-03
2680,-1.708984e-03
2681,-1.586914e-03
2682,-1.831055e-03
2683,-8.544922e-04
2684,-1.464844e-03
2685,-1.586914e-03
2686,-1.831055e-03
2687,-1.586914e-03
2688,-2.197266e-03
2689,-1.708984e-03
2690,-1.831055e-03
2691,-1.464844e-03
2692,-1.831055e-03
2693,-1.464844e-03
2694,-1.831055e-03
2695,-8.544922e-04
2696,-1.220703e-03
2697,-1.464844e-03
2698,-1.342773e-03
2699,-1.342773e-03
2700,-2.441406e-03
2701,-1.708984e-03
2702,-1.708984e-03
2703,-1.953125e-03
2704,-1.708984e-03
2705,-1.708984e-03
2706,-1.220703e-03
2707,-1.831055e-03
2708,-1.708984e-03
2709,-1.220703e-03
2710,-2.075195e-03
2711,-2.563477e-03
2712,-1.586914e-03
2713,-1.586914e-03
2714,-1.586914e-03
2715,-1.708984e-03
2716,-2.075195e-03
2717,-1.708984e-03
2718,-1.953125e-03
2719,-1.708984e-03
2720,-1.586914e-03
2721,-2.197266e-03
2722,-1.098633e-03
2723,-1.464844e-03
2724,-2.075195e-03
2725,-2.197266e-03
2726,-1.586914e-03
2727,-2.075195e-03
2728,-2.075195e-03
2729,-8.544922e-04
2730,-2.319336e-03
2731,-1.708984e-03
2732,-2.319336e-03
2733,-1.953125e-03
2734,-1.953125e-03
2735,-2.197266e-03
2736,-1.708984e-03
2737,-1.708984e-03
2738,-1.464844e-03
2739,-1.953125e-03
2740,-1.953125e-03
2741,-2.075195e-03
2742,-1.708984e-03
2743,-1.831055e-03
2744,-1.342773e-03
2745,-1.831055e-03
2746,-8.544922e-04
2747,-1.464844e-03
2748,-1.708984e-03
2749,-2.319336e-03
2750,-2.197266e-03
2751,-1.342773e-03
2752,-1.831055e-03
2753,-1.708984e-03
2754,-1.586914e-03
2755,-7.324219e-04
2756,-1.953125e-03
2757,-1.708984e-03
2758,-1.831055e-03
2759,-1.708984e-03
2760,-1.953125e-03
2761,-2.075195e-03
2762,-8.544922e-04
2763,-1.464844e-03
2764,-1.464844e-03
2765,-1.098633e-03
2766,-1.220703e-03
2767,-1.708984e-03
2768,-1.953125e-03
2769,-2.197266e-03
2770,-2.075195e-03
2771,-1.220703e-03
2772,-1.220703e-03
2773,-6.103516e-04
2774,-1.586914e-03
2775,-1.586914e-03
2776,-3.662109e-04
2777,-2.197266e-03
2778,-2.075195e-03
2779,-1.342773e-03
2780,-1.342773e-03
2781,-2.075195e-03
2782,-2.197266e-03
2783,-1.342773e-03
2784,-9.765625e-04
2785,-1.831055e-03
2786,-1.708984e-03
2787,-1.953125e-03
2788,-1.464844e-03
2789,-2.929688e-03
2790,-1.953125e-03
2791,-1.708984e-03
2792,-2.197266e-03
2793,-2.319336e-03
2794,-1.708984e-03
2795,-1.464844e-03
2796,-1.831055e-03
2797,-1.953125e-03
2798,-2.441406e-03
2799,-1.953125e-03
2800,-2.075195e-03
2801,-2.441406e-03
2802,-1.708984e-03
2803,-1.953125e-03
2804,-2.441406e-03
2805,-4.882812e-04
2806,-1.708984e-03
2807,-1.831055e-03
2808,-2.807617e-03
2809,-1.708984e-03
2810,-1.586914e-03
2811,-2.319336e-03
2812,-1.464844e-03
2813,-1.098633e-03
2814,-2.075195e-03
2815,-1.953125e-03
2816,-2.929688e-03
2817,-1.708984e-03
2818,-8.544922e-04
2819,-2.197266e-03
2820,-2.197266e-03
2821,-2.197266e-03
2822,-1.708984e-03
2823,-1.708984e-03
2824,-1.708984e-03
2825,-2.075195e-03
2826,-1.953125e-03
2827,-1.464844e-03
2828,-1.708984e-03
2829,-1.953125e-03
2830,-2.441406e-03
2831,-2.319336e-03
2832,-1.342773e-03
2833,-1.220703e-03
2834,-1.098633e-03
2835,-2.197266e-03
2836,-2.197266e-03
2837,-2.319336e-03
2838,-2.563477e-03
2839,-2.197266e-03
2840,-1.953125e-03
2841,-2.319336e-03
2842,-2.563477e-03
2843,-1.342773e-03
2844,-1.464844e-03
2845,-1.220703e-03
2846,-1.831055e-03
2847,-1.953125e-03
2848,-2.197266e-03
2849,-1.953125e-03
2850,-2.197266e-03
2851,-1.342773e-03
2852,-1.220703e-03
2853,-2.685547e-03
2854,-1.953125e-03
2855,-2.075195e-03
2856,-2.563477e-03
2857,-1.708984e-03
2858,-1.586914e-03
2859,-1.586914e-03
2860,-1.831055e-03
2861,-1.708984e-03
2862,-1.098633e-03
2863,-1.831055e-03
2864,-1.708984e-03
2865,-8.544922e-04
2866,-1.342773e-03
2867,-2.197266e-03
2868,-1.708984e-03
2869,-2.075195e-03
2870,-1.464844e-03
2871,-9.765625e-04
2872,-2.197266e-03
2873,-1.098633e-03
2874,-1.953125e-03
2875,-1.953125e-03
2876,-1.098633e-03
2877,-1.708984e-03
2878,-2.563477e-03
2879,-2.075195e-03
2880,-2.075195e-03
2881,-1.708984e-03
2882,-1.464844e-03
2883,-1.342773e-03
2884,-1.586914e-03
2885,-1.342773e-03
2886,-1.586914e-03
2887,-2.441406e-03
2888,-1.464844e-03
2889,-1.708984e-03
2890,-2.075195e-03
2891,-1.586914e-03
2892,-2.685547e-03
2893,-2.075195e-03
2894,-1.342773e-03
2895,-1.342773e-03
2896,-2.319336e-03
2897,-2.441406e-03
2898,-8.544922e-04
2899,-1.098633e-03
2900,-2.075195e-03
2901,-1.708984e-03
2902,-2.319336e-03
2903,-2.075195e-03
2904,-2.319336e-03
2905,-1.098633e-03
2906,-2.441406e-03
2907,-2.075195e-03
2908,-1.342773e-03
2909,-1.708984e-03
2910,-2.075195e-03
2911,-2.075195e-03
2912,-1.708984e-03
2913,-1.831055e-03
2914,-1.708984e-03
2915,-2.075195e-03
2916,-1.708984e-03
2917,-1.708984e-03
2918,-1.342773e-03
2919,-1.708984e-03
2920,-1.342773e-03
2921,-1.831055e-03
2922,-1.342773e-03
2923,-1.831055e-03
2924,-1.708984e-03
2925,-2.075195e-03
2926,-1.708984e-03
2927,-1.098633e-03
2928,-2.197266e-03
2929,-2.563477e-03
2930,-1.586914e-03
2931,-2.685547e-03
2932,-2.441406e-03
2933,-1.953125e-03
2934,-7.324219e-04
2935,-1.342773e-03
2936,-1.708984e-03
2937,-1.586914e-03
2938,-1.342773e-03
2939,-1.953125e-03
2940,-1.220703e-03
2941,-1.708984e-03
2942,-2.319336e-03
2943,-8.544922e-04
2944,-1.708984e-03
2945,-2.441406e-03
2946,-2.441406e-03
2947,-2.441406e-03
2948,-2.075195e-03
2949,-1.464844e-03
2950,-2.075195e-03
2951,-1.342773e-03
2952,-1.953125e-03
2953,-2.319336e-03
2954,-2.075195e-03
2955,-2.197266e-03
2956,-1.464844e-03
2957,-1.464844e-03
2958,-1.464844e-03
2959,-2.197266e-03
2960,-2.197266e-03
2961,-8.544922e-04
2962,-1.953125e-03
2963,-2.197266e-03
2964,-2.197266e-03
2965,-1.464844e-03
2966,-2.807617e-03
2967,-2.319336e-03
2968,-2.075195e-03
2969,-1.953125e-03
2970,-1.953125e-03
2971,-1.220703e-03
2972,-2.075195e-03
2973,-2.929688e-03
2974,-8.544922e-04
2975,-2.685547e-03
2976,-2.075195e-03
2977,-1.708984e-03
2978,-3.173828e-03
2979,-2.441406e-03
2980,-1.708984e-03
2981,-1.098633e-03
2982,-2.075195e-03
2983,-2.075195e-03
2984,-1.464844e-03
2985,-9.765625e-04
2986,-1.708984e-03
2987,-1.708984e-03
2988,-2.197266e-03
2989,-2.075195e-03
2990,-2.319336e-03
2991,-2.075195e-03
2992,-2.075195e-03
2993,-2.441406e-03
2994,-2.441406e-03
2995,-1.953125e-03
2996,-2.441406e-03
2997,-2.075195e-03
2998,-2.197266e-03
2999,-1.708984e-03
3000,-2.197266e-03
3001,-2.563477e-03
3002,-2.441406e-03
3003,-2.197266e-03
3004,-1.708984e-03
3005,-2.197266e-03
3006,-2.441406e-03
3007,-8.544922e-04
3008,-1.831055e-03
3009,-1.220703e-03
3010,-1.220703e-03
3011,-2.441406e-03
3012,-2.197266e-03
3013,-2.563477e-03
3014,-1.953125e-03
3015,-7.324219e-04
3016,-1.953125e-03
3017,-1.464844e-03
3018,-2.441406e-03
3019,-1.953125e-03
3020,-2.319336e-03
3021,-1.586914e-03
3022,-2.197266e-03
3023,-1.220703e-03
3024,-2.319336e-03
3025,-1.098633e-03
3026,-2.075195e-03
3027,-2.563477e-03
3028,-2.319336e-03
3029,-2.319336e-03
3030,-2.075195e-03
3031,-2.075195e-03
3032,-1.953125e-03
3033,-1.342773e-03
3034,-1.464844e-03
3035,-1.586914e-03
3036,-1.464844e-03
3037,-3.051758e-03
3038,-1.708984e-03
3039,-3.051758e-03
3040,-2.563477e-03
3041,-2.441406e-03
3042,-1.708984e-03
3043,-2.075195e-03
3044,-1.220703e-03
3045,-9.765625e-04
3046,-1.831055e-03
3047,-1.464844e-03
3048,-1.831055e-03
3049,-2.197266e-03
3050,-2.441406e-03
3051,-1.708984e-03
3052,-1.586914e-03
3053,-1.831055e-03
3054,-1.708984e-03
3055,-2.075195e-03
3056,-2.563477e-03
3057,-1.586914e-03
3058,-1.586914e-03
3059,-2.197266e-03
3060,-2.197266e-03
3061,-8.544922e-04
3062,-1.708984e-03
3063,-2.197266e-03
3064,-2.197266e-03
3065,-2.197266e-03
3066,-1.953125e-03
3067,-1.708984e-03
3068,-2.441406e-03
3069,-1.708984e-03
3070,-2.685547e-03
3071,-1.464844e-03
3072,-1.586914e-03
3073,-1.342773e-03
3074,-2.197266e-03
3075,-2.197266e-03
3076,-2.075195e-03
3077,-2.075195e-03
3078,-1.586914e-03
3079,-1.953125e-03
3080,-2.319336e-03
3081,-2.197266e-03
3082,-2.441406e-03
3083,-1.464844e-03
3084,-1.464844e-03
3085,-1.708984e-03
3086,-2.197266e-03
3087,-3.417969e-03
3088,-1.708984e-03
3089,-2.075195e-03
3090,-2.197266e-03
3091,-1.464844e-03
3092,-2.075195e-03
3093,-2.197266e-03
3094,-2.563477e-03
3095,-2.197266e-03
3096,-2.075195e-03
3097,-1.342773e-03
3098,-2.319336e-03
3099,-2.197266e-03
3100,-2.441406e-03
3101,-2.197266e-03
3102,-1.464844e-03
3103,-2.075195e-03
3104,-2.441406e-03
3105,-1.342773e-03
3106,-2.807617e-03
3107,-1.953125e-03
3108,-2.319336e-03
3109,-1.342773e-03
3110,-2.197266e-03
3111,-2.075195e-03
3112,-2.441406e-03
3113,-1.098633e-03
3114,-1.342773e-03
3115,-2.685547e-03
3116,-1.220703e-03
3117,-2.319336e-03
3118,-2.075195e-03
3119,-2.441406e-03
3120,-2.197266e-03
3121,-1.220703e-03
3122,-2.685547e-03
3123,-2.319336e-03
3124,-1.708984e-03
3125,-2.075195e-03
3126,-2.075195e-03
3127,-2.441406e-03
3128,-2.197266e-03
3129,-2.563477e-03
3130,-1.708984e-03
3131,-1.708984e-03
3132,-1.220703e-03
3133,-2.441406e-03
3134,-1.708984e-03
3135,-2.197266e-03
3136,-2.197266e-03
3137,-1.464844e-03
3138,-1.220703e-03
3139,-2.441406e-03
3140,-2.563477e-03
3141,-2.319336e-03
3142,-2.563477e-03
3143,-2.197266e-03
3144,-1.708984e-03
3145,-1.586914e-03
3146,-2.441406e-03
3147,-3.295898e-03
3148,-1.953125e-03
3149,-2.441406e-03
3150,-2.563477e-03
3151,-2.197266e-03
3152,-2.319336e-03
3153,-1.342773e-03
3154,-1.708984e-03
3155,-1.342773e-03
3156,-1.220703e-03
3157,-1.464844e-03
3158,-1.953125e-03
3159,-1.220703e-03
3160,-1.831055e-03
3161,-2.563477e-03
3162,-1.464844e-03
3163,-1.708984e-03
3164,-1.831055e-03
3165,-1.708984e-03
3166,-1.464844e-03
3167,-2.319336e-03
3168,-2.197266e-03
3169,-2.441406e-03
3170,-2.197266e-03
3171,-2.441406e-03
3172,-2.197266e-03
3173,-2.075195e-03
3174,-2.319336e-03
3175,-2.929688e-03
3176,-2.441406e-03
3177,-1.708984e-03
3178,-2.563477e-03
3179,-2.319336e-03
3180,-2.319336e-03
3181,-1.953125e-03
3182,-1.586914e-03
3183,-1.953125e-03
3184,-1.708984e-03
3185,-1.586914e-03
3186,-1.342773e-03
3187,-2.197266e-03
3188,-2.807617e-03
3189,-2.075195e-03
3190,-1.708984e-03
3191,-1.708984e-03
3192,-1.708984e-03
3193,-2.441406e-03
3194,-1.708984e-03
3195,-1.464844e-03
3196,-2.685547e-03
3197,-2.319336e-03
3198,-2.807617e-03
3199,-1.586914e-03
3200,-1.342773e-03
3201,-1.464844e-03
3202,-1.831055e-03
3203,-2.075195e-03
3204,-2.075195e-03
3205,-2.319336e-03
3206,-1.464844e-03
3207,-2.441406e-03
3208,-1.708984e-03
3209,-2.075195e-03
3210,-1.708984e-03
3211,-2.807617e-03
3212,-1.953125e-03
3213,-2.563477e-03
3214,-3.295898e-03
3215,-2.441406e-03
3216,-2.441406e-03
3217,-1.342773e-03
3218,-2.807617e-03
3219,-2.075195e-03
3220,-2.075195e-03
3221,-4.028320e-03
3222,-2.441406e-03
3223,-2.807617e-03
3224,-2.319336e-03
3225,-2.563477e-03
3226,-1.586914e-03
3227,-2.075195e-03
3228,-2.563477e-03
3229,-2.441406e-03
3230,-3.295898e-03
3231,-3.051758e-03
3232,-2.075195e-03
3233,-2.441406e-03
3234,-1.586914e-03
3235,-3.051758e-03
3236,-2.319336e-03
3237,-3.173828e-03
3238,-1.464844e-03
3239,-3.295898e-03
3240,-2.441406e-03
3241,-1.586914e-03
3242,-1.831055e-03
3243,-1.464844e-03
3244,-2.563477e-03
3245,-2.319336e-03
3246,-2.441406e-03
3247,-1.586914e-03
3248,-2.075195e-03
3249,-2.807617e-03
3250,-1.342773e-03
3251,-2.075195e-03
3252,-1.586914e-03
3253,-1.953125e-03
3254,-2.197266e-03
3255,-1.586914e-03
3256,-2.929688e-03
3257,-1.708984e-03
3258,-1.953125e-03
3259,-2.807617e-03
3260,-2.441406e-03
3261,-3.173828e-03
3262,-1.586914e-03
3263,-2.563477e-03
3264,-2.441406e-03
3265,-2.441406e-03
3266,-2.807617e-03
3267,-2.563477e-03
3268,-2.563477e-03
3269,-2.319336e-03
3270,-2.563477e-03
3271,-1.953125e-03
3272,-2.563477e-03
3273,-2.563477e-03
3274,-2.441406e-03
3275,-2.563477e-03
3276,-2.319336e-03
3277,-2.807617e-03
3278,-2.441406e-03
3279,-2.319336e-03
3280,-2.197266e-03
3281,-3.417969e-03
3282,-2.563477e-03
3283,-1.464844e-03
3284,-2.807617e-03
3285,-1.342773e-03
3286,-2.441406e-03
3287,-2.319336e-03
3288,-2.197266e-03
3289,-1.708984e-03
3290,-1.708984e-03
3291,-2.929688e-03
3292,-2.807617e-03
3293,-2.563477e-03
3294,-2.319336e-03
3295,-3.173828e-03
3296,-2.197266e-03
3297,-2.929688e-03
3298,-2.929688e-03
3299,-1.708984e-03
3300,-2.807617e-03
3301,-1.953125e-03
3302,-2.197266e-03
3303,-1.953125e-03
3304,-2.075195e-03
3305,-2.197266e-03
3306,-2.807617e-03
3307,-2.563477e-03
3308,-3.295898e-03
3309,-1.464844e-03
3310,-2.319336e-03
3311,-3.295898e-03
3312,-2.807617e-03
3313,-3.051758e-03
3314,-2.929688e-03
3315,-2.807617e-03
3316,-2.075195e-03
3317,-2.075195e-03
3318,-2.807617e-03
3319,-1.708984e-03
3320,-2.441406e-03
3321,-2.319336e-03
3322,-2.807617e-03
3323,-2.807617e-03
3324,-2.563477e-03
3325,-3.417969e-03
3326,-2.929688e-03
3327,-3.051758e-03
3328,-2.563477e-03
3329,-2.075195e-03
3330,-2.075195e-03
3331,-2.319336e-03
3332,-1.953125e-03
3333,-2.563477e-03
3334,-2.563477e-03
3335,-3.662109e-03
3336,-3.173828e-03
3337,-2.929688e-03
3338,-2.563477e-03
3339,-2.929688e-03
3340,-2.319336e-03
3341,-2.197266e-03
3342,-3.173828e-03
3343,-3.173828e-03
3344,-2.319336e-03
3345,-2.563477e-03
3346,-2.929688e-03
3347,-3.051758e-03
3348,-1.953125e-03
3349,-2.441406e-03
3350,-1.708984e-03
3351,-2.563477e-03
3352,-1.464844e-03
3353,-2.319336e-03
3354,-3.417969e-03
3355,-2.563477e-03
3356,-2.441406e-03
3357,-3.173828e-03
3358,-2.197266e-03
3359,-3.173828e-03
3360,-1.708984e-03
3361,-1.708984e-03
3362,-3.173828e-03
3363,-2.197266e-03
3364,-2.563477e-03
3365,-2.563477e-03
3366,-2.197266e-03
3367,-3.173828e-03
3368,-2.563477e-03
3369,-2.075195e-03
3370,-3.662109e-03
3371,-2.929688e-03
3372,-2.319336e-03
3373,-2.807617e-03
3374,-4.028320e-03
3375,-2.685547e-03
3376,-2.197266e-03
3377,-2.807617e-03
3378,-2.319336e-03
3379,-2.075195e-03
3380,-2.807617e-03
3381,-2.075195e-03
3382,-1.953125e-03
3383,-3.417969e-03
3384,-3.417969e-03
3385,-2.685547e-03
3386,-2.807617e-03
3387,-2.197266e-03
3388,-3.051758e-03
3389,-2.563477e-03
3390,-2.197266e-03
3391,-3.173828e-03
3392,-3.051758e-03
3393,-2.197266e-03
3394,-3.417969e-03
3395,-2.441406e-03
3396,-2.807617e-03
3397,-2.197266e-03
3398,-3.173828e-03
3399,-2.319336e-03
3400,-2.929688e-03
3401,-2.929688e-03
3402,-3.051758e-03
3403,-2.563477e-03
3404,-8.544922e-04
3405,-1.953125e-03
3406,-2.563477e-03
3407,-3.051758e-03
3408,-2.197266e-03
3409,-3.417969e-03
3410,-2.197266e-03
3411,-3.051758e-03
3412,-2.563477e-03
3413,-1.953125e-03
3414,-3.662109e-03
3415,-3.417969e-03
3416,-2.563477e-03
3417,-2.319336e-03
3418,-2.807617e-03
3419,-2.563477e-03
3420,-2.563477e-03
3421,-4.150391e-03
3422,-2.441406e-03
3423,-2.807617e-03
3424,-2.563477e-03
3425,-3.173828e-03
3426,-2.563477e-03
3427,-2.319336e-03
3428,-2.563477e-03
3429,-3.417969e-03
3430,-2.319336e-03
3431,-2.563477e-03
3432,-2.807617e-03
3433,-2.563477e-03
3434,-2.563477e-03
3435,-2.197266e-03
3436,-2.807617e-03
3437,-2.807617e-03
3438,-2.807617e-03
3439,-2.807617e-03
3440,-2.441406e-03
3441,-1.586914e-03
3442,-2.563477e-03
3443,-1.708984e-03
3444,-2.075195e-03
3445,-2.197266e-03
3446,-2.319336e-03
3447,-2.075195e-03
3448,-2.807617e-03
3449,-3.051758e-03
3450,-2.197266e-03
3451,-2.441406e-03
3452,-2.807617e-03
3453,-3.051758e-03
3454,-2.075195e-03
3455,-2.441406e-03
3456,-2.807617e-03
3457,-2.807617e-03
3458,-1.464844e-03
3459,-2.685547e-03
3460,-1.953125e-03
3461,-2.197266e-03
3462,-2.441406e-03
3463,-2.929688e-03
3464,-2.319336e-03
3465,-2.563477e-03
3466,-3.051758e-03
3467,-1.708984e-03
3468,-3.417969e-03
3469,-2.563477e-03
3470,-2.563477e-03
3471,-3.173828e-03
3472,-2.441406e-03
3473,-2.929688e-03
3474,-2.807617e-03
3475,-2.075195e-03
3476,-1.708984e-03
3477,-1.953125e-03
3478,-2.319336e-03
3479,-2.319336e-03
3480,-2.319336e-03
3481,-2.807617e-03
3482,-2.807617e-03
3483,-2.807617e-03
3484,-3.295898e-03
3485,-3.051758e-03
3486,-2.563477e-03
3487,-2.197266e-03
3488,-2.563477e-03
3489,-2.563477e-03
3490,-2.197266e-03
3491,-2.563477e-03
3492,-1.586914e-03
3493,-2.441406e-03
3494,-2.319336e-03
3495,-3.295898e-03
3496,-2.563477e-03
3497,-2.563477e-03
3498,-3.417969e-03
3499,-2.685547e-03
3500,-2.563477e-03
3501,-4.028320e-03
3502,-1.831055e-03
3503,-2.319336e-03
3504,-2.929688e-03
3505,-1.953125e-03
3506,-3.417969e-03
3507,-2.563477e-03
3508,-1.953125e-03
3509,-2.807617e-03
3510,-2.197266e-03
3511,-2.197266e-03
3512,-2.197266e-03
3513,-2.441406e-03
3514,-2.929688e-03
3515,-2.319336e-03
3516,-3.417969e-03
3517,-1.708984e-03
3518,-1.586914e-03
3519,-3.051758e-03
3520,-2.563477e-03
3521,-1.708984e-03
3522,-1.708984e-03
3523,-2.807617e-03
3524,-1.708984e-03
3525,-1.708984e-03
3526,-9.765625e-04
3527,-2.441406e-03
3528,-2.807617e-03
3529,-3.051758e-03
3530,-2.563477e-03
3531,-3.295898e-03
3532,-2.441406e-03
3533,-3.051758e-03
3534,-3.173828e-03
3535,-3.051758e-03
3536,-2.807617e-03
3537,-2.563477e-03
3538,-2.807617e-03
3539,-2.807617e-03
3540,-2.563477e-03
3541,-2.075195e-03
3542,-2.563477e-03
3543,-1.708984e-03
3544,-1.586914e-03
3545,-2.197266e-03
3546,-2.807617e-03
3547,-2.441406e-03
3548,-2.807617e-03
3549,-2.441406e-03
3550,-2.197266e-03
3551,-3.417969e-03
3552,-3.417969e-03
3553,-2.197266e-03
3554,-2.563477e-03
3555,-2.441406e-03
3556,-1.708984e-03
3557,-1.586914e-03
3558,-2.319336e-03
3559,-3.051758e-03
3560,-2.075195e-03
3561,-2.197266e-03
3562,-2.929688e-03
3563,-2.441406e-03
3564,-2.563477e-03
3565,-2.563477e-03
3566,-2.075195e-03
3567,-2.075195e-03
3568,-2.563477e-03
3569,-2.319336e-03
3570,-2.441406e-03
3571,-2.197266e-03
3572,-1.586914e-03
3573,-1.831055e-03
3574,-3.417969e-03
3575,-3.295898e-03
3576,-2.197266e-03
3577,-1.708984e-03
3578,-2.807617e-03
3579,-2.197266e-03
3580,-2.075195e-03
3581,-2.807617e-03
3582,-3.662109e-03
3583,-2.563477e-03
3584,-2.563477e-03
3585,-2.929688e-03
3586,-2.563477e-03
3587,-2.563477e-03
3588,-3.417969e-03
3589,-2.075195e-03
3590,-2.075195e-03
3591,-2.807617e-03
3592,-2.197266e-03
3593,-2.563477e-03
3594,-2.441406e-03
3595,-1.953125e-03
3596,-2.929688e-03
3597,-2.563477e-03
3598,-2.563477e-03
3599,-1.708984e-03
3600,-2.563477e-03
3601,-2.563477e-03
3602,-2.807617e-03
3603,-2.197266e-03
3604,-2.441406e-03
3605,-1.586914e-03
3606,-2.075195e-03
3607,-2.563477e-03
3608,-2.319336e-03
3609,-2.441406e-03
3610,-2.319336e-03
3611,-2.807617e-03
3612,-2.075195e-03
3613,-2.441406e-03
3614,-2.197266e-03
3615,-2.197266e-03
3616,-2.441406e-03
3617,-2.807617e-03
3618,-1.953125e-03
3619,-1.342773e-03
3620,-2.807617e-03
3621,-2.441406e-03
3622,-2.563477e-03
3623,-2.441406e-03
3624,-2.441406e-03
3625,-2.563477e-03
3626,-2.563477e-03
3627,-2.075195e-03
3628,-2.441406e-03
3629,-2.441406e-03
3630,-1.586914e-03
3631,-2.319336e-03
3632,-2.441406e-03
3633,-2.319336e-03
3634,-2.807617e-03
3635,-2.929688e-03
3636,-2.929688e-03
3637,-2.197266e-03
3638,-2.563477e-03
3639,-2.197266e-03
3640,-2.563477e-03
3641,-1.953125e-03
3642,-3.051758e-03
3643,-2.075195e-03
3644,-2.441406e-03
3645,-2.563477e-03
3646,-1.464844e-03
3647,-1.953125e-03
3648,-1.708984e-03
3649,-1.708984e-03
3650,-2.929688e-03
3651,-2.075195e-03
3652,-2.441406e-03
3653,-2.075195e-03
3654,-2.563477e-03
3655,-2.075195e-03
3656,-2.563477e-03
3657,-2.197266e-03
3658,-2.563477e-03
3659,-3.051758e-03
3660,-1.953125e-03
3661,-2.563477e-03
3662,-2.929688e-03
3663,-3.051758e-03
3664,-2.441406e-03
3665,-2.075195e-03
3666,-8.544922e-04
3667,-2.441406e-03
3668,-2.563477e-03
3669,-2.441406e-03
3670,-2.563477e-03
3671,-2.197266e-03
3672,-2.197266e-03
3673,-2.563477e-03
3674,-2.441406e-03
3675,-1.708984e-03
3676,-1.953125e-03
3677,-2.441406e-03
3678,-2.807617e-03
3679,-1.953125e-03
3680,-1.708984e-03
3681,-1.220703e-03
3682,-1.831055e-03
3683,-3.173828e-03
3684,-2.563477e-03
3685,-1.708984e-03
3686,-2.563477e-03
3687,-1.586914e-03
3688,-2.197266e-03
3689,-2.563477e-03
3690,-2.075195e-03
3691,-2.319336e-03
3692,-1.708984e-03
3693,-2.075195e-03
3694,-1.708984e-03
3695,-2.685547e-03
3696,-2.929688e-03
3697,-1.953125e-03
3698,-2.563477e-03
3699,-2.807617e-03
3700,-2.197266e-03
3701,-2.075195e-03
3702,-2.075195e-03
3703,-2.929688e-03
3704,-1.708984e-03
3705,-1.953125e-03
3706,-3.173828e-03
3707,-1.464844e-03
3708,-2.563477e-03
3709,-1.708984e-03
3710,-2.441406e-03
3711,-2.197266e-03
3712,-1.953125e-03
3713,-1.953125e-03
3714,-2.075195e-03
3715,-2.807617e-03
3716,-2.929688e-03
3717,-2.441406e-03
3718,-2.929688e-03
3719,-2.319336e-03
3720,-2.563477e-03
3721,-2.441406e-03
3722,-2.807617e-03
3723,-1.586914e-03
3724,-1.586914e-03
3725,-1.708984e-03
3726,-2.319336e-03
3727,-2.197266e-03
3728,-2.197266e-03
3729,-2.563477e-03
3730,-2.319336e-03
3731,-2.563477e-03
3732,-2.319336e-03
3733,-2.197266e-03
3734,-2.197266e-03
3735,-2.441406e-03
3736,-3.417969e-03
3737,-2.197266e-03
3738,-2.319336e-03
3739,-2.319336e-03
3740,-2.197266e-03
3741,-2.197266e-03
3742,-1.708984e-03
3743,-2.319336e-03
3744,-2.075195e-03
3745,-2.075195e-03
3746,-2.319336e-03
3747,-2.319336e-03
3748,-1.464844e-03
3749,-1.098633e-03
3750,-2.197266e-03
3751,-2.807617e-03
3752,-2.441406e-03
3753,-2.197266e-03
3754,-1.708984e-03
3755,-2.075195e-03
3756,-2.929688e-03
3757,-2.075195e-03
3758,-2.441406e-03
3759,-2.563477e-03
3760,-1.708984e-03
3761,-1.953125e-03
3762,-2.197266e-03
3763,-2.075195e-03
3764,-1.708984e-03
3765,-1.953125e-03
3766,-1.708984e-03
3767,-7.324219e-04
3768,-1.831055e-03
3769,-2.197266e-03
3770,-2.563477e-03
3771,-2.563477e-03
3772,-1.586914e-03
3773,-3.051758e-03
3774,-2.197266e-03
3775,-1.586914e-03
3776,-1.708984e-03
3777,-2.685547e-03
3778,-2.197266e-03
3779,-2.807617e-03
3780,-2.441406e-03
3781,-2.075195e-03
3782,-2.197266e-03
3783,-2.929688e-03
3784,-2.807617e-03
3785,-1.464844e-03
3786,-2.441406e-03
3787,-2.075195e-03
3788,-1.586914e-03
3789,-2.685547e-03
3790,-2.807617e-03
3791,-2.929688e-03
3792,-2.197266e-03
3793,-1.953125e-03
3794,-3.662109e-03
3795,-2.929688e-03
3796,-1.708984e-03
3797,-2.075195e-03
3798,-1.708984e-03
3799,-1.708984e-03
3800,-2.441406e-03
3801,-1.586914e-03
3802,-1.708984e-03
3803,-1.708984e-03
3804,-1.831055e-03
3805,-2.563477e-03
3806,-2.807617e-03
3807,-2.075195e-03
3808,-1.708984e-03
3809,-1.708984e-03
3810,-3.051758e-03
3811,-2.807617e-03
3812,-2.441406e-03
3813,-2.197266e-03
3814,-1.586914e-03
3815,-2.197266e-03
3816,-2.441406e-03
3817,-1.708984e-03
3818,-3.051758e-03
3819,-2.563477e-03
3820,-1.953125e-03
3821,-2.319336e-03
3822,-1.464844e-03
3823,-2.197266e-03
3824,-1.953125e-03
3825,-1.953125e-03
3826,-1.708984e-03
3827,-1.342773e-03
3828,-2.563477e-03
3829,-2.319336e-03
3830,-2.929688e-03
3831,-2.319336e-03
3832,-1.953125e-03
3833,-1.953125e-03
3834,-2.075195e-03
3835,-1.708984e-03
3836,-1.708984e-03
3837,-1.586914e-03
3838,-2.075195e-03
3839,-1.953125e-03
3840,-3.051758e-03
3841,-1.708984e-03
3842,-1.586914e-03
3843,-2.441406e-03
3844,-2.563477e-03
3845,-1.708984e-03
3846,-2.685547e-03
3847,-1.953125e-03
3848,-2.563477e-03
3849,-3.173828e-03
3850,-2.563477e-03
3851,-2.197266e-03
3852,-2.319336e-03
3853,-2.563477e-03
3854,-2.563477e-03
3855,-2.319336e-03
3856,-1.708984e-03
3857,-2.807617e-03
3858,-2.929688e-03
3859,-2.563477e-03
3860,-1.708984e-03
3861,-9.765625e-04
3862,-1.953125e-03
3863,-1.953125e-03
3864,-1.708984e-03
3865,-2.807617e-03
3866,-1.586914e-03
3867,-2.319336e-03
3868,-2.197266e-03
3869,-2.197266e-03
3870,-1.708984e-03
3871,-2.319336e-03
3872,-2.563477e-03
3873,-2.441406e-03
3874,-2.197266e-03
3875,-2.807617e-03
3876,-1.708984e-03
3877,-2.197266e-03
3878,-2.075195e-03
3879,-2.197266e-03
3880,-2.563477e-03
3881,-2.197266e-03
3882,-2.319336e-03
3883,-2.441406e-03
3884,-1.953125e-03
3885,-1.953125e-03
3886,-2.075195e-03
3887,-2.075195e-03
3888,-3.417969e-03
3889,-1.464844e-03
3890,-2.319336e-03
3891,-1.464844e-03
3892,-2.319336e-03
3893,-1.953125e-03
3894,-2.563477e-03
3895,-2.563477e-03
3896,-2.929688e-03
3897,-1.953125e-03
3898,-3.051758e-03
3899,-2.197266e-03
3900,-1.708984e-03
3901,-1.953125e-03
3902,-2.319336e-03
3903,-2.929688e-03
3904,-1.953125e-03
3905,-2.807617e-03
3906,-3.173828e-03
3907,-2.319336e-03
3908,-2.319336e-03
3909,-2.197266e-03
3910,-1.953125e-03
3911,-1.586914e-03
3912,-1.098633e-03
3913,-2.929688e-03
3914,-2.075195e-03
3915,-1.708984e-03
3916,-2.563477e-03
3917,-1.708984e-03
3918,-1.953125e-03
3919,-2.441406e-03
3920,-2.563477e-03
3921,-1.220703e-03
3922,-2.685547e-03
3923,-2.563477e-03
3924,-1.953125e-03
3925,-1.953125e-03
3926,-2.197266e-03
3927,-1.464844e-03
3928,-2.197266e-03
3929,-2.929688e-03
3930,-1.586914e-03
3931,-1.586914e-03
3932,-1.831055e-03
3933,-2.929688e-03
3934,-1.586914e-03
3935,-1.586914e-03
3936,-2.075195e-03
3937,-2.197266e-03
3938,-2.929688e-03
3939,-2.807617e-03
3940,-2.563477e-03
3941,-2.197266e-03
3942,-2.197266e-03
3943,-2.563477e-03
3944,-2.807617e-03
3945,-2.563477e-03
3946,-2.807617e-03
3947,-2.441406e-03
3948,-2.075195e-03
3949,-2.197266e-03
3950,-3.051758e-03
3951,-1.953125e-03
3952,-1.098633e-03
3953,-2.319336e-03
3954,-1.953125e-03
3955,-1.342773e-03
3956,-2.441406e-03
3957,-2.563477e-03
3958,-1.708984e-03
3959,-2.075195e-03
3960,-2.319336e-03
3961,-1.953125e-03
3962,-1.342773e-03
3963,-1.953125e-03
3964,-1.708984e-03
3965,-1.953125e-03
3966,-2.807617e-03
3967,-2.075195e-03
3968,-2.563477e-03
3969,-2.075195e-03
3970,-2.197266e-03
3971,-1.708984e-03
3972,-2.197266e-03
3973,-2.929688e-03
3974,-2.319336e-03
3975,-2.197266e-03
3976,-3.051758e-03
3977,-1.708984e-03
3978,-2.441406e-03
3979,-2.563477e-03
3980,-2.563477e-03
3981,-1.464844e-03
3982,-2.563477e-03
3983,-2.441406e-03
3984,-2.563477e-03
3985,-2.563477e-03
3986,-2.441406e-03
3987,-2.319336e-03
3988,-2.319336e-03
3989,-1.708984e-03
3990,-2.075195e-03
3991,-1.708984e-03
3992,-2.319336e-03
3993,-2.441406e-03
3994,-2.441406e-03
3995,-2.197266e-03
3996,-2.563477e-03
3997,-2.075195e-03
3998,-2.929688e-03
3999,-2.075195e-03
4000,-2.563477e-03
4001,-2.563477e-03
4002,-8.544922e-04
4003,-2.197266e-03
4004,-2.197266e-03
4005,-1.708984e-03
4006,-8.544922e-04
4007,-2.075195e-03
4008,-2.319336e-03
4009,-1.708984e-03
4010,-1.464844e-03
4011,-2.197266e-03
4012,-1.464844e-03
4013,-2.197266e-03
4014,-1.708984e-03
4015,-1.342773e-03
4016,-1.708984e-03
4017,-1.831055e-03
4018,-2.929688e-03
4019,-2.319336e-03
4020,-1.953125e-03
4021,-2.563477e-03
4022,-1.708984e-03
4023,-1.342773e-03
4024,-1.953125e-03
4025,-1.708984e-03
4026,-2.319336e-03
4027,-2.319336e-03
4028,-1.708984e-03
4029,-2.075195e-03
4030,-2.441406e-03
4031,-2.197266e-03
4032,-1.953125e-03
4033,-1.708984e-03
4034,-2.197266e-03
4035,-2.807617e-03
4036,-2.197266e-03
4037,-1.464844e-03
4038,-1.098633e-03
4039,-1.831055e-03
4040,-2.075195e-03
4041,-2.441406e-03
4042,-2.563477e-03
4043,-7.324219e-04
4044,-2.929688e-03
4045,-2.075195e-03
4046,-2.441406e-03
4047,-1.586914e-03
4048,-1.464844e-03
4049,-2.319336e-03
4050,-2.197266e-03
4051,-2.319336e-03
4052,-1.953125e-03
4053,-1.953125e-03
4054,-2.441406e-03
4055,-2.807617e-03
4056,-2.563477e-03
4057,-2.075195e-03
4058,-2.563477e-03
4059,-2.563477e-03
4060,-1.953125e-03
4061,-1.708984e-03
4062,-1.953125e-03
4063,-2.441406e-03
4064,-1.953125e-03
4065,-2.441406e-03
4066,-1.708984e-03
4067,-1.708984e-03
4068,-2.075195e-03
4069,-1.464844e-03
4070,-2.319336e-03
4071,-2.319336e-03
4072,-1.708984e-03
4073,-3.051758e-03
4074,-2.807617e-03
4075,-1.953125e-03
4076,-2.197266e-03
4077,-2.563477e-03
4078,-2.197266e-03
4079,-1.586914e-03
4080,-2.685547e-03
4081,-1.708984e-03
4082,-2.319336e-03
4083,-2.075195e-03
4084,-1.953125e-03
4085,-1.953125e-03
4086,-1.464844e-03
4087,-2.441406e-03
4088,-2.807617e-03
4089,-1.586914e-03
4090,-1.342773e-03
4091,-1.586914e-03
4092,-1.831055e-03
4093,-2.319336e-03
4094,-1.953125e-03
4095,-2.075195e-03
4096,-2.319336e-03
4097,-1.708984e-03
4098,-1.708984e-03
4099,-1.708984e-03
4100,-2.929688e-03
4101,-2.929688e-03
4102,-1.953125e-03
4103,-2.075195e-03
4104,-2.075195e-03
4105,-1.586914e-03
4106,-1.831055e-03
4107,-1.708984e-03
4108,-2.441406e-03
4109,-1.708984e-03
4110,-1.220703e-03
4111,-1.831055e-03
4112,-1.953125e-03
4113,-2.441406e-03
4114,-2.319336e-03
4115,-1.953125e-03
4116,-2.563477e-03
4117,-2.563477e-03
4118,-2.807617e-03
4119,-1.953125e-03
4120,-2.807617e-03
4121,-2.441406e-03
4122,-2.075195e-03
4123,-2.319336e-03
4124,-2.441406e-03
4125,-1.708984e-03
4126,-2.319336e-03
4127,-1.464844e-03
4128,-2.197266e-03
4129,-2.441406e-03
4130,-2.563477e-03
4131,-2.441406e-03
4132,-2.075195e-03
4133,-1.708984e-03
4134,-2.441406e-03
4135,-2.197266e-03
4136,-2.075195e-03
4137,-1.708984e-03
4138,-2.685547e-03
4139,-1.220703e-03
4140,-2.319336e-03
4141,-2.441406e-03
4142,-1.464844e-03
4143,-1.342773e-03
4144,-2.075195e-03
4145,-2.563477e-03
4146,-1.708984e-03
4147,-2.075195e-03
4148,-1.953125e-03
4149,-2.075195e-03
4150,-2.563477e-03
4151,-2.563477e-03
4152,-2.197266e-03
4153,-2.563477e-03
4154,-2.441406e-03
4155,-1.708984e-03
4156,-1.342773e-03
4157,-2.441406e-03
4158,-2.197266e-03
4159,-2.807617e-03
4160,-2.075195e-03
4161,-1.708984e-03
4162,-1.708984e-03
4163,-1.586914e-03
4164,-2.319336e-03
4165,-2.197266e-03
4166,-2.075195e-03
4167,-2.929688e-03
4168,-2.563477e-03
4169,-1.708984e-03
4170,-2.319336e-03
4171,-8.544922e-04
4172,-2.563477e-03
4173,-2.441406e-03
4174,-2.075195e-03
4175,-1.708984e-03
4176,-1.464844e-03
4177,-1.464844e-03
4178,-1.220703e-03
4179,-1.953125e-03
4180,-2.075195e-03
4181,-2.197266e-03
4182,-2.197266e-03
4183,-2.197266e-03
4184,-1.953125e-03
4185,-1.464844e-03
4186,-2.441406e-03
4187,-1.708984e-03
4188,-1.586914e-03
4189,-3.540039e-03
4190,-2.685547e-03
4191,-1.953125e-03
4192,-2.075195e-03
4193,-2.441406e-03
4194,-1.220703e-03
4195,-2.197266e-03
4196,-1.708984e-03
4197,-1.708984e-03
4198,-1.220703e-03
4199,-1.953125e-03
4200,-1.708984e-03
4201,-1.464844e-03
4202,-1.342773e-03
4203,-1.586914e-03
4204,-1.464844e-03
4205,-2.075195e-03
4206,-2.197266e-03
4207,-2.563477e-03
4208,-2.807617e-03
4209,-1.464844e-03
4210,-1.708984e-03
4211,-2.075195e-03
4212,-2.075195e-03
4213,-1.708984e-03
4214,-2.807617e-03
4215,-2.197266e-03
4216,-1.953125e-03
4217,-1.708984e-03
4218,-1.831055e-03
4219,-2.929688e-03
4220,-2.075195e-03
4221,-2.075195e-03
4222,-2.441406e-03
4223,-1.586914e-03
4224,-2.441406e-03
4225,-1.342773e-03
4226,-1.831055e-03
4227,-1.464844e-03
4228,-2.075195e-03
4229,-2.197266e-03
4230,-1.464844e-03
4231,-1.586914e-03
4232,-9.765625e-04
4233,-1.342773e-03
4234,-9.765625e-04
4235,-2.197266e-03
4236,-1.586914e-03
4237,-1.708984e-03
4238,-2.075195e-03
4239,-2.441406e-03
4240,-3.051758e-03
4241,-2.319336e-03
4242,-2.075195e-03
4243,-8.544922e-04
4244,-1.953125e-03
4245,-2.929688e-03
4246,-1.953125e-03
4247,-1.586914e-03
4248,-2.319336e-03
4249,-1.464844e-03
4250,-1.464844e-03
4251,-1.953125e-03
4252,-1.708984e-03
4253,-1.220703e-03
4254,-1.708984e-03
4255,-2.563477e-03
4256,-2.075195e-03
4257,-1.464844e-03
4258,-2.197266e-03
4259,-2.197266e-03
4260,-1.708984e-03
4261,-1.464844e-03
4262,-2.441406e-03
4263,-1.586914e-03
4264,-2.319336e-03
4265,-8.544922e-04
4266,-1.708984e-03
4267,-2.441406e-03
4268,-1.464844e-03
4269,-2.319336e-03
4270,-2.563477e-03
4271,-1.342773e-03
4272,-2.197266e-03
4273,-1.586914e-03
4274,-1.708984e-03
4275,-2.197266e-03
4276,-1.586914e-03
4277,-1.464844e-03
4278,-2.807617e-03
4279,-2.807617e-03
4280,-2.563477e-03
4281,-2.075195e-03
4282,-2.197266e-03
4283,-1.708984e-03
4284,-3.051758e-03
4285,-2.807617e-03
4286,-2.563477e-03
4287,-1.586914e-03
4288,-2.563477e-03
4289,-1.953125e-03
4290,-1.953125e-03
4291,-1.464844e-03
4292,-1.708984e-03
4293,-2.319336e-03
4294,-1.953125e-03
4295,-1.953125e-03
4296,-1.953125e-03
4297,-2.197266e-03
4298,-2.319336e-03
4299,-2.441406e-03
4300,-1.708984e-03
4301,-2.197266e-03
4302,-1.586914e-03
4303,-2.075195e-03
4304,-2.197266e-03
4305,-1.953125e-03
4306,-2.075195e-03
4307,-2.319336e-03
4308,-1.953125e-03
4309,-1.586914e-03
4310,-2.441406e-03
4311,-1.342773e-03
4312,-1.953125e-03
4313,-2.197266e-03
4314,-1.708984e-03
4315,-2.441406e-03
4316,-2.197266e-03
4317,-1.464844e-03
4318,-2.929688e-03
4319,-2.075195e-03
4320,-2.197266e-03
4321,-1.586914e-03
4322,-1.953125e-03
4323,-2.075195e-03
4324,-1.586914e-03
4325,-1.708984e-03
4326,-2.685547e-03
4327,-2.319336e-03
4328,-1.708984e-03
4329,-1.098633e-03
4330,-1.586914e-03
4331,-2.075195e-03
4332,-1.586914e-03
4333,-1.708984e-03
4334,-1.953125e-03
4335,-1.953125e-03
4336,-1.464844e-03
4337,-1.953125e-03
4338,-1.708984e-03
4339,-1.708984e-03
4340,-1.708984e-03
4341,-1.342773e-03
4342,-2.075195e-03
4343,-1.342773e-03
4344,-2.319336e-03
4345,-1.586914e-03
4346,-1.342773e-03
4347,-2.441406e-03
4348,-2.319336e-03
4349,-2.319336e-03
4350,-6.103516e-04
4351,-1.220703e-03
4352,-1.953125e-03
4353,-1.342773e-03
4354,-2.197266e-03
4355,-1.953125e-03
4356,-2.319336e-03
4357,-2.197266e-03
4358,-2.075195e-03
4359,-2.319336e-03
4360,-2.319336e-03
4361,-2.075195e-03
4362,-2.441406e-03
4363,-1.953125e-03
4364,-2.075195e-03
4365,-1.953125e-03
4366,-2.075195e-03
4367,-2.441406e-03
4368,-3.051758e-03
4369,-1.708984e-03
4370,-1.831055e-03
4371,-2.197266e-03
4372,-1.708984e-03
4373,-1.708984e-03
4374,-2.197266e-03
4375,-1.708984e-03
4376,-1.953125e-03
4377,-1.953125e-03
4378,-2.563477e-03
4379,-2.075195e-03
4380,-2.807617e-03
4381,-1.708984e-03
4382,-1.586914e-03
4383,-1.708984e-03
4384,-2.075195e-03
4385,-2.563477e-03
4386,-2.075195e-03
4387,-1.953125e-03
4388,-2.929688e-03
4389,-2.563477e-03
4390,-1.953125e-03
4391,-2.197266e-03
4392,-2.197266e-03
4393,-1.708984e-03
4394,-1.342773e-03
4395,-1.342773e-03
4396,-2.197266e-03
4397,-1.953125e-03
4398,-1.586914e-03
4399,-2.807617e-03
4400,-2.075195e-03
4401,-2.197266e-03
4402,-2.319336e-03
4403,-1.953125e-03
4404,-1.708984e-03
4405,-1.708984e-03
4406,-1.220703e-03
4407,-1.831055e-03
4408,-2.563477e-03
4409,-2.441406e-03
4410,-2.807617e-03
4411,-1.953125e-03
4412,-1.586914e-03
4413,-1.586914e-03
4414,-1.953125e-03
4415,-1.953125e-03
4416,-2.319336e-03
4417,-2.563477e-03
4418,-2.197266e-03
4419,-1.953125e-03
4420,-2.807617e-03
4421,-2.807617e-03
4422,-2.197266e-03
4423,-1.464844e-03
4424,-1.953125e-03
4425,-2.197266e-03
4426,-2.197266e-03
4427,-2.807617e-03
4428,-2.319336e-03
4429,-2.319336e-03
4430,-2.319336e-03
4431,-1.708984e-03
4432,-1.708984e-03
4433,-2.197266e-03
4434,-2.807617e-03
4435,-2.563477e-03
4436,-1.953125e-03
4437,-2.441406e-03
4438,-2.197266e-03
4439,-1.708984e-03
4440,-3.051758e-03
4441,-1.708984e-03
4442,-1.831055e-03
4443,-1.708984e-03
4444,-1.831055e-03
4445,-2.807617e-03
4446,-3.295898e-03
4447,-2.807617e-03
4448,-2.319336e-03
4449,-2.807617e-03
4450,-2.563477e-03
4451,-2.563477e-03
4452,-2.807617e-03
4453,-2.319336e-03
4454,-2.197266e-03
4455,-3.295898e-03
4456,-3.051758e-03
4457,-2.441406e-03
4458,-2.929688e-03
4459,-2.563477e-03
4460,-2.563477e-03
4461,-2.563477e-03
4462,-1.953125e-03
4463,-3.051758e-03
4464,-2.197266e-03
4465,-2.929688e-03
4466,-2.441406e-03
4467,-2.197266e-03
4468,-2.075195e-03
4469,-1.708984e-03
4470,-1.708984e-03
4471,-2.075195e-03
4472,-2.807617e-03
4473,-2.563477e-03
4474,-2.319336e-03
4475,-2.807617e-03
4476,-1.586914e-03
4477,-2.319336e-03
4478,-2.807617e-03
4479,-2.563477e-03
4480,-2.075195e-03
4481,-1.953125e-03
4482,-2.319336e-03
4483,-2.929688e-03
4484,-2.563477e-03
4485,-3.051758e-03
4486,-2.563477e-03
4487,-2.319336e-03
4488,-2.441406e-03
4489,-2.197266e-03
4490,-2.075195e-03
4491,-2.563477e-03
4492,-2.929688e-03
4493,-1.708984e-03
4494,-2.563477e-03
4495,-3.051758e-03
4496,-1.708984e-03
4497,-1.708984e-03
4498,-2.319336e-03
4499,-2.563477e-03
4500,-2.563477e-03
4501,-2.075195e-03
4502,-2.319336e-03
4503,-2.319336e-03
4504,-3.173828e-03
4505,-2.319336e-03
4506,-2.197266e-03
4507,-2.441406e-03
4508,-2.563477e-03
4509,-2.563477e-03
4510,-1.953125e-03
4511,-2.441406e-03
4512,-2.441406e-03
4513,-2.197266e-03
4514,-1.708984e-03
4515,-2.319336e-03
4516,-2.807617e-03
4517,-1.586914e-03
4518,-2.563477e-03
4519,-2.441406e-03
4520,-3.173828e-03
4521,-2.441406e-03
4522,-2.197266e-03
4523,-2.563477e-03
4524,-2.197266e-03
4525,-2.441406e-03
4526,-1.708984e-03
4527,-2.319336e-03
4528,-2.807617e-03
4529,-2.197266e-03
4530,-2.075195e-03
4531,-2.563477e-03
4532,-2.441406e-03
4533,-2.807617e-03
4534,-2.807617e-03
4535,-2.441406e-03
4536,-2.075195e-03
4537,-2.441406e-03
4538,-2.197266e-03
4539,-2.441406e-03
4540,-2.319336e-03
4541,-2.075195e-03
4542,-2.197266e-03
4543,-2.319336e-03
4544,-2.807617e-03
4545,-2.197266e-03
4546,-2.807617e-03
4547,-2.441406e-03
4548,-2.441406e-03
4549,-2.197266e-03
4550,-1.342773e-03
4551,-1.708984e-03
4552,-1.342773e-03
4553,-1.953125e-03
4554,-2.563477e-03
4555,-2.319336e-03
4556,-1.098633e-03
4557,-2.685547e-03
4558,-4.150391e-03
4559,-3.173828e-03
4560,-2.441406e-03
4561,-2.563477e-03
4562,-2.563477e-03
4563,-1.586914e-03
4564,-2.197266e-03
4565,-2.197266e-03
4566,-1.953125e-03
4567,-2.319336e-03
4568,-2.563477e-03
4569,-2.441406e-03
4570,-2.319336e-03
4571,-2.075195e-03
4572,-2.075195e-03
4573,-2.197266e-03
4574,-1.708984e-03
4575,-2.197266e-03
4576,-1.708984e-03
4577,-2.563477e-03
4578,-1.953125e-03
4579,-1.586914e-03
4580,-1.708984e-03
4581,-1.708984e-03
4582,-2.075195e-03
4583,-2.563477e-03
4584,-3.051758e-03
4585,-3.173828e-03
4586,-1.953125e-03
4587,-2.197266e-03
4588,-2.441406e-03
4589,-2.563477e-03
4590,-1.953125e-03
4591,-2.441406e-03
4592,-2.929688e-03
4593,-3.173828e-03
4594,-2.319336e-03
4595,-2.563477e-03
4596,-2.441406e-03
4597,-2.807617e-03
4598,-1.464844e-03
4599,-2.563477e-03
4600,-3.051758e-03
4601,-2.319336e-03
4602,-3.417969e-03
4603,-2.441406e-03
4604,-2.563477e-03
4605,-2.197266e-03
4606,-2.075195e-03
4607,-2.563477e-03
4608,-1.708984e-03
4609,-2.197266e-03
4610,-1.708984e-03
4611,-2.441406e-03
4612,-2.197266e-03
4613,-2.563477e-03
4614,-2.075195e-03
4615,-1.953125e-03
4616,-2.929688e-03
4617,-2.807617e-03
4618,-1.586914e-03
4619,-2.197266e-03
4620,-2.441406e-03
4621,-2.075195e-03
4622,-3.051758e-03
4623,-2.807617e-03
4624,-2.197266e-03
4625,-2.807617e-03
4626,-2.807617e-03
4627,-2.441406e-03
4628,-1.464844e-03
4629,-2.197266e-03
4630,-2.319336e-03
4631,-1.708984e-03
4632,-2.075195e-03
4633,-2.563477e-03
4634,-2.075195e-03
4635,-1.708984e-03
4636,-1.953125e-03
4637,-2.441406e-03
4638,-1.708984e-03
4639,-1.831055e-03
4640,-2.929688e-03
4641,-2.319336e-03
4642,-3.295898e-03
4643,-3.417969e-03
4644,-2.075195e-03
4645,-2.563477e-03
4646,-2.197266e-03
4647,-1.464844e-03
4648,-2.319336e-03
4649,-1.586914e-03
4650,-1.831055e-03
4651,-1.708984e-03
4652,-3.051758e-03
4653,-1.464844e-03
4654,-2.075195e-03
4655,-2.807617e-03
4656,-3.051758e-03
4657,-1.342773e-03
4658,-1.953125e-03
4659,-2.929688e-03
4660,-1.708984e-03
4661,-2.319336e-03
4662,-2.441406e-03
4663,-2.197266e-03
4664,-2.929688e-03
4665,-1.953125e-03
4666,-2.441406e-03
4667,-2.197266e-03
4668,-1.464844e-03
4669,-3.417969e-03
4670,-1.464844e-03
4671,-2.075195e-03
4672,-2.441406e-03
4673,-1.708984e-03
4674,-2.319336e-03
4675,-2.197266e-03
4676,-2.807617e-03
4677,-2.075195e-03
4678,-1.708984e-03
4679,-2.929688e-03
4680,-2.807617e-03
4681,-1.098633e-03
4682,-2.685547e-03
4683,-1.953125e-03
4684,-2.075195e-03
4685,-2.807617e-03
4686,-2.075195e-03
4687,-1.342773e-03
4688,-1.220703e-03
4689,-1.586914e-03
4690,-2.075195e-03
4691,-2.441406e-03
4692,-2.075195e-03
4693,-2.441406e-03
4694,-1.708984e-03
4695,-1.464844e-03
4696,-1.708984e-03
4697,-2.197266e-03
4698,-2.563477e-03
4699,-2.441406e-03
4700,-1.586914e-03
4701,-1.953125e-03
4702,-2.929688e-03
4703,-1.098633e-03
4704,-2.563477e-03
4705,-2.563477e-03
4706,-1.342773e-03
4707,-1.708984e-03
4708,-2.441406e-03
4709,-2.563477e-03
4710,-1.708984e-03
4711,-2.319336e-03
4712,-2.319336e-03
4713,-1.220703e-03
4714,-2.075195e-03
4715,-2.441406e-03
4716,-2.441406e-03
4717,-1.464844e-03
4718,-2.685547e-03
4719,-3.173828e-03
4720,-1.342773e-03
4721,-2.319336e-03
4722,-2.075195e-03
4723,-2.197266e-03
4724,-2.075195e-03
4725,-1.708984e-03
4726,-3.173828e-03
4727,-2.929688e-03
4728,-2.441406e-03
4729,-2.441406e-03
4730,-1.708984e-03
4731,-2.563477e-03
4732,-2.197266e-03
4733,-1.464844e-03
4734,-2.197266e-03
4735,-2.075195e-03
4736,-1.953125e-03
4737,-1.708984e-03
4738,-2.563477e-03
4739,-2.807617e-03
4740,-2.075195e-03
4741,-2.441406e-03
4742,-2.807617e-03
4743,-2.441406e-03
4744,-1.953125e-03
4745,-1.708984e-03
4746,-3.051758e-03
4747,-2.563477e-03
4748,-2.929688e-03
4749,-2.197266e-03
4750,-2.075195e-03
4751,-2.441406e-03
4752,-2.807617e-03
4753,-2.075195e-03
4754,-2.075195e-03
4755,-2.929688e-03
4756,-2.563477e-03
4757,-2.075195e-03
4758,-2.563477e-03
4759,-2.319336e-03
4760,-1.708984e-03
4761,-1.953125e-03
4762,-3.051758e-03
4763,-2.563477e-03
4764,-2.319336e-03
4765,-1.586914e-03
4766,-2.441406e-03
4767,-1.708984e-03
4768,-2.075195e-03
4769,-2.075195e-03
4770,-2.319336e-03
4771,-2.563477e-03
4772,-1.953125e-03
4773,-2.441406e-03
4774,-2.807617e-03
4775,-1.953125e-03
4776,-1.464844e-03
4777,-2.197266e-03
4778,-2.075195e-03
4779,-1.708984e-03
4780,-2.441406e-03
4781,-1.098633e-03
4782,-1.586914e-03
4783,-3.173828e-03
4784,-2.075195e-03
4785,-2.075195e-03
4786,-3.417969e-03
4787,-3.662109e-03
4788,-1.464844e-03
4789,-1.831055e-03
4790,-2.441406e-03
4791,-2.563477e-03
4792,-1.342773e-03
4793,-1.831055e-03
4794,-1.953125e-03
4795,-2.441406e-03
4796,-1.953125e-03
4797,-2.075195e-03
4798,-1.586914e-03
4799,-1.953125e-03
4800,-2.563477e-03
4801,-2.197266e-03
4802,-2.929688e-03
4803,-1.342773e-03
4804,-1.586914e-03
4805,-2.075195e-03
4806,-2.319336e-03
4807,-1.708984e-03
4808,-2.075195e-03
4809,-2.563477e-03
4810,-3.417969e-03
4811,-1.464844e-03
4812,-1.708984e-03
4813,-1.953125e-03
4814,-2.563477e-03
4815,-2.319336e-03
4816,-2.197266e-03
4817,-2.441406e-03
4818,-2.197266e-03
4819,-2.807617e-03
4820,-2.563477e-03
4821,-2.441406e-03
4822,-2.807617e-03
4823,-1.708984e-03
4824,-2.319336e-03
4825,-2.563477e-03
4826,-1.586914e-03
4827,-1.586914e-03
4828,-2.441406e-03
4829,-1.953125e-03
4830,-1.464844e-03
4831,-2.441406e-03
4832,-1.708984e-03
4833,-1.708984e-03
4834,-2.441406e-03
4835,-2.807617e-03
4836,-2.319336e-03
4837,-1.708984e-03
4838,-1.708984e-03
4839,-1.708984e-03
4840,-1.953125e-03
4841,-2.563477e-03
4842,-2.319336e-03
4843,-2.807617e-03
4844,-2.319336e-03
4845,-1.708984e-03
4846,-1.953125e-03
4847,-1.708984e-03
4848,-2.075195e-03
4849,-2.563477e-03
4850,-1.586914e-03
4851,-2.319336e-03
4852,-2.197266e-03
4853,-1.098633e-03
4854,-2.075195e-03
4855,-1.953125e-03
4856,-2.319336e-03
4857,-2.075195e-03
4858,-2.075195e-03
4859,-1.342773e-03
4860,-1.953125e-03
4861,-1.953125e-03
4862,-2.197266e-03
4863,-2.441406e-03
4864,-1.342773e-03
4865,-2.197266e-03
4866,-2.563477e-03
4867,-2.197266e-03
4868,-1.586914e-03
4869,-2.197266e-03
4870,-1.708984e-03
4871,-2.319336e-03
4872,-1.953125e-03
4873,-1.342773e-03
4874,-1.586914e-03
4875,-1.220703e-03
4876,-1.220703e-03
4877,-2.441406e-03
4878,-2.319336e-03
4879,-2.319336e-03
4880,-2.197266e-03
4881,-2.075195e-03
4882,-1.708984e-03
4883,-1.342773e-03
4884,-1.342773e-03
4885,-2.075195e-03
4886,-1.708984e-03
4887,-1.708984e-03
4888,-1.831055e-03
4889,-1.953125e-03
4890,-2.075195e-03
4891,-2.075195e-03
4892,-2.563477e-03
4893,-1.586914e-03
4894,-8.544922e-04
4895,-3.173828e-03
4896,-1.708984e-03
4897,-1.342773e-03
4898,-2.685547e-03
4899,-3.051758e-03
4900,-1.708984e-03
4901,-1.953125e-03
4902,-2.441406e-03
4903,-2.075195e-03
4904,-1.220703e-03
4905,-2.197266e-03
4906,-2.075195e-03
4907,-3.051758e-03
4908,-1.708984e-03
4909,-1.464844e-03
4910,-1.586914e-03
4911,-1.342773e-03
4912,-1.586914e-03
4913,-1.953125e-03
4914,-2.075195e-03
4915,-1.708984e-03
4916,-1.586914e-03
4917,-1.831055e-03
4918,-1.220703e-03
4919,-2.075195e-03
4920,-1.708984e-03
4921,-1.464844e-03
4922,-1.586914e-03
4923,-1.464844e-03
4924,-1.953125e-03
4925,-1.708984e-03
4926,-1.464844e-03
4927,-2.075195e-03
4928,-2.197266e-03
4929,-2.075195e-03
4930,-1.098633e-03
4931,-2.441406e-03
4932,-1.708984e-03
4933,-9.765625e-04
4934,-1.464844e-03
4935,-1.586914e-03
4936,-1.220703e-03
4937,-2.441406e-03
4938,-2.075195e-03
4939,-2.319336e-03
4940,-2.075195e-03
4941,-2.563477e-03
4942,-2.197266e-03
4943,-2.441406e-03
4944,-1.708984e-03
4945,-1.953125e-03
4946,-2.319336e-03
4947,-8.544922e-04
4948,-1.586914e-03
4949,-2.197266e-03
4950,-2.319336e-03
4951,-1.708984e-03
4952,-2.685547e-03
4953,-1.708984e-03
4954,-1.708984e-03
4955,-2.197266e-03
4956,-2.075195e-03
4957,-2.563477e-03
4958,-2.563477e-03
4959,-1.953125e-03
4960,-2.441406e-03
4961,-1.342773e-03
4962,-1.220703e-03
4963,-1.586914e-03
4964,-1.586914e-03
4965,-1.586914e-03
4966,-1.586914e-03
4967,-1.708984e-03
4968,-1.098633e-03
4969,-2.075195e-03
4970,-2.319336e-03
4971,-1.464844e-03
4972,-3.051758e-03
4973,-1.708984e-03
4974,-2.075195e-03
4975,-1.342773e-03
4976,-2.319336e-03
4977,-2.075195e-03
4978,-2.807617e-03
4979,-1.220703e-03
4980,-2.685547e-03
4981,-2.929688e-03
4982,-1.708984e-03
4983,-1.464844e-03
4984,-2.685547e-03
4985,-1.098633e-03
4986,-8.544922e-04
4987,-2.319336e-03
4988,-1.464844e-03
4989,-1.586914e-03
4990,-2.075195e-03
4991,-1.464844e-03
4992,-2.075195e-03
4993,-2.441406e-03
4994,-2.563477e-03
4995,-1.953125e-03
4996,-1.708984e-03
4997,-2.441406e-03
4998,-1.953125e-03
4999,-1.708984e-03
5000,-1.953125e-03
5001,-1.586914e-03
5002,-2.075195e-03
5003,-1.953125e-03
5004,-2.563477e-03
5005,-2.197266e-03
5006,-1.586914e-03
5007,-2.197266e-03
5008,-2.075195e-03
5009,-2.075195e-03
5010,-1.708984e-03
5011,-1.342773e-03
5012,-1.831055e-03
5013,-2.075195e-03
5014,-1.953125e-03
5015,-1.586914e-03
5016,-7.324219e-04
5017,-2.441406e-03
5018,-1.708984e-03
5019,-1.708984e-03
5020,-2.319336e-03
5021,-1.708984e-03
5022,-1.098633e-03
5023,-2.319336e-03
5024,-1.708984e-03
5025,-1.831055e-03
5026,-1.220703e-03
5027,-1.953125e-03
5028,-1.586914e-03
5029,-9.765625e-04
5030,-1.464844e-03
5031,-1.831055e-03
5032,-1.708984e-03
5033,-8.544922e-04
5034,-1.831055e-03
5035,-1.708984e-03
5036,-2.319336e-03
5037,-2.563477e-03
5038,-1.098633e-03
5039,-1.831055e-03
5040,-2.563477e-03
5041,-2.075195e-03
5042,-2.197266e-03
5043,-1.708984e-03
5044,-1.586914e-03
5045,-2.441406e-03
5046,-1.708984e-03
5047,-2.197266e-03
5048,-1.342773e-03
5049,-9.765625e-04
5050,-2.197266e-03
5051,-2.075195e-03
5052,-1.220703e-03
5053,-2.075195e-03
5054,-1.953125e-03
5055,-2.319336e-03
5056,-2.075195e-03
5057,-1.220703e-03
5058,-2.197266e-03
5059,-2.075195e-03
5060,-1.586914e-03
5061,-1.831055e-03
5062,-1.708984e-03
5063,-2.441406e-03
5064,-1.586914e-03
5065,-2.197266e-03
5066,-1.220703e-03
5067,-2.441406e-03
5068,-2.075195e-03
5069,-1.464844e-03
5070,-2.441406e-03
5071,-1.464844e-03
5072,-2.197266e-03
5073,-1.220703e-03
5074,-1.953125e-03
5075,-8.544922e-04
5076,-1.586914e-03
5077,-1.464844e-03
5078,-2.441406e-03
5079,-2.075195e-03
5080,-2.197266e-03
5081,-2.075195e-03
5082,-2.319336e-03
5083,-2.075195e-03
5084,-2.075195e-03
5085,-2.563477e-03
5086,-2.441406e-03
5087,-2.563477e-03
5088,-2.441406e-03
5089,-2.441406e-03
5090,-1.464844e-03
5091,-1.953125e-03
5092,-2.441406e-03
5093,-1.342773e-03
5094,-1.953125e-03
5095,-1.708984e-03
5096,-1.708984e-03
5097,-1.098633e-03
5098,-2.563477e-03
5099,-1.708984e-03
5100,-1.342773e-03
5101,-1.464844e-03
5102,-2.075195e-03
5103,-1.708984e-03
5104,-1.831055e-03
5105,-1.953125e-03
5106,-2.563477e-03
5107,-1.708984e-03
5108,-1.220703e-03
5109,-1.464844e-03
5110,-2.197266e-03
5111,-2.441406e-03
5112,-1.708984e-03
5113,-2.319336e-03
5114,-2.075195e-03
5115,-1.708984e-03
5116,-2.197266e-03
5117,-1.586914e-03
5118,-2.685547e-03
5119,-2.075195e-03
5120,-2.197266e-03
5121,-1.708984e-03
5122,-1.098633e-03
5123,-1.586914e-03
5124,-2.929688e-03
5125,-1.708984e-03
5126,-1.708984e-03
5127,-1.953125e-03
5128,-1.708984e-03
5129,-1.342773e-03
5130,-2.685547e-03
5131,-2.197266e-03
5132,-1.708984e-03
5133,-3.051758e-03
5134,-1.586914e-03
5135,-2.319336e-03
5136,-2.197266e-03
5137,-1.586914e-03
5138,-1.342773e-03
5139,-1.953125e-03
5140,-1.708984e-03
5141,-1.953125e-03
5142,-1.464844e-03
5143,-1.831055e-03
5144,-2.197266e-03
5145,-1.098633e-03
5146,-2.075195e-03
5147,-1.708984e-03
5148,-1.098633e-03
5149,-1.464844e-03
5150,-1.831055e-03
5151,-2.075195e-03
5152,-2.197266e-03
5153,-1.586914e-03
5154,-1.831055e-03
5155,-2.807617e-03
5156,-2.807617e-03
5157,-1.342773e-03
5158,-1.953125e-03
5159,-2.807617e-03
5160,-2.319336e-03
5161,-1.708984e-03
5162,-1.220703e-03
5163,-1.953125e-03
5164,-2.441406e-03
5165,-2.319336e-03
5166,-2.441406e-03
5167,-2.197266e-03
5168,-1.586914e-03
5169,-1.708984e-03
5170,-1.831055e-03
5171,-2.197266e-03
5172,-2.563477e-03
5173,-1.708984e-03
5174,-1.586914e-03
5175,-1.953125e-03
5176,-1.464844e-03
5177,-2.197266e-03
5178,-1.708984e-03
5179,-1.708984e-03
5180,-1.586914e-03
5181,-1.831055e-03
5182,-1.464844e-03
5183,-2.075195e-03
5184,-2.441406e-03
5185,-2.075195e-03
5186,-1.586914e-03
5187,-2.197266e-03
5188,-1.953125e-03
5189,-2.563477e-03
5190,-8.544922e-04
5191,-1.831055e-03
5192,-2.807617e-03
5193,-2.441406e-03
5194,-1.953125e-03
5195,-2.563477e-03
5196,-2.563477e-03
5197,-8.544922e-04
5198,-1.831055e-03
5199,-2.441406e-03
5200,-2.075195e-03
5201,-1.708984e-03
5202,-2.075195e-03
5203,-1.708984e-03
5204,-1.953125e-03
5205,-1.953125e-03
5206,-2.075195e-03
5207,-1.708984e-03
5208,-2.075195e-03
5209,-1.708984e-03
5210,-1.586914e-03
5211,-1.708984e-03
5212,-1.708984e-03
5213,-2.441406e-03
5214,-2.319336e-03
5215,-2.197266e-03
5216,-1.953125e-03
5217,-1.708984e-03
5218,-1.708984e-03
5219,-1.831055e-03
5220,-1.586914e-03
5221,-1.708984e-03
5222,-1.586914e-03
5223,-1.953125e-03
5224,-1.586914e-03
5225,-1.220703e-03
5226,-1.220703e-03
5227,-1.342773e-03
5228,-7.324219e-04
5229,-9.765625e-04
5230,-1.342773e-03
5231,-2.075195e-03
5232,-2.075195e-03
5233,-1.953125e-03
5234,-2.197266e-03
5235,-1.098633e-03
5236,-1.464844e-03
5237,-1.953125e-03
5238,-2.197266e-03
5239,-6.103516e-04
5240,-2.319336e-03
5241,-1.220703e-03
5242,-2.441406e-03
5243,-1.464844e-03
5244,-1.708984e-03
5245,-2.197266e-03
5246,-1.708984e-03
5247,-2.319336e-03
5248,-1.953125e-03
5249,-2.075195e-03
5250,-1.708984e-03
5251,-2.563477e-03
5252,-1.708984e-03
5253,-1.586914e-03
5254,-1.953125e-03
5255,-1.098633e-03
5256,-1.708984e-03
5257,-1.098633e-03
5258,-1.342773e-03
5259,-1.953125e-03
5260,-1.708984e-03
5261,-2.197266e-03
5262,-1.464844e-03
5263,-1.464844e-03
5264,-1.953125e-03
5265,-8.544922e-04
5266,-1.953125e-03
5267,-2.807617e-03
5268,-1.098633e-03
5269,-1.098633e-03
5270,-2.319336e-03
5271,-1.708984e-03
5272,-1.708984e-03
5273,-3.051758e-03
5274,-1.342773e-03
5275,-2.807617e-03
5276,-2.075195e-03
5277,-1.708984e-03
5278,-2.197266e-03
5279,-1.708984e-03
5280,-1.708984e-03
5281,-1.953125e-03
5282,-2.319336e-03
5283,-1.586914e-03
5284,-1.831055e-03
5285,-1.464844e-03
5286,-9.765625e-04
5287,-2.075195e-03
5288,-2.929688e-03
5289,-2.319336e-03
5290,-2.075195e-03
5291,-1.708984e-03
5292,-2.075195e-03
5293,-2.197266e-03
5294,-2.441406e-03
5295,-2.197266e-03
5296,-2.563477e-03
5297,-2.319336e-03
5298,-1.708984e-03
5299,-1.586914e-03
5300,-1.220703e-03
5301,-1.953125e-03
5302,-1.953125e-03
5303,-2.563477e-03
5304,-2.319336e-03
5305,-1.953125e-03
5306,-1.953125e-03
5307,-1.464844e-03
5308,-1.342773e-03
5309,-1.464844e-03
5310,-2.075195e-03
5311,-1.342773e-03
5312,-2.075195e-03
5313,-2.319336e-03
5314,-2.563477e-03
5315,-1.342773e-03
5316,-1.464844e-03
5317,-1.464844e-03
5318,-8.544922e-04
5319,-2.075195e-03
5320,-1.586914e-03
5321,-1.586914e-03
5322,-9.765625e-04
5323,-2.319336e-03
5324,-1.586914e-03
5325,-1.953125e-03
5326,-2.075195e-03
5327,-1.586914e-03
5328,-1.708984e-03
5329,-1.708984e-03
5330,-6.103516e-04
5331,-2.197266e-03
5332,-1.708984e-03
5333,-9.765625e-04
5334,-9.765625e-04
5335,-1.586914e-03
5336,-1.586914e-03
5337,-1.464844e-03
5338,-1.708984e-03
5339,-2.563477e-03
5340,-1.708984e-03
5341,-2.319336e-03
5342,-2.563477e-03
5343,-1.220703e-03
5344,-1.220703e-03
5345,-1.586914e-03
5346,-2.075195e-03
5347,-2.197266e-03
5348,-1.464844e-03
5349,-1.464844e-03
5350,-2.075195e-03
5351,-1.464844e-03
5352,-1.708984e-03
5353,-1.586914e-03
5354,-1.831055e-03
5355,-1.953125e-03
5356,-1.708984e-03
5357,-1.708984e-03
5358,-1.342773e-03
5359,-2.563477e-03
5360,-1.098633e-03
5361,-1.708984e-03
5362,-1.098633e-03
5363,-1.342773e-03
5364,-1.953125e-03
5365,-1.342773e-03
5366,-2.319336e-03
5367,-8.544922e-04
5368,-1.586914e-03
5369,-1.586914e-03
5370,-2.075195e-03
5371,-2.319336e-03
5372,-1.464844e-03
5373,-2.197266e-03
5374,-2.075195e-03
5375,-1.708984e-03
5376,-2.807617e-03
5377,-2.929688e-03
5378,-2.075195e-03
5379,-1.342773e-03
5380,-2.197266e-03
5381,-2.807617e-03
5382,-2.563477e-03
5383,-1.708984e-03
5384,-2.441406e-03
5385,-1.953125e-03
5386,-1.708984e-03
5387,-2.075195e-03
5388,-1.464844e-03
5389,-2.197266e-03
5390,-1.953125e-03
5391,-1.464844e-03
5392,-9.765625e-04
5393,-1.953125e-03
5394,-1.708984e-03
5395,-2.075195e-03
5396,-1.708984e-03
5397,-2.563477e-03
5398,-1.708984e-03
5399,-1.342773e-03
5400,-1.831055e-03
5401,-2.075195e-03
5402,-1.220703e-03
5403,-2.807617e-03
5404,-2.319336e-03
5405,-2.563477e-03
5406,-1.953125e-03
5407,-2.441406e-03
5408,-3.051758e-03
5409,-1.708984e-03
5410,-2.441406e-03
5411,-1.586914e-03
5412,-1.098633e-03
5413,-1.464844e-03
5414,-1.953125e-03
5415,-2.319336e-03
5416,-1.464844e-03
5417,-2.319336e-03
5418,-1.708984e-03
5419,-1.708984e-03
5420,-1.342773e-03
5421,-1.342773e-03
5422,-2.807617e-03
5423,-2.197266e-03
5424,-2.197266e-03
5425,-1.708984e-03
5426,-1.586914e-03
5427,-1.831055e-03
5428,-1.708984e-03
5429,-1.586914e-03
5430,-1.831055e-03
5431,-1.953125e-03
5432,-2.319336e-03
5433,-2.441406e-03
5434,-1.708984e-03
5435,-1.708984e-03
5436,-1.586914e-03
5437,-1.342773e-03
5438,-2.197266e-03
5439,-2.563477e-03
5440,-1.586914e-03
5441,-1.953125e-03
5442,-1.586914e-03
5443,-2.807617e-03
5444,-2.197266e-03
5445,-1.953125e-03
5446,-1.464844e-03
5447,-1.708984e-03
5448,-1.464844e-03
5449,-1.220703e-03
5450,-2.197266e-03
5451,-1.708984e-03
5452,-2.075195e-03
5453,-2.319336e-03
5454,-2.563477e-03
5455,-1.464844e-03
5456,-1.953125e-03
5457,-1.708984e-03
5458,-1.464844e-03
5459,-1.708984e-03
5460,-1.708984e-03
5461,-2.075195e-03
5462,-1.953125e-03
5463,-1.708984e-03
5464,-2.319336e-03
5465,-2.563477e-03
5466,-2.441406e-03
5467,-1.708984e-03
5468,-1.708984e-03
5469,-9.765625e-04
5470,-2.197266e-03
5471,-3.173828e-03
5472,-1.586914e-03
5473,-1.098633e-03
5474,-1.708984e-03
5475,-2.075195e-03
5476,-2.563477e-03
5477,-1.220703e-03
5478,-2.319336e-03
5479,-2.197266e-03
5480,-2.197266e-03
5481,-3.295898e-03
5482,-1.708984e-03
5483,-2.441406e-03
5484,-2.319336e-03
5485,-2.441406e-03
5486,-1.708984e-03
5487,-1.708984e-03
5488,-1.220703e-03
5489,-2.685547e-03
5490,-2.197266e-03
5491,-2.563477e-03
5492,-1.708984e-03
5493,-1.464844e-03
5494,-1.464844e-03
5495,-2.319336e-03
5496,-2.929688e-03
5497,-2.563477e-03
5498,-2.441406e-03
5499,-2.197266e-03
5500,-3.173828e-03
5501,-2.075195e-03
5502,-2.197266e-03
5503,-3.051758e-03
5504,-2.563477e-03
5505,-2.075195e-03
5506,-1.708984e-03
5507,-2.197266e-03
5508,-3.173828e-03
5509,-2.197266e-03
5510,-2.929688e-03
5511,-2.197266e-03
5512,-1.953125e-03
5513,-2.075195e-03
5514,-2.441406e-03
5515,-1.708984e-03
5516,-2.197266e-03
5517,-2.929688e-03
5518,-1.708984e-03
5519,-2.563477e-03
5520,-2.075195e-03
5521,-1.342773e-03
5522,-1.708984e-03
5523,-2.319336e-03
5524,-1.708984e-03
5525,-2.441406e-03
5526,-1.708984e-03
5527,-2.197266e-03
5528,-2.319336e-03
5529,-2.319336e-03
5530,-1.708984e-03
5531,-2.441406e-03
5532,-1.708984e-03
5533,-1.831055e-03
5534,-2.563477e-03
5535,-2.563477e-03
5536,-2.197266e-03
5537,-1.953125e-03
5538,-1.464844e-03
5539,-1.464844e-03
5540,-1.708984e-03
5541,-2.685547e-03
5542,-1.708984e-03
5543,-1.342773e-03
5544,-2.319336e-03
5545,-1.708984e-03
5546,-2.197266e-03
5547,-2.319336e-03
5548,-1.708984e-03
5549,-1.708984e-03
5550,-2.319336e-03
5551,-2.441406e-03
5552,-2.807617e-03
5553,-2.563477e-03
5554,-2.563477e-03
5555,-1.464844e-03
5556,-2.197266e-03
5557,-1.953125e-03
5558,-1.464844e-03
5559,-1.464844e-03
5560,-9.765625e-04
5561,-1.464844e-03
5562,-2.197266e-03
5563,-1.586914e-03
5564,-3.051758e-03
5565,-1.708984e-03
5566,-2.563477e-03
5567,-2.075195e-03
5568,-2.319336e-03
5569,-2.319336e-03
5570,-2.319336e-03
5571,-1.342773e-03
5572,-1.586914e-03
5573,-2.197266e-03
5574,-2.075195e-03
5575,-2.319336e-03
5576,-2.563477e-03
5577,-2.929688e-03
5578,-2.319336e-03
5579,-1.708984e-03
5580,-1.098633e-03
5581,-1.708984e-03
5582,-2.075195e-03
5583,-2.319336e-03
5584,-1.708984e-03
5585,-2.685547e-03
5586,-2.075195e-03
5587,-2.197266e-03
5588,-1.342773e-03
5589,-2.319336e-03
5590,-2.075195e-03
5591,-2.319336e-03
5592,-1.098633e-03
5593,-2.197266e-03
5594,-2.441406e-03
5595,-1.586914e-03
5596,-1.586914e-03
5597,-1.586914e-03
5598,-1.831055e-03
5599,-2.197266e-03
5600,-2.197266e-03
5601,-1.220703e-03
5602,-1.098633e-03
5603,-9.765625e-04
5604,-2.319336e-03
5605,-2.929688e-03
5606,-2.319336e-03
5607,-2.563477e-03
5608,-8.544922e-04
5609,-1.342773e-03
5610,-2.075195e-03
5611,-1.953125e-03
5612,-2.319336e-03
5613,-2.807617e-03
5614,-1.708984e-03
5615,-2.441406e-03
5616,-2.441406e-03
5617,-1.708984e-03
5618,-2.441406e-03
5619,-2.319336e-03
5620,-2.441406e-03
5621,-8.544922e-04
5622,-2.075195e-03
5623,-1.342773e-03
5624,-2.197266e-03
5625,-1.953125e-03
5626,-2.075195e-03
5627,-2.441406e-03
5628,-1.464844e-03
5629,-1.586914e-03
5630,-1.220703e-03
5631,-2.563477e-03
5632,-2.197266e-03
5633,-2.197266e-03
5634,-1.953125e-03
5635,-1.953125e-03
5636,-2.075195e-03
5637,-1.586914e-03
5638,-1.464844e-03
5639,-2.197266e-03
5640,-2.563477e-03
5641,-2.197266e-03
5642,-1.708984e-03
5643,-1.708984e-03
5644,-2.441406e-03
5645,-2.563477e-03
5646,-1.098633e-03
5647,-1.831055e-03
5648,-1.708984e-03
5649,-1.953125e-03
5650,-3.051758e-03
5651,-3.173828e-03
5652,-2.319336e-03
5653,-2.441406e-03
5654,-2.197266e-03
5655,-2.075195e-03
5656,-2.563477e-03
5657,-2.563477e-03
5658,-1.708984e-03
5659,-1.464844e-03
5660,-8.544922e-04
5661,-1.586914e-03
5662,-2.563477e-03
5663,-2.441406e-03
5664,-1.953125e-03
5665,-2.319336e-03
5666,-2.197266e-03
5667,-2.197266e-03
5668,-2.441406e-03
5669,-1.586914e-03
5670,-1.831055e-03
5671,-2.563477e-03
5672,-1.708984e-03
5673,-1.464844e-03
5674,-1.831055e-03
5675,-2.441406e-03
5676,-2.075195e-03
5677,-1.586914e-03
5678,-2.563477e-03
5679,-1.464844e-03
5680,-1.342773e-03
5681,-2.197266e-03
5682,-2.075195e-03
5683,-1.342773e-03
5684,-2.197266e-03
5685,-2.807617e-03
5686,-2.075195e-03
5687,-2.563477e-03
5688,-1.953125e-03
5689,-2.319336e-03
5690,-2.807617e-03
5691,-2.075195e-03
5692,-2.319336e-03
5693,-1.708984e-03
5694,-2.075195e-03
5695,-2.319336e-03
5696,-1.586914e-03
5697,-1.464844e-03
5698,-2.685547e-03
5699,-2.319336e-03
5700,-2.929688e-03
5701,-1.953125e-03
5702,-2.563477e-03
5703,-1.708984e-03
5704,-2.807617e-03
5705,-1.953125e-03
5706,-2.563477e-03
5707,-2.563477e-03
5708,-2.929688e-03
5709,-1.708984e-03
5710,-2.197266e-03
5711,-1.708984e-03
5712,-8.544922e-04
5713,-1.586914e-03
5714,-2.441406e-03
5715,-1.708984e-03
5716,-1.831055e-03
5717,-2.563477e-03
5718,-1.708984e-03
5719,-1.342773e-03
5720,-1.708984e-03
5721,-2.197266e-03
5722,-2.197266e-03
5723,-2.563477e-03
5724,-1.342773e-03
5725,-2.685547e-03
5726,-2.563477e-03
5727,-2.197266e-03
5728,-1.586914e-03
5729,-2.441406e-03
5730,-1.708984e-03
5731,-1.953125e-03
5732,-2.563477e-03
5733,-2.197266e-03
5734,-2.807617e-03
5735,-1.708984e-03
5736,-3.295898e-03
5737,-1.953125e-03
5738,-2.197266e-03
5739,-1.586914e-03
5740,-3.051758e-03
5741,-3.173828e-03
5742,-1.586914e-03
5743,-3.051758e-03
5744,-2.441406e-03
5745,-2.197266e-03
5746,-2.563477e-03
5747,-1.953125e-03
5748,-2.563477e-03
5749,-2.563477e-03
5750,-2.319336e-03
5751,-2.075195e-03
5752,-2.441406e-03
5753,-2.929688e-03
5754,-1.586914e-03
5755,-1.953125e-03
5756,-1.708984e-03
5757,-2.563477e-03
5758,-2.563477e-03
5759,-2.441406e-03
5760,-2.197266e-03
5761,-2.563477e-03
5762,-1.586914e-03
5763,-1.586914e-03
5764,-1.953125e-03
5765,-2.441406e-03
5766,-2.075195e-03
5767,-1.953125e-03
5768,-1.708984e-03
5769,-2.075195e-03
5770,-2.807617e-03
5771,-2.563477e-03
5772,-2.929688e-03
5773,-1.953125e-03
5774,-2.929688e-03
5775,-2.563477e-03
5776,-2.929688e-03
5777,-2.441406e-03
5778,-2.563477e-03
5779,-2.563477e-03
5780,-2.563477e-03
5781,-2.319336e-03
5782,-2.197266e-03
5783,-2.075195e-03
5784,-2.563477e-03
5785,-2.441406e-03
5786,-1.464844e-03
5787,-2.685547e-03
5788,-2.197266e-03
5789,-3.417969e-03
5790,-2.441406e-03
5791,-2.319336e-03
5792,-2.319336e-03
5793,-1.953125e-03
5794,-2.929688e-03
5795,-2.197266e-03
5796,-2.319336e-03
5797,-3.173828e-03
5798,-3.051758e-03
5799,-2.197266e-03
5800,-3.417969e-03
5801,-2.929688e-03
5802,-2.563477e-03
5803,-2.441406e-03
5804,-1.953125e-03
5805,-3.051758e-03
5806,-2.197266e-03
5807,-3.051758e-03
5808,-1.342773e-03
5809,-3.295898e-03
5810,-2.563477e-03
5811,-2.563477e-03
5812,-3.051758e-03
5813,-2.563477e-03
5814,-3.173828e-03
5815,-2.075195e-03
5816,-3.784180e-03
5817,-2.197266e-03
5818,-1.708984e-03
5819,-1.220703e-03
5820,-2.075195e-03
5821,-3.051758e-03
5822,-3.051758e-03
5823,-2.807617e-03
5824,-2.563477e-03
5825,-3.295898e-03
5826,-2.441406e-03
5827,-1.953125e-03
5828,-2.807617e-03
5829,-2.563477e-03
5830,-2.075195e-03
5831,-2.197266e-03
5832,-2.807617e-03
5833,-2.319336e-03
5834,-3.295898e-03
5835,-2.563477e-03
5836,-1.708984e-03
5837,-2.807617e-03
5838,-3.417969e-03
5839,-2.563477e-03
5840,-2.563477e-03
5841,-2.563477e-03
5842,-3.051758e-03
5843,-2.563477e-03
5844,-2.197266e-03
5845,-1.953125e-03
5846,-2.075195e-03
5847,-2.319336e-03
5848,-2.929688e-03
5849,-2.563477e-03
5850,-2.197266e-03
5851,-2.319336e-03
5852,-2.319336e-03
5853,-2.319336e-03
5854,-2.807617e-03
5855,-2.929688e-03
5856,-2.807617e-03
5857,-2.563477e-03
5858,-2.319336e-03
5859,-2.319336e-03
5860,-2.929688e-03
5861,-2.319336e-03
5862,-2.197266e-03
5863,-2.075195e-03
5864,-2.563477e-03
5865,-2.441406e-03
5866,-3.051758e-03
5867,-2.563477e-03
5868,-2.807617e-03
5869,-2.075195e-03
5870,-2.319336e-03
5871,-2.563477e-03
5872,-2.441406e-03
5873,-2.807617e-03
5874,-3.173828e-03
5875,-2.563477e-03
5876,-2.563477e-03
5877,-2.563477e-03
5878,-2.929688e-03
5879,-2.929688e-03
5880,-2.563477e-03
5881,-2.929688e-03
5882,-2.197266e-03
5883,-2.807617e-03
5884,-2.319336e-03
5885,-3.417969e-03
5886,-2.563477e-03
5887,-1.953125e-03
5888,-2.075195e-03
5889,-2.807617e-03
5890,-2.807617e-03
5891,-3.784180e-03
5892,-1.831055e-03
5893,-2.563477e-03
5894,-2.319336e-03
5895,-3.417969e-03
5896,-2.807617e-03
5897,-2.197266e-03
5898,-1.708984e-03
5899,-2.197266e-03
5900,-2.929688e-03
5901,-3.173828e-03
5902,-2.075195e-03
5903,-3.051758e-03
5904,-2.319336e-03
5905,-2.563477e-03
5906,-2.807617e-03
5907,-2.197266e-03
5908,-3.173828e-03
5909,-2.563477e-03
5910,-2.441406e-03
5911,-2.441406e-03
5912,-2.319336e-03
5913,-3.662109e-03
5914,-3.051758e-03
5915,-2.319336e-03
5916,-2.197266e-03
5917,-3.173828e-03
5918,-1.267090e-01
5919,1.260986e-01
5920,-1.474609e-01
5921,1.408691e-01
5922,-1.589355e-01
5923,1.475830e-01
5924,-1.610107e-01
5925,1.451416e-01
5926,-1.519775e-01
5927,1.304932e-01
5928,-1.358643e-01
5929,1.103516e-01
5930,-1.104736e-01
5931,8.190918e-02
5932,-7.727051e-02
5933,4.724121e-02
5934,-4.113770e-02
5935,9.399414e-03
5936,-4.516602e-03
5937,-3.076172e-02
5938,3.466797e-02
5939,-6.652832e-02
5940,7.067871e-02
5941,-9.960938e-02
5942,9.985352e-02
5943,-1.300049e-01
5944,1.237793e-01
5945,-1.475830e-01
5946,1.413574e-01
5947,-1.580811e-01
5948,1.467285e-01
5949,-1.611328e-01
5950,1.442871e-01
5951,-1.522217e-01
5952,1.328125e-01
5953,-1.358643e-01
5954,1.098633e-01
5955,-1.081543e-01
5956,8.093262e-02
5957,-7.946777e-02
5958,4.797363e-02
5959,-4.125977e-02
5960,8.056641e-03
5961,-3.173828e-03
5962,-3.027344e-02
5963,3.430176e-02
5964,-6.665039e-02
5965,6.994629e-02
5966,-9.899902e-02
5967,9.973145e-02
5968,-1.281738e-01
5969,1.268311e-01
5970,-1.478271e-01
5971,1.409912e-01
5972,-1.600342e-01
5973,1.470947e-01
5974,-1.614990e-01
5975,1.418457e-01
5976,-1.519775e-01
5977,1.325684e-01
5978,-1.350098e-01
5979,1.103516e-01
5980,-1.097412e-01
5981,8.215332e-02
5982,-7.885742e-02
5983,4.663086e-02
5984,-4.040527e-02
5985,7.080078e-03
5986,-4.150391e-03
5987,-3.002930e-02
5988,3.491211e-02
5989,-6.750488e-02
5990,6.848145e-02
5991,-9.912109e-02
5992,1.013184e-01
5993,-1.286621e-01
5994,1.246338e-01
5995,-1.478271e-01
5996,1.416016e-01
5997,-1.597900e-01
5998,1.463623e-01
5999,-1.612549e-01
6000,1.451416e-01
6001,-1.527100e-01
6002,1.318359e-01
6003,-1.359863e-01
6004,1.101074e-01
6005,-1.109619e-01
6006,8.190918e-02
6007,-7.678223e-02
6008,4.541016e-02
6009,-4.284668e-02
6010,9.765625e-03
6011,-3.417969e-03
6012,-2.966309e-02
6013,3.466797e-02
6014,-6.420898e-02
6015,6.994629e-02
6016,-1.022949e-01
6017,1.029053e-01
6018,-1.273193e-01
6019,1.260986e-01
6020,-1.475830e-01
6021,1.405029e-01
6022,-1.579590e-01
6023,1.467285e-01
6024,-1.612549e-01
6025,1.457520e-01
6026,-1.513672e-01
6027,1.309814e-01
6028,-1.359863e-01
6029,1.108398e-01
6030,-1.102295e-01
6031,8.007812e-02
6032,-7.653809e-02
6033,4.785156e-02
6034,-4.370117e-02
6035,8.911133e-03
6036,-2.685547e-03
6037,-2.978516e-02
6038,3.271484e-02
6039,-6.738281e-02
6040,6.970215e-02
6041,-1.013184e-01
6042,9.924316e-02
6043,-1.274414e-01
6044,1.260986e-01
6045,-1.486816e-01
6046,1.408691e-01
6047,-1.580811e-01
6048,1.472168e-01
6049,-1.616211e-01
6050,1.459961e-01
6051,-1.528320e-01
6052,1.304932e-01
6053,-1.348877e-01
6054,1.103516e-01
6055,-1.113281e-01
6056,8.117676e-02
6057,-7.922363e-02
6058,4.785156e-02
6059,-4.345703e-02
6060,8.422852e-03
6061,-2.441406e-03
6062,-2.954102e-02
6063,3.381348e-02
6064,-6.567383e-02
6065,7.067871e-02
6066,-9.912109e-02
6067,9.899902e-02
6068,-1.291504e-01
6069,1.263428e-01
6070,-1.469727e-01
6071,1.400146e-01
6072,-1.597900e-01
6073,1.484375e-01
6074,-1.606445e-01
6075,1.428223e-01
6076,-1.527100e-01
6077,1.325684e-01
6078,-1.359863e-01
6079,1.120605e-01
6080,-1.105957e-01
6081,8.105469e-02
6082,-7.739258e-02
6083,4.516602e-02
6084,-4.187012e-02
6085,1.013184e-02
6086,-5.249023e-03
6087,-3.198242e-02
6088,3.454590e-02
6089,-6.555176e-02
6090,6.860352e-02
6091,-1.002197e-01
6092,1.021729e-01
6093,-1.281738e-01
6094,1.246338e-01
6095,-1.461182e-01
6096,1.395264e-01
6097,-1.584473e-01
6098,1.483154e-01
6099,-1.616211e-01
6100,1.428223e-01
6101,-1.550293e-01
6102,1.309814e-01
6103,-1.361084e-01
6104,1.118164e-01
6105,-1.113281e-01
6106,8.020020e-02
6107,-7.690430e-02
6108,4.760742e-02
6109,-4.174805e-02
6110,8.422852e-03
6111,-5.493164e-03
6112,-2.905273e-02
6113,3.479004e-02
6114,-6.774902e-02
6115,6.896973e-02
6116,-9.912109e-02
6117,1.005859e-01
6118,-1.275635e-01
6119,1.247559e-01
6120,-1.478271e-01
6121,1.418457e-01
6122,-1.582031e-01
6123,1.484375e-01
6124,-1.623535e-01
6125,1.427002e-01
6126,-1.524658e-01
6127,1.306152e-01
6128,-1.361084e-01
6129,1.099854e-01
6130,-1.121826e-01
6131,8.215332e-02
6132,-7.714844e-02
6133,4.602051e-02
6134,-4.418945e-02
6135,8.544922e-03
6136,-4.394531e-03
6137,-3.002930e-02
6138,3.295898e-02
6139,-6.665039e-02
6140,6.958008e-02
6141,-1.002197e-01
6142,1.015625e-01
6143,-1.269531e-01
6144,1.232910e-01
6145,-1.480713e-01
6146,1.416016e-01
6147,-1.580811e-01
6148,1.459961e-01
6149,-1.606445e-01
6150,1.440430e-01
6151,-1.525879e-01
6152,1.311035e-01
6153,-1.370850e-01
6154,1.102295e-01
6155,-1.103516e-01
6156,8.154297e-02
6157,-8.068848e-02
6158,4.821777e-02
6159,-4.174805e-02
6160,8.544922e-03
6161,-3.417969e-03
6162,-2.905273e-02
6163,3.491211e-02
6164,-6.616211e-02
6165,6.848145e-02
6166,-1.003418e-01
6167,1.007080e-01
6168,-1.285400e-01
6169,1.247559e-01
6170,-1.477051e-01
6171,1.400146e-01
6172,-1.590576e-01
6173,1.479492e-01
6174,-1.607666e-01
6175,1.435547e-01
6176,-1.519775e-01
6177,1.314697e-01
6178,-1.367188e-01
6179,1.118164e-01
6180,-1.085205e-01
6181,8.166504e-02
6182,-8.166504e-02
6183,4.772949e-02
6184,-4.052734e-02
6185,9.277344e-03
6186,-5.004883e-03
6187,-2.954102e-02
6188,3.356934e-02
6189,-6.774902e-02
6190,6.701660e-02
6191,-1.000977e-01
6192,9.985352e-02
6193,-1.285400e-01
6194,1.254883e-01
6195,-1.479492e-01
6196,1.387939e-01
6197,-1.582031e-01
6198,1.481934e-01
6199,-1.599121e-01
6200,1.434326e-01
6201,-1.520996e-01
6202,1.322021e-01
6203,-1.374512e-01
6204,1.107178e-01
6205,-1.096191e-01
6206,8.166504e-02
6207,-8.056641e-02
6208,4.650879e-02
6209,-4.357910e-02
6210,1.013184e-02
6211,-4.272461e-03
6212,-3.015137e-02
6213,3.491211e-02
6214,-6.384277e-02
6215,6.701660e-02
6216,-1.008301e-01
6217,1.015625e-01
6218,-1.281738e-01
6219,1.243896e-01
6220,-1.478271e-01
6221,1.420898e-01
6222,-1.599121e-01
6223,1.467285e-01
6224,-1.591797e-01
6225,1.453857e-01
6226,-1.529541e-01
6227,1.311035e-01
6228,-1.373291e-01
6229,1.121826e-01
6230,-1.096191e-01
6231,8.142090e-02
6232,-8.032227e-02
6233,4.541016e-02
6234,-4.382324e-02
6235,8.666992e-03
6236,-4.516602e-03
6237,-2.941895e-02
6238,3.161621e-02
6239,-6.652832e-02
6240,6.958008e-02
6241,-1.014404e-01
6242,9.924316e-02
6243,-1.278076e-01
6244,1.241455e-01
6245,-1.450195e-01
6246,1.396484e-01
6247,-1.597900e-01
6248,1.485596e-01
6249,-1.608887e-01
6250,1.434326e-01
6251,-1.531982e-01
6252,1.317139e-01
6253,-1.369629e-01
6254,1.126709e-01
6255,-1.115723e-01
6256,8.020020e-02
6257,-7.690430e-02
6258,4.711914e-02
6259,-4.541016e-02
6260,9.765625e-03
6261,-2.807617e-03
6262,-2.929688e-02
6263,3.234863e-02
6264,-6.579590e-02
6265,6.677246e-02
6266,-9.936523e-02
6267,9.985352e-02
6268,-1.265869e-01
6269,1.247559e-01
6270,-1.469727e-01
6271,1.395264e-01
6272,-1.606445e-01
6273,1.477051e-01
6274,-1.611328e-01
6275,1.441650e-01
6276,-1.535645e-01
6277,1.330566e-01
6278,-1.354980e-01
6279,1.086426e-01
6280,-1.093750e-01
6281,8.044434e-02
6282,-8.007812e-02
6283,4.980469e-02
6284,-4.235840e-02
6285,9.277344e-03
6286,-5.004883e-03
6287,-3.027344e-02
6288,3.320312e-02
6289,-6.604004e-02
6290,6.884766e-02
6291,-1.010742e-01
6292,1.015625e-01
6293,-1.286621e-01
6294,1.228027e-01
6295,-1.466064e-01
6296,1.397705e-01
6297,-1.599121e-01
6298,1.470947e-01
6299,-1.613770e-01
6300,1.434326e-01
6301,-1.511230e-01
6302,1.334229e-01
6303,-1.375732e-01
6304,1.109619e-01
6305,-1.114502e-01
6306,8.239746e-02
6307,-7.751465e-02
6308,4.687500e-02
6309,-4.345703e-02
6310,1.159668e-02
6311,-4.760742e-03
6312,-2.905273e-02
6313,3.320312e-02
6314,-6.579590e-02
6315,6.823730e-02
6316,-9.899902e-02
6317,9.960938e-02
6318,-1.284180e-01
6319,1.248779e-01
6320,-1.480713e-01
6321,1.407471e-01
6322,-1.586914e-01
6323,1.481934e-01
6324,-1.616211e-01
6325,1.429443e-01
6326,-1.530762e-01
6327,1.333008e-01
6328,-1.367188e-01
6329,1.096191e-01
6330,-1.135254e-01
6331,8.325195e-02
6332,-8.032227e-02
6333,4.797363e-02
6334,-4.125977e-02
6335,1.171875e-02
6336,-6.591797e-03
6337,-2.941895e-02
6338,3.405762e-02
6339,-6.579590e-02
6340,6.970215e-02
6341,-9.912109e-02
6342,1.002197e-01
6343,-1.275635e-01
6344,1.246338e-01
6345,-1.467285e-01
6346,1.395264e-01
6347,-1.585693e-01
6348,1.468506e-01
6349,-1.600342e-01
6350,1.435547e-01
6351,-1.535645e-01
6352,1.325684e-01
6353,-1.356201e-01
6354,1.112061e-01
6355,-1.120605e-01
6356,8.312988e-02
6357,-8.056641e-02
6358,4.748535e-02
6359,-4.284668e-02
6360,8.789062e-03
6361,-2.319336e-03
6362,-2.819824e-02
6363,3.308105e-02
6364,-6.579590e-02
6365,6.884766e-02
6366,-9.924316e-02
6367,1.013184e-01
6368,-1.253662e-01
6369,1.229248e-01
6370,-1.478271e-01
6371,1.418457e-01
6372,-1.591797e-01
6373,1.483154e-01
6374,-1.614990e-01
6375,1.441650e-01
6376,-1.536865e-01
6377,1.311035e-01
6378,-1.357422e-01
6379,1.098633e-01
6380,-1.115723e-01
6381,8.288574e-02
6382,-7.971191e-02
6383,4.809570e-02
6384,-4.138184e-02
6385,1.135254e-02
6386,-6.103516e-03
6387,-2.868652e-02
6388,3.381348e-02
6389,-6.494141e-02
6390,6.799316e-02
6391,-9.777832e-02
6392,9.899902e-02
6393,-1.273193e-01
6394,1.248779e-01
6395,-1.469727e-01
6396,1.407471e-01
6397,-1.579590e-01
6398,1.462402e-01
6399,-1.616211e-01
6400,1.453857e-01
6401,-1.531982e-01
6402,1.315918e-01
6403,-1.379395e-01
6404,1.125488e-01
6405,-1.103516e-01
6406,8.215332e-02
6407,-8.007812e-02
6408,4.748535e-02
6409,-4.296875e-02
6410,9.277344e-03
6411,-5.249023e-03
6412,-2.819824e-02
6413,3.308105e-02
6414,-6.640625e-02
6415,6.701660e-02
6416,-9.851074e-02
6417,9.948730e-02
6418,-1.285400e-01
6419,1.246338e-01
6420,-1.469727e-01
6421,1.391602e-01
6422,-1.584473e-01
6423,1.483154e-01
6424,-1.616211e-01
6425,1.440430e-01
6426,-1.529541e-01
6427,1.324463e-01
6428,-1.367188e-01
6429,1.101074e-01
6430,-1.132812e-01
6431,8.166504e-02
6432,-7.958984e-02
6433,4.785156e-02
6434,-4.321289e-02
6435,9.155273e-03
6436,-7.690430e-03
6437,-2.905273e-02
6438,3.479004e-02
6439,-6.665039e-02
6440,6.762695e-02
6441,-9.790039e-02
6442,9.790039e-02
6443,-1.280518e-01
6444,1.247559e-01
6445,-1.478271e-01
6446,1.400146e-01
6447,-1.589355e-01
6448,1.473389e-01
6449,-1.613770e-01
6450,1.451416e-01
6451,-1.520996e-01
6452,1.314697e-01
6453,-1.364746e-01
6454,1.119385e-01
6455,-1.134033e-01
6456,8.410645e-02
6457,-7.800293e-02
6458,4.809570e-02
6459,-4.296875e-02
6460,9.887695e-03
6461,-3.784180e-03
6462,-2.722168e-02
6463,3.320312e-02
6464,-6.604004e-02
6465,6.823730e-02
6466,-9.997559e-02
6467,9.924316e-02
6468,-1.265869e-01
6469,1.232910e-01
6470,-1.468506e-01
6471,1.403809e-01
6472,-1.590576e-01
6473,1.468506e-01
6474,-1.606445e-01
6475,1.434326e-01
6476,-1.528320e-01
6477,1.322021e-01
6478,-1.372070e-01
6479,1.094971e-01
6480,-1.130371e-01
6481,8.276367e-02
6482,-8.093262e-02
6483,4.748535e-02
6484,-4.260254e-02
6485,9.521484e-03
6486,-6.591797e-03
6487,-2.941895e-02
6488,3.222656e-02
6489,-6.494141e-02
6490,6.579590e-02
6491,-1.000977e-01
6492,9.765625e-02
6493,-1.295166e-01
6494,1.239014e-01
6495,-1.469727e-01
6496,1.392822e-01
6497,-1.590576e-01
6498,1.473389e-01
6499,-1.612549e-01
6500,1.445312e-01
6501,-1.525879e-01
6502,1.317139e-01
6503,-1.373291e-01
6504,1.119385e-01
6505,-1.127930e-01
6506,8.435059e-02
6507,-8.154297e-02
6508,4.785156e-02
6509,-4.235840e-02
6510,1.000977e-02
6511,-4.394531e-03
6512,-2.807617e-02
6513,3.259277e-02
6514,-6.445312e-02
6515,6.860352e-02
6516,-9.936523e-02
6517,9.973145e-02
6518,-1.251221e-01
6519,1.231689e-01
6520,-1.464844e-01
6521,1.406250e-01
6522,-1.593018e-01
6523,1.480713e-01
6524,-1.624756e-01
6525,1.434326e-01
6526,-1.542969e-01
6527,1.319580e-01
6528,-1.378174e-01
6529,1.101074e-01
6530,-1.110840e-01
6531,8.288574e-02
6532,-7.946777e-02
6533,4.956055e-02
6534,-4.541016e-02
6535,1.013184e-02
6536,-4.394531e-03
6537,-3.076172e-02
6538,3.405762e-02
6539,-6.384277e-02
6540,6.726074e-02
6541,-9.960938e-02
6542,9.814453e-02
6543,-1.268311e-01
6544,1.239014e-01
6545,-1.480713e-01
6546,1.407471e-01
6547,-1.556396e-01
6548,1.468506e-01
6549,-1.625977e-01
6550,1.444092e-01
6551,-1.534424e-01
6552,1.334229e-01
6553,-1.380615e-01
6554,1.130371e-01
6555,-1.110840e-01
6556,8.276367e-02
6557,-8.081055e-02
6558,5.065918e-02
6559,-4.528809e-02
6560,1.025391e-02
6561,-5.126953e-03
6562,-2.685547e-02
6563,3.234863e-02
6564,-6.591797e-02
6565,6.787109e-02
6566,-9.924316e-02
6567,9.960938e-02
6568,-1.258545e-01
6569,1.225586e-01
6570,-1.474609e-01
6571,1.394043e-01
6572,-1.593018e-01
6573,1.459961e-01
6574,-1.607666e-01
6575,1.456299e-01
6576,-1.528320e-01
6577,1.322021e-01
6578,-1.363525e-01
6579,1.103516e-01
6580,-1.124268e-01
6581,8.300781e-02
6582,-8.117676e-02
6583,4.858398e-02
6584,-4.504395e-02
6585,8.056641e-03
6586,-5.981445e-03
6587,-2.819824e-02
6588,3.247070e-02
6589,-6.591797e-02
6590,6.762695e-02
6591,-9.765625e-02
6592,9.936523e-02
6593,-1.276855e-01
6594,1.250000e-01
6595,-1.475830e-01
6596,1.398926e-01
6597,-1.572266e-01
6598,1.457520e-01
6599,-1.623535e-01
6600,1.450195e-01
6601,-1.541748e-01
6602,1.331787e-01
6603,-1.350098e-01
6604,1.109619e-01
6605,-1.119385e-01
6606,8.435059e-02
6607,-7.922363e-02
6608,4.833984e-02
6609,-4.492188e-02
6610,1.086426e-02
6611,-5.859375e-03
6612,-2.868652e-02
6613,3.100586e-02
6614,-6.628418e-02
6615,6.701660e-02
6616,-9.631348e-02
6617,9.887695e-02
6618,-1.268311e-01
6619,1.237793e-01
6620,-1.461182e-01
6621,1.394043e-01
6622,-1.582031e-01
6623,1.462402e-01
6624,-1.622314e-01
6625,1.437988e-01
6626,-1.552734e-01
6627,1.317139e-01
6628,-1.369629e-01
6629,1.134033e-01
6630,-1.131592e-01
6631,8.227539e-02
6632,-7.958984e-02
6633,4.602051e-02
6634,-4.565430e-02
6635,1.220703e-02
6636,-6.835938e-03
6637,-2.819824e-02
6638,3.112793e-02
6639,-6.274414e-02
6640,6.762695e-02
6641,-1.002197e-01
6642,9.814453e-02
6643,-1.264648e-01
6644,1.220703e-01
6645,-1.491699e-01
6646,1.398926e-01
6647,-1.596680e-01
6648,1.477051e-01
6649,-1.606445e-01
6650,1.434326e-01
6651,-1.541748e-01
6652,1.322021e-01
6653,-1.359863e-01
6654,1.131592e-01
6655,-1.119385e-01
6656,8.386230e-02
6657,-7.885742e-02
6658,4.870605e-02
6659,-4.418945e-02
6660,9.887695e-03
6661,-6.103516e-03
6662,-2.770996e-02
6663,3.198242e-02
6664,-6.396484e-02
6665,6.823730e-02
6666,-9.765625e-02
6667,9.997559e-02
6668,-1.268311e-01
6669,1.236572e-01
6670,-1.459961e-01
6671,1.408691e-01
6672,-1.573486e-01
6673,1.455078e-01
6674,-1.630859e-01
6675,1.448975e-01
6676,-1.528320e-01
6677,1.324463e-01
6678,-1.386719e-01
6679,1.126709e-01
6680,-1.120605e-01
6681,8.288574e-02
6682,-8.105469e-02
6683,4.748535e-02
6684,-4.479980e-02
6685,1.025391e-02
6686,-7.080078e-03
6687,-2.612305e-02
6688,3.063965e-02
6689,-6.457520e-02
6690,6.909180e-02
6691,-9.826660e-02
6692,9.997559e-02
6693,-1.268311e-01
6694,1.229248e-01
6695,-1.481934e-01
6696,1.397705e-01
6697,-1.572266e-01
6698,1.467285e-01
6699,-1.606445e-01
6700,1.442871e-01
6701,-1.544189e-01
6702,1.324463e-01
6703,-1.367188e-01
6704,1.092529e-01
6705,-1.119385e-01
6706,8.496094e-02
6707,-8.203125e-02
6708,4.589844e-02
6709,-4.333496e-02
6710,9.399414e-03
6711,-3.417969e-03
6712,-2.490234e-02
6713,3.161621e-02
6714,-6.506348e-02
6715,6.848145e-02
6716,-9.863281e-02
6717,9.790039e-02
6718,-1.274414e-01
6719,1.217041e-01
6720,-1.457520e-01
6721,1.411133e-01
6722,-1.589355e-01
6723,1.468506e-01
6724,-1.610107e-01
6725,1.445312e-01
6726,-1.544189e-01
6727,1.311035e-01
6728,-1.369629e-01
6729,1.102295e-01
6730,-1.141357e-01
6731,8.483887e-02
6732,-7.958984e-02
6733,4.870605e-02
6734,-4.577637e-02
6735,1.147461e-02
6736,-6.103516e-03
6737,-2.697754e-02
6738,3.149414e-02
6739,-6.396484e-02
6740,6.738281e-02
6741,-9.875488e-02
6742,9.814453e-02
6743,-1.257324e-01
6744,1.229248e-01
6745,-1.472168e-01
6746,1.403809e-01
6747,-1.588135e-01
6748,1.468506e-01
6749,-1.602783e-01
6750,1.419678e-01
6751,-1.539307e-01
6752,1.345215e-01
6753,-1.379395e-01
6754,1.123047e-01
6755,-1.127930e-01
6756,8.251953e-02
6757,-8.032227e-02
6758,4.882812e-02
6759,-4.492188e-02
6760,1.013184e-02
6761,-5.981445e-03
6762,-2.636719e-02
6763,3.198242e-02
6764,-6.347656e-02
6765,6.958008e-02
6766,-9.912109e-02
6767,9.790039e-02
6768,-1.253662e-01
6769,1.221924e-01
6770,-1.486816e-01
6771,1.419678e-01
6772,-1.604004e-01
6773,1.458740e-01
6774,-1.607666e-01
6775,1.446533e-01
6776,-1.518555e-01
6777,1.312256e-01
6778,-1.381836e-01
6779,1.127930e-01
6780,-1.124268e-01
6781,8.239746e-02
6782,-8.093262e-02
6783,4.882812e-02
6784,-4.602051e-02
6785,1.354980e-02
6786,-5.249023e-03
6787,-2.868652e-02
6788,3.149414e-02
6789,-6.372070e-02
6790,6.652832e-02
6791,-9.680176e-02
6792,9.777832e-02
6793,-1.273193e-01
6794,1.226807e-01
6795,-1.468506e-01
6796,1.414795e-01
6797,-1.569824e-01
6798,1.459961e-01
6799,-1.614990e-01
6800,1.436768e-01
6801,-1.544189e-01
6802,1.320801e-01
6803,-1.392822e-01
6804,1.101074e-01
6805,-1.116943e-01
6806,8.361816e-02
6807,-8.056641e-02
6808,4.858398e-02
6809,-4.589844e-02
6810,1.232910e-02
6811,-7.568359e-03
6812,-2.661133e-02
6813,3.295898e-02
6814,-6.445312e-02
6815,6.738281e-02
6816,-9.887695e-02
6817,9.936523e-02
6818,-1.265869e-01
6819,1.223145e-01
6820,-1.472168e-01
6821,1.394043e-01
6822,-1.599121e-01
6823,1.458740e-01
6824,-1.611328e-01
6825,1.455078e-01
6826,-1.551514e-01
6827,1.322021e-01
6828,-1.367188e-01
6829,1.116943e-01
6830,-1.134033e-01
6831,8.239746e-02
6832,-8.007812e-02
6833,4.943848e-02
6834,-4.431152e-02
6835,1.269531e-02
6836,-6.591797e-03
6837,-2.685547e-02
6838,3.271484e-02
6839,-6.445312e-02
6840,6.640625e-02
6841,-9.899902e-02
6842,9.814453e-02
6843,-1.268311e-01
6844,1.229248e-01
6845,-1.478271e-01
6846,1.408691e-01
6847,-1.589355e-01
6848,1.470947e-01
6849,-1.606445e-01
6850,1.431885e-01
6851,-1.540527e-01
6852,1.326904e-01
6853,-1.386719e-01
6854,1.119385e-01
6855,-1.136475e-01
6856,8.203125e-02
6857,-8.044434e-02
6858,4.833984e-02
6859,-4.516602e-02
6860,1.367188e-02
6861,-7.690430e-03
6862,-2.819824e-02
6863,3.234863e-02
6864,-6.481934e-02
6865,6.726074e-02
6866,-9.960938e-02
6867,9.887695e-02
6868,-1.245117e-01
6869,1.235352e-01
6870,-1.463623e-01
6871,1.398926e-01
6872,-1.575928e-01
6873,1.474609e-01
6874,-1.605225e-01
6875,1.441650e-01
6876,-1.529541e-01
6877,1.325684e-01
6878,-1.376953e-01
6879,1.116943e-01
6880,-1.131592e-01
6881,8.361816e-02
6882,-8.093262e-02
6883,5.102539e-02
6884,-4.431152e-02
6885,1.147461e-02
6886,-7.324219e-03
6887,-2.795410e-02
6888,3.100586e-02
6889,-6.469727e-02
6890,6.738281e-02
6891,-9.912109e-02
6892,9.790039e-02
6893,-1.242676e-01
6894,1.242676e-01
6895,-1.456299e-01
6896,1.384277e-01
6897,-1.586914e-01
6898,1.468506e-01
6899,-1.612549e-01
6900,1.450195e-01
6901,-1.529541e-01
6902,1.330566e-01
6903,-1.389160e-01
6904,1.125488e-01
6905,-1.110840e-01
6906,8.569336e-02
6907,-8.068848e-02
6908,4.760742e-02
6909,-4.687500e-02
6910,1.245117e-02
6911,-6.591797e-03
6912,-2.734375e-02
6913,3.125000e-02
6914,-6.579590e-02
6915,6.823730e-02
6916,-9.777832e-02
6917,9.631348e-02
6918,-1.273193e-01
6919,1.228027e-01
6920,-1.472168e-01
6921,1.402588e-01
6922,-1.589355e-01
6923,1.464844e-01
6924,-1.612549e-01
6925,1.451416e-01
6926,-1.533203e-01
6927,1.336670e-01
6928,-1.362305e-01
6929,1.109619e-01
6930,-1.127930e-01
6931,8.496094e-02
6932,-8.056641e-02
6933,4.797363e-02
6934,-4.565430e-02
6935,1.306152e-02
6936,-6.103516e-03
6937,-2.636719e-02
6938,3.076172e-02
6939,-6.591797e-02
6940,6.652832e-02
6941,-9.863281e-02
6942,9.753418e-02
6943,-1.267090e-01
6944,1.229248e-01
6945,-1.453857e-01
6946,1.392822e-01
6947,-1.578369e-01
6948,1.472168e-01
6949,-1.614990e-01
6950,1.461182e-01
6951,-1.519775e-01
6952,1.330566e-01
6953,-1.367188e-01
6954,1.135254e-01
6955,-1.141357e-01
6956,8.142090e-02
6957,-8.032227e-02
6958,5.004883e-02
6959,-4.443359e-02
6960,1.342773e-02
6961,-7.080078e-03
6962,-2.514648e-02
6963,3.112793e-02
6964,-6.420898e-02
6965,6.665039e-02
6966,-9.936523e-02
6967,9.753418e-02
6968,-1.256104e-01
6969,1.221924e-01
6970,-1.467285e-01
6971,1.390381e-01
6972,-1.574707e-01
6973,1.477051e-01
6974,-1.622314e-01
6975,1.442871e-01
6976,-1.546631e-01
6977,1.348877e-01
6978,-1.367188e-01
6979,1.113281e-01
6980,-1.130371e-01
6981,8.398438e-02
6982,-8.203125e-02
6983,4.919434e-02
6984,-4.528809e-02
6985,1.184082e-02
6986,-6.958008e-03
6987,-2.709961e-02
6988,3.186035e-02
6989,-6.433105e-02
6990,6.640625e-02
6991,-9.729004e-02
6992,9.851074e-02
6993,-1.254883e-01
6994,1.219482e-01
6995,-1.462402e-01
6996,1.391602e-01
6997,-1.572266e-01
6998,1.472168e-01
6999,-1.622314e-01
7000,1.461182e-01
7001,-1.550293e-01
7002,1.311035e-01
7003,-1.374512e-01
7004,1.124268e-01
7005,-1.121826e-01
7006,8.398438e-02
7007,-8.215332e-02
7008,4.956055e-02
7009,-4.541016e-02
7010,1.257324e-02
7011,-6.347656e-03
7012,-2.612305e-02
7013,3.210449e-02
7014,-6.347656e-02
7015,6.579590e-02
7016,-9.790039e-02
7017,9.985352e-02
7018,-1.262207e-01
7019,1.214600e-01
7020,-1.453857e-01
7021,1.392822e-01
7022,-1.590576e-01
7023,1.459961e-01
7024,-1.623535e-01
7025,1.442871e-01
7026,-1.540527e-01
7027,1.331787e-01
7028,-1.375732e-01
7029,1.138916e-01
7030,-1.127930e-01
7031,8.178711e-02
7032,-8.190918e-02
7033,5.029297e-02
7034,-4.675293e-02
7035,1.098633e-02
7036,-4.638672e-03
7037,-2.575684e-02
7038,3.015137e-02
7039,-6.311035e-02
7040,6.701660e-02
7041,-9.985352e-02
7042,9.790039e-02
7043,-1.254883e-01
7044,1.220703e-01
7045,-1.470947e-01
7046,1.383057e-01
7047,-1.584473e-01
7048,1.462402e-01
7049,-1.605225e-01
7050,1.451416e-01
7051,-1.545410e-01
7052,1.336670e-01
7053,-1.370850e-01
7054,1.136475e-01
7055,-1.146240e-01
7056,8.386230e-02
7057,-8.020020e-02
7058,4.858398e-02
7059,-4.638672e-02
7060,1.257324e-02
7061,-6.958008e-03
7062,-2.575684e-02
7063,3.112793e-02
7064,-6.591797e-02
7065,6.616211e-02
7066,-9.680176e-02
7067,9.960938e-02
7068,-1.253662e-01
7069,1.230469e-01
7070,-1.452637e-01
7071,1.394043e-01
7072,-1.583252e-01
7073,1.469727e-01
7074,-1.614990e-01
7075,1.442871e-01
7076,-1.528320e-01
7077,1.319580e-01
7078,-1.400146e-01
7079,1.140137e-01
7080,-1.112061e-01
7081,8.361816e-02
7082,-8.068848e-02
7083,4.882812e-02
7084,-4.602051e-02
7085,1.318359e-02
7086,-6.835938e-03
7087,-2.673340e-02
7088,2.966309e-02
7089,-6.530762e-02
7090,6.616211e-02
7091,-9.655762e-02
7092,9.643555e-02
7093,-1.260986e-01
7094,1.215820e-01
7095,-1.453857e-01
7096,1.395264e-01
7097,-1.605225e-01
7098,1.463623e-01
7099,-1.613770e-01
7100,1.459961e-01
7101,-1.538086e-01
7102,1.329346e-01
7103,-1.356201e-01
7104,1.116943e-01
7105,-1.138916e-01
7106,8.532715e-02
7107,-8.203125e-02
7108,5.102539e-02
7109,-4.528809e-02
7110,1.147461e-02
7111,-6.225586e-03
7112,-2.636719e-02
7113,3.100586e-02
7114,-6.420898e-02
7115,6.640625e-02
7116,-9.704590e-02
7117,9.741211e-02
7118,-1.242676e-01
7119,1.212158e-01
7120,-1.458740e-01
7121,1.411133e-01
7122,-1.584473e-01
7123,1.461182e-01
7124,-1.596680e-01
7125,1.467285e-01
7126,-1.531982e-01
7127,1.331787e-01
7128,-1.386719e-01
7129,1.119385e-01
7130,-1.145020e-01
7131,8.349609e-02
7132,-8.203125e-02
7133,4.943848e-02
7134,-4.614258e-02
7135,1.306152e-02
7136,-9.277344e-03
7137,-2.563477e-02
7138,3.100586e-02
7139,-6.140137e-02
7140,6.591797e-02
7141,-9.802246e-02
7142,9.838867e-02
7143,-1.270752e-01
7144,1.243896e-01
7145,-1.478271e-01
7146,1.383057e-01
7147,-1.572266e-01
7148,1.466064e-01
7149,-1.613770e-01
7150,1.448975e-01
7151,-1.547852e-01
7152,1.348877e-01
7153,-1.376953e-01
7154,1.118164e-01
7155,-1.130371e-01
7156,8.374023e-02
7157,-8.264160e-02
7158,4.943848e-02
7159,-4.687500e-02
7160,1.342773e-02
7161,-5.737305e-03
7162,-2.734375e-02
7163,3.027344e-02
7164,-6.176758e-02
7165,6.481934e-02
7166,-9.753418e-02
7167,9.814453e-02
7168,-1.254883e-01
7169,1.231689e-01
7170,-1.455078e-01
7171,1.391602e-01
7172,-1.578369e-01
7173,1.472168e-01
7174,-1.605225e-01
7175,1.455078e-01
7176,-1.542969e-01
7177,1.320801e-01
7178,-1.363525e-01
7179,1.125488e-01
7180,-1.149902e-01
7181,8.398438e-02
7182,-8.203125e-02
7183,4.956055e-02
7184,-4.736328e-02
7185,1.135254e-02
7186,-8.789062e-03
7187,-2.673340e-02
7188,3.137207e-02
7189,-6.445312e-02
7190,6.530762e-02
7191,-9.594727e-02
7192,9.729004e-02
7193,-1.251221e-01
7194,1.230469e-01
7195,-1.474609e-01
7196,1.380615e-01
7197,-1.580811e-01
7198,1.469727e-01
7199,-1.601562e-01
7200,1.458740e-01
7201,-1.569824e-01
7202,1.333008e-01
7203,-1.359863e-01
7204,1.119385e-01
7205,-1.147461e-01
7206,8.532715e-02
7207,-8.117676e-02
7208,5.029297e-02
7209,-4.663086e-02
7210,1.403809e-02
7211,-8.911133e-03
7212,-2.490234e-02
7213,3.015137e-02
7214,-6.372070e-02
7215,6.726074e-02
7216,-9.899902e-02
7217,9.777832e-02
7218,-1.247559e-01
7219,1.225586e-01
7220,-1.462402e-01
7221,1.374512e-01
7222,-1.588135e-01
7223,1.478271e-01
7224,-1.610107e-01
7225,1.450195e-01
7226,-1.538086e-01
7227,1.324463e-01
7228,-1.383057e-01
7229,1.135254e-01
7230,-1.132812e-01
7231,8.386230e-02
7232,-8.288574e-02
7233,5.114746e-02
7234,-4.626465e-02
7235,1.318359e-02
7236,-6.713867e-03
7237,-2.563477e-02
7238,2.917480e-02
7239,-6.188965e-02
7240,6.542969e-02
7241,-9.558105e-02
7242,9.619141e-02
7243,-1.259766e-01
7244,1.234131e-01
7245,-1.469727e-01
7246,1.391602e-01
7247,-1.574707e-01
7248,1.477051e-01
7249,-1.604004e-01
7250,1.433105e-01
7251,-1.551514e-01
7252,1.331787e-01
7253,-1.395264e-01
7254,1.127930e-01
7255,-1.137695e-01
7256,8.532715e-02
7257,-8.288574e-02
7258,5.090332e-02
7259,-4.553223e-02
7260,1.293945e-02
7261,-8.178711e-03
7262,-2.600098e-02
7263,3.039551e-02
7264,-6.347656e-02
7265,6.677246e-02
7266,-9.582520e-02
7267,9.545898e-02
7268,-1.245117e-01
7269,1.224365e-01
7270,-1.461182e-01
7271,1.398926e-01
7272,-1.589355e-01
7273,1.463623e-01
7274,-1.611328e-01
7275,1.457520e-01
7276,-1.541748e-01
7277,1.335449e-01
7278,-1.389160e-01
7279,1.118164e-01
7280,-1.120605e-01
7281,8.581543e-02
7282,-8.288574e-02
7283,5.175781e-02
7284,-4.675293e-02
7285,1.379395e-02
7286,-8.178711e-03
7287,-2.856445e-02
7288,2.954102e-02
7289,-6.188965e-02
7290,6.372070e-02
7291,-9.826660e-02
7292,9.729004e-02
7293,-1.256104e-01
7294,1.213379e-01
7295,-1.469727e-01
7296,1.394043e-01
7297,-1.574707e-01
7298,1.472168e-01
7299,-1.614990e-01
7300,1.434326e-01
7301,-1.553955e-01
7302,1.356201e-01
7303,-1.384277e-01
7304,1.118164e-01
7305,-1.131592e-01
7306,8.447266e-02
7307,-8.190918e-02
7308,4.943848e-02
7309,-4.516602e-02
7310,1.269531e-02
7311,-1.000977e-02
7312,-2.526855e-02
7313,3.063965e-02
7314,-6.262207e-02
7315,6.616211e-02
7316,-9.619141e-02
7317,9.558105e-02
7318,-1.251221e-01
7319,1.213379e-01
7320,-1.452637e-01
7321,1.400146e-01
7322,-1.589355e-01
7323,1.480713e-01
7324,-1.606445e-01
7325,1.444092e-01
7326,-1.546631e-01
7327,1.326904e-01
7328,-1.383057e-01
7329,1.112061e-01
7330,-1.136475e-01
7331,8.654785e-02
7332,-8.361816e-02
7333,5.017090e-02
7334,-4.650879e-02
7335,1.489258e-02
7336,-9.521484e-03
7337,-2.673340e-02
7338,3.259277e-02
7339,-6.420898e-02
7340,6.396484e-02
7341,-9.582520e-02
7342,9.680176e-02
7343,-1.228027e-01
7344,1.223145e-01
7345,-1.461182e-01
7346,1.391602e-01
7347,-1.599121e-01
7348,1.467285e-01
7349,-1.622314e-01
7350,1.441650e-01
7351,-1.530762e-01
7352,1.334229e-01
7353,-1.386719e-01
7354,1.136475e-01
7355,-1.147461e-01
7356,8.471680e-02
7357,-8.203125e-02
7358,5.029297e-02
7359,-4.724121e-02
7360,1.306152e-02
7361,-8.666992e-03
7362,-2.636719e-02
7363,2.917480e-02
7364,-6.237793e-02
7365,6.518555e-02
7366,-9.899902e-02
7367,9.729004e-02
7368,-1.250000e-01
7369,1.220703e-01
7370,-1.458740e-01
7371,1.391602e-01
7372,-1.584473e-01
7373,1.459961e-01
7374,-1.606445e-01
7375,1.442871e-01
7376,-1.542969e-01
7377,1.331787e-01
7378,-1.390381e-01
7379,1.131592e-01
7380,-1.146240e-01
7381,8.471680e-02
7382,-8.374023e-02
7383,5.114746e-02
7384,-4.724121e-02
7385,1.562500e-02
7386,-9.765625e-03
7387,-2.697754e-02
7388,3.051758e-02
7389,-6.347656e-02
7390,6.481934e-02
7391,-9.545898e-02
7392,9.545898e-02
7393,-1.240234e-01
7394,1.220703e-01
7395,-1.464844e-01
7396,1.392822e-01
7397,-1.580811e-01
7398,1.468506e-01
7399,-1.606445e-01
7400,1.451416e-01
7401,-1.544189e-01
7402,1.331787e-01
7403,-1.394043e-01
7404,1.138916e-01
7405,-1.118164e-01
7406,8.581543e-02
7407,-8.154297e-02
7408,5.212402e-02
7409,-4.528809e-02
7410,1.611328e-02
7411,-8.544922e-03
7412,-2.502441e-02
7413,2.966309e-02
7414,-6.298828e-02
7415,6.518555e-02
7416,-9.509277e-02
7417,9.716797e-02
7418,-1.245117e-01
7419,1.212158e-01
7420,-1.455078e-01
7421,1.395264e-01
7422,-1.589355e-01
7423,1.459961e-01
7424,-1.628418e-01
7425,1.445312e-01
7426,-1.534424e-01
7427,1.331787e-01
7428,-1.384277e-01
7429,1.132812e-01
7430,-1.163330e-01
7431,8.520508e-02
7432,-8.239746e-02
7433,5.090332e-02
7434,-4.760742e-02
7435,1.367188e-02
7436,-8.911133e-03
7437,-2.648926e-02
7438,2.905273e-02
7439,-6.201172e-02
7440,6.616211e-02
7441,-9.790039e-02
7442,9.753418e-02
7443,-1.230469e-01
7444,1.217041e-01
7445,-1.441650e-01
7446,1.391602e-01
7447,-1.577148e-01
7448,1.472168e-01
7449,-1.616211e-01
7450,1.442871e-01
7451,-1.551514e-01
7452,1.318359e-01
7453,-1.374512e-01
7454,1.132812e-01
7455,-1.134033e-01
7456,8.642578e-02
7457,-8.435059e-02
7458,5.261230e-02
7459,-4.553223e-02
7460,1.354980e-02
7461,-9.277344e-03
7462,-2.404785e-02
7463,2.978516e-02
7464,-6.262207e-02
7465,6.457520e-02
7466,-9.448242e-02
7467,9.912109e-02
7468,-1.243896e-01
7469,1.218262e-01
7470,-1.450195e-01
7471,1.403809e-01
7472,-1.571045e-01
7473,1.469727e-01
7474,-1.611328e-01
7475,1.451416e-01
7476,-1.552734e-01
7477,1.341553e-01
7478,-1.384277e-01
7479,1.127930e-01
7480,-1.145020e-01
7481,8.386230e-02
7482,-8.361816e-02
7483,5.249023e-02
7484,-4.699707e-02
7485,1.562500e-02
7486,-9.887695e-03
7487,-2.624512e-02
7488,2.990723e-02
7489,-6.274414e-02
7490,6.616211e-02
7491,-9.570312e-02
7492,9.716797e-02
7493,-1.242676e-01
7494,1.217041e-01
7495,-1.446533e-01
7496,1.400146e-01
7497,-1.585693e-01
7498,1.464844e-01
7499,-1.605225e-01
7500,1.457520e-01
7501,-1.538086e-01
7502,1.340332e-01
7503,-1.379395e-01
7504,1.125488e-01
7505,-1.136475e-01
7506,8.569336e-02
7507,-8.227539e-02
7508,5.139160e-02
7509,-4.809570e-02
7510,1.525879e-02
7511,-8.911133e-03
7512,-2.539062e-02
7513,3.076172e-02
7514,-6.323242e-02
7515,6.494141e-02
7516,-9.558105e-02
7517,9.509277e-02
7518,-1.237793e-01
7519,1.237793e-01
7520,-1.461182e-01
7521,1.398926e-01
7522,-1.568604e-01
7523,1.453857e-01
7524,-1.613770e-01
7525,1.453857e-01
7526,-1.550293e-01
7527,1.340332e-01
7528,-1.385498e-01
7529,1.138916e-01
7530,-1.153564e-01
7531,8.459473e-02
7532,-8.325195e-02
7533,5.126953e-02
7534,-4.760742e-02
7535,1.562500e-02
7536,-9.765625e-03
7537,-2.502441e-02
7538,2.966309e-02
7539,-6.433105e-02
7540,6.567383e-02
7541,-9.692383e-02
7542,9.802246e-02
7543,-1.247559e-01
7544,1.212158e-01
7545,-1.461182e-01
7546,1.391602e-01
7547,-1.591797e-01
7548,1.458740e-01
7549,-1.613770e-01
7550,1.462402e-01
7551,-1.535645e-01
7552,1.335449e-01
7553,-1.376953e-01
7554,1.146240e-01
7555,-1.157227e-01
7556,8.557129e-02
7557,-8.288574e-02
7558,5.163574e-02
7559,-4.565430e-02
7560,1.440430e-02
7561,-8.422852e-03
7562,-2.502441e-02
7563,2.893066e-02
7564,-6.335449e-02
7565,6.616211e-02
7566,-9.497070e-02
7567,9.619141e-02
7568,-1.239014e-01
7569,1.195068e-01
7570,-1.448975e-01
7571,1.400146e-01
7572,-1.577148e-01
7573,1.486816e-01
7574,-1.610107e-01
7575,1.451416e-01
7576,-1.556396e-01
7577,1.335449e-01
7578,-1.395264e-01
7579,1.141357e-01
7580,-1.153564e-01
7581,8.410645e-02
7582,-8.117676e-02
7583,5.187988e-02
7584,-4.797363e-02
7585,1.379395e-02
7586,-8.056641e-03
7587,-2.526855e-02
7588,2.795410e-02
7589,-6.335449e-02
7590,6.469727e-02
7591,-9.570312e-02
7592,9.570312e-02
7593,-1.239014e-01
7594,1.226807e-01
7595,-1.464844e-01
7596,1.381836e-01
7597,-1.564941e-01
7598,1.479492e-01
7599,-1.611328e-01
7600,1.461182e-01
7601,-1.542969e-01
7602,1.331787e-01
7603,-1.381836e-01
7604,1.132812e-01
7605,-1.138916e-01
7606,8.532715e-02
7607,-8.374023e-02
7608,5.273438e-02
7609,-4.797363e-02
7610,1.611328e-02
7611,-8.911133e-03
7612,-2.282715e-02
7613,2.978516e-02
7614,-6.420898e-02
7615,6.628418e-02
7616,-9.667969e-02
7617,9.521484e-02
7618,-1.239014e-01
7619,1.209717e-01
7620,-1.466064e-01
7621,1.392822e-01
7622,-1.573486e-01
7623,1.459961e-01
7624,-1.622314e-01
7625,1.456299e-01
7626,-1.536865e-01
7627,1.342773e-01
7628,-1.376953e-01
7629,1.138916e-01
7630,-1.130371e-01
7631,8.447266e-02
7632,-8.447266e-02
7633,5.273438e-02
7634,-4.809570e-02
7635,1.403809e-02
7636,-9.887695e-03
7637,-2.563477e-02
7638,2.685547e-02
7639,-6.164551e-02
7640,6.445312e-02
7641,-9.655762e-02
7642,9.729004e-02
7643,-1.264648e-01
7644,1.209717e-01
7645,-1.451416e-01
7646,1.383057e-01
7647,-1.590576e-01
7648,1.459961e-01
7649,-1.612549e-01
7650,1.440430e-01
7651,-1.547852e-01
7652,1.348877e-01
7653,-1.378174e-01
7654,1.138916e-01
7655,-1.145020e-01
7656,8.483887e-02
7657,-8.386230e-02
7658,5.187988e-02
7659,-4.748535e-02
7660,1.635742e-02
7661,-8.911133e-03
7662,-2.490234e-02
7663,3.015137e-02
7664,-6.164551e-02
7665,6.530762e-02
7666,-9.545898e-02
7667,9.460449e-02
7668,-1.239014e-01
7669,1.203613e-01
7670,-1.434326e-01
7671,1.390381e-01
7672,-1.602783e-01
7673,1.455078e-01
7674,-1.597900e-01
7675,1.467285e-01
7676,-1.546631e-01
7677,1.340332e-01
7678,-1.401367e-01
7679,1.142578e-01
7680,-1.153564e-01
7681,8.337402e-02
7682,-8.459473e-02
7683,5.139160e-02
7684,-4.760742e-02
7685,1.379395e-02
7686,-9.643555e-03
7687,-2.514648e-02
7688,2.770996e-02
7689,-6.152344e-02
7690,6.298828e-02
7691,-9.484863e-02
7692,9.558105e-02
7693,-1.245117e-01
7694,1.214600e-01
7695,-1.458740e-01
7696,1.383057e-01
7697,-1.586914e-01
7698,1.473389e-01
7699,-1.611328e-01
7700,1.450195e-01
7701,-1.536865e-01
7702,1.353760e-01
7703,-1.394043e-01
7704,1.135254e-01
7705,-1.148682e-01
7706,8.349609e-02
7707,-8.251953e-02
7708,5.261230e-02
7709,-4.785156e-02
7710,1.416016e-02
7711,-9.155273e-03
7712,-2.221680e-02
7713,2.954102e-02
7714,-6.091309e-02
7715,6.372070e-02
7716,-9.472656e-02
7717,9.729004e-02
7718,-1.242676e-01
7719,1.220703e-01
7720,-1.469727e-01
7721,1.396484e-01
7722,-1.582031e-01
7723,1.453857e-01
7724,-1.602783e-01
7725,1.453857e-01
7726,-1.551514e-01
7727,1.347656e-01
7728,-1.392822e-01
7729,1.137695e-01
7730,-1.136475e-01
7731,8.557129e-02
7732,-8.422852e-02
7733,5.163574e-02
7734,-4.846191e-02
7735,1.647949e-02
7736,-1.025391e-02
7737,-2.355957e-02
7738,2.954102e-02
7739,-6.091309e-02
7740,6.384277e-02
7741,-9.692383e-02
7742,9.704590e-02
7743,-1.239014e-01
7744,1.209717e-01
7745,-1.455078e-01
7746,1.376953e-01
7747,-1.593018e-01
7748,1.480713e-01
7749,-1.614990e-01
7750,1.448975e-01
7751,-1.552734e-01
7752,1.342773e-01
7753,-1.384277e-01
7754,1.153564e-01
7755,-1.123047e-01
7756,8.593750e-02
7757,-8.459473e-02
7758,5.310059e-02
7759,-4.699707e-02
7760,1.452637e-02
7761,-9.521484e-03
7762,-2.246094e-02
7763,2.807617e-02
7764,-6.140137e-02
7765,6.542969e-02
7766,-9.655762e-02
7767,9.472656e-02
7768,-1.242676e-01
7769,1.209717e-01
7770,-1.446533e-01
7771,1.381836e-01
7772,-1.578369e-01
7773,1.472168e-01
7774,-1.612549e-01
7775,1.450195e-01
7776,-1.550293e-01
7777,1.348877e-01
7778,-1.378174e-01
7779,1.138916e-01
7780,-1.162109e-01
7781,8.520508e-02
7782,-8.422852e-02
7783,5.249023e-02
7784,-4.821777e-02
7785,1.599121e-02
7786,-1.025391e-02
7787,-2.441406e-02
7788,2.880859e-02
7789,-6.066895e-02
7790,6.347656e-02
7791,-9.741211e-02
7792,9.558105e-02
7793,-1.239014e-01
7794,1.203613e-01
7795,-1.457520e-01
7796,1.381836e-01
7797,-1.575928e-01
7798,1.474609e-01
7799,-1.601562e-01
7800,1.452637e-01
7801,-1.550293e-01
7802,1.339111e-01
7803,-1.384277e-01
7804,1.142578e-01
7805,-1.153564e-01
7806,8.789062e-02
7807,-8.178711e-02
7808,5.090332e-02
7809,-4.821777e-02
7810,1.367188e-02
7811,-1.074219e-02
7812,-2.368164e-02
7813,2.783203e-02
7814,-6.274414e-02
7815,6.262207e-02
7816,-9.497070e-02
7817,9.558105e-02
7818,-1.234131e-01
7819,1.204834e-01
7820,-1.437988e-01
7821,1.394043e-01
7822,-1.569824e-01
7823,1.457520e-01
7824,-1.614990e-01
7825,1.444092e-01
7826,-1.547852e-01
7827,1.336670e-01
7828,-1.387939e-01
7829,1.151123e-01
7830,-1.143799e-01
7831,8.618164e-02
7832,-8.435059e-02
7833,5.358887e-02
7834,-4.724121e-02
7835,1.513672e-02
7836,-7.324219e-03
7837,-2.453613e-02
7838,2.685547e-02
7839,-6.054688e-02
7840,6.274414e-02
7841,-9.692383e-02
7842,9.777832e-02
7843,-1.230469e-01
7844,1.203613e-01
7845,-1.445312e-01
7846,1.394043e-01
7847,-1.586914e-01
7848,1.451416e-01
7849,-1.606445e-01
7850,1.442871e-01
7851,-1.560059e-01
7852,1.357422e-01
7853,-1.397705e-01
7854,1.135254e-01
7855,-1.141357e-01
7856,8.532715e-02
7857,-8.374023e-02
7858,5.371094e-02
7859,-4.980469e-02
7860,1.379395e-02
7861,-9.643555e-03
7862,-2.514648e-02
7863,2.685547e-02
7864,-6.066895e-02
7865,6.555176e-02
7866,-9.509277e-02
7867,9.570312e-02
7868,-1.236572e-01
7869,1.203613e-01
7870,-1.447754e-01
7871,1.389160e-01
7872,-1.580811e-01
7873,1.474609e-01
7874,-1.632080e-01
7875,1.453857e-01
7876,-1.544189e-01
7877,1.329346e-01
7878,-1.392822e-01
7879,1.152344e-01
7880,-1.145020e-01
7881,8.569336e-02
7882,-8.386230e-02
7883,5.236816e-02
7884,-4.821777e-02
7885,1.562500e-02
7886,-1.037598e-02
7887,-2.502441e-02
7888,2.856445e-02
7889,-6.115723e-02
7890,6.250000e-02
7891,-9.472656e-02
7892,9.704590e-02
7893,-1.232910e-01
7894,1.212158e-01
7895,-1.457520e-01
7896,1.386719e-01
7897,-1.583252e-01
7898,1.481934e-01
7899,-1.605225e-01
7900,1.442871e-01
7901,-1.544189e-01
7902,1.333008e-01
7903,-1.395264e-01
7904,1.164551e-01
7905,-1.157227e-01
7906,8.435059e-02
7907,-8.325195e-02
7908,5.273438e-02
7909,-4.919434e-02
7910,1.428223e-02
7911,-1.074219e-02
7912,-2.355957e-02
7913,2.807617e-02
7914,-6.262207e-02
7915,6.335449e-02
7916,-9.326172e-02
7917,9.606934e-02
7918,-1.246338e-01
7919,1.215820e-01
7920,-1.446533e-01
7921,1.372070e-01
7922,-1.583252e-01
7923,1.478271e-01
7924,-1.622314e-01
7925,1.448975e-01
7926,-1.546631e-01
7927,1.340332e-01
7928,-1.381836e-01
7929,1.145020e-01
7930,-1.141357e-01
7931,8.581543e-02
7932,-8.520508e-02
7933,5.249023e-02
7934,-4.943848e-02
7935,1.513672e-02
7936,-1.086426e-02
7937,-2.185059e-02
7938,2.795410e-02
7939,-6.066895e-02
7940,6.433105e-02
7941,-9.521484e-02
7942,9.558105e-02
7943,-1.256104e-01
7944,1.203613e-01
7945,-1.435547e-01
7946,1.390381e-01
7947,-1.589355e-01
7948,1.461182e-01
7949,-1.600342e-01
7950,1.450195e-01
7951,-1.550293e-01
7952,1.340332e-01
7953,-1.398926e-01
7954,1.143799e-01
7955,-1.129150e-01
7956,8.496094e-02
7957,-8.557129e-02
7958,5.285645e-02
7959,-4.821777e-02
7960,1.489258e-02
7961,-8.911133e-03
7962,-2.294922e-02
7963,2.893066e-02
7964,-6.066895e-02
7965,6.481934e-02
7966,-9.619141e-02
7967,9.472656e-02
7968,-1.239014e-01
7969,1.197510e-01
7970,-1.442871e-01
7971,1.386719e-01
7972,-1.572266e-01
7973,1.475830e-01
7974,-1.616211e-01
7975,1.447754e-01
7976,-1.546631e-01
7977,1.347656e-01
7978,-1.403809e-01
7979,1.129150e-01
7980,-1.151123e-01
7981,8.520508e-02
7982,-8.325195e-02
7983,5.383301e-02
7984,-5.126953e-02
7985,1.464844e-02
7986,-1.000977e-02
7987,-2.258301e-02
7988,2.929688e-02
7989,-6.066895e-02
7990,6.396484e-02
7991,-9.606934e-02
7992,9.521484e-02
7993,-1.220703e-01
7994,1.201172e-01
7995,-1.446533e-01
7996,1.375732e-01
7997,-1.582031e-01
7998,1.480713e-01
7999,-1.630859e-01
8000,1.451416e-01
8001,-1.544189e-01
8002,1.330566e-01
8003,-1.401367e-01
8004,1.136475e-01
8005,-1.156006e-01
8006,8.715820e-02
8007,-8.312988e-02
8008,5.090332e-02
8009,-4.724121e-02
8010,1.647949e-02
8011,-1.074219e-02
8012,-2.380371e-02
8013,2.746582e-02
8014,-6.054688e-02
8015,6.347656e-02
8016,-9.472656e-02
8017,9.521484e-02
8018,-1.221924e-01
8019,1.206055e-01
8020,-1.466064e-01
8021,1.378174e-01
8022,-1.571045e-01
8023,1.468506e-01
8024,-1.602783e-01
8025,1.451416e-01
8026,-1.564941e-01
8027,1.342773e-01
8028,-1.373291e-01
8029,1.146240e-01
8030,-1.165771e-01
8031,8.593750e-02
8032,-8.410645e-02
8033,5.285645e-02
8034,-4.919434e-02
8035,1.672363e-02
8036,-1.025391e-02
8037,-2.233887e-02
8038,2.636719e-02
8039,-6.140137e-02
8040,6.396484e-02
8041,-9.484863e-02
8042,9.558105e-02
8043,-1.230469e-01
8044,1.215820e-01
8045,-1.445312e-01
8046,1.380615e-01
8047,-1.589355e-01
8048,1.450195e-01
8049,-1.625977e-01
8050,1.451416e-01
8051,-1.546631e-01
8052,1.339111e-01
8053,-1.381836e-01
8054,1.132812e-01
8055,-1.174316e-01
8056,8.789062e-02
8057,-8.483887e-02
8058,5.297852e-02
8059,-4.797363e-02
8060,1.684570e-02
8061,-9.399414e-03
8062,-2.294922e-02
8063,2.697754e-02
8064,-5.944824e-02
8065,6.262207e-02
8066,-9.362793e-02
8067,9.643555e-02
8068,-1.254883e-01
8069,1.218262e-01
8070,-1.457520e-01
8071,1.376953e-01
8072,-1.575928e-01
8073,1.468506e-01
8074,-1.623535e-01
8075,1.448975e-01
8076,-1.545410e-01
8077,1.340332e-01
8078,-1.402588e-01
8079,1.140137e-01
8080,-1.145020e-01
8081,8.483887e-02
8082,-8.581543e-02
8083,5.261230e-02
8084,-4.846191e-02
8085,1.574707e-02
8086,-1.147461e-02
8087,-2.319336e-02
8088,2.697754e-02
8089,-6.176758e-02
8090,6.311035e-02
8091,-9.423828e-02
8092,9.570312e-02
8093,-1.235352e-01
8094,1.180420e-01
8095,-1.452637e-01
8096,1.385498e-01
8097,-1.584473e-01
8098,1.468506e-01
8099,-1.632080e-01
8100,1.458740e-01
8101,-1.539307e-01
8102,1.341553e-01
8103,-1.389160e-01
8104,1.143799e-01
8105,-1.170654e-01
8106,8.618164e-02
8107,-8.544922e-02
8108,5.236816e-02
8109,-4.809570e-02
8110,1.611328e-02
8111,-1.196289e-02
8112,-2.258301e-02
8113,2.770996e-02
8114,-6.079102e-02
8115,6.274414e-02
8116,-9.509277e-02
8117,9.533691e-02
8118,-1.236572e-01
8119,1.208496e-01
8120,-1.448975e-01
8121,1.389160e-01
8122,-1.567383e-01
8123,1.462402e-01
8124,-1.607666e-01
8125,1.451416e-01
8126,-1.542969e-01
8127,1.345215e-01
8128,-1.405029e-01
8129,1.142578e-01
8130,-1.162109e-01
8131,8.776855e-02
8132,-8.532715e-02
8133,5.212402e-02
8134,-4.956055e-02
8135,1.525879e-02
8136,-1.123047e-02
8137,-2.502441e-02
8138,2.697754e-02
8139,-5.993652e-02
8140,6.445312e-02
8141,-9.423828e-02
8142,9.484863e-02
8143,-1.235352e-01
8144,1.195068e-01
8145,-1.461182e-01
8146,1.389160e-01
8147,-1.572266e-01
8148,1.451416e-01
8149,-1.613770e-01
8150,1.473389e-01
8151,-1.555176e-01
8152,1.343994e-01
8153,-1.397705e-01
8154,1.130371e-01
8155,-1.162109e-01
8156,8.593750e-02
8157,-8.654785e-02
8158,5.444336e-02
8159,-4.931641e-02
8160,1.477051e-02
8161,-1.123047e-02
8162,-2.197266e-02
8163,2.795410e-02
8164,-6.042480e-02
8165,6.311035e-02
8166,-9.497070e-02
8167,9.509277e-02
8168,-1.226807e-01
8169,1.187744e-01
8170,-1.464844e-01
8171,1.373291e-01
8172,-1.583252e-01
8173,1.462402e-01
8174,-1.616211e-01
8175,1.458740e-01
8176,-1.558838e-01
8177,1.331787e-01
8178,-1.405029e-01
8179,1.148682e-01
8180,-1.158447e-01
8181,8.691406e-02
8182,-8.496094e-02
8183,5.419922e-02
8184,-4.846191e-02
8185,1.489258e-02
8186,-1.098633e-02
8187,-2.355957e-02
8188,2.563477e-02
8189,-6.140137e-02
8190,6.335449e-02
8191,-9.448242e-02
8192,9.411621e-02
8193,-1.241455e-01
8194,1.207275e-01
8195,-1.451416e-01
8196,1.383057e-01
8197,-1.578369e-01
8198,1.469727e-01
8199,-1.629639e-01
8200,1.451416e-01
8201,-1.556396e-01
8202,1.342773e-01
8203,-1.386719e-01
8204,1.131592e-01
8205,-1.177979e-01
8206,8.813477e-02
8207,-8.447266e-02
8208,5.297852e-02
8209,-4.833984e-02
8210,1.538086e-02
8211,-1.184082e-02
8212,-2.270508e-02
8213,2.612305e-02
8214,-6.152344e-02
8215,6.311035e-02
8216,-9.521484e-02
8217,9.387207e-02
8218,-1.239014e-01
8219,1.210938e-01
8220,-1.461182e-01
8221,1.370850e-01
8222,-1.564941e-01
8223,1.461182e-01
8224,-1.630859e-01
8225,1.448975e-01
8226,-1.546631e-01
8227,1.340332e-01
8228,-1.398926e-01
8229,1.131592e-01
8230,-1.152344e-01
8231,8.715820e-02
8232,-8.544922e-02
8233,5.200195e-02
8234,-5.200195e-02
8235,1.440430e-02
8236,-1.245117e-02
8237,-2.429199e-02
8238,2.648926e-02
8239,-6.176758e-02
8240,6.152344e-02
8241,-9.387207e-02
8242,9.387207e-02
8243,-1.241455e-01
8244,1.217041e-01
8245,-1.451416e-01
8246,1.372070e-01
8247,-1.573486e-01
8248,1.458740e-01
8249,-1.632080e-01
8250,1.455078e-01
8251,-1.552734e-01
8252,1.335449e-01
8253,-1.401367e-01
8254,1.147461e-01
8255,-1.145020e-01
8256,8.728027e-02
8257,-8.496094e-02
8258,5.529785e-02
8259,-5.004883e-02
8260,1.843262e-02
8261,-1.110840e-02
8262,-2.392578e-02
8263,2.685547e-02
8264,-6.066895e-02
8265,6.433105e-02
8266,-9.387207e-02
8267,9.338379e-02
8268,-1.224365e-01
8269,1.206055e-01
8270,-1.444092e-01
8271,1.383057e-01
8272,-1.584473e-01
8273,1.474609e-01
8274,-1.605225e-01
8275,1.442871e-01
8276,-1.546631e-01
8277,1.353760e-01
8278,-1.411133e-01
8279,1.149902e-01
8280,-1.156006e-01
8281,8.715820e-02
8282,-8.703613e-02
8283,5.383301e-02
8284,-4.785156e-02
8285,1.452637e-02
8286,-1.245117e-02
8287,-2.209473e-02
8288,2.807617e-02
8289,-6.054688e-02
8290,6.298828e-02
8291,-9.289551e-02
8292,9.484863e-02
8293,-1.245117e-01
8294,1.195068e-01
8295,-1.450195e-01
8296,1.369629e-01
8297,-1.578369e-01
8298,1.463623e-01
8299,-1.600342e-01
8300,1.451416e-01
8301,-1.551514e-01
8302,1.352539e-01
8303,-1.420898e-01
8304,1.157227e-01
8305,-1.157227e-01
8306,8.703613e-02
8307,-8.471680e-02
8308,5.297852e-02
8309,-5.102539e-02
8310,1.550293e-02
8311,-1.220703e-02
8312,-2.233887e-02
8313,2.661133e-02
8314,-5.957031e-02
8315,6.298828e-02
8316,-9.399414e-02
8317,9.265137e-02
8318,-1.239014e-01
8319,1.206055e-01
8320,-1.442871e-01
8321,1.400146e-01
8322,-1.583252e-01
8323,1.472168e-01
8324,-1.606445e-01
8325,1.436768e-01
8326,-1.544189e-01
8327,1.330566e-01
8328,-1.428223e-01
8329,1.152344e-01
8330,-1.162109e-01
8331,8.752441e-02
8332,-8.666992e-02
8333,5.346680e-02
8334,-5.078125e-02
8335,1.550293e-02
8336,-1.037598e-02
8337,-2.209473e-02
8338,2.551270e-02
8339,-6.103516e-02
8340,6.250000e-02
8341,-9.545898e-02
8342,9.411621e-02
8343,-1.224365e-01
8344,1.181641e-01
8345,-1.456299e-01
8346,1.361084e-01
8347,-1.580811e-01
8348,1.472168e-01
8349,-1.622314e-01
8350,1.459961e-01
8351,-1.549072e-01
8352,1.346436e-01
8353,-1.395264e-01
8354,1.160889e-01
8355,-1.174316e-01
8356,8.679199e-02
8357,-8.386230e-02
8358,5.200195e-02
8359,-5.078125e-02
8360,1.696777e-02
8361,-1.171875e-02
8362,-2.160645e-02
8363,2.636719e-02
8364,-6.066895e-02
8365,6.213379e-02
8366,-9.521484e-02
8367,9.472656e-02
8368,-1.239014e-01
8369,1.195068e-01
8370,-1.434326e-01
8371,1.374512e-01
8372,-1.578369e-01
8373,1.464844e-01
8374,-1.624756e-01
8375,1.459961e-01
8376,-1.555176e-01
8377,1.352539e-01
8378,-1.392822e-01
8379,1.142578e-01
8380,-1.173096e-01
8381,8.789062e-02
8382,-8.666992e-02
8383,5.297852e-02
8384,-5.053711e-02
8385,1.647949e-02
8386,-1.159668e-02
8387,-2.185059e-02
8388,2.539062e-02
8389,-6.018066e-02
8390,6.213379e-02
8391,-9.399414e-02
8392,9.313965e-02
8393,-1.228027e-01
8394,1.199951e-01
8395,-1.448975e-01
8396,1.370850e-01
8397,-1.579590e-01
8398,1.470947e-01
8399,-1.597900e-01
8400,1.436768e-01
8401,-1.541748e-01
8402,1.369629e-01
8403,-1.405029e-01
8404,1.160889e-01
8405,-1.174316e-01
8406,8.850098e-02
8407,-8.447266e-02
8408,5.358887e-02
8409,-4.980469e-02
8410,1.647949e-02
8411,-1.232910e-02
8412,-2.136230e-02
8413,2.551270e-02
8414,-5.957031e-02
8415,6.127930e-02
8416,-9.448242e-02
8417,9.387207e-02
8418,-1.230469e-01
8419,1.203613e-01
8420,-1.455078e-01
8421,1.367188e-01
8422,-1.578369e-01
8423,1.464844e-01
8424,-1.613770e-01
8425,1.456299e-01
8426,-1.561279e-01
8427,1.352539e-01
8428,-1.389160e-01
8429,1.157227e-01
8430,-1.176758e-01
8431,8.789062e-02
8432,-8.435059e-02
8433,5.297852e-02
8434,-5.065918e-02
8435,1.611328e-02
8436,-1.232910e-02
8437,-2.099609e-02
8438,2.636719e-02
8439,-5.847168e-02
8440,6.225586e-02
8441,-9.301758e-02
8442,9.533691e-02
8443,-1.219482e-01
8444,1.208496e-01
8445,-1.440430e-01
8446,1.368408e-01
8447,-1.596680e-01
8448,1.466064e-01
8449,-1.602783e-01
8450,1.457520e-01
8451,-1.553955e-01
8452,1.352539e-01
8453,-1.392822e-01
8454,1.154785e-01
8455,-1.182861e-01
8456,8.691406e-02
8457,-8.544922e-02
8458,5.578613e-02
8459,-4.980469e-02
8460,1.647949e-02
8461,-1.391602e-02
8462,-2.111816e-02
8463,2.551270e-02
8464,-5.810547e-02
8465,6.347656e-02
8466,-9.436035e-02
8467,9.411621e-02
8468,-1.239014e-01
8469,1.195068e-01
8470,-1.446533e-01
8471,1.380615e-01
8472,-1.566162e-01
8473,1.459961e-01
8474,-1.608887e-01
8475,1.474609e-01
8476,-1.563721e-01
8477,1.337891e-01
8478,-1.400146e-01
8479,1.134033e-01
8480,-1.177979e-01
8481,8.715820e-02
8482,-8.605957e-02
8483,5.517578e-02
8484,-5.151367e-02
8485,1.574707e-02
8486,-1.342773e-02
8487,-2.209473e-02
8488,2.636719e-02
8489,-6.042480e-02
8490,6.237793e-02
8491,-9.277344e-02
8492,9.301758e-02
8493,-1.223145e-01
8494,1.193848e-01
8495,-1.450195e-01
8496,1.384277e-01
8497,-1.585693e-01
8498,1.455078e-01
8499,-1.600342e-01
8500,1.453857e-01
8501,-1.564941e-01
8502,1.350098e-01
8503,-1.402588e-01
8504,1.175537e-01
8505,-1.162109e-01
8506,8.850098e-02
8507,-8.764648e-02
8508,5.456543e-02
8509,-5.017090e-02
8510,1.660156e-02
8511,-1.306152e-02
8512,-2.099609e-02
8513,2.587891e-02
8514,-6.054688e-02
8515,6.359863e-02
8516,-9.179688e-02
8517,9.399414e-02
8518,-1.241455e-01
8519,1.212158e-01
8520,-1.447754e-01
8521,1.373291e-01
8522,-1.561279e-01
8523,1.451416e-01
8524,-1.618652e-01
8525,1.441650e-01
8526,-1.541748e-01
8527,1.361084e-01
8528,-1.409912e-01
8529,1.153564e-01
8530,-1.170654e-01
8531,8.593750e-02
8532,-8.752441e-02
8533,5.371094e-02
8534,-5.139160e-02
8535,1.721191e-02
8536,-1.000977e-02
8537,-2.087402e-02
8538,2.502441e-02
8539,-5.908203e-02
8540,6.115723e-02
8541,-9.399414e-02
8542,9.301758e-02
8543,-1.224365e-01
8544,1.207275e-01
8545,-1.446533e-01
8546,1.374512e-01
8547,-1.567383e-01
8548,1.463623e-01
8549,-1.625977e-01
8550,1.457520e-01
8551,-1.562500e-01
8552,1.352539e-01
8553,-1.387939e-01
8554,1.146240e-01
8555,-1.179199e-01
8556,8.764648e-02
8557,-8.618164e-02
8558,5.615234e-02
8559,-5.004883e-02
8560,1.708984e-02
8561,-1.354980e-02
8562,-2.148438e-02
8563,2.807617e-02
8564,-5.871582e-02
8565,6.201172e-02
8566,-9.484863e-02
8567,9.472656e-02
8568,-1.241455e-01
8569,1.210938e-01
8570,-1.425781e-01
8571,1.356201e-01
8572,-1.580811e-01
8573,1.456299e-01
8574,-1.608887e-01
8575,1.470947e-01
8576,-1.563721e-01
8577,1.357422e-01
8578,-1.394043e-01
8579,1.145020e-01
8580,-1.158447e-01
8581,8.911133e-02
8582,-8.654785e-02
8583,5.346680e-02
8584,-5.017090e-02
8585,1.696777e-02
8586,-1.171875e-02
8587,-2.270508e-02
8588,2.514648e-02
8589,-5.895996e-02
8590,6.176758e-02
8591,-9.350586e-02
8592,9.350586e-02
8593,-1.224365e-01
8594,1.220703e-01
8595,-1.444092e-01
8596,1.350098e-01
8597,-1.572266e-01
8598,1.469727e-01
8599,-1.625977e-01
8600,1.459961e-01
8601,-1.572266e-01
8602,1.350098e-01
8603,-1.397705e-01
8604,1.153564e-01
8605,-1.166992e-01
8606,8.813477e-02
8607,-8.569336e-02
8608,5.578613e-02
8609,-5.065918e-02
8610,1.525879e-02
8611,-1.184082e-02
8612,-2.136230e-02
8613,2.612305e-02
8614,-5.944824e-02
8615,6.213379e-02
8616,-9.350586e-02
8617,9.472656e-02
8618,-1.210938e-01
8619,1.191406e-01
8620,-1.444092e-01
8621,1.374512e-01
8622,-1.566162e-01
8623,1.479492e-01
8624,-1.606445e-01
8625,1.439209e-01
8626,-1.547852e-01
8627,1.348877e-01
8628,-1.405029e-01
8629,1.165771e-01
8630,-1.187744e-01
8631,8.666992e-02
8632,-8.557129e-02
8633,5.322266e-02
8634,-5.017090e-02
8635,1.611328e-02
8636,-1.403809e-02
8637,-2.221680e-02
8638,2.514648e-02
8639,-5.871582e-02
8640,6.127930e-02
8641,-9.399414e-02
8642,9.289551e-02
8643,-1.228027e-01
8644,1.209717e-01
8645,-1.458740e-01
8646,1.365967e-01
8647,-1.582031e-01
8648,1.453857e-01
8649,-1.604004e-01
8650,1.452637e-01
8651,-1.568604e-01
8652,1.353760e-01
8653,-1.389160e-01
8654,1.154785e-01
8655,-1.171875e-01
8656,8.850098e-02
8657,-8.532715e-02
8658,5.517578e-02
8659,-4.846191e-02
8660,1.843262e-02
8661,-1.452637e-02
8662,-2.014160e-02
8663,2.514648e-02
8664,-6.079102e-02
8665,6.225586e-02
8666,-9.289551e-02
8667,9.277344e-02
8668,-1.242676e-01
8669,1.203613e-01
8670,-1.439209e-01
8671,1.375732e-01
8672,-1.573486e-01
8673,1.455078e-01
8674,-1.624756e-01
8675,1.455078e-01
8676,-1.560059e-01
8677,1.341553e-01
8678,-1.423340e-01
8679,1.146240e-01
8680,-1.166992e-01
8681,8.984375e-02
8682,-8.850098e-02
8683,5.334473e-02
8684,-4.980469e-02
8685,1.745605e-02
8686,-1.245117e-02
8687,-2.050781e-02
8688,2.502441e-02
8689,-5.847168e-02
8690,6.030273e-02
8691,-9.338379e-02
8692,9.301758e-02
8693,-1.224365e-01
8694,1.198730e-01
8695,-1.445312e-01
8696,1.368408e-01
8697,-1.569824e-01
8698,1.467285e-01
8699,-1.632080e-01
8700,1.452637e-01
8701,-1.573486e-01
8702,1.331787e-01
8703,-1.392822e-01
8704,1.175537e-01
8705,-1.179199e-01
8706,8.581543e-02
8707,-8.691406e-02
8708,5.725098e-02
8709,-5.090332e-02
8710,1.806641e-02
8711,-1.281738e-02
8712,-2.075195e-02
8713,2.429199e-02
8714,-5.883789e-02
8715,6.359863e-02
8716,-9.301758e-02
8717,9.533691e-02
8718,-1.247559e-01
8719,1.195068e-01
8720,-1.422119e-01
8721,1.346436e-01
8722,-1.572266e-01
8723,1.469727e-01
8724,-1.624756e-01
8725,1.461182e-01
8726,-1.547852e-01
8727,1.351318e-01
8728,-1.425781e-01
8729,1.160889e-01
8730,-1.162109e-01
8731,8.776855e-02
8732,-8.825684e-02
8733,5.480957e-02
8734,-5.187988e-02
8735,1.660156e-02
8736,-1.159668e-02
8737,-1.940918e-02
8738,2.294922e-02
8739,-6.066895e-02
8740,6.152344e-02
8741,-9.228516e-02
8742,9.484863e-02
8743,-1.236572e-01
8744,1.212158e-01
8745,-1.459961e-01
8746,1.380615e-01
8747,-1.558838e-01
8748,1.452637e-01
8749,-1.601562e-01
8750,1.442871e-01
8751,-1.550293e-01
8752,1.367188e-01
8753,-1.409912e-01
8754,1.152344e-01
8755,-1.181641e-01
8756,8.850098e-02
8757,-8.850098e-02
8758,5.639648e-02
8759,-5.053711e-02
8760,1.745605e-02
8761,-1.379395e-02
8762,-1.965332e-02
8763,2.551270e-02
8764,-5.847168e-02
8765,6.140137e-02
8766,-9.143066e-02
8767,9.399414e-02
8768,-1.202393e-01
8769,1.191406e-01
8770,-1.430664e-01
8771,1.372070e-01
8772,-1.591797e-01
8773,1.466064e-01
8774,-1.619873e-01
8775,1.468506e-01
8776,-1.546631e-01
8777,1.342773e-01
8778,-1.419678e-01
8779,1.152344e-01
8780,-1.181641e-01
8781,8.666992e-02
8782,-8.642578e-02
8783,5.493164e-02
8784,-5.346680e-02
8785,1.745605e-02
8786,-1.379395e-02
8787,-2.160645e-02
8788,2.404785e-02
8789,-5.908203e-02
8790,6.091309e-02
8791,-9.399414e-02
8792,9.350586e-02
8793,-1.213379e-01
8794,1.185303e-01
8795,-1.458740e-01
8796,1.374512e-01
8797,-1.564941e-01
8798,1.451416e-01
8799,-1.634521e-01
8800,1.467285e-01
8801,-1.567383e-01
8802,1.339111e-01
8803,-1.398926e-01
8804,1.132812e-01
8805,-1.176758e-01
8806,8.886719e-02
8807,-8.776855e-02
8808,5.517578e-02
8809,-5.139160e-02
8810,1.794434e-02
8811,-1.501465e-02
8812,-2.001953e-02
8813,2.465820e-02
8814,-5.786133e-02
8815,6.140137e-02
8816,-9.460449e-02
8817,9.265137e-02
8818,-1.230469e-01
8819,1.186523e-01
8820,-1.429443e-01
8821,1.374512e-01
8822,-1.584473e-01
8823,1.466064e-01
8824,-1.614990e-01
8825,1.468506e-01
8826,-1.556396e-01
8827,1.354980e-01
8828,-1.406250e-01
8829,1.151123e-01
8830,-1.179199e-01
8831,8.752441e-02
8832,-8.752441e-02
8833,5.578613e-02
8834,-5.126953e-02
8835,1.867676e-02
8836,-1.245117e-02
8837,-2.014160e-02
8838,2.343750e-02
8839,-5.993652e-02
8840,6.127930e-02
8841,-9.497070e-02
8842,9.216309e-02
8843,-1.207275e-01
8844,1.203613e-01
8845,-1.433105e-01
8846,1.389160e-01
8847,-1.580811e-01
8848,1.447754e-01
8849,-1.612549e-01
8850,1.453857e-01
8851,-1.560059e-01
8852,1.358643e-01
8853,-1.405029e-01
8854,1.151123e-01
8855,-1.173096e-01
8856,8.898926e-02
8857,-8.752441e-02
8858,5.700684e-02
8859,-5.212402e-02
8860,1.782227e-02
8861,-1.293945e-02
8862,-2.038574e-02
8863,2.441406e-02
8864,-5.725098e-02
8865,6.054688e-02
8866,-9.228516e-02
8867,9.265137e-02
8868,-1.230469e-01
8869,1.210938e-01
8870,-1.434326e-01
8871,1.364746e-01
8872,-1.572266e-01
8873,1.456299e-01
8874,-1.629639e-01
8875,1.458740e-01
8876,-1.557617e-01
8877,1.343994e-01
8878,-1.403809e-01
8879,1.170654e-01
8880,-1.187744e-01
8881,8.911133e-02
8882,-8.801270e-02
8883,5.456543e-02
8884,-5.078125e-02
8885,1.892090e-02
8886,-1.489258e-02
8887,-2.038574e-02
8888,2.526855e-02
8889,-5.847168e-02
8890,6.030273e-02
8891,-9.277344e-02
8892,9.301758e-02
8893,-1.212158e-01
8894,1.181641e-01
8895,-1.444092e-01
8896,1.381836e-01
8897,-1.575928e-01
8898,1.468506e-01
8899,-1.632080e-01
8900,1.442871e-01
8901,-1.550293e-01
8902,1.347656e-01
8903,-1.403809e-01
8904,1.170654e-01
8905,-1.190186e-01
8906,8.947754e-02
8907,-8.642578e-02
8908,5.590820e-02
8909,-5.224609e-02
8910,1.879883e-02
8911,-1.367188e-02
8912,-2.221680e-02
8913,2.587891e-02
8914,-5.810547e-02
8915,6.140137e-02
8916,-9.216309e-02
8917,9.362793e-02
8918,-1.220703e-01
8919,1.202393e-01
8920,-1.442871e-01
8921,1.351318e-01
8922,-1.577148e-01
8923,1.472168e-01
8924,-1.623535e-01
8925,1.448975e-01
8926,-1.557617e-01
8927,1.350098e-01
8928,-1.413574e-01
8929,1.166992e-01
8930,-1.197510e-01
8931,8.789062e-02
8932,-8.703613e-02
8933,5.529785e-02
8934,-5.200195e-02
8935,1.928711e-02
8936,-1.379395e-02
8937,-1.965332e-02
8938,2.441406e-02
8939,-5.895996e-02
8940,6.054688e-02
8941,-9.216309e-02
8942,9.326172e-02
8943,-1.230469e-01
8944,1.198730e-01
8945,-1.444092e-01
8946,1.368408e-01
8947,-1.568604e-01
8948,1.459961e-01
8949,-1.617432e-01
8950,1.467285e-01
8951,-1.534424e-01
8952,1.348877e-01
8953,-1.413574e-01
8954,1.170654e-01
8955,-1.175537e-01
8956,8.813477e-02
8957,-8.850098e-02
8958,5.688477e-02
8959,-5.187988e-02
8960,1.708984e-02
8961,-1.330566e-02
8962,-1.879883e-02
8963,2.368164e-02
8964,-5.822754e-02
8965,6.164551e-02
8966,-9.130859e-02
8967,9.289551e-02
8968,-1.231689e-01
8969,1.192627e-01
8970,-1.430664e-01
8971,1.376953e-01
8972,-1.584473e-01
8973,1.453857e-01
8974,-1.614990e-01
8975,1.473389e-01
8976,-1.547852e-01
8977,1.348877e-01
8978,-1.411133e-01
8979,1.152344e-01
8980,-1.179199e-01
8981,9.094238e-02
8982,-8.862305e-02
8983,5.517578e-02
8984,-5.187988e-02
8985,1.831055e-02
8986,-1.477051e-02
8987,-2.124023e-02
8988,2.551270e-02
8989,-5.700684e-02
8990,5.883789e-02
8991,-9.204102e-02
8992,9.521484e-02
8993,-1.221924e-01
8994,1.187744e-01
8995,-1.444092e-01
8996,1.378174e-01
8997,-1.588135e-01
8998,1.472168e-01
8999,-1.611328e-01
9000,1.442871e-01
9001,-1.574707e-01
9002,1.345215e-01
9003,-1.417236e-01
9004,1.166992e-01
9005,-1.170654e-01
9006,8.959961e-02
9007,-8.874512e-02
9008,5.639648e-02
9009,-5.041504e-02
9010,1.916504e-02
9011,-1.489258e-02
9012,-1.977539e-02
9013,2.600098e-02
9014,-5.566406e-02
9015,6.152344e-02
9016,-9.265137e-02
9017,9.448242e-02
9018,-1.214600e-01
9019,1.186523e-01
9020,-1.427002e-01
9021,1.352539e-01
9022,-1.572266e-01
9023,1.490479e-01
9024,-1.607666e-01
9025,1.451416e-01
9026,-1.557617e-01
9027,1.384277e-01
9028,-1.418457e-01
9029,1.173096e-01
9030,-1.177979e-01
9031,8.557129e-02
9032,-8.593750e-02
9033,5.664062e-02
9034,-5.236816e-02
9035,1.818848e-02
9036,-1.379395e-02
9037,-2.099609e-02
9038,2.624512e-02
9039,-5.627441e-02
9040,5.944824e-02
9041,-9.252930e-02
9042,9.411621e-02
9043,-1.219482e-01
9044,1.206055e-01
9045,-1.457520e-01
9046,1.381836e-01
9047,-1.572266e-01
9048,1.452637e-01
9049,-1.618652e-01
9050,1.451416e-01
9051,-1.553955e-01
9052,1.361084e-01
9053,-1.413574e-01
9054,1.153564e-01
9055,-1.175537e-01
9056,8.947754e-02
9057,-8.666992e-02
9058,5.859375e-02
9059,-5.114746e-02
9060,1.831055e-02
9061,-1.257324e-02
9062,-1.953125e-02
9063,2.429199e-02
9064,-5.944824e-02
9065,5.810547e-02
9066,-9.252930e-02
9067,9.387207e-02
9068,-1.219482e-01
9069,1.195068e-01
9070,-1.429443e-01
9071,1.365967e-01
9072,-1.567383e-01
9073,1.461182e-01
9074,-1.627197e-01
9075,1.463623e-01
9076,-1.556396e-01
9077,1.348877e-01
9078,-1.384277e-01
9079,1.171875e-01
9080,-1.187744e-01
9081,9.020996e-02
9082,-8.605957e-02
9083,5.554199e-02
9084,-5.334473e-02
9085,1.892090e-02
9086,-1.489258e-02
9087,-2.038574e-02
9088,2.416992e-02
9089,-5.810547e-02
9090,6.140137e-02
9091,-9.326172e-02
9092,9.204102e-02
9093,-1.203613e-01
9094,1.195068e-01
9095,-1.446533e-01
9096,1.345215e-01
9097,-1.562500e-01
9098,1.459961e-01
9099,-1.618652e-01
9100,1.459961e-01
9101,-1.572266e-01
9102,1.363525e-01
9103,-1.419678e-01
9104,1.164551e-01
9105,-1.181641e-01
9106,8.837891e-02
9107,-8.801270e-02
9108,5.529785e-02
9109,-5.456543e-02
9110,1.855469e-02
9111,-1.342773e-02
9112,-1.965332e-02
9113,2.478027e-02
9114,-5.810547e-02
9115,6.164551e-02
9116,-9.069824e-02
9117,9.313965e-02
9118,-1.217041e-01
9119,1.182861e-01
9120,-1.452637e-01
9121,1.389160e-01
9122,-1.553955e-01
9123,1.457520e-01
9124,-1.622314e-01
9125,1.439209e-01
9126,-1.550293e-01
9127,1.346436e-01
9128,-1.425781e-01
9129,1.169434e-01
9130,-1.171875e-01
9131,8.886719e-02
9132,-8.740234e-02
9133,5.664062e-02
9134,-5.151367e-02
9135,1.916504e-02
9136,-1.477051e-02
9137,-1.892090e-02
9138,2.465820e-02
9139,-5.859375e-02
9140,5.932617e-02
9141,-9.155273e-02
9142,9.082031e-02
9143,-1.224365e-01
9144,1.187744e-01
9145,-1.442871e-01
9146,1.383057e-01
9147,-1.563721e-01
9148,1.462402e-01
9149,-1.623535e-01
9150,1.451416e-01
9151,-1.557617e-01
9152,1.374512e-01
9153,-1.420898e-01
9154,1.152344e-01
9155,-1.179199e-01
9156,9.008789e-02
9157,-8.715820e-02
9158,5.615234e-02
9159,-5.346680e-02
9160,1.879883e-02
9161,-1.367188e-02
9162,-1.806641e-02
9163,2.453613e-02
9164,-5.895996e-02
9165,6.103516e-02
9166,-9.228516e-02
9167,9.301758e-02
9168,-1.203613e-01
9169,1.171875e-01
9170,-1.424561e-01
9171,1.365967e-01
9172,-1.567383e-01
9173,1.446533e-01
9174,-1.623535e-01
9175,1.469727e-01
9176,-1.572266e-01
9177,1.354980e-01
9178,-1.424561e-01
9179,1.177979e-01
9180,-1.176758e-01
9181,8.996582e-02
9182,-8.801270e-02
9183,5.517578e-02
9184,-5.102539e-02
9185,1.904297e-02
9186,-1.489258e-02
9187,-1.770020e-02
9188,2.453613e-02
9189,-5.725098e-02
9190,6.054688e-02
9191,-9.289551e-02
9192,9.362793e-02
9193,-1.221924e-01
9194,1.179199e-01
9195,-1.425781e-01
9196,1.348877e-01
9197,-1.571045e-01
9198,1.479492e-01
9199,-1.624756e-01
9200,1.442871e-01
9201,-1.563721e-01
9202,1.343994e-01
9203,-1.401367e-01
9204,1.175537e-01
9205,-1.191406e-01
9206,8.923340e-02
9207,-8.886719e-02
9208,5.615234e-02
9209,-5.273438e-02
9210,2.075195e-02
9211,-1.562500e-02
9212,-2.075195e-02
9213,2.453613e-02
9214,-5.725098e-02
9215,6.164551e-02
9216,-9.094238e-02
9217,9.130859e-02
9218,-1.208496e-01
9219,1.198730e-01
9220,-1.431885e-01
9221,1.359863e-01
9222,-1.571045e-01
9223,1.451416e-01
9224,-1.623535e-01
9225,1.463623e-01
9226,-1.568604e-01
9227,1.363525e-01
9228,-1.420898e-01
9229,1.177979e-01
9230,-1.169434e-01
9231,8.862305e-02
9232,-8.825684e-02
9233,5.664062e-02
9234,-5.102539e-02
9235,2.001953e-02
9236,-1.647949e-02
9237,-1.965332e-02
9238,2.392578e-02
9239,-5.773926e-02
9240,6.140137e-02
9241,-9.289551e-02
9242,9.252930e-02
9243,-1.204834e-01
9244,1.153564e-01
9245,-1.431885e-01
9246,1.374512e-01
9247,-1.586914e-01
9248,1.461182e-01
9249,-1.623535e-01
9250,1.466064e-01
9251,-1.564941e-01
9252,1.357422e-01
9253,-1.409912e-01
9254,1.164551e-01
9255,-1.182861e-01
9256,8.972168e-02
9257,-8.825684e-02
9258,5.773926e-02
9259,-5.346680e-02
9260,1.965332e-02
9261,-1.489258e-02
9262,-1.965332e-02
9263,2.331543e-02
9264,-5.822754e-02
9265,6.005859e-02
9266,-9.289551e-02
9267,9.265137e-02
9268,-1.202393e-01
9269,1.190186e-01
9270,-1.431885e-01
9271,1.374512e-01
9272,-1.574707e-01
9273,1.447754e-01
9274,-1.621094e-01
9275,1.459961e-01
9276,-1.552734e-01
9277,1.343994e-01
9278,-1.429443e-01
9279,1.160889e-01
9280,-1.193848e-01
9281,9.106445e-02
9282,-8.898926e-02
9283,5.432129e-02
9284,-5.383301e-02
9285,1.782227e-02
9286,-1.672363e-02
9287,-1.953125e-02
9288,2.282715e-02
9289,-5.981445e-02
9290,6.042480e-02
9291,-8.959961e-02
9292,8.947754e-02
9293,-1.204834e-01
9294,1.188965e-01
9295,-1.444092e-01
9296,1.356201e-01
9297,-1.579590e-01
9298,1.468506e-01
9299,-1.595459e-01
9300,1.478271e-01
9301,-1.571045e-01
9302,1.341553e-01
9303,-1.429443e-01
9304,1.166992e-01
9305,-1.198730e-01
9306,8.911133e-02
9307,-8.666992e-02
9308,5.603027e-02
9309,-5.249023e-02
9310,1.904297e-02
9311,-1.464844e-02
9312,-1.965332e-02
9313,2.355957e-02
9314,-5.725098e-02
9315,5.871582e-02
9316,-9.143066e-02
9317,9.387207e-02
9318,-1.221924e-01
9319,1.186523e-01
9320,-1.427002e-01
9321,1.359863e-01
9322,-1.572266e-01
9323,1.459961e-01
9324,-1.614990e-01
9325,1.470947e-01
9326,-1.555176e-01
9327,1.364746e-01
9328,-1.400146e-01
9329,1.186523e-01
9330,-1.187744e-01
9331,8.862305e-02
9332,-8.850098e-02
9333,5.847168e-02
9334,-5.346680e-02
9335,1.818848e-02
9336,-1.550293e-02
9337,-1.965332e-02
9338,2.294922e-02
9339,-5.566406e-02
9340,5.944824e-02
9341,-9.240723e-02
9342,9.106445e-02
9343,-1.213379e-01
9344,1.186523e-01
9345,-1.418457e-01
9346,1.375732e-01
9347,-1.578369e-01
9348,1.462402e-01
9349,-1.597900e-01
9350,1.461182e-01
9351,-1.564941e-01
9352,1.358643e-01
9353,-1.430664e-01
9354,1.160889e-01
9355,-1.175537e-01
9356,8.874512e-02
9357,-8.886719e-02
9358,5.773926e-02
9359,-5.346680e-02
9360,2.136230e-02
9361,-1.489258e-02
9362,-1.794434e-02
9363,2.221680e-02
9364,-5.639648e-02
9365,6.054688e-02
9366,-9.155273e-02
9367,9.082031e-02
9368,-1.212158e-01
9369,1.190186e-01
9370,-1.437988e-01
9371,1.339111e-01
9372,-1.568604e-01
9373,1.453857e-01
9374,-1.614990e-01
9375,1.456299e-01
9376,-1.564941e-01
9377,1.373291e-01
9378,-1.414795e-01
9379,1.165771e-01
9380,-1.179199e-01
9381,8.947754e-02
9382,-9.106445e-02
9383,5.578613e-02
9384,-5.126953e-02
9385,2.014160e-02
9386,-1.538086e-02
9387,-1.770020e-02
9388,2.136230e-02
9389,-5.810547e-02
9390,6.079102e-02
9391,-9.240723e-02
9392,9.094238e-02
9393,-1.195068e-01
9394,1.176758e-01
9395,-1.420898e-01
9396,1.358643e-01
9397,-1.585693e-01
9398,1.474609e-01
9399,-1.614990e-01
9400,1.466064e-01
9401,-1.563721e-01
9402,1.369629e-01
9403,-1.402588e-01
9404,1.174316e-01
9405,-1.199951e-01
9406,8.911133e-02
9407,-8.825684e-02
9408,5.590820e-02
9409,-5.346680e-02
9410,2.001953e-02
9411,-1.623535e-02
9412,-1.977539e-02
9413,2.307129e-02
9414,-5.639648e-02
9415,6.042480e-02
9416,-8.972168e-02
9417,9.167480e-02
9418,-1.217041e-01
9419,1.177979e-01
9420,-1.433105e-01
9421,1.365967e-01
9422,-1.566162e-01
9423,1.446533e-01
9424,-1.623535e-01
9425,1.468506e-01
9426,-1.562500e-01
9427,1.357422e-01
9428,-1.437988e-01
9429,1.176758e-01
9430,-1.187744e-01
9431,8.874512e-02
9432,-8.801270e-02
9433,5.517578e-02
9434,-5.383301e-02
9435,2.075195e-02
9436,-1.733398e-02
9437,-2.148438e-02
9438,2.282715e-02
9439,-5.554199e-02
9440,6.018066e-02
9441,-9.155273e-02
9442,9.216309e-02
9443,-1.213379e-01
9444,1.177979e-01
9445,-1.422119e-01
9446,1.350098e-01
9447,-1.561279e-01
9448,1.456299e-01
9449,-1.614990e-01
9450,1.470947e-01
9451,-1.586914e-01
9452,1.365967e-01
9453,-1.409912e-01
9454,1.148682e-01
9455,-1.173096e-01
9456,9.020996e-02
9457,-8.837891e-02
9458,5.859375e-02
9459,-5.432129e-02
9460,2.087402e-02
9461,-1.538086e-02
9462,-1.867676e-02
9463,2.380371e-02
9464,-5.786133e-02
9465,6.005859e-02
9466,-9.155273e-02
9467,9.216309e-02
9468,-1.206055e-01
9469,1.169434e-01
9470,-1.433105e-01
9471,1.353760e-01
9472,-1.572266e-01
9473,1.452637e-01
9474,-1.621094e-01
9475,1.459961e-01
9476,-1.572266e-01
9477,1.364746e-01
9478,-1.427002e-01
9479,1.158447e-01
9480,-1.184082e-01
9481,9.045410e-02
9482,-8.959961e-02
9483,5.590820e-02
9484,-5.322266e-02
9485,2.148438e-02
9486,-1.586914e-02
9487,-1.953125e-02
9488,2.380371e-02
9489,-5.639648e-02
9490,5.761719e-02
9491,-9.082031e-02
9492,9.143066e-02
9493,-1.214600e-01
9494,1.177979e-01
9495,-1.429443e-01
9496,1.358643e-01
9497,-1.579590e-01
9498,1.459961e-01
9499,-1.623535e-01
9500,1.451416e-01
9501,-1.546631e-01
9502,1.351318e-01
9503,-1.425781e-01
9504,1.173096e-01
9505,-1.199951e-01
9506,9.216309e-02
9507,-9.057617e-02
9508,5.627441e-02
9509,-5.346680e-02
9510,1.965332e-02
9511,-1.733398e-02
9512,-1.660156e-02
9513,2.355957e-02
9514,-5.529785e-02
9515,5.786133e-02
9516,-9.045410e-02
9517,9.313965e-02
9518,-1.225586e-01
9519,1.177979e-01
9520,-1.427002e-01
9521,1.361084e-01
9522,-1.572266e-01
9523,1.477051e-01
9524,-1.602783e-01
9525,1.458740e-01
9526,-1.569824e-01
9527,1.341553e-01
9528,-1.408691e-01
9529,1.179199e-01
9530,-1.201172e-01
9531,8.898926e-02
9532,-8.984375e-02
9533,5.712891e-02
9534,-5.505371e-02
9535,2.111816e-02
9536,-1.403809e-02
9537,-2.038574e-02
9538,2.294922e-02
9539,-5.639648e-02
9540,6.018066e-02
9541,-9.045410e-02
9542,9.106445e-02
9543,-1.207275e-01
9544,1.174316e-01
9545,-1.423340e-01
9546,1.359863e-01
9547,-1.549072e-01
9548,1.464844e-01
9549,-1.632080e-01
9550,1.459961e-01
9551,-1.573486e-01
9552,1.374512e-01
9553,-1.406250e-01
9554,1.174316e-01
9555,-1.191406e-01
9556,9.216309e-02
9557,-8.911133e-02
9558,5.773926e-02
9559,-5.297852e-02
9560,1.940918e-02
9561,-1.599121e-02
9562,-1.623535e-02
9563,2.185059e-02
9564,-5.688477e-02
9565,5.895996e-02
9566,-9.045410e-02
9567,9.167480e-02
9568,-1.187744e-01
9569,1.170654e-01
9570,-1.431885e-01
9571,1.359863e-01
9572,-1.572266e-01
9573,1.464844e-01
9574,-1.623535e-01
9575,1.451416e-01
9576,-1.564941e-01
9577,1.348877e-01
9578,-1.407471e-01
9579,1.179199e-01
9580,-1.208496e-01
9581,9.045410e-02
9582,-8.923340e-02
9583,5.773926e-02
9584,-5.505371e-02
9585,1.892090e-02
9586,-1.708984e-02
9587,-1.940918e-02
9588,2.270508e-02
9589,-5.810547e-02
9590,5.883789e-02
9591,-9.033203e-02
9592,9.130859e-02
9593,-1.203613e-01
9594,1.146240e-01
9595,-1.446533e-01
9596,1.380615e-01
9597,-1.567383e-01
9598,1.456299e-01
9599,-1.612549e-01
9600,1.448975e-01
9601,-1.568604e-01
9602,1.368408e-01
9603,-1.423340e-01
9604,1.177979e-01
9605,-1.192627e-01
9606,8.947754e-02
9607,-8.959961e-02
9608,5.810547e-02
9609,-5.517578e-02
9610,2.209473e-02
9611,-1.635742e-02
9612,-1.892090e-02
9613,2.355957e-02
9614,-5.810547e-02
9615,5.993652e-02
9616,-8.935547e-02
9617,9.277344e-02
9618,-1.187744e-01
9619,1.165771e-01
9620,-1.427002e-01
9621,1.369629e-01
9622,-1.589355e-01
9623,1.466064e-01
9624,-1.608887e-01
9625,1.445312e-01
9626,-1.563721e-01
9627,1.365967e-01
9628,-1.418457e-01
9629,1.181641e-01
9630,-1.198730e-01
9631,9.020996e-02
9632,-8.813477e-02
9633,5.627441e-02
9634,-5.517578e-02
9635,2.050781e-02
9636,-1.623535e-02
9637,-1.708984e-02
9638,2.209473e-02
9639,-5.456543e-02
9640,5.957031e-02
9641,-9.082031e-02
9642,8.959961e-02
9643,-1.198730e-01
9644,1.186523e-01
9645,-1.427002e-01
9646,1.356201e-01
9647,-1.577148e-01
9648,1.451416e-01
9649,-1.624756e-01
9650,1.461182e-01
9651,-1.557617e-01
9652,1.361084e-01
9653,-1.425781e-01
9654,1.159668e-01
9655,-1.210938e-01
9656,9.228516e-02
9657,-9.008789e-02
9658,5.725098e-02
9659,-5.200195e-02
9660,2.075195e-02
9661,-1.660156e-02
9662,-1.794434e-02
9663,2.282715e-02
9664,-5.651855e-02
9665,5.798340e-02
9666,-8.935547e-02
9667,9.277344e-02
9668,-1.210938e-01
9669,1.181641e-01
9670,-1.433105e-01
9671,1.357422e-01
9672,-1.558838e-01
9673,1.470947e-01
9674,-1.622314e-01
9675,1.451416e-01
9676,-1.577148e-01
9677,1.359863e-01
9678,-1.417236e-01
9679,1.181641e-01
9680,-1.196289e-01
9681,9.216309e-02
9682,-8.898926e-02
9683,5.908203e-02
9684,-5.505371e-02
9685,2.111816e-02
9686,-1.647949e-02
9687,-1.818848e-02
9688,2.221680e-02
9689,-5.590820e-02
9690,5.969238e-02
9691,-8.984375e-02
9692,9.130859e-02
9693,-1.203613e-01
9694,1.174316e-01
9695,-1.442871e-01
9696,1.353760e-01
9697,-1.572266e-01
9698,1.469727e-01
9699,-1.614990e-01
9700,1.442871e-01
9701,-1.574707e-01
9702,1.375732e-01
9703,-1.431885e-01
9704,1.170654e-01
9705,-1.187744e-01
9706,8.923340e-02
9707,-8.947754e-02
9708,5.749512e-02
9709,-5.468750e-02
9710,2.197266e-02
9711,-1.623535e-02
9712,-1.867676e-02
9713,2.124023e-02
9714,-5.517578e-02
9715,5.822754e-02
9716,-9.020996e-02
9717,9.069824e-02
9718,-1.207275e-01
9719,1.173096e-01
9720,-1.424561e-01
9721,1.356201e-01
9722,-1.584473e-01
9723,1.452637e-01
9724,-1.622314e-01
9725,1.467285e-01
9726,-1.551514e-01
9727,1.348877e-01
9728,-1.414795e-01
9729,1.175537e-01
9730,-1.224365e-01
9731,9.069824e-02
9732,-9.057617e-02
9733,5.773926e-02
9734,-5.432129e-02
9735,2.087402e-02
9736,-1.550293e-02
9737,-1.904297e-02
9738,2.172852e-02
9739,-5.578613e-02
9740,5.834961e-02
9741,-8.972168e-02
9742,9.057617e-02
9743,-1.221924e-01
9744,1.152344e-01
9745,-1.416016e-01
9746,1.363525e-01
9747,-1.585693e-01
9748,1.435547e-01
9749,-1.627197e-01
9750,1.459961e-01
9751,-1.572266e-01
9752,1.357422e-01
9753,-1.434326e-01
9754,1.173096e-01
9755,-1.196289e-01
9756,9.082031e-02
9757,-8.789062e-02
9758,5.615234e-02
9759,-5.480957e-02
9760,2.136230e-02
9761,-1.562500e-02
9762,-1.708984e-02
9763,2.209473e-02
9764,-5.603027e-02
9765,5.798340e-02
9766,-9.143066e-02
9767,8.959961e-02
9768,-1.191406e-01
9769,1.169434e-01
9770,-1.439209e-01
9771,1.357422e-01
9772,-1.563721e-01
9773,1.451416e-01
9774,-1.623535e-01
9775,1.459961e-01
9776,-1.574707e-01
9777,1.362305e-01
9778,-1.429443e-01
9779,1.160889e-01
9780,-1.204834e-01
9781,9.082031e-02
9782,-9.094238e-02
9783,5.627441e-02
9784,-5.383301e-02
9785,2.075195e-02
9786,-1.806641e-02
9787,-1.879883e-02
9788,2.124023e-02
9789,-5.468750e-02
9790,5.786133e-02
9791,-8.959961e-02
9792,9.289551e-02
9793,-1.203613e-01
9794,1.163330e-01
9795,-1.406250e-01
9796,1.348877e-01
9797,-1.568604e-01
9798,1.469727e-01
9799,-1.605225e-01
9800,1.458740e-01
9801,-1.572266e-01
9802,1.383057e-01
9803,-1.429443e-01
9804,1.169434e-01
9805,-1.213379e-01
9806,9.155273e-02
9807,-8.789062e-02
9808,5.810547e-02
9809,-5.468750e-02
9810,2.124023e-02
9811,-1.818848e-02
9812,-1.916504e-02
9813,2.221680e-02
9814,-5.554199e-02
9815,5.712891e-02
9816,-8.984375e-02
9817,9.118652e-02
9818,-1.214600e-01
9819,1.187744e-01
9820,-1.418457e-01
9821,1.350098e-01
9822,-1.572266e-01
9823,1.461182e-01
9824,-1.621094e-01
9825,1.468506e-01
9826,-1.555176e-01
9827,1.370850e-01
9828,-1.431885e-01
9829,1.184082e-01
9830,-1.192627e-01
9831,9.045410e-02
9832,-9.057617e-02
9833,5.822754e-02
9834,-5.310059e-02
9835,2.014160e-02
9836,-1.623535e-02
9837,-1.879883e-02
9838,2.099609e-02
9839,-5.480957e-02
9840,5.712891e-02
9841,-8.984375e-02
9842,9.130859e-02
9843,-1.186523e-01
9844,1.173096e-01
9845,-1.436768e-01
9846,1.341553e-01
9847,-1.561279e-01
9848,1.457520e-01
9849,-1.618652e-01
9850,1.451416e-01
9851,-1.568604e-01
9852,1.357422e-01
9853,-1.422119e-01
9854,1.193848e-01
9855,-1.204834e-01
9856,9.143066e-02
9857,-8.886719e-02
9858,5.847168e-02
9859,-5.554199e-02
9860,2.038574e-02
9861,-1.879883e-02
9862,-1.831055e-02
9863,2.258301e-02
9864,-5.590820e-02
9865,5.920410e-02
9866,-8.898926e-02
9867,8.874512e-02
9868,-1.207275e-01
9869,1.188965e-01
9870,-1.425781e-01
9871,1.365967e-01
9872,-1.553955e-01
9873,1.447754e-01
9874,-1.623535e-01
9875,1.459961e-01
9876,-1.579590e-01
9877,1.365967e-01
9878,-1.436768e-01
9879,1.184082e-01
9880,-1.204834e-01
9881,9.057617e-02
9882,-8.923340e-02
9883,5.639648e-02
9884,-5.395508e-02
9885,2.087402e-02
9886,-1.818848e-02
9887,-1.611328e-02
9888,2.136230e-02
9889,-5.676270e-02
9890,5.749512e-02
9891,-8.911133e-02
9892,8.984375e-02
9893,-1.182861e-01
9894,1.152344e-01
9895,-1.424561e-01
9896,1.373291e-01
9897,-1.556396e-01
9898,1.442871e-01
9899,-1.632080e-01
9900,1.442871e-01
9901,-1.575928e-01
9902,1.369629e-01
9903,-1.409912e-01
9904,1.174316e-01
9905,-1.187744e-01
9906,9.204102e-02
9907,-8.996582e-02
9908,5.847168e-02
9909,-5.444336e-02
9910,2.124023e-02
9911,-1.660156e-02
9912,-1.599121e-02
9913,1.892090e-02
9914,-5.712891e-02
9915,5.749512e-02
9916,-8.959961e-02
9917,9.118652e-02
9918,-1.201172e-01
9919,1.186523e-01
9920,-1.402588e-01
9921,1.336670e-01
9922,-1.584473e-01
9923,1.446533e-01
9924,-1.599121e-01
9925,1.448975e-01
9926,-1.563721e-01
9927,1.394043e-01
9928,-1.439209e-01
9929,1.175537e-01
9930,-1.177979e-01
9931,9.045410e-02
9932,-9.118652e-02
9933,6.018066e-02
9934,-5.468750e-02
9935,2.209473e-02
9936,-1.635742e-02
9937,-1.721191e-02
9938,2.026367e-02
9939,-5.480957e-02
9940,5.810547e-02
9941,-9.118652e-02
9942,9.106445e-02
9943,-1.182861e-01
9944,1.170654e-01
9945,-1.435547e-01
9946,1.370850e-01
9947,-1.562500e-01
9948,1.459961e-01
9949,-1.618652e-01
9950,1.459961e-01
9951,-1.563721e-01
9952,1.369629e-01
9953,-1.430664e-01
9954,1.174316e-01
9955,-1.199951e-01
9956,9.057617e-02
9957,-9.143066e-02
9958,5.834961e-02
9959,-5.419922e-02
9960,2.001953e-02
9961,-1.721191e-02
9962,-1.708984e-02
9963,2.209473e-02
9964,-5.664062e-02
9965,5.895996e-02
9966,-8.752441e-02
9967,8.959961e-02
9968,-1.184082e-01
9969,1.174316e-01
9970,-1.422119e-01
9971,1.365967e-01
9972,-1.560059e-01
9973,1.459961e-01
9974,-1.606445e-01
9975,1.453857e-01
9976,-1.564941e-01
9977,1.368408e-01
9978,-1.429443e-01
9979,1.180420e-01
9980,-1.207275e-01
9981,9.130859e-02
9982,-8.874512e-02
9983,5.773926e-02
9984,-5.505371e-02
9985,2.160645e-02
9986,-1.623535e-02
9987,-1.684570e-02
9988,2.099609e-02
9989,-5.810547e-02
9990,5.993652e-02
9991,-9.057617e-02
9992,9.143066e-02
9993,-1.198730e-01
9994,1.148682e-01
9995,-1.419678e-01
9996,1.337891e-01
9997,-1.564941e-01
9998,1.459961e-01
9999,-1.614990e-01
10000,1.478271e-01
10001,-1.580811e-01
10002,1.365967e-01
10003,-1.427002e-01
10004,1.168213e-01
10005,-1.199951e-01
10006,9.216309e-02
10007,-9.082031e-02
10008,5.920410e-02
10009,-5.505371e-02
10010,2.258301e-02
10011,-1.574707e-02
10012,-1.721191e-02
10013,2.038574e-02
10014,-5.639648e-02
10015,5.676270e-02
10016,-8.984375e-02
10017,8.959961e-02
10018,-1.199951e-01
10019,1.169434e-01
10020,-1.405029e-01
10021,1.358643e-01
10022,-1.542969e-01
10023,1.440430e-01
10024,-1.622314e-01
10025,1.468506e-01
10026,-1.579590e-01
10027,1.369629e-01
10028,-1.437988e-01
10029,1.186523e-01
10030,-1.199951e-01
10031,9.130859e-02
10032,-9.082031e-02
10033,5.859375e-02
10034,-5.554199e-02
10035,2.075195e-02
10036,-1.672363e-02
10037,-1.611328e-02
10038,2.221680e-02
10039,-5.468750e-02
10040,5.688477e-02
10041,-8.959961e-02
10042,8.837891e-02
10043,-1.201172e-01
10044,1.169434e-01
10045,-1.425781e-01
10046,1.354980e-01
10047,-1.568604e-01
10048,1.451416e-01
10049,-1.614990e-01
10050,1.467285e-01
10051,-1.585693e-01
10052,1.362305e-01
10053,-1.424561e-01
10054,1.163330e-01
10055,-1.210938e-01
10056,9.509277e-02
10057,-9.094238e-02
10058,5.871582e-02
10059,-5.163574e-02
10060,2.160645e-02
10061,-1.928711e-02
10062,-1.623535e-02
10063,2.038574e-02
10064,-5.383301e-02
10065,5.883789e-02
10066,-8.935547e-02
10067,8.959961e-02
10068,-1.181641e-01
10069,1.179199e-01
10070,-1.429443e-01
10071,1.374512e-01
10072,-1.563721e-01
10073,1.455078e-01
10074,-1.616211e-01
10075,1.463623e-01
10076,-1.567383e-01
10077,1.385498e-01
10078,-1.418457e-01
10079,1.185303e-01
10080,-1.206055e-01
10081,9.094238e-02
10082,-9.191895e-02
10083,5.798340e-02
10084,-5.419922e-02
10085,2.209473e-02
10086,-1.867676e-02
10087,-1.708984e-02
10088,2.111816e-02
10089,-5.468750e-02
10090,5.664062e-02
10091,-9.057617e-02
10092,9.033203e-02
10093,-1.198730e-01
10094,1.147461e-01
10095,-1.418457e-01
10096,1.359863e-01
10097,-1.568604e-01
10098,1.458740e-01
10099,-1.616211e-01
10100,1.450195e-01
10101,-1.573486e-01
10102,1.385498e-01
10103,-1.430664e-01
10104,1.182861e-01
10105,-1.196289e-01
10106,9.423828e-02
10107,-9.167480e-02
10108,5.920410e-02
10109,-5.334473e-02
10110,2.294922e-02
10111,-1.733398e-02
10112,-1.647949e-02
10113,2.111816e-02
10114,-5.285645e-02
10115,5.700684e-02
10116,-8.923340e-02
10117,9.020996e-02
10118,-1.190186e-01
10119,1.153564e-01
10120,-1.409912e-01
10121,1.369629e-01
10122,-1.579590e-01
10123,1.458740e-01
10124,-1.614990e-01
10125,1.459961e-01
10126,-1.573486e-01
10127,1.365967e-01
10128,-1.441650e-01
10129,1.175537e-01
10130,-1.217041e-01
10131,9.130859e-02
10132,-8.789062e-02
10133,5.798340e-02
10134,-5.676270e-02
10135,2.197266e-02
10136,-1.708984e-02
10137,-1.708984e-02
10138,1.965332e-02
10139,-5.505371e-02
10140,5.737305e-02
10141,-8.959961e-02
10142,8.874512e-02
10143,-1.190186e-01
10144,1.157227e-01
10145,-1.419678e-01
10146,1.342773e-01
10147,-1.563721e-01
10148,1.474609e-01
10149,-1.611328e-01
10150,1.461182e-01
10151,-1.579590e-01
10152,1.384277e-01
10153,-1.442871e-01
10154,1.174316e-01
10155,-1.204834e-01
10156,9.204102e-02
10157,-8.898926e-02
10158,6.091309e-02
10159,-5.529785e-02
10160,2.282715e-02
10161,-1.904297e-02
10162,-1.574707e-02
10163,2.331543e-02
10164,-5.590820e-02
10165,5.749512e-02
10166,-8.679199e-02
10167,9.008789e-02
10168,-1.199951e-01
10169,1.175537e-01
10170,-1.431885e-01
10171,1.351318e-01
10172,-1.561279e-01
10173,1.453857e-01
10174,-1.632080e-01
10175,1.473389e-01
10176,-1.547852e-01
10177,1.361084e-01
10178,-1.429443e-01
10179,1.188965e-01
10180,-1.212158e-01
10181,9.130859e-02
10182,-9.118652e-02
10183,5.847168e-02
10184,-5.493164e-02
10185,2.307129e-02
10186,-1.782227e-02
10187,-1.599121e-02
10188,2.038574e-02
10189,-5.407715e-02
10190,5.798340e-02
10191,-9.216309e-02
10192,9.033203e-02
10193,-1.196289e-01
10194,1.160889e-01
10195,-1.401367e-01
10196,1.376953e-01
10197,-1.562500e-01
10198,1.462402e-01
10199,-1.629639e-01
10200,1.463623e-01
10201,-1.564941e-01
10202,1.365967e-01
10203,-1.444092e-01
10204,1.193848e-01
10205,-1.201172e-01
10206,9.130859e-02
10207,-8.959961e-02
10208,5.981445e-02
10209,-5.639648e-02
10210,2.478027e-02
10211,-1.721191e-02
10212,-1.708984e-02
10213,1.904297e-02
10214,-5.444336e-02
10215,5.712891e-02
10216,-8.740234e-02
10217,8.984375e-02
10218,-1.181641e-01
10219,1.160889e-01
10220,-1.412354e-01
10221,1.367188e-01
10222,-1.582031e-01
10223,1.446533e-01
10224,-1.621094e-01
10225,1.459961e-01
10226,-1.571045e-01
10227,1.364746e-01
10228,-1.429443e-01
10229,1.186523e-01
10230,-1.221924e-01
10231,9.301758e-02
10232,-9.033203e-02
10233,5.932617e-02
10234,-5.590820e-02
10235,2.319336e-02
10236,-1.599121e-02
10237,-1.586914e-02
10238,1.879883e-02
10239,-5.554199e-02
10240,5.859375e-02
10241,-8.972168e-02
10242,8.984375e-02
10243,-1.196289e-01
10244,1.164551e-01
10245,-1.408691e-01
10246,1.348877e-01
10247,-1.557617e-01
10248,1.442871e-01
10249,-1.618652e-01
10250,1.457520e-01
10251,-1.580811e-01
10252,1.383057e-01
10253,-1.445312e-01
10254,1.176758e-01
10255,-1.204834e-01
10256,9.106445e-02
10257,-9.069824e-02
10258,5.883789e-02
10259,-5.493164e-02
10260,2.319336e-02
10261,-1.855469e-02
10262,-1.708984e-02
10263,1.940918e-02
10264,-5.444336e-02
10265,5.798340e-02
10266,-8.801270e-02
10267,9.069824e-02
10268,-1.187744e-01
10269,1.170654e-01
10270,-1.407471e-01
10271,1.357422e-01
10272,-1.558838e-01
10273,1.468506e-01
10274,-1.611328e-01
10275,1.447754e-01
10276,-1.572266e-01
10277,1.364746e-01
10278,-1.424561e-01
10279,1.198730e-01
10280,-1.206055e-01
10281,9.167480e-02
10282,-9.130859e-02
10283,5.920410e-02
10284,-5.639648e-02
10285,2.136230e-02
10286,-1.879883e-02
10287,-1.635742e-02
10288,2.124023e-02
10289,-5.493164e-02
10290,5.786133e-02
10291,-8.972168e-02
10292,8.898926e-02
10293,-1.181641e-01
10294,1.173096e-01
10295,-1.417236e-01
10296,1.358643e-01
10297,-1.563721e-01
10298,1.437988e-01
10299,-1.607666e-01
10300,1.464844e-01
10301,-1.586914e-01
10302,1.373291e-01
10303,-1.450195e-01
10304,1.179199e-01
10305,-1.208496e-01
10306,9.228516e-02
10307,-9.155273e-02
10308,5.920410e-02
10309,-5.627441e-02
10310,2.246094e-02
10311,-1.867676e-02
10312,-1.440430e-02
10313,2.246094e-02
10314,-5.468750e-02
10315,5.639648e-02
10316,-8.813477e-02
10317,9.167480e-02
10318,-1.188965e-01
10319,1.166992e-01
10320,-1.403809e-01
10321,1.358643e-01
10322,-1.572266e-01
10323,1.453857e-01
10324,-1.606445e-01
10325,1.470947e-01
10326,-1.572266e-01
10327,1.374512e-01
10328,-1.441650e-01
10329,1.175537e-01
10330,-1.224365e-01
10331,9.204102e-02
10332,-9.020996e-02
10333,5.932617e-02
10334,-5.688477e-02
10335,2.124023e-02
10336,-1.745605e-02
10337,-1.550293e-02
10338,2.026367e-02
10339,-5.358887e-02
10340,5.688477e-02
10341,-8.996582e-02
10342,8.886719e-02
10343,-1.182861e-01
10344,1.165771e-01
10345,-1.408691e-01
10346,1.357422e-01
10347,-1.567383e-01
10348,1.468506e-01
10349,-1.614990e-01
10350,1.459961e-01
10351,-1.562500e-01
10352,1.374512e-01
10353,-1.436768e-01
10354,1.192627e-01
10355,-1.206055e-01
10356,9.167480e-02
10357,-9.265137e-02
10358,6.005859e-02
10359,-5.603027e-02
10360,2.380371e-02
10361,-2.001953e-02
10362,-1.721191e-02
10363,2.124023e-02
10364,-5.285645e-02
10365,5.810547e-02
10366,-8.825684e-02
10367,8.935547e-02
10368,-1.184082e-01
10369,1.165771e-01
10370,-1.401367e-01
10371,1.350098e-01
10372,-1.572266e-01
10373,1.478271e-01
10374,-1.616211e-01
10375,1.452637e-01
10376,-1.566162e-01
10377,1.383057e-01
10378,-1.448975e-01
10379,1.186523e-01
10380,-1.196289e-01
10381,9.167480e-02
10382,-9.167480e-02
10383,5.920410e-02
10384,-5.639648e-02
10385,2.294922e-02
10386,-2.270508e-02
10387,-1.696777e-02
10388,2.050781e-02
10389,-5.468750e-02
10390,5.712891e-02
10391,-8.959961e-02
10392,9.033203e-02
10393,-1.180420e-01
10394,1.149902e-01
10395,-1.407471e-01
10396,1.365967e-01
10397,-1.582031e-01
10398,1.445312e-01
10399,-1.618652e-01
10400,1.467285e-01
10401,-1.580811e-01
10402,1.383057e-01
10403,-1.431885e-01
10404,1.164551e-01
10405,-1.192627e-01
10406,9.155273e-02
10407,-9.130859e-02
10408,6.005859e-02
10409,-5.554199e-02
10410,2.392578e-02
10411,-1.818848e-02
10412,-1.574707e-02
10413,1.953125e-02
10414,-5.419922e-02
10415,5.810547e-02
10416,-8.935547e-02
10417,8.801270e-02
10418,-1.182861e-01
10419,1.170654e-01
10420,-1.412354e-01
10421,1.345215e-01
10422,-1.577148e-01
10423,1.463623e-01
10424,-1.613770e-01
10425,1.477051e-01
10426,-1.562500e-01
10427,1.370850e-01
10428,-1.455078e-01
10429,1.191406e-01
10430,-1.218262e-01
10431,9.216309e-02
10432,-8.947754e-02
10433,5.993652e-02
10434,-5.798340e-02
10435,2.368164e-02
10436,-1.892090e-02
10437,-1.623535e-02
10438,2.136230e-02
10439,-5.322266e-02
10440,5.517578e-02
10441,-8.935547e-02
10442,8.984375e-02
10443,-1.181641e-01
10444,1.162109e-01
10445,-1.427002e-01
10446,1.356201e-01
10447,-1.571045e-01
10448,1.475830e-01
10449,-1.604004e-01
10450,1.442871e-01
10451,-1.574707e-01
10452,1.368408e-01
10453,-1.441650e-01
10454,1.188965e-01
10455,-1.208496e-01
10456,9.252930e-02
10457,-9.301758e-02
10458,5.993652e-02
10459,-5.639648e-02
10460,2.294922e-02
10461,-1.855469e-02
10462,-1.538086e-02
10463,1.953125e-02
10464,-5.371094e-02
10465,5.676270e-02
10466,-8.911133e-02
10467,9.130859e-02
10468,-1.170654e-01
10469,1.142578e-01
10470,-1.417236e-01
10471,1.358643e-01
10472,-1.568604e-01
10473,1.452637e-01
10474,-1.625977e-01
10475,1.464844e-01
10476,-1.582031e-01
10477,1.379395e-01
10478,-1.435547e-01
10479,1.186523e-01
10480,-1.198730e-01
10481,9.094238e-02
10482,-9.326172e-02
10483,6.140137e-02
10484,-5.493164e-02
10485,2.087402e-02
10486,-1.940918e-02
10487,-1.440430e-02
10488,2.026367e-02
10489,-5.371094e-02
10490,5.627441e-02
10491,-8.728027e-02
10492,9.094238e-02
10493,-1.195068e-01
10494,1.169434e-01
10495,-1.408691e-01
10496,1.351318e-01
10497,-1.557617e-01
10498,1.452637e-01
10499,-1.595459e-01
10500,1.463623e-01
10501,-1.578369e-01
10502,1.383057e-01
10503,-1.436768e-01
10504,1.191406e-01
10505,-1.230469e-01
10506,9.411621e-02
10507,-9.155273e-02
10508,5.957031e-02
10509,-5.554199e-02
10510,2.453613e-02
10511,-1.818848e-02
10512,-1.452637e-02
10513,2.050781e-02
10514,-5.236816e-02
10515,5.712891e-02
10516,-8.886719e-02
10517,9.033203e-02
10518,-1.177979e-01
10519,1.143799e-01
10520,-1.425781e-01
10521,1.346436e-01
10522,-1.542969e-01
10523,1.462402e-01
10524,-1.624756e-01
10525,1.469727e-01
10526,-1.555176e-01
10527,1.365967e-01
10528,-1.427002e-01
10529,1.184082e-01
10530,-1.230469e-01
10531,9.411621e-02
10532,-9.155273e-02
10533,5.883789e-02
10534,-5.737305e-02
10535,2.294922e-02
10536,-1.818848e-02
10537,-1.477051e-02
10538,1.940918e-02
10539,-5.395508e-02
10540,5.554199e-02
10541,-8.837891e-02
10542,8.886719e-02
10543,-1.173096e-01
10544,1.169434e-01
10545,-1.398926e-01
10546,1.348877e-01
10547,-1.569824e-01
10548,1.463623e-01
10549,-1.614990e-01
10550,1.473389e-01
10551,-1.573486e-01
10552,1.374512e-01
10553,-1.437988e-01
10554,1.202393e-01
10555,-1.213379e-01
10556,9.362793e-02
10557,-9.167480e-02
10558,6.164551e-02
10559,-5.554199e-02
10560,2.404785e-02
10561,-1.953125e-02
10562,-1.489258e-02
10563,2.062988e-02
10564,-5.187988e-02
10565,5.566406e-02
10566,-8.886719e-02
10567,8.972168e-02
10568,-1.192627e-01
10569,1.162109e-01
10570,-1.396484e-01
10571,1.357422e-01
10572,-1.563721e-01
10573,1.442871e-01
10574,-1.614990e-01
10575,1.477051e-01
10576,-1.594238e-01
10577,1.372070e-01
10578,-1.412354e-01
10579,1.193848e-01
10580,-1.229248e-01
10581,9.167480e-02
10582,-9.289551e-02
10583,6.140137e-02
10584,-5.700684e-02
10585,2.282715e-02
10586,-1.928711e-02
10587,-1.721191e-02
10588,1.831055e-02
10589,-5.163574e-02
10590,5.712891e-02
10591,-8.789062e-02
10592,8.764648e-02
10593,-1.185303e-01
10594,1.162109e-01
10595,-1.408691e-01
10596,1.357422e-01
10597,-1.574707e-01
10598,1.462402e-01
10599,-1.613770e-01
10600,1.453857e-01
10601,-1.580811e-01
10602,1.367188e-01
10603,-1.436768e-01
10604,1.201172e-01
10605,-1.220703e-01
10606,9.045410e-02
10607,-9.143066e-02
10608,6.054688e-02
10609,-5.578613e-02
10610,2.453613e-02
10611,-1.855469e-02
10612,-1.513672e-02
10613,1.818848e-02
10614,-5.419922e-02
10615,5.712891e-02
10616,-8.911133e-02
10617,9.057617e-02
10618,-1.192627e-01
10619,1.147461e-01
10620,-1.409912e-01
10621,1.333008e-01
10622,-1.555176e-01
10623,1.435547e-01
10624,-1.619873e-01
10625,1.484375e-01
10626,-1.589355e-01
10627,1.376953e-01
10628,-1.431885e-01
10629,1.208496e-01
10630,-1.191406e-01
10631,9.130859e-02
10632,-9.326172e-02
10633,6.103516e-02
10634,-5.810547e-02
10635,2.343750e-02
10636,-1.977539e-02
10637,-1.477051e-02
10638,1.879883e-02
10639,-5.590820e-02
10640,5.798340e-02
10641,-8.776855e-02
10642,8.911133e-02
10643,-1.173096e-01
10644,1.140137e-01
10645,-1.418457e-01
10646,1.348877e-01
10647,-1.567383e-01
10648,1.445312e-01
10649,-1.623535e-01
10650,1.472168e-01
10651,-1.595459e-01
10652,1.376953e-01
10653,-1.428223e-01
10654,1.180420e-01
10655,-1.218262e-01
10656,9.191895e-02
10657,-9.240723e-02
10658,6.164551e-02
10659,-5.639648e-02
10660,2.307129e-02
10661,-1.904297e-02
10662,-1.586914e-02
10663,1.953125e-02
10664,-5.151367e-02
10665,5.541992e-02
10666,-8.593750e-02
10667,8.813477e-02
10668,-1.166992e-01
10669,1.173096e-01
10670,-1.428223e-01
10671,1.340332e-01
10672,-1.551514e-01
10673,1.461182e-01
10674,-1.616211e-01
10675,1.442871e-01
10676,-1.595459e-01
10677,1.365967e-01
10678,-1.430664e-01
10679,1.198730e-01
10680,-1.208496e-01
10681,9.350586e-02
10682,-9.228516e-02
10683,6.140137e-02
10684,-5.822754e-02
10685,2.551270e-02
10686,-2.062988e-02
10687,-1.635742e-02
10688,2.026367e-02
10689,-5.358887e-02
10690,5.480957e-02
10691,-8.666992e-02
10692,8.874512e-02
10693,-1.171875e-01
10694,1.176758e-01
10695,-1.418457e-01
10696,1.357422e-01
10697,-1.553955e-01
10698,1.447754e-01
10699,-1.613770e-01
10700,1.464844e-01
10701,-1.562500e-01
10702,1.370850e-01
10703,-1.437988e-01
10704,1.198730e-01
10705,-1.231689e-01
10706,9.606934e-02
10707,-9.191895e-02
10708,6.140137e-02
10709,-5.566406e-02
10710,2.539062e-02
10711,-2.038574e-02
10712,-1.367188e-02
10713,1.635742e-02
10714,-5.126953e-02
10715,5.712891e-02
10716,-8.923340e-02
10717,8.789062e-02
10718,-1.171875e-01
10719,1.158447e-01
10720,-1.405029e-01
10721,1.348877e-01
10722,-1.555176e-01
10723,1.445312e-01
10724,-1.625977e-01
10725,1.468506e-01
10726,-1.575928e-01
10727,1.383057e-01
10728,-1.428223e-01
10729,1.186523e-01
10730,-1.229248e-01
10731,9.460449e-02
10732,-9.240723e-02
10733,5.969238e-02
10734,-5.712891e-02
10735,2.465820e-02
10736,-2.050781e-02
10737,-1.232910e-02
10738,1.647949e-02
10739,-5.187988e-02
10740,5.700684e-02
10741,-8.715820e-02
10742,8.886719e-02
10743,-1.193848e-01
10744,1.152344e-01
10745,-1.396484e-01
10746,1.336670e-01
10747,-1.573486e-01
10748,1.463623e-01
10749,-1.622314e-01
10750,1.466064e-01
10751,-1.575928e-01
10752,1.369629e-01
10753,-1.445312e-01
10754,1.198730e-01
10755,-1.219482e-01
10756,9.387207e-02
10757,-9.460449e-02
10758,6.054688e-02
10759,-5.798340e-02
10760,2.453613e-02
10761,-2.087402e-02
10762,-1.538086e-02
10763,2.124023e-02
10764,-5.187988e-02
10765,5.383301e-02
10766,-8.898926e-02
10767,8.947754e-02
10768,-1.174316e-01
10769,1.156006e-01
10770,-1.411133e-01
10771,1.339111e-01
10772,-1.546631e-01
10773,1.452637e-01
10774,-1.633301e-01
10775,1.457520e-01
10776,-1.571045e-01
10777,1.365967e-01
10778,-1.448975e-01
10779,1.203613e-01
10780,-1.228027e-01
10781,9.301758e-02
10782,-9.265137e-02
10783,6.127930e-02
10784,-5.712891e-02
10785,2.490234e-02
10786,-1.879883e-02
10787,-1.477051e-02
10788,1.867676e-02
10789,-5.151367e-02
10790,5.517578e-02
10791,-8.825684e-02
10792,8.789062e-02
10793,-1.170654e-01
10794,1.151123e-01
10795,-1.417236e-01
10796,1.337891e-01
10797,-1.553955e-01
10798,1.453857e-01
10799,-1.621094e-01
10800,1.467285e-01
10801,-1.578369e-01
10802,1.374512e-01
10803,-1.447754e-01
10804,1.197510e-01
10805,-1.224365e-01
10806,9.423828e-02
10807,-9.252930e-02
10808,5.969238e-02
10809,-5.627441e-02
10810,2.551270e-02
10811,-1.989746e-02
10812,-1.403809e-02
10813,1.904297e-02
10814,-5.358887e-02
10815,5.676270e-02
10816,-8.801270e-02
10817,8.801270e-02
10818,-1.164551e-01
10819,1.152344e-01
10820,-1.392822e-01
10821,1.348877e-01
10822,-1.563721e-01
10823,1.469727e-01
10824,-1.606445e-01
10825,1.453857e-01
10826,-1.574707e-01
10827,1.383057e-01
10828,-1.431885e-01
10829,1.198730e-01
10830,-1.212158e-01
10831,9.472656e-02
10832,-9.460449e-02
10833,6.054688e-02
10834,-5.688477e-02
10835,2.319336e-02
10836,-2.050781e-02
10837,-1.281738e-02
10838,1.818848e-02
10839,-5.139160e-02
10840,5.371094e-02
10841,-8.886719e-02
10842,8.703613e-02
10843,-1.160889e-01
10844,1.152344e-01
10845,-1.411133e-01
10846,1.353760e-01
10847,-1.563721e-01
10848,1.461182e-01
10849,-1.601562e-01
10850,1.451416e-01
10851,-1.588135e-01
10852,1.381836e-01
10853,-1.461182e-01
10854,1.204834e-01
10855,-1.213379e-01
10856,9.179688e-02
10857,-9.375000e-02
10858,6.140137e-02
10859,-5.810547e-02
10860,2.380371e-02
10861,-1.879883e-02
10862,-1.403809e-02
10863,1.708984e-02
10864,-5.212402e-02
10865,5.541992e-02
10866,-8.715820e-02
10867,8.984375e-02
10868,-1.164551e-01
10869,1.147461e-01
10870,-1.401367e-01
10871,1.353760e-01
10872,-1.546631e-01
10873,1.458740e-01
10874,-1.633301e-01
10875,1.450195e-01
10876,-1.568604e-01
10877,1.373291e-01
10878,-1.452637e-01
10879,1.207275e-01
10880,-1.229248e-01
10881,9.301758e-02
10882,-9.338379e-02
10883,6.152344e-02
10884,-5.810547e-02
10885,2.368164e-02
10886,-1.965332e-02
10887,-1.220703e-02
10888,1.855469e-02
10889,-4.956055e-02
10890,5.395508e-02
10891,-8.728027e-02
10892,8.715820e-02
10893,-1.180420e-01
10894,1.143799e-01
10895,-1.419678e-01
10896,1.358643e-01
10897,-1.569824e-01
10898,1.458740e-01
10899,-1.597900e-01
10900,1.459961e-01
10901,-1.572266e-01
10902,1.391602e-01
10903,-1.461182e-01
10904,1.207275e-01
10905,-1.221924e-01
10906,9.387207e-02
10907,-9.252930e-02
10908,6.066895e-02
10909,-5.786133e-02
10910,2.294922e-02
10911,-2.075195e-02
10912,-1.403809e-02
10913,1.806641e-02
10914,-5.175781e-02
10915,5.493164e-02
10916,-8.801270e-02
10917,8.654785e-02
10918,-1.169434e-01
10919,1.164551e-01
10920,-1.413574e-01
10921,1.348877e-01
10922,-1.555176e-01
10923,1.436768e-01
10924,-1.618652e-01
10925,1.483154e-01
10926,-1.568604e-01
10927,1.375732e-01
10928,-1.444092e-01
10929,1.190186e-01
10930,-1.245117e-01
10931,9.472656e-02
10932,-9.057617e-02
10933,6.103516e-02
10934,-5.700684e-02
10935,2.539062e-02
10936,-2.185059e-02
10937,-1.293945e-02
10938,1.892090e-02
10939,-5.358887e-02
10940,5.334473e-02
10941,-8.752441e-02
10942,8.715820e-02
10943,-1.160889e-01
10944,1.138916e-01
10945,-1.412354e-01
10946,1.359863e-01
10947,-1.575928e-01
10948,1.453857e-01
10949,-1.605225e-01
10950,1.461182e-01
10951,-1.579590e-01
10952,1.383057e-01
10953,-1.429443e-01
10954,1.191406e-01
10955,-1.256104e-01
10956,9.558105e-02
10957,-9.204102e-02
10958,6.079102e-02
10959,-5.932617e-02
10960,2.514648e-02
10961,-1.879883e-02
10962,-1.367188e-02
10963,1.806641e-02
10964,-5.200195e-02
10965,5.456543e-02
10966,-8.557129e-02
10967,8.850098e-02
10968,-1.182861e-01
10969,1.147461e-01
10970,-1.400146e-01
10971,1.341553e-01
10972,-1.552734e-01
10973,1.470947e-01
10974,-1.614990e-01
10975,1.458740e-01
10976,-1.572266e-01
10977,1.381836e-01
10978,-1.451416e-01
10979,1.207275e-01
10980,-1.220703e-01
10981,9.436035e-02
10982,-9.252930e-02
10983,6.054688e-02
10984,-5.981445e-02
10985,2.380371e-02
10986,-2.026367e-02
10987,-1.391602e-02
10988,1.708984e-02
10989,-5.261230e-02
10990,5.310059e-02
10991,-8.630371e-02
10992,8.666992e-02
10993,-1.176758e-01
10994,1.154785e-01
10995,-1.418457e-01
10996,1.367188e-01
10997,-1.560059e-01
10998,1.453857e-01
10999,-1.625977e-01
11000,1.451416e-01
11001,-1.572266e-01
11002,1.392822e-01
11003,-1.429443e-01
11004,1.209717e-01
11005,-1.229248e-01
11006,9.472656e-02
11007,-9.167480e-02
11008,6.311035e-02
11009,-5.969238e-02
11010,2.551270e-02
11011,-2.014160e-02
11012,-1.342773e-02
11013,1.867676e-02
11014,-5.297852e-02
11015,5.383301e-02
11016,-8.837891e-02
11017,8.728027e-02
11018,-1.156006e-01
11019,1.131592e-01
11020,-1.395264e-01
11021,1.359863e-01
11022,-1.558838e-01
11023,1.451416e-01
11024,-1.614990e-01
11025,1.477051e-01
11026,-1.575928e-01
11027,1.357422e-01
11028,-1.430664e-01
11029,1.208496e-01
11030,-1.221924e-01
11031,9.558105e-02
11032,-9.497070e-02
11033,6.164551e-02
11034,-5.895996e-02
11035,2.636719e-02
11036,-2.050781e-02
11037,-1.306152e-02
11038,1.879883e-02
11039,-5.212402e-02
11040,5.456543e-02
11041,-8.715820e-02
11042,8.618164e-02
11043,-1.179199e-01
11044,1.145020e-01
11045,-1.394043e-01
11046,1.348877e-01
11047,-1.567383e-01
11048,1.459961e-01
11049,-1.601562e-01
11050,1.462402e-01
11051,-1.585693e-01
11052,1.389160e-01
11053,-1.440430e-01
11054,1.214600e-01
11055,-1.232910e-01
11056,9.130859e-02
11057,-9.252930e-02
11058,6.335449e-02
11059,-5.810547e-02
11060,2.563477e-02
11061,-2.050781e-02
11062,-1.306152e-02
11063,1.867676e-02
11064,-5.371094e-02
11065,5.432129e-02
11066,-8.654785e-02
11067,8.776855e-02
11068,-1.170654e-01
11069,1.159668e-01
11070,-1.398926e-01
11071,1.340332e-01
11072,-1.539307e-01
11073,1.472168e-01
11074,-1.606445e-01
11075,1.468506e-01
11076,-1.563721e-01
11077,1.391602e-01
11078,-1.448975e-01
11079,1.206055e-01
11080,-1.225586e-01
11081,9.387207e-02
11082,-9.094238e-02
11083,6.005859e-02
11084,-5.908203e-02
11085,2.478027e-02
11086,-2.038574e-02
11087,-1.159668e-02
11088,1.867676e-02
11089,-5.224609e-02
11090,5.346680e-02
11091,-8.801270e-02
11092,8.801270e-02
11093,-1.156006e-01
11094,1.137695e-01
11095,-1.406250e-01
11096,1.359863e-01
11097,-1.553955e-01
11098,1.436768e-01
11099,-1.614990e-01
11100,1.475830e-01
11101,-1.571045e-01
11102,1.383057e-01
11103,-1.448975e-01
11104,1.223145e-01
11105,-1.230469e-01
11106,9.252930e-02
11107,-9.411621e-02
11108,6.140137e-02
11109,-5.725098e-02
11110,2.624512e-02
11111,-1.989746e-02
11112,-1.391602e-02
11113,1.782227e-02
11114,-5.053711e-02
11115,5.395508e-02
11116,-8.544922e-02
11117,8.801270e-02
11118,-1.159668e-01
11119,1.146240e-01
11120,-1.408691e-01
11121,1.340332e-01
11122,-1.544189e-01
11123,1.452637e-01
11124,-1.601562e-01
11125,1.462402e-01
11126,-1.590576e-01
11127,1.389160e-01
11128,-1.440430e-01
11129,1.203613e-01
11130,-1.213379e-01
11131,9.423828e-02
11132,-9.448242e-02
11133,6.225586e-02
11134,-5.920410e-02
11135,2.392578e-02
11136,-2.148438e-02
11137,-1.269531e-02
11138,1.867676e-02
11139,-5.126953e-02
11140,5.432129e-02
11141,-8.544922e-02
11142,8.801270e-02
11143,-1.171875e-01
11144,1.137695e-01
11145,-1.397705e-01
11146,1.341553e-01
11147,-1.538086e-01
11148,1.462402e-01
11149,-1.623535e-01
11150,1.467285e-01
11151,-1.571045e-01
11152,1.389160e-01
11153,-1.446533e-01
11154,1.215820e-01
11155,-1.228027e-01
11156,9.326172e-02
11157,-9.265137e-02
11158,6.298828e-02
11159,-5.859375e-02
11160,2.490234e-02
11161,-2.258301e-02
11162,-1.159668e-02
11163,1.745605e-02
11164,-5.004883e-02
11165,5.480957e-02
11166,-8.447266e-02
11167,8.728027e-02
11168,-1.175537e-01
11169,1.145020e-01
11170,-1.408691e-01
11171,1.343994e-01
11172,-1.552734e-01
11173,1.448975e-01
11174,-1.638184e-01
11175,1.462402e-01
11176,-1.569824e-01
11177,1.375732e-01
11178,-1.453857e-01
11179,1.203613e-01
11180,-1.221924e-01
11181,9.558105e-02
11182,-9.313965e-02
11183,6.066895e-02
11184,-5.834961e-02
11185,2.368164e-02
11186,-2.294922e-02
11187,-1.232910e-02
11188,1.745605e-02
11189,-5.078125e-02
11190,5.285645e-02
11191,-8.508301e-02
11192,8.874512e-02
11193,-1.171875e-01
11194,1.157227e-01
11195,-1.390381e-01
11196,1.336670e-01
11197,-1.568604e-01
11198,1.461182e-01
11199,-1.623535e-01
11200,1.466064e-01
11201,-1.552734e-01
11202,1.364746e-01
11203,-1.457520e-01
11204,1.213379e-01
11205,-1.219482e-01
11206,9.558105e-02
11207,-9.411621e-02
11208,6.140137e-02
11209,-5.908203e-02
11210,2.636719e-02
11211,-2.197266e-02
11212,-1.281738e-02
11213,1.916504e-02
11214,-5.126953e-02
11215,5.371094e-02
11216,-8.544922e-02
11217,8.593750e-02
11218,-1.162109e-01
11219,1.136475e-01
11220,-1.420898e-01
11221,1.342773e-01
11222,-1.552734e-01
11223,1.455078e-01
11224,-1.617432e-01
11225,1.442871e-01
11226,-1.575928e-01
11227,1.395264e-01
11228,-1.445312e-01
11229,1.215820e-01
11230,-1.232910e-01
11231,9.423828e-02
11232,-9.326172e-02
11233,6.188965e-02
11234,-6.066895e-02
11235,2.563477e-02
11236,-2.050781e-02
11237,-1.245117e-02
11238,1.745605e-02
11239,-5.139160e-02
11240,5.407715e-02
11241,-8.459473e-02
11242,8.813477e-02
11243,-1.151123e-01
11244,1.145020e-01
11245,-1.408691e-01
11246,1.343994e-01
11247,-1.544189e-01
11248,1.462402e-01
11249,-1.618652e-01
11250,1.451416e-01
11251,-1.574707e-01
11252,1.402588e-01
11253,-1.452637e-01
11254,1.197510e-01
11255,-1.208496e-01
11256,9.460449e-02
11257,-9.313965e-02
11258,6.408691e-02
11259,-5.725098e-02
11260,2.575684e-02
11261,-2.124023e-02
11262,-1.159668e-02
11263,1.818848e-02
11264,-4.956055e-02
11265,5.273438e-02
11266,-8.605957e-02
11267,8.642578e-02
11268,-1.157227e-01
11269,1.146240e-01
11270,-1.411133e-01
11271,1.365967e-01
11272,-1.551514e-01
11273,1.457520e-01
11274,-1.601562e-01
11275,1.450195e-01
11276,-1.582031e-01
11277,1.380615e-01
11278,-1.440430e-01
11279,1.203613e-01
11280,-1.251221e-01
11281,9.545898e-02
11282,-9.338379e-02
11283,6.323242e-02
11284,-6.164551e-02
11285,2.709961e-02
11286,-2.087402e-02
11287,-1.367188e-02
11288,1.599121e-02
11289,-5.139160e-02
11290,5.285645e-02
11291,-8.459473e-02
11292,8.593750e-02
11293,-1.157227e-01
11294,1.149902e-01
11295,-1.416016e-01
11296,1.335449e-01
11297,-1.535645e-01
11298,1.446533e-01
11299,-1.614990e-01
11300,1.467285e-01
11301,-1.593018e-01
11302,1.379395e-01
11303,-1.436768e-01
11304,1.199951e-01
11305,-1.230469e-01
11306,9.643555e-02
11307,-9.313965e-02
11308,6.311035e-02
11309,-5.908203e-02
11310,2.722168e-02
11311,-2.062988e-02
11312,-1.330566e-02
11313,1.733398e-02
11314,-5.078125e-02
11315,5.297852e-02
11316,-8.557129e-02
11317,8.752441e-02
11318,-1.174316e-01
11319,1.142578e-01
11320,-1.395264e-01
11321,1.336670e-01
11322,-1.552734e-01
11323,1.440430e-01
11324,-1.616211e-01
11325,1.478271e-01
11326,-1.579590e-01
11327,1.392822e-01
11328,-1.452637e-01
11329,1.208496e-01
11330,-1.234131e-01
11331,9.497070e-02
11332,-9.448242e-02
11333,6.298828e-02
11334,-6.018066e-02
11335,2.539062e-02
11336,-2.014160e-02
11337,-1.318359e-02
11338,1.696777e-02
11339,-5.053711e-02
11340,5.273438e-02
11341,-8.642578e-02
11342,8.666992e-02
11343,-1.176758e-01
11344,1.146240e-01
11345,-1.385498e-01
11346,1.319580e-01
11347,-1.536865e-01
11348,1.440430e-01
11349,-1.632080e-01
11350,1.483154e-01
11351,-1.594238e-01
11352,1.365967e-01
11353,-1.448975e-01
11354,1.213379e-01
11355,-1.224365e-01
11356,9.497070e-02
11357,-9.436035e-02
11358,6.579590e-02
11359,-5.834961e-02
11360,2.746582e-02
11361,-1.977539e-02
11362,-1.232910e-02
11363,1.867676e-02
11364,-5.114746e-02
11365,5.456543e-02
11366,-8.447266e-02
11367,8.752441e-02
11368,-1.163330e-01
11369,1.159668e-01
11370,-1.392822e-01
11371,1.329346e-01
11372,-1.552734e-01
11373,1.461182e-01
11374,-1.601562e-01
11375,1.464844e-01
11376,-1.569824e-01
11377,1.374512e-01
11378,-1.457520e-01
11379,1.204834e-01
11380,-1.229248e-01
11381,9.594727e-02
11382,-9.484863e-02
11383,6.152344e-02
11384,-5.847168e-02
11385,2.563477e-02
11386,-2.209473e-02
11387,-1.171875e-02
11388,1.611328e-02
11389,-5.126953e-02
11390,5.371094e-02
11391,-8.422852e-02
11392,8.630371e-02
11393,-1.140137e-01
11394,1.151123e-01
11395,-1.400146e-01
11396,1.340332e-01
11397,-1.552734e-01
11398,1.442871e-01
11399,-1.623535e-01
11400,1.468506e-01
11401,-1.563721e-01
11402,1.390381e-01
11403,-1.434326e-01
11404,1.214600e-01
11405,-1.239014e-01
11406,9.704590e-02
11407,-9.423828e-02
11408,6.225586e-02
11409,-6.054688e-02
11410,2.648926e-02
11411,-2.270508e-02
11412,-1.135254e-02
11413,1.708984e-02
11414,-5.151367e-02
11415,5.346680e-02
11416,-8.593750e-02
11417,8.691406e-02
11418,-1.168213e-01
11419,1.134033e-01
11420,-1.380615e-01
11421,1.354980e-01
11422,-1.549072e-01
11423,1.459961e-01
11424,-1.630859e-01
11425,1.458740e-01
11426,-1.569824e-01
11427,1.381836e-01
11428,-1.464844e-01
11429,1.202393e-01
11430,-1.231689e-01
11431,9.362793e-02
11432,-9.387207e-02
11433,6.481934e-02
11434,-6.091309e-02
11435,2.758789e-02
11436,-2.136230e-02
11437,-1.135254e-02
11438,1.672363e-02
11439,-5.102539e-02
11440,5.468750e-02
11441,-8.471680e-02
11442,8.740234e-02
11443,-1.162109e-01
11444,1.132812e-01
11445,-1.402588e-01
11446,1.333008e-01
11447,-1.550293e-01
11448,1.459961e-01
11449,-1.625977e-01
11450,1.459961e-01
11451,-1.588135e-01
11452,1.380615e-01
11453,-1.453857e-01
11454,1.202393e-01
11455,-1.239014e-01
11456,9.582520e-02
11457,-9.387207e-02
11458,6.237793e-02
11459,-6.140137e-02
11460,2.648926e-02
11461,-2.185059e-02
11462,-1.220703e-02
11463,1.831055e-02
11464,-5.041504e-02
11465,5.285645e-02
11466,-8.312988e-02
11467,8.715820e-02
11468,-1.156006e-01
11469,1.107178e-01
11470,-1.401367e-01
11471,1.358643e-01
11472,-1.563721e-01
11473,1.452637e-01
11474,-1.606445e-01
11475,1.459961e-01
11476,-1.588135e-01
11477,1.384277e-01
11478,-1.459961e-01
11479,1.212158e-01
11480,-1.253662e-01
11481,9.497070e-02
11482,-9.375000e-02
11483,6.396484e-02
11484,-5.981445e-02
11485,2.722168e-02
11486,-2.172852e-02
11487,-1.269531e-02
11488,1.525879e-02
11489,-4.943848e-02
11490,5.371094e-02
11491,-8.679199e-02
11492,8.654785e-02
11493,-1.137695e-01
11494,1.123047e-01
11495,-1.402588e-01
11496,1.330566e-01
11497,-1.550293e-01
11498,1.445312e-01
11499,-1.613770e-01
11500,1.468506e-01
11501,-1.590576e-01
11502,1.391602e-01
11503,-1.463623e-01
11504,1.220703e-01
11505,-1.229248e-01
11506,9.594727e-02
11507,-9.448242e-02
11508,6.298828e-02
11509,-6.066895e-02
11510,2.685547e-02
11511,-2.246094e-02
11512,-1.110840e-02
11513,1.672363e-02
11514,-4.919434e-02
11515,5.480957e-02
11516,-8.715820e-02
11517,8.618164e-02
11518,-1.157227e-01
11519,1.145020e-01
11520,-1.381836e-01
11521,1.328125e-01
11522,-1.555176e-01
11523,1.451416e-01
11524,-1.617432e-01
11525,1.458740e-01
11526,-1.583252e-01
11527,1.400146e-01
11528,-1.430664e-01
11529,1.204834e-01
11530,-1.232910e-01
11531,9.692383e-02
11532,-9.497070e-02
11533,6.323242e-02
11534,-6.054688e-02
11535,2.563477e-02
11536,-2.209473e-02
11537,-1.110840e-02
11538,1.477051e-02
11539,-4.956055e-02
11540,5.273438e-02
11541,-8.605957e-02
11542,8.801270e-02
11543,-1.149902e-01
11544,1.125488e-01
11545,-1.384277e-01
11546,1.341553e-01
11547,-1.538086e-01
11548,1.452637e-01
11549,-1.625977e-01
11550,1.469727e-01
11551,-1.573486e-01
11552,1.395264e-01
11553,-1.446533e-01
11554,1.209717e-01
11555,-1.213379e-01
11556,9.680176e-02
11557,-9.460449e-02
11558,6.250000e-02
11559,-5.993652e-02
11560,2.697754e-02
11561,-2.136230e-02
11562,-1.110840e-02
11563,1.550293e-02
11564,-5.090332e-02
11565,5.371094e-02
11566,-8.630371e-02
11567,8.557129e-02
11568,-1.162109e-01
11569,1.149902e-01
11570,-1.367188e-01
11571,1.333008e-01
11572,-1.542969e-01
11573,1.464844e-01
11574,-1.614990e-01
11575,1.470947e-01
11576,-1.577148e-01
11577,1.374512e-01
11578,-1.444092e-01
11579,1.225586e-01
11580,-1.247559e-01
11581,9.411621e-02
11582,-9.350586e-02
11583,6.384277e-02
11584,-6.054688e-02
11585,2.624512e-02
11586,-2.307129e-02
11587,-1.196289e-02
11588,1.721191e-02
11589,-5.126953e-02
11590,5.139160e-02
11591,-8.532715e-02
11592,8.483887e-02
11593,-1.138916e-01
11594,1.142578e-01
11595,-1.409912e-01
11596,1.335449e-01
11597,-1.568604e-01
11598,1.441650e-01
11599,-1.602783e-01
11600,1.462402e-01
11601,-1.585693e-01
11602,1.368408e-01
11603,-1.448975e-01
11604,1.221924e-01
11605,-1.248779e-01
11606,9.509277e-02
11607,-9.399414e-02
11608,6.420898e-02
11609,-6.054688e-02
11610,2.600098e-02
11611,-2.270508e-02
11612,-1.135254e-02
11613,1.660156e-02
11614,-4.833984e-02
11615,5.200195e-02
11616,-8.374023e-02
11617,8.605957e-02
11618,-1.154785e-01
11619,1.140137e-01
11620,-1.391602e-01
11621,1.326904e-01
11622,-1.546631e-01
11623,1.461182e-01
11624,-1.612549e-01
11625,1.448975e-01
11626,-1.571045e-01
11627,1.374512e-01
11628,-1.473389e-01
11629,1.224365e-01
11630,-1.248779e-01
11631,9.533691e-02
11632,-9.521484e-02
11633,6.518555e-02
11634,-6.005859e-02
11635,2.685547e-02
11636,-2.368164e-02
11637,-1.171875e-02
11638,1.477051e-02
11639,-4.980469e-02
11640,5.285645e-02
11641,-8.544922e-02
11642,8.447266e-02
11643,-1.142578e-01
11644,1.141357e-01
11645,-1.401367e-01
11646,1.341553e-01
11647,-1.546631e-01
11648,1.446533e-01
11649,-1.614990e-01
11650,1.466064e-01
11651,-1.596680e-01
11652,1.389160e-01
11653,-1.452637e-01
11654,1.214600e-01
11655,-1.231689e-01
11656,9.643555e-02
11657,-9.399414e-02
11658,6.347656e-02
11659,-5.981445e-02
11660,2.783203e-02
11661,-2.392578e-02
11662,-1.257324e-02
11663,1.696777e-02
11664,-5.139160e-02
11665,5.200195e-02
11666,-8.374023e-02
11667,8.374023e-02
11668,-1.173096e-01
11669,1.134033e-01
11670,-1.372070e-01
11671,1.341553e-01
11672,-1.561279e-01
11673,1.453857e-01
11674,-1.618652e-01
11675,1.468506e-01
11676,-1.586914e-01
11677,1.365967e-01
11678,-1.447754e-01
11679,1.220703e-01
11680,-1.239014e-01
11681,9.387207e-02
11682,-9.411621e-02
11683,6.262207e-02
11684,-6.103516e-02
11685,2.770996e-02
11686,-2.490234e-02
11687,-1.171875e-02
11688,1.672363e-02
11689,-4.992676e-02
11690,5.224609e-02
11691,-8.630371e-02
11692,8.532715e-02
11693,-1.152344e-01
11694,1.140137e-01
11695,-1.383057e-01
11696,1.335449e-01
11697,-1.550293e-01
11698,1.442871e-01
11699,-1.611328e-01
11700,1.467285e-01
11701,-1.590576e-01
11702,1.391602e-01
11703,-1.456299e-01
11704,1.215820e-01
11705,-1.245117e-01
11706,9.667969e-02
11707,-9.521484e-02
11708,6.164551e-02
11709,-6.005859e-02
11710,2.795410e-02
11711,-2.233887e-02
11712,-1.147461e-02
11713,1.782227e-02
11714,-4.907227e-02
11715,5.310059e-02
11716,-8.569336e-02
11717,8.642578e-02
11718,-1.146240e-01
11719,1.121826e-01
11720,-1.385498e-01
11721,1.348877e-01
11722,-1.557617e-01
11723,1.464844e-01
11724,-1.604004e-01
11725,1.456299e-01
11726,-1.578369e-01
11727,1.392822e-01
11728,-1.437988e-01
11729,1.206055e-01
11730,-1.250000e-01
11731,9.667969e-02
11732,-9.655762e-02
11733,6.481934e-02
11734,-5.981445e-02
11735,2.600098e-02
11736,-2.197266e-02
11737,-1.159668e-02
11738,1.574707e-02
11739,-4.956055e-02
11740,5.383301e-02
11741,-8.630371e-02
11742,8.422852e-02
11743,-1.146240e-01
11744,1.147461e-01
11745,-1.391602e-01
11746,1.335449e-01
11747,-1.569824e-01
11748,1.445312e-01
11749,-1.623535e-01
11750,1.477051e-01
11751,-1.580811e-01
11752,1.373291e-01
11753,-1.450195e-01
11754,1.203613e-01
11755,-1.241455e-01
11756,9.619141e-02
11757,-9.582520e-02
11758,6.518555e-02
11759,-6.152344e-02
11760,2.856445e-02
11761,-2.392578e-02
11762,-1.049805e-02
11763,1.611328e-02
11764,-5.053711e-02
11765,5.285645e-02
11766,-8.593750e-02
11767,8.508301e-02
11768,-1.145020e-01
11769,1.130371e-01
11770,-1.384277e-01
11771,1.352539e-01
11772,-1.555176e-01
11773,1.446533e-01
11774,-1.614990e-01
11775,1.458740e-01
11776,-1.573486e-01
11777,1.398926e-01
11778,-1.452637e-01
11779,1.210938e-01
11780,-1.232910e-01
11781,9.484863e-02
11782,-9.533691e-02
11783,6.481934e-02
11784,-5.932617e-02
11785,2.783203e-02
11786,-2.453613e-02
11787,-1.037598e-02
11788,1.440430e-02
11789,-4.919434e-02
11790,5.126953e-02
11791,-8.410645e-02
11792,8.288574e-02
11793,-1.158447e-01
11794,1.131592e-01
11795,-1.394043e-01
11796,1.340332e-01
11797,-1.546631e-01
11798,1.463623e-01
11799,-1.622314e-01
11800,1.451416e-01
11801,-1.580811e-01
11802,1.406250e-01
11803,-1.444092e-01
11804,1.203613e-01
11805,-1.229248e-01
11806,9.814453e-02
11807,-9.497070e-02
11808,6.408691e-02
11809,-6.079102e-02
11810,2.893066e-02
11811,-2.172852e-02
11812,-1.037598e-02
11813,1.513672e-02
11814,-4.833984e-02
11815,5.224609e-02
11816,-8.410645e-02
11817,8.532715e-02
11818,-1.141357e-01
11819,1.135254e-01
11820,-1.401367e-01
11821,1.356201e-01
11822,-1.531982e-01
11823,1.435547e-01
11824,-1.607666e-01
11825,1.469727e-01
11826,-1.596680e-01
11827,1.383057e-01
11828,-1.456299e-01
11829,1.209717e-01
11830,-1.251221e-01
11831,9.655762e-02
11832,-9.606934e-02
11833,6.311035e-02
11834,-6.152344e-02
11835,2.807617e-02
11836,-2.478027e-02
11837,-1.147461e-02
11838,1.574707e-02
11839,-5.053711e-02
11840,5.310059e-02
11841,-8.386230e-02
11842,8.398438e-02
11843,-1.145020e-01
11844,1.118164e-01
11845,-1.395264e-01
11846,1.319580e-01
11847,-1.555176e-01
11848,1.451416e-01
11849,-1.638184e-01
11850,1.459961e-01
11851,-1.579590e-01
11852,1.383057e-01
11853,-1.451416e-01
11854,1.217041e-01
11855,-1.246338e-01
11856,9.582520e-02
11857,-9.484863e-02
11858,6.506348e-02
11859,-6.140137e-02
11860,2.722168e-02
11861,-2.368164e-02
11862,-1.037598e-02
11863,1.391602e-02
11864,-4.870605e-02
11865,5.212402e-02
11866,-8.447266e-02
11867,8.618164e-02
11868,-1.149902e-01
11869,1.120605e-01
11870,-1.392822e-01
11871,1.318359e-01
11872,-1.553955e-01
11873,1.439209e-01
11874,-1.619873e-01
11875,1.464844e-01
11876,-1.589355e-01
11877,1.394043e-01
11878,-1.436768e-01
11879,1.231689e-01
11880,-1.254883e-01
11881,9.594727e-02
11882,-9.484863e-02
11883,6.311035e-02
11884,-6.066895e-02
11885,3.015137e-02
11886,-2.392578e-02
11887,-1.037598e-02
11888,1.660156e-02
11889,-5.041504e-02
11890,5.163574e-02
11891,-8.435059e-02
11892,8.630371e-02
11893,-1.145020e-01
11894,1.134033e-01
11895,-1.375732e-01
11896,1.324463e-01
11897,-1.544189e-01
11898,1.440430e-01
11899,-1.613770e-01
11900,1.475830e-01
11901,-1.590576e-01
11902,1.401367e-01
11903,-1.452637e-01
11904,1.206055e-01
11905,-1.243896e-01
11906,9.790039e-02
11907,-9.680176e-02
11908,6.359863e-02
11909,-6.054688e-02
11910,2.893066e-02
11911,-2.307129e-02
11912,-1.074219e-02
11913,1.647949e-02
11914,-4.968262e-02
11915,5.200195e-02
11916,-8.374023e-02
11917,8.459473e-02
11918,-1.136475e-01
11919,1.135254e-01
11920,-1.390381e-01
11921,1.342773e-01
11922,-1.536865e-01
11923,1.439209e-01
11924,-1.627197e-01
11925,1.461182e-01
11926,-1.577148e-01
11927,1.390381e-01
11928,-1.456299e-01
11929,1.228027e-01
11930,-1.251221e-01
11931,9.558105e-02
11932,-9.436035e-02
11933,6.567383e-02
11934,-6.323242e-02
11935,2.722168e-02
11936,-2.343750e-02
11937,-9.887695e-03
11938,1.464844e-02
11939,-4.870605e-02
11940,5.175781e-02
11941,-8.581543e-02
11942,8.618164e-02
11943,-1.156006e-01
11944,1.131592e-01
11945,-1.391602e-01
11946,1.329346e-01
11947,-1.546631e-01
11948,1.436768e-01
11949,-1.607666e-01
11950,1.470947e-01
11951,-1.589355e-01
11952,1.384277e-01
11953,-1.448975e-01
11954,1.209717e-01
11955,-1.252441e-01
11956,9.680176e-02
11957,-9.521484e-02
11958,6.628418e-02
11959,-6.201172e-02
11960,2.673340e-02
11961,-2.307129e-02
11962,-1.074219e-02
11963,1.428223e-02
11964,-4.785156e-02
11965,5.114746e-02
11966,-8.239746e-02
11967,8.520508e-02
11968,-1.158447e-01
11969,1.136475e-01
11970,-1.391602e-01
11971,1.306152e-01
11972,-1.525879e-01
11973,1.439209e-01
11974,-1.622314e-01
11975,1.459961e-01
11976,-1.606445e-01
11977,1.397705e-01
11978,-1.459961e-01
11979,1.217041e-01
11980,-1.253662e-01
11981,9.643555e-02
11982,-9.533691e-02
11983,6.298828e-02
11984,-6.274414e-02
11985,2.868652e-02
11986,-2.551270e-02
11987,-1.013184e-02
11988,1.477051e-02
11989,-4.895020e-02
11990,5.041504e-02
11991,-8.288574e-02
11992,8.666992e-02
11993,-1.147461e-01
11994,1.138916e-01
11995,-1.389160e-01
11996,1.323242e-01
11997,-1.549072e-01
11998,1.455078e-01
11999,-1.612549e-01
12000,1.477051e-01
12001,-1.597900e-01
12002,1.396484e-01
12003,-1.442871e-01
12004,1.207275e-01
12005,-1.250000e-01
12006,9.582520e-02
12007,-9.509277e-02
12008,6.591797e-02
12009,-6.164551e-02
12010,2.929688e-02
12011,-2.380371e-02
12012,-1.074219e-02
12013,1.550293e-02
12014,-4.809570e-02
12015,5.310059e-02
12016,-8.410645e-02
12017,8.544922e-02
12018,-1.154785e-01
12019,1.116943e-01
12020,-1.383057e-01
12021,1.329346e-01
12022,-1.550293e-01
12023,1.457520e-01
12024,-1.594238e-01
12025,1.466064e-01
12026,-1.575928e-01
12027,1.372070e-01
12028,-1.480713e-01
12029,1.220703e-01
12030,-1.247559e-01
12031,9.692383e-02
12032,-9.570312e-02
12033,6.420898e-02
12034,-6.042480e-02
12035,2.954102e-02
12036,-2.380371e-02
12037,-7.812500e-03
12038,1.306152e-02
12039,-4.968262e-02
12040,5.273438e-02
12041,-8.361816e-02
12042,8.508301e-02
12043,-1.147461e-01
12044,1.127930e-01
12045,-1.378174e-01
12046,1.346436e-01
12047,-1.550293e-01
12048,1.436768e-01
12049,-1.606445e-01
12050,1.467285e-01
12051,-1.593018e-01
12052,1.383057e-01
12053,-1.446533e-01
12054,1.234131e-01
12055,-1.260986e-01
12056,9.594727e-02
12057,-9.680176e-02
12058,6.665039e-02
12059,-6.066895e-02
12060,3.112793e-02
12061,-2.563477e-02
12062,-1.074219e-02
12063,1.550293e-02
12064,-4.882812e-02
12065,5.114746e-02
12066,-8.483887e-02
12067,8.374023e-02
12068,-1.134033e-01
12069,1.123047e-01
12070,-1.378174e-01
12071,1.336670e-01
12072,-1.538086e-01
12073,1.458740e-01
12074,-1.627197e-01
12075,1.468506e-01
12076,-1.579590e-01
12077,1.385498e-01
12078,-1.468506e-01
12079,1.202393e-01
12080,-1.248779e-01
12081,9.692383e-02
12082,-9.631348e-02
12083,6.481934e-02
12084,-6.237793e-02
12085,2.893066e-02
12086,-2.343750e-02
12087,-1.135254e-02
12088,1.525879e-02
12089,-4.919434e-02
12090,5.017090e-02
12091,-8.349609e-02
12092,8.300781e-02
12093,-1.145020e-01
12094,1.118164e-01
12095,-1.394043e-01
12096,1.314697e-01
12097,-1.552734e-01
12098,1.436768e-01
12099,-1.623535e-01
12100,1.466064e-01
12101,-1.573486e-01
12102,1.392822e-01
12103,-1.474609e-01
12104,1.242676e-01
12105,-1.253662e-01
12106,9.582520e-02
12107,-9.484863e-02
12108,6.396484e-02
12109,-6.152344e-02
12110,3.063965e-02
12111,-2.502441e-02
12112,-1.062012e-02
12113,1.525879e-02
12114,-4.809570e-02
12115,5.065918e-02
12116,-8.227539e-02
12117,8.325195e-02
12118,-1.162109e-01
12119,1.129150e-01
12120,-1.378174e-01
12121,1.314697e-01
12122,-1.547852e-01
12123,1.464844e-01
12124,-1.623535e-01
12125,1.472168e-01
12126,-1.594238e-01
12127,1.380615e-01
12128,-1.456299e-01
12129,1.230469e-01
12130,-1.245117e-01
12131,9.692383e-02
12132,-9.570312e-02
12133,6.518555e-02
12134,-6.237793e-02
12135,2.917480e-02
12136,-2.575684e-02
12137,-9.033203e-03
12138,1.367188e-02
12139,-4.919434e-02
12140,5.273438e-02
12141,-8.276367e-02
12142,8.312988e-02
12143,-1.168213e-01
12144,1.120605e-01
12145,-1.365967e-01
12146,1.333008e-01
12147,-1.555176e-01
12148,1.451416e-01
12149,-1.612549e-01
12150,1.459961e-01
12151,-1.589355e-01
12152,1.392822e-01
12153,-1.474609e-01
12154,1.221924e-01
12155,-1.247559e-01
12156,9.729004e-02
12157,-9.753418e-02
12158,6.579590e-02
12159,-6.127930e-02
12160,2.807617e-02
12161,-2.453613e-02
12162,-9.887695e-03
12163,1.416016e-02
12164,-4.724121e-02
12165,4.992676e-02
12166,-8.251953e-02
12167,8.483887e-02
12168,-1.143799e-01
12169,1.118164e-01
12170,-1.378174e-01
12171,1.337891e-01
12172,-1.538086e-01
12173,1.466064e-01
12174,-1.629639e-01
12175,1.444092e-01
12176,-1.572266e-01
12177,1.376953e-01
12178,-1.461182e-01
12179,1.220703e-01
12180,-1.248779e-01
12181,9.765625e-02
12182,-9.729004e-02
12183,6.481934e-02
12184,-6.213379e-02
12185,2.783203e-02
12186,-2.429199e-02
12187,-9.887695e-03
12188,1.269531e-02
12189,-4.809570e-02
12190,5.163574e-02
12191,-8.557129e-02
12192,8.520508e-02
12193,-1.125488e-01
12194,1.121826e-01
12195,-1.398926e-01
12196,1.313477e-01
12197,-1.529541e-01
12198,1.445312e-01
12199,-1.616211e-01
12200,1.474609e-01
12201,-1.586914e-01
12202,1.391602e-01
12203,-1.475830e-01
12204,1.220703e-01
12205,-1.242676e-01
12206,9.692383e-02
12207,-9.631348e-02
12208,6.713867e-02
12209,-6.103516e-02
12210,2.770996e-02
12211,-2.453613e-02
12212,-9.887695e-03
12213,1.403809e-02
12214,-4.931641e-02
12215,5.004883e-02
12216,-8.215332e-02
12217,8.386230e-02
12218,-1.137695e-01
12219,1.101074e-01
12220,-1.392822e-01
12221,1.362305e-01
12222,-1.545410e-01
12223,1.433105e-01
12224,-1.613770e-01
12225,1.464844e-01
12226,-1.586914e-01
12227,1.383057e-01
12228,-1.466064e-01
12229,1.225586e-01
12230,-1.273193e-01
12231,9.631348e-02
12232,-9.667969e-02
12233,6.567383e-02
12234,-6.225586e-02
12235,3.039551e-02
12236,-2.539062e-02
12237,-1.123047e-02
12238,1.391602e-02
12239,-4.797363e-02
12240,5.102539e-02
12241,-8.374023e-02
12242,8.312988e-02
12243,-1.157227e-01
12244,1.125488e-01
12245,-1.386719e-01
12246,1.314697e-01
12247,-1.545410e-01
12248,1.473389e-01
12249,-1.630859e-01
12250,1.461182e-01
12251,-1.582031e-01
12252,1.392822e-01
12253,-1.456299e-01
12254,1.208496e-01
12255,-1.246338e-01
12256,9.716797e-02
12257,-9.716797e-02
12258,6.579590e-02
12259,-6.140137e-02
12260,2.880859e-02
12261,-2.331543e-02
12262,-7.568359e-03
12263,1.245117e-02
12264,-4.895020e-02
12265,5.114746e-02
12266,-8.068848e-02
12267,8.557129e-02
12268,-1.163330e-01
12269,1.135254e-01
12270,-1.378174e-01
12271,1.319580e-01
12272,-1.544189e-01
12273,1.451416e-01
12274,-1.613770e-01
12275,1.444092e-01
12276,-1.574707e-01
12277,1.417236e-01
12278,-1.462402e-01
12279,1.229248e-01
12280,-1.267090e-01
12281,9.716797e-02
12282,-9.680176e-02
12283,6.457520e-02
12284,-6.201172e-02
12285,2.954102e-02
12286,-2.478027e-02
12287,-1.000977e-02
12288,1.538086e-02
12289,-4.785156e-02
12290,5.029297e-02
12291,-8.447266e-02
12292,8.581543e-02
12293,-1.141357e-01
12294,1.112061e-01
12295,-1.367188e-01
12296,1.315918e-01
12297,-1.539307e-01
12298,1.469727e-01
12299,-1.630859e-01
12300,1.450195e-01
12301,-1.597900e-01
12302,1.391602e-01
12303,-1.452637e-01
12304,1.220703e-01
12305,-1.246338e-01
12306,9.680176e-02
12307,-9.838867e-02
12308,6.457520e-02
12309,-6.237793e-02
12310,3.063965e-02
12311,-2.551270e-02
12312,-7.568359e-03
12313,1.354980e-02
12314,-4.736328e-02
12315,4.992676e-02
12316,-8.447266e-02
12317,8.447266e-02
12318,-1.137695e-01
12319,1.123047e-01
12320,-1.400146e-01
12321,1.326904e-01
12322,-1.549072e-01
12323,1.418457e-01
12324,-1.604004e-01
12325,1.459961e-01
12326,-1.589355e-01
12327,1.408691e-01
12328,-1.472168e-01
12329,1.228027e-01
12330,-1.257324e-01
12331,9.594727e-02
12332,-9.484863e-02
12333,6.457520e-02
12334,-6.396484e-02
12335,3.100586e-02
12336,-2.514648e-02
12337,-8.056641e-03
12338,1.464844e-02
12339,-4.980469e-02
12340,5.090332e-02
12341,-8.312988e-02
12342,8.190918e-02
12343,-1.135254e-01
12344,1.105957e-01
12345,-1.397705e-01
12346,1.330566e-01
12347,-1.550293e-01
12348,1.451416e-01
12349,-1.604004e-01
12350,1.451416e-01
12351,-1.591797e-01
12352,1.413574e-01
12353,-1.466064e-01
12354,1.236572e-01
12355,-1.253662e-01
12356,9.631348e-02
12357,-9.655762e-02
12358,6.628418e-02
12359,-6.237793e-02
12360,2.770996e-02
12361,-2.490234e-02
12362,-1.013184e-02
12363,1.440430e-02
12364,-4.699707e-02
12365,5.078125e-02
12366,-8.093262e-02
12367,8.325195e-02
12368,-1.156006e-01
12369,1.130371e-01
12370,-1.384277e-01
12371,1.323242e-01
12372,-1.555176e-01
12373,1.447754e-01
12374,-1.601562e-01
12375,1.468506e-01
12376,-1.593018e-01
12377,1.383057e-01
12378,-1.464844e-01
12379,1.212158e-01
12380,-1.264648e-01
12381,9.838867e-02
12382,-9.741211e-02
12383,6.555176e-02
12384,-6.225586e-02
12385,3.015137e-02
12386,-2.490234e-02
12387,-8.789062e-03
12388,1.196289e-02
12389,-4.772949e-02
12390,5.029297e-02
12391,-8.435059e-02
12392,8.483887e-02
12393,-1.136475e-01
12394,1.108398e-01
12395,-1.395264e-01
12396,1.311035e-01
12397,-1.549072e-01
12398,1.444092e-01
12399,-1.590576e-01
12400,1.470947e-01
12401,-1.597900e-01
12402,1.401367e-01
12403,-1.467285e-01
12404,1.217041e-01
12405,-1.259766e-01
12406,9.899902e-02
12407,-9.741211e-02
12408,6.652832e-02
12409,-6.384277e-02
12410,3.002930e-02
12411,-2.478027e-02
12412,-8.056641e-03
12413,1.440430e-02
12414,-4.467773e-02
12415,4.992676e-02
12416,-8.459473e-02
12417,8.532715e-02
12418,-1.135254e-01
12419,1.126709e-01
12420,-1.383057e-01
12421,1.329346e-01
12422,-1.541748e-01
12423,1.446533e-01
12424,-1.600342e-01
12425,1.456299e-01
12426,-1.596680e-01
12427,1.391602e-01
12428,-1.463623e-01
12429,1.226807e-01
12430,-1.258545e-01
12431,1.002197e-01
12432,-9.777832e-02
12433,6.347656e-02
12434,-6.359863e-02
12435,3.002930e-02
12436,-2.392578e-02
12437,-7.812500e-03
12438,1.123047e-02
12439,-4.882812e-02
12440,5.004883e-02
12441,-8.349609e-02
12442,8.325195e-02
12443,-1.153564e-01
12444,1.123047e-01
12445,-1.394043e-01
12446,1.314697e-01
12447,-1.546631e-01
12448,1.440430e-01
12449,-1.617432e-01
12450,1.473389e-01
12451,-1.594238e-01
12452,1.397705e-01
12453,-1.453857e-01
12454,1.217041e-01
12455,-1.264648e-01
12456,9.704590e-02
12457,-9.802246e-02
12458,6.481934e-02
12459,-6.201172e-02
12460,2.990723e-02
12461,-2.575684e-02
12462,-8.422852e-03
12463,1.245117e-02
12464,-4.675293e-02
12465,4.968262e-02
12466,-8.166504e-02
12467,8.386230e-02
12468,-1.132812e-01
12469,1.137695e-01
12470,-1.375732e-01
12471,1.324463e-01
12472,-1.533203e-01
12473,1.448975e-01
12474,-1.616211e-01
12475,1.467285e-01
12476,-1.572266e-01
12477,1.397705e-01
12478,-1.479492e-01
12479,1.223145e-01
12480,-1.270752e-01
12481,9.741211e-02
12482,-9.741211e-02
12483,6.567383e-02
12484,-6.225586e-02
12485,2.978516e-02
12486,-2.734375e-02
12487,-1.062012e-02
12488,1.379395e-02
12489,-4.907227e-02
12490,4.968262e-02
12491,-8.264160e-02
12492,8.300781e-02
12493,-1.129150e-01
12494,1.113281e-01
12495,-1.383057e-01
12496,1.324463e-01
12497,-1.556396e-01
12498,1.442871e-01
12499,-1.616211e-01
12500,1.491699e-01
12501,-1.572266e-01
12502,1.398926e-01
12503,-1.468506e-01
12504,1.223145e-01
12505,-1.265869e-01
12506,9.692383e-02
12507,-9.631348e-02
12508,6.652832e-02
12509,-6.286621e-02
12510,3.161621e-02
12511,-2.563477e-02
12512,-9.643555e-03
12513,1.330566e-02
12514,-4.760742e-02
12515,5.017090e-02
12516,-8.239746e-02
12517,8.349609e-02
12518,-1.132812e-01
12519,1.118164e-01
12520,-1.378174e-01
12521,1.334229e-01
12522,-1.538086e-01
12523,1.430664e-01
12524,-1.602783e-01
12525,1.474609e-01
12526,-1.579590e-01
12527,1.380615e-01
12528,-1.478271e-01
12529,1.218262e-01
12530,-1.247559e-01
12531,9.838867e-02
12532,-9.985352e-02
12533,6.604004e-02
12534,-6.250000e-02
12535,3.137207e-02
12536,-2.587891e-02
12537,-8.056641e-03
12538,1.306152e-02
12539,-4.785156e-02
12540,5.041504e-02
12541,-8.203125e-02
12542,8.264160e-02
12543,-1.151123e-01
12544,1.108398e-01
12545,-1.396484e-01
12546,1.331787e-01
12547,-1.552734e-01
12548,1.451416e-01
12549,-1.617432e-01
12550,1.457520e-01
12551,-1.595459e-01
12552,1.400146e-01
12553,-1.444092e-01
12554,1.240234e-01
12555,-1.264648e-01
12556,9.680176e-02
12557,-9.631348e-02
12558,6.799316e-02
12559,-6.396484e-02
12560,3.039551e-02
12561,-2.563477e-02
12562,-9.887695e-03
12563,1.098633e-02
12564,-4.638672e-02
12565,4.992676e-02
12566,-8.300781e-02
12567,8.410645e-02
12568,-1.136475e-01
12569,1.104736e-01
12570,-1.391602e-01
12571,1.328125e-01
12572,-1.533203e-01
12573,1.428223e-01
12574,-1.611328e-01
12575,1.479492e-01
12576,-1.613770e-01
12577,1.405029e-01
12578,-1.458740e-01
12579,1.229248e-01
12580,-1.246338e-01
12581,9.851074e-02
12582,-9.692383e-02
12583,6.665039e-02
12584,-6.481934e-02
12585,2.966309e-02
12586,-2.478027e-02
12587,-7.934570e-03
12588,1.281738e-02
12589,-4.785156e-02
12590,5.053711e-02
12591,-8.312988e-02
12592,8.239746e-02
12593,-1.147461e-01
12594,1.115723e-01
12595,-1.369629e-01
12596,1.315918e-01
12597,-1.546631e-01
12598,1.456299e-01
12599,-1.630859e-01
12600,1.472168e-01
12601,-1.582031e-01
12602,1.394043e-01
12603,-1.464844e-01
12604,1.229248e-01
12605,-1.263428e-01
12606,9.692383e-02
12607,-9.606934e-02
12608,6.640625e-02
12609,-6.469727e-02
12610,3.015137e-02
12611,-2.563477e-02
12612,-7.934570e-03
12613,1.245117e-02
12614,-4.394531e-02
12615,5.187988e-02
12616,-8.374023e-02
12617,8.459473e-02
12618,-1.140137e-01
12619,1.101074e-01
12620,-1.359863e-01
12621,1.319580e-01
12622,-1.535645e-01
12623,1.461182e-01
12624,-1.623535e-01
12625,1.473389e-01
12626,-1.590576e-01
12627,1.392822e-01
12628,-1.461182e-01
12629,1.208496e-01
12630,-1.273193e-01
12631,9.863281e-02
12632,-9.667969e-02
12633,6.823730e-02
12634,-6.616211e-02
12635,3.149414e-02
12636,-2.697754e-02
12637,-9.765625e-03
12638,1.306152e-02
12639,-4.602051e-02
12640,5.041504e-02
12641,-8.325195e-02
12642,8.239746e-02
12643,-1.142578e-01
12644,1.101074e-01
12645,-1.378174e-01
12646,1.323242e-01
12647,-1.544189e-01
12648,1.412354e-01
12649,-1.616211e-01
12650,1.468506e-01
12651,-1.611328e-01
12652,1.378174e-01
12653,-1.472168e-01
12654,1.220703e-01
12655,-1.254883e-01
12656,1.004639e-01
12657,-9.667969e-02
12658,6.652832e-02
12659,-6.494141e-02
12660,3.039551e-02
12661,-2.648926e-02
12662,-7.446289e-03
12663,1.159668e-02
12664,-4.663086e-02
12665,4.992676e-02
12666,-8.105469e-02
12667,8.325195e-02
12668,-1.138916e-01
12669,1.131592e-01
12670,-1.395264e-01
12671,1.323242e-01
12672,-1.533203e-01
12673,1.430664e-01
12674,-1.597900e-01
12675,1.477051e-01
12676,-1.595459e-01
12677,1.398926e-01
12678,-1.470947e-01
12679,1.225586e-01
12680,-1.258545e-01
12681,9.826660e-02
12682,-9.777832e-02
12683,6.567383e-02
12684,-6.445312e-02
12685,3.137207e-02
12686,-2.770996e-02
12687,-7.690430e-03
12688,1.318359e-02
12689,-4.833984e-02
12690,4.931641e-02
12691,-8.203125e-02
12692,8.337402e-02
12693,-1.121826e-01
12694,1.113281e-01
12695,-1.384277e-01
12696,1.314697e-01
12697,-1.536865e-01
12698,1.435547e-01
12699,-1.607666e-01
12700,1.458740e-01
12701,-1.605225e-01
12702,1.414795e-01
12703,-1.462402e-01
12704,1.230469e-01
12705,-1.252441e-01
12706,9.875488e-02
12707,-9.790039e-02
12708,6.652832e-02
12709,-6.323242e-02
12710,3.210449e-02
12711,-2.612305e-02
12712,-8.666992e-03
12713,1.306152e-02
12714,-4.748535e-02
12715,4.968262e-02
12716,-8.215332e-02
12717,8.215332e-02
12718,-1.124268e-01
12719,1.110840e-01
12720,-1.375732e-01
12721,1.322021e-01
12722,-1.538086e-01
12723,1.445312e-01
12724,-1.608887e-01
12725,1.468506e-01
12726,-1.599121e-01
12727,1.387939e-01
12728,-1.478271e-01
12729,1.225586e-01
12730,-1.257324e-01
12731,9.814453e-02
12732,-9.826660e-02
12733,6.604004e-02
12734,-6.494141e-02
12735,3.149414e-02
12736,-2.624512e-02
12737,-7.690430e-03
12738,1.293945e-02
12739,-4.516602e-02
12740,4.919434e-02
12741,-8.142090e-02
12742,8.276367e-02
12743,-1.112061e-01
12744,1.119385e-01
12745,-1.391602e-01
12746,1.326904e-01
12747,-1.516113e-01
12748,1.434326e-01
12749,-1.605225e-01
12750,1.468506e-01
12751,-1.577148e-01
12752,1.400146e-01
12753,-1.464844e-01
12754,1.241455e-01
12755,-1.247559e-01
12756,9.924316e-02
12757,-9.765625e-02
12758,6.738281e-02
12759,-6.384277e-02
12760,3.027344e-02
12761,-2.734375e-02
12762,-7.324219e-03
12763,1.232910e-02
12764,-4.528809e-02
12765,5.041504e-02
12766,-8.142090e-02
12767,8.203125e-02
12768,-1.141357e-01
12769,1.126709e-01
12770,-1.374512e-01
12771,1.331787e-01
12772,-1.531982e-01
12773,1.447754e-01
12774,-1.601562e-01
12775,1.466064e-01
12776,-1.589355e-01
12777,1.408691e-01
12778,-1.479492e-01
12779,1.232910e-01
12780,-1.247559e-01
12781,9.741211e-02
12782,-9.997559e-02
12783,6.640625e-02
12784,-6.542969e-02
12785,2.880859e-02
12786,-2.600098e-02
12787,-8.056641e-03
12788,1.013184e-02
12789,-4.760742e-02
12790,4.797363e-02
12791,-8.093262e-02
12792,8.361816e-02
12793,-1.119385e-01
12794,1.101074e-01
12795,-1.384277e-01
12796,1.314697e-01
12797,-1.546631e-01
12798,1.436768e-01
12799,-1.608887e-01
12800,1.478271e-01
12801,-1.578369e-01
12802,1.407471e-01
12803,-1.468506e-01
12804,1.247559e-01
12805,-1.271973e-01
12806,9.826660e-02
12807,-9.777832e-02
12808,6.665039e-02
12809,-6.335449e-02
12810,3.100586e-02
12811,-2.502441e-02
12812,-5.615234e-03
12813,1.257324e-02
12814,-4.589844e-02
12815,4.980469e-02
12816,-8.068848e-02
12817,8.312988e-02
12818,-1.135254e-01
12819,1.113281e-01
12820,-1.374512e-01
12821,1.333008e-01
12822,-1.544189e-01
12823,1.431885e-01
12824,-1.622314e-01
12825,1.448975e-01
12826,-1.585693e-01
12827,1.407471e-01
12828,-1.472168e-01
12829,1.240234e-01
12830,-1.269531e-01
12831,9.777832e-02
12832,-9.753418e-02
12833,6.738281e-02
12834,-6.469727e-02
12835,3.112793e-02
12836,-2.624512e-02
12837,-8.666992e-03
12838,1.184082e-02
12839,-4.687500e-02
12840,4.956055e-02
12841,-8.203125e-02
12842,8.081055e-02
12843,-1.114502e-01
12844,1.109619e-01
12845,-1.386719e-01
12846,1.314697e-01
12847,-1.529541e-01
12848,1.439209e-01
12849,-1.613770e-01
12850,1.467285e-01
12851,-1.580811e-01
12852,1.397705e-01
12853,-1.479492e-01
12854,1.230469e-01
12855,-1.280518e-01
12856,9.765625e-02
12857,-9.741211e-02
12858,6.799316e-02
12859,-6.396484e-02
12860,3.100586e-02
12861,-2.770996e-02
12862,-6.835938e-03
12863,1.293945e-02
12864,-4.406738e-02
12865,4.980469e-02
12866,-8.154297e-02
12867,8.264160e-02
12868,-1.130371e-01
12869,1.129150e-01
12870,-1.363525e-01
12871,1.313477e-01
12872,-1.538086e-01
12873,1.430664e-01
12874,-1.623535e-01
12875,1.475830e-01
12876,-1.606445e-01
12877,1.397705e-01
12878,-1.463623e-01
12879,1.234131e-01
12880,-1.284180e-01
12881,9.924316e-02
12882,-9.814453e-02
12883,6.640625e-02
12884,-6.494141e-02
12885,3.100586e-02
12886,-2.734375e-02
12887,-6.835938e-03
12888,1.220703e-02
12889,-4.614258e-02
12890,4.858398e-02
12891,-8.166504e-02
12892,8.239746e-02
12893,-1.124268e-01
12894,1.121826e-01
12895,-1.378174e-01
12896,1.278076e-01
12897,-1.544189e-01
12898,1.450195e-01
12899,-1.606445e-01
12900,1.477051e-01
12901,-1.593018e-01
12902,1.400146e-01
12903,-1.461182e-01
12904,1.223145e-01
12905,-1.247559e-01
12906,1.003418e-01
12907,-9.912109e-02
12908,6.787109e-02
12909,-6.616211e-02
12910,3.100586e-02
12911,-2.636719e-02
12912,-7.690430e-03
12913,1.013184e-02
12914,-4.467773e-02
12915,4.907227e-02
12916,-8.264160e-02
12917,8.325195e-02
12918,-1.130371e-01
12919,1.113281e-01
12920,-1.379395e-01
12921,1.324463e-01
12922,-1.533203e-01
12923,1.437988e-01
12924,-1.623535e-01
12925,1.468506e-01
12926,-1.594238e-01
12927,1.405029e-01
12928,-1.459961e-01
12929,1.220703e-01
12930,-1.276855e-01
12931,9.948730e-02
12932,-9.826660e-02
12933,6.713867e-02
12934,-6.420898e-02
12935,3.076172e-02
12936,-2.734375e-02
12937,-7.446289e-03
12938,1.196289e-02
12939,-4.528809e-02
12940,4.809570e-02
12941,-8.068848e-02
12942,8.081055e-02
12943,-1.132812e-01
12944,1.120605e-01
12945,-1.384277e-01
12946,1.319580e-01
12947,-1.538086e-01
12948,1.448975e-01
12949,-1.606445e-01
12950,1.451416e-01
12951,-1.597900e-01
12952,1.396484e-01
12953,-1.461182e-01
12954,1.251221e-01
12955,-1.240234e-01
12956,9.863281e-02
12957,-9.851074e-02
12958,6.750488e-02
12959,-6.372070e-02
12960,3.210449e-02
12961,-2.502441e-02
12962,-8.178711e-03
12963,1.074219e-02
12964,-4.638672e-02
12965,4.907227e-02
12966,-8.020020e-02
12967,8.093262e-02
12968,-1.096191e-01
12969,1.102295e-01
12970,-1.380615e-01
12971,1.331787e-01
12972,-1.541748e-01
12973,1.437988e-01
12974,-1.619873e-01
12975,1.467285e-01
12976,-1.589355e-01
12977,1.406250e-01
12978,-1.470947e-01
12979,1.223145e-01
12980,-1.262207e-01
12981,9.924316e-02
12982,-9.826660e-02
12983,6.787109e-02
12984,-6.408691e-02
12985,3.283691e-02
12986,-2.746582e-02
12987,-7.080078e-03
12988,1.049805e-02
12989,-4.504395e-02
12990,4.748535e-02
12991,-8.044434e-02
12992,8.349609e-02
12993,-1.118164e-01
12994,1.093750e-01
12995,-1.374512e-01
12996,1.314697e-01
12997,-1.525879e-01
12998,1.441650e-01
12999,-1.622314e-01
13000,1.484375e-01
13001,-1.588135e-01
13002,1.409912e-01
13003,-1.472168e-01
13004,1.223145e-01
13005,-1.270752e-01
13006,9.790039e-02
13007,-9.777832e-02
13008,6.799316e-02
13009,-6.445312e-02
13010,3.125000e-02
13011,-2.856445e-02
13012,-6.347656e-03
13013,1.074219e-02
13014,-4.357910e-02
13015,4.785156e-02
13016,-8.325195e-02
13017,8.239746e-02
13018,-1.132812e-01
13019,1.108398e-01
13020,-1.358643e-01
13021,1.308594e-01
13022,-1.534424e-01
13023,1.439209e-01
13024,-1.617432e-01
13025,1.481934e-01
13026,-1.594238e-01
13027,1.417236e-01
13028,-1.463623e-01
13029,1.231689e-01
13030,-1.267090e-01
13031,1.002197e-01
13032,-9.863281e-02
13033,6.750488e-02
13034,-6.494141e-02
13035,3.173828e-02
13036,-2.722168e-02
13037,-6.103516e-03
13038,1.025391e-02
13039,-4.467773e-02
13040,4.956055e-02
13041,-8.007812e-02
13042,8.117676e-02
13043,-1.125488e-01
13044,1.124268e-01
13045,-1.367188e-01
13046,1.302490e-01
13047,-1.535645e-01
13048,1.437988e-01
13049,-1.608887e-01
13050,1.470947e-01
13051,-1.580811e-01
13052,1.386719e-01
13053,-1.475830e-01
13054,1.252441e-01
13055,-1.289062e-01
13056,9.667969e-02
13057,-9.875488e-02
13058,6.982422e-02
13059,-6.396484e-02
13060,3.222656e-02
13061,-2.795410e-02
13062,-4.882812e-03
13063,1.074219e-02
13064,-4.577637e-02
13065,4.724121e-02
13066,-8.288574e-02
13067,8.312988e-02
13068,-1.104736e-01
13069,1.081543e-01
13070,-1.351318e-01
13071,1.323242e-01
13072,-1.546631e-01
13073,1.437988e-01
13074,-1.608887e-01
13075,1.481934e-01
13076,-1.595459e-01
13077,1.406250e-01
13078,-1.481934e-01
13079,1.230469e-01
13080,-1.267090e-01
13081,9.790039e-02
13082,-1.003418e-01
13083,6.726074e-02
13084,-6.481934e-02
13085,3.210449e-02
13086,-2.807617e-02
13087,-7.568359e-03
13088,1.135254e-02
13089,-4.370117e-02
13090,4.772949e-02
13091,-8.007812e-02
13092,8.215332e-02
13093,-1.140137e-01
13094,1.092529e-01
13095,-1.358643e-01
13096,1.323242e-01
13097,-1.528320e-01
13098,1.448975e-01
13099,-1.632080e-01
13100,1.472168e-01
13101,-1.590576e-01
13102,1.414795e-01
13103,-1.486816e-01
13104,1.234131e-01
13105,-1.267090e-01
13106,9.863281e-02
13107,-9.912109e-02
13108,6.982422e-02
13109,-6.567383e-02
13110,3.210449e-02
13111,-2.770996e-02
13112,-9.277344e-03
13113,8.666992e-03
13114,-4.333496e-02
13115,4.870605e-02
13116,-8.105469e-02
13117,8.251953e-02
13118,-1.134033e-01
13119,1.115723e-01
13120,-1.375732e-01
13121,1.312256e-01
13122,-1.528320e-01
13123,1.435547e-01
13124,-1.601562e-01
13125,1.469727e-01
13126,-1.606445e-01
13127,1.387939e-01
13128,-1.483154e-01
13129,1.223145e-01
13130,-1.268311e-01
13131,1.009521e-01
13132,-1.002197e-01
13133,6.616211e-02
13134,-6.396484e-02
13135,3.137207e-02
13136,-2.722168e-02
13137,-6.835938e-03
13138,9.155273e-03
13139,-4.528809e-02
13140,4.882812e-02
13141,-8.020020e-02
13142,8.117676e-02
13143,-1.110840e-01
13144,1.115723e-01
13145,-1.367188e-01
13146,1.330566e-01
13147,-1.529541e-01
13148,1.440430e-01
13149,-1.599121e-01
13150,1.468506e-01
13151,-1.597900e-01
13152,1.398926e-01
13153,-1.488037e-01
13154,1.240234e-01
13155,-1.256104e-01
13156,9.985352e-02
13157,-1.015625e-01
13158,6.787109e-02
13159,-6.494141e-02
13160,3.173828e-02
13161,-2.807617e-02
13162,-5.859375e-03
13163,1.171875e-02
13164,-4.589844e-02
13165,4.772949e-02
13166,-7.885742e-02
13167,8.190918e-02
13168,-1.131592e-01
13169,1.094971e-01
13170,-1.361084e-01
13171,1.317139e-01
13172,-1.538086e-01
13173,1.428223e-01
13174,-1.618652e-01
13175,1.468506e-01
13176,-1.597900e-01
13177,1.405029e-01
13178,-1.473389e-01
13179,1.237793e-01
13180,-1.290283e-01
13181,1.003418e-01
13182,-9.948730e-02
13183,6.823730e-02
13184,-6.494141e-02
13185,3.210449e-02
13186,-2.856445e-02
13187,-7.202148e-03
13188,9.399414e-03
13189,-4.431152e-02
13190,4.626465e-02
13191,-8.117676e-02
13192,8.300781e-02
13193,-1.119385e-01
13194,1.110840e-01
13195,-1.365967e-01
13196,1.311035e-01
13197,-1.523438e-01
13198,1.439209e-01
13199,-1.602783e-01
13200,1.484375e-01
13201,-1.593018e-01
13202,1.394043e-01
13203,-1.470947e-01
13204,1.243896e-01
13205,-1.278076e-01
13206,1.007080e-01
13207,-9.924316e-02
13208,6.738281e-02
13209,-6.469727e-02
13210,3.125000e-02
13211,-2.819824e-02
13212,-4.516602e-03
13213,1.159668e-02
13214,-4.565430e-02
13215,4.748535e-02
13216,-8.178711e-02
13217,8.142090e-02
13218,-1.107178e-01
13219,1.109619e-01
13220,-1.365967e-01
13221,1.328125e-01
13222,-1.546631e-01
13223,1.446533e-01
13224,-1.596680e-01
13225,1.459961e-01
13226,-1.597900e-01
13227,1.417236e-01
13228,-1.461182e-01
13229,1.246338e-01
13230,-1.281738e-01
13231,9.899902e-02
13232,-9.997559e-02
13233,6.872559e-02
13234,-6.518555e-02
13235,3.186035e-02
13236,-2.758789e-02
13237,-6.347656e-03
13238,8.666992e-03
13239,-4.321289e-02
13240,4.638672e-02
13241,-8.007812e-02
13242,8.300781e-02
13243,-1.121826e-01
13244,1.101074e-01
13245,-1.372070e-01
13246,1.317139e-01
13247,-1.528320e-01
13248,1.456299e-01
13249,-1.597900e-01
13250,1.457520e-01
13251,-1.595459e-01
13252,1.411133e-01
13253,-1.486816e-01
13254,1.226807e-01
13255,-1.273193e-01
13256,1.010742e-01
13257,-9.826660e-02
13258,6.921387e-02
13259,-6.542969e-02
13260,3.198242e-02
13261,-2.807617e-02
13262,-5.371094e-03
13263,9.765625e-03
13264,-4.296875e-02
13265,4.870605e-02
13266,-8.032227e-02
13267,8.056641e-02
13268,-1.116943e-01
13269,1.119385e-01
13270,-1.348877e-01
13271,1.309814e-01
13272,-1.547852e-01
13273,1.453857e-01
13274,-1.591797e-01
13275,1.461182e-01
13276,-1.597900e-01
13277,1.417236e-01
13278,-1.496582e-01
13279,1.237793e-01
13280,-1.270752e-01
13281,1.003418e-01
13282,-1.008301e-01
13283,6.823730e-02
13284,-6.542969e-02
13285,3.125000e-02
13286,-2.734375e-02
13287,-5.493164e-03
13288,1.049805e-02
13289,-4.345703e-02
13290,4.638672e-02
13291,-7.922363e-02
13292,8.154297e-02
13293,-1.126709e-01
13294,1.101074e-01
13295,-1.357422e-01
13296,1.302490e-01
13297,-1.531982e-01
13298,1.431885e-01
13299,-1.627197e-01
13300,1.478271e-01
13301,-1.579590e-01
13302,1.406250e-01
13303,-1.469727e-01
13304,1.239014e-01
13305,-1.273193e-01
13306,1.013184e-01
13307,-1.014404e-01
13308,6.762695e-02
13309,-6.518555e-02
13310,3.320312e-02
13311,-2.832031e-02
13312,-7.202148e-03
13313,1.013184e-02
13314,-4.309082e-02
13315,4.760742e-02
13316,-8.142090e-02
13317,8.154297e-02
13318,-1.113281e-01
13319,1.098633e-01
13320,-1.358643e-01
13321,1.308594e-01
13322,-1.540527e-01
13323,1.451416e-01
13324,-1.608887e-01
13325,1.474609e-01
13326,-1.571045e-01
13327,1.397705e-01
13328,-1.495361e-01
13329,1.267090e-01
13330,-1.263428e-01
13331,9.851074e-02
13332,-9.826660e-02
13333,6.762695e-02
13334,-6.726074e-02
13335,3.173828e-02
13336,-2.770996e-02
13337,-7.446289e-03
13338,9.033203e-03
13339,-4.418945e-02
13340,4.516602e-02
13341,-8.020020e-02
13342,8.166504e-02
13343,-1.119385e-01
13344,1.109619e-01
13345,-1.367188e-01
13346,1.306152e-01
13347,-1.536865e-01
13348,1.430664e-01
13349,-1.617432e-01
13350,1.468506e-01
13351,-1.607666e-01
13352,1.398926e-01
13353,-1.477051e-01
13354,1.248779e-01
13355,-1.270752e-01
13356,9.887695e-02
13357,-9.936523e-02
13358,6.823730e-02
13359,-6.616211e-02
13360,3.393555e-02
13361,-2.966309e-02
13362,-7.080078e-03
13363,1.196289e-02
13364,-4.357910e-02
13365,4.699707e-02
13366,-7.983398e-02
13367,8.142090e-02
13368,-1.102295e-01
13369,1.094971e-01
13370,-1.359863e-01
13371,1.329346e-01
13372,-1.539307e-01
13373,1.436768e-01
13374,-1.605225e-01
13375,1.451416e-01
13376,-1.588135e-01
13377,1.400146e-01
13378,-1.483154e-01
13379,1.251221e-01
13380,-1.287842e-01
13381,1.007080e-01
13382,-9.997559e-02
13383,6.982422e-02
13384,-6.481934e-02
13385,3.234863e-02
13386,-2.941895e-02
13387,-4.150391e-03
13388,1.123047e-02
13389,-4.455566e-02
13390,4.821777e-02
13391,-7.727051e-02
13392,8.093262e-02
13393,-1.096191e-01
13394,1.094971e-01
13395,-1.383057e-01
13396,1.329346e-01
13397,-1.529541e-01
13398,1.452637e-01
13399,-1.610107e-01
13400,1.456299e-01
13401,-1.580811e-01
13402,1.402588e-01
13403,-1.503906e-01
13404,1.271973e-01
13405,-1.275635e-01
13406,9.826660e-02
13407,-1.003418e-01
13408,6.921387e-02
13409,-6.567383e-02
13410,3.308105e-02
13411,-2.954102e-02
13412,-6.225586e-03
13413,1.062012e-02
13414,-4.223633e-02
13415,4.736328e-02
13416,-7.910156e-02
13417,8.166504e-02
13418,-1.098633e-01
13419,1.105957e-01
13420,-1.397705e-01
13421,1.331787e-01
13422,-1.527100e-01
13423,1.418457e-01
13424,-1.619873e-01
13425,1.466064e-01
13426,-1.596680e-01
13427,1.391602e-01
13428,-1.473389e-01
13429,1.262207e-01
13430,-1.268311e-01
13431,1.021729e-01
13432,-9.838867e-02
13433,6.958008e-02
13434,-6.445312e-02
13435,3.344727e-02
13436,-2.722168e-02
13437,-5.859375e-03
13438,9.399414e-03
13439,-4.443359e-02
13440,4.748535e-02
13441,-8.020020e-02
13442,8.068848e-02
13443,-1.105957e-01
13444,1.108398e-01
13445,-1.376953e-01
13446,1.308594e-01
13447,-1.525879e-01
13448,1.429443e-01
13449,-1.600342e-01
13450,1.452637e-01
13451,-1.586914e-01
13452,1.408691e-01
13453,-1.486816e-01
13454,1.241455e-01
13455,-1.289062e-01
13456,1.007080e-01
13457,-9.899902e-02
13458,6.970215e-02
13459,-6.579590e-02
13460,3.405762e-02
13461,-3.051758e-02
13462,-2.319336e-03
13463,9.155273e-03
13464,-4.382324e-02
13465,4.785156e-02
13466,-8.190918e-02
13467,8.105469e-02
13468,-1.102295e-01
13469,1.085205e-01
13470,-1.367188e-01
13471,1.306152e-01
13472,-1.539307e-01
13473,1.435547e-01
13474,-1.595459e-01
13475,1.468506e-01
13476,-1.584473e-01
13477,1.409912e-01
13478,-1.495361e-01
13479,1.243896e-01
13480,-1.275635e-01
13481,9.851074e-02
13482,-9.960938e-02
13483,6.823730e-02
13484,-6.750488e-02
13485,3.442383e-02
13486,-2.819824e-02
13487,-5.371094e-03
13488,1.037598e-02
13489,-4.248047e-02
13490,4.687500e-02
13491,-7.946777e-02
13492,8.251953e-02
13493,-1.114502e-01
13494,1.101074e-01
13495,-1.353760e-01
13496,1.317139e-01
13497,-1.520996e-01
13498,1.437988e-01
13499,-1.599121e-01
13500,1.467285e-01
13501,-1.590576e-01
13502,1.400146e-01
13503,-1.472168e-01
13504,1.256104e-01
13505,-1.280518e-01
13506,1.010742e-01
13507,-9.851074e-02
13508,6.933594e-02
13509,-6.726074e-02
13510,3.369141e-02
13511,-2.734375e-02
13512,-6.591797e-03
13513,1.037598e-02
13514,-4.296875e-02
13515,4.858398e-02
13516,-7.958984e-02
13517,8.081055e-02
13518,-1.097412e-01
13519,1.094971e-01
13520,-1.364746e-01
13521,1.323242e-01
13522,-1.546631e-01
13523,1.439209e-01
13524,-1.590576e-01
13525,1.463623e-01
13526,-1.594238e-01
13527,1.422119e-01
13528,-1.492920e-01
13529,1.229248e-01
13530,-1.269531e-01
13531,1.020508e-01
13532,-9.960938e-02
13533,6.811523e-02
13534,-6.628418e-02
13535,3.405762e-02
13536,-2.880859e-02
13537,-5.371094e-03
13538,9.155273e-03
13539,-4.406738e-02
13540,4.589844e-02
13541,-7.983398e-02
13542,8.264160e-02
13543,-1.124268e-01
13544,1.088867e-01
13545,-1.372070e-01
13546,1.312256e-01
13547,-1.529541e-01
13548,1.442871e-01
13549,-1.605225e-01
13550,1.469727e-01
13551,-1.589355e-01
13552,1.402588e-01
13553,-1.490479e-01
13554,1.254883e-01
13555,-1.271973e-01
13556,1.009521e-01
13557,-9.887695e-02
13558,7.092285e-02
13559,-6.567383e-02
13560,3.527832e-02
13561,-2.746582e-02
13562,-5.371094e-03
13563,9.033203e-03
13564,-4.284668e-02
13565,4.516602e-02
13566,-7.910156e-02
13567,7.910156e-02
13568,-1.107178e-01
13569,1.092529e-01
13570,-1.361084e-01
13571,1.315918e-01
13572,-1.529541e-01
13573,1.437988e-01
13574,-1.604004e-01
13575,1.477051e-01
13576,-1.604004e-01
13577,1.424561e-01
13578,-1.470947e-01
13579,1.245117e-01
13580,-1.270752e-01
13581,9.960938e-02
13582,-1.002197e-01
13583,6.860352e-02
13584,-6.665039e-02
13585,3.295898e-02
13586,-2.868652e-02
13587,-5.126953e-03
13588,8.056641e-03
13589,-4.174805e-02
13590,4.760742e-02
13591,-7.897949e-02
13592,8.105469e-02
13593,-1.114502e-01
13594,1.101074e-01
13595,-1.367188e-01
13596,1.302490e-01
13597,-1.512451e-01
13598,1.429443e-01
13599,-1.600342e-01
13600,1.479492e-01
13601,-1.583252e-01
13602,1.425781e-01
13603,-1.486816e-01
13604,1.250000e-01
13605,-1.289062e-01
13606,1.007080e-01
13607,-9.997559e-02
13608,7.153320e-02
13609,-6.677246e-02
13610,3.271484e-02
13611,-3.039551e-02
13612,-2.929688e-03
13613,1.110840e-02
13614,-4.248047e-02
13615,4.443359e-02
13616,-7.946777e-02
13617,8.215332e-02
13618,-1.105957e-01
13619,1.102295e-01
13620,-1.357422e-01
13621,1.289062e-01
13622,-1.531982e-01
13623,1.435547e-01
13624,-1.606445e-01
13625,1.459961e-01
13626,-1.602783e-01
13627,1.425781e-01
13628,-1.462402e-01
13629,1.252441e-01
13630,-1.298828e-01
13631,1.009521e-01
13632,-9.973145e-02
13633,6.921387e-02
13634,-6.713867e-02
13635,3.356934e-02
13636,-2.929688e-02
13637,-4.760742e-03
13638,9.277344e-03
13639,-4.492188e-02
13640,4.760742e-02
13641,-7.800293e-02
13642,8.007812e-02
13643,-1.118164e-01
13644,1.077881e-01
13645,-1.357422e-01
13646,1.309814e-01
13647,-1.538086e-01
13648,1.434326e-01
13649,-1.600342e-01
13650,1.458740e-01
13651,-1.597900e-01
13652,1.405029e-01
13653,-1.480713e-01
13654,1.254883e-01
13655,-1.281738e-01
13656,9.936523e-02
13657,-9.912109e-02
13658,7.067871e-02
13659,-6.750488e-02
13660,3.356934e-02
13661,-2.795410e-02
13662,-4.150391e-03
13663,8.422852e-03
13664,-4.016113e-02
13665,4.650879e-02
13666,-7.861328e-02
13667,8.190918e-02
13668,-1.115723e-01
13669,1.077881e-01
13670,-1.358643e-01
13671,1.296387e-01
13672,-1.520996e-01
13673,1.447754e-01
13674,-1.608887e-01
13675,1.473389e-01
13676,-1.596680e-01
13677,1.400146e-01
13678,-1.472168e-01
13679,1.254883e-01
13680,-1.281738e-01
13681,1.010742e-01
13682,-1.008301e-01
13683,7.055664e-02
13684,-6.665039e-02
13685,3.564453e-02
13686,-3.027344e-02
13687,-2.807617e-03
13688,9.277344e-03
13689,-4.528809e-02
13690,4.528809e-02
13691,-7.995605e-02
13692,7.958984e-02
13693,-1.110840e-01
13694,1.090088e-01
13695,-1.352539e-01
13696,1.314697e-01
13697,-1.510010e-01
13698,1.422119e-01
13699,-1.627197e-01
13700,1.486816e-01
13701,-1.604004e-01
13702,1.431885e-01
13703,-1.490479e-01
13704,1.254883e-01
13705,-1.281738e-01
13706,1.010742e-01
13707,-9.875488e-02
13708,7.141113e-02
13709,-6.701660e-02
13710,3.564453e-02
13711,-2.941895e-02
13712,-4.760742e-03
13713,9.521484e-03
13714,-4.321289e-02
13715,4.711914e-02
13716,-7.690430e-02
13717,8.081055e-02
13718,-1.104736e-01
13719,1.099854e-01
13720,-1.358643e-01
13721,1.281738e-01
13722,-1.512451e-01
13723,1.446533e-01
13724,-1.608887e-01
13725,1.470947e-01
13726,-1.605225e-01
13727,1.425781e-01
13728,-1.503906e-01
13729,1.251221e-01
13730,-1.284180e-01
13731,9.973145e-02
13732,-9.899902e-02
13733,7.141113e-02
13734,-6.921387e-02
13735,3.430176e-02
13736,-2.770996e-02
13737,-3.906250e-03
13738,7.324219e-03
13739,-4.150391e-02
13740,4.602051e-02
13741,-7.910156e-02
13742,8.068848e-02
13743,-1.105957e-01
13744,1.094971e-01
13745,-1.351318e-01
13746,1.297607e-01
13747,-1.513672e-01
13748,1.448975e-01
13749,-1.622314e-01
13750,1.468506e-01
13751,-1.589355e-01
13752,1.424561e-01
13753,-1.484375e-01
13754,1.252441e-01
13755,-1.308594e-01
13756,1.007080e-01
13757,-9.826660e-02
13758,6.994629e-02
13759,-6.665039e-02
13760,3.576660e-02
13761,-3.027344e-02
13762,-2.807617e-03
13763,9.399414e-03
13764,-4.284668e-02
13765,4.724121e-02
13766,-7.751465e-02
13767,8.068848e-02
13768,-1.104736e-01
13769,1.092529e-01
13770,-1.367188e-01
13771,1.319580e-01
13772,-1.512451e-01
13773,1.441650e-01
13774,-1.604004e-01
13775,1.474609e-01
13776,-1.597900e-01
13777,1.407471e-01
13778,-1.490479e-01
13779,1.263428e-01
13780,-1.262207e-01
13781,1.014404e-01
13782,-9.875488e-02
13783,7.055664e-02
13784,-6.848145e-02
13785,3.564453e-02
13786,-3.112793e-02
13787,-5.981445e-03
13788,1.098633e-02
13789,-4.235840e-02
13790,4.602051e-02
13791,-7.751465e-02
13792,8.068848e-02
13793,-1.119385e-01
13794,1.080322e-01
13795,-1.347656e-01
13796,1.302490e-01
13797,-1.525879e-01
13798,1.431885e-01
13799,-1.614990e-01
13800,1.466064e-01
13801,-1.604004e-01
13802,1.412354e-01
13803,-1.478271e-01
13804,1.248779e-01
13805,-1.285400e-01
13806,1.014404e-01
13807,-1.015625e-01
13808,7.055664e-02
13809,-6.665039e-02
13810,3.564453e-02
13811,-3.015137e-02
13812,-3.295898e-03
13813,1.049805e-02
13814,-4.187012e-02
13815,4.858398e-02
13816,-7.873535e-02
13817,7.983398e-02
13818,-1.093750e-01
13819,1.083984e-01
13820,-1.351318e-01
13821,1.307373e-01
13822,-1.529541e-01
13823,1.446533e-01
13824,-1.606445e-01
13825,1.462402e-01
13826,-1.599121e-01
13827,1.391602e-01
13828,-1.502686e-01
13829,1.251221e-01
13830,-1.297607e-01
13831,1.011963e-01
13832,-1.008301e-01
13833,6.933594e-02
13834,-6.652832e-02
13835,3.320312e-02
13836,-2.758789e-02
13837,-3.540039e-03
13838,8.300781e-03
13839,-4.248047e-02
13840,4.577637e-02
13841,-7.861328e-02
13842,7.934570e-02
13843,-1.102295e-01
13844,1.103516e-01
13845,-1.343994e-01
13846,1.318359e-01
13847,-1.527100e-01
13848,1.447754e-01
13849,-1.617432e-01
13850,1.479492e-01
13851,-1.589355e-01
13852,1.400146e-01
13853,-1.506348e-01
13854,1.246338e-01
13855,-1.281738e-01
13856,1.020508e-01
13857,-1.010742e-01
13858,7.128906e-02
13859,-6.506348e-02
13860,3.588867e-02
13861,-3.076172e-02
13862,-3.662109e-03
13863,9.521484e-03
13864,-4.101562e-02
13865,4.553223e-02
13866,-7.873535e-02
13867,8.032227e-02
13868,-1.109619e-01
13869,1.101074e-01
13870,-1.340332e-01
13871,1.304932e-01
13872,-1.512451e-01
13873,1.434326e-01
13874,-1.616211e-01
13875,1.479492e-01
13876,-1.601562e-01
13877,1.401367e-01
13878,-1.489258e-01
13879,1.260986e-01
13880,-1.284180e-01
13881,1.009521e-01
13882,-1.007080e-01
13883,6.994629e-02
13884,-6.799316e-02
13885,3.430176e-02
13886,-3.027344e-02
13887,-4.028320e-03
13888,8.056641e-03
13889,-4.174805e-02
13890,4.736328e-02
13891,-7.861328e-02
13892,8.068848e-02
13893,-1.102295e-01
13894,1.093750e-01
13895,-1.351318e-01
13896,1.326904e-01
13897,-1.508789e-01
13898,1.428223e-01
13899,-1.614990e-01
13900,1.462402e-01
13901,-1.600342e-01
13902,1.394043e-01
13903,-1.489258e-01
13904,1.265869e-01
13905,-1.291504e-01
13906,1.027832e-01
13907,-1.016846e-01
13908,7.116699e-02
13909,-6.616211e-02
13910,3.344727e-02
13911,-3.002930e-02
13912,-2.319336e-03
13913,9.277344e-03
13914,-4.223633e-02
13915,4.589844e-02
13916,-7.800293e-02
13917,7.958984e-02
13918,-1.108398e-01
13919,1.066895e-01
13920,-1.361084e-01
13921,1.314697e-01
13922,-1.535645e-01
13923,1.427002e-01
13924,-1.617432e-01
13925,1.479492e-01
13926,-1.601562e-01
13927,1.418457e-01
13928,-1.478271e-01
13929,1.251221e-01
13930,-1.279297e-01
13931,1.018066e-01
13932,-1.019287e-01
13933,6.909180e-02
13934,-6.457520e-02
13935,3.393555e-02
13936,-2.941895e-02
13937,-3.417969e-03
13938,8.911133e-03
13939,-4.040527e-02
13940,4.516602e-02
13941,-7.849121e-02
13942,8.190918e-02
13943,-1.109619e-01
13944,1.092529e-01
13945,-1.358643e-01
13946,1.292725e-01
13947,-1.508789e-01
13948,1.435547e-01
13949,-1.608887e-01
13950,1.470947e-01
13951,-1.606445e-01
13952,1.429443e-01
13953,-1.484375e-01
13954,1.250000e-01
13955,-1.307373e-01
13956,1.016846e-01
13957,-1.007080e-01
13958,6.958008e-02
13959,-6.762695e-02
13960,3.430176e-02
13961,-2.990723e-02
13962,-3.417969e-03
13963,9.765625e-03
13964,-4.089355e-02
13965,4.504395e-02
13966,-7.751465e-02
13967,7.922363e-02
13968,-1.093750e-01
13969,1.109619e-01
13970,-1.347656e-01
13971,1.312256e-01
13972,-1.511230e-01
13973,1.437988e-01
13974,-1.606445e-01
13975,1.470947e-01
13976,-1.595459e-01
13977,1.417236e-01
13978,-1.484375e-01
13979,1.268311e-01
13980,-1.292725e-01
13981,1.010742e-01
13982,-1.022949e-01
13983,7.214355e-02
13984,-6.787109e-02
13985,3.320312e-02
13986,-3.137207e-02
13987,-2.685547e-03
13988,7.934570e-03
13989,-4.211426e-02
13990,4.711914e-02
13991,-7.946777e-02
13992,7.849121e-02
13993,-1.103516e-01
13994,1.080322e-01
13995,-1.325684e-01
13996,1.298828e-01
13997,-1.536865e-01
13998,1.445312e-01
13999,-1.604004e-01
14000,1.472168e-01
14001,-1.593018e-01
14002,1.434326e-01
14003,-1.485596e-01
14004,1.251221e-01
14005,-1.273193e-01
14006,1.010742e-01
14007,-1.002197e-01
14008,7.104492e-02
14009,-6.848145e-02
14010,3.576660e-02
14011,-2.990723e-02
14012,-3.906250e-03
14013,7.934570e-03
14014,-4.199219e-02
14015,4.602051e-02
14016,-7.849121e-02
14017,8.166504e-02
14018,-1.103516e-01
14019,1.091309e-01
14020,-1.323242e-01
14021,1.297607e-01
14022,-1.503906e-01
14023,1.429443e-01
14024,-1.606445e-01
14025,1.480713e-01
14026,-1.601562e-01
14027,1.409912e-01
14028,-1.499023e-01
14029,1.260986e-01
14030,-1.285400e-01
14031,1.000977e-01
14032,-9.985352e-02
14033,6.982422e-02
14034,-6.860352e-02
14035,3.576660e-02
14036,-3.137207e-02
14037,-2.929688e-03
14038,6.713867e-03
14039,-4.187012e-02
14040,4.553223e-02
14041,-7.824707e-02
14042,7.958984e-02
14043,-1.090088e-01
14044,1.072998e-01
14045,-1.362305e-01
14046,1.312256e-01
14047,-1.506348e-01
14048,1.433105e-01
14049,-1.613770e-01
14050,1.484375e-01
14051,-1.586914e-01
14052,1.403809e-01
14053,-1.494141e-01
14054,1.257324e-01
14055,-1.289062e-01
14056,1.025391e-01
14057,-1.003418e-01
14058,6.994629e-02
14059,-6.665039e-02
14060,3.576660e-02
14061,-3.039551e-02
14062,-4.028320e-03
14063,8.422852e-03
14064,-4.113770e-02
14065,4.614258e-02
14066,-7.861328e-02
14067,7.800293e-02
14068,-1.070557e-01
14069,1.077881e-01
14070,-1.348877e-01
14071,1.307373e-01
14072,-1.528320e-01
14073,1.420898e-01
14074,-1.601562e-01
14075,1.489258e-01
14076,-1.596680e-01
14077,1.394043e-01
14078,-1.486816e-01
14079,1.242676e-01
14080,-1.281738e-01
14081,1.035156e-01
14082,-1.015625e-01
14083,7.128906e-02
14084,-6.982422e-02
14085,3.576660e-02
14086,-2.954102e-02
14087,-5.493164e-03
14088,7.446289e-03
14089,-4.113770e-02
14090,4.516602e-02
14091,-7.897949e-02
14092,7.910156e-02
14093,-1.102295e-01
14094,1.091309e-01
14095,-1.358643e-01
14096,1.297607e-01
14097,-1.507568e-01
14098,1.448975e-01
14099,-1.597900e-01
14100,1.468506e-01
14101,-1.589355e-01
14102,1.411133e-01
14103,-1.488037e-01
14104,1.263428e-01
14105,-1.284180e-01
14106,1.011963e-01
14107,-1.014404e-01
14108,7.067871e-02
14109,-6.860352e-02
14110,3.588867e-02
14111,-3.051758e-02
14112,-4.272461e-03
14113,6.958008e-03
14114,-4.272461e-02
14115,4.467773e-02
14116,-7.714844e-02
14117,7.983398e-02
14118,-1.087646e-01
14119,1.074219e-01
14120,-1.353760e-01
14121,1.304932e-01
14122,-1.520996e-01
14123,1.425781e-01
14124,-1.613770e-01
14125,1.461182e-01
14126,-1.585693e-01
14127,1.436768e-01
14128,-1.499023e-01
14129,1.237793e-01
14130,-1.273193e-01
14131,1.008301e-01
14132,-1.020508e-01
14133,6.994629e-02
14134,-6.884766e-02
14135,3.784180e-02
14136,-3.149414e-02
14137,-2.197266e-03
14138,6.713867e-03
14139,-4.223633e-02
14140,4.687500e-02
14141,-7.824707e-02
14142,7.934570e-02
14143,-1.064453e-01
14144,1.065674e-01
14145,-1.351318e-01
14146,1.326904e-01
14147,-1.523438e-01
14148,1.437988e-01
14149,-1.597900e-01
14150,1.461182e-01
14151,-1.596680e-01
14152,1.428223e-01
14153,-1.486816e-01
14154,1.246338e-01
14155,-1.279297e-01
14156,1.024170e-01
14157,-1.014404e-01
14158,7.275391e-02
14159,-6.835938e-02
14160,3.417969e-02
14161,-2.966309e-02
14162,-1.464844e-03
14163,6.835938e-03
14164,-4.113770e-02
14165,4.602051e-02
14166,-7.666016e-02
14167,8.105469e-02
14168,-1.102295e-01
14169,1.064453e-01
14170,-1.341553e-01
14171,1.328125e-01
14172,-1.525879e-01
14173,1.419678e-01
14174,-1.608887e-01
14175,1.479492e-01
14176,-1.597900e-01
14177,1.400146e-01
14178,-1.479492e-01
14179,1.262207e-01
14180,-1.290283e-01
14181,1.027832e-01
14182,-1.024170e-01
14183,7.226562e-02
14184,-6.860352e-02
14185,3.356934e-02
14186,-3.112793e-02
14187,-3.295898e-03
14188,6.469727e-03
14189,-4.138184e-02
14190,4.650879e-02
14191,-7.690430e-02
14192,7.739258e-02
14193,-1.103516e-01
14194,1.090088e-01
14195,-1.326904e-01
14196,1.302490e-01
14197,-1.530762e-01
14198,1.457520e-01
14199,-1.608887e-01
14200,1.455078e-01
14201,-1.594238e-01
14202,1.408691e-01
14203,-1.481934e-01
14204,1.268311e-01
14205,-1.290283e-01
14206,1.018066e-01
14207,-1.025391e-01
14208,7.177734e-02
14209,-6.604004e-02
14210,3.540039e-02
14211,-3.247070e-02
14212,-1.586914e-03
14213,8.666992e-03
14214,-4.162598e-02
14215,4.675293e-02
14216,-7.641602e-02
14217,7.861328e-02
14218,-1.086426e-01
14219,1.075439e-01
14220,-1.336670e-01
14221,1.297607e-01
14222,-1.520996e-01
14223,1.425781e-01
14224,-1.613770e-01
14225,1.468506e-01
14226,-1.604004e-01
14227,1.416016e-01
14228,-1.469727e-01
14229,1.230469e-01
14230,-1.300049e-01
14231,1.016846e-01
14232,-1.009521e-01
14233,7.128906e-02
14234,-7.019043e-02
14235,3.503418e-02
14236,-2.990723e-02
14237,-3.051758e-03
14238,8.300781e-03
14239,-4.174805e-02
14240,4.345703e-02
14241,-7.751465e-02
14242,7.702637e-02
14243,-1.093750e-01
14244,1.081543e-01
14245,-1.362305e-01
14246,1.306152e-01
14247,-1.519775e-01
14248,1.429443e-01
14249,-1.589355e-01
14250,1.470947e-01
14251,-1.606445e-01
14252,1.425781e-01
14253,-1.478271e-01
14254,1.251221e-01
14255,-1.280518e-01
14256,1.027832e-01
14257,-1.018066e-01
14258,7.177734e-02
14259,-6.811523e-02
14260,3.625488e-02
14261,-3.100586e-02
14262,-2.685547e-03
14263,6.713867e-03
14264,-4.040527e-02
14265,4.406738e-02
14266,-7.666016e-02
14267,7.763672e-02
14268,-1.091309e-01
14269,1.083984e-01
14270,-1.341553e-01
14271,1.312256e-01
14272,-1.520996e-01
14273,1.431885e-01
14274,-1.601562e-01
14275,1.470947e-01
14276,-1.594238e-01
14277,1.400146e-01
14278,-1.502686e-01
14279,1.252441e-01
14280,-1.284180e-01
14281,1.031494e-01
14282,-1.025391e-01
14283,7.153320e-02
14284,-6.933594e-02
14285,3.637695e-02
14286,-3.015137e-02
14287,-2.685547e-03
14288,7.934570e-03
14289,-4.125977e-02
14290,4.479980e-02
14291,-7.604980e-02
14292,7.861328e-02
14293,-1.076660e-01
14294,1.082764e-01
14295,-1.353760e-01
14296,1.296387e-01
14297,-1.501465e-01
14298,1.444092e-01
14299,-1.622314e-01
14300,1.468506e-01
14301,-1.601562e-01
14302,1.416016e-01
14303,-1.510010e-01
14304,1.247559e-01
14305,-1.268311e-01
14306,1.024170e-01
14307,-1.042480e-01
14308,7.238770e-02
14309,-6.921387e-02
14310,3.637695e-02
14311,-2.929688e-02
14312,-4.150391e-03
14313,7.446289e-03
14314,-3.991699e-02
14315,4.309082e-02
14316,-7.690430e-02
14317,7.995605e-02
14318,-1.064453e-01
14319,1.069336e-01
14320,-1.354980e-01
14321,1.304932e-01
14322,-1.525879e-01
14323,1.417236e-01
14324,-1.623535e-01
14325,1.458740e-01
14326,-1.580811e-01
14327,1.413574e-01
14328,-1.491699e-01
14329,1.270752e-01
14330,-1.322021e-01
14331,1.018066e-01
14332,-1.013184e-01
14333,6.958008e-02
14334,-6.872559e-02
14335,3.601074e-02
14336,-3.222656e-02
14337,-1.464844e-03
14338,7.446289e-03
14339,-4.077148e-02
14340,4.602051e-02
14341,-7.653809e-02
14342,8.007812e-02
14343,-1.085205e-01
14344,1.083984e-01
14345,-1.323242e-01
14346,1.301270e-01
14347,-1.528320e-01
14348,1.411133e-01
14349,-1.606445e-01
14350,1.469727e-01
14351,-1.597900e-01
14352,1.411133e-01
14353,-1.505127e-01
14354,1.265869e-01
14355,-1.307373e-01
14356,1.032715e-01
14357,-1.009521e-01
14358,6.994629e-02
14359,-6.689453e-02
14360,3.601074e-02
14361,-3.332520e-02
14362,-3.051758e-03
14363,5.859375e-03
14364,-4.089355e-02
14365,4.699707e-02
14366,-7.568359e-02
14367,7.849121e-02
14368,-1.068115e-01
14369,1.079102e-01
14370,-1.352539e-01
14371,1.308594e-01
14372,-1.530762e-01
14373,1.440430e-01
14374,-1.594238e-01
14375,1.469727e-01
14376,-1.597900e-01
14377,1.418457e-01
14378,-1.495361e-01
14379,1.273193e-01
14380,-1.295166e-01
14381,1.030273e-01
14382,-1.007080e-01
14383,7.080078e-02
14384,-6.982422e-02
14385,3.735352e-02
14386,-3.198242e-02
14387,-1.708984e-03
14388,5.737305e-03
14389,-4.174805e-02
14390,4.504395e-02
14391,-7.788086e-02
14392,7.910156e-02
14393,-1.091309e-01
14394,1.085205e-01
14395,-1.334229e-01
14396,1.280518e-01
14397,-1.529541e-01
14398,1.442871e-01
14399,-1.622314e-01
14400,1.478271e-01
14401,-1.589355e-01
14402,1.417236e-01
14403,-1.486816e-01
14404,1.253662e-01
14405,-1.284180e-01
14406,1.032715e-01
14407,-1.015625e-01
14408,7.202148e-02
14409,-7.067871e-02
14410,3.649902e-02
14411,-3.161621e-02
14412,-1.953125e-03
14413,7.690430e-03
14414,-3.979492e-02
14415,4.431152e-02
14416,-7.800293e-02
14417,7.885742e-02
14418,-1.085205e-01
14419,1.090088e-01
14420,-1.343994e-01
14421,1.291504e-01
14422,-1.508789e-01
14423,1.441650e-01
14424,-1.617432e-01
14425,1.477051e-01
14426,-1.583252e-01
14427,1.407471e-01
14428,-1.510010e-01
14429,1.264648e-01
14430,-1.291504e-01
14431,1.011963e-01
14432,-1.031494e-01
14433,7.214355e-02
14434,-7.019043e-02
14435,3.601074e-02
14436,-3.161621e-02
14437,-1.220703e-03
14438,5.737305e-03
14439,-4.211426e-02
14440,4.382324e-02
14441,-7.653809e-02
14442,7.727051e-02
14443,-1.098633e-01
14444,1.074219e-01
14445,-1.331787e-01
14446,1.297607e-01
14447,-1.512451e-01
14448,1.441650e-01
14449,-1.614990e-01
14450,1.472168e-01
14451,-1.597900e-01
14452,1.435547e-01
14453,-1.491699e-01
14454,1.267090e-01
14455,-1.303711e-01
14456,1.032715e-01
14457,-1.004639e-01
14458,7.238770e-02
14459,-6.896973e-02
14460,3.710938e-02
14461,-2.990723e-02
14462,-1.831055e-03
14463,6.347656e-03
14464,-3.967285e-02
14465,4.443359e-02
14466,-7.592773e-02
14467,7.885742e-02
14468,-1.098633e-01
14469,1.058350e-01
14470,-1.333008e-01
14471,1.304932e-01
14472,-1.507568e-01
14473,1.420898e-01
14474,-1.611328e-01
14475,1.485596e-01
14476,-1.601562e-01
14477,1.411133e-01
14478,-1.495361e-01
14479,1.254883e-01
14480,-1.306152e-01
14481,1.025391e-01
14482,-1.016846e-01
14483,7.202148e-02
14484,-6.909180e-02
14485,3.723145e-02
14486,-3.210449e-02
14487,-1.953125e-03
14488,7.690430e-03
14489,-3.967285e-02
14490,4.174805e-02
14491,-7.751465e-02
14492,7.849121e-02
14493,-1.101074e-01
14494,1.075439e-01
14495,-1.352539e-01
14496,1.293945e-01
14497,-1.513672e-01
14498,1.422119e-01
14499,-1.610107e-01
14500,1.477051e-01
14501,-1.602783e-01
14502,1.418457e-01
14503,-1.475830e-01
14504,1.252441e-01
14505,-1.290283e-01
14506,1.043701e-01
14507,-1.016846e-01
14508,7.080078e-02
14509,-6.994629e-02
14510,3.674316e-02
14511,-3.161621e-02
14512,-2.685547e-03
14513,7.934570e-03
14514,-3.955078e-02
14515,4.443359e-02
14516,-7.629395e-02
14517,7.824707e-02
14518,-1.080322e-01
14519,1.075439e-01
14520,-1.341553e-01
14521,1.282959e-01
14522,-1.519775e-01
14523,1.442871e-01
14524,-1.621094e-01
14525,1.468506e-01
14526,-1.613770e-01
14527,1.434326e-01
14528,-1.492920e-01
14529,1.251221e-01
14530,-1.290283e-01
14531,1.026611e-01
14532,-1.033936e-01
14533,7.312012e-02
14534,-6.848145e-02
14535,3.503418e-02
14536,-3.283691e-02
14537,-1.098633e-03
14538,6.713867e-03
14539,-4.016113e-02
14540,4.345703e-02
14541,-7.690430e-02
14542,7.666016e-02
14543,-1.086426e-01
14544,1.099854e-01
14545,-1.340332e-01
14546,1.317139e-01
14547,-1.525879e-01
14548,1.412354e-01
14549,-1.604004e-01
14550,1.459961e-01
14551,-1.572266e-01
14552,1.418457e-01
14553,-1.491699e-01
14554,1.274414e-01
14555,-1.311035e-01
14556,1.013184e-01
14557,-1.022949e-01
14558,7.165527e-02
14559,-6.909180e-02
14560,3.796387e-02
14561,-3.210449e-02
14562,-2.319336e-03
14563,9.155273e-03
14564,-3.930664e-02
14565,4.406738e-02
14566,-7.653809e-02
14567,7.849121e-02
14568,-1.083984e-01
14569,1.083984e-01
14570,-1.335449e-01
14571,1.279297e-01
14572,-1.520996e-01
14573,1.429443e-01
14574,-1.608887e-01
14575,1.478271e-01
14576,-1.605225e-01
14577,1.425781e-01
14578,-1.510010e-01
14579,1.252441e-01
14580,-1.290283e-01
14581,1.041260e-01
14582,-1.033936e-01
14583,7.165527e-02
14584,-6.945801e-02
14585,3.479004e-02
14586,-3.210449e-02
14587,1.220703e-04
14588,6.591797e-03
14589,-3.967285e-02
14590,4.345703e-02
14591,-7.739258e-02
14592,8.020020e-02
14593,-1.087646e-01
14594,1.083984e-01
14595,-1.348877e-01
14596,1.280518e-01
14597,-1.511230e-01
14598,1.425781e-01
14599,-1.613770e-01
14600,1.477051e-01
14601,-1.588135e-01
14602,1.417236e-01
14603,-1.494141e-01
14604,1.269531e-01
14605,-1.298828e-01
14606,1.035156e-01
14607,-1.029053e-01
14608,7.226562e-02
14609,-6.909180e-02
14610,3.662109e-02
14611,-3.259277e-02
14612,-2.929688e-03
14613,7.446289e-03
14614,-3.906250e-02
14615,4.089355e-02
14616,-7.690430e-02
14617,7.922363e-02
14618,-1.091309e-01
14619,1.058350e-01
14620,-1.339111e-01
14621,1.285400e-01
14622,-1.529541e-01
14623,1.434326e-01
14624,-1.594238e-01
14625,1.468506e-01
14626,-1.586914e-01
14627,1.435547e-01
14628,-1.496582e-01
14629,1.259766e-01
14630,-1.307373e-01
14631,1.026611e-01
14632,-1.018066e-01
14633,7.067871e-02
14634,-7.019043e-02
14635,3.808594e-02
14636,-3.173828e-02
14637,-1.708984e-03
14638,5.859375e-03
14639,-4.052734e-02
14640,4.467773e-02
14641,-7.714844e-02
14642,7.678223e-02
14643,-1.080322e-01
14644,1.069336e-01
14645,-1.350098e-01
14646,1.301270e-01
14647,-1.517334e-01
14648,1.424561e-01
14649,-1.624756e-01
14650,1.457520e-01
14651,-1.597900e-01
14652,1.417236e-01
14653,-1.503906e-01
14654,1.270752e-01
14655,-1.273193e-01
14656,1.029053e-01
14657,-1.041260e-01
14658,7.348633e-02
14659,-6.933594e-02
14660,3.796387e-02
14661,-3.417969e-02
14662,-2.075195e-03
14663,6.469727e-03
14664,-3.967285e-02
14665,4.345703e-02
14666,-7.653809e-02
14667,7.775879e-02
14668,-1.076660e-01
14669,1.066895e-01
14670,-1.340332e-01
14671,1.295166e-01
14672,-1.514893e-01
14673,1.442871e-01
14674,-1.604004e-01
14675,1.474609e-01
14676,-1.597900e-01
14677,1.417236e-01
14678,-1.502686e-01
14679,1.268311e-01
14680,-1.291504e-01
14681,1.044922e-01
14682,-1.027832e-01
14683,7.153320e-02
14684,-6.982422e-02
14685,3.649902e-02
14686,-3.161621e-02
14687,-7.324219e-04
14688,3.662109e-03
14689,-3.918457e-02
14690,4.309082e-02
14691,-7.849121e-02
14692,7.617188e-02
14693,-1.076660e-01
14694,1.070557e-01
14695,-1.354980e-01
14696,1.293945e-01
14697,-1.512451e-01
14698,1.430664e-01
14699,-1.610107e-01
14700,1.463623e-01
14701,-1.594238e-01
14702,1.425781e-01
14703,-1.495361e-01
14704,1.280518e-01
14705,-1.289062e-01
14706,1.030273e-01
14707,-1.033936e-01
14708,7.421875e-02
14709,-7.043457e-02
14710,3.759766e-02
14711,-3.247070e-02
14712,-2.197266e-03
14713,5.859375e-03
14714,-3.930664e-02
14715,4.333496e-02
14716,-7.653809e-02
14717,7.763672e-02
14718,-1.076660e-01
14719,1.087646e-01
14720,-1.340332e-01
14721,1.291504e-01
14722,-1.512451e-01
14723,1.417236e-01
14724,-1.605225e-01
14725,1.486816e-01
14726,-1.622314e-01
14727,1.416016e-01
14728,-1.495361e-01
14729,1.250000e-01
14730,-1.287842e-01
14731,1.031494e-01
14732,-1.033936e-01
14733,7.336426e-02
14734,-7.067871e-02
14735,3.759766e-02
14736,-3.247070e-02
14737,-2.319336e-03
14738,5.859375e-03
14739,-4.003906e-02
14740,4.528809e-02
14741,-7.556152e-02
14742,7.531738e-02
14743,-1.077881e-01
14744,1.057129e-01
14745,-1.334229e-01
14746,1.292725e-01
14747,-1.512451e-01
14748,1.441650e-01
14749,-1.621094e-01
14750,1.470947e-01
14751,-1.588135e-01
14752,1.406250e-01
14753,-1.496582e-01
14754,1.268311e-01
14755,-1.307373e-01
14756,1.042480e-01
14757,-1.015625e-01
14758,7.312012e-02
14759,-6.945801e-02
14760,3.747559e-02
14761,-3.198242e-02
14762,-2.075195e-03
14763,5.737305e-03
14764,-3.808594e-02
14765,4.492188e-02
14766,-7.568359e-02
14767,7.702637e-02
14768,-1.087646e-01
14769,1.081543e-01
14770,-1.342773e-01
14771,1.289062e-01
14772,-1.503906e-01
14773,1.428223e-01
14774,-1.607666e-01
14775,1.486816e-01
14776,-1.590576e-01
14777,1.418457e-01
14778,-1.503906e-01
14779,1.251221e-01
14780,-1.317139e-01
14781,1.032715e-01
14782,-1.046143e-01
14783,7.092285e-02
14784,-7.128906e-02
14785,3.869629e-02
14786,-3.369141e-02
14787,-3.906250e-03
14788,6.225586e-03
14789,-3.808594e-02
14790,4.321289e-02
14791,-7.592773e-02
14792,7.910156e-02
14793,-1.102295e-01
14794,1.064453e-01
14795,-1.325684e-01
14796,1.276855e-01
14797,-1.520996e-01
14798,1.414795e-01
14799,-1.624756e-01
14800,1.488037e-01
14801,-1.595459e-01
14802,1.398926e-01
14803,-1.496582e-01
14804,1.279297e-01
14805,-1.303711e-01
14806,1.033936e-01
14807,-1.025391e-01
14808,7.312012e-02
14809,-6.958008e-02
14810,3.833008e-02
14811,-3.405762e-02
14812,-3.173828e-03
14813,7.690430e-03
14814,-3.906250e-02
14815,4.187012e-02
14816,-7.580566e-02
14817,7.763672e-02
14818,-1.076660e-01
14819,1.065674e-01
14820,-1.326904e-01
14821,1.295166e-01
14822,-1.501465e-01
14823,1.428223e-01
14824,-1.623535e-01
14825,1.486816e-01
14826,-1.578369e-01
14827,1.403809e-01
14828,-1.502686e-01
14829,1.265869e-01
14830,-1.303711e-01
14831,1.029053e-01
14832,-1.049805e-01
14833,7.287598e-02
14834,-6.958008e-02
14835,3.784180e-02
14836,-3.405762e-02
14837,7.324219e-04
14838,6.225586e-03
14839,-4.174805e-02
14840,4.479980e-02
14841,-7.470703e-02
14842,7.788086e-02
14843,-1.076660e-01
14844,1.063232e-01
14845,-1.334229e-01
14846,1.291504e-01
14847,-1.511230e-01
14848,1.435547e-01
14849,-1.604004e-01
14850,1.463623e-01
14851,-1.601562e-01
14852,1.417236e-01
14853,-1.501465e-01
14854,1.289062e-01
14855,-1.304932e-01
14856,1.043701e-01
14857,-1.042480e-01
14858,7.421875e-02
14859,-6.958008e-02
14860,3.601074e-02
14861,-3.198242e-02
14862,0.000000e+00
14863,4.150391e-03
14864,-3.845215e-02
14865,4.345703e-02
14866,-7.629395e-02
14867,7.739258e-02
14868,-1.080322e-01
14869,1.079102e-01
14870,-1.330566e-01
14871,1.280518e-01
14872,-1.514893e-01
14873,1.420898e-01
14874,-1.616211e-01
14875,1.486816e-01
14876,-1.584473e-01
14877,1.417236e-01
14878,-1.501465e-01
14879,1.257324e-01
14880,-1.304932e-01
14881,1.038818e-01
14882,-1.024170e-01
14883,7.482910e-02
14884,-7.153320e-02
14885,3.662109e-02
14886,-3.295898e-02
14887,-2.441406e-04
14888,5.981445e-03
14889,-4.003906e-02
14890,4.211426e-02
14891,-7.519531e-02
14892,7.922363e-02
14893,-1.047363e-01
14894,1.051025e-01
14895,-1.330566e-01
14896,1.304932e-01
14897,-1.520996e-01
14898,1.419678e-01
14899,-1.589355e-01
14900,1.475830e-01
14901,-1.601562e-01
14902,1.416016e-01
14903,-1.496582e-01
14904,1.260986e-01
14905,-1.304932e-01
14906,1.041260e-01
14907,-1.035156e-01
14908,7.348633e-02
14909,-6.982422e-02
14910,4.040527e-02
14911,-3.430176e-02
14912,2.441406e-04
14913,5.859375e-03
14914,-4.089355e-02
14915,4.345703e-02
14916,-7.800293e-02
14917,7.763672e-02
14918,-1.049805e-01
14919,1.047363e-01
14920,-1.336670e-01
14921,1.291504e-01
14922,-1.497803e-01
14923,1.424561e-01
14924,-1.616211e-01
14925,1.485596e-01
14926,-1.591797e-01
14927,1.420898e-01
14928,-1.497803e-01
14929,1.260986e-01
14930,-1.315918e-01
14931,1.027832e-01
14932,-1.042480e-01
14933,7.214355e-02
14934,-7.116699e-02
14935,3.747559e-02
14936,-3.491211e-02
14937,-8.544922e-04
14938,3.051758e-03
14939,-4.064941e-02
14940,4.260254e-02
14941,-7.580566e-02
14942,7.727051e-02
14943,-1.074219e-01
14944,1.060791e-01
14945,-1.336670e-01
14946,1.286621e-01
14947,-1.505127e-01
14948,1.417236e-01
14949,-1.613770e-01
14950,1.469727e-01
14951,-1.593018e-01
14952,1.414795e-01
14953,-1.503906e-01
14954,1.280518e-01
14955,-1.315918e-01
14956,1.019287e-01
14957,-1.030273e-01
14958,7.312012e-02
14959,-7.104492e-02
14960,3.796387e-02
14961,-3.442383e-02
14962,3.662109e-04
14963,5.371094e-03
14964,-3.820801e-02
14965,4.345703e-02
14966,-7.421875e-02
14967,7.763672e-02
14968,-1.076660e-01
14969,1.053467e-01
14970,-1.328125e-01
14971,1.280518e-01
14972,-1.529541e-01
14973,1.427002e-01
14974,-1.601562e-01
14975,1.472168e-01
14976,-1.616211e-01
14977,1.434326e-01
14978,-1.507568e-01
14979,1.264648e-01
14980,-1.309814e-01
14981,1.016846e-01
14982,-1.047363e-01
14983,7.336426e-02
14984,-7.189941e-02
14985,3.662109e-02
14986,-3.417969e-02
14987,1.220703e-04
14988,5.126953e-03
14989,-3.845215e-02
14990,4.187012e-02
14991,-7.519531e-02
14992,7.507324e-02
14993,-1.076660e-01
14994,1.065674e-01
14995,-1.345215e-01
14996,1.286621e-01
14997,-1.506348e-01
14998,1.417236e-01
14999,-1.616211e-01
15000,1.466064e-01
15001,-1.601562e-01
15002,1.434326e-01
15003,-1.496582e-01
15004,1.269531e-01
15005,-1.312256e-01
15006,1.044922e-01
15007,-1.033936e-01
15008,7.336426e-02
15009,-7.031250e-02
15010,3.918457e-02
15011,-3.344727e-02
15012,-3.662109e-04
15013,5.859375e-03
15014,-3.723145e-02
15015,4.150391e-02
15016,-7.531738e-02
15017,7.678223e-02
15018,-1.086426e-01
15019,1.058350e-01
15020,-1.333008e-01
15021,1.269531e-01
15022,-1.513672e-01
15023,1.428223e-01
15024,-1.614990e-01
15025,1.479492e-01
15026,-1.613770e-01
15027,1.416016e-01
15028,-1.508789e-01
15029,1.263428e-01
15030,-1.304932e-01
15031,1.036377e-01
15032,-1.040039e-01
15033,7.421875e-02
15034,-7.214355e-02
15035,3.784180e-02
15036,-3.344727e-02
15037,-1.586914e-03
15038,4.272461e-03
15039,-3.906250e-02
15040,4.003906e-02
15041,-7.617188e-02
15042,7.727051e-02
15043,-1.076660e-01
15044,1.054688e-01
15045,-1.315918e-01
15046,1.295166e-01
15047,-1.531982e-01
15048,1.409912e-01
15049,-1.593018e-01
15050,1.480713e-01
15051,-1.596680e-01
15052,1.425781e-01
15053,-1.506348e-01
15054,1.274414e-01
15055,-1.297607e-01
15056,1.025391e-01
15057,-1.052246e-01
15058,7.360840e-02
15059,-7.128906e-02
15060,4.003906e-02
15061,-3.369141e-02
15062,1.220703e-03
15063,4.882812e-03
15064,-3.674316e-02
15065,4.260254e-02
15066,-7.556152e-02
15067,7.763672e-02
15068,-1.079102e-01
15069,1.076660e-01
15070,-1.323242e-01
15071,1.267090e-01
15072,-1.513672e-01
15073,1.416016e-01
15074,-1.618652e-01
15075,1.469727e-01
15076,-1.611328e-01
15077,1.419678e-01
15078,-1.495361e-01
15079,1.273193e-01
15080,-1.315918e-01
15081,1.044922e-01
15082,-1.058350e-01
15083,7.299805e-02
15084,-7.031250e-02
15085,3.662109e-02
15086,-3.356934e-02
15087,-8.544922e-04
15088,4.516602e-03
15089,-3.747559e-02
15090,4.260254e-02
15091,-7.580566e-02
15092,7.727051e-02
15093,-1.066895e-01
15094,1.044922e-01
15095,-1.317139e-01
15096,1.281738e-01
15097,-1.520996e-01
15098,1.428223e-01
15099,-1.589355e-01
15100,1.478271e-01
15101,-1.604004e-01
15102,1.422119e-01
15103,-1.514893e-01
15104,1.273193e-01
15105,-1.313477e-01
15106,1.030273e-01
15107,-1.048584e-01
15108,7.409668e-02
15109,-7.141113e-02
15110,3.771973e-02
15111,-3.430176e-02
15112,9.765625e-04
15113,3.906250e-03
15114,-3.759766e-02
15115,4.345703e-02
15116,-7.592773e-02
15117,7.507324e-02
15118,-1.069336e-01
15119,1.052246e-01
15120,-1.315918e-01
15121,1.281738e-01
15122,-1.503906e-01
15123,1.434326e-01
15124,-1.599121e-01
15125,1.467285e-01
15126,-1.599121e-01
15127,1.411133e-01
15128,-1.519775e-01
15129,1.280518e-01
15130,-1.324463e-01
15131,1.037598e-01
15132,-1.042480e-01
15133,7.458496e-02
15134,-7.189941e-02
15135,3.698730e-02
15136,-3.430176e-02
15137,-7.324219e-04
15138,3.417969e-03
15139,-3.698730e-02
15140,4.113770e-02
15141,-7.617188e-02
15142,7.568359e-02
15143,-1.071777e-01
15144,1.051025e-01
15145,-1.329346e-01
15146,1.271973e-01
15147,-1.529541e-01
15148,1.436768e-01
15149,-1.605225e-01
15150,1.472168e-01
15151,-1.597900e-01
15152,1.412354e-01
15153,-1.503906e-01
15154,1.275635e-01
15155,-1.312256e-01
15156,1.049805e-01
15157,-1.051025e-01
15158,7.336426e-02
15159,-7.165527e-02
15160,4.003906e-02
15161,-3.393555e-02
15162,2.441406e-04
15163,3.784180e-03
15164,-3.759766e-02
15165,4.138184e-02
15166,-7.336426e-02
15167,7.678223e-02
15168,-1.077881e-01
15169,1.060791e-01
15170,-1.326904e-01
15171,1.295166e-01
15172,-1.510010e-01
15173,1.423340e-01
15174,-1.605225e-01
15175,1.477051e-01
15176,-1.594238e-01
15177,1.441650e-01
15178,-1.522217e-01
15179,1.273193e-01
15180,-1.303711e-01
15181,1.026611e-01
15182,-1.054688e-01
15183,7.507324e-02
15184,-7.202148e-02
15185,3.710938e-02
15186,-3.491211e-02
15187,9.765625e-04
15188,4.028320e-03
15189,-3.845215e-02
15190,3.991699e-02
15191,-7.434082e-02
15192,7.678223e-02
15193,-1.074219e-01
15194,1.041260e-01
15195,-1.330566e-01
15196,1.280518e-01
15197,-1.522217e-01
15198,1.429443e-01
15199,-1.617432e-01
15200,1.473389e-01
15201,-1.589355e-01
15202,1.408691e-01
15203,-1.505127e-01
15204,1.286621e-01
15205,-1.319580e-01
15206,1.044922e-01
15207,-1.027832e-01
15208,7.458496e-02
15209,-7.177734e-02
15210,3.784180e-02
15211,-3.515625e-02
15212,1.220703e-03
15213,4.882812e-03
15214,-3.796387e-02
15215,4.235840e-02
15216,-7.202148e-02
15217,7.641602e-02
15218,-1.080322e-01
15219,1.053467e-01
15220,-1.335449e-01
15221,1.279297e-01
15222,-1.495361e-01
15223,1.425781e-01
15224,-1.596680e-01
15225,1.477051e-01
15226,-1.610107e-01
15227,1.408691e-01
15228,-1.505127e-01
15229,1.268311e-01
15230,-1.287842e-01
15231,1.062012e-01
15232,-1.049805e-01
15233,7.543945e-02
15234,-7.263184e-02
15235,3.869629e-02
15236,-3.320312e-02
15237,2.441406e-04
15238,2.929688e-03
15239,-3.649902e-02
15240,3.991699e-02
15241,-7.568359e-02
15242,7.727051e-02
15243,-1.059570e-01
15244,1.058350e-01
15245,-1.334229e-01
15246,1.271973e-01
15247,-1.505127e-01
15248,1.412354e-01
15249,-1.608887e-01
15250,1.470947e-01
15251,-1.616211e-01
15252,1.414795e-01
15253,-1.503906e-01
15254,1.262207e-01
15255,-1.314697e-01
15256,1.059570e-01
15257,-1.055908e-01
15258,7.214355e-02
15259,-7.043457e-02
15260,4.016113e-02
15261,-3.601074e-02
15262,1.464844e-03
15263,4.272461e-03
15264,-3.735352e-02
15265,4.089355e-02
15266,-7.312012e-02
15267,7.421875e-02
15268,-1.057129e-01
15269,1.077881e-01
15270,-1.331787e-01
15271,1.287842e-01
15272,-1.502686e-01
15273,1.424561e-01
15274,-1.617432e-01
15275,1.474609e-01
15276,-1.589355e-01
15277,1.427002e-01
15278,-1.501465e-01
15279,1.267090e-01
15280,-1.312256e-01
15281,1.035156e-01
15282,-1.063232e-01
15283,7.495117e-02
15284,-7.238770e-02
15285,3.869629e-02
15286,-3.442383e-02
15287,-7.324219e-04
15288,2.319336e-03
15289,-3.588867e-02
15290,4.345703e-02
15291,-7.507324e-02
15292,7.592773e-02
15293,-1.080322e-01
15294,1.041260e-01
15295,-1.323242e-01
15296,1.302490e-01
15297,-1.511230e-01
15298,1.416016e-01
15299,-1.601562e-01
15300,1.480713e-01
15301,-1.588135e-01
15302,1.409912e-01
15303,-1.505127e-01
15304,1.282959e-01
15305,-1.329346e-01
15306,1.054688e-01
15307,-1.059570e-01
15308,7.592773e-02
15309,-7.128906e-02
15310,3.918457e-02
15311,-3.222656e-02
15312,1.220703e-03
15313,4.150391e-03
15314,-3.723145e-02
15315,4.187012e-02
15316,-7.336426e-02
15317,7.482910e-02
15318,-1.060791e-01
15319,1.057129e-01
15320,-1.334229e-01
15321,1.282959e-01
15322,-1.506348e-01
15323,1.434326e-01
15324,-1.600342e-01
15325,1.475830e-01
15326,-1.597900e-01
15327,1.434326e-01
15328,-1.501465e-01
15329,1.273193e-01
15330,-1.335449e-01
15331,1.033936e-01
15332,-1.041260e-01
15333,7.336426e-02
15334,-7.104492e-02
15335,4.101562e-02
15336,-3.747559e-02
15337,-1.220703e-04
15338,4.638672e-03
15339,-3.845215e-02
15340,4.089355e-02
15341,-7.409668e-02
15342,7.421875e-02
15343,-1.053467e-01
15344,1.068115e-01
15345,-1.315918e-01
15346,1.287842e-01
15347,-1.500244e-01
15348,1.396484e-01
15349,-1.600342e-01
15350,1.469727e-01
15351,-1.623535e-01
15352,1.425781e-01
15353,-1.495361e-01
15354,1.278076e-01
15355,-1.306152e-01
15356,1.040039e-01
15357,-1.059570e-01
15358,7.580566e-02
15359,-7.165527e-02
15360,3.881836e-02
15361,-3.417969e-02
15362,4.882812e-04
15363,3.906250e-03
15364,-3.735352e-02
15365,4.223633e-02
15366,-7.153320e-02
15367,7.470703e-02
15368,-1.072998e-01
15369,1.041260e-01
15370,-1.325684e-01
15371,1.297607e-01
15372,-1.496582e-01
15373,1.433105e-01
15374,-1.591797e-01
15375,1.468506e-01
15376,-1.606445e-01
15377,1.422119e-01
15378,-1.529541e-01
15379,1.271973e-01
15380,-1.289062e-01
15381,1.049805e-01
15382,-1.053467e-01
15383,7.446289e-02
15384,-7.373047e-02
15385,3.894043e-02
15386,-3.417969e-02
15387,7.324219e-04
15388,3.295898e-03
15389,-3.881836e-02
15390,4.089355e-02
15391,-7.519531e-02
15392,7.604980e-02
15393,-1.060791e-01
15394,1.046143e-01
15395,-1.325684e-01
15396,1.290283e-01
15397,-1.514893e-01
15398,1.429443e-01
15399,-1.606445e-01
15400,1.446533e-01
15401,-1.595459e-01
15402,1.428223e-01
15403,-1.525879e-01
15404,1.271973e-01
15405,-1.313477e-01
15406,1.054688e-01
15407,-1.049805e-01
15408,7.507324e-02
15409,-7.006836e-02
15410,4.125977e-02
15411,-3.405762e-02
15412,1.953125e-03
15413,2.807617e-03
15414,-3.674316e-02
15415,3.942871e-02
15416,-7.531738e-02
15417,7.470703e-02
15418,-1.070557e-01
15419,1.051025e-01
15420,-1.325684e-01
15421,1.285400e-01
15422,-1.514893e-01
15423,1.408691e-01
15424,-1.606445e-01
15425,1.478271e-01
15426,-1.614990e-01
15427,1.424561e-01
15428,-1.494141e-01
15429,1.290283e-01
15430,-1.328125e-01
15431,1.041260e-01
15432,-1.059570e-01
15433,7.666016e-02
15434,-7.299805e-02
15435,3.918457e-02
15436,-3.454590e-02
15437,-3.662109e-04
15438,3.295898e-03
15439,-3.479004e-02
15440,4.113770e-02
15441,-7.434082e-02
15442,7.641602e-02
15443,-1.063232e-01
15444,1.046143e-01
15445,-1.315918e-01
15446,1.264648e-01
15447,-1.518555e-01
15448,1.429443e-01
15449,-1.597900e-01
15450,1.461182e-01
15451,-1.611328e-01
15452,1.417236e-01
15453,-1.503906e-01
15454,1.287842e-01
15455,-1.334229e-01
15456,1.043701e-01
15457,-1.048584e-01
15458,7.385254e-02
15459,-7.043457e-02
15460,3.991699e-02
15461,-3.601074e-02
15462,2.929688e-03
15463,3.906250e-03
15464,-3.588867e-02
15465,4.235840e-02
15466,-7.238770e-02
15467,7.592773e-02
15468,-1.090088e-01
15469,1.043701e-01
15470,-1.322021e-01
15471,1.279297e-01
15472,-1.488037e-01
15473,1.423340e-01
15474,-1.601562e-01
15475,1.474609e-01
15476,-1.594238e-01
15477,1.425781e-01
15478,-1.514893e-01
15479,1.282959e-01
15480,-1.336670e-01
15481,1.033936e-01
15482,-1.046143e-01
15483,7.482910e-02
15484,-7.238770e-02
15485,4.016113e-02
15486,-3.759766e-02
15487,1.464844e-03
15488,4.760742e-03
15489,-3.759766e-02
15490,3.881836e-02
15491,-7.214355e-02
15492,7.617188e-02
15493,-1.074219e-01
15494,1.062012e-01
15495,-1.333008e-01
15496,1.262207e-01
15497,-1.502686e-01
15498,1.428223e-01
15499,-1.597900e-01
15500,1.470947e-01
15501,-1.594238e-01
15502,1.427002e-01
15503,-1.520996e-01
15504,1.280518e-01
15505,-1.324463e-01
15506,1.051025e-01
15507,-1.030273e-01
15508,7.507324e-02
15509,-7.434082e-02
15510,3.967285e-02
15511,-3.503418e-02
15512,3.417969e-03
15513,4.516602e-03
15514,-3.674316e-02
15515,4.162598e-02
15516,-7.287598e-02
15517,7.653809e-02
15518,-1.051025e-01
15519,1.049805e-01
15520,-1.317139e-01
15521,1.270752e-01
15522,-1.512451e-01
15523,1.434326e-01
15524,-1.585693e-01
15525,1.453857e-01
15526,-1.597900e-01
15527,1.435547e-01
15528,-1.511230e-01
15529,1.279297e-01
15530,-1.320801e-01
15531,1.037598e-01
15532,-1.057129e-01
15533,7.507324e-02
15534,-7.434082e-02
15535,3.906250e-02
15536,-3.503418e-02
15537,1.220703e-03
15538,2.441406e-03
15539,-3.601074e-02
15540,4.077148e-02
15541,-7.519531e-02
15542,7.470703e-02
15543,-1.043701e-01
15544,1.049805e-01
15545,-1.324463e-01
15546,1.292725e-01
15547,-1.492920e-01
15548,1.425781e-01
15549,-1.589355e-01
15550,1.488037e-01
15551,-1.623535e-01
15552,1.418457e-01
15553,-1.495361e-01
15554,1.262207e-01
15555,-1.309814e-01
15556,1.049805e-01
15557,-1.075439e-01
15558,7.641602e-02
15559,-7.104492e-02
15560,3.967285e-02
15561,-3.588867e-02
15562,2.441406e-03
15563,3.662109e-03
15564,-3.759766e-02
15565,4.101562e-02
15566,-7.165527e-02
15567,7.592773e-02
15568,-1.038818e-01
15569,1.048584e-01
15570,-1.329346e-01
15571,1.286621e-01
15572,-1.495361e-01
15573,1.408691e-01
15574,-1.606445e-01
15575,1.468506e-01
15576,-1.595459e-01
15577,1.442871e-01
15578,-1.503906e-01
15579,1.281738e-01
15580,-1.329346e-01
15581,1.062012e-01
15582,-1.049805e-01
15583,7.556152e-02
15584,-7.373047e-02
15585,3.857422e-02
15586,-3.454590e-02
15587,1.342773e-03
15588,2.563477e-03
15589,-3.552246e-02
15590,4.003906e-02
15591,-7.324219e-02
15592,7.519531e-02
15593,-1.055908e-01
15594,1.047363e-01
15595,-1.308594e-01
15596,1.289062e-01
15597,-1.503906e-01
15598,1.412354e-01
15599,-1.597900e-01
15600,1.489258e-01
15601,-1.595459e-01
15602,1.428223e-01
15603,-1.538086e-01
15604,1.275635e-01
15605,-1.324463e-01
15606,1.060791e-01
15607,-1.059570e-01
15608,7.507324e-02
15609,-7.202148e-02
15610,4.064941e-02
15611,-3.759766e-02
15612,1.831055e-03
15613,5.126953e-03
15614,-3.625488e-02
15615,4.016113e-02
15616,-7.128906e-02
15617,7.678223e-02
15618,-1.060791e-01
15619,1.060791e-01
15620,-1.304932e-01
15621,1.254883e-01
15622,-1.517334e-01
15623,1.427002e-01
15624,-1.622314e-01
15625,1.474609e-01
15626,-1.588135e-01
15627,1.427002e-01
15628,-1.495361e-01
15629,1.281738e-01
15630,-1.333008e-01
15631,1.043701e-01
15632,-1.076660e-01
15633,7.336426e-02
15634,-7.275391e-02
15635,3.747559e-02
15636,-3.576660e-02
15637,3.051758e-03
15638,7.324219e-04
15639,-3.759766e-02
15640,4.064941e-02
15641,-7.336426e-02
15642,7.360840e-02
15643,-1.041260e-01
15644,1.058350e-01
15645,-1.335449e-01
15646,1.293945e-01
15647,-1.502686e-01
15648,1.424561e-01
15649,-1.623535e-01
15650,1.483154e-01
15651,-1.572266e-01
15652,1.420898e-01
15653,-1.514893e-01
15654,1.297607e-01
15655,-1.306152e-01
15656,1.055908e-01
15657,-1.041260e-01
15658,7.592773e-02
15659,-7.275391e-02
15660,4.187012e-02
15661,-3.430176e-02
15662,1.708984e-03
15663,8.544922e-04
15664,-3.527832e-02
15665,4.077148e-02
15666,-7.324219e-02
15667,7.543945e-02
15668,-1.052246e-01
15669,1.055908e-01
15670,-1.317139e-01
15671,1.271973e-01
15672,-1.503906e-01
15673,1.420898e-01
15674,-1.607666e-01
15675,1.477051e-01
15676,-1.595459e-01
15677,1.419678e-01
15678,-1.503906e-01
15679,1.290283e-01
15680,-1.314697e-01
15681,1.058350e-01
15682,-1.059570e-01
15683,7.543945e-02
15684,-7.373047e-02
15685,4.089355e-02
15686,-3.674316e-02
15687,1.586914e-03
15688,3.173828e-03
15689,-3.491211e-02
15690,4.174805e-02
15691,-7.434082e-02
15692,7.446289e-02
15693,-1.049805e-01
15694,1.037598e-01
15695,-1.317139e-01
15696,1.289062e-01
15697,-1.512451e-01
15698,1.428223e-01
15699,-1.591797e-01
15700,1.461182e-01
15701,-1.608887e-01
15702,1.418457e-01
15703,-1.502686e-01
15704,1.279297e-01
15705,-1.315918e-01
15706,1.077881e-01
15707,-1.058350e-01
15708,7.641602e-02
15709,-7.287598e-02
15710,4.089355e-02
15711,-3.405762e-02
15712,3.540039e-03
15713,1.831055e-03
15714,-3.491211e-02
15715,3.955078e-02
15716,-7.226562e-02
15717,7.507324e-02
15718,-1.062012e-01
15719,1.048584e-01
15720,-1.320801e-01
15721,1.275635e-01
15722,-1.502686e-01
15723,1.417236e-01
15724,-1.605225e-01
15725,1.466064e-01
15726,-1.604004e-01
15727,1.427002e-01
15728,-1.519775e-01
15729,1.291504e-01
15730,-1.329346e-01
15731,1.058350e-01
15732,-1.055908e-01
15733,7.666016e-02
15734,-7.263184e-02
15735,3.869629e-02
15736,-3.759766e-02
15737,1.831055e-03
15738,2.563477e-03
15739,-3.588867e-02
15740,3.674316e-02
15741,-7.324219e-02
15742,7.653809e-02
15743,-1.051025e-01
15744,1.052246e-01
15745,-1.306152e-01
15746,1.263428e-01
15747,-1.524658e-01
15748,1.427002e-01
15749,-1.599121e-01
15750,1.478271e-01
15751,-1.613770e-01
15752,1.428223e-01
15753,-1.512451e-01
15754,1.286621e-01
15755,-1.320801e-01
15756,1.064453e-01
15757,-1.055908e-01
15758,7.714844e-02
15759,-7.397461e-02
15760,3.967285e-02
15761,-3.576660e-02
15762,2.685547e-03
15763,2.197266e-03
15764,-3.552246e-02
15765,4.003906e-02
15766,-7.421875e-02
15767,7.592773e-02
15768,-1.031494e-01
15769,1.033936e-01
15770,-1.317139e-01
15771,1.264648e-01
15772,-1.502686e-01
15773,1.437988e-01
15774,-1.597900e-01
15775,1.459961e-01
15776,-1.613770e-01
15777,1.435547e-01
15778,-1.525879e-01
15779,1.282959e-01
15780,-1.313477e-01
15781,1.069336e-01
15782,-1.066895e-01
15783,7.556152e-02
15784,-7.287598e-02
15785,4.052734e-02
15786,-3.588867e-02
15787,3.295898e-03
15788,3.173828e-03
15789,-3.796387e-02
15790,3.967285e-02
15791,-7.189941e-02
15792,7.421875e-02
15793,-1.058350e-01
15794,1.047363e-01
15795,-1.319580e-01
15796,1.271973e-01
15797,-1.511230e-01
15798,1.428223e-01
15799,-1.599121e-01
15800,1.477051e-01
15801,-1.589355e-01
15802,1.412354e-01
15803,-1.522217e-01
15804,1.300049e-01
15805,-1.323242e-01
15806,1.066895e-01
15807,-1.040039e-01
15808,7.543945e-02
15809,-7.348633e-02
15810,4.211426e-02
15811,-3.649902e-02
15812,3.662109e-03
15813,1.953125e-03
15814,-3.588867e-02
15815,3.991699e-02
15816,-7.324219e-02
15817,7.446289e-02
15818,-1.038818e-01
15819,1.043701e-01
15820,-1.315918e-01
15821,1.264648e-01
15822,-1.516113e-01
15823,1.428223e-01
15824,-1.597900e-01
15825,1.469727e-01
15826,-1.614990e-01
15827,1.427002e-01
15828,-1.506348e-01
15829,1.271973e-01
15830,-1.341553e-01
15831,1.074219e-01
15832,-1.051025e-01
15833,7.556152e-02
15834,-7.299805e-02
15835,4.028320e-02
15836,-3.784180e-02
15837,2.685547e-03
15838,1.831055e-03
15839,-3.540039e-02
15840,4.028320e-02
15841,-7.336426e-02
15842,7.421875e-02
15843,-1.060791e-01
15844,1.027832e-01
15845,-1.301270e-01
15846,1.286621e-01
15847,-1.506348e-01
15848,1.425781e-01
15849,-1.597900e-01
15850,1.491699e-01
15851,-1.597900e-01
15852,1.427002e-01
15853,-1.501465e-01
15854,1.287842e-01
15855,-1.324463e-01
15856,1.066895e-01
15857,-1.052246e-01
15858,7.629395e-02
15859,-7.226562e-02
15860,4.040527e-02
15861,-3.686523e-02
15862,3.662109e-03
15863,8.544922e-04
15864,-3.491211e-02
15865,3.942871e-02
15866,-7.177734e-02
15867,7.507324e-02
15868,-1.036377e-01
15869,1.036377e-01
15870,-1.312256e-01
15871,1.271973e-01
15872,-1.512451e-01
15873,1.417236e-01
15874,-1.627197e-01
15875,1.473389e-01
15876,-1.612549e-01
15877,1.422119e-01
15878,-1.513672e-01
15879,1.292725e-01
15880,-1.325684e-01
15881,1.059570e-01
15882,-1.054688e-01
15883,7.482910e-02
15884,-7.409668e-02
15885,3.955078e-02
15886,-3.723145e-02
15887,1.953125e-03
15888,3.417969e-03
15889,-3.625488e-02
15890,3.930664e-02
15891,-7.177734e-02
15892,7.470703e-02
15893,-1.042480e-01
15894,1.037598e-01
15895,-1.317139e-01
15896,1.279297e-01
15897,-1.495361e-01
15898,1.417236e-01
15899,-1.608887e-01
15900,1.463623e-01
15901,-1.589355e-01
15902,1.409912e-01
15903,-1.520996e-01
15904,1.289062e-01
15905,-1.322021e-01
15906,1.072998e-01
15907,-1.051025e-01
15908,7.556152e-02
15909,-7.275391e-02
15910,4.138184e-02
15911,-3.759766e-02
15912,2.441406e-03
15913,4.150391e-03
15914,-3.784180e-02
15915,4.003906e-02
15916,-6.982422e-02
15917,7.385254e-02
15918,-1.042480e-01
15919,1.044922e-01
15920,-1.311035e-01
15921,1.280518e-01
15922,-1.501465e-01
15923,1.424561e-01
15924,-1.602783e-01
15925,1.474609e-01
15926,-1.589355e-01
15927,1.430664e-01
15928,-1.516113e-01
15929,1.289062e-01
15930,-1.333008e-01
15931,1.079102e-01
15932,-1.063232e-01
15933,7.519531e-02
15934,-7.177734e-02
15935,4.309082e-02
15936,-3.833008e-02
15937,1.831055e-03
15938,4.028320e-03
15939,-3.747559e-02
15940,4.028320e-02
15941,-7.177734e-02
15942,7.531738e-02
15943,-1.036377e-01
15944,1.044922e-01
15945,-1.318359e-01
15946,1.278076e-01
15947,-1.495361e-01
15948,1.431885e-01
15949,-1.608887e-01
15950,1.459961e-01
15951,-1.597900e-01
15952,1.429443e-01
15953,-1.491699e-01
15954,1.295166e-01
15955,-1.323242e-01
15956,1.066895e-01
15957,-1.068115e-01
15958,7.800293e-02
15959,-7.214355e-02
15960,4.174805e-02
15961,-3.686523e-02
15962,3.295898e-03
15963,1.831055e-03
15964,-3.588867e-02
15965,3.906250e-02
15966,-7.092285e-02
15967,7.409668e-02
15968,-1.057129e-01
15969,1.049805e-01
15970,-1.302490e-01
15971,1.270752e-01
15972,-1.486816e-01
15973,1.435547e-01
15974,-1.604004e-01
15975,1.451416e-01
15976,-1.614990e-01
15977,1.417236e-01
15978,-1.505127e-01
15979,1.302490e-01
15980,-1.346436e-01
15981,1.060791e-01
15982,-1.065674e-01
15983,7.629395e-02
15984,-7.263184e-02
15985,3.979492e-02
15986,-3.759766e-02
15987,3.662109e-03
15988,3.295898e-03
15989,-3.552246e-02
15990,3.747559e-02
15991,-7.373047e-02
15992,7.592773e-02
15993,-1.033936e-01
15994,1.047363e-01
15995,-1.318359e-01
15996,1.269531e-01
15997,-1.501465e-01
15998,1.400146e-01
15999,-1.591797e-01
16000,1.489258e-01
16001,-1.605225e-01
16002,1.427002e-01
16003,-1.503906e-01
16004,1.280518e-01
16005,-1.333008e-01
16006,1.068115e-01
16007,-1.057129e-01
16008,7.629395e-02
16009,-7.373047e-02
16010,4.223633e-02
16011,-3.588867e-02
16012,4.150391e-03
16013,6.103516e-04
16014,-3.588867e-02
16015,3.845215e-02
16016,-7.189941e-02
16017,7.519531e-02
16018,-1.041260e-01
16019,1.035156e-01
16020,-1.309814e-01
16021,1.264648e-01
16022,-1.490479e-01
16023,1.436768e-01
16024,-1.597900e-01
16025,1.462402e-01
16026,-1.614990e-01
16027,1.417236e-01
16028,-1.505127e-01
16029,1.296387e-01
16030,-1.325684e-01
16031,1.066895e-01
16032,-1.068115e-01
16033,7.653809e-02
16034,-7.470703e-02
16035,4.003906e-02
16036,-3.613281e-02
16037,2.929688e-03
16038,6.103516e-04
16039,-3.662109e-02
16040,4.028320e-02
16041,-7.177734e-02
16042,7.238770e-02
16043,-1.037598e-01
16044,1.051025e-01
16045,-1.319580e-01
16046,1.260986e-01
16047,-1.488037e-01
16048,1.417236e-01
16049,-1.584473e-01
16050,1.475830e-01
16051,-1.606445e-01
16052,1.442871e-01
16053,-1.525879e-01
16054,1.276855e-01
16055,-1.307373e-01
16056,1.069336e-01
16057,-1.083984e-01
16058,7.580566e-02
16059,-7.312012e-02
16060,4.113770e-02
16061,-3.771973e-02
16062,5.004883e-03
16063,3.662109e-04
16064,-3.601074e-02
16065,3.942871e-02
16066,-6.970215e-02
16067,7.421875e-02
16068,-1.064453e-01
16069,1.032715e-01
16070,-1.303711e-01
16071,1.270752e-01
16072,-1.512451e-01
16073,1.425781e-01
16074,-1.597900e-01
16075,1.472168e-01
16076,-1.604004e-01
16077,1.427002e-01
16078,-1.513672e-01
16079,1.279297e-01
16080,-1.329346e-01
16081,1.085205e-01
16082,-1.043701e-01
16083,7.727051e-02
16084,-7.507324e-02
16085,4.162598e-02
16086,-3.784180e-02
16087,2.441406e-03
16088,3.662109e-03
16089,-3.381348e-02
16090,3.820801e-02
16091,-7.336426e-02
16092,7.324219e-02
16093,-1.059570e-01
16094,1.042480e-01
16095,-1.286621e-01
16096,1.271973e-01
16097,-1.510010e-01
16098,1.429443e-01
16099,-1.589355e-01
16100,1.477051e-01
16101,-1.604004e-01
16102,1.424561e-01
16103,-1.501465e-01
16104,1.293945e-01
16105,-1.330566e-01
16106,1.070557e-01
16107,-1.072998e-01
16108,7.678223e-02
16109,-7.519531e-02
16110,4.162598e-02
16111,-3.710938e-02
16112,3.784180e-03
16113,8.544922e-04
16114,-3.576660e-02
16115,4.040527e-02
16116,-7.177734e-02
16117,7.409668e-02
16118,-1.038818e-01
16119,1.019287e-01
16120,-1.315918e-01
16121,1.290283e-01
16122,-1.491699e-01
16123,1.417236e-01
16124,-1.586914e-01
16125,1.477051e-01
16126,-1.619873e-01
16127,1.417236e-01
16128,-1.500244e-01
16129,1.303711e-01
16130,-1.326904e-01
16131,1.066895e-01
16132,-1.052246e-01
16133,7.800293e-02
16134,-7.507324e-02
16135,4.260254e-02
16136,-3.723145e-02
16137,4.028320e-03
16138,1.220703e-04
16139,-3.442383e-02
16140,3.869629e-02
16141,-7.336426e-02
16142,7.336426e-02
16143,-1.043701e-01
16144,1.036377e-01
16145,-1.307373e-01
16146,1.273193e-01
16147,-1.494141e-01
16148,1.429443e-01
16149,-1.600342e-01
16150,1.467285e-01
16151,-1.613770e-01
16152,1.448975e-01
16153,-1.503906e-01
16154,1.265869e-01
16155,-1.333008e-01
16156,1.074219e-01
16157,-1.047363e-01
16158,7.788086e-02
16159,-7.604980e-02
16160,4.028320e-02
16161,-3.857422e-02
16162,4.028320e-03
16163,1.708984e-03
16164,-3.381348e-02
16165,4.003906e-02
16166,-7.263184e-02
16167,7.360840e-02
16168,-1.049805e-01
16169,1.033936e-01
16170,-1.301270e-01
16171,1.280518e-01
16172,-1.518555e-01
16173,1.418457e-01
16174,-1.597900e-01
16175,1.467285e-01
16176,-1.610107e-01
16177,1.418457e-01
16178,-1.506348e-01
16179,1.309814e-01
16180,-1.342773e-01
16181,1.065674e-01
16182,-1.047363e-01
16183,7.751465e-02
16184,-7.373047e-02
16185,4.040527e-02
16186,-3.759766e-02
16187,4.028320e-03
16188,1.831055e-03
16189,-3.588867e-02
16190,3.771973e-02
16191,-7.104492e-02
16192,7.250977e-02
16193,-1.041260e-01
16194,1.029053e-01
16195,-1.303711e-01
16196,1.276855e-01
16197,-1.495361e-01
16198,1.413574e-01
16199,-1.584473e-01
16200,1.468506e-01
16201,-1.611328e-01
16202,1.434326e-01
16203,-1.507568e-01
16204,1.291504e-01
16205,-1.328125e-01
16206,1.064453e-01
16207,-1.101074e-01
16208,7.812500e-02
16209,-7.409668e-02
16210,4.260254e-02
16211,-3.759766e-02
16212,5.004883e-03
16213,8.544922e-04
16214,-3.503418e-02
16215,3.930664e-02
16216,-7.006836e-02
16217,7.507324e-02
16218,-1.042480e-01
16219,1.038818e-01
16220,-1.303711e-01
16221,1.281738e-01
16222,-1.495361e-01
16223,1.424561e-01
16224,-1.597900e-01
16225,1.469727e-01
16226,-1.588135e-01
16227,1.429443e-01
16228,-1.505127e-01
16229,1.302490e-01
16230,-1.343994e-01
16231,1.058350e-01
16232,-1.071777e-01
16233,7.800293e-02
16234,-7.470703e-02
16235,4.260254e-02
16236,-3.808594e-02
16237,3.784180e-03
16238,1.220703e-04
16239,-3.637695e-02
16240,3.808594e-02
16241,-7.238770e-02
16242,7.336426e-02
16243,-1.042480e-01
16244,1.038818e-01
16245,-1.300049e-01
16246,1.264648e-01
16247,-1.489258e-01
16248,1.413574e-01
16249,-1.610107e-01
16250,1.480713e-01
16251,-1.597900e-01
16252,1.408691e-01
16253,-1.510010e-01
16254,1.301270e-01
16255,-1.339111e-01
16256,1.068115e-01
16257,-1.066895e-01
16258,7.763672e-02
16259,-7.446289e-02
16260,4.174805e-02
16261,-3.796387e-02
16262,4.638672e-03
16263,2.441406e-04
16264,-3.491211e-02
16265,3.869629e-02
16266,-7.128906e-02
16267,7.495117e-02
16268,-1.032715e-01
16269,1.042480e-01
16270,-1.301270e-01
16271,1.254883e-01
16272,-1.500244e-01
16273,1.425781e-01
16274,-1.607666e-01
16275,1.477051e-01
16276,-1.593018e-01
16277,1.429443e-01
16278,-1.510010e-01
16279,1.293945e-01
16280,-1.317139e-01
16281,1.072998e-01
16282,-1.080322e-01
16283,7.861328e-02
16284,-7.519531e-02
16285,4.248047e-02
16286,-3.747559e-02
16287,5.249023e-03
16288,-6.103516e-04
16289,-3.588867e-02
16290,3.881836e-02
16291,-7.043457e-02
16292,7.360840e-02
16293,-1.057129e-01
16294,1.049805e-01
16295,-1.295166e-01
16296,1.265869e-01
16297,-1.485596e-01
16298,1.436768e-01
16299,-1.583252e-01
16300,1.462402e-01
16301,-1.613770e-01
16302,1.448975e-01
16303,-1.525879e-01
16304,1.290283e-01
16305,-1.322021e-01
16306,1.052246e-01
16307,-1.075439e-01
16308,7.751465e-02
16309,-7.507324e-02
16310,4.248047e-02
16311,-3.845215e-02
16312,6.713867e-03
16313,1.953125e-03
16314,-3.283691e-02
16315,3.918457e-02
16316,-7.006836e-02
16317,7.446289e-02
16318,-1.040039e-01
16319,1.042480e-01
16320,-1.306152e-01
16321,1.285400e-01
16322,-1.496582e-01
16323,1.395264e-01
16324,-1.601562e-01
16325,1.474609e-01
16326,-1.616211e-01
16327,1.417236e-01
16328,-1.510010e-01
16329,1.291504e-01
16330,-1.358643e-01
16331,1.066895e-01
16332,-1.064453e-01
16333,7.751465e-02
16334,-7.434082e-02
16335,4.199219e-02
16336,-3.759766e-02
16337,3.784180e-03
16338,-1.708984e-03
16339,-3.344727e-02
16340,3.906250e-02
16341,-7.397461e-02
16342,7.434082e-02
16343,-1.015625e-01
16344,1.031494e-01
16345,-1.307373e-01
16346,1.271973e-01
16347,-1.520996e-01
16348,1.425781e-01
16349,-1.580811e-01
16350,1.455078e-01
16351,-1.597900e-01
16352,1.451416e-01
16353,-1.536865e-01
16354,1.309814e-01
16355,-1.320801e-01
16356,1.055908e-01
16357,-1.066895e-01
16358,7.763672e-02
16359,-7.373047e-02
16360,4.199219e-02
16361,-3.991699e-02
16362,3.906250e-03
16363,8.544922e-04
16364,-3.381348e-02
16365,3.784180e-02
16366,-7.092285e-02
16367,7.421875e-02
16368,-1.033936e-01
16369,1.051025e-01
16370,-1.312256e-01
16371,1.252441e-01
16372,-1.505127e-01
16373,1.420898e-01
16374,-1.606445e-01
16375,1.461182e-01
16376,-1.588135e-01
16377,1.442871e-01
16378,-1.520996e-01
16379,1.311035e-01
16380,-1.322021e-01
16381,1.076660e-01
16382,-1.071777e-01
16383,7.727051e-02
Captured 16384 samples
