0,0.000000e+00
1,0.000000e+00
2,0.000000e+00
3,0.000000e+00
4,0.000000e+00
5,0.000000e+00
6,0.000000e+00
7,0.000000e+00
8,0.000000e+00
9,0.000000e+00
10,0.000000e+00
11,0.000000e+00
12,0.000000e+00
13,0.000000e+00
14,0.000000e+00
15,0.000000e+00
16,0.000000e+00
17,0.000000e+00
18,0.000000e+00
19,0.000000e+00
20,0.000000e+00
21,0.000000e+00
22,0.000000e+00
23,0.000000e+00
24,0.000000e+00
25,0.000000e+00
26,0.000000e+00
27,0.000000e+00
28,0.000000e+00
29,0.000000e+00
30,0.000000e+00
31,0.000000e+00
32,0.000000e+00
33,0.000000e+00
34,0.000000e+00
35,0.000000e+00
36,0.000000e+00
37,0.000000e+00
38,0.000000e+00
39,0.000000e+00
40,0.000000e+00
41,0.000000e+00
42,0.000000e+00
43,0.000000e+00
44,0.000000e+00
45,0.000000e+00
46,0.000000e+00
47,0.000000e+00
48,0.000000e+00
49,0.000000e+00
50,0.000000e+00
51,0.000000e+00
52,0.000000e+00
53,0.000000e+00
54,0.000000e+00
55,0.000000e+00
56,0.000000e+00
57,0.000000e+00
58,0.000000e+00
59,0.000000e+00
60,0.000000e+00
61,0.000000e+00
62,0.000000e+00
63,0.000000e+00
64,0.000000e+00
65,0.000000e+00
66,0.000000e+00
67,0.000000e+00
68,0.000000e+00
69,0.000000e+00
70,0.000000e+00
71,0.000000e+00
72,0.000000e+00
73,0.000000e+00
74,0.000000e+00
75,0.000000e+00
76,0.000000e+00
77,0.000000e+00
78,0.000000e+00
79,0.000000e+00
80,0.000000e+00
81,0.000000e+00
82,0.000000e+00
83,0.000000e+00
84,0.000000e+00
85,0.000000e+00
86,0.000000e+00
87,0.000000e+00
88,0.000000e+00
89,0.000000e+00
90,0.000000e+00
91,0.000000e+00
92,0.000000e+00
93,0.000000e+00
94,0.000000e+00
95,0.000000e+00
96,0.000000e+00
97,0.000000e+00
98,0.000000e+00
99,0.000000e+00
100,0.000000e+00
101,0.000000e+00
102,0.000000e+00
103,0.000000e+00
104,0.000000e+00
105,0.000000e+00
106,0.000000e+00
107,0.000000e+00
108,0.000000e+00
109,0.000000e+00
110,0.000000e+00
111,0.000000e+00
112,0.000000e+00
113,0.000000e+00
114,0.000000e+00
115,0.000000e+00
116,0.000000e+00
117,0.000000e+00
118,0.000000e+00
119,0.000000e+00
120,0.000000e+00
121,0.000000e+00
122,0.000000e+00
123,0.000000e+00
124,0.000000e+00
125,0.000000e+00
126,0.000000e+00
127,0.000000e+00
128,0.000000e+00
129,0.000000e+00
130,0.000000e+00
131,0.000000e+00
132,0.000000e+00
133,0.000000e+00
134,0.000000e+00
135,0.000000e+00
136,0.000000e+00
137,0.000000e+00
138,0.000000e+00
139,0.000000e+00
140,0.000000e+00
141,0.000000e+00
142,0.000000e+00
143,0.000000e+00
144,0.000000e+00
145,0.000000e+00
146,0.000000e+00
147,0.000000e+00
148,0.000000e+00
149,0.000000e+00
150,0.000000e+00
151,0.000000e+00
152,0.000000e+00
153,0.000000e+00
154,0.000000e+00
155,0.000000e+00
156,0.000000e+00
157,0.000000e+00
158,0.000000e+00
159,0.000000e+00
160,0.000000e+00
161,0.000000e+00
162,0.000000e+00
163,0.000000e+00
164,0.000000e+00
165,0.000000e+00
166,0.000000e+00
167,0.000000e+00
168,0.000000e+00
169,0.000000e+00
170,0.000000e+00
171,0.000000e+00
172,0.000000e+00
173,0.000000e+00
174,0.000000e+00
175,0.000000e+00
176,0.000000e+00
177,0.000000e+00
178,0.000000e+00
179,0.000000e+00
180,0.000000e+00
181,0.000000e+00
182,0.000000e+00
183,0.000000e+00
184,0.000000e+00
185,0.000000e+00
186,0.000000e+00
187,0.000000e+00
188,0.000000e+00
189,0.000000e+00
190,0.000000e+00
191,0.000000e+00
192,0.000000e+00
193,0.000000e+00
194,0.000000e+00
195,0.000000e+00
196,0.000000e+00
197,0.000000e+00
198,0.000000e+00
199,0.000000e+00
200,0.000000e+00
201,0.000000e+00
202,0.000000e+00
203,0.000000e+00
204,0.000000e+00
205,0.000000e+00
206,0.000000e+00
207,0.000000e+00
208,0.000000e+00
209,0.000000e+00
210,0.000000e+00
211,0.000000e+00
212,0.000000e+00
213,0.000000e+00
214,0.000000e+00
215,0.000000e+00
216,0.000000e+00
217,0.000000e+00
218,0.000000e+00
219,0.000000e+00
220,0.000000e+00
221,0.000000e+00
222,0.000000e+00
223,0.000000e+00
224,0.000000e+00
225,0.000000e+00
226,0.000000e+00
227,0.000000e+00
228,0.000000e+00
229,0.000000e+00
230,0.000000e+00
231,0.000000e+00
232,0.000000e+00
233,0.000000e+00
234,0.000000e+00
235,0.000000e+00
236,0.000000e+00
237,0.000000e+00
238,0.000000e+00
239,0.000000e+00
240,0.000000e+00
241,0.000000e+00
242,0.000000e+00
243,0.000000e+00
244,0.000000e+00
245,0.000000e+00
246,0.000000e+00
247,0.000000e+00
248,0.000000e+00
249,0.000000e+00
250,0.000000e+00
251,0.000000e+00
252,0.000000e+00
253,0.000000e+00
254,0.000000e+00
255,0.000000e+00
256,0.000000e+00
257,0.000000e+00
258,0.000000e+00
259,0.000000e+00
260,0.000000e+00
261,0.000000e+00
262,0.000000e+00
263,0.000000e+00
264,0.000000e+00
265,0.000000e+00
266,0.000000e+00
267,0.000000e+00
268,0.000000e+00
269,0.000000e+00
270,0.000000e+00
271,0.000000e+00
272,0.000000e+00
273,0.000000e+00
274,0.000000e+00
275,0.000000e+00
276,0.000000e+00
277,0.000000e+00
278,0.000000e+00
279,0.000000e+00
280,0.000000e+00
281,0.000000e+00
282,0.000000e+00
283,0.000000e+00
284,0.000000e+00
285,0.000000e+00
286,0.000000e+00
287,0.000000e+00
288,0.000000e+00
289,0.000000e+00
290,0.000000e+00
291,0.000000e+00
292,0.000000e+00
293,0.000000e+00
294,0.000000e+00
295,0.000000e+00
296,0.000000e+00
297,0.000000e+00
298,0.000000e+00
299,0.000000e+00
300,0.000000e+00
301,0.000000e+00
302,0.000000e+00
303,0.000000e+00
304,0.000000e+00
305,0.000000e+00
306,0.000000e+00
307,0.000000e+00
308,0.000000e+00
309,0.000000e+00
310,0.000000e+00
311,0.000000e+00
312,0.000000e+00
313,0.000000e+00
314,0.000000e+00
315,0.000000e+00
316,0.000000e+00
317,0.000000e+00
318,0.000000e+00
319,0.000000e+00
320,0.000000e+00
321,0.000000e+00
322,0.000000e+00
323,0.000000e+00
324,0.000000e+00
325,0.000000e+00
326,0.000000e+00
327,0.000000e+00
328,0.000000e+00
329,0.000000e+00
330,0.000000e+00
331,0.000000e+00
332,0.000000e+00
333,0.000000e+00
334,0.000000e+00
335,0.000000e+00
336,0.000000e+00
337,0.000000e+00
338,0.000000e+00
339,0.000000e+00
340,0.000000e+00
341,0.000000e+00
342,0.000000e+00
343,0.000000e+00
344,0.000000e+00
345,0.000000e+00
346,0.000000e+00
347,0.000000e+00
348,0.000000e+00
349,0.000000e+00
350,0.000000e+00
351,0.000000e+00
352,0.000000e+00
353,0.000000e+00
354,0.000000e+00
355,0.000000e+00
356,0.000000e+00
357,0.000000e+00
358,0.000000e+00
359,0.000000e+00
360,0.000000e+00
361,0.000000e+00
362,0.000000e+00
363,0.000000e+00
364,0.000000e+00
365,0.000000e+00
366,0.000000e+00
367,0.000000e+00
368,0.000000e+00
369,0.000000e+00
370,0.000000e+00
371,0.000000e+00
372,0.000000e+00
373,0.000000e+00
374,0.000000e+00
375,0.000000e+00
376,0.000000e+00
377,0.000000e+00
378,0.000000e+00
379,0.000000e+00
380,0.000000e+00
381,0.000000e+00
382,0.000000e+00
383,0.000000e+00
384,0.000000e+00
385,0.000000e+00
386,0.000000e+00
387,0.000000e+00
388,0.000000e+00
389,0.000000e+00
390,0.000000e+00
391,0.000000e+00
392,0.000000e+00
393,0.000000e+00
394,0.000000e+00
395,0.000000e+00
396,0.000000e+00
397,0.000000e+00
398,0.000000e+00
399,0.000000e+00
400,0.000000e+00
401,0.000000e+00
402,0.000000e+00
403,0.000000e+00
404,0.000000e+00
405,0.000000e+00
406,0.000000e+00
407,0.000000e+00
408,0.000000e+00
409,0.000000e+00
410,0.000000e+00
411,0.000000e+00
412,0.000000e+00
413,0.000000e+00
414,0.000000e+00
415,0.000000e+00
416,0.000000e+00
417,0.000000e+00
418,0.000000e+00
419,0.000000e+00
420,0.000000e+00
421,0.000000e+00
422,0.000000e+00
423,0.000000e+00
424,0.000000e+00
425,0.000000e+00
426,0.000000e+00
427,0.000000e+00
428,0.000000e+00
429,0.000000e+00
430,0.000000e+00
431,0.000000e+00
432,0.000000e+00
433,0.000000e+00
434,0.000000e+00
435,0.000000e+00
436,0.000000e+00
437,0.000000e+00
438,0.000000e+00
439,0.000000e+00
440,0.000000e+00
441,0.000000e+00
442,0.000000e+00
443,0.000000e+00
444,0.000000e+00
445,0.000000e+00
446,0.000000e+00
447,0.000000e+00
448,0.000000e+00
449,0.000000e+00
450,0.000000e+00
451,0.000000e+00
452,0.000000e+00
453,0.000000e+00
454,0.000000e+00
455,0.000000e+00
456,0.000000e+00
457,0.000000e+00
458,0.000000e+00
459,0.000000e+00
460,0.000000e+00
461,0.000000e+00
462,0.000000e+00
463,0.000000e+00
464,0.000000e+00
465,0.000000e+00
466,0.000000e+00
467,0.000000e+00
468,0.000000e+00
469,0.000000e+00
470,0.000000e+00
471,0.000000e+00
472,0.000000e+00
473,0.000000e+00
474,0.000000e+00
475,0.000000e+00
476,0.000000e+00
477,0.000000e+00
478,0.000000e+00
479,0.000000e+00
480,0.000000e+00
481,0.000000e+00
482,0.000000e+00
483,0.000000e+00
484,0.000000e+00
485,0.000000e+00
486,0.000000e+00
487,0.000000e+00
488,0.000000e+00
489,0.000000e+00
490,0.000000e+00
491,0.000000e+00
492,0.000000e+00
493,0.000000e+00
494,0.000000e+00
495,0.000000e+00
496,0.000000e+00
497,0.000000e+00
498,0.000000e+00
499,0.000000e+00
500,0.000000e+00
501,0.000000e+00
502,0.000000e+00
503,0.000000e+00
504,0.000000e+00
505,0.000000e+00
506,0.000000e+00
507,0.000000e+00
508,0.000000e+00
509,0.000000e+00
510,0.000000e+00
511,0.000000e+00
512,0.000000e+00
513,0.000000e+00
514,0.000000e+00
515,0.000000e+00
516,0.000000e+00
517,0.000000e+00
518,0.000000e+00
519,0.000000e+00
520,0.000000e+00
521,0.000000e+00
522,0.000000e+00
523,0.000000e+00
524,0.000000e+00
525,0.000000e+00
526,0.000000e+00
527,0.000000e+00
528,0.000000e+00
529,0.000000e+00
530,0.000000e+00
531,0.000000e+00
532,0.000000e+00
533,0.000000e+00
534,0.000000e+00
535,0.000000e+00
536,0.000000e+00
537,0.000000e+00
538,0.000000e+00
539,0.000000e+00
540,0.000000e+00
541,0.000000e+00
542,0.000000e+00
543,0.000000e+00
544,0.000000e+00
545,0.000000e+00
546,0.000000e+00
547,0.000000e+00
548,0.000000e+00
549,0.000000e+00
550,0.000000e+00
551,0.000000e+00
552,0.000000e+00
553,0.000000e+00
554,0.000000e+00
555,0.000000e+00
556,0.000000e+00
557,0.000000e+00
558,0.000000e+00
559,0.000000e+00
560,0.000000e+00
561,0.000000e+00
562,0.000000e+00
563,0.000000e+00
564,0.000000e+00
565,0.000000e+00
566,0.000000e+00
567,0.000000e+00
568,0.000000e+00
569,0.000000e+00
570,0.000000e+00
571,0.000000e+00
572,0.000000e+00
573,0.000000e+00
574,0.000000e+00
575,0.000000e+00
576,0.000000e+00
577,0.000000e+00
578,0.000000e+00
579,0.000000e+00
580,0.000000e+00
581,0.000000e+00
582,0.000000e+00
583,0.000000e+00
584,0.000000e+00
585,0.000000e+00
586,0.000000e+00
587,0.000000e+00
588,0.000000e+00
589,0.000000e+00
590,0.000000e+00
591,0.000000e+00
592,0.000000e+00
593,0.000000e+00
594,0.000000e+00
595,0.000000e+00
596,0.000000e+00
597,0.000000e+00
598,0.000000e+00
599,0.000000e+00
600,0.000000e+00
601,0.000000e+00
602,0.000000e+00
603,0.000000e+00
604,0.000000e+00
605,0.000000e+00
606,0.000000e+00
607,0.000000e+00
608,0.000000e+00
609,0.000000e+00
610,0.000000e+00
611,0.000000e+00
612,0.000000e+00
613,0.000000e+00
614,0.000000e+00
615,0.000000e+00
616,0.000000e+00
617,0.000000e+00
618,0.000000e+00
619,0.000000e+00
620,0.000000e+00
621,0.000000e+00
622,0.000000e+00
623,0.000000e+00
624,0.000000e+00
625,0.000000e+00
626,0.000000e+00
627,0.000000e+00
628,0.000000e+00
629,0.000000e+00
630,0.000000e+00
631,0.000000e+00
632,0.000000e+00
633,0.000000e+00
634,0.000000e+00
635,0.000000e+00
636,0.000000e+00
637,0.000000e+00
638,0.000000e+00
639,0.000000e+00
640,0.000000e+00
641,0.000000e+00
642,0.000000e+00
643,0.000000e+00
644,0.000000e+00
645,0.000000e+00
646,0.000000e+00
647,0.000000e+00
648,0.000000e+00
649,0.000000e+00
650,0.000000e+00
651,0.000000e+00
652,0.000000e+00
653,0.000000e+00
654,0.000000e+00
655,0.000000e+00
656,0.000000e+00
657,0.000000e+00
658,0.000000e+00
659,0.000000e+00
660,0.000000e+00
661,0.000000e+00
662,0.000000e+00
663,0.000000e+00
664,0.000000e+00
665,0.000000e+00
666,0.000000e+00
667,0.000000e+00
668,0.000000e+00
669,0.000000e+00
670,0.000000e+00
671,0.000000e+00
672,0.000000e+00
673,0.000000e+00
674,0.000000e+00
675,0.000000e+00
676,0.000000e+00
677,0.000000e+00
678,0.000000e+00
679,0.000000e+00
680,0.000000e+00
681,0.000000e+00
682,0.000000e+00
683,0.000000e+00
684,0.000000e+00
685,0.000000e+00
686,0.000000e+00
687,0.000000e+00
688,0.000000e+00
689,0.000000e+00
690,0.000000e+00
691,0.000000e+00
692,0.000000e+00
693,0.000000e+00
694,0.000000e+00
695,0.000000e+00
696,0.000000e+00
697,0.000000e+00
698,0.000000e+00
699,0.000000e+00
700,0.000000e+00
701,0.000000e+00
702,0.000000e+00
703,0.000000e+00
704,0.000000e+00
705,0.000000e+00
706,0.000000e+00
707,0.000000e+00
708,0.000000e+00
709,0.000000e+00
710,0.000000e+00
711,0.000000e+00
712,0.000000e+00
713,0.000000e+00
714,0.000000e+00
715,0.000000e+00
716,0.000000e+00
717,0.000000e+00
718,0.000000e+00
719,0.000000e+00
720,0.000000e+00
721,0.000000e+00
722,0.000000e+00
723,0.000000e+00
724,0.000000e+00
725,0.000000e+00
726,0.000000e+00
727,0.000000e+00
728,0.000000e+00
729,0.000000e+00
730,0.000000e+00
731,0.000000e+00
732,0.000000e+00
733,0.000000e+00
734,0.000000e+00
735,0.000000e+00
736,0.000000e+00
737,0.000000e+00
738,0.000000e+00
739,0.000000e+00
740,0.000000e+00
741,0.000000e+00
742,0.000000e+00
743,0.000000e+00
744,0.000000e+00
745,0.000000e+00
746,0.000000e+00
747,0.000000e+00
748,0.000000e+00
749,0.000000e+00
750,0.000000e+00
751,0.000000e+00
752,0.000000e+00
753,0.000000e+00
754,0.000000e+00
755,0.000000e+00
756,0.000000e+00
757,0.000000e+00
758,0.000000e+00
759,0.000000e+00
760,0.000000e+00
761,0.000000e+00
762,0.000000e+00
763,0.000000e+00
764,0.000000e+00
765,0.000000e+00
766,0.000000e+00
767,0.000000e+00
768,0.000000e+00
769,0.000000e+00
770,0.000000e+00
771,0.000000e+00
772,0.000000e+00
773,0.000000e+00
774,0.000000e+00
775,0.000000e+00
776,0.000000e+00
777,0.000000e+00
778,0.000000e+00
779,0.000000e+00
780,0.000000e+00
781,0.000000e+00
782,0.000000e+00
783,0.000000e+00
784,0.000000e+00
785,0.000000e+00
786,0.000000e+00
787,0.000000e+00
788,0.000000e+00
789,0.000000e+00
790,0.000000e+00
791,0.000000e+00
792,0.000000e+00
793,0.000000e+00
794,0.000000e+00
795,0.000000e+00
796,0.000000e+00
797,0.000000e+00
798,0.000000e+00
799,0.000000e+00
800,0.000000e+00
801,0.000000e+00
802,0.000000e+00
803,0.000000e+00
804,0.000000e+00
805,0.000000e+00
806,0.000000e+00
807,0.000000e+00
808,0.000000e+00
809,0.000000e+00
810,0.000000e+00
811,0.000000e+00
812,0.000000e+00
813,0.000000e+00
814,0.000000e+00
815,0.000000e+00
816,0.000000e+00
817,0.000000e+00
818,0.000000e+00
819,0.000000e+00
820,0.000000e+00
821,0.000000e+00
822,0.000000e+00
823,0.000000e+00
824,0.000000e+00
825,0.000000e+00
826,0.000000e+00
827,0.000000e+00
828,0.000000e+00
829,0.000000e+00
830,0.000000e+00
831,0.000000e+00
832,0.000000e+00
833,0.000000e+00
834,0.000000e+00
835,0.000000e+00
836,0.000000e+00
837,0.000000e+00
838,0.000000e+00
839,0.000000e+00
840,0.000000e+00
841,0.000000e+00
842,0.000000e+00
843,0.000000e+00
844,0.000000e+00
845,0.000000e+00
846,0.000000e+00
847,0.000000e+00
848,0.000000e+00
849,0.000000e+00
850,0.000000e+00
851,0.000000e+00
852,0.000000e+00
853,0.000000e+00
854,0.000000e+00
855,0.000000e+00
856,0.000000e+00
857,0.000000e+00
858,0.000000e+00
859,0.000000e+00
860,0.000000e+00
861,0.000000e+00
862,0.000000e+00
863,0.000000e+00
864,0.000000e+00
865,0.000000e+00
866,0.000000e+00
867,0.000000e+00
868,0.000000e+00
869,0.000000e+00
870,0.000000e+00
871,0.000000e+00
872,0.000000e+00
873,0.000000e+00
874,0.000000e+00
875,0.000000e+00
876,0.000000e+00
877,0.000000e+00
878,0.000000e+00
879,0.000000e+00
880,0.000000e+00
881,0.000000e+00
882,0.000000e+00
883,0.000000e+00
884,0.000000e+00
885,0.000000e+00
886,0.000000e+00
887,0.000000e+00
888,0.000000e+00
889,0.000000e+00
890,0.000000e+00
891,0.000000e+00
892,0.000000e+00
893,0.000000e+00
894,0.000000e+00
895,0.000000e+00
896,0.000000e+00
897,0.000000e+00
898,0.000000e+00
899,0.000000e+00
900,0.000000e+00
901,0.000000e+00
902,0.000000e+00
903,0.000000e+00
904,0.000000e+00
905,0.000000e+00
906,0.000000e+00
907,0.000000e+00
908,0.000000e+00
909,0.000000e+00
910,0.000000e+00
911,0.000000e+00
912,0.000000e+00
913,0.000000e+00
914,0.000000e+00
915,0.000000e+00
916,0.000000e+00
917,0.000000e+00
918,0.000000e+00
919,0.000000e+00
920,0.000000e+00
921,0.000000e+00
922,0.000000e+00
923,0.000000e+00
924,0.000000e+00
925,0.000000e+00
926,0.000000e+00
927,0.000000e+00
928,0.000000e+00
929,0.000000e+00
930,0.000000e+00
931,0.000000e+00
932,0.000000e+00
933,0.000000e+00
934,0.000000e+00
935,0.000000e+00
936,0.000000e+00
937,0.000000e+00
938,0.000000e+00
939,0.000000e+00
940,0.000000e+00
941,0.000000e+00
942,0.000000e+00
943,0.000000e+00
944,0.000000e+00
945,0.000000e+00
946,0.000000e+00
947,0.000000e+00
948,0.000000e+00
949,0.000000e+00
950,0.000000e+00
951,0.000000e+00
952,0.000000e+00
953,0.000000e+00
954,0.000000e+00
955,0.000000e+00
956,0.000000e+00
957,0.000000e+00
958,0.000000e+00
959,0.000000e+00
960,0.000000e+00
961,0.000000e+00
962,0.000000e+00
963,0.000000e+00
964,0.000000e+00
965,0.000000e+00
966,0.000000e+00
967,0.000000e+00
968,0.000000e+00
969,0.000000e+00
970,0.000000e+00
971,0.000000e+00
972,0.000000e+00
973,0.000000e+00
974,0.000000e+00
975,0.000000e+00
976,0.000000e+00
977,0.000000e+00
978,0.000000e+00
979,0.000000e+00
980,0.000000e+00
981,0.000000e+00
982,0.000000e+00
983,0.000000e+00
984,0.000000e+00
985,0.000000e+00
986,0.000000e+00
987,0.000000e+00
988,0.000000e+00
989,0.000000e+00
990,0.000000e+00
991,0.000000e+00
992,0.000000e+00
993,0.000000e+00
994,0.000000e+00
995,0.000000e+00
996,0.000000e+00
997,0.000000e+00
998,0.000000e+00
999,0.000000e+00
1000,0.000000e+00
1001,0.000000e+00
1002,0.000000e+00
1003,0.000000e+00
1004,0.000000e+00
1005,0.000000e+00
1006,0.000000e+00
1007,0.000000e+00
1008,0.000000e+00
1009,0.000000e+00
1010,0.000000e+00
1011,0.000000e+00
1012,0.000000e+00
1013,0.000000e+00
1014,0.000000e+00
1015,0.000000e+00
1016,0.000000e+00
1017,0.000000e+00
1018,0.000000e+00
1019,0.000000e+00
1020,0.000000e+00
1021,0.000000e+00
1022,0.000000e+00
1023,0.000000e+00
1024,0.000000e+00
1025,0.000000e+00
1026,0.000000e+00
1027,0.000000e+00
1028,0.000000e+00
1029,0.000000e+00
1030,0.000000e+00
1031,0.000000e+00
1032,0.000000e+00
1033,0.000000e+00
1034,0.000000e+00
1035,0.000000e+00
1036,0.000000e+00
1037,0.000000e+00
1038,0.000000e+00
1039,0.000000e+00
1040,0.000000e+00
1041,0.000000e+00
1042,0.000000e+00
1043,0.000000e+00
1044,0.000000e+00
1045,0.000000e+00
1046,0.000000e+00
1047,0.000000e+00
1048,0.000000e+00
1049,0.000000e+00
1050,0.000000e+00
1051,0.000000e+00
1052,0.000000e+00
1053,0.000000e+00
1054,0.000000e+00
1055,0.000000e+00
1056,0.000000e+00
1057,0.000000e+00
1058,0.000000e+00
1059,0.000000e+00
1060,0.000000e+00
1061,0.000000e+00
1062,0.000000e+00
1063,0.000000e+00
1064,0.000000e+00
1065,0.000000e+00
1066,0.000000e+00
1067,0.000000e+00
1068,0.000000e+00
1069,0.000000e+00
1070,0.000000e+00
1071,0.000000e+00
1072,0.000000e+00
1073,0.000000e+00
1074,0.000000e+00
1075,0.000000e+00
1076,0.000000e+00
1077,0.000000e+00
1078,0.000000e+00
1079,0.000000e+00
1080,0.000000e+00
1081,0.000000e+00
1082,0.000000e+00
1083,0.000000e+00
1084,0.000000e+00
1085,0.000000e+00
1086,0.000000e+00
1087,0.000000e+00
1088,0.000000e+00
1089,0.000000e+00
1090,0.000000e+00
1091,0.000000e+00
1092,0.000000e+00
1093,0.000000e+00
1094,0.000000e+00
1095,0.000000e+00
1096,0.000000e+00
1097,0.000000e+00
1098,0.000000e+00
1099,0.000000e+00
1100,0.000000e+00
1101,0.000000e+00
1102,0.000000e+00
1103,0.000000e+00
1104,0.000000e+00
1105,0.000000e+00
1106,0.000000e+00
1107,0.000000e+00
1108,0.000000e+00
1109,0.000000e+00
1110,0.000000e+00
1111,0.000000e+00
1112,0.000000e+00
1113,0.000000e+00
1114,0.000000e+00
1115,0.000000e+00
1116,0.000000e+00
1117,0.000000e+00
1118,0.000000e+00
1119,0.000000e+00
1120,0.000000e+00
1121,0.000000e+00
1122,0.000000e+00
1123,0.000000e+00
1124,0.000000e+00
1125,0.000000e+00
1126,0.000000e+00
1127,0.000000e+00
1128,0.000000e+00
1129,0.000000e+00
1130,0.000000e+00
1131,0.000000e+00
1132,0.000000e+00
1133,0.000000e+00
1134,0.000000e+00
1135,0.000000e+00
1136,0.000000e+00
1137,0.000000e+00
1138,0.000000e+00
1139,0.000000e+00
1140,0.000000e+00
1141,0.000000e+00
1142,0.000000e+00
1143,0.000000e+00
1144,0.000000e+00
1145,0.000000e+00
1146,0.000000e+00
1147,0.000000e+00
1148,0.000000e+00
1149,0.000000e+00
1150,0.000000e+00
1151,0.000000e+00
1152,0.000000e+00
1153,0.000000e+00
1154,0.000000e+00
1155,0.000000e+00
1156,0.000000e+00
1157,0.000000e+00
1158,0.000000e+00
1159,0.000000e+00
1160,0.000000e+00
1161,0.000000e+00
1162,0.000000e+00
1163,0.000000e+00
1164,0.000000e+00
1165,0.000000e+00
1166,0.000000e+00
1167,0.000000e+00
1168,0.000000e+00
1169,0.000000e+00
1170,0.000000e+00
1171,0.000000e+00
1172,0.000000e+00
1173,0.000000e+00
1174,0.000000e+00
1175,0.000000e+00
1176,0.000000e+00
1177,0.000000e+00
1178,0.000000e+00
1179,0.000000e+00
1180,0.000000e+00
1181,0.000000e+00
1182,0.000000e+00
1183,0.000000e+00
1184,0.000000e+00
1185,0.000000e+00
1186,0.000000e+00
1187,0.000000e+00
1188,0.000000e+00
1189,0.000000e+00
1190,0.000000e+00
1191,0.000000e+00
1192,0.000000e+00
1193,0.000000e+00
1194,0.000000e+00
1195,0.000000e+00
1196,0.000000e+00
1197,0.000000e+00
1198,0.000000e+00
1199,0.000000e+00
1200,0.000000e+00
1201,0.000000e+00
1202,0.000000e+00
1203,0.000000e+00
1204,0.000000e+00
1205,0.000000e+00
1206,0.000000e+00
1207,0.000000e+00
1208,0.000000e+00
1209,0.000000e+00
1210,0.000000e+00
1211,0.000000e+00
1212,0.000000e+00
1213,0.000000e+00
1214,0.000000e+00
1215,0.000000e+00
1216,0.000000e+00
1217,0.000000e+00
1218,0.000000e+00
1219,0.000000e+00
1220,0.000000e+00
1221,0.000000e+00
1222,0.000000e+00
1223,0.000000e+00
1224,0.000000e+00
1225,0.000000e+00
1226,0.000000e+00
1227,0.000000e+00
1228,0.000000e+00
1229,0.000000e+00
1230,0.000000e+00
1231,0.000000e+00
1232,0.000000e+00
1233,0.000000e+00
1234,0.000000e+00
1235,0.000000e+00
1236,0.000000e+00
1237,0.000000e+00
1238,0.000000e+00
1239,0.000000e+00
1240,0.000000e+00
1241,0.000000e+00
1242,0.000000e+00
1243,0.000000e+00
1244,0.000000e+00
1245,0.000000e+00
1246,0.000000e+00
1247,0.000000e+00
1248,0.000000e+00
1249,0.000000e+00
1250,0.000000e+00
1251,0.000000e+00
1252,0.000000e+00
1253,0.000000e+00
1254,0.000000e+00
1255,0.000000e+00
1256,0.000000e+00
1257,0.000000e+00
1258,0.000000e+00
1259,0.000000e+00
1260,0.000000e+00
1261,0.000000e+00
1262,0.000000e+00
1263,0.000000e+00
1264,0.000000e+00
1265,0.000000e+00
1266,0.000000e+00
1267,0.000000e+00
1268,0.000000e+00
1269,0.000000e+00
1270,0.000000e+00
1271,0.000000e+00
1272,0.000000e+00
1273,0.000000e+00
1274,0.000000e+00
1275,0.000000e+00
1276,0.000000e+00
1277,0.000000e+00
1278,0.000000e+00
1279,0.000000e+00
1280,0.000000e+00
1281,0.000000e+00
1282,0.000000e+00
1283,0.000000e+00
1284,0.000000e+00
1285,0.000000e+00
1286,0.000000e+00
1287,0.000000e+00
1288,0.000000e+00
1289,0.000000e+00
1290,0.000000e+00
1291,0.000000e+00
1292,0.000000e+00
1293,0.000000e+00
1294,0.000000e+00
1295,0.000000e+00
1296,0.000000e+00
1297,0.000000e+00
1298,0.000000e+00
1299,0.000000e+00
1300,0.000000e+00
1301,0.000000e+00
1302,0.000000e+00
1303,0.000000e+00
1304,0.000000e+00
1305,0.000000e+00
1306,0.000000e+00
1307,0.000000e+00
1308,0.000000e+00
1309,0.000000e+00
1310,0.000000e+00
1311,0.000000e+00
1312,0.000000e+00
1313,0.000000e+00
1314,0.000000e+00
1315,0.000000e+00
1316,0.000000e+00
1317,0.000000e+00
1318,0.000000e+00
1319,0.000000e+00
1320,0.000000e+00
1321,0.000000e+00
1322,0.000000e+00
1323,0.000000e+00
1324,0.000000e+00
1325,0.000000e+00
1326,0.000000e+00
1327,0.000000e+00
1328,0.000000e+00
1329,0.000000e+00
1330,0.000000e+00
1331,0.000000e+00
1332,0.000000e+00
1333,0.000000e+00
1334,0.000000e+00
1335,0.000000e+00
1336,0.000000e+00
1337,0.000000e+00
1338,0.000000e+00
1339,0.000000e+00
1340,0.000000e+00
1341,0.000000e+00
1342,0.000000e+00
1343,0.000000e+00
1344,0.000000e+00
1345,0.000000e+00
1346,0.000000e+00
1347,0.000000e+00
1348,0.000000e+00
1349,0.000000e+00
1350,0.000000e+00
1351,0.000000e+00
1352,0.000000e+00
1353,0.000000e+00
1354,0.000000e+00
1355,0.000000e+00
1356,0.000000e+00
1357,0.000000e+00
1358,0.000000e+00
1359,0.000000e+00
1360,0.000000e+00
1361,0.000000e+00
1362,0.000000e+00
1363,0.000000e+00
1364,0.000000e+00
1365,0.000000e+00
1366,0.000000e+00
1367,0.000000e+00
1368,0.000000e+00
1369,0.000000e+00
1370,0.000000e+00
1371,0.000000e+00
1372,0.000000e+00
1373,0.000000e+00
1374,0.000000e+00
1375,0.000000e+00
1376,0.000000e+00
1377,0.000000e+00
1378,0.000000e+00
1379,0.000000e+00
1380,0.000000e+00
1381,0.000000e+00
1382,0.000000e+00
1383,0.000000e+00
1384,0.000000e+00
1385,0.000000e+00
1386,0.000000e+00
1387,0.000000e+00
1388,0.000000e+00
1389,0.000000e+00
1390,0.000000e+00
1391,0.000000e+00
1392,0.000000e+00
1393,0.000000e+00
1394,0.000000e+00
1395,0.000000e+00
1396,0.000000e+00
1397,0.000000e+00
1398,0.000000e+00
1399,0.000000e+00
1400,0.000000e+00
1401,0.000000e+00
1402,0.000000e+00
1403,0.000000e+00
1404,0.000000e+00
1405,0.000000e+00
1406,0.000000e+00
1407,0.000000e+00
1408,0.000000e+00
1409,0.000000e+00
1410,0.000000e+00
1411,0.000000e+00
1412,0.000000e+00
1413,0.000000e+00
1414,0.000000e+00
1415,0.000000e+00
1416,0.000000e+00
1417,0.000000e+00
1418,0.000000e+00
1419,0.000000e+00
1420,0.000000e+00
1421,0.000000e+00
1422,0.000000e+00
1423,0.000000e+00
1424,0.000000e+00
1425,0.000000e+00
1426,0.000000e+00
1427,0.000000e+00
1428,0.000000e+00
1429,0.000000e+00
1430,0.000000e+00
1431,0.000000e+00
1432,0.000000e+00
1433,0.000000e+00
1434,0.000000e+00
1435,0.000000e+00
1436,0.000000e+00
1437,0.000000e+00
1438,0.000000e+00
1439,0.000000e+00
1440,0.000000e+00
1441,0.000000e+00
1442,0.000000e+00
1443,0.000000e+00
1444,0.000000e+00
1445,0.000000e+00
1446,0.000000e+00
1447,0.000000e+00
1448,0.000000e+00
1449,0.000000e+00
1450,0.000000e+00
1451,0.000000e+00
1452,0.000000e+00
1453,0.000000e+00
1454,0.000000e+00
1455,0.000000e+00
1456,0.000000e+00
1457,0.000000e+00
1458,0.000000e+00
1459,0.000000e+00
1460,0.000000e+00
1461,0.000000e+00
1462,0.000000e+00
1463,0.000000e+00
1464,0.000000e+00
1465,0.000000e+00
1466,0.000000e+00
1467,0.000000e+00
1468,0.000000e+00
1469,0.000000e+00
1470,0.000000e+00
1471,0.000000e+00
1472,0.000000e+00
1473,0.000000e+00
1474,0.000000e+00
1475,0.000000e+00
1476,0.000000e+00
1477,0.000000e+00
1478,0.000000e+00
1479,0.000000e+00
1480,0.000000e+00
1481,0.000000e+00
1482,0.000000e+00
1483,0.000000e+00
1484,0.000000e+00
1485,0.000000e+00
1486,0.000000e+00
1487,0.000000e+00
1488,0.000000e+00
1489,0.000000e+00
1490,0.000000e+00
1491,0.000000e+00
1492,0.000000e+00
1493,0.000000e+00
1494,0.000000e+00
1495,0.000000e+00
1496,0.000000e+00
1497,0.000000e+00
1498,0.000000e+00
1499,0.000000e+00
1500,0.000000e+00
1501,0.000000e+00
1502,0.000000e+00
1503,0.000000e+00
1504,0.000000e+00
1505,0.000000e+00
1506,0.000000e+00
1507,0.000000e+00
1508,0.000000e+00
1509,0.000000e+00
1510,0.000000e+00
1511,0.000000e+00
1512,0.000000e+00
1513,0.000000e+00
1514,0.000000e+00
1515,0.000000e+00
1516,0.000000e+00
1517,0.000000e+00
1518,0.000000e+00
1519,0.000000e+00
1520,0.000000e+00
1521,0.000000e+00
1522,0.000000e+00
1523,0.000000e+00
1524,0.000000e+00
1525,0.000000e+00
1526,0.000000e+00
1527,0.000000e+00
1528,0.000000e+00
1529,0.000000e+00
1530,0.000000e+00
1531,0.000000e+00
1532,0.000000e+00
1533,0.000000e+00
1534,0.000000e+00
1535,0.000000e+00
1536,0.000000e+00
1537,0.000000e+00
1538,0.000000e+00
1539,0.000000e+00
1540,0.000000e+00
1541,0.000000e+00
1542,0.000000e+00
1543,0.000000e+00
1544,0.000000e+00
1545,0.000000e+00
1546,0.000000e+00
1547,0.000000e+00
1548,0.000000e+00
1549,0.000000e+00
1550,0.000000e+00
1551,0.000000e+00
1552,0.000000e+00
1553,0.000000e+00
1554,0.000000e+00
1555,0.000000e+00
1556,0.000000e+00
1557,0.000000e+00
1558,0.000000e+00
1559,0.000000e+00
1560,0.000000e+00
1561,0.000000e+00
1562,0.000000e+00
1563,0.000000e+00
1564,0.000000e+00
1565,0.000000e+00
1566,0.000000e+00
1567,0.000000e+00
1568,0.000000e+00
1569,0.000000e+00
1570,0.000000e+00
1571,0.000000e+00
1572,0.000000e+00
1573,0.000000e+00
1574,0.000000e+00
1575,0.000000e+00
1576,0.000000e+00
1577,0.000000e+00
1578,0.000000e+00
1579,0.000000e+00
1580,0.000000e+00
1581,0.000000e+00
1582,0.000000e+00
1583,0.000000e+00
1584,0.000000e+00
1585,0.000000e+00
1586,0.000000e+00
1587,0.000000e+00
1588,0.000000e+00
1589,0.000000e+00
1590,0.000000e+00
1591,0.000000e+00
1592,0.000000e+00
1593,0.000000e+00
1594,0.000000e+00
1595,0.000000e+00
1596,0.000000e+00
1597,0.000000e+00
1598,0.000000e+00
1599,0.000000e+00
1600,0.000000e+00
1601,0.000000e+00
1602,0.000000e+00
1603,0.000000e+00
1604,0.000000e+00
1605,0.000000e+00
1606,0.000000e+00
1607,0.000000e+00
1608,0.000000e+00
1609,0.000000e+00
1610,0.000000e+00
1611,0.000000e+00
1612,0.000000e+00
1613,0.000000e+00
1614,0.000000e+00
1615,0.000000e+00
1616,0.000000e+00
1617,0.000000e+00
1618,0.000000e+00
1619,0.000000e+00
1620,0.000000e+00
1621,0.000000e+00
1622,0.000000e+00
1623,0.000000e+00
1624,0.000000e+00
1625,0.000000e+00
1626,0.000000e+00
1627,0.000000e+00
1628,0.000000e+00
1629,0.000000e+00
1630,0.000000e+00
1631,0.000000e+00
1632,0.000000e+00
1633,0.000000e+00
1634,0.000000e+00
1635,0.000000e+00
1636,0.000000e+00
1637,0.000000e+00
1638,0.000000e+00
1639,0.000000e+00
1640,0.000000e+00
1641,0.000000e+00
1642,0.000000e+00
1643,0.000000e+00
1644,0.000000e+00
1645,0.000000e+00
1646,0.000000e+00
1647,0.000000e+00
1648,0.000000e+00
1649,0.000000e+00
1650,0.000000e+00
1651,0.000000e+00
1652,0.000000e+00
1653,0.000000e+00
1654,0.000000e+00
1655,0.000000e+00
1656,0.000000e+00
1657,0.000000e+00
1658,0.000000e+00
1659,0.000000e+00
1660,0.000000e+00
1661,0.000000e+00
1662,0.000000e+00
1663,0.000000e+00
1664,0.000000e+00
1665,0.000000e+00
1666,0.000000e+00
1667,0.000000e+00
1668,0.000000e+00
1669,0.000000e+00
1670,0.000000e+00
1671,0.000000e+00
1672,0.000000e+00
1673,0.000000e+00
1674,0.000000e+00
1675,0.000000e+00
1676,0.000000e+00
1677,0.000000e+00
1678,0.000000e+00
1679,0.000000e+00
1680,0.000000e+00
1681,0.000000e+00
1682,0.000000e+00
1683,0.000000e+00
1684,0.000000e+00
1685,0.000000e+00
1686,0.000000e+00
1687,0.000000e+00
1688,0.000000e+00
1689,0.000000e+00
1690,0.000000e+00
1691,0.000000e+00
1692,0.000000e+00
1693,0.000000e+00
1694,0.000000e+00
1695,0.000000e+00
1696,0.000000e+00
1697,0.000000e+00
1698,0.000000e+00
1699,0.000000e+00
1700,0.000000e+00
1701,0.000000e+00
1702,0.000000e+00
1703,0.000000e+00
1704,0.000000e+00
1705,0.000000e+00
1706,0.000000e+00
1707,0.000000e+00
1708,0.000000e+00
1709,0.000000e+00
1710,0.000000e+00
1711,0.000000e+00
1712,0.000000e+00
1713,0.000000e+00
1714,0.000000e+00
1715,0.000000e+00
1716,0.000000e+00
1717,0.000000e+00
1718,0.000000e+00
1719,0.000000e+00
1720,0.000000e+00
1721,0.000000e+00
1722,0.000000e+00
1723,0.000000e+00
1724,0.000000e+00
1725,0.000000e+00
1726,0.000000e+00
1727,0.000000e+00
1728,0.000000e+00
1729,0.000000e+00
1730,0.000000e+00
1731,0.000000e+00
1732,0.000000e+00
1733,0.000000e+00
1734,0.000000e+00
1735,0.000000e+00
1736,0.000000e+00
1737,0.000000e+00
1738,0.000000e+00
1739,0.000000e+00
1740,0.000000e+00
1741,0.000000e+00
1742,0.000000e+00
1743,0.000000e+00
1744,0.000000e+00
1745,0.000000e+00
1746,0.000000e+00
1747,0.000000e+00
1748,0.000000e+00
1749,0.000000e+00
1750,0.000000e+00
1751,0.000000e+00
1752,0.000000e+00
1753,0.000000e+00
1754,0.000000e+00
1755,0.000000e+00
1756,0.000000e+00
1757,0.000000e+00
1758,0.000000e+00
1759,0.000000e+00
1760,0.000000e+00
1761,0.000000e+00
1762,0.000000e+00
1763,0.000000e+00
1764,0.000000e+00
1765,0.000000e+00
1766,0.000000e+00
1767,0.000000e+00
1768,0.000000e+00
1769,0.000000e+00
1770,0.000000e+00
1771,0.000000e+00
1772,0.000000e+00
1773,0.000000e+00
1774,0.000000e+00
1775,0.000000e+00
1776,0.000000e+00
1777,0.000000e+00
1778,0.000000e+00
1779,0.000000e+00
1780,0.000000e+00
1781,0.000000e+00
1782,0.000000e+00
1783,0.000000e+00
1784,0.000000e+00
1785,0.000000e+00
1786,0.000000e+00
1787,0.000000e+00
1788,0.000000e+00
1789,0.000000e+00
1790,0.000000e+00
1791,0.000000e+00
1792,0.000000e+00
1793,0.000000e+00
1794,0.000000e+00
1795,0.000000e+00
1796,0.000000e+00
1797,0.000000e+00
1798,0.000000e+00
1799,0.000000e+00
1800,0.000000e+00
1801,0.000000e+00
1802,0.000000e+00
1803,0.000000e+00
1804,0.000000e+00
1805,0.000000e+00
1806,0.000000e+00
1807,0.000000e+00
1808,0.000000e+00
1809,0.000000e+00
1810,0.000000e+00
1811,0.000000e+00
1812,0.000000e+00
1813,0.000000e+00
1814,0.000000e+00
1815,0.000000e+00
1816,0.000000e+00
1817,0.000000e+00
1818,0.000000e+00
1819,0.000000e+00
1820,0.000000e+00
1821,0.000000e+00
1822,0.000000e+00
1823,0.000000e+00
1824,0.000000e+00
1825,0.000000e+00
1826,0.000000e+00
1827,0.000000e+00
1828,0.000000e+00
1829,0.000000e+00
1830,0.000000e+00
1831,0.000000e+00
1832,0.000000e+00
1833,0.000000e+00
1834,0.000000e+00
1835,0.000000e+00
1836,0.000000e+00
1837,0.000000e+00
1838,0.000000e+00
1839,0.000000e+00
1840,0.000000e+00
1841,0.000000e+00
1842,0.000000e+00
1843,0.000000e+00
1844,0.000000e+00
1845,0.000000e+00
1846,0.000000e+00
1847,0.000000e+00
1848,0.000000e+00
1849,0.000000e+00
1850,0.000000e+00
1851,0.000000e+00
1852,0.000000e+00
1853,0.000000e+00
1854,0.000000e+00
1855,0.000000e+00
1856,0.000000e+00
1857,0.000000e+00
1858,0.000000e+00
1859,0.000000e+00
1860,0.000000e+00
1861,0.000000e+00
1862,0.000000e+00
1863,0.000000e+00
1864,0.000000e+00
1865,0.000000e+00
1866,0.000000e+00
1867,0.000000e+00
1868,0.000000e+00
1869,0.000000e+00
1870,0.000000e+00
1871,0.000000e+00
1872,0.000000e+00
1873,0.000000e+00
1874,0.000000e+00
1875,0.000000e+00
1876,0.000000e+00
1877,0.000000e+00
1878,0.000000e+00
1879,0.000000e+00
1880,0.000000e+00
1881,0.000000e+00
1882,0.000000e+00
1883,0.000000e+00
1884,0.000000e+00
1885,0.000000e+00
1886,0.000000e+00
1887,0.000000e+00
1888,0.000000e+00
1889,0.000000e+00
1890,0.000000e+00
1891,0.000000e+00
1892,0.000000e+00
1893,0.000000e+00
1894,0.000000e+00
1895,0.000000e+00
1896,0.000000e+00
1897,0.000000e+00
1898,0.000000e+00
1899,0.000000e+00
1900,0.000000e+00
1901,0.000000e+00
1902,0.000000e+00
1903,0.000000e+00
1904,0.000000e+00
1905,0.000000e+00
1906,0.000000e+00
1907,0.000000e+00
1908,0.000000e+00
1909,0.000000e+00
1910,0.000000e+00
1911,0.000000e+00
1912,0.000000e+00
1913,0.000000e+00
1914,0.000000e+00
1915,0.000000e+00
1916,0.000000e+00
1917,0.000000e+00
1918,0.000000e+00
1919,0.000000e+00
1920,0.000000e+00
1921,0.000000e+00
1922,0.000000e+00
1923,0.000000e+00
1924,0.000000e+00
1925,0.000000e+00
1926,0.000000e+00
1927,0.000000e+00
1928,0.000000e+00
1929,0.000000e+00
1930,0.000000e+00
1931,0.000000e+00
1932,0.000000e+00
1933,0.000000e+00
1934,0.000000e+00
1935,0.000000e+00
1936,0.000000e+00
1937,0.000000e+00
1938,0.000000e+00
1939,0.000000e+00
1940,0.000000e+00
1941,0.000000e+00
1942,0.000000e+00
1943,0.000000e+00
1944,0.000000e+00
1945,0.000000e+00
1946,0.000000e+00
1947,0.000000e+00
1948,0.000000e+00
1949,0.000000e+00
1950,0.000000e+00
1951,0.000000e+00
1952,0.000000e+00
1953,0.000000e+00
1954,0.000000e+00
1955,0.000000e+00
1956,0.000000e+00
1957,0.000000e+00
1958,0.000000e+00
1959,0.000000e+00
1960,0.000000e+00
1961,0.000000e+00
1962,0.000000e+00
1963,0.000000e+00
1964,0.000000e+00
1965,0.000000e+00
1966,0.000000e+00
1967,0.000000e+00
1968,0.000000e+00
1969,0.000000e+00
1970,0.000000e+00
1971,0.000000e+00
1972,0.000000e+00
1973,0.000000e+00
1974,0.000000e+00
1975,0.000000e+00
1976,0.000000e+00
1977,0.000000e+00
1978,0.000000e+00
1979,0.000000e+00
1980,0.000000e+00
1981,0.000000e+00
1982,0.000000e+00
1983,0.000000e+00
1984,0.000000e+00
1985,0.000000e+00
1986,0.000000e+00
1987,0.000000e+00
1988,0.000000e+00
1989,0.000000e+00
1990,0.000000e+00
1991,0.000000e+00
1992,0.000000e+00
1993,0.000000e+00
1994,0.000000e+00
1995,0.000000e+00
1996,0.000000e+00
1997,0.000000e+00
1998,0.000000e+00
1999,0.000000e+00
2000,0.000000e+00
2001,0.000000e+00
2002,0.000000e+00
2003,0.000000e+00
2004,0.000000e+00
2005,0.000000e+00
2006,0.000000e+00
2007,0.000000e+00
2008,0.000000e+00
2009,0.000000e+00
2010,0.000000e+00
2011,0.000000e+00
2012,0.000000e+00
2013,0.000000e+00
2014,0.000000e+00
2015,0.000000e+00
2016,0.000000e+00
2017,0.000000e+00
2018,0.000000e+00
2019,0.000000e+00
2020,0.000000e+00
2021,0.000000e+00
2022,0.000000e+00
2023,0.000000e+00
2024,0.000000e+00
2025,0.000000e+00
2026,0.000000e+00
2027,0.000000e+00
2028,0.000000e+00
2029,0.000000e+00
2030,0.000000e+00
2031,0.000000e+00
2032,0.000000e+00
2033,0.000000e+00
2034,0.000000e+00
2035,0.000000e+00
2036,0.000000e+00
2037,0.000000e+00
2038,0.000000e+00
2039,0.000000e+00
2040,0.000000e+00
2041,0.000000e+00
2042,0.000000e+00
2043,0.000000e+00
2044,0.000000e+00
2045,0.000000e+00
2046,0.000000e+00
2047,0.000000e+00
2048,0.000000e+00
2049,0.000000e+00
2050,0.000000e+00
2051,0.000000e+00
2052,0.000000e+00
2053,0.000000e+00
2054,0.000000e+00
2055,0.000000e+00
2056,0.000000e+00
2057,0.000000e+00
2058,0.000000e+00
2059,0.000000e+00
2060,0.000000e+00
2061,0.000000e+00
2062,0.000000e+00
2063,0.000000e+00
2064,0.000000e+00
2065,0.000000e+00
2066,0.000000e+00
2067,0.000000e+00
2068,0.000000e+00
2069,0.000000e+00
2070,0.000000e+00
2071,0.000000e+00
2072,0.000000e+00
2073,0.000000e+00
2074,0.000000e+00
2075,0.000000e+00
2076,0.000000e+00
2077,0.000000e+00
2078,0.000000e+00
2079,0.000000e+00
2080,0.000000e+00
2081,0.000000e+00
2082,0.000000e+00
2083,0.000000e+00
2084,0.000000e+00
2085,0.000000e+00
2086,0.000000e+00
2087,0.000000e+00
2088,0.000000e+00
2089,0.000000e+00
2090,0.000000e+00
2091,0.000000e+00
2092,0.000000e+00
2093,0.000000e+00
2094,0.000000e+00
2095,0.000000e+00
2096,0.000000e+00
2097,0.000000e+00
2098,0.000000e+00
2099,0.000000e+00
2100,0.000000e+00
2101,0.000000e+00
2102,0.000000e+00
2103,0.000000e+00
2104,0.000000e+00
2105,0.000000e+00
2106,0.000000e+00
2107,0.000000e+00
2108,0.000000e+00
2109,0.000000e+00
2110,0.000000e+00
2111,0.000000e+00
2112,0.000000e+00
2113,0.000000e+00
2114,0.000000e+00
2115,0.000000e+00
2116,0.000000e+00
2117,0.000000e+00
2118,0.000000e+00
2119,0.000000e+00
2120,0.000000e+00
2121,0.000000e+00
2122,0.000000e+00
2123,0.000000e+00
2124,0.000000e+00
2125,0.000000e+00
2126,0.000000e+00
2127,0.000000e+00
2128,0.000000e+00
2129,0.000000e+00
2130,0.000000e+00
2131,0.000000e+00
2132,0.000000e+00
2133,0.000000e+00
2134,0.000000e+00
2135,0.000000e+00
2136,0.000000e+00
2137,0.000000e+00
2138,0.000000e+00
2139,0.000000e+00
2140,0.000000e+00
2141,0.000000e+00
2142,0.000000e+00
2143,0.000000e+00
2144,0.000000e+00
2145,0.000000e+00
2146,0.000000e+00
2147,0.000000e+00
2148,0.000000e+00
2149,0.000000e+00
2150,0.000000e+00
2151,0.000000e+00
2152,0.000000e+00
2153,0.000000e+00
2154,0.000000e+00
2155,0.000000e+00
2156,0.000000e+00
2157,0.000000e+00
2158,0.000000e+00
2159,0.000000e+00
2160,0.000000e+00
2161,0.000000e+00
2162,0.000000e+00
2163,0.000000e+00
2164,0.000000e+00
2165,0.000000e+00
2166,0.000000e+00
2167,0.000000e+00
2168,0.000000e+00
2169,0.000000e+00
2170,0.000000e+00
2171,0.000000e+00
2172,0.000000e+00
2173,0.000000e+00
2174,0.000000e+00
2175,0.000000e+00
2176,0.000000e+00
2177,0.000000e+00
2178,0.000000e+00
2179,0.000000e+00
2180,0.000000e+00
2181,0.000000e+00
2182,0.000000e+00
2183,0.000000e+00
2184,0.000000e+00
2185,0.000000e+00
2186,0.000000e+00
2187,0.000000e+00
2188,0.000000e+00
2189,0.000000e+00
2190,0.000000e+00
2191,0.000000e+00
2192,0.000000e+00
2193,0.000000e+00
2194,0.000000e+00
2195,0.000000e+00
2196,0.000000e+00
2197,0.000000e+00
2198,0.000000e+00
2199,0.000000e+00
2200,0.000000e+00
2201,0.000000e+00
2202,0.000000e+00
2203,0.000000e+00
2204,0.000000e+00
2205,0.000000e+00
2206,0.000000e+00
2207,0.000000e+00
2208,0.000000e+00
2209,0.000000e+00
2210,0.000000e+00
2211,0.000000e+00
2212,0.000000e+00
2213,0.000000e+00
2214,0.000000e+00
2215,0.000000e+00
2216,0.000000e+00
2217,0.000000e+00
2218,0.000000e+00
2219,0.000000e+00
2220,0.000000e+00
2221,0.000000e+00
2222,0.000000e+00
2223,0.000000e+00
2224,0.000000e+00
2225,0.000000e+00
2226,0.000000e+00
2227,0.000000e+00
2228,0.000000e+00
2229,0.000000e+00
2230,0.000000e+00
2231,0.000000e+00
2232,0.000000e+00
2233,0.000000e+00
2234,0.000000e+00
2235,0.000000e+00
2236,0.000000e+00
2237,0.000000e+00
2238,0.000000e+00
2239,0.000000e+00
2240,0.000000e+00
2241,0.000000e+00
2242,0.000000e+00
2243,0.000000e+00
2244,0.000000e+00
2245,0.000000e+00
2246,0.000000e+00
2247,0.000000e+00
2248,0.000000e+00
2249,0.000000e+00
2250,0.000000e+00
2251,0.000000e+00
2252,0.000000e+00
2253,0.000000e+00
2254,0.000000e+00
2255,0.000000e+00
2256,0.000000e+00
2257,0.000000e+00
2258,0.000000e+00
2259,0.000000e+00
2260,0.000000e+00
2261,0.000000e+00
2262,0.000000e+00
2263,0.000000e+00
2264,0.000000e+00
2265,0.000000e+00
2266,0.000000e+00
2267,0.000000e+00
2268,0.000000e+00
2269,0.000000e+00
2270,0.000000e+00
2271,0.000000e+00
2272,0.000000e+00
2273,0.000000e+00
2274,0.000000e+00
2275,0.000000e+00
2276,0.000000e+00
2277,0.000000e+00
2278,0.000000e+00
2279,0.000000e+00
2280,0.000000e+00
2281,0.000000e+00
2282,0.000000e+00
2283,0.000000e+00
2284,0.000000e+00
2285,0.000000e+00
2286,0.000000e+00
2287,0.000000e+00
2288,0.000000e+00
2289,0.000000e+00
2290,0.000000e+00
2291,0.000000e+00
2292,0.000000e+00
2293,0.000000e+00
2294,0.000000e+00
2295,0.000000e+00
2296,0.000000e+00
2297,0.000000e+00
2298,0.000000e+00
2299,0.000000e+00
2300,0.000000e+00
2301,0.000000e+00
2302,0.000000e+00
2303,0.000000e+00
2304,0.000000e+00
2305,0.000000e+00
2306,0.000000e+00
2307,0.000000e+00
2308,0.000000e+00
2309,0.000000e+00
2310,0.000000e+00
2311,0.000000e+00
2312,0.000000e+00
2313,0.000000e+00
2314,0.000000e+00
2315,0.000000e+00
2316,0.000000e+00
2317,0.000000e+00
2318,0.000000e+00
2319,0.000000e+00
2320,0.000000e+00
2321,0.000000e+00
2322,0.000000e+00
2323,0.000000e+00
2324,0.000000e+00
2325,0.000000e+00
2326,0.000000e+00
2327,0.000000e+00
2328,0.000000e+00
2329,0.000000e+00
2330,0.000000e+00
2331,0.000000e+00
2332,0.000000e+00
2333,0.000000e+00
2334,0.000000e+00
2335,0.000000e+00
2336,0.000000e+00
2337,0.000000e+00
2338,0.000000e+00
2339,0.000000e+00
2340,0.000000e+00
2341,0.000000e+00
2342,0.000000e+00
2343,0.000000e+00
2344,0.000000e+00
2345,0.000000e+00
2346,0.000000e+00
2347,0.000000e+00
2348,0.000000e+00
2349,0.000000e+00
2350,0.000000e+00
2351,0.000000e+00
2352,0.000000e+00
2353,0.000000e+00
2354,0.000000e+00
2355,0.000000e+00
2356,0.000000e+00
2357,0.000000e+00
2358,0.000000e+00
2359,0.000000e+00
2360,0.000000e+00
2361,0.000000e+00
2362,0.000000e+00
2363,0.000000e+00
2364,0.000000e+00
2365,0.000000e+00
2366,0.000000e+00
2367,0.000000e+00
2368,0.000000e+00
2369,0.000000e+00
2370,0.000000e+00
2371,0.000000e+00
2372,0.000000e+00
2373,0.000000e+00
2374,0.000000e+00
2375,0.000000e+00
2376,0.000000e+00
2377,0.000000e+00
2378,0.000000e+00
2379,0.000000e+00
2380,0.000000e+00
2381,0.000000e+00
2382,0.000000e+00
2383,0.000000e+00
2384,0.000000e+00
2385,0.000000e+00
2386,0.000000e+00
2387,0.000000e+00
2388,0.000000e+00
2389,0.000000e+00
2390,0.000000e+00
2391,0.000000e+00
2392,0.000000e+00
2393,0.000000e+00
2394,0.000000e+00
2395,0.000000e+00
2396,0.000000e+00
2397,0.000000e+00
2398,0.000000e+00
2399,0.000000e+00
2400,0.000000e+00
2401,0.000000e+00
2402,0.000000e+00
2403,0.000000e+00
2404,0.000000e+00
2405,0.000000e+00
2406,0.000000e+00
2407,0.000000e+00
2408,0.000000e+00
2409,0.000000e+00
2410,0.000000e+00
2411,0.000000e+00
2412,0.000000e+00
2413,0.000000e+00
2414,0.000000e+00
2415,0.000000e+00
2416,0.000000e+00
2417,0.000000e+00
2418,0.000000e+00
2419,0.000000e+00
2420,0.000000e+00
2421,0.000000e+00
2422,0.000000e+00
2423,0.000000e+00
2424,0.000000e+00
2425,0.000000e+00
2426,0.000000e+00
2427,0.000000e+00
2428,0.000000e+00
2429,0.000000e+00
2430,0.000000e+00
2431,0.000000e+00
2432,0.000000e+00
2433,0.000000e+00
2434,0.000000e+00
2435,0.000000e+00
2436,0.000000e+00
2437,0.000000e+00
2438,0.000000e+00
2439,0.000000e+00
2440,0.000000e+00
2441,0.000000e+00
2442,0.000000e+00
2443,0.000000e+00
2444,0.000000e+00
2445,0.000000e+00
2446,0.000000e+00
2447,0.000000e+00
2448,0.000000e+00
2449,0.000000e+00
2450,0.000000e+00
2451,0.000000e+00
2452,0.000000e+00
2453,0.000000e+00
2454,0.000000e+00
2455,0.000000e+00
2456,0.000000e+00
2457,0.000000e+00
2458,0.000000e+00
2459,0.000000e+00
2460,0.000000e+00
2461,0.000000e+00
2462,0.000000e+00
2463,0.000000e+00
2464,0.000000e+00
2465,0.000000e+00
2466,0.000000e+00
2467,0.000000e+00
2468,0.000000e+00
2469,0.000000e+00
2470,0.000000e+00
2471,0.000000e+00
2472,0.000000e+00
2473,0.000000e+00
2474,0.000000e+00
2475,0.000000e+00
2476,0.000000e+00
2477,0.000000e+00
2478,0.000000e+00
2479,0.000000e+00
2480,0.000000e+00
2481,0.000000e+00
2482,0.000000e+00
2483,0.000000e+00
2484,0.000000e+00
2485,0.000000e+00
2486,0.000000e+00
2487,0.000000e+00
2488,0.000000e+00
2489,0.000000e+00
2490,0.000000e+00
2491,0.000000e+00
2492,0.000000e+00
2493,0.000000e+00
2494,0.000000e+00
2495,0.000000e+00
2496,0.000000e+00
2497,0.000000e+00
2498,0.000000e+00
2499,0.000000e+00
2500,0.000000e+00
2501,0.000000e+00
2502,0.000000e+00
2503,0.000000e+00
2504,0.000000e+00
2505,0.000000e+00
2506,0.000000e+00
2507,0.000000e+00
2508,0.000000e+00
2509,0.000000e+00
2510,0.000000e+00
2511,0.000000e+00
2512,0.000000e+00
2513,0.000000e+00
2514,0.000000e+00
2515,0.000000e+00
2516,0.000000e+00
2517,0.000000e+00
2518,0.000000e+00
2519,0.000000e+00
2520,0.000000e+00
2521,0.000000e+00
2522,0.000000e+00
2523,0.000000e+00
2524,0.000000e+00
2525,0.000000e+00
2526,0.000000e+00
2527,0.000000e+00
2528,0.000000e+00
2529,0.000000e+00
2530,0.000000e+00
2531,0.000000e+00
2532,0.000000e+00
2533,0.000000e+00
2534,0.000000e+00
2535,0.000000e+00
2536,0.000000e+00
2537,0.000000e+00
2538,0.000000e+00
2539,0.000000e+00
2540,0.000000e+00
2541,0.000000e+00
2542,0.000000e+00
2543,0.000000e+00
2544,0.000000e+00
2545,0.000000e+00
2546,0.000000e+00
2547,0.000000e+00
2548,0.000000e+00
2549,0.000000e+00
2550,0.000000e+00
2551,0.000000e+00
2552,0.000000e+00
2553,0.000000e+00
2554,0.000000e+00
2555,0.000000e+00
2556,0.000000e+00
2557,0.000000e+00
2558,0.000000e+00
2559,0.000000e+00
2560,0.000000e+00
2561,0.000000e+00
2562,0.000000e+00
2563,0.000000e+00
2564,0.000000e+00
2565,0.000000e+00
2566,0.000000e+00
2567,0.000000e+00
2568,0.000000e+00
2569,0.000000e+00
2570,0.000000e+00
2571,0.000000e+00
2572,0.000000e+00
2573,0.000000e+00
2574,0.000000e+00
2575,0.000000e+00
2576,0.000000e+00
2577,0.000000e+00
2578,0.000000e+00
2579,0.000000e+00
2580,0.000000e+00
2581,0.000000e+00
2582,0.000000e+00
2583,0.000000e+00
2584,0.000000e+00
2585,0.000000e+00
2586,0.000000e+00
2587,0.000000e+00
2588,0.000000e+00
2589,0.000000e+00
2590,0.000000e+00
2591,0.000000e+00
2592,0.000000e+00
2593,0.000000e+00
2594,0.000000e+00
2595,0.000000e+00
2596,0.000000e+00
2597,0.000000e+00
2598,0.000000e+00
2599,0.000000e+00
2600,0.000000e+00
2601,0.000000e+00
2602,0.000000e+00
2603,0.000000e+00
2604,0.000000e+00
2605,0.000000e+00
2606,0.000000e+00
2607,0.000000e+00
2608,0.000000e+00
2609,0.000000e+00
2610,0.000000e+00
2611,0.000000e+00
2612,0.000000e+00
2613,0.000000e+00
2614,0.000000e+00
2615,0.000000e+00
2616,0.000000e+00
2617,0.000000e+00
2618,0.000000e+00
2619,0.000000e+00
2620,0.000000e+00
2621,0.000000e+00
2622,0.000000e+00
2623,0.000000e+00
2624,0.000000e+00
2625,0.000000e+00
2626,0.000000e+00
2627,0.000000e+00
2628,0.000000e+00
2629,0.000000e+00
2630,0.000000e+00
2631,0.000000e+00
2632,0.000000e+00
2633,0.000000e+00
2634,0.000000e+00
2635,0.000000e+00
2636,0.000000e+00
2637,0.000000e+00
2638,0.000000e+00
2639,0.000000e+00
2640,0.000000e+00
2641,0.000000e+00
2642,0.000000e+00
2643,0.000000e+00
2644,0.000000e+00
2645,0.000000e+00
2646,0.000000e+00
2647,0.000000e+00
2648,0.000000e+00
2649,0.000000e+00
2650,0.000000e+00
2651,0.000000e+00
2652,0.000000e+00
2653,0.000000e+00
2654,0.000000e+00
2655,0.000000e+00
2656,0.000000e+00
2657,0.000000e+00
2658,0.000000e+00
2659,0.000000e+00
2660,0.000000e+00
2661,0.000000e+00
2662,0.000000e+00
2663,0.000000e+00
2664,0.000000e+00
2665,0.000000e+00
2666,0.000000e+00
2667,0.000000e+00
2668,0.000000e+00
2669,0.000000e+00
2670,0.000000e+00
2671,0.000000e+00
2672,0.000000e+00
2673,0.000000e+00
2674,0.000000e+00
2675,0.000000e+00
2676,0.000000e+00
2677,0.000000e+00
2678,0.000000e+00
2679,0.000000e+00
2680,0.000000e+00
2681,0.000000e+00
2682,0.000000e+00
2683,0.000000e+00
2684,0.000000e+00
2685,0.000000e+00
2686,0.000000e+00
2687,0.000000e+00
2688,0.000000e+00
2689,0.000000e+00
2690,0.000000e+00
2691,0.000000e+00
2692,0.000000e+00
2693,0.000000e+00
2694,0.000000e+00
2695,0.000000e+00
2696,0.000000e+00
2697,0.000000e+00
2698,0.000000e+00
2699,0.000000e+00
2700,0.000000e+00
2701,0.000000e+00
2702,0.000000e+00
2703,0.000000e+00
2704,0.000000e+00
2705,0.000000e+00
2706,0.000000e+00
2707,0.000000e+00
2708,0.000000e+00
2709,0.000000e+00
2710,0.000000e+00
2711,0.000000e+00
2712,0.000000e+00
2713,0.000000e+00
2714,0.000000e+00
2715,0.000000e+00
2716,0.000000e+00
2717,0.000000e+00
2718,0.000000e+00
2719,0.000000e+00
2720,0.000000e+00
2721,0.000000e+00
2722,0.000000e+00
2723,0.000000e+00
2724,0.000000e+00
2725,0.000000e+00
2726,0.000000e+00
2727,0.000000e+00
2728,0.000000e+00
2729,0.000000e+00
2730,0.000000e+00
2731,0.000000e+00
2732,0.000000e+00
2733,0.000000e+00
2734,0.000000e+00
2735,0.000000e+00
2736,0.000000e+00
2737,0.000000e+00
2738,0.000000e+00
2739,0.000000e+00
2740,0.000000e+00
2741,0.000000e+00
2742,0.000000e+00
2743,0.000000e+00
2744,0.000000e+00
2745,0.000000e+00
2746,0.000000e+00
2747,0.000000e+00
2748,0.000000e+00
2749,0.000000e+00
2750,0.000000e+00
2751,0.000000e+00
2752,0.000000e+00
2753,0.000000e+00
2754,0.000000e+00
2755,0.000000e+00
2756,0.000000e+00
2757,0.000000e+00
2758,0.000000e+00
2759,0.000000e+00
2760,0.000000e+00
2761,0.000000e+00
2762,0.000000e+00
2763,0.000000e+00
2764,0.000000e+00
2765,0.000000e+00
2766,0.000000e+00
2767,0.000000e+00
2768,0.000000e+00
2769,0.000000e+00
2770,0.000000e+00
2771,0.000000e+00
2772,0.000000e+00
2773,0.000000e+00
2774,0.000000e+00
2775,0.000000e+00
2776,0.000000e+00
2777,0.000000e+00
2778,0.000000e+00
2779,0.000000e+00
2780,0.000000e+00
2781,0.000000e+00
2782,0.000000e+00
2783,0.000000e+00
2784,0.000000e+00
2785,0.000000e+00
2786,0.000000e+00
2787,0.000000e+00
2788,0.000000e+00
2789,0.000000e+00
2790,0.000000e+00
2791,0.000000e+00
2792,0.000000e+00
2793,0.000000e+00
2794,0.000000e+00
2795,0.000000e+00
2796,0.000000e+00
2797,0.000000e+00
2798,0.000000e+00
2799,0.000000e+00
2800,0.000000e+00
2801,0.000000e+00
2802,0.000000e+00
2803,0.000000e+00
2804,0.000000e+00
2805,0.000000e+00
2806,0.000000e+00
2807,0.000000e+00
2808,0.000000e+00
2809,0.000000e+00
2810,0.000000e+00
2811,0.000000e+00
2812,0.000000e+00
2813,0.000000e+00
2814,0.000000e+00
2815,0.000000e+00
2816,0.000000e+00
2817,0.000000e+00
2818,0.000000e+00
2819,0.000000e+00
2820,0.000000e+00
2821,0.000000e+00
2822,0.000000e+00
2823,0.000000e+00
2824,0.000000e+00
2825,0.000000e+00
2826,0.000000e+00
2827,0.000000e+00
2828,0.000000e+00
2829,0.000000e+00
2830,0.000000e+00
2831,0.000000e+00
2832,0.000000e+00
2833,0.000000e+00
2834,0.000000e+00
2835,0.000000e+00
2836,0.000000e+00
2837,0.000000e+00
2838,0.000000e+00
2839,0.000000e+00
2840,0.000000e+00
2841,0.000000e+00
2842,0.000000e+00
2843,0.000000e+00
2844,0.000000e+00
2845,0.000000e+00
2846,0.000000e+00
2847,0.000000e+00
2848,0.000000e+00
2849,0.000000e+00
2850,0.000000e+00
2851,0.000000e+00
2852,0.000000e+00
2853,0.000000e+00
2854,0.000000e+00
2855,0.000000e+00
2856,0.000000e+00
2857,0.000000e+00
2858,0.000000e+00
2859,0.000000e+00
2860,0.000000e+00
2861,0.000000e+00
2862,0.000000e+00
2863,0.000000e+00
2864,0.000000e+00
2865,0.000000e+00
2866,0.000000e+00
2867,0.000000e+00
2868,0.000000e+00
2869,0.000000e+00
2870,0.000000e+00
2871,0.000000e+00
2872,0.000000e+00
2873,0.000000e+00
2874,0.000000e+00
2875,0.000000e+00
2876,0.000000e+00
2877,0.000000e+00
2878,0.000000e+00
2879,0.000000e+00
2880,0.000000e+00
2881,0.000000e+00
2882,0.000000e+00
2883,0.000000e+00
2884,0.000000e+00
2885,0.000000e+00
2886,0.000000e+00
2887,0.000000e+00
2888,0.000000e+00
2889,0.000000e+00
2890,0.000000e+00
2891,0.000000e+00
2892,0.000000e+00
2893,0.000000e+00
2894,0.000000e+00
2895,0.000000e+00
2896,0.000000e+00
2897,0.000000e+00
2898,0.000000e+00
2899,0.000000e+00
2900,0.000000e+00
2901,0.000000e+00
2902,0.000000e+00
2903,0.000000e+00
2904,0.000000e+00
2905,0.000000e+00
2906,0.000000e+00
2907,0.000000e+00
2908,0.000000e+00
2909,0.000000e+00
2910,0.000000e+00
2911,0.000000e+00
2912,0.000000e+00
2913,0.000000e+00
2914,0.000000e+00
2915,0.000000e+00
2916,0.000000e+00
2917,0.000000e+00
2918,0.000000e+00
2919,0.000000e+00
2920,0.000000e+00
2921,0.000000e+00
2922,0.000000e+00
2923,0.000000e+00
2924,0.000000e+00
2925,0.000000e+00
2926,0.000000e+00
2927,0.000000e+00
2928,0.000000e+00
2929,0.000000e+00
2930,0.000000e+00
2931,0.000000e+00
2932,0.000000e+00
2933,0.000000e+00
2934,0.000000e+00
2935,0.000000e+00
2936,0.000000e+00
2937,0.000000e+00
2938,0.000000e+00
2939,0.000000e+00
2940,0.000000e+00
2941,0.000000e+00
2942,0.000000e+00
2943,0.000000e+00
2944,0.000000e+00
2945,0.000000e+00
2946,0.000000e+00
2947,0.000000e+00
2948,0.000000e+00
2949,0.000000e+00
2950,0.000000e+00
2951,0.000000e+00
2952,0.000000e+00
2953,0.000000e+00
2954,0.000000e+00
2955,0.000000e+00
2956,0.000000e+00
2957,0.000000e+00
2958,0.000000e+00
2959,0.000000e+00
2960,0.000000e+00
2961,0.000000e+00
2962,0.000000e+00
2963,0.000000e+00
2964,0.000000e+00
2965,0.000000e+00
2966,0.000000e+00
2967,0.000000e+00
2968,0.000000e+00
2969,0.000000e+00
2970,0.000000e+00
2971,0.000000e+00
2972,0.000000e+00
2973,0.000000e+00
2974,0.000000e+00
2975,0.000000e+00
2976,0.000000e+00
2977,0.000000e+00
2978,0.000000e+00
2979,0.000000e+00
2980,0.000000e+00
2981,0.000000e+00
2982,0.000000e+00
2983,0.000000e+00
2984,0.000000e+00
2985,0.000000e+00
2986,0.000000e+00
2987,0.000000e+00
2988,0.000000e+00
2989,0.000000e+00
2990,0.000000e+00
2991,0.000000e+00
2992,0.000000e+00
2993,0.000000e+00
2994,0.000000e+00
2995,0.000000e+00
2996,0.000000e+00
2997,0.000000e+00
2998,0.000000e+00
2999,0.000000e+00
3000,0.000000e+00
3001,0.000000e+00
3002,0.000000e+00
3003,0.000000e+00
3004,0.000000e+00
3005,0.000000e+00
3006,0.000000e+00
3007,0.000000e+00
3008,0.000000e+00
3009,0.000000e+00
3010,0.000000e+00
3011,0.000000e+00
3012,0.000000e+00
3013,0.000000e+00
3014,0.000000e+00
3015,0.000000e+00
3016,0.000000e+00
3017,0.000000e+00
3018,0.000000e+00
3019,0.000000e+00
3020,0.000000e+00
3021,0.000000e+00
3022,0.000000e+00
3023,0.000000e+00
3024,0.000000e+00
3025,0.000000e+00
3026,0.000000e+00
3027,0.000000e+00
3028,0.000000e+00
3029,0.000000e+00
3030,0.000000e+00
3031,0.000000e+00
3032,0.000000e+00
3033,0.000000e+00
3034,0.000000e+00
3035,0.000000e+00
3036,0.000000e+00
3037,0.000000e+00
3038,0.000000e+00
3039,0.000000e+00
3040,0.000000e+00
3041,0.000000e+00
3042,0.000000e+00
3043,0.000000e+00
3044,0.000000e+00
3045,0.000000e+00
3046,0.000000e+00
3047,0.000000e+00
3048,0.000000e+00
3049,0.000000e+00
3050,0.000000e+00
3051,0.000000e+00
3052,0.000000e+00
3053,0.000000e+00
3054,0.000000e+00
3055,0.000000e+00
3056,0.000000e+00
3057,0.000000e+00
3058,0.000000e+00
3059,0.000000e+00
3060,0.000000e+00
3061,0.000000e+00
3062,0.000000e+00
3063,0.000000e+00
3064,0.000000e+00
3065,0.000000e+00
3066,0.000000e+00
3067,0.000000e+00
3068,0.000000e+00
3069,0.000000e+00
3070,0.000000e+00
3071,0.000000e+00
3072,0.000000e+00
3073,0.000000e+00
3074,0.000000e+00
3075,0.000000e+00
3076,0.000000e+00
3077,0.000000e+00
3078,0.000000e+00
3079,0.000000e+00
3080,0.000000e+00
3081,0.000000e+00
3082,0.000000e+00
3083,0.000000e+00
3084,0.000000e+00
3085,0.000000e+00
3086,0.000000e+00
3087,0.000000e+00
3088,0.000000e+00
3089,0.000000e+00
3090,0.000000e+00
3091,0.000000e+00
3092,0.000000e+00
3093,0.000000e+00
3094,0.000000e+00
3095,0.000000e+00
3096,0.000000e+00
3097,0.000000e+00
3098,0.000000e+00
3099,0.000000e+00
3100,0.000000e+00
3101,0.000000e+00
3102,0.000000e+00
3103,0.000000e+00
3104,0.000000e+00
3105,0.000000e+00
3106,0.000000e+00
3107,0.000000e+00
3108,0.000000e+00
3109,0.000000e+00
3110,0.000000e+00
3111,0.000000e+00
3112,0.000000e+00
3113,0.000000e+00
3114,0.000000e+00
3115,0.000000e+00
3116,0.000000e+00
3117,0.000000e+00
3118,0.000000e+00
3119,0.000000e+00
3120,0.000000e+00
3121,0.000000e+00
3122,0.000000e+00
3123,0.000000e+00
3124,0.000000e+00
3125,0.000000e+00
3126,0.000000e+00
3127,0.000000e+00
3128,0.000000e+00
3129,0.000000e+00
3130,0.000000e+00
3131,0.000000e+00
3132,0.000000e+00
3133,0.000000e+00
3134,0.000000e+00
3135,0.000000e+00
3136,0.000000e+00
3137,0.000000e+00
3138,0.000000e+00
3139,0.000000e+00
3140,0.000000e+00
3141,0.000000e+00
3142,0.000000e+00
3143,0.000000e+00
3144,0.000000e+00
3145,0.000000e+00
3146,0.000000e+00
3147,0.000000e+00
3148,0.000000e+00
3149,0.000000e+00
3150,0.000000e+00
3151,0.000000e+00
3152,0.000000e+00
3153,0.000000e+00
3154,0.000000e+00
3155,0.000000e+00
3156,0.000000e+00
3157,0.000000e+00
3158,0.000000e+00
3159,0.000000e+00
3160,0.000000e+00
3161,0.000000e+00
3162,0.000000e+00
3163,0.000000e+00
3164,0.000000e+00
3165,0.000000e+00
3166,0.000000e+00
3167,0.000000e+00
3168,0.000000e+00
3169,0.000000e+00
3170,0.000000e+00
3171,0.000000e+00
3172,0.000000e+00
3173,0.000000e+00
3174,0.000000e+00
3175,0.000000e+00
3176,0.000000e+00
3177,0.000000e+00
3178,0.000000e+00
3179,0.000000e+00
3180,0.000000e+00
3181,0.000000e+00
3182,0.000000e+00
3183,0.000000e+00
3184,0.000000e+00
3185,0.000000e+00
3186,0.000000e+00
3187,0.000000e+00
3188,0.000000e+00
3189,0.000000e+00
3190,0.000000e+00
3191,0.000000e+00
3192,0.000000e+00
3193,0.000000e+00
3194,0.000000e+00
3195,0.000000e+00
3196,0.000000e+00
3197,0.000000e+00
3198,0.000000e+00
3199,0.000000e+00
3200,0.000000e+00
3201,0.000000e+00
3202,0.000000e+00
3203,0.000000e+00
3204,0.000000e+00
3205,0.000000e+00
3206,0.000000e+00
3207,0.000000e+00
3208,0.000000e+00
3209,0.000000e+00
3210,0.000000e+00
3211,0.000000e+00
3212,0.000000e+00
3213,0.000000e+00
3214,0.000000e+00
3215,0.000000e+00
3216,0.000000e+00
3217,0.000000e+00
3218,0.000000e+00
3219,0.000000e+00
3220,0.000000e+00
3221,0.000000e+00
3222,0.000000e+00
3223,0.000000e+00
3224,0.000000e+00
3225,0.000000e+00
3226,0.000000e+00
3227,0.000000e+00
3228,0.000000e+00
3229,0.000000e+00
3230,0.000000e+00
3231,0.000000e+00
3232,0.000000e+00
3233,0.000000e+00
3234,0.000000e+00
3235,0.000000e+00
3236,0.000000e+00
3237,0.000000e+00
3238,0.000000e+00
3239,0.000000e+00
3240,0.000000e+00
3241,0.000000e+00
3242,0.000000e+00
3243,0.000000e+00
3244,0.000000e+00
3245,0.000000e+00
3246,0.000000e+00
3247,0.000000e+00
3248,0.000000e+00
3249,0.000000e+00
3250,0.000000e+00
3251,0.000000e+00
3252,0.000000e+00
3253,0.000000e+00
3254,0.000000e+00
3255,0.000000e+00
3256,0.000000e+00
3257,0.000000e+00
3258,0.000000e+00
3259,0.000000e+00
3260,0.000000e+00
3261,0.000000e+00
3262,0.000000e+00
3263,0.000000e+00
3264,0.000000e+00
3265,0.000000e+00
3266,0.000000e+00
3267,0.000000e+00
3268,0.000000e+00
3269,0.000000e+00
3270,0.000000e+00
3271,0.000000e+00
3272,0.000000e+00
3273,0.000000e+00
3274,0.000000e+00
3275,0.000000e+00
3276,0.000000e+00
3277,0.000000e+00
3278,0.000000e+00
3279,0.000000e+00
3280,0.000000e+00
3281,0.000000e+00
3282,0.000000e+00
3283,0.000000e+00
3284,0.000000e+00
3285,0.000000e+00
3286,0.000000e+00
3287,0.000000e+00
3288,0.000000e+00
3289,0.000000e+00
3290,0.000000e+00
3291,0.000000e+00
3292,0.000000e+00
3293,0.000000e+00
3294,0.000000e+00
3295,0.000000e+00
3296,0.000000e+00
3297,0.000000e+00
3298,0.000000e+00
3299,0.000000e+00
3300,0.000000e+00
3301,0.000000e+00
3302,0.000000e+00
3303,0.000000e+00
3304,0.000000e+00
3305,0.000000e+00
3306,0.000000e+00
3307,0.000000e+00
3308,0.000000e+00
3309,0.000000e+00
3310,0.000000e+00
3311,0.000000e+00
3312,0.000000e+00
3313,0.000000e+00
3314,0.000000e+00
3315,0.000000e+00
3316,0.000000e+00
3317,0.000000e+00
3318,0.000000e+00
3319,0.000000e+00
3320,0.000000e+00
3321,0.000000e+00
3322,0.000000e+00
3323,0.000000e+00
3324,0.000000e+00
3325,0.000000e+00
3326,0.000000e+00
3327,0.000000e+00
3328,0.000000e+00
3329,0.000000e+00
3330,0.000000e+00
3331,0.000000e+00
3332,0.000000e+00
3333,0.000000e+00
3334,0.000000e+00
3335,0.000000e+00
3336,0.000000e+00
3337,0.000000e+00
3338,0.000000e+00
3339,0.000000e+00
3340,0.000000e+00
3341,0.000000e+00
3342,0.000000e+00
3343,0.000000e+00
3344,0.000000e+00
3345,0.000000e+00
3346,0.000000e+00
3347,0.000000e+00
3348,0.000000e+00
3349,0.000000e+00
3350,0.000000e+00
3351,0.000000e+00
3352,0.000000e+00
3353,0.000000e+00
3354,0.000000e+00
3355,0.000000e+00
3356,0.000000e+00
3357,0.000000e+00
3358,0.000000e+00
3359,0.000000e+00
3360,0.000000e+00
3361,0.000000e+00
3362,0.000000e+00
3363,0.000000e+00
3364,0.000000e+00
3365,0.000000e+00
3366,0.000000e+00
3367,0.000000e+00
3368,0.000000e+00
3369,0.000000e+00
3370,0.000000e+00
3371,0.000000e+00
3372,0.000000e+00
3373,0.000000e+00
3374,0.000000e+00
3375,0.000000e+00
3376,0.000000e+00
3377,0.000000e+00
3378,0.000000e+00
3379,0.000000e+00
3380,0.000000e+00
3381,0.000000e+00
3382,0.000000e+00
3383,0.000000e+00
3384,0.000000e+00
3385,0.000000e+00
3386,0.000000e+00
3387,0.000000e+00
3388,0.000000e+00
3389,0.000000e+00
3390,0.000000e+00
3391,0.000000e+00
3392,0.000000e+00
3393,0.000000e+00
3394,0.000000e+00
3395,0.000000e+00
3396,0.000000e+00
3397,0.000000e+00
3398,0.000000e+00
3399,0.000000e+00
3400,0.000000e+00
3401,0.000000e+00
3402,0.000000e+00
3403,0.000000e+00
3404,0.000000e+00
3405,0.000000e+00
3406,0.000000e+00
3407,0.000000e+00
3408,0.000000e+00
3409,0.000000e+00
3410,0.000000e+00
3411,0.000000e+00
3412,0.000000e+00
3413,0.000000e+00
3414,0.000000e+00
3415,0.000000e+00
3416,0.000000e+00
3417,0.000000e+00
3418,0.000000e+00
3419,0.000000e+00
3420,0.000000e+00
3421,0.000000e+00
3422,0.000000e+00
3423,0.000000e+00
3424,0.000000e+00
3425,0.000000e+00
3426,0.000000e+00
3427,0.000000e+00
3428,0.000000e+00
3429,0.000000e+00
3430,0.000000e+00
3431,0.000000e+00
3432,0.000000e+00
3433,0.000000e+00
3434,0.000000e+00
3435,0.000000e+00
3436,0.000000e+00
3437,0.000000e+00
3438,0.000000e+00
3439,0.000000e+00
3440,0.000000e+00
3441,0.000000e+00
3442,0.000000e+00
3443,0.000000e+00
3444,0.000000e+00
3445,0.000000e+00
3446,0.000000e+00
3447,0.000000e+00
3448,0.000000e+00
3449,0.000000e+00
3450,0.000000e+00
3451,0.000000e+00
3452,0.000000e+00
3453,0.000000e+00
3454,0.000000e+00
3455,0.000000e+00
3456,0.000000e+00
3457,0.000000e+00
3458,0.000000e+00
3459,0.000000e+00
3460,0.000000e+00
3461,0.000000e+00
3462,0.000000e+00
3463,0.000000e+00
3464,0.000000e+00
3465,0.000000e+00
3466,0.000000e+00
3467,0.000000e+00
3468,0.000000e+00
3469,0.000000e+00
3470,0.000000e+00
3471,0.000000e+00
3472,0.000000e+00
3473,0.000000e+00
3474,0.000000e+00
3475,0.000000e+00
3476,0.000000e+00
3477,0.000000e+00
3478,0.000000e+00
3479,0.000000e+00
3480,0.000000e+00
3481,0.000000e+00
3482,0.000000e+00
3483,0.000000e+00
3484,0.000000e+00
3485,0.000000e+00
3486,0.000000e+00
3487,0.000000e+00
3488,0.000000e+00
3489,0.000000e+00
3490,0.000000e+00
3491,0.000000e+00
3492,0.000000e+00
3493,0.000000e+00
3494,0.000000e+00
3495,0.000000e+00
3496,0.000000e+00
3497,0.000000e+00
3498,0.000000e+00
3499,0.000000e+00
3500,0.000000e+00
3501,0.000000e+00
3502,0.000000e+00
3503,0.000000e+00
3504,0.000000e+00
3505,0.000000e+00
3506,0.000000e+00
3507,0.000000e+00
3508,0.000000e+00
3509,0.000000e+00
3510,0.000000e+00
3511,0.000000e+00
3512,0.000000e+00
3513,0.000000e+00
3514,0.000000e+00
3515,0.000000e+00
3516,0.000000e+00
3517,0.000000e+00
3518,0.000000e+00
3519,0.000000e+00
3520,0.000000e+00
3521,0.000000e+00
3522,0.000000e+00
3523,0.000000e+00
3524,0.000000e+00
3525,0.000000e+00
3526,0.000000e+00
3527,0.000000e+00
3528,0.000000e+00
3529,0.000000e+00
3530,0.000000e+00
3531,0.000000e+00
3532,0.000000e+00
3533,0.000000e+00
3534,0.000000e+00
3535,0.000000e+00
3536,0.000000e+00
3537,0.000000e+00
3538,0.000000e+00
3539,0.000000e+00
3540,0.000000e+00
3541,0.000000e+00
3542,0.000000e+00
3543,0.000000e+00
3544,0.000000e+00
3545,0.000000e+00
3546,0.000000e+00
3547,0.000000e+00
3548,0.000000e+00
3549,0.000000e+00
3550,0.000000e+00
3551,0.000000e+00
3552,0.000000e+00
3553,0.000000e+00
3554,0.000000e+00
3555,0.000000e+00
3556,0.000000e+00
3557,0.000000e+00
3558,0.000000e+00
3559,0.000000e+00
3560,0.000000e+00
3561,0.000000e+00
3562,0.000000e+00
3563,0.000000e+00
3564,0.000000e+00
3565,0.000000e+00
3566,0.000000e+00
3567,0.000000e+00
3568,0.000000e+00
3569,0.000000e+00
3570,0.000000e+00
3571,0.000000e+00
3572,0.000000e+00
3573,0.000000e+00
3574,0.000000e+00
3575,0.000000e+00
3576,0.000000e+00
3577,0.000000e+00
3578,0.000000e+00
3579,0.000000e+00
3580,0.000000e+00
3581,0.000000e+00
3582,0.000000e+00
3583,0.000000e+00
3584,0.000000e+00
3585,0.000000e+00
3586,0.000000e+00
3587,0.000000e+00
3588,0.000000e+00
3589,0.000000e+00
3590,0.000000e+00
3591,0.000000e+00
3592,0.000000e+00
3593,0.000000e+00
3594,0.000000e+00
3595,0.000000e+00
3596,0.000000e+00
3597,0.000000e+00
3598,0.000000e+00
3599,0.000000e+00
3600,0.000000e+00
3601,0.000000e+00
3602,0.000000e+00
3603,0.000000e+00
3604,0.000000e+00
3605,0.000000e+00
3606,0.000000e+00
3607,0.000000e+00
3608,0.000000e+00
3609,0.000000e+00
3610,0.000000e+00
3611,0.000000e+00
3612,0.000000e+00
3613,0.000000e+00
3614,0.000000e+00
3615,0.000000e+00
3616,0.000000e+00
3617,0.000000e+00
3618,0.000000e+00
3619,0.000000e+00
3620,0.000000e+00
3621,0.000000e+00
3622,0.000000e+00
3623,0.000000e+00
3624,0.000000e+00
3625,0.000000e+00
3626,0.000000e+00
3627,0.000000e+00
3628,0.000000e+00
3629,0.000000e+00
3630,0.000000e+00
3631,0.000000e+00
3632,0.000000e+00
3633,0.000000e+00
3634,0.000000e+00
3635,0.000000e+00
3636,0.000000e+00
3637,0.000000e+00
3638,0.000000e+00
3639,0.000000e+00
3640,0.000000e+00
3641,0.000000e+00
3642,0.000000e+00
3643,0.000000e+00
3644,0.000000e+00
3645,0.000000e+00
3646,0.000000e+00
3647,0.000000e+00
3648,0.000000e+00
3649,0.000000e+00
3650,0.000000e+00
3651,0.000000e+00
3652,0.000000e+00
3653,0.000000e+00
3654,0.000000e+00
3655,0.000000e+00
3656,0.000000e+00
3657,0.000000e+00
3658,0.000000e+00
3659,0.000000e+00
3660,0.000000e+00
3661,0.000000e+00
3662,0.000000e+00
3663,0.000000e+00
3664,0.000000e+00
3665,0.000000e+00
3666,0.000000e+00
3667,0.000000e+00
3668,0.000000e+00
3669,0.000000e+00
3670,0.000000e+00
3671,0.000000e+00
3672,0.000000e+00
3673,0.000000e+00
3674,0.000000e+00
3675,0.000000e+00
3676,0.000000e+00
3677,0.000000e+00
3678,0.000000e+00
3679,0.000000e+00
3680,0.000000e+00
3681,0.000000e+00
3682,0.000000e+00
3683,0.000000e+00
3684,0.000000e+00
3685,0.000000e+00
3686,0.000000e+00
3687,0.000000e+00
3688,0.000000e+00
3689,0.000000e+00
3690,0.000000e+00
3691,0.000000e+00
3692,0.000000e+00
3693,0.000000e+00
3694,0.000000e+00
3695,0.000000e+00
3696,0.000000e+00
3697,0.000000e+00
3698,0.000000e+00
3699,0.000000e+00
3700,0.000000e+00
3701,0.000000e+00
3702,0.000000e+00
3703,0.000000e+00
3704,0.000000e+00
3705,0.000000e+00
3706,0.000000e+00
3707,0.000000e+00
3708,0.000000e+00
3709,0.000000e+00
3710,0.000000e+00
3711,0.000000e+00
3712,0.000000e+00
3713,0.000000e+00
3714,0.000000e+00
3715,0.000000e+00
3716,0.000000e+00
3717,0.000000e+00
3718,0.000000e+00
3719,0.000000e+00
3720,0.000000e+00
3721,0.000000e+00
3722,0.000000e+00
3723,0.000000e+00
3724,0.000000e+00
3725,0.000000e+00
3726,0.000000e+00
3727,0.000000e+00
3728,0.000000e+00
3729,0.000000e+00
3730,0.000000e+00
3731,0.000000e+00
3732,0.000000e+00
3733,0.000000e+00
3734,0.000000e+00
3735,0.000000e+00
3736,0.000000e+00
3737,0.000000e+00
3738,0.000000e+00
3739,0.000000e+00
3740,0.000000e+00
3741,0.000000e+00
3742,0.000000e+00
3743,0.000000e+00
3744,0.000000e+00
3745,0.000000e+00
3746,0.000000e+00
3747,0.000000e+00
3748,0.000000e+00
3749,0.000000e+00
3750,0.000000e+00
3751,0.000000e+00
3752,0.000000e+00
3753,0.000000e+00
3754,0.000000e+00
3755,0.000000e+00
3756,0.000000e+00
3757,0.000000e+00
3758,0.000000e+00
3759,0.000000e+00
3760,0.000000e+00
3761,0.000000e+00
3762,0.000000e+00
3763,0.000000e+00
3764,0.000000e+00
3765,0.000000e+00
3766,0.000000e+00
3767,0.000000e+00
3768,0.000000e+00
3769,0.000000e+00
3770,0.000000e+00
3771,0.000000e+00
3772,0.000000e+00
3773,0.000000e+00
3774,0.000000e+00
3775,0.000000e+00
3776,0.000000e+00
3777,0.000000e+00
3778,0.000000e+00
3779,0.000000e+00
3780,0.000000e+00
3781,0.000000e+00
3782,0.000000e+00
3783,0.000000e+00
3784,0.000000e+00
3785,0.000000e+00
3786,0.000000e+00
3787,0.000000e+00
3788,0.000000e+00
3789,0.000000e+00
3790,0.000000e+00
3791,0.000000e+00
3792,0.000000e+00
3793,0.000000e+00
3794,0.000000e+00
3795,0.000000e+00
3796,0.000000e+00
3797,0.000000e+00
3798,0.000000e+00
3799,0.000000e+00
3800,0.000000e+00
3801,0.000000e+00
3802,0.000000e+00
3803,0.000000e+00
3804,0.000000e+00
3805,0.000000e+00
3806,0.000000e+00
3807,0.000000e+00
3808,0.000000e+00
3809,0.000000e+00
3810,0.000000e+00
3811,0.000000e+00
3812,0.000000e+00
3813,0.000000e+00
3814,0.000000e+00
3815,0.000000e+00
3816,0.000000e+00
3817,0.000000e+00
3818,0.000000e+00
3819,0.000000e+00
3820,0.000000e+00
3821,0.000000e+00
3822,0.000000e+00
3823,0.000000e+00
3824,0.000000e+00
3825,0.000000e+00
3826,0.000000e+00
3827,0.000000e+00
3828,0.000000e+00
3829,0.000000e+00
3830,0.000000e+00
3831,0.000000e+00
3832,0.000000e+00
3833,0.000000e+00
3834,0.000000e+00
3835,0.000000e+00
3836,0.000000e+00
3837,0.000000e+00
3838,0.000000e+00
3839,0.000000e+00
3840,0.000000e+00
3841,0.000000e+00
3842,0.000000e+00
3843,0.000000e+00
3844,0.000000e+00
3845,0.000000e+00
3846,0.000000e+00
3847,0.000000e+00
3848,0.000000e+00
3849,0.000000e+00
3850,0.000000e+00
3851,0.000000e+00
3852,0.000000e+00
3853,0.000000e+00
3854,0.000000e+00
3855,0.000000e+00
3856,0.000000e+00
3857,0.000000e+00
3858,0.000000e+00
3859,0.000000e+00
3860,0.000000e+00
3861,0.000000e+00
3862,0.000000e+00
3863,0.000000e+00
3864,0.000000e+00
3865,0.000000e+00
3866,0.000000e+00
3867,0.000000e+00
3868,0.000000e+00
3869,0.000000e+00
3870,0.000000e+00
3871,0.000000e+00
3872,0.000000e+00
3873,0.000000e+00
3874,0.000000e+00
3875,0.000000e+00
3876,0.000000e+00
3877,0.000000e+00
3878,0.000000e+00
3879,0.000000e+00
3880,0.000000e+00
3881,0.000000e+00
3882,0.000000e+00
3883,0.000000e+00
3884,0.000000e+00
3885,0.000000e+00
3886,0.000000e+00
3887,0.000000e+00
3888,0.000000e+00
3889,0.000000e+00
3890,0.000000e+00
3891,0.000000e+00
3892,0.000000e+00
3893,0.000000e+00
3894,0.000000e+00
3895,0.000000e+00
3896,0.000000e+00
3897,0.000000e+00
3898,0.000000e+00
3899,0.000000e+00
3900,0.000000e+00
3901,0.000000e+00
3902,0.000000e+00
3903,0.000000e+00
3904,0.000000e+00
3905,0.000000e+00
3906,0.000000e+00
3907,0.000000e+00
3908,0.000000e+00
3909,0.000000e+00
3910,0.000000e+00
3911,0.000000e+00
3912,0.000000e+00
3913,0.000000e+00
3914,0.000000e+00
3915,0.000000e+00
3916,0.000000e+00
3917,0.000000e+00
3918,0.000000e+00
3919,0.000000e+00
3920,0.000000e+00
3921,0.000000e+00
3922,0.000000e+00
3923,0.000000e+00
3924,0.000000e+00
3925,0.000000e+00
3926,0.000000e+00
3927,0.000000e+00
3928,0.000000e+00
3929,0.000000e+00
3930,0.000000e+00
3931,0.000000e+00
3932,0.000000e+00
3933,0.000000e+00
3934,0.000000e+00
3935,0.000000e+00
3936,0.000000e+00
3937,0.000000e+00
3938,0.000000e+00
3939,0.000000e+00
3940,0.000000e+00
3941,0.000000e+00
3942,0.000000e+00
3943,0.000000e+00
3944,0.000000e+00
3945,0.000000e+00
3946,0.000000e+00
3947,0.000000e+00
3948,0.000000e+00
3949,0.000000e+00
3950,0.000000e+00
3951,0.000000e+00
3952,0.000000e+00
3953,0.000000e+00
3954,0.000000e+00
3955,0.000000e+00
3956,0.000000e+00
3957,0.000000e+00
3958,0.000000e+00
3959,0.000000e+00
3960,0.000000e+00
3961,0.000000e+00
3962,0.000000e+00
3963,0.000000e+00
3964,0.000000e+00
3965,0.000000e+00
3966,0.000000e+00
3967,0.000000e+00
3968,0.000000e+00
3969,0.000000e+00
3970,0.000000e+00
3971,0.000000e+00
3972,0.000000e+00
3973,0.000000e+00
3974,0.000000e+00
3975,0.000000e+00
3976,0.000000e+00
3977,0.000000e+00
3978,0.000000e+00
3979,0.000000e+00
3980,0.000000e+00
3981,0.000000e+00
3982,0.000000e+00
3983,0.000000e+00
3984,0.000000e+00
3985,0.000000e+00
3986,0.000000e+00
3987,0.000000e+00
3988,0.000000e+00
3989,0.000000e+00
3990,0.000000e+00
3991,0.000000e+00
3992,0.000000e+00
3993,0.000000e+00
3994,0.000000e+00
3995,0.000000e+00
3996,0.000000e+00
3997,0.000000e+00
3998,0.000000e+00
3999,0.000000e+00
4000,0.000000e+00
4001,0.000000e+00
4002,0.000000e+00
4003,0.000000e+00
4004,0.000000e+00
4005,0.000000e+00
4006,0.000000e+00
4007,0.000000e+00
4008,0.000000e+00
4009,0.000000e+00
4010,0.000000e+00
4011,0.000000e+00
4012,0.000000e+00
4013,0.000000e+00
4014,0.000000e+00
4015,0.000000e+00
4016,0.000000e+00
4017,0.000000e+00
4018,0.000000e+00
4019,0.000000e+00
4020,0.000000e+00
4021,0.000000e+00
4022,0.000000e+00
4023,0.000000e+00
4024,0.000000e+00
4025,0.000000e+00
4026,0.000000e+00
4027,0.000000e+00
4028,0.000000e+00
4029,0.000000e+00
4030,0.000000e+00
4031,0.000000e+00
4032,0.000000e+00
4033,0.000000e+00
4034,0.000000e+00
4035,0.000000e+00
4036,0.000000e+00
4037,0.000000e+00
4038,0.000000e+00
4039,0.000000e+00
4040,0.000000e+00
4041,0.000000e+00
4042,0.000000e+00
4043,0.000000e+00
4044,0.000000e+00
4045,0.000000e+00
4046,0.000000e+00
4047,0.000000e+00
4048,0.000000e+00
4049,0.000000e+00
4050,0.000000e+00
4051,0.000000e+00
4052,0.000000e+00
4053,0.000000e+00
4054,0.000000e+00
4055,0.000000e+00
4056,0.000000e+00
4057,0.000000e+00
4058,0.000000e+00
4059,0.000000e+00
4060,0.000000e+00
4061,0.000000e+00
4062,0.000000e+00
4063,0.000000e+00
4064,0.000000e+00
4065,0.000000e+00
4066,0.000000e+00
4067,0.000000e+00
4068,0.000000e+00
4069,0.000000e+00
4070,0.000000e+00
4071,0.000000e+00
4072,0.000000e+00
4073,0.000000e+00
4074,0.000000e+00
4075,0.000000e+00
4076,0.000000e+00
4077,0.000000e+00
4078,0.000000e+00
4079,0.000000e+00
4080,0.000000e+00
4081,0.000000e+00
4082,0.000000e+00
4083,0.000000e+00
4084,0.000000e+00
4085,0.000000e+00
4086,0.000000e+00
4087,0.000000e+00
4088,0.000000e+00
4089,0.000000e+00
4090,0.000000e+00
4091,0.000000e+00
4092,0.000000e+00
4093,0.000000e+00
4094,0.000000e+00
4095,0.000000e+00
4096,0.000000e+00
4097,0.000000e+00
4098,0.000000e+00
4099,0.000000e+00
4100,0.000000e+00
4101,0.000000e+00
4102,0.000000e+00
4103,0.000000e+00
4104,0.000000e+00
4105,0.000000e+00
4106,0.000000e+00
4107,0.000000e+00
4108,0.000000e+00
4109,0.000000e+00
4110,0.000000e+00
4111,0.000000e+00
4112,0.000000e+00
4113,0.000000e+00
4114,0.000000e+00
4115,0.000000e+00
4116,0.000000e+00
4117,0.000000e+00
4118,0.000000e+00
4119,0.000000e+00
4120,0.000000e+00
4121,0.000000e+00
4122,0.000000e+00
4123,0.000000e+00
4124,0.000000e+00
4125,0.000000e+00
4126,0.000000e+00
4127,0.000000e+00
4128,0.000000e+00
4129,0.000000e+00
4130,0.000000e+00
4131,0.000000e+00
4132,0.000000e+00
4133,0.000000e+00
4134,0.000000e+00
4135,0.000000e+00
4136,0.000000e+00
4137,0.000000e+00
4138,0.000000e+00
4139,0.000000e+00
4140,0.000000e+00
4141,0.000000e+00
4142,0.000000e+00
4143,0.000000e+00
4144,0.000000e+00
4145,0.000000e+00
4146,0.000000e+00
4147,0.000000e+00
4148,0.000000e+00
4149,0.000000e+00
4150,0.000000e+00
4151,0.000000e+00
4152,0.000000e+00
4153,0.000000e+00
4154,0.000000e+00
4155,0.000000e+00
4156,0.000000e+00
4157,0.000000e+00
4158,0.000000e+00
4159,0.000000e+00
4160,0.000000e+00
4161,0.000000e+00
4162,0.000000e+00
4163,0.000000e+00
4164,0.000000e+00
4165,0.000000e+00
4166,0.000000e+00
4167,0.000000e+00
4168,0.000000e+00
4169,0.000000e+00
4170,0.000000e+00
4171,0.000000e+00
4172,0.000000e+00
4173,0.000000e+00
4174,0.000000e+00
4175,0.000000e+00
4176,0.000000e+00
4177,0.000000e+00
4178,0.000000e+00
4179,0.000000e+00
4180,0.000000e+00
4181,0.000000e+00
4182,0.000000e+00
4183,0.000000e+00
4184,0.000000e+00
4185,0.000000e+00
4186,0.000000e+00
4187,0.000000e+00
4188,0.000000e+00
4189,0.000000e+00
4190,0.000000e+00
4191,0.000000e+00
4192,0.000000e+00
4193,0.000000e+00
4194,0.000000e+00
4195,0.000000e+00
4196,0.000000e+00
4197,0.000000e+00
4198,0.000000e+00
4199,0.000000e+00
4200,0.000000e+00
4201,0.000000e+00
4202,0.000000e+00
4203,0.000000e+00
4204,0.000000e+00
4205,0.000000e+00
4206,0.000000e+00
4207,0.000000e+00
4208,0.000000e+00
4209,0.000000e+00
4210,0.000000e+00
4211,0.000000e+00
4212,0.000000e+00
4213,0.000000e+00
4214,0.000000e+00
4215,0.000000e+00
4216,0.000000e+00
4217,0.000000e+00
4218,0.000000e+00
4219,0.000000e+00
4220,0.000000e+00
4221,0.000000e+00
4222,0.000000e+00
4223,0.000000e+00
4224,0.000000e+00
4225,0.000000e+00
4226,0.000000e+00
4227,0.000000e+00
4228,0.000000e+00
4229,0.000000e+00
4230,0.000000e+00
4231,0.000000e+00
4232,0.000000e+00
4233,0.000000e+00
4234,0.000000e+00
4235,0.000000e+00
4236,0.000000e+00
4237,0.000000e+00
4238,0.000000e+00
4239,0.000000e+00
4240,0.000000e+00
4241,0.000000e+00
4242,0.000000e+00
4243,0.000000e+00
4244,0.000000e+00
4245,0.000000e+00
4246,0.000000e+00
4247,0.000000e+00
4248,0.000000e+00
4249,0.000000e+00
4250,0.000000e+00
4251,0.000000e+00
4252,0.000000e+00
4253,0.000000e+00
4254,0.000000e+00
4255,0.000000e+00
4256,0.000000e+00
4257,0.000000e+00
4258,0.000000e+00
4259,0.000000e+00
4260,0.000000e+00
4261,0.000000e+00
4262,0.000000e+00
4263,0.000000e+00
4264,0.000000e+00
4265,0.000000e+00
4266,0.000000e+00
4267,0.000000e+00
4268,0.000000e+00
4269,0.000000e+00
4270,0.000000e+00
4271,0.000000e+00
4272,0.000000e+00
4273,0.000000e+00
4274,0.000000e+00
4275,0.000000e+00
4276,0.000000e+00
4277,0.000000e+00
4278,0.000000e+00
4279,0.000000e+00
4280,0.000000e+00
4281,0.000000e+00
4282,0.000000e+00
4283,0.000000e+00
4284,0.000000e+00
4285,0.000000e+00
4286,0.000000e+00
4287,0.000000e+00
4288,0.000000e+00
4289,0.000000e+00
4290,0.000000e+00
4291,0.000000e+00
4292,0.000000e+00
4293,0.000000e+00
4294,0.000000e+00
4295,0.000000e+00
4296,0.000000e+00
4297,0.000000e+00
4298,0.000000e+00
4299,0.000000e+00
4300,0.000000e+00
4301,0.000000e+00
4302,0.000000e+00
4303,0.000000e+00
4304,0.000000e+00
4305,0.000000e+00
4306,0.000000e+00
4307,0.000000e+00
4308,0.000000e+00
4309,0.000000e+00
4310,0.000000e+00
4311,0.000000e+00
4312,0.000000e+00
4313,0.000000e+00
4314,0.000000e+00
4315,0.000000e+00
4316,0.000000e+00
4317,0.000000e+00
4318,0.000000e+00
4319,0.000000e+00
4320,0.000000e+00
4321,0.000000e+00
4322,0.000000e+00
4323,0.000000e+00
4324,0.000000e+00
4325,0.000000e+00
4326,0.000000e+00
4327,0.000000e+00
4328,0.000000e+00
4329,0.000000e+00
4330,0.000000e+00
4331,0.000000e+00
4332,0.000000e+00
4333,0.000000e+00
4334,0.000000e+00
4335,0.000000e+00
4336,0.000000e+00
4337,0.000000e+00
4338,0.000000e+00
4339,0.000000e+00
4340,0.000000e+00
4341,0.000000e+00
4342,0.000000e+00
4343,0.000000e+00
4344,0.000000e+00
4345,0.000000e+00
4346,0.000000e+00
4347,0.000000e+00
4348,0.000000e+00
4349,0.000000e+00
4350,0.000000e+00
4351,0.000000e+00
4352,0.000000e+00
4353,0.000000e+00
4354,0.000000e+00
4355,0.000000e+00
4356,0.000000e+00
4357,0.000000e+00
4358,0.000000e+00
4359,0.000000e+00
4360,0.000000e+00
4361,0.000000e+00
4362,0.000000e+00
4363,0.000000e+00
4364,0.000000e+00
4365,0.000000e+00
4366,0.000000e+00
4367,0.000000e+00
4368,0.000000e+00
4369,0.000000e+00
4370,0.000000e+00
4371,0.000000e+00
4372,0.000000e+00
4373,0.000000e+00
4374,0.000000e+00
4375,0.000000e+00
4376,0.000000e+00
4377,0.000000e+00
4378,0.000000e+00
4379,0.000000e+00
4380,0.000000e+00
4381,0.000000e+00
4382,0.000000e+00
4383,0.000000e+00
4384,0.000000e+00
4385,0.000000e+00
4386,0.000000e+00
4387,0.000000e+00
4388,0.000000e+00
4389,0.000000e+00
4390,0.000000e+00
4391,0.000000e+00
4392,0.000000e+00
4393,0.000000e+00
4394,0.000000e+00
4395,0.000000e+00
4396,0.000000e+00
4397,0.000000e+00
4398,0.000000e+00
4399,0.000000e+00
4400,0.000000e+00
4401,0.000000e+00
4402,0.000000e+00
4403,0.000000e+00
4404,0.000000e+00
4405,0.000000e+00
4406,0.000000e+00
4407,0.000000e+00
4408,0.000000e+00
4409,0.000000e+00
4410,0.000000e+00
4411,0.000000e+00
4412,0.000000e+00
4413,0.000000e+00
4414,0.000000e+00
4415,0.000000e+00
4416,0.000000e+00
4417,0.000000e+00
4418,0.000000e+00
4419,0.000000e+00
4420,0.000000e+00
4421,0.000000e+00
4422,0.000000e+00
4423,0.000000e+00
4424,0.000000e+00
4425,0.000000e+00
4426,0.000000e+00
4427,0.000000e+00
4428,0.000000e+00
4429,0.000000e+00
4430,0.000000e+00
4431,0.000000e+00
4432,0.000000e+00
4433,0.000000e+00
4434,0.000000e+00
4435,0.000000e+00
4436,0.000000e+00
4437,0.000000e+00
4438,0.000000e+00
4439,0.000000e+00
4440,0.000000e+00
4441,0.000000e+00
4442,0.000000e+00
4443,0.000000e+00
4444,0.000000e+00
4445,0.000000e+00
4446,0.000000e+00
4447,0.000000e+00
4448,0.000000e+00
4449,0.000000e+00
4450,0.000000e+00
4451,0.000000e+00
4452,0.000000e+00
4453,0.000000e+00
4454,0.000000e+00
4455,0.000000e+00
4456,0.000000e+00
4457,0.000000e+00
4458,0.000000e+00
4459,0.000000e+00
4460,0.000000e+00
4461,0.000000e+00
4462,0.000000e+00
4463,0.000000e+00
4464,0.000000e+00
4465,0.000000e+00
4466,0.000000e+00
4467,0.000000e+00
4468,0.000000e+00
4469,0.000000e+00
4470,0.000000e+00
4471,0.000000e+00
4472,0.000000e+00
4473,0.000000e+00
4474,0.000000e+00
4475,0.000000e+00
4476,0.000000e+00
4477,0.000000e+00
4478,0.000000e+00
4479,0.000000e+00
4480,0.000000e+00
4481,0.000000e+00
4482,0.000000e+00
4483,0.000000e+00
4484,0.000000e+00
4485,0.000000e+00
4486,0.000000e+00
4487,0.000000e+00
4488,0.000000e+00
4489,0.000000e+00
4490,0.000000e+00
4491,0.000000e+00
4492,0.000000e+00
4493,0.000000e+00
4494,0.000000e+00
4495,0.000000e+00
4496,0.000000e+00
4497,0.000000e+00
4498,0.000000e+00
4499,0.000000e+00
4500,0.000000e+00
4501,0.000000e+00
4502,0.000000e+00
4503,0.000000e+00
4504,0.000000e+00
4505,0.000000e+00
4506,0.000000e+00
4507,0.000000e+00
4508,0.000000e+00
4509,0.000000e+00
4510,0.000000e+00
4511,0.000000e+00
4512,0.000000e+00
4513,0.000000e+00
4514,0.000000e+00
4515,0.000000e+00
4516,0.000000e+00
4517,0.000000e+00
4518,0.000000e+00
4519,0.000000e+00
4520,0.000000e+00
4521,0.000000e+00
4522,0.000000e+00
4523,0.000000e+00
4524,0.000000e+00
4525,0.000000e+00
4526,0.000000e+00
4527,0.000000e+00
4528,0.000000e+00
4529,0.000000e+00
4530,0.000000e+00
4531,0.000000e+00
4532,0.000000e+00
4533,0.000000e+00
4534,0.000000e+00
4535,0.000000e+00
4536,0.000000e+00
4537,0.000000e+00
4538,0.000000e+00
4539,0.000000e+00
4540,0.000000e+00
4541,0.000000e+00
4542,0.000000e+00
4543,0.000000e+00
4544,0.000000e+00
4545,0.000000e+00
4546,0.000000e+00
4547,0.000000e+00
4548,0.000000e+00
4549,0.000000e+00
4550,0.000000e+00
4551,0.000000e+00
4552,0.000000e+00
4553,0.000000e+00
4554,0.000000e+00
4555,0.000000e+00
4556,0.000000e+00
4557,0.000000e+00
4558,0.000000e+00
4559,0.000000e+00
4560,0.000000e+00
4561,0.000000e+00
4562,0.000000e+00
4563,0.000000e+00
4564,0.000000e+00
4565,0.000000e+00
4566,0.000000e+00
4567,0.000000e+00
4568,0.000000e+00
4569,0.000000e+00
4570,0.000000e+00
4571,0.000000e+00
4572,0.000000e+00
4573,0.000000e+00
4574,0.000000e+00
4575,0.000000e+00
4576,0.000000e+00
4577,0.000000e+00
4578,0.000000e+00
4579,0.000000e+00
4580,0.000000e+00
4581,0.000000e+00
4582,0.000000e+00
4583,0.000000e+00
4584,0.000000e+00
4585,0.000000e+00
4586,0.000000e+00
4587,0.000000e+00
4588,0.000000e+00
4589,0.000000e+00
4590,0.000000e+00
4591,0.000000e+00
4592,0.000000e+00
4593,0.000000e+00
4594,0.000000e+00
4595,0.000000e+00
4596,0.000000e+00
4597,0.000000e+00
4598,0.000000e+00
4599,0.000000e+00
4600,0.000000e+00
4601,0.000000e+00
4602,0.000000e+00
4603,0.000000e+00
4604,0.000000e+00
4605,0.000000e+00
4606,0.000000e+00
4607,0.000000e+00
4608,0.000000e+00
4609,0.000000e+00
4610,0.000000e+00
4611,0.000000e+00
4612,0.000000e+00
4613,0.000000e+00
4614,0.000000e+00
4615,0.000000e+00
4616,0.000000e+00
4617,0.000000e+00
4618,0.000000e+00
4619,0.000000e+00
4620,0.000000e+00
4621,0.000000e+00
4622,0.000000e+00
4623,0.000000e+00
4624,0.000000e+00
4625,0.000000e+00
4626,0.000000e+00
4627,0.000000e+00
4628,0.000000e+00
4629,0.000000e+00
4630,0.000000e+00
4631,0.000000e+00
4632,0.000000e+00
4633,0.000000e+00
4634,0.000000e+00
4635,0.000000e+00
4636,0.000000e+00
4637,0.000000e+00
4638,0.000000e+00
4639,0.000000e+00
4640,0.000000e+00
4641,0.000000e+00
4642,0.000000e+00
4643,0.000000e+00
4644,0.000000e+00
4645,0.000000e+00
4646,0.000000e+00
4647,0.000000e+00
4648,0.000000e+00
4649,0.000000e+00
4650,0.000000e+00
4651,0.000000e+00
4652,0.000000e+00
4653,0.000000e+00
4654,0.000000e+00
4655,0.000000e+00
4656,0.000000e+00
4657,0.000000e+00
4658,0.000000e+00
4659,0.000000e+00
4660,0.000000e+00
4661,0.000000e+00
4662,0.000000e+00
4663,0.000000e+00
4664,0.000000e+00
4665,0.000000e+00
4666,0.000000e+00
4667,0.000000e+00
4668,0.000000e+00
4669,0.000000e+00
4670,0.000000e+00
4671,0.000000e+00
4672,0.000000e+00
4673,0.000000e+00
4674,0.000000e+00
4675,0.000000e+00
4676,0.000000e+00
4677,0.000000e+00
4678,0.000000e+00
4679,0.000000e+00
4680,0.000000e+00
4681,0.000000e+00
4682,0.000000e+00
4683,0.000000e+00
4684,0.000000e+00
4685,0.000000e+00
4686,0.000000e+00
4687,0.000000e+00
4688,0.000000e+00
4689,0.000000e+00
4690,0.000000e+00
4691,0.000000e+00
4692,0.000000e+00
4693,0.000000e+00
4694,0.000000e+00
4695,0.000000e+00
4696,0.000000e+00
4697,0.000000e+00
4698,0.000000e+00
4699,0.000000e+00
4700,0.000000e+00
4701,0.000000e+00
4702,0.000000e+00
4703,0.000000e+00
4704,0.000000e+00
4705,0.000000e+00
4706,0.000000e+00
4707,0.000000e+00
4708,0.000000e+00
4709,0.000000e+00
4710,0.000000e+00
4711,0.000000e+00
4712,0.000000e+00
4713,0.000000e+00
4714,0.000000e+00
4715,0.000000e+00
4716,0.000000e+00
4717,0.000000e+00
4718,0.000000e+00
4719,0.000000e+00
4720,0.000000e+00
4721,0.000000e+00
4722,0.000000e+00
4723,0.000000e+00
4724,0.000000e+00
4725,0.000000e+00
4726,0.000000e+00
4727,0.000000e+00
4728,0.000000e+00
4729,0.000000e+00
4730,0.000000e+00
4731,0.000000e+00
4732,0.000000e+00
4733,0.000000e+00
4734,0.000000e+00
4735,0.000000e+00
4736,0.000000e+00
4737,0.000000e+00
4738,0.000000e+00
4739,0.000000e+00
4740,0.000000e+00
4741,0.000000e+00
4742,0.000000e+00
4743,0.000000e+00
4744,0.000000e+00
4745,0.000000e+00
4746,0.000000e+00
4747,0.000000e+00
4748,0.000000e+00
4749,0.000000e+00
4750,0.000000e+00
4751,0.000000e+00
4752,0.000000e+00
4753,0.000000e+00
4754,0.000000e+00
4755,0.000000e+00
4756,0.000000e+00
4757,0.000000e+00
4758,0.000000e+00
4759,0.000000e+00
4760,0.000000e+00
4761,0.000000e+00
4762,0.000000e+00
4763,0.000000e+00
4764,0.000000e+00
4765,0.000000e+00
4766,0.000000e+00
4767,0.000000e+00
4768,0.000000e+00
4769,0.000000e+00
4770,0.000000e+00
4771,0.000000e+00
4772,0.000000e+00
4773,0.000000e+00
4774,0.000000e+00
4775,0.000000e+00
4776,0.000000e+00
4777,0.000000e+00
4778,0.000000e+00
4779,0.000000e+00
4780,0.000000e+00
4781,0.000000e+00
4782,0.000000e+00
4783,0.000000e+00
4784,0.000000e+00
4785,0.000000e+00
4786,0.000000e+00
4787,0.000000e+00
4788,0.000000e+00
4789,0.000000e+00
4790,0.000000e+00
4791,0.000000e+00
4792,0.000000e+00
4793,0.000000e+00
4794,0.000000e+00
4795,0.000000e+00
4796,0.000000e+00
4797,0.000000e+00
4798,0.000000e+00
4799,0.000000e+00
4800,0.000000e+00
4801,0.000000e+00
4802,0.000000e+00
4803,0.000000e+00
4804,0.000000e+00
4805,0.000000e+00
4806,0.000000e+00
4807,0.000000e+00
4808,0.000000e+00
4809,0.000000e+00
4810,0.000000e+00
4811,0.000000e+00
4812,0.000000e+00
4813,0.000000e+00
4814,0.000000e+00
4815,0.000000e+00
4816,0.000000e+00
4817,0.000000e+00
4818,0.000000e+00
4819,0.000000e+00
4820,0.000000e+00
4821,0.000000e+00
4822,0.000000e+00
4823,0.000000e+00
4824,0.000000e+00
4825,0.000000e+00
4826,0.000000e+00
4827,0.000000e+00
4828,0.000000e+00
4829,0.000000e+00
4830,0.000000e+00
4831,0.000000e+00
4832,0.000000e+00
4833,0.000000e+00
4834,0.000000e+00
4835,0.000000e+00
4836,0.000000e+00
4837,0.000000e+00
4838,0.000000e+00
4839,0.000000e+00
4840,0.000000e+00
4841,0.000000e+00
4842,0.000000e+00
4843,0.000000e+00
4844,0.000000e+00
4845,0.000000e+00
4846,0.000000e+00
4847,0.000000e+00
4848,0.000000e+00
4849,0.000000e+00
4850,0.000000e+00
4851,0.000000e+00
4852,0.000000e+00
4853,0.000000e+00
4854,0.000000e+00
4855,0.000000e+00
4856,0.000000e+00
4857,0.000000e+00
4858,0.000000e+00
4859,0.000000e+00
4860,0.000000e+00
4861,0.000000e+00
4862,0.000000e+00
4863,0.000000e+00
4864,0.000000e+00
4865,0.000000e+00
4866,0.000000e+00
4867,0.000000e+00
4868,0.000000e+00
4869,0.000000e+00
4870,0.000000e+00
4871,0.000000e+00
4872,0.000000e+00
4873,0.000000e+00
4874,0.000000e+00
4875,0.000000e+00
4876,0.000000e+00
4877,0.000000e+00
4878,0.000000e+00
4879,0.000000e+00
4880,0.000000e+00
4881,0.000000e+00
4882,0.000000e+00
4883,0.000000e+00
4884,0.000000e+00
4885,0.000000e+00
4886,0.000000e+00
4887,0.000000e+00
4888,0.000000e+00
4889,0.000000e+00
4890,0.000000e+00
4891,0.000000e+00
4892,0.000000e+00
4893,0.000000e+00
4894,0.000000e+00
4895,0.000000e+00
4896,0.000000e+00
4897,0.000000e+00
4898,0.000000e+00
4899,0.000000e+00
4900,0.000000e+00
4901,0.000000e+00
4902,0.000000e+00
4903,0.000000e+00
4904,0.000000e+00
4905,0.000000e+00
4906,0.000000e+00
4907,0.000000e+00
4908,0.000000e+00
4909,0.000000e+00
4910,0.000000e+00
4911,0.000000e+00
4912,0.000000e+00
4913,0.000000e+00
4914,0.000000e+00
4915,0.000000e+00
4916,0.000000e+00
4917,0.000000e+00
4918,0.000000e+00
4919,0.000000e+00
4920,0.000000e+00
4921,0.000000e+00
4922,0.000000e+00
4923,0.000000e+00
4924,0.000000e+00
4925,0.000000e+00
4926,0.000000e+00
4927,0.000000e+00
4928,0.000000e+00
4929,0.000000e+00
4930,0.000000e+00
4931,0.000000e+00
4932,0.000000e+00
4933,0.000000e+00
4934,0.000000e+00
4935,0.000000e+00
4936,0.000000e+00
4937,0.000000e+00
4938,0.000000e+00
4939,0.000000e+00
4940,0.000000e+00
4941,0.000000e+00
4942,0.000000e+00
4943,0.000000e+00
4944,0.000000e+00
4945,0.000000e+00
4946,0.000000e+00
4947,0.000000e+00
4948,0.000000e+00
4949,0.000000e+00
4950,0.000000e+00
4951,0.000000e+00
4952,0.000000e+00
4953,0.000000e+00
4954,0.000000e+00
4955,0.000000e+00
4956,0.000000e+00
4957,0.000000e+00
4958,0.000000e+00
4959,0.000000e+00
4960,0.000000e+00
4961,0.000000e+00
4962,0.000000e+00
4963,0.000000e+00
4964,0.000000e+00
4965,0.000000e+00
4966,0.000000e+00
4967,0.000000e+00
4968,0.000000e+00
4969,0.000000e+00
4970,0.000000e+00
4971,0.000000e+00
4972,0.000000e+00
4973,0.000000e+00
4974,0.000000e+00
4975,0.000000e+00
4976,0.000000e+00
4977,0.000000e+00
4978,0.000000e+00
4979,0.000000e+00
4980,0.000000e+00
4981,0.000000e+00
4982,0.000000e+00
4983,0.000000e+00
4984,0.000000e+00
4985,0.000000e+00
4986,0.000000e+00
4987,0.000000e+00
4988,0.000000e+00
4989,0.000000e+00
4990,0.000000e+00
4991,0.000000e+00
4992,0.000000e+00
4993,0.000000e+00
4994,0.000000e+00
4995,0.000000e+00
4996,0.000000e+00
4997,0.000000e+00
4998,0.000000e+00
4999,0.000000e+00
5000,0.000000e+00
5001,0.000000e+00
5002,0.000000e+00
5003,0.000000e+00
5004,0.000000e+00
5005,0.000000e+00
5006,0.000000e+00
5007,0.000000e+00
5008,0.000000e+00
5009,0.000000e+00
5010,0.000000e+00
5011,0.000000e+00
5012,0.000000e+00
5013,0.000000e+00
5014,0.000000e+00
5015,0.000000e+00
5016,0.000000e+00
5017,0.000000e+00
5018,0.000000e+00
5019,0.000000e+00
5020,0.000000e+00
5021,0.000000e+00
5022,0.000000e+00
5023,0.000000e+00
5024,0.000000e+00
5025,0.000000e+00
5026,0.000000e+00
5027,0.000000e+00
5028,0.000000e+00
5029,0.000000e+00
5030,0.000000e+00
5031,0.000000e+00
5032,0.000000e+00
5033,0.000000e+00
5034,0.000000e+00
5035,0.000000e+00
5036,0.000000e+00
5037,0.000000e+00
5038,0.000000e+00
5039,0.000000e+00
5040,0.000000e+00
5041,0.000000e+00
5042,0.000000e+00
5043,0.000000e+00
5044,0.000000e+00
5045,0.000000e+00
5046,0.000000e+00
5047,0.000000e+00
5048,0.000000e+00
5049,0.000000e+00
5050,0.000000e+00
5051,0.000000e+00
5052,0.000000e+00
5053,0.000000e+00
5054,0.000000e+00
5055,0.000000e+00
5056,0.000000e+00
5057,0.000000e+00
5058,0.000000e+00
5059,0.000000e+00
5060,0.000000e+00
5061,0.000000e+00
5062,0.000000e+00
5063,0.000000e+00
5064,0.000000e+00
5065,0.000000e+00
5066,0.000000e+00
5067,0.000000e+00
5068,0.000000e+00
5069,0.000000e+00
5070,0.000000e+00
5071,0.000000e+00
5072,0.000000e+00
5073,0.000000e+00
5074,0.000000e+00
5075,0.000000e+00
5076,0.000000e+00
5077,0.000000e+00
5078,0.000000e+00
5079,0.000000e+00
5080,0.000000e+00
5081,0.000000e+00
5082,0.000000e+00
5083,0.000000e+00
5084,0.000000e+00
5085,0.000000e+00
5086,0.000000e+00
5087,0.000000e+00
5088,0.000000e+00
5089,0.000000e+00
5090,0.000000e+00
5091,0.000000e+00
5092,0.000000e+00
5093,0.000000e+00
5094,0.000000e+00
5095,0.000000e+00
5096,0.000000e+00
5097,0.000000e+00
5098,0.000000e+00
5099,0.000000e+00
5100,0.000000e+00
5101,0.000000e+00
5102,0.000000e+00
5103,0.000000e+00
5104,0.000000e+00
5105,0.000000e+00
5106,0.000000e+00
5107,0.000000e+00
5108,0.000000e+00
5109,0.000000e+00
5110,0.000000e+00
5111,0.000000e+00
5112,0.000000e+00
5113,0.000000e+00
5114,0.000000e+00
5115,0.000000e+00
5116,0.000000e+00
5117,0.000000e+00
5118,0.000000e+00
5119,0.000000e+00
5120,0.000000e+00
5121,0.000000e+00
5122,0.000000e+00
5123,0.000000e+00
5124,0.000000e+00
5125,0.000000e+00
5126,0.000000e+00
5127,0.000000e+00
5128,0.000000e+00
5129,0.000000e+00
5130,0.000000e+00
5131,0.000000e+00
5132,0.000000e+00
5133,0.000000e+00
5134,0.000000e+00
5135,0.000000e+00
5136,0.000000e+00
5137,0.000000e+00
5138,0.000000e+00
5139,0.000000e+00
5140,0.000000e+00
5141,0.000000e+00
5142,0.000000e+00
5143,0.000000e+00
5144,0.000000e+00
5145,0.000000e+00
5146,0.000000e+00
5147,0.000000e+00
5148,0.000000e+00
5149,0.000000e+00
5150,0.000000e+00
5151,0.000000e+00
5152,0.000000e+00
5153,0.000000e+00
5154,0.000000e+00
5155,0.000000e+00
5156,0.000000e+00
5157,0.000000e+00
5158,0.000000e+00
5159,0.000000e+00
5160,0.000000e+00
5161,0.000000e+00
5162,0.000000e+00
5163,0.000000e+00
5164,0.000000e+00
5165,0.000000e+00
5166,0.000000e+00
5167,0.000000e+00
5168,0.000000e+00
5169,0.000000e+00
5170,0.000000e+00
5171,0.000000e+00
5172,0.000000e+00
5173,0.000000e+00
5174,0.000000e+00
5175,0.000000e+00
5176,0.000000e+00
5177,0.000000e+00
5178,0.000000e+00
5179,0.000000e+00
5180,0.000000e+00
5181,0.000000e+00
5182,0.000000e+00
5183,0.000000e+00
5184,0.000000e+00
5185,0.000000e+00
5186,0.000000e+00
5187,0.000000e+00
5188,0.000000e+00
5189,0.000000e+00
5190,0.000000e+00
5191,0.000000e+00
5192,0.000000e+00
5193,0.000000e+00
5194,0.000000e+00
5195,0.000000e+00
5196,0.000000e+00
5197,0.000000e+00
5198,0.000000e+00
5199,0.000000e+00
5200,0.000000e+00
5201,0.000000e+00
5202,0.000000e+00
5203,0.000000e+00
5204,0.000000e+00
5205,0.000000e+00
5206,0.000000e+00
5207,0.000000e+00
5208,0.000000e+00
5209,0.000000e+00
5210,0.000000e+00
5211,0.000000e+00
5212,0.000000e+00
5213,0.000000e+00
5214,0.000000e+00
5215,0.000000e+00
5216,0.000000e+00
5217,0.000000e+00
5218,0.000000e+00
5219,0.000000e+00
5220,0.000000e+00
5221,0.000000e+00
5222,0.000000e+00
5223,0.000000e+00
5224,0.000000e+00
5225,0.000000e+00
5226,0.000000e+00
5227,0.000000e+00
5228,0.000000e+00
5229,0.000000e+00
5230,0.000000e+00
5231,0.000000e+00
5232,0.000000e+00
5233,0.000000e+00
5234,0.000000e+00
5235,0.000000e+00
5236,0.000000e+00
5237,0.000000e+00
5238,0.000000e+00
5239,0.000000e+00
5240,0.000000e+00
5241,0.000000e+00
5242,0.000000e+00
5243,0.000000e+00
5244,0.000000e+00
5245,0.000000e+00
5246,0.000000e+00
5247,0.000000e+00
5248,0.000000e+00
5249,0.000000e+00
5250,0.000000e+00
5251,0.000000e+00
5252,0.000000e+00
5253,0.000000e+00
5254,0.000000e+00
5255,0.000000e+00
5256,0.000000e+00
5257,0.000000e+00
5258,0.000000e+00
5259,0.000000e+00
5260,0.000000e+00
5261,0.000000e+00
5262,0.000000e+00
5263,0.000000e+00
5264,0.000000e+00
5265,0.000000e+00
5266,0.000000e+00
5267,0.000000e+00
5268,0.000000e+00
5269,0.000000e+00
5270,0.000000e+00
5271,0.000000e+00
5272,0.000000e+00
5273,0.000000e+00
5274,0.000000e+00
5275,0.000000e+00
5276,0.000000e+00
5277,0.000000e+00
5278,0.000000e+00
5279,0.000000e+00
5280,0.000000e+00
5281,0.000000e+00
5282,0.000000e+00
5283,0.000000e+00
5284,0.000000e+00
5285,0.000000e+00
5286,0.000000e+00
5287,0.000000e+00
5288,0.000000e+00
5289,0.000000e+00
5290,0.000000e+00
5291,0.000000e+00
5292,0.000000e+00
5293,0.000000e+00
5294,0.000000e+00
5295,0.000000e+00
5296,0.000000e+00
5297,0.000000e+00
5298,0.000000e+00
5299,0.000000e+00
5300,0.000000e+00
5301,0.000000e+00
5302,0.000000e+00
5303,0.000000e+00
5304,0.000000e+00
5305,0.000000e+00
5306,0.000000e+00
5307,0.000000e+00
5308,0.000000e+00
5309,0.000000e+00
5310,0.000000e+00
5311,0.000000e+00
5312,0.000000e+00
5313,0.000000e+00
5314,0.000000e+00
5315,0.000000e+00
5316,0.000000e+00
5317,0.000000e+00
5318,0.000000e+00
5319,0.000000e+00
5320,0.000000e+00
5321,0.000000e+00
5322,0.000000e+00
5323,0.000000e+00
5324,0.000000e+00
5325,0.000000e+00
5326,0.000000e+00
5327,0.000000e+00
5328,0.000000e+00
5329,0.000000e+00
5330,0.000000e+00
5331,0.000000e+00
5332,0.000000e+00
5333,0.000000e+00
5334,0.000000e+00
5335,0.000000e+00
5336,0.000000e+00
5337,0.000000e+00
5338,0.000000e+00
5339,0.000000e+00
5340,0.000000e+00
5341,0.000000e+00
5342,0.000000e+00
5343,0.000000e+00
5344,0.000000e+00
5345,0.000000e+00
5346,0.000000e+00
5347,0.000000e+00
5348,0.000000e+00
5349,0.000000e+00
5350,0.000000e+00
5351,0.000000e+00
5352,0.000000e+00
5353,0.000000e+00
5354,0.000000e+00
5355,0.000000e+00
5356,0.000000e+00
5357,0.000000e+00
5358,0.000000e+00
5359,0.000000e+00
5360,0.000000e+00
5361,0.000000e+00
5362,0.000000e+00
5363,0.000000e+00
5364,0.000000e+00
5365,0.000000e+00
5366,0.000000e+00
5367,0.000000e+00
5368,0.000000e+00
5369,0.000000e+00
5370,0.000000e+00
5371,0.000000e+00
5372,0.000000e+00
5373,0.000000e+00
5374,0.000000e+00
5375,0.000000e+00
5376,0.000000e+00
5377,0.000000e+00
5378,0.000000e+00
5379,0.000000e+00
5380,0.000000e+00
5381,0.000000e+00
5382,0.000000e+00
5383,0.000000e+00
5384,0.000000e+00
5385,0.000000e+00
5386,0.000000e+00
5387,0.000000e+00
5388,0.000000e+00
5389,0.000000e+00
5390,0.000000e+00
5391,0.000000e+00
5392,0.000000e+00
5393,0.000000e+00
5394,0.000000e+00
5395,0.000000e+00
5396,0.000000e+00
5397,0.000000e+00
5398,0.000000e+00
5399,0.000000e+00
5400,0.000000e+00
5401,0.000000e+00
5402,0.000000e+00
5403,0.000000e+00
5404,0.000000e+00
5405,0.000000e+00
5406,0.000000e+00
5407,0.000000e+00
5408,0.000000e+00
5409,0.000000e+00
5410,0.000000e+00
5411,0.000000e+00
5412,0.000000e+00
5413,0.000000e+00
5414,0.000000e+00
5415,0.000000e+00
5416,0.000000e+00
5417,0.000000e+00
5418,0.000000e+00
5419,0.000000e+00
5420,0.000000e+00
5421,0.000000e+00
5422,0.000000e+00
5423,0.000000e+00
5424,0.000000e+00
5425,0.000000e+00
5426,0.000000e+00
5427,0.000000e+00
5428,0.000000e+00
5429,0.000000e+00
5430,0.000000e+00
5431,0.000000e+00
5432,0.000000e+00
5433,0.000000e+00
5434,0.000000e+00
5435,0.000000e+00
5436,0.000000e+00
5437,0.000000e+00
5438,0.000000e+00
5439,0.000000e+00
5440,0.000000e+00
5441,0.000000e+00
5442,0.000000e+00
5443,0.000000e+00
5444,0.000000e+00
5445,0.000000e+00
5446,0.000000e+00
5447,0.000000e+00
5448,0.000000e+00
5449,0.000000e+00
5450,0.000000e+00
5451,0.000000e+00
5452,0.000000e+00
5453,0.000000e+00
5454,0.000000e+00
5455,0.000000e+00
5456,0.000000e+00
5457,0.000000e+00
5458,0.000000e+00
5459,0.000000e+00
5460,0.000000e+00
5461,0.000000e+00
5462,0.000000e+00
5463,0.000000e+00
5464,0.000000e+00
5465,0.000000e+00
5466,0.000000e+00
5467,0.000000e+00
5468,0.000000e+00
5469,0.000000e+00
5470,0.000000e+00
5471,0.000000e+00
5472,0.000000e+00
5473,0.000000e+00
5474,0.000000e+00
5475,0.000000e+00
5476,0.000000e+00
5477,0.000000e+00
5478,0.000000e+00
5479,0.000000e+00
5480,0.000000e+00
5481,0.000000e+00
5482,0.000000e+00
5483,0.000000e+00
5484,0.000000e+00
5485,0.000000e+00
5486,0.000000e+00
5487,0.000000e+00
5488,0.000000e+00
5489,0.000000e+00
5490,0.000000e+00
5491,0.000000e+00
5492,0.000000e+00
5493,0.000000e+00
5494,0.000000e+00
5495,0.000000e+00
5496,0.000000e+00
5497,0.000000e+00
5498,0.000000e+00
5499,0.000000e+00
5500,0.000000e+00
5501,0.000000e+00
5502,0.000000e+00
5503,0.000000e+00
5504,0.000000e+00
5505,0.000000e+00
5506,0.000000e+00
5507,0.000000e+00
5508,0.000000e+00
5509,0.000000e+00
5510,0.000000e+00
5511,0.000000e+00
5512,0.000000e+00
5513,0.000000e+00
5514,0.000000e+00
5515,0.000000e+00
5516,0.000000e+00
5517,0.000000e+00
5518,0.000000e+00
5519,0.000000e+00
5520,0.000000e+00
5521,0.000000e+00
5522,0.000000e+00
5523,0.000000e+00
5524,0.000000e+00
5525,0.000000e+00
5526,0.000000e+00
5527,0.000000e+00
5528,0.000000e+00
5529,0.000000e+00
5530,0.000000e+00
5531,0.000000e+00
5532,0.000000e+00
5533,0.000000e+00
5534,0.000000e+00
5535,0.000000e+00
5536,0.000000e+00
5537,0.000000e+00
5538,0.000000e+00
5539,0.000000e+00
5540,0.000000e+00
5541,0.000000e+00
5542,0.000000e+00
5543,0.000000e+00
5544,0.000000e+00
5545,0.000000e+00
5546,0.000000e+00
5547,0.000000e+00
5548,0.000000e+00
5549,0.000000e+00
5550,0.000000e+00
5551,0.000000e+00
5552,0.000000e+00
5553,0.000000e+00
5554,0.000000e+00
5555,0.000000e+00
5556,0.000000e+00
5557,0.000000e+00
5558,0.000000e+00
5559,0.000000e+00
5560,0.000000e+00
5561,0.000000e+00
5562,0.000000e+00
5563,0.000000e+00
5564,0.000000e+00
5565,0.000000e+00
5566,0.000000e+00
5567,0.000000e+00
5568,0.000000e+00
5569,0.000000e+00
5570,0.000000e+00
5571,0.000000e+00
5572,0.000000e+00
5573,0.000000e+00
5574,0.000000e+00
5575,0.000000e+00
5576,0.000000e+00
5577,0.000000e+00
5578,0.000000e+00
5579,0.000000e+00
5580,0.000000e+00
5581,0.000000e+00
5582,0.000000e+00
5583,0.000000e+00
5584,0.000000e+00
5585,0.000000e+00
5586,0.000000e+00
5587,0.000000e+00
5588,0.000000e+00
5589,0.000000e+00
5590,0.000000e+00
5591,0.000000e+00
5592,0.000000e+00
5593,0.000000e+00
5594,0.000000e+00
5595,0.000000e+00
5596,0.000000e+00
5597,0.000000e+00
5598,0.000000e+00
5599,0.000000e+00
5600,0.000000e+00
5601,0.000000e+00
5602,0.000000e+00
5603,0.000000e+00
5604,0.000000e+00
5605,0.000000e+00
5606,0.000000e+00
5607,0.000000e+00
5608,0.000000e+00
5609,0.000000e+00
5610,0.000000e+00
5611,0.000000e+00
5612,0.000000e+00
5613,0.000000e+00
5614,0.000000e+00
5615,0.000000e+00
5616,0.000000e+00
5617,0.000000e+00
5618,0.000000e+00
5619,0.000000e+00
5620,0.000000e+00
5621,0.000000e+00
5622,0.000000e+00
5623,0.000000e+00
5624,0.000000e+00
5625,0.000000e+00
5626,0.000000e+00
5627,0.000000e+00
5628,0.000000e+00
5629,0.000000e+00
5630,0.000000e+00
5631,0.000000e+00
5632,0.000000e+00
5633,0.000000e+00
5634,0.000000e+00
5635,0.000000e+00
5636,0.000000e+00
5637,0.000000e+00
5638,0.000000e+00
5639,0.000000e+00
5640,0.000000e+00
5641,0.000000e+00
5642,0.000000e+00
5643,0.000000e+00
5644,0.000000e+00
5645,0.000000e+00
5646,0.000000e+00
5647,0.000000e+00
5648,0.000000e+00
5649,0.000000e+00
5650,0.000000e+00
5651,0.000000e+00
5652,0.000000e+00
5653,0.000000e+00
5654,0.000000e+00
5655,0.000000e+00
5656,0.000000e+00
5657,0.000000e+00
5658,0.000000e+00
5659,0.000000e+00
5660,0.000000e+00
5661,0.000000e+00
5662,0.000000e+00
5663,0.000000e+00
5664,0.000000e+00
5665,0.000000e+00
5666,0.000000e+00
5667,0.000000e+00
5668,0.000000e+00
5669,0.000000e+00
5670,0.000000e+00
5671,0.000000e+00
5672,0.000000e+00
5673,0.000000e+00
5674,0.000000e+00
5675,0.000000e+00
5676,0.000000e+00
5677,0.000000e+00
5678,0.000000e+00
5679,0.000000e+00
5680,0.000000e+00
5681,0.000000e+00
5682,0.000000e+00
5683,0.000000e+00
5684,0.000000e+00
5685,0.000000e+00
5686,0.000000e+00
5687,0.000000e+00
5688,0.000000e+00
5689,0.000000e+00
5690,0.000000e+00
5691,0.000000e+00
5692,0.000000e+00
5693,0.000000e+00
5694,0.000000e+00
5695,0.000000e+00
5696,0.000000e+00
5697,0.000000e+00
5698,0.000000e+00
5699,0.000000e+00
5700,0.000000e+00
5701,0.000000e+00
5702,0.000000e+00
5703,0.000000e+00
5704,0.000000e+00
5705,0.000000e+00
5706,0.000000e+00
5707,0.000000e+00
5708,0.000000e+00
5709,0.000000e+00
5710,0.000000e+00
5711,0.000000e+00
5712,0.000000e+00
5713,0.000000e+00
5714,0.000000e+00
5715,0.000000e+00
5716,0.000000e+00
5717,0.000000e+00
5718,0.000000e+00
5719,0.000000e+00
5720,0.000000e+00
5721,0.000000e+00
5722,0.000000e+00
5723,0.000000e+00
5724,0.000000e+00
5725,0.000000e+00
5726,0.000000e+00
5727,0.000000e+00
5728,0.000000e+00
5729,0.000000e+00
5730,0.000000e+00
5731,0.000000e+00
5732,0.000000e+00
5733,0.000000e+00
5734,0.000000e+00
5735,0.000000e+00
5736,0.000000e+00
5737,0.000000e+00
5738,0.000000e+00
5739,0.000000e+00
5740,0.000000e+00
5741,0.000000e+00
5742,0.000000e+00
5743,0.000000e+00
5744,0.000000e+00
5745,0.000000e+00
5746,0.000000e+00
5747,0.000000e+00
5748,0.000000e+00
5749,0.000000e+00
5750,0.000000e+00
5751,0.000000e+00
5752,0.000000e+00
5753,0.000000e+00
5754,0.000000e+00
5755,0.000000e+00
5756,0.000000e+00
5757,0.000000e+00
5758,0.000000e+00
5759,0.000000e+00
5760,0.000000e+00
5761,0.000000e+00
5762,0.000000e+00
5763,0.000000e+00
5764,0.000000e+00
5765,0.000000e+00
5766,0.000000e+00
5767,0.000000e+00
5768,0.000000e+00
5769,0.000000e+00
5770,0.000000e+00
5771,0.000000e+00
5772,0.000000e+00
5773,0.000000e+00
5774,0.000000e+00
5775,0.000000e+00
5776,0.000000e+00
5777,0.000000e+00
5778,0.000000e+00
5779,0.000000e+00
5780,0.000000e+00
5781,0.000000e+00
5782,0.000000e+00
5783,0.000000e+00
5784,0.000000e+00
5785,0.000000e+00
5786,0.000000e+00
5787,0.000000e+00
5788,0.000000e+00
5789,0.000000e+00
5790,0.000000e+00
5791,0.000000e+00
5792,0.000000e+00
5793,0.000000e+00
5794,0.000000e+00
5795,0.000000e+00
5796,0.000000e+00
5797,0.000000e+00
5798,0.000000e+00
5799,0.000000e+00
5800,0.000000e+00
5801,0.000000e+00
5802,0.000000e+00
5803,0.000000e+00
5804,0.000000e+00
5805,0.000000e+00
5806,0.000000e+00
5807,0.000000e+00
5808,0.000000e+00
5809,0.000000e+00
5810,0.000000e+00
5811,0.000000e+00
5812,0.000000e+00
5813,0.000000e+00
5814,0.000000e+00
5815,0.000000e+00
5816,0.000000e+00
5817,0.000000e+00
5818,0.000000e+00
5819,0.000000e+00
5820,0.000000e+00
5821,0.000000e+00
5822,0.000000e+00
5823,3.793945e+00
5824,-4.033203e+00
5825,3.588867e+00
5826,-3.784180e+00
5827,3.259277e+00
5828,-3.298340e+00
5829,2.602539e+00
5830,-2.570801e+00
5831,1.909180e+00
5832,-1.777344e+00
5833,9.838867e-01
5834,-7.763672e-01
5835,-5.371094e-02
5836,2.026367e-01
5837,-9.790039e-01
5838,1.135254e+00
5839,-1.879883e+00
5840,2.021484e+00
5841,-2.751465e+00
5842,2.768555e+00
5843,-3.383789e+00
5844,3.334961e+00
5845,-3.811035e+00
5846,3.654785e+00
5847,-4.096680e+00
5848,3.793945e+00
5849,-4.072266e+00
5850,3.620605e+00
5851,-3.811035e+00
5852,3.261719e+00
5853,-3.293457e+00
5854,2.619629e+00
5855,-2.556152e+00
5856,1.855469e+00
5857,-1.728516e+00
5858,9.521484e-01
5859,-8.325195e-01
5860,7.324219e-03
5861,2.270508e-01
5862,-9.838867e-01
5863,1.091309e+00
5864,-1.950684e+00
5865,2.026367e+00
5866,-2.729492e+00
5867,2.729492e+00
5868,-3.437500e+00
5869,3.344727e+00
5870,-3.801270e+00
5871,3.679199e+00
5872,-4.082031e+00
5873,3.759766e+00
5874,-4.050293e+00
5875,3.669434e+00
5876,-3.813477e+00
5877,3.261719e+00
5878,-3.278809e+00
5879,2.651367e+00
5880,-2.551270e+00
5881,1.862793e+00
5882,-1.779785e+00
5883,9.643555e-01
5884,-7.812500e-01
5885,-3.173828e-02
5886,1.855469e-01
5887,-9.643555e-01
5888,1.125488e+00
5889,-1.923828e+00
5890,2.031250e+00
5891,-2.749023e+00
5892,2.749023e+00
5893,-3.386230e+00
5894,3.325195e+00
5895,-3.850098e+00
5896,3.647461e+00
5897,-4.069824e+00
5898,3.813477e+00
5899,-4.077148e+00
5900,3.652344e+00
5901,-3.764648e+00
5902,3.261719e+00
5903,-3.298340e+00
5904,2.629395e+00
5905,-2.580566e+00
5906,1.882324e+00
5907,-1.760254e+00
5908,9.619141e-01
5909,-8.203125e-01
5910,-1.464844e-02
5911,1.733398e-01
5912,-9.985352e-01
5913,1.137695e+00
5914,-1.899414e+00
5915,1.989746e+00
5916,-2.807617e+00
5917,2.731934e+00
5918,-3.410645e+00
5919,3.295898e+00
5920,-3.825684e+00
5921,3.715820e+00
5922,-4.042969e+00
5923,3.791504e+00
5924,-4.045410e+00
5925,3.635254e+00
5926,-3.786621e+00
5927,3.266602e+00
5928,-3.303223e+00
5929,2.646484e+00
5930,-2.573242e+00
5931,1.867676e+00
5932,-1.718750e+00
5933,9.570312e-01
5934,-7.861328e-01
5935,-2.441406e-02
5936,1.611328e-01
5937,-1.015625e+00
5938,1.101074e+00
5939,-1.916504e+00
5940,2.031250e+00
5941,-2.731934e+00
5942,2.707520e+00
5943,-3.422852e+00
5944,3.383789e+00
5945,-3.818359e+00
5946,3.662109e+00
5947,-4.125977e+00
5948,3.764648e+00
5949,-4.067383e+00
5950,3.645020e+00
5951,-3.776855e+00
5952,3.232422e+00
5953,-3.276367e+00
5954,2.641602e+00
5955,-2.629395e+00
5956,1.860352e+00
5957,-1.752930e+00
5958,9.790039e-01
5959,-8.398438e-01
5960,0.000000e+00
5961,1.855469e-01
5962,-1.005859e+00
5963,1.152344e+00
5964,-1.938477e+00
5965,1.977539e+00
5966,-2.751465e+00
5967,2.719727e+00
5968,-3.378906e+00
5969,3.347168e+00
5970,-3.874512e+00
5971,3.659668e+00
5972,-4.096680e+00
5973,3.771973e+00
5974,-4.084473e+00
5975,3.625488e+00
5976,-3.803711e+00
5977,3.225098e+00
5978,-3.286133e+00
5979,2.641602e+00
5980,-2.595215e+00
5981,1.877441e+00
5982,-1.762695e+00
5983,9.887695e-01
5984,-8.178711e-01
5985,2.929688e-02
5986,1.538086e-01
5987,-9.790039e-01
5988,1.123047e+00
5989,-1.931152e+00
5990,1.977539e+00
5991,-2.695312e+00
5992,2.758789e+00
5993,-3.417969e+00
5994,3.337402e+00
5995,-3.879395e+00
5996,3.679199e+00
5997,-4.062500e+00
5998,3.776855e+00
5999,-4.047852e+00
6000,3.581543e+00
6001,-3.813477e+00
6002,3.259277e+00
6003,-3.286133e+00
6004,2.653809e+00
6005,-2.580566e+00
6006,1.894531e+00
6007,-1.760254e+00
6008,9.570312e-01
6009,-8.251953e-01
6010,1.953125e-02
6011,1.318359e-01
6012,-9.765625e-01
6013,1.103516e+00
6014,-1.948242e+00
6015,1.987305e+00
6016,-2.734375e+00
6017,2.741699e+00
6018,-3.371582e+00
6019,3.320312e+00
6020,-3.894043e+00
6021,3.718262e+00
6022,-4.060059e+00
6023,3.757324e+00
6024,-4.008789e+00
6025,3.613281e+00
6026,-3.762207e+00
6027,3.281250e+00
6028,-3.291016e+00
6029,2.646484e+00
6030,-2.595215e+00
6031,1.955566e+00
6032,-1.757812e+00
6033,9.399414e-01
6034,-7.812500e-01
6035,-4.882812e-03
6036,1.074219e-01
6037,-9.570312e-01
6038,1.125488e+00
6039,-1.916504e+00
6040,2.004395e+00
6041,-2.700195e+00
6042,2.746582e+00
6043,-3.403320e+00
6044,3.271484e+00
6045,-3.845215e+00
6046,3.635254e+00
6047,-4.084473e+00
6048,3.803711e+00
6049,-4.064941e+00
6050,3.610840e+00
6051,-3.828125e+00
6052,3.210449e+00
6053,-3.366699e+00
6054,2.639160e+00
6055,-2.614746e+00
6056,1.906738e+00
6057,-1.770020e+00
6058,9.716797e-01
6059,-8.056641e-01
6060,-9.765625e-03
6061,1.416016e-01
6062,-9.692383e-01
6063,1.115723e+00
6064,-1.899414e+00
6065,1.982422e+00
6066,-2.719727e+00
6067,2.687988e+00
6068,-3.395996e+00
6069,3.330078e+00
6070,-3.874512e+00
6071,3.657227e+00
6072,-4.064941e+00
6073,3.774414e+00
6074,-4.045410e+00
6075,3.625488e+00
6076,-3.781738e+00
6077,3.244629e+00
6078,-3.352051e+00
6079,2.656250e+00
6080,-2.597656e+00
6081,1.896973e+00
6082,-1.750488e+00
6083,1.032715e+00
6084,-8.520508e-01
6085,2.441406e-03
6086,1.367188e-01
6087,-9.741211e-01
6088,1.145020e+00
6089,-1.918945e+00
6090,1.997070e+00
6091,-2.683105e+00
6092,2.719727e+00
6093,-3.422852e+00
6094,3.327637e+00
6095,-3.820801e+00
6096,3.637695e+00
6097,-4.086914e+00
6098,3.791504e+00
6099,-4.050293e+00
6100,3.637695e+00
6101,-3.820801e+00
6102,3.244629e+00
6103,-3.303223e+00
6104,2.648926e+00
6105,-2.602539e+00
6106,1.848145e+00
6107,-1.726074e+00
6108,9.643555e-01
6109,-8.007812e-01
6110,9.765625e-03
6111,1.342773e-01
6112,-9.741211e-01
6113,1.108398e+00
6114,-1.872559e+00
6115,1.997070e+00
6116,-2.744141e+00
6117,2.763672e+00
6118,-3.391113e+00
6119,3.291016e+00
6120,-3.854980e+00
6121,3.583984e+00
6122,-4.067383e+00
6123,3.796387e+00
6124,-4.101562e+00
6125,3.620605e+00
6126,-3.801270e+00
6127,3.251953e+00
6128,-3.242188e+00
6129,2.687988e+00
6130,-2.666016e+00
6131,1.911621e+00
6132,-1.796875e+00
6133,9.765625e-01
6134,-7.617188e-01
6135,-2.197266e-02
6136,1.684570e-01
6137,-9.667969e-01
6138,1.083984e+00
6139,-1.931152e+00
6140,1.997070e+00
6141,-2.687988e+00
6142,2.746582e+00
6143,-3.371582e+00
6144,3.339844e+00
6145,-3.767090e+00
6146,3.652344e+00
6147,-4.069824e+00
6148,3.818359e+00
6149,-4.060059e+00
6150,3.659668e+00
6151,-3.793945e+00
6152,3.295898e+00
6153,-3.300781e+00
6154,2.604980e+00
6155,-2.626953e+00
6156,1.918945e+00
6157,-1.767578e+00
6158,9.692383e-01
6159,-8.325195e-01
6160,1.464844e-02
6161,1.489258e-01
6162,-9.692383e-01
6163,1.098633e+00
6164,-1.901855e+00
6165,1.994629e+00
6166,-2.746582e+00
6167,2.729492e+00
6168,-3.359375e+00
6169,3.320312e+00
6170,-3.820801e+00
6171,3.637695e+00
6172,-4.062500e+00
6173,3.830566e+00
6174,-4.050293e+00
6175,3.620605e+00
6176,-3.828125e+00
6177,3.251953e+00
6178,-3.303223e+00
6179,2.658691e+00
6180,-2.626953e+00
6181,1.896973e+00
6182,-1.791992e+00
6183,9.936523e-01
6184,-8.056641e-01
6185,-3.906250e-02
6186,1.611328e-01
6187,-9.741211e-01
6188,1.105957e+00
6189,-1.879883e+00
6190,1.979980e+00
6191,-2.749023e+00
6192,2.727051e+00
6193,-3.330078e+00
6194,3.315430e+00
6195,-3.884277e+00
6196,3.637695e+00
6197,-4.062500e+00
6198,3.762207e+00
6199,-4.047852e+00
6200,3.637695e+00
6201,-3.847656e+00
6202,3.261719e+00
6203,-3.332520e+00
6204,2.622070e+00
6205,-2.666016e+00
6206,1.889648e+00
6207,-1.784668e+00
6208,9.765625e-01
6209,-8.032227e-01
6210,5.615234e-02
6211,1.611328e-01
6212,-9.741211e-01
6213,1.125488e+00
6214,-1.862793e+00
6215,1.979980e+00
6216,-2.717285e+00
6217,2.763672e+00
6218,-3.364258e+00
6219,3.259277e+00
6220,-3.828125e+00
6221,3.681641e+00
6222,-4.106445e+00
6223,3.791504e+00
6224,-4.062500e+00
6225,3.681641e+00
6226,-3.801270e+00
6227,3.254395e+00
6228,-3.320312e+00
6229,2.707520e+00
6230,-2.612305e+00
6231,1.904297e+00
6232,-1.777344e+00
6233,1.010742e+00
6234,-8.374023e-01
6235,2.929688e-02
6236,1.220703e-01
6237,-9.619141e-01
6238,1.105957e+00
6239,-1.843262e+00
6240,1.977539e+00
6241,-2.741699e+00
6242,2.729492e+00
6243,-3.369141e+00
6244,3.317871e+00
6245,-3.881836e+00
6246,3.596191e+00
6247,-4.094238e+00
6248,3.789062e+00
6249,-4.062500e+00
6250,3.649902e+00
6251,-3.779297e+00
6252,3.247070e+00
6253,-3.352051e+00
6254,2.663574e+00
6255,-2.629395e+00
6256,1.882324e+00
6257,-1.757812e+00
6258,1.020508e+00
6259,-8.496094e-01
6260,3.662109e-02
6261,1.586914e-01
6262,-9.936523e-01
6263,1.074219e+00
6264,-1.918945e+00
6265,1.997070e+00
6266,-2.697754e+00
6267,2.678223e+00
6268,-3.369141e+00
6269,3.308105e+00
6270,-3.857422e+00
6271,3.659668e+00
6272,-4.084473e+00
6273,3.801270e+00
6274,-4.040527e+00
6275,3.654785e+00
6276,-3.813477e+00
6277,3.251953e+00
6278,-3.320312e+00
6279,2.690430e+00
6280,-2.607422e+00
6281,1.904297e+00
6282,-1.755371e+00
6283,9.912109e-01
6284,-8.471680e-01
6285,1.074219e-01
6286,1.635742e-01
6287,-9.545898e-01
6288,1.098633e+00
6289,-1.882324e+00
6290,1.984863e+00
6291,-2.692871e+00
6292,2.727051e+00
6293,-3.359375e+00
6294,3.315430e+00
6295,-3.828125e+00
6296,3.647461e+00
6297,-4.108887e+00
6298,3.769531e+00
6299,-4.072266e+00
6300,3.654785e+00
6301,-3.764648e+00
6302,3.247070e+00
6303,-3.371582e+00
6304,2.687988e+00
6305,-2.622070e+00
6306,1.865234e+00
6307,-1.772461e+00
6308,1.037598e+00
6309,-8.789062e-01
6310,-3.906250e-02
6311,1.098633e-01
6312,-9.570312e-01
6313,1.123047e+00
6314,-1.887207e+00
6315,1.997070e+00
6316,-2.690430e+00
6317,2.731934e+00
6318,-3.400879e+00
6319,3.295898e+00
6320,-3.808594e+00
6321,3.637695e+00
6322,-4.125977e+00
6323,3.779297e+00
6324,-4.062500e+00
6325,3.620605e+00
6326,-3.796387e+00
6327,3.288574e+00
6328,-3.325195e+00
6329,2.663574e+00
6330,-2.675781e+00
6331,1.923828e+00
6332,-1.789551e+00
6333,9.887695e-01
6334,-8.544922e-01
6335,3.662109e-02
6336,1.513672e-01
6337,-9.057617e-01
6338,1.059570e+00
6339,-1.872559e+00
6340,1.979980e+00
6341,-2.712402e+00
6342,2.712402e+00
6343,-3.347168e+00
6344,3.322754e+00
6345,-3.815918e+00
6346,3.688965e+00
6347,-4.082031e+00
6348,3.796387e+00
6349,-4.067383e+00
6350,3.620605e+00
6351,-3.825684e+00
6352,3.271484e+00
6353,-3.334961e+00
6354,2.670898e+00
6355,-2.646484e+00
6356,1.882324e+00
6357,-1.796875e+00
6358,1.035156e+00
6359,-8.764648e-01
6360,4.394531e-02
6361,1.513672e-01
6362,-9.521484e-01
6363,1.076660e+00
6364,-1.879883e+00
6365,1.960449e+00
6366,-2.678223e+00
6367,2.724609e+00
6368,-3.371582e+00
6369,3.261719e+00
6370,-3.852539e+00
6371,3.627930e+00
6372,-4.069824e+00
6373,3.808594e+00
6374,-4.069824e+00
6375,3.625488e+00
6376,-3.784180e+00
6377,3.281250e+00
6378,-3.310547e+00
6379,2.666016e+00
6380,-2.622070e+00
6381,1.904297e+00
6382,-1.789551e+00
6383,1.035156e+00
6384,-8.618164e-01
6385,4.150391e-02
6386,1.245117e-01
6387,-9.863281e-01
6388,1.127930e+00
6389,-1.865234e+00
6390,1.987305e+00
6391,-2.683105e+00
6392,2.736816e+00
6393,-3.405762e+00
6394,3.349609e+00
6395,-3.767090e+00
6396,3.640137e+00
6397,-4.067383e+00
6398,3.791504e+00
6399,-4.072266e+00
6400,3.620605e+00
6401,-3.803711e+00
6402,3.300781e+00
6403,-3.308105e+00
6404,2.724609e+00
6405,-2.670898e+00
6406,1.894531e+00
6407,-1.794434e+00
6408,9.960938e-01
6409,-8.349609e-01
6410,3.173828e-02
6411,7.812500e-02
6412,-9.790039e-01
6413,1.115723e+00
6414,-1.845703e+00
6415,1.914062e+00
6416,-2.724609e+00
6417,2.770996e+00
6418,-3.388672e+00
6419,3.256836e+00
6420,-3.811035e+00
6421,3.654785e+00
6422,-4.077148e+00
6423,3.837891e+00
6424,-4.057617e+00
6425,3.647461e+00
6426,-3.803711e+00
6427,3.259277e+00
6428,-3.320312e+00
6429,2.683105e+00
6430,-2.678223e+00
6431,1.879883e+00
6432,-1.813965e+00
6433,1.015625e+00
6434,-8.520508e-01
6435,1.708984e-02
6436,1.538086e-01
6437,-9.252930e-01
6438,1.098633e+00
6439,-1.875000e+00
6440,1.938477e+00
6441,-2.697754e+00
6442,2.734375e+00
6443,-3.386230e+00
6444,3.317871e+00
6445,-3.862305e+00
6446,3.701172e+00
6447,-4.067383e+00
6448,3.752441e+00
6449,-4.028320e+00
6450,3.662109e+00
6451,-3.793945e+00
6452,3.259277e+00
6453,-3.337402e+00
6454,2.687988e+00
6455,-2.675781e+00
6456,1.901855e+00
6457,-1.818848e+00
6458,1.005859e+00
6459,-8.471680e-01
6460,5.371094e-02
6461,8.789062e-02
6462,-9.570312e-01
6463,1.096191e+00
6464,-1.862793e+00
6465,1.960449e+00
6466,-2.705078e+00
6467,2.712402e+00
6468,-3.317871e+00
6469,3.317871e+00
6470,-3.825684e+00
6471,3.620605e+00
6472,-4.060059e+00
6473,3.791504e+00
6474,-4.084473e+00
6475,3.645020e+00
6476,-3.837891e+00
6477,3.220215e+00
6478,-3.312988e+00
6479,2.685547e+00
6480,-2.656250e+00
6481,1.960449e+00
6482,-1.787109e+00
6483,9.960938e-01
6484,-8.862305e-01
6485,4.882812e-02
6486,1.733398e-01
6487,-8.886719e-01
6488,1.032715e+00
6489,-1.833496e+00
6490,1.997070e+00
6491,-2.727051e+00
6492,2.756348e+00
6493,-3.376465e+00
6494,3.259277e+00
6495,-3.793945e+00
6496,3.691406e+00
6497,-4.072266e+00
6498,3.771973e+00
6499,-4.074707e+00
6500,3.630371e+00
6501,-3.818359e+00
6502,3.234863e+00
6503,-3.320312e+00
6504,2.707520e+00
6505,-2.648926e+00
6506,1.896973e+00
6507,-1.818848e+00
6508,1.015625e+00
6509,-8.422852e-01
6510,1.708984e-02
6511,1.098633e-01
6512,-9.399414e-01
6513,1.052246e+00
6514,-1.906738e+00
6515,1.992188e+00
6516,-2.697754e+00
6517,2.700195e+00
6518,-3.354492e+00
6519,3.300781e+00
6520,-3.830566e+00
6521,3.613281e+00
6522,-4.084473e+00
6523,3.803711e+00
6524,-4.084473e+00
6525,3.625488e+00
6526,-3.811035e+00
6527,3.244629e+00
6528,-3.332520e+00
6529,2.744141e+00
6530,-2.692871e+00
6531,1.855469e+00
6532,-1.796875e+00
6533,1.022949e+00
6534,-8.764648e-01
6535,4.394531e-02
6536,9.033203e-02
6537,-9.570312e-01
6538,1.137695e+00
6539,-1.896973e+00
6540,1.950684e+00
6541,-2.651367e+00
6542,2.722168e+00
6543,-3.332520e+00
6544,3.271484e+00
6545,-3.859863e+00
6546,3.713379e+00
6547,-4.084473e+00
6548,3.774414e+00
6549,-4.089355e+00
6550,3.637695e+00
6551,-3.769531e+00
6552,3.281250e+00
6553,-3.344727e+00
6554,2.697754e+00
6555,-2.636719e+00
6556,1.928711e+00
6557,-1.787109e+00
6558,1.003418e+00
6559,-8.569336e-01
6560,8.789062e-02
6561,8.056641e-02
6562,-9.594727e-01
6563,1.076660e+00
6564,-1.911621e+00
6565,1.955566e+00
6566,-2.707520e+00
6567,2.739258e+00
6568,-3.352051e+00
6569,3.259277e+00
6570,-3.820801e+00
6571,3.615723e+00
6572,-4.064941e+00
6573,3.786621e+00
6574,-4.082031e+00
6575,3.657227e+00
6576,-3.803711e+00
6577,3.281250e+00
6578,-3.325195e+00
6579,2.719727e+00
6580,-2.646484e+00
6581,1.916504e+00
6582,-1.811523e+00
6583,1.022949e+00
6584,-8.715820e-01
6585,3.173828e-02
6586,1.074219e-01
6587,-9.545898e-01
6588,1.057129e+00
6589,-1.865234e+00
6590,1.962891e+00
6591,-2.749023e+00
6592,2.744141e+00
6593,-3.391113e+00
6594,3.291016e+00
6595,-3.837891e+00
6596,3.598633e+00
6597,-4.067383e+00
6598,3.791504e+00
6599,-4.062500e+00
6600,3.684082e+00
6601,-3.808594e+00
6602,3.293457e+00
6603,-3.322754e+00
6604,2.663574e+00
6605,-2.673340e+00
6606,1.901855e+00
6607,-1.804199e+00
6608,1.010742e+00
6609,-8.789062e-01
6610,4.882812e-02
6611,9.765625e-02
6612,-9.399414e-01
6613,1.052246e+00
6614,-1.870117e+00
6615,1.950684e+00
6616,-2.700195e+00
6617,2.712402e+00
6618,-3.405762e+00
6619,3.332520e+00
6620,-3.820801e+00
6621,3.640137e+00
6622,-4.064941e+00
6623,3.786621e+00
6624,-4.079590e+00
6625,3.664551e+00
6626,-3.781738e+00
6627,3.298340e+00
6628,-3.400879e+00
6629,2.717285e+00
6630,-2.617188e+00
6631,1.933594e+00
6632,-1.779785e+00
6633,1.044922e+00
6634,-8.618164e-01
6635,8.300781e-02
6636,1.245117e-01
6637,-9.643555e-01
6638,1.040039e+00
6639,-1.867676e+00
6640,1.994629e+00
6641,-2.712402e+00
6642,2.739258e+00
6643,-3.308105e+00
6644,3.278809e+00
6645,-3.867188e+00
6646,3.669434e+00
6647,-4.055176e+00
6648,3.710938e+00
6649,-4.086914e+00
6650,3.657227e+00
6651,-3.801270e+00
6652,3.312988e+00
6653,-3.334961e+00
6654,2.690430e+00
6655,-2.695312e+00
6656,1.933594e+00
6657,-1.813965e+00
6658,1.022949e+00
6659,-9.326172e-01
6660,5.615234e-02
6661,1.586914e-01
6662,-9.350586e-01
6663,1.076660e+00
6664,-1.848145e+00
6665,1.970215e+00
6666,-2.712402e+00
6667,2.702637e+00
6668,-3.327637e+00
6669,3.208008e+00
6670,-3.796387e+00
6671,3.684082e+00
6672,-4.060059e+00
6673,3.742676e+00
6674,-4.104004e+00
6675,3.706055e+00
6676,-3.803711e+00
6677,3.281250e+00
6678,-3.315430e+00
6679,2.724609e+00
6680,-2.709961e+00
6681,1.948242e+00
6682,-1.850586e+00
6683,1.013184e+00
6684,-8.105469e-01
6685,7.568359e-02
6686,1.049805e-01
6687,-9.204102e-01
6688,1.059570e+00
6689,-1.845703e+00
6690,1.967773e+00
6691,-2.695312e+00
6692,2.709961e+00
6693,-3.293457e+00
6694,3.330078e+00
6695,-3.840332e+00
6696,3.674316e+00
6697,-4.067383e+00
6698,3.811035e+00
6699,-4.091797e+00
6700,3.596191e+00
6701,-3.779297e+00
6702,3.271484e+00
6703,-3.386230e+00
6704,2.714844e+00
6705,-2.666016e+00
6706,1.916504e+00
6707,-1.796875e+00
6708,1.040039e+00
6709,-8.959961e-01
6710,1.049805e-01
6711,1.147461e-01
6712,-9.741211e-01
6713,1.098633e+00
6714,-1.848145e+00
6715,1.887207e+00
6716,-2.683105e+00
6717,2.731934e+00
6718,-3.386230e+00
6719,3.283691e+00
6720,-3.796387e+00
6721,3.632812e+00
6722,-4.138184e+00
6723,3.754883e+00
6724,-4.062500e+00
6725,3.703613e+00
6726,-3.806152e+00
6727,3.256836e+00
6728,-3.305664e+00
6729,2.761230e+00
6730,-2.687988e+00
6731,1.962891e+00
6732,-1.828613e+00
6733,1.020508e+00
6734,-8.496094e-01
6735,6.103516e-02
6736,1.171875e-01
6737,-9.472656e-01
6738,1.081543e+00
6739,-1.850586e+00
6740,1.967773e+00
6741,-2.631836e+00
6742,2.700195e+00
6743,-3.435059e+00
6744,3.261719e+00
6745,-3.793945e+00
6746,3.608398e+00
6747,-4.050293e+00
6748,3.808594e+00
6749,-4.094238e+00
6750,3.642578e+00
6751,-3.813477e+00
6752,3.251953e+00
6753,-3.315430e+00
6754,2.656250e+00
6755,-2.727051e+00
6756,1.960449e+00
6757,-1.828613e+00
6758,1.062012e+00
6759,-8.471680e-01
6760,4.150391e-02
6761,1.245117e-01
6762,-9.228516e-01
6763,1.057129e+00
6764,-1.850586e+00
6765,1.918945e+00
6766,-2.648926e+00
6767,2.692871e+00
6768,-3.386230e+00
6769,3.244629e+00
6770,-3.879395e+00
6771,3.642578e+00
6772,-4.035645e+00
6773,3.786621e+00
6774,-4.055176e+00
6775,3.662109e+00
6776,-3.793945e+00
6777,3.266602e+00
6778,-3.356934e+00
6779,2.687988e+00
6780,-2.648926e+00
6781,1.945801e+00
6782,-1.828613e+00
6783,1.005859e+00
6784,-8.813477e-01
6785,9.765625e-03
6786,1.147461e-01
6787,-8.374023e-01
6788,1.022949e+00
6789,-1.879883e+00
6790,1.938477e+00
6791,-2.675781e+00
6792,2.692871e+00
6793,-3.388672e+00
6794,3.239746e+00
6795,-3.820801e+00
6796,3.674316e+00
6797,-4.079590e+00
6798,3.811035e+00
6799,-4.052734e+00
6800,3.688965e+00
6801,-3.779297e+00
6802,3.278809e+00
6803,-3.356934e+00
6804,2.729492e+00
6805,-2.641602e+00
6806,1.901855e+00
6807,-1.811523e+00
6808,1.096191e+00
6809,-8.740234e-01
6810,3.906250e-02
6811,9.765625e-02
6812,-8.886719e-01
6813,1.088867e+00
6814,-1.884766e+00
6815,1.992188e+00
6816,-2.653809e+00
6817,2.729492e+00
6818,-3.391113e+00
6819,3.298340e+00
6820,-3.815918e+00
6821,3.635254e+00
6822,-4.018555e+00
6823,3.771973e+00
6824,-4.062500e+00
6825,3.674316e+00
6826,-3.806152e+00
6827,3.286133e+00
6828,-3.330078e+00
6829,2.685547e+00
6830,-2.622070e+00
6831,1.975098e+00
6832,-1.860352e+00
6833,1.010742e+00
6834,-8.642578e-01
6835,5.859375e-02
6836,4.394531e-02
6837,-8.862305e-01
6838,1.066895e+00
6839,-1.857910e+00
6840,1.979980e+00
6841,-2.631836e+00
6842,2.673340e+00
6843,-3.349609e+00
6844,3.315430e+00
6845,-3.815918e+00
6846,3.603516e+00
6847,-4.069824e+00
6848,3.784180e+00
6849,-4.086914e+00
6850,3.686523e+00
6851,-3.808594e+00
6852,3.261719e+00
6853,-3.327637e+00
6854,2.663574e+00
6855,-2.648926e+00
6856,1.945801e+00
6857,-1.857910e+00
6858,1.005859e+00
6859,-8.642578e-01
6860,1.293945e-01
6861,1.000977e-01
6862,-9.252930e-01
6863,1.059570e+00
6864,-1.860352e+00
6865,1.938477e+00
6866,-2.683105e+00
6867,2.668457e+00
6868,-3.315430e+00
6869,3.266602e+00
6870,-3.845215e+00
6871,3.637695e+00
6872,-4.064941e+00
6873,3.771973e+00
6874,-4.074707e+00
6875,3.686523e+00
6876,-3.818359e+00
6877,3.303223e+00
6878,-3.305664e+00
6879,2.714844e+00
6880,-2.658691e+00
6881,1.938477e+00
6882,-1.816406e+00
6883,1.064453e+00
6884,-8.886719e-01
6885,9.033203e-02
6886,7.324219e-02
6887,-9.082031e-01
6888,1.074219e+00
6889,-1.862793e+00
6890,1.916504e+00
6891,-2.673340e+00
6892,2.668457e+00
6893,-3.327637e+00
6894,3.300781e+00
6895,-3.808594e+00
6896,3.669434e+00
6897,-4.082031e+00
6898,3.793945e+00
6899,-4.060059e+00
6900,3.666992e+00
6901,-3.835449e+00
6902,3.332520e+00
6903,-3.347168e+00
6904,2.695312e+00
6905,-2.592773e+00
6906,1.928711e+00
6907,-1.862793e+00
6908,1.035156e+00
6909,-8.984375e-01
6910,6.591797e-02
6911,6.103516e-02
6912,-9.057617e-01
6913,1.030273e+00
6914,-1.850586e+00
6915,1.926270e+00
6916,-2.683105e+00
6917,2.656250e+00
6918,-3.383789e+00
6919,3.264160e+00
6920,-3.823242e+00
6921,3.637695e+00
6922,-4.055176e+00
6923,3.752441e+00
6924,-4.091797e+00
6925,3.637695e+00
6926,-3.803711e+00
6927,3.305664e+00
6928,-3.391113e+00
6929,2.749023e+00
6930,-2.646484e+00
6931,1.894531e+00
6932,-1.853027e+00
6933,1.052246e+00
6934,-8.618164e-01
6935,6.103516e-02
6936,8.300781e-02
6937,-9.155273e-01
6938,1.049805e+00
6939,-1.816406e+00
6940,1.928711e+00
6941,-2.685547e+00
6942,2.717285e+00
6943,-3.303223e+00
6944,3.278809e+00
6945,-3.793945e+00
6946,3.649902e+00
6947,-4.042969e+00
6948,3.779297e+00
6949,-4.096680e+00
6950,3.654785e+00
6951,-3.801270e+00
6952,3.244629e+00
6953,-3.388672e+00
6954,2.749023e+00
6955,-2.673340e+00
6956,1.911621e+00
6957,-1.818848e+00
6958,1.020508e+00
6959,-8.642578e-01
6960,1.000977e-01
6961,7.568359e-02
6962,-9.326172e-01
6963,1.030273e+00
6964,-1.875000e+00
6965,1.940918e+00
6966,-2.663574e+00
6967,2.683105e+00
6968,-3.315430e+00
6969,3.310547e+00
6970,-3.823242e+00
6971,3.681641e+00
6972,-4.050293e+00
6973,3.757324e+00
6974,-4.062500e+00
6975,3.625488e+00
6976,-3.811035e+00
6977,3.303223e+00
6978,-3.403320e+00
6979,2.731934e+00
6980,-2.629395e+00
6981,1.911621e+00
6982,-1.879883e+00
6983,1.088867e+00
6984,-8.715820e-01
6985,7.568359e-02
6986,7.812500e-02
6987,-9.228516e-01
6988,1.059570e+00
6989,-1.794434e+00
6990,1.955566e+00
6991,-2.695312e+00
6992,2.666016e+00
6993,-3.315430e+00
6994,3.281250e+00
6995,-3.796387e+00
6996,3.645020e+00
6997,-4.082031e+00
6998,3.750000e+00
6999,-4.055176e+00
7000,3.645020e+00
7001,-3.820801e+00
7002,3.291016e+00
7003,-3.369141e+00
7004,2.695312e+00
7005,-2.646484e+00
7006,1.950684e+00
7007,-1.875000e+00
7008,1.030273e+00
7009,-8.886719e-01
7010,7.812500e-02
7011,3.417969e-02
7012,-9.057617e-01
7013,1.040039e+00
7014,-1.865234e+00
7015,1.953125e+00
7016,-2.707520e+00
7017,2.700195e+00
7018,-3.344727e+00
7019,3.225098e+00
7020,-3.828125e+00
7021,3.603516e+00
7022,-4.084473e+00
7023,3.767090e+00
7024,-4.069824e+00
7025,3.632812e+00
7026,-3.823242e+00
7027,3.317871e+00
7028,-3.364258e+00
7029,2.751465e+00
7030,-2.683105e+00
7031,1.928711e+00
7032,-1.813965e+00
7033,1.064453e+00
7034,-8.837891e-01
7035,1.000977e-01
7036,5.371094e-02
7037,-9.350586e-01
7038,1.042480e+00
7039,-1.821289e+00
7040,1.955566e+00
7041,-2.648926e+00
7042,2.700195e+00
7043,-3.325195e+00
7044,3.222656e+00
7045,-3.803711e+00
7046,3.615723e+00
7047,-4.067383e+00
7048,3.796387e+00
7049,-4.101562e+00
7050,3.664551e+00
7051,-3.842773e+00
7052,3.312988e+00
7053,-3.344727e+00
7054,2.712402e+00
7055,-2.683105e+00
7056,1.928711e+00
7057,-1.823730e+00
7058,1.049805e+00
7059,-9.082031e-01
7060,5.859375e-02
7061,1.293945e-01
7062,-9.033203e-01
7063,1.035156e+00
7064,-1.875000e+00
7065,1.926270e+00
7066,-2.646484e+00
7067,2.700195e+00
7068,-3.332520e+00
7069,3.295898e+00
7070,-3.803711e+00
7071,3.618164e+00
7072,-4.067383e+00
7073,3.791504e+00
7074,-4.096680e+00
7075,3.642578e+00
7076,-3.801270e+00
7077,3.342285e+00
7078,-3.359375e+00
7079,2.717285e+00
7080,-2.680664e+00
7081,1.950684e+00
7082,-1.794434e+00
7083,1.074219e+00
7084,-9.252930e-01
7085,9.033203e-02
7086,4.882812e-02
7087,-9.326172e-01
7088,1.074219e+00
7089,-1.872559e+00
7090,1.899414e+00
7091,-2.634277e+00
7092,2.680664e+00
7093,-3.361816e+00
7094,3.261719e+00
7095,-3.759766e+00
7096,3.645020e+00
7097,-4.084473e+00
7098,3.811035e+00
7099,-4.060059e+00
7100,3.627930e+00
7101,-3.823242e+00
7102,3.291016e+00
7103,-3.312988e+00
7104,2.731934e+00
7105,-2.702637e+00
7106,1.928711e+00
7107,-1.862793e+00
7108,1.088867e+00
7109,-8.886719e-01
7110,2.441406e-02
7111,6.835938e-02
7112,-9.033203e-01
7113,1.054688e+00
7114,-1.845703e+00
7115,1.933594e+00
7116,-2.685547e+00
7117,2.651367e+00
7118,-3.322754e+00
7119,3.283691e+00
7120,-3.830566e+00
7121,3.635254e+00
7122,-4.057617e+00
7123,3.803711e+00
7124,-4.050293e+00
7125,3.615723e+00
7126,-3.845215e+00
7127,3.303223e+00
7128,-3.413086e+00
7129,2.727051e+00
7130,-2.629395e+00
7131,1.938477e+00
7132,-1.892090e+00
7133,1.052246e+00
7134,-9.423828e-01
7135,7.080078e-02
7136,6.591797e-02
7137,-8.984375e-01
7138,1.057129e+00
7139,-1.850586e+00
7140,1.948242e+00
7141,-2.648926e+00
7142,2.670898e+00
7143,-3.347168e+00
7144,3.264160e+00
7145,-3.833008e+00
7146,3.630371e+00
7147,-4.067383e+00
7148,3.779297e+00
7149,-4.084473e+00
7150,3.647461e+00
7151,-3.835449e+00
7152,3.278809e+00
7153,-3.371582e+00
7154,2.687988e+00
7155,-2.751465e+00
7156,1.979980e+00
7157,-1.806641e+00
7158,1.037598e+00
7159,-9.350586e-01
7160,9.033203e-02
7161,1.074219e-01
7162,-8.862305e-01
7163,1.030273e+00
7164,-1.862793e+00
7165,1.911621e+00
7166,-2.631836e+00
7167,2.680664e+00
7168,-3.339844e+00
7169,3.239746e+00
7170,-3.808594e+00
7171,3.635254e+00
7172,-4.040527e+00
7173,3.771973e+00
7174,-4.101562e+00
7175,3.723145e+00
7176,-3.815918e+00
7177,3.278809e+00
7178,-3.349609e+00
7179,2.722168e+00
7180,-2.636719e+00
7181,2.004395e+00
7182,-1.850586e+00
7183,1.110840e+00
7184,-9.130859e-01
7185,8.300781e-02
7186,3.906250e-02
7187,-8.911133e-01
7188,1.035156e+00
7189,-1.816406e+00
7190,1.938477e+00
7191,-2.653809e+00
7192,2.678223e+00
7193,-3.322754e+00
7194,3.244629e+00
7195,-3.854980e+00
7196,3.649902e+00
7197,-4.074707e+00
7198,3.774414e+00
7199,-4.074707e+00
7200,3.635254e+00
7201,-3.872070e+00
7202,3.259277e+00
7203,-3.354492e+00
7204,2.695312e+00
7205,-2.687988e+00
7206,1.928711e+00
7207,-1.862793e+00
7208,1.074219e+00
7209,-9.082031e-01
7210,9.277344e-02
7211,6.591797e-02
7212,-8.984375e-01
7213,1.018066e+00
7214,-1.833496e+00
7215,1.909180e+00
7216,-2.636719e+00
7217,2.700195e+00
7218,-3.378906e+00
7219,3.247070e+00
7220,-3.842773e+00
7221,3.623047e+00
7222,-4.064941e+00
7223,3.796387e+00
7224,-4.040527e+00
7225,3.637695e+00
7226,-3.835449e+00
7227,3.330078e+00
7228,-3.383789e+00
7229,2.714844e+00
7230,-2.661133e+00
7231,1.958008e+00
7232,-1.828613e+00
7233,1.074219e+00
7234,-9.082031e-01
7235,1.342773e-01
7236,4.882812e-02
7237,-9.277344e-01
7238,1.030273e+00
7239,-1.777344e+00
7240,1.933594e+00
7241,-2.673340e+00
7242,2.702637e+00
7243,-3.349609e+00
7244,3.212891e+00
7245,-3.803711e+00
7246,3.623047e+00
7247,-4.079590e+00
7248,3.801270e+00
7249,-4.072266e+00
7250,3.676758e+00
7251,-3.828125e+00
7252,3.293457e+00
7253,-3.344727e+00
7254,2.739258e+00
7255,-2.692871e+00
7256,1.945801e+00
7257,-1.855469e+00
7258,1.044922e+00
7259,-9.106445e-01
7260,9.521484e-02
7261,7.324219e-02
7262,-8.496094e-01
7263,1.027832e+00
7264,-1.831055e+00
7265,1.921387e+00
7266,-2.648926e+00
7267,2.666016e+00
7268,-3.283691e+00
7269,3.283691e+00
7270,-3.840332e+00
7271,3.632812e+00
7272,-4.035645e+00
7273,3.752441e+00
7274,-4.108887e+00
7275,3.642578e+00
7276,-3.876953e+00
7277,3.273926e+00
7278,-3.334961e+00
7279,2.729492e+00
7280,-2.731934e+00
7281,1.979980e+00
7282,-1.853027e+00
7283,1.069336e+00
7284,-9.033203e-01
7285,1.000977e-01
7286,6.591797e-02
7287,-8.642578e-01
7288,1.013184e+00
7289,-1.784668e+00
7290,1.962891e+00
7291,-2.685547e+00
7292,2.714844e+00
7293,-3.317871e+00
7294,3.225098e+00
7295,-3.820801e+00
7296,3.652344e+00
7297,-4.050293e+00
7298,3.803711e+00
7299,-4.023438e+00
7300,3.637695e+00
7301,-3.828125e+00
7302,3.344727e+00
7303,-3.400879e+00
7304,2.749023e+00
7305,-2.700195e+00
7306,1.970215e+00
7307,-1.848145e+00
7308,1.054688e+00
7309,-9.252930e-01
7310,1.440430e-01
7311,6.835938e-02
7312,-9.155273e-01
7313,1.005859e+00
7314,-1.779785e+00
7315,1.904297e+00
7316,-2.644043e+00
7317,2.639160e+00
7318,-3.303223e+00
7319,3.264160e+00
7320,-3.818359e+00
7321,3.686523e+00
7322,-4.089355e+00
7323,3.774414e+00
7324,-4.006348e+00
7325,3.684082e+00
7326,-3.811035e+00
7327,3.303223e+00
7328,-3.410645e+00
7329,2.705078e+00
7330,-2.700195e+00
7331,1.970215e+00
7332,-1.909180e+00
7333,1.066895e+00
7334,-9.326172e-01
7335,6.835938e-02
7336,7.812500e-02
7337,-8.837891e-01
7338,1.025391e+00
7339,-1.796875e+00
7340,1.901855e+00
7341,-2.661133e+00
7342,2.675781e+00
7343,-3.334961e+00
7344,3.261719e+00
7345,-3.833008e+00
7346,3.654785e+00
7347,-4.067383e+00
7348,3.762207e+00
7349,-4.040527e+00
7350,3.681641e+00
7351,-3.798828e+00
7352,3.271484e+00
7353,-3.366699e+00
7354,2.778320e+00
7355,-2.717285e+00
7356,1.940918e+00
7357,-1.899414e+00
7358,1.074219e+00
7359,-9.082031e-01
7360,1.147461e-01
7361,3.662109e-02
7362,-8.935547e-01
7363,1.000977e+00
7364,-1.828613e+00
7365,1.877441e+00
7366,-2.639160e+00
7367,2.636719e+00
7368,-3.364258e+00
7369,3.278809e+00
7370,-3.862305e+00
7371,3.576660e+00
7372,-4.060059e+00
7373,3.774414e+00
7374,-4.094238e+00
7375,3.657227e+00
7376,-3.862305e+00
7377,3.295898e+00
7378,-3.354492e+00
7379,2.749023e+00
7380,-2.753906e+00
7381,1.987305e+00
7382,-1.838379e+00
7383,1.088867e+00
7384,-9.301758e-01
7385,8.300781e-02
7386,4.882812e-02
7387,-8.642578e-01
7388,1.020508e+00
7389,-1.840820e+00
7390,1.896973e+00
7391,-2.661133e+00
7392,2.697754e+00
7393,-3.320312e+00
7394,3.247070e+00
7395,-3.828125e+00
7396,3.681641e+00
7397,-4.084473e+00
7398,3.759766e+00
7399,-4.050293e+00
7400,3.669434e+00
7401,-3.796387e+00
7402,3.295898e+00
7403,-3.378906e+00
7404,2.770996e+00
7405,-2.702637e+00
7406,1.960449e+00
7407,-1.901855e+00
7408,1.076660e+00
7409,-9.155273e-01
7410,1.049805e-01
7411,0.000000e+00
7412,-8.959961e-01
7413,1.025391e+00
7414,-1.823730e+00
7415,1.877441e+00
7416,-2.651367e+00
7417,2.646484e+00
7418,-3.352051e+00
7419,3.237305e+00
7420,-3.842773e+00
7421,3.652344e+00
7422,-4.050293e+00
7423,3.757324e+00
7424,-4.084473e+00
7425,3.671875e+00
7426,-3.820801e+00
7427,3.303223e+00
7428,-3.369141e+00
7429,2.758789e+00
7430,-2.736816e+00
7431,1.975098e+00
7432,-1.828613e+00
7433,1.127930e+00
7434,-9.399414e-01
7435,6.835938e-02
7436,7.812500e-02
7437,-8.740234e-01
7438,1.008301e+00
7439,-1.796875e+00
7440,1.882324e+00
7441,-2.629395e+00
7442,2.714844e+00
7443,-3.305664e+00
7444,3.269043e+00
7445,-3.784180e+00
7446,3.637695e+00
7447,-4.028320e+00
7448,3.798828e+00
7449,-4.111328e+00
7450,3.671875e+00
7451,-3.876953e+00
7452,3.266602e+00
7453,-3.330078e+00
7454,2.751465e+00
7455,-2.714844e+00
7456,1.970215e+00
7457,-1.896973e+00
7458,1.064453e+00
7459,-9.252930e-01
7460,9.765625e-02
7461,3.662109e-02
7462,-8.325195e-01
7463,9.887695e-01
7464,-1.787109e+00
7465,1.904297e+00
7466,-2.629395e+00
7467,2.680664e+00
7468,-3.349609e+00
7469,3.251953e+00
7470,-3.820801e+00
7471,3.662109e+00
7472,-4.057617e+00
7473,3.730469e+00
7474,-4.052734e+00
7475,3.696289e+00
7476,-3.862305e+00
7477,3.315430e+00
7478,-3.330078e+00
7479,2.731934e+00
7480,-2.714844e+00
7481,1.977539e+00
7482,-1.882324e+00
7483,1.127930e+00
7484,-9.594727e-01
7485,1.196289e-01
7486,6.835938e-02
7487,-8.911133e-01
7488,1.022949e+00
7489,-1.828613e+00
7490,1.901855e+00
7491,-2.636719e+00
7492,2.604980e+00
7493,-3.315430e+00
7494,3.247070e+00
7495,-3.820801e+00
7496,3.647461e+00
7497,-4.084473e+00
7498,3.769531e+00
7499,-4.106445e+00
7500,3.676758e+00
7501,-3.847656e+00
7502,3.303223e+00
7503,-3.366699e+00
7504,2.756348e+00
7505,-2.685547e+00
7506,1.955566e+00
7507,-1.887207e+00
7508,1.086426e+00
7509,-9.545898e-01
7510,1.147461e-01
7511,4.150391e-02
7512,-8.325195e-01
7513,9.716797e-01
7514,-1.845703e+00
7515,1.926270e+00
7516,-2.639160e+00
7517,2.646484e+00
7518,-3.330078e+00
7519,3.239746e+00
7520,-3.806152e+00
7521,3.627930e+00
7522,-4.113770e+00
7523,3.754883e+00
7524,-4.064941e+00
7525,3.598633e+00
7526,-3.845215e+00
7527,3.339844e+00
7528,-3.400879e+00
7529,2.766113e+00
7530,-2.709961e+00
7531,1.955566e+00
7532,-1.867676e+00
7533,1.079102e+00
7534,-9.545898e-01
7535,1.196289e-01
7536,7.324219e-03
7537,-8.740234e-01
7538,9.790039e-01
7539,-1.799316e+00
7540,1.904297e+00
7541,-2.636719e+00
7542,2.651367e+00
7543,-3.310547e+00
7544,3.239746e+00
7545,-3.771973e+00
7546,3.620605e+00
7547,-4.064941e+00
7548,3.764648e+00
7549,-4.040527e+00
7550,3.696289e+00
7551,-3.874512e+00
7552,3.312988e+00
7553,-3.403320e+00
7554,2.692871e+00
7555,-2.717285e+00
7556,2.009277e+00
7557,-1.879883e+00
7558,1.108398e+00
7559,-9.228516e-01
7560,1.367188e-01
7561,5.371094e-02
7562,-9.130859e-01
7563,1.003418e+00
7564,-1.791992e+00
7565,1.882324e+00
7566,-2.629395e+00
7567,2.631836e+00
7568,-3.315430e+00
7569,3.278809e+00
7570,-3.791504e+00
7571,3.618164e+00
7572,-4.060059e+00
7573,3.786621e+00
7574,-4.045410e+00
7575,3.666992e+00
7576,-3.862305e+00
7577,3.369141e+00
7578,-3.398438e+00
7579,2.714844e+00
7580,-2.673340e+00
7581,2.016602e+00
7582,-1.879883e+00
7583,1.079102e+00
7584,-9.643555e-01
7585,1.562500e-01
7586,2.197266e-02
7587,-8.471680e-01
7588,1.008301e+00
7589,-1.770020e+00
7590,1.906738e+00
7591,-2.631836e+00
7592,2.685547e+00
7593,-3.334961e+00
7594,3.242188e+00
7595,-3.786621e+00
7596,3.632812e+00
7597,-4.055176e+00
7598,3.786621e+00
7599,-4.086914e+00
7600,3.666992e+00
7601,-3.830566e+00
7602,3.242188e+00
7603,-3.339844e+00
7604,2.773438e+00
7605,-2.702637e+00
7606,1.999512e+00
7607,-1.940918e+00
7608,1.096191e+00
7609,-9.228516e-01
7610,8.300781e-02
7611,1.708984e-02
7612,-8.569336e-01
7613,1.008301e+00
7614,-1.762695e+00
7615,1.821289e+00
7616,-2.639160e+00
7617,2.687988e+00
7618,-3.312988e+00
7619,3.291016e+00
7620,-3.830566e+00
7621,3.625488e+00
7622,-4.038086e+00
7623,3.801270e+00
7624,-4.108887e+00
7625,3.679199e+00
7626,-3.833008e+00
7627,3.305664e+00
7628,-3.366699e+00
7629,2.736816e+00
7630,-2.739258e+00
7631,1.979980e+00
7632,-1.882324e+00
7633,1.108398e+00
7634,-9.252930e-01
7635,1.513672e-01
7636,9.765625e-03
7637,-8.520508e-01
7638,9.692383e-01
7639,-1.774902e+00
7640,1.904297e+00
7641,-2.661133e+00
7642,2.685547e+00
7643,-3.332520e+00
7644,3.227539e+00
7645,-3.801270e+00
7646,3.630371e+00
7647,-4.035645e+00
7648,3.798828e+00
7649,-4.074707e+00
7650,3.691406e+00
7651,-3.784180e+00
7652,3.354492e+00
7653,-3.381348e+00
7654,2.753906e+00
7655,-2.712402e+00
7656,2.011719e+00
7657,-1.933594e+00
7658,1.115723e+00
7659,-9.570312e-01
7660,5.126953e-02
7661,4.882812e-02
7662,-8.325195e-01
7663,9.716797e-01
7664,-1.828613e+00
7665,1.901855e+00
7666,-2.609863e+00
7667,2.604980e+00
7668,-3.352051e+00
7669,3.242188e+00
7670,-3.767090e+00
7671,3.654785e+00
7672,-4.042969e+00
7673,3.806152e+00
7674,-4.025879e+00
7675,3.713379e+00
7676,-3.825684e+00
7677,3.361816e+00
7678,-3.415527e+00
7679,2.753906e+00
7680,-2.707520e+00
7681,1.997070e+00
7682,-1.901855e+00
7683,1.127930e+00
7684,-9.692383e-01
7685,1.074219e-01
7686,-7.324219e-03
7687,-8.496094e-01
7688,1.027832e+00
7689,-1.789551e+00
7690,1.901855e+00
7691,-2.622070e+00
7692,2.646484e+00
7693,-3.276367e+00
7694,3.249512e+00
7695,-3.757324e+00
7696,3.654785e+00
7697,-4.089355e+00
7698,3.776855e+00
7699,-4.060059e+00
7700,3.654785e+00
7701,-3.862305e+00
7702,3.310547e+00
7703,-3.430176e+00
7704,2.751465e+00
7705,-2.768555e+00
7706,2.004395e+00
7707,-1.914062e+00
7708,1.074219e+00
7709,-9.838867e-01
7710,1.489258e-01
7711,3.906250e-02
7712,-8.447266e-01
7713,1.003418e+00
7714,-1.767578e+00
7715,1.870117e+00
7716,-2.587891e+00
7717,2.644043e+00
7718,-3.288574e+00
7719,3.278809e+00
7720,-3.845215e+00
7721,3.640137e+00
7722,-4.016113e+00
7723,3.779297e+00
7724,-4.101562e+00
7725,3.713379e+00
7726,-3.837891e+00
7727,3.322754e+00
7728,-3.403320e+00
7729,2.780762e+00
7730,-2.717285e+00
7731,1.994629e+00
7732,-1.862793e+00
7733,1.154785e+00
7734,-9.252930e-01
7735,1.171875e-01
7736,-1.953125e-02
7737,-8.203125e-01
7738,1.010742e+00
7739,-1.735840e+00
7740,1.862793e+00
7741,-2.666016e+00
7742,2.668457e+00
7743,-3.293457e+00
7744,3.251953e+00
7745,-3.776855e+00
7746,3.637695e+00
7747,-4.050293e+00
7748,3.771973e+00
7749,-4.116211e+00
7750,3.671875e+00
7751,-3.845215e+00
7752,3.315430e+00
7753,-3.400879e+00
7754,2.768555e+00
7755,-2.702637e+00
7756,2.001953e+00
7757,-1.884766e+00
7758,1.108398e+00
7759,-9.838867e-01
7760,1.342773e-01
7761,1.464844e-02
7762,-8.520508e-01
7763,1.037598e+00
7764,-1.716309e+00
7765,1.877441e+00
7766,-2.639160e+00
7767,2.646484e+00
7768,-3.291016e+00
7769,3.269043e+00
7770,-3.840332e+00
7771,3.613281e+00
7772,-4.067383e+00
7773,3.757324e+00
7774,-4.050293e+00
7775,3.696289e+00
7776,-3.828125e+00
7777,3.320312e+00
7778,-3.356934e+00
7779,2.746582e+00
7780,-2.761230e+00
7781,1.999512e+00
7782,-1.901855e+00
7783,1.125488e+00
7784,-9.667969e-01
7785,1.782227e-01
7786,1.464844e-02
7787,-8.544922e-01
7788,9.912109e-01
7789,-1.784668e+00
7790,1.911621e+00
7791,-2.631836e+00
7792,2.658691e+00
7793,-3.315430e+00
7794,3.266602e+00
7795,-3.803711e+00
7796,3.608398e+00
7797,-4.042969e+00
7798,3.779297e+00
7799,-4.089355e+00
7800,3.715820e+00
7801,-3.864746e+00
7802,3.310547e+00
7803,-3.344727e+00
7804,2.744141e+00
7805,-2.741699e+00
7806,2.019043e+00
7807,-1.884766e+00
7808,1.108398e+00
7809,-9.741211e-01
7810,1.269531e-01
7811,3.173828e-02
7812,-8.569336e-01
7813,1.013184e+00
7814,-1.818848e+00
7815,1.845703e+00
7816,-2.583008e+00
7817,2.668457e+00
7818,-3.293457e+00
7819,3.183594e+00
7820,-3.776855e+00
7821,3.627930e+00
7822,-4.064941e+00
7823,3.784180e+00
7824,-4.082031e+00
7825,3.691406e+00
7826,-3.840332e+00
7827,3.317871e+00
7828,-3.366699e+00
7829,2.756348e+00
7830,-2.719727e+00
7831,2.009277e+00
7832,-1.921387e+00
7833,1.137695e+00
7834,-9.594727e-01
7835,1.074219e-01
7836,0.000000e+00
7837,-7.788086e-01
7838,9.399414e-01
7839,-1.811523e+00
7840,1.887207e+00
7841,-2.614746e+00
7842,2.604980e+00
7843,-3.298340e+00
7844,3.193359e+00
7845,-3.793945e+00
7846,3.627930e+00
7847,-4.042969e+00
7848,3.811035e+00
7849,-4.091797e+00
7850,3.686523e+00
7851,-3.828125e+00
7852,3.283691e+00
7853,-3.461914e+00
7854,2.766113e+00
7855,-2.736816e+00
7856,1.979980e+00
7857,-1.896973e+00
7858,1.110840e+00
7859,-9.790039e-01
7860,1.586914e-01
7861,-7.324219e-03
7862,-8.325195e-01
7863,9.936523e-01
7864,-1.787109e+00
7865,1.860352e+00
7866,-2.648926e+00
7867,2.653809e+00
7868,-3.310547e+00
7869,3.220215e+00
7870,-3.823242e+00
7871,3.625488e+00
7872,-4.079590e+00
7873,3.759766e+00
7874,-4.069824e+00
7875,3.688965e+00
7876,-3.876953e+00
7877,3.286133e+00
7878,-3.439941e+00
7879,2.846680e+00
7880,-2.705078e+00
7881,1.965332e+00
7882,-1.904297e+00
7883,1.093750e+00
7884,-1.008301e+00
7885,1.464844e-01
7886,4.150391e-02
7887,-8.276367e-01
7888,9.838867e-01
7889,-1.765137e+00
7890,1.862793e+00
7891,-2.614746e+00
7892,2.612305e+00
7893,-3.281250e+00
7894,3.244629e+00
7895,-3.779297e+00
7896,3.684082e+00
7897,-4.067383e+00
7898,3.776855e+00
7899,-4.086914e+00
7900,3.596191e+00
7901,-3.898926e+00
7902,3.322754e+00
7903,-3.425293e+00
7904,2.773438e+00
7905,-2.778320e+00
7906,1.984863e+00
7907,-1.894531e+00
7908,1.147461e+00
7909,-9.375000e-01
7910,1.635742e-01
7911,-1.220703e-02
7912,-8.398438e-01
7913,9.667969e-01
7914,-1.770020e+00
7915,1.855469e+00
7916,-2.631836e+00
7917,2.570801e+00
7918,-3.332520e+00
7919,3.264160e+00
7920,-3.825684e+00
7921,3.627930e+00
7922,-4.064941e+00
7923,3.764648e+00
7924,-4.064941e+00
7925,3.703613e+00
7926,-3.837891e+00
7927,3.325195e+00
7928,-3.344727e+00
7929,2.795410e+00
7930,-2.722168e+00
7931,2.016602e+00
7932,-1.914062e+00
7933,1.101074e+00
7934,-9.277344e-01
7935,1.660156e-01
7936,-4.882812e-03
7937,-8.374023e-01
7938,1.008301e+00
7939,-1.782227e+00
7940,1.848145e+00
7941,-2.612305e+00
7942,2.626953e+00
7943,-3.288574e+00
7944,3.256836e+00
7945,-3.842773e+00
7946,3.601074e+00
7947,-4.067383e+00
7948,3.769531e+00
7949,-4.082031e+00
7950,3.706055e+00
7951,-3.864746e+00
7952,3.300781e+00
7953,-3.361816e+00
7954,2.756348e+00
7955,-2.775879e+00
7956,1.979980e+00
7957,-1.945801e+00
7958,1.149902e+00
7959,-1.013184e+00
7960,1.660156e-01
7961,1.953125e-02
7962,-8.813477e-01
7963,9.985352e-01
7964,-1.745605e+00
7965,1.809082e+00
7966,-2.626953e+00
7967,2.631836e+00
7968,-3.320312e+00
7969,3.269043e+00
7970,-3.776855e+00
7971,3.610840e+00
7972,-4.050293e+00
7973,3.752441e+00
7974,-4.028320e+00
7975,3.696289e+00
7976,-3.894043e+00
7977,3.293457e+00
7978,-3.391113e+00
7979,2.797852e+00
7980,-2.753906e+00
7981,2.031250e+00
7982,-1.843262e+00
7983,1.191406e+00
7984,-9.765625e-01
7985,1.684570e-01
7986,0.000000e+00
7987,-8.007812e-01
7988,9.765625e-01
7989,-1.757812e+00
7990,1.855469e+00
7991,-2.631836e+00
7992,2.629395e+00
7993,-3.303223e+00
7994,3.220215e+00
7995,-3.779297e+00
7996,3.598633e+00
7997,-4.045410e+00
7998,3.769531e+00
7999,-4.096680e+00
8000,3.666992e+00
8001,-3.835449e+00
8002,3.347168e+00
8003,-3.417969e+00
8004,2.751465e+00
8005,-2.773438e+00
8006,1.989746e+00
8007,-1.921387e+00
8008,1.125488e+00
8009,-1.042480e+00
8010,1.806641e-01
8011,-2.441406e-03
8012,-8.740234e-01
8013,9.985352e-01
8014,-1.750488e+00
8015,1.875000e+00
8016,-2.600098e+00
8017,2.631836e+00
8018,-3.273926e+00
8019,3.222656e+00
8020,-3.811035e+00
8021,3.569336e+00
8022,-4.067383e+00
8023,3.774414e+00
8024,-4.067383e+00
8025,3.696289e+00
8026,-3.879395e+00
8027,3.334961e+00
8028,-3.395996e+00
8029,2.749023e+00
8030,-2.746582e+00
8031,2.060547e+00
8032,-1.943359e+00
8033,1.074219e+00
8034,-9.667969e-01
8035,1.513672e-01
8036,-1.464844e-02
8037,-8.349609e-01
8038,9.545898e-01
8039,-1.774902e+00
8040,1.867676e+00
8041,-2.578125e+00
8042,2.624512e+00
8043,-3.261719e+00
8044,3.229980e+00
8045,-3.757324e+00
8046,3.632812e+00
8047,-4.099121e+00
8048,3.781738e+00
8049,-4.089355e+00
8050,3.659668e+00
8051,-3.862305e+00
8052,3.317871e+00
8053,-3.361816e+00
8054,2.785645e+00
8055,-2.773438e+00
8056,2.031250e+00
8057,-1.904297e+00
8058,1.118164e+00
8059,-9.863281e-01
8060,1.831055e-01
8061,-1.708984e-02
8062,-8.496094e-01
8063,9.448242e-01
8064,-1.760254e+00
8065,1.877441e+00
8066,-2.624512e+00
8067,2.626953e+00
8068,-3.251953e+00
8069,3.232422e+00
8070,-3.818359e+00
8071,3.627930e+00
8072,-4.033203e+00
8073,3.757324e+00
8074,-4.084473e+00
8075,3.620605e+00
8076,-3.874512e+00
8077,3.383789e+00
8078,-3.425293e+00
8079,2.773438e+00
8080,-2.739258e+00
8081,2.028809e+00
8082,-1.916504e+00
8083,1.125488e+00
8084,-9.741211e-01
8085,2.197266e-01
8086,4.882812e-03
8087,-7.836914e-01
8088,9.570312e-01
8089,-1.774902e+00
8090,1.843262e+00
8091,-2.612305e+00
8092,2.614746e+00
8093,-3.298340e+00
8094,3.227539e+00
8095,-3.820801e+00
8096,3.620605e+00
8097,-4.055176e+00
8098,3.728027e+00
8099,-4.125977e+00
8100,3.679199e+00
8101,-3.867188e+00
8102,3.352051e+00
8103,-3.400879e+00
8104,2.800293e+00
8105,-2.749023e+00
8106,2.062988e+00
8107,-1.911621e+00
8108,1.142578e+00
8109,-9.960938e-01
8110,1.611328e-01
8111,1.464844e-02
8112,-7.885742e-01
8113,9.155273e-01
8114,-1.755371e+00
8115,1.806641e+00
8116,-2.600098e+00
8117,2.663574e+00
8118,-3.300781e+00
8119,3.200684e+00
8120,-3.732910e+00
8121,3.632812e+00
8122,-4.060059e+00
8123,3.747559e+00
8124,-4.091797e+00
8125,3.669434e+00
8126,-3.874512e+00
8127,3.334961e+00
8128,-3.388672e+00
8129,2.775879e+00
8130,-2.724609e+00
8131,2.021484e+00
8132,-1.921387e+00
8133,1.137695e+00
8134,-1.008301e+00
8135,1.806641e-01
8136,1.708984e-02
8137,-8.203125e-01
8138,9.204102e-01
8139,-1.755371e+00
8140,1.794434e+00
8141,-2.592773e+00
8142,2.607422e+00
8143,-3.269043e+00
8144,3.242188e+00
8145,-3.811035e+00
8146,3.647461e+00
8147,-4.047852e+00
8148,3.784180e+00
8149,-4.047852e+00
8150,3.659668e+00
8151,-3.869629e+00
8152,3.371582e+00
8153,-3.374023e+00
8154,2.749023e+00
8155,-2.749023e+00
8156,2.021484e+00
8157,-1.950684e+00
8158,1.164551e+00
8159,-9.570312e-01
8160,1.562500e-01
8161,-3.417969e-02
8162,-8.227539e-01
8163,9.619141e-01
8164,-1.767578e+00
8165,1.821289e+00
8166,-2.573242e+00
8167,2.607422e+00
8168,-3.315430e+00
8169,3.227539e+00
8170,-3.759766e+00
8171,3.679199e+00
8172,-4.052734e+00
8173,3.725586e+00
8174,-4.060059e+00
8175,3.659668e+00
8176,-3.864746e+00
8177,3.364258e+00
8178,-3.430176e+00
8179,2.805176e+00
8180,-2.778320e+00
8181,1.997070e+00
8182,-1.914062e+00
8183,1.147461e+00
8184,-9.838867e-01
8185,2.221680e-01
8186,-7.812500e-02
8187,-7.568359e-01
8188,9.228516e-01
8189,-1.799316e+00
8190,1.909180e+00
8191,-2.565918e+00
8192,2.587891e+00
8193,-3.283691e+00
8194,3.254395e+00
8195,-3.732910e+00
8196,3.603516e+00
8197,-4.033203e+00
8198,3.798828e+00
8199,-4.143066e+00
8200,3.693848e+00
8201,-3.852539e+00
8202,3.288574e+00
8203,-3.352051e+00
8204,2.800293e+00
8205,-2.770996e+00
8206,2.016602e+00
8207,-1.953125e+00
8208,1.142578e+00
8209,-9.912109e-01
8210,1.831055e-01
8211,-5.859375e-02
8212,-7.690430e-01
8213,9.326172e-01
8214,-1.770020e+00
8215,1.848145e+00
8216,-2.585449e+00
8217,2.612305e+00
8218,-3.293457e+00
8219,3.171387e+00
8220,-3.776855e+00
8221,3.627930e+00
8222,-4.050293e+00
8223,3.771973e+00
8224,-4.118652e+00
8225,3.649902e+00
8226,-3.842773e+00
8227,3.371582e+00
8228,-3.408203e+00
8229,2.788086e+00
8230,-2.729492e+00
8231,2.038574e+00
8232,-1.965332e+00
8233,1.196289e+00
8234,-9.643555e-01
8235,1.367188e-01
8236,-1.953125e-02
8237,-7.690430e-01
8238,9.594727e-01
8239,-1.745605e+00
8240,1.835938e+00
8241,-2.592773e+00
8242,2.639160e+00
8243,-3.220215e+00
8244,3.244629e+00
8245,-3.762207e+00
8246,3.630371e+00
8247,-4.055176e+00
8248,3.774414e+00
8249,-4.155273e+00
8250,3.637695e+00
8251,-3.837891e+00
8252,3.349609e+00
8253,-3.435059e+00
8254,2.758789e+00
8255,-2.702637e+00
8256,2.033691e+00
8257,-1.967773e+00
8258,1.181641e+00
8259,-1.059570e+00
8260,1.782227e-01
8261,9.765625e-03
8262,-8.300781e-01
8263,9.277344e-01
8264,-1.772461e+00
8265,1.823730e+00
8266,-2.597656e+00
8267,2.587891e+00
8268,-3.237305e+00
8269,3.222656e+00
8270,-3.828125e+00
8271,3.588867e+00
8272,-4.067383e+00
8273,3.747559e+00
8274,-4.082031e+00
8275,3.730469e+00
8276,-3.901367e+00
8277,3.312988e+00
8278,-3.413086e+00
8279,2.822266e+00
8280,-2.734375e+00
8281,2.009277e+00
8282,-1.936035e+00
8283,1.132812e+00
8284,-1.013184e+00
8285,2.050781e-01
8286,-4.394531e-02
8287,-7.714844e-01
8288,9.594727e-01
8289,-1.796875e+00
8290,1.835938e+00
8291,-2.563477e+00
8292,2.580566e+00
8293,-3.305664e+00
8294,3.198242e+00
8295,-3.845215e+00
8296,3.610840e+00
8297,-4.035645e+00
8298,3.769531e+00
8299,-4.108887e+00
8300,3.674316e+00
8301,-3.867188e+00
8302,3.300781e+00
8303,-3.447266e+00
8304,2.773438e+00
8305,-2.807617e+00
8306,2.031250e+00
8307,-1.931152e+00
8308,1.123047e+00
8309,-1.003418e+00
8310,1.904297e-01
8311,9.765625e-03
8312,-8.447266e-01
8313,9.204102e-01
8314,-1.716309e+00
8315,1.833496e+00
8316,-2.558594e+00
8317,2.607422e+00
8318,-3.281250e+00
8319,3.171387e+00
8320,-3.771973e+00
8321,3.649902e+00
8322,-4.042969e+00
8323,3.771973e+00
8324,-4.116211e+00
8325,3.688965e+00
8326,-3.894043e+00
8327,3.317871e+00
8328,-3.410645e+00
8329,2.788086e+00
8330,-2.717285e+00
8331,2.036133e+00
8332,-1.955566e+00
8333,1.193848e+00
8334,-1.018066e+00
8335,1.855469e-01
8336,2.441406e-03
8337,-7.641602e-01
8338,9.545898e-01
8339,-1.726074e+00
8340,1.774902e+00
8341,-2.529297e+00
8342,2.636719e+00
8343,-3.303223e+00
8344,3.239746e+00
8345,-3.764648e+00
8346,3.566895e+00
8347,-4.011230e+00
8348,3.769531e+00
8349,-4.074707e+00
8350,3.684082e+00
8351,-3.886719e+00
8352,3.347168e+00
8353,-3.417969e+00
8354,2.783203e+00
8355,-2.773438e+00
8356,2.065430e+00
8357,-1.948242e+00
8358,1.142578e+00
8359,-1.091309e+00
8360,1.513672e-01
8361,-4.150391e-02
8362,-8.007812e-01
8363,9.497070e-01
8364,-1.726074e+00
8365,1.860352e+00
8366,-2.590332e+00
8367,2.543945e+00
8368,-3.261719e+00
8369,3.259277e+00
8370,-3.732910e+00
8371,3.613281e+00
8372,-4.003906e+00
8373,3.774414e+00
8374,-4.106445e+00
8375,3.654785e+00
8376,-3.911133e+00
8377,3.349609e+00
8378,-3.469238e+00
8379,2.797852e+00
8380,-2.768555e+00
8381,2.058105e+00
8382,-1.892090e+00
8383,1.174316e+00
8384,-9.838867e-01
8385,1.611328e-01
8386,-3.906250e-02
8387,-7.934570e-01
8388,9.155273e-01
8389,-1.701660e+00
8390,1.811523e+00
8391,-2.622070e+00
8392,2.629395e+00
8393,-3.281250e+00
8394,3.212891e+00
8395,-3.767090e+00
8396,3.576660e+00
8397,-4.067383e+00
8398,3.774414e+00
8399,-4.096680e+00
8400,3.688965e+00
8401,-3.847656e+00
8402,3.342285e+00
8403,-3.449707e+00
8404,2.792969e+00
8405,-2.768555e+00
8406,2.031250e+00
8407,-2.006836e+00
8408,1.142578e+00
8409,-1.018066e+00
8410,1.440430e-01
8411,-4.150391e-02
8412,-8.154297e-01
8413,9.277344e-01
8414,-1.721191e+00
8415,1.782227e+00
8416,-2.592773e+00
8417,2.604980e+00
8418,-3.271484e+00
8419,3.220215e+00
8420,-3.747559e+00
8421,3.620605e+00
8422,-4.060059e+00
8423,3.791504e+00
8424,-4.072266e+00
8425,3.679199e+00
8426,-3.896484e+00
8427,3.359375e+00
8428,-3.422852e+00
8429,2.800293e+00
8430,-2.756348e+00
8431,2.006836e+00
8432,-1.931152e+00
8433,1.176758e+00
8434,-1.042480e+00
8435,2.221680e-01
8436,3.173828e-02
8437,-7.861328e-01
8438,9.423828e-01
8439,-1.745605e+00
8440,1.779785e+00
8441,-2.573242e+00
8442,2.626953e+00
8443,-3.273926e+00
8444,3.210449e+00
8445,-3.779297e+00
8446,3.574219e+00
8447,-4.047852e+00
8448,3.732910e+00
8449,-4.116211e+00
8450,3.671875e+00
8451,-3.911133e+00
8452,3.310547e+00
8453,-3.403320e+00
8454,2.800293e+00
8455,-2.812500e+00
8456,2.033691e+00
8457,-1.904297e+00
8458,1.142578e+00
8459,-1.030273e+00
8460,2.343750e-01
8461,-6.835938e-02
8462,-7.861328e-01
8463,9.716797e-01
8464,-1.755371e+00
8465,1.787109e+00
8466,-2.573242e+00
8467,2.597656e+00
8468,-3.288574e+00
8469,3.208008e+00
8470,-3.813477e+00
8471,3.598633e+00
8472,-4.047852e+00
8473,3.759766e+00
8474,-4.020996e+00
8475,3.669434e+00
8476,-3.913574e+00
8477,3.344727e+00
8478,-3.410645e+00
8479,2.761230e+00
8480,-2.778320e+00
8481,2.033691e+00
8482,-1.975098e+00
8483,1.228027e+00
8484,-1.008301e+00
8485,1.855469e-01
8486,-3.173828e-02
8487,-7.641602e-01
8488,9.326172e-01
8489,-1.721191e+00
8490,1.794434e+00
8491,-2.600098e+00
8492,2.607422e+00
8493,-3.288574e+00
8494,3.200684e+00
8495,-3.781738e+00
8496,3.591309e+00
8497,-4.038086e+00
8498,3.811035e+00
8499,-4.108887e+00
8500,3.662109e+00
8501,-3.835449e+00
8502,3.337402e+00
8503,-3.464355e+00
8504,2.839355e+00
8505,-2.758789e+00
8506,2.055664e+00
8507,-1.984863e+00
8508,1.157227e+00
8509,-9.863281e-01
8510,1.953125e-01
8511,-5.126953e-02
8512,-7.763672e-01
8513,9.301758e-01
8514,-1.735840e+00
8515,1.811523e+00
8516,-2.585449e+00
8517,2.648926e+00
8518,-3.276367e+00
8519,3.168945e+00
8520,-3.735352e+00
8521,3.588867e+00
8522,-4.050293e+00
8523,3.759766e+00
8524,-4.123535e+00
8525,3.703613e+00
8526,-3.850098e+00
8527,3.369141e+00
8528,-3.381348e+00
8529,2.812500e+00
8530,-2.824707e+00
8531,2.048340e+00
8532,-1.982422e+00
8533,1.149902e+00
8534,-1.008301e+00
8535,2.221680e-01
8536,-2.197266e-02
8537,-7.373047e-01
8538,9.008789e-01
8539,-1.730957e+00
8540,1.872559e+00
8541,-2.561035e+00
8542,2.578125e+00
8543,-3.249512e+00
8544,3.193359e+00
8545,-3.762207e+00
8546,3.596191e+00
8547,-4.006348e+00
8548,3.774414e+00
8549,-4.084473e+00
8550,3.708496e+00
8551,-3.837891e+00
8552,3.339844e+00
8553,-3.457031e+00
8554,2.778320e+00
8555,-2.785645e+00
8556,2.072754e+00
8557,-1.931152e+00
8558,1.159668e+00
8559,-1.069336e+00
8560,2.099609e-01
8561,-4.394531e-02
8562,-7.519531e-01
8563,8.837891e-01
8564,-1.726074e+00
8565,1.838379e+00
8566,-2.543945e+00
8567,2.558594e+00
8568,-3.286133e+00
8569,3.244629e+00
8570,-3.771973e+00
8571,3.554688e+00
8572,-4.055176e+00
8573,3.759766e+00
8574,-4.113770e+00
8575,3.688965e+00
8576,-3.852539e+00
8577,3.334961e+00
8578,-3.457031e+00
8579,2.788086e+00
8580,-2.773438e+00
8581,2.058105e+00
8582,-1.958008e+00
8583,1.228027e+00
8584,-1.010742e+00
8585,1.684570e-01
8586,-2.441406e-02
8587,-7.666016e-01
8588,8.740234e-01
8589,-1.716309e+00
8590,1.840820e+00
8591,-2.585449e+00
8592,2.580566e+00
8593,-3.295898e+00
8594,3.205566e+00
8595,-3.776855e+00
8596,3.586426e+00
8597,-4.033203e+00
8598,3.798828e+00
8599,-4.060059e+00
8600,3.686523e+00
8601,-3.896484e+00
8602,3.361816e+00
8603,-3.457031e+00
8604,2.805176e+00
8605,-2.751465e+00
8606,2.055664e+00
8607,-1.948242e+00
8608,1.176758e+00
8609,-1.032715e+00
8610,2.270508e-01
8611,-5.615234e-02
8612,-7.470703e-01
8613,9.228516e-01
8614,-1.723633e+00
8615,1.828613e+00
8616,-2.563477e+00
8617,2.634277e+00
8618,-3.269043e+00
8619,3.171387e+00
8620,-3.776855e+00
8621,3.566895e+00
8622,-4.033203e+00
8623,3.776855e+00
8624,-4.118652e+00
8625,3.696289e+00
8626,-3.869629e+00
8627,3.369141e+00
8628,-3.454590e+00
8629,2.778320e+00
8630,-2.768555e+00
8631,2.021484e+00
8632,-1.967773e+00
8633,1.203613e+00
8634,-1.030273e+00
8635,2.392578e-01
8636,-6.835938e-02
8637,-8.251953e-01
8638,9.472656e-01
8639,-1.721191e+00
8640,1.823730e+00
8641,-2.580566e+00
8642,2.531738e+00
8643,-3.298340e+00
8644,3.220215e+00
8645,-3.767090e+00
8646,3.603516e+00
8647,-4.089355e+00
8648,3.735352e+00
8649,-4.084473e+00
8650,3.671875e+00
8651,-3.847656e+00
8652,3.376465e+00
8653,-3.435059e+00
8654,2.839355e+00
8655,-2.746582e+00
8656,2.023926e+00
8657,-1.916504e+00
8658,1.193848e+00
8659,-1.074219e+00
8660,2.001953e-01
8661,-6.591797e-02
8662,-7.763672e-01
8663,9.008789e-01
8664,-1.706543e+00
8665,1.838379e+00
8666,-2.551270e+00
8667,2.602539e+00
8668,-3.249512e+00
8669,3.251953e+00
8670,-3.786621e+00
8671,3.574219e+00
8672,-4.038086e+00
8673,3.771973e+00
8674,-4.086914e+00
8675,3.676758e+00
8676,-3.806152e+00
8677,3.337402e+00
8678,-3.464355e+00
8679,2.832031e+00
8680,-2.773438e+00
8681,2.014160e+00
8682,-1.914062e+00
8683,1.159668e+00
8684,-1.062012e+00
8685,2.270508e-01
8686,-7.568359e-02
8687,-7.568359e-01
8688,9.106445e-01
8689,-1.716309e+00
8690,1.845703e+00
8691,-2.509766e+00
8692,2.604980e+00
8693,-3.264160e+00
8694,3.234863e+00
8695,-3.730469e+00
8696,3.610840e+00
8697,-4.084473e+00
8698,3.774414e+00
8699,-4.072266e+00
8700,3.686523e+00
8701,-3.862305e+00
8702,3.383789e+00
8703,-3.442383e+00
8704,2.824707e+00
8705,-2.770996e+00
8706,2.058105e+00
8707,-1.943359e+00
8708,1.154785e+00
8709,-1.059570e+00
8710,2.465820e-01
8711,-9.033203e-02
8712,-7.983398e-01
8713,9.399414e-01
8714,-1.708984e+00
8715,1.845703e+00
8716,-2.563477e+00
8717,2.587891e+00
8718,-3.293457e+00
8719,3.171387e+00
8720,-3.754883e+00
8721,3.645020e+00
8722,-4.035645e+00
8723,3.728027e+00
8724,-4.086914e+00
8725,3.671875e+00
8726,-3.916016e+00
8727,3.364258e+00
8728,-3.442383e+00
8729,2.817383e+00
8730,-2.734375e+00
8731,2.084961e+00
8732,-1.936035e+00
8733,1.245117e+00
8734,-1.005859e+00
8735,2.368164e-01
8736,-4.150391e-02
8737,-7.324219e-01
8738,9.106445e-01
8739,-1.723633e+00
8740,1.857910e+00
8741,-2.546387e+00
8742,2.534180e+00
8743,-3.247070e+00
8744,3.168945e+00
8745,-3.735352e+00
8746,3.618164e+00
8747,-4.067383e+00
8748,3.762207e+00
8749,-4.101562e+00
8750,3.691406e+00
8751,-3.852539e+00
8752,3.376465e+00
8753,-3.425293e+00
8754,2.817383e+00
8755,-2.829590e+00
8756,2.080078e+00
8757,-1.979980e+00
8758,1.184082e+00
8759,-1.059570e+00
8760,2.246094e-01
8761,-5.126953e-02
8762,-7.763672e-01
8763,9.057617e-01
8764,-1.701660e+00
8765,1.791992e+00
8766,-2.587891e+00
8767,2.614746e+00
8768,-3.222656e+00
8769,3.164062e+00
8770,-3.742676e+00
8771,3.603516e+00
8772,-4.091797e+00
8773,3.786621e+00
8774,-4.050293e+00
8775,3.666992e+00
8776,-3.916016e+00
8777,3.386230e+00
8778,-3.466797e+00
8779,2.770996e+00
8780,-2.766113e+00
8781,2.014160e+00
8782,-1.962891e+00
8783,1.193848e+00
8784,-1.086426e+00
8785,2.075195e-01
8786,-8.544922e-02
8787,-7.519531e-01
8788,9.057617e-01
8789,-1.701660e+00
8790,1.811523e+00
8791,-2.546387e+00
8792,2.641602e+00
8793,-3.269043e+00
8794,3.205566e+00
8795,-3.754883e+00
8796,3.603516e+00
8797,-4.016113e+00
8798,3.728027e+00
8799,-4.091797e+00
8800,3.706055e+00
8801,-3.891602e+00
8802,3.369141e+00
8803,-3.359375e+00
8804,2.839355e+00
8805,-2.792969e+00
8806,2.084961e+00
8807,-2.019043e+00
8808,1.171875e+00
8809,-1.042480e+00
8810,1.635742e-01
8811,-3.173828e-02
8812,-7.373047e-01
8813,8.544922e-01
8814,-1.691895e+00
8815,1.801758e+00
8816,-2.536621e+00
8817,2.648926e+00
8818,-3.264160e+00
8819,3.146973e+00
8820,-3.728027e+00
8821,3.603516e+00
8822,-4.050293e+00
8823,3.784180e+00
8824,-4.074707e+00
8825,3.698730e+00
8826,-3.879395e+00
8827,3.388672e+00
8828,-3.469238e+00
8829,2.766113e+00
8830,-2.807617e+00
8831,2.133789e+00
8832,-1.997070e+00
8833,1.154785e+00
8834,-1.003418e+00
8835,2.539062e-01
8836,-8.544922e-02
8837,-7.519531e-01
8838,9.545898e-01
8839,-1.694336e+00
8840,1.804199e+00
8841,-2.529297e+00
8842,2.546387e+00
8843,-3.254395e+00
8844,3.200684e+00
8845,-3.776855e+00
8846,3.603516e+00
8847,-4.042969e+00
8848,3.737793e+00
8849,-4.096680e+00
8850,3.698730e+00
8851,-3.913574e+00
8852,3.378906e+00
8853,-3.417969e+00
8854,2.827148e+00
8855,-2.814941e+00
8856,2.082520e+00
8857,-1.953125e+00
8858,1.166992e+00
8859,-1.059570e+00
8860,2.099609e-01
8861,-8.544922e-02
8862,-7.519531e-01
8863,8.618164e-01
8864,-1.694336e+00
8865,1.801758e+00
8866,-2.529297e+00
8867,2.587891e+00
8868,-3.225098e+00
8869,3.176270e+00
8870,-3.830566e+00
8871,3.601074e+00
8872,-4.033203e+00
8873,3.757324e+00
8874,-4.104004e+00
8875,3.706055e+00
8876,-3.867188e+00
8877,3.349609e+00
8878,-3.410645e+00
8879,2.807617e+00
8880,-2.805176e+00
8881,2.082520e+00
8882,-1.926270e+00
8883,1.186523e+00
8884,-1.044922e+00
8885,2.319336e-01
8886,-8.056641e-02
8887,-7.788086e-01
8888,9.252930e-01
8889,-1.687012e+00
8890,1.774902e+00
8891,-2.526855e+00
8892,2.556152e+00
8893,-3.242188e+00
8894,3.178711e+00
8895,-3.776855e+00
8896,3.620605e+00
8897,-4.038086e+00
8898,3.779297e+00
8899,-4.101562e+00
8900,3.662109e+00
8901,-3.881836e+00
8902,3.393555e+00
8903,-3.435059e+00
8904,2.819824e+00
8905,-2.783203e+00
8906,2.014160e+00
8907,-2.031250e+00
8908,1.218262e+00
8909,-1.042480e+00
8910,2.197266e-01
8911,-1.000977e-01
8912,-7.177734e-01
8913,8.862305e-01
8914,-1.711426e+00
8915,1.770020e+00
8916,-2.553711e+00
8917,2.575684e+00
8918,-3.256836e+00
8919,3.173828e+00
8920,-3.750000e+00
8921,3.627930e+00
8922,-4.057617e+00
8923,3.742676e+00
8924,-4.089355e+00
8925,3.684082e+00
8926,-3.852539e+00
8927,3.388672e+00
8928,-3.474121e+00
8929,2.834473e+00
8930,-2.802734e+00
8931,2.075195e+00
8932,-2.001953e+00
8933,1.235352e+00
8934,-9.912109e-01
8935,2.905273e-01
8936,-1.025391e-01
8937,-7.275391e-01
8938,9.204102e-01
8939,-1.628418e+00
8940,1.774902e+00
8941,-2.617188e+00
8942,2.570801e+00
8943,-3.232422e+00
8944,3.190918e+00
8945,-3.728027e+00
8946,3.596191e+00
8947,-4.062500e+00
8948,3.750000e+00
8949,-4.077148e+00
8950,3.706055e+00
8951,-3.923340e+00
8952,3.349609e+00
8953,-3.469238e+00
8954,2.814941e+00
8955,-2.819824e+00
8956,2.111816e+00
8957,-1.999512e+00
8958,1.223145e+00
8959,-1.108398e+00
8960,2.148438e-01
8961,-2.441406e-02
8962,-7.690430e-01
8963,8.715820e-01
8964,-1.701660e+00
8965,1.762695e+00
8966,-2.524414e+00
8967,2.597656e+00
8968,-3.244629e+00
8969,3.183594e+00
8970,-3.754883e+00
8971,3.583984e+00
8972,-4.067383e+00
8973,3.801270e+00
8974,-4.082031e+00
8975,3.654785e+00
8976,-3.940430e+00
8977,3.403320e+00
8978,-3.378906e+00
8979,2.819824e+00
8980,-2.832031e+00
8981,2.094727e+00
8982,-1.970215e+00
8983,1.215820e+00
8984,-1.079102e+00
8985,2.294922e-01
8986,-4.638672e-02
8987,-7.299805e-01
8988,8.691406e-01
8989,-1.701660e+00
8990,1.816406e+00
8991,-2.570801e+00
8992,2.570801e+00
8993,-3.239746e+00
8994,3.159180e+00
8995,-3.701172e+00
8996,3.591309e+00
8997,-4.067383e+00
8998,3.791504e+00
8999,-4.101562e+00
9000,3.696289e+00
9001,-3.842773e+00
9002,3.378906e+00
9003,-3.518066e+00
9004,2.807617e+00
9005,-2.797852e+00
9006,2.070312e+00
9007,-1.975098e+00
9008,1.218262e+00
9009,-1.074219e+00
9010,2.514648e-01
9011,-6.835938e-02
9012,-7.470703e-01
9013,8.935547e-01
9014,-1.711426e+00
9015,1.770020e+00
9016,-2.507324e+00
9017,2.578125e+00
9018,-3.195801e+00
9019,3.149414e+00
9020,-3.752441e+00
9021,3.627930e+00
9022,-4.050293e+00
9023,3.776855e+00
9024,-4.111328e+00
9025,3.669434e+00
9026,-3.903809e+00
9027,3.386230e+00
9028,-3.469238e+00
9029,2.814941e+00
9030,-2.766113e+00
9031,2.080078e+00
9032,-1.979980e+00
9033,1.228027e+00
9034,-1.093750e+00
9035,2.734375e-01
9036,-6.347656e-02
9037,-7.617188e-01
9038,9.228516e-01
9039,-1.643066e+00
9040,1.779785e+00
9041,-2.563477e+00
9042,2.587891e+00
9043,-3.198242e+00
9044,3.205566e+00
9045,-3.764648e+00
9046,3.608398e+00
9047,-4.069824e+00
9048,3.784180e+00
9049,-4.067383e+00
9050,3.645020e+00
9051,-3.891602e+00
9052,3.364258e+00
9053,-3.461914e+00
9054,2.785645e+00
9055,-2.800293e+00
9056,2.126465e+00
9057,-2.001953e+00
9058,1.193848e+00
9059,-1.049805e+00
9060,2.636719e-01
9061,-1.245117e-01
9062,-7.690430e-01
9063,9.155273e-01
9064,-1.694336e+00
9065,1.791992e+00
9066,-2.514648e+00
9067,2.495117e+00
9068,-3.217773e+00
9069,3.198242e+00
9070,-3.796387e+00
9071,3.557129e+00
9072,-4.050293e+00
9073,3.803711e+00
9074,-4.094238e+00
9075,3.654785e+00
9076,-3.862305e+00
9077,3.388672e+00
9078,-3.498535e+00
9079,2.844238e+00
9080,-2.800293e+00
9081,2.087402e+00
9082,-1.992188e+00
9083,1.220703e+00
9084,-1.074219e+00
9085,2.636719e-01
9086,-5.615234e-02
9087,-7.348633e-01
9088,8.618164e-01
9089,-1.672363e+00
9090,1.777344e+00
9091,-2.521973e+00
9092,2.526855e+00
9093,-3.249512e+00
9094,3.173828e+00
9095,-3.745117e+00
9096,3.620605e+00
9097,-4.040527e+00
9098,3.776855e+00
9099,-4.108887e+00
9100,3.662109e+00
9101,-3.884277e+00
9102,3.352051e+00
9103,-3.459473e+00
9104,2.810059e+00
9105,-2.827148e+00
9106,2.082520e+00
9107,-2.001953e+00
9108,1.228027e+00
9109,-1.071777e+00
9110,2.563477e-01
9111,-1.269531e-01
9112,-6.909180e-01
9113,8.666992e-01
9114,-1.660156e+00
9115,1.791992e+00
9116,-2.529297e+00
9117,2.531738e+00
9118,-3.247070e+00
9119,3.154297e+00
9120,-3.745117e+00
9121,3.615723e+00
9122,-4.101562e+00
9123,3.752441e+00
9124,-4.064941e+00
9125,3.706055e+00
9126,-3.886719e+00
9127,3.398438e+00
9128,-3.457031e+00
9129,2.836914e+00
9130,-2.800293e+00
9131,2.104492e+00
9132,-2.006836e+00
9133,1.220703e+00
9134,-1.037598e+00
9135,2.832031e-01
9136,-6.835938e-02
9137,-7.519531e-01
9138,8.935547e-01
9139,-1.604004e+00
9140,1.745605e+00
9141,-2.529297e+00
9142,2.580566e+00
9143,-3.234863e+00
9144,3.159180e+00
9145,-3.774414e+00
9146,3.571777e+00
9147,-4.050293e+00
9148,3.789062e+00
9149,-4.055176e+00
9150,3.713379e+00
9151,-3.874512e+00
9152,3.342285e+00
9153,-3.510742e+00
9154,2.856445e+00
9155,-2.829590e+00
9156,2.067871e+00
9157,-2.006836e+00
9158,1.220703e+00
9159,-1.071777e+00
9160,2.026367e-01
9161,-8.544922e-02
9162,-6.958008e-01
9163,8.496094e-01
9164,-1.657715e+00
9165,1.757812e+00
9166,-2.536621e+00
9167,2.553711e+00
9168,-3.220215e+00
9169,3.142090e+00
9170,-3.745117e+00
9171,3.603516e+00
9172,-3.967285e+00
9173,3.769531e+00
9174,-4.128418e+00
9175,3.693848e+00
9176,-3.881836e+00
9177,3.437500e+00
9178,-3.432617e+00
9179,2.834473e+00
9180,-2.822266e+00
9181,2.082520e+00
9182,-2.004395e+00
9183,1.254883e+00
9184,-1.069336e+00
9185,2.709961e-01
9186,-1.367188e-01
9187,-7.153320e-01
9188,8.837891e-01
9189,-1.713867e+00
9190,1.784668e+00
9191,-2.478027e+00
9192,2.543945e+00
9193,-3.261719e+00
9194,3.176270e+00
9195,-3.742676e+00
9196,3.588867e+00
9197,-4.013672e+00
9198,3.757324e+00
9199,-4.096680e+00
9200,3.679199e+00
9201,-3.916016e+00
9202,3.398438e+00
9203,-3.459473e+00
9204,2.819824e+00
9205,-2.805176e+00
9206,2.089844e+00
9207,-2.067871e+00
9208,1.225586e+00
9209,-1.105957e+00
9210,2.734375e-01
9211,-9.033203e-02
9212,-6.958008e-01
9213,8.813477e-01
9214,-1.726074e+00
9215,1.782227e+00
9216,-2.531738e+00
9217,2.526855e+00
9218,-3.254395e+00
9219,3.149414e+00
9220,-3.737793e+00
9221,3.549805e+00
9222,-4.035645e+00
9223,3.771973e+00
9224,-4.118652e+00
9225,3.693848e+00
9226,-3.894043e+00
9227,3.388672e+00
9228,-3.447266e+00
9229,2.844238e+00
9230,-2.836914e+00
9231,2.106934e+00
9232,-2.026367e+00
9233,1.206055e+00
9234,-1.088867e+00
9235,2.612305e-01
9236,-8.300781e-02
9237,-7.128906e-01
9238,8.569336e-01
9239,-1.655273e+00
9240,1.762695e+00
9241,-2.514648e+00
9242,2.556152e+00
9243,-3.212891e+00
9244,3.205566e+00
9245,-3.776855e+00
9246,3.569336e+00
9247,-4.028320e+00
9248,3.757324e+00
9249,-4.069824e+00
9250,3.708496e+00
9251,-3.918457e+00
9252,3.393555e+00
9253,-3.474121e+00
9254,2.846680e+00
9255,-2.761230e+00
9256,2.094727e+00
9257,-2.038574e+00
9258,1.240234e+00
9259,-1.076660e+00
9260,2.368164e-01
9261,-7.812500e-02
9262,-7.104492e-01
9263,8.471680e-01
9264,-1.601562e+00
9265,1.779785e+00
9266,-2.512207e+00
9267,2.512207e+00
9268,-3.244629e+00
9269,3.181152e+00
9270,-3.776855e+00
9271,3.627930e+00
9272,-3.996582e+00
9273,3.745117e+00
9274,-4.069824e+00
9275,3.720703e+00
9276,-3.920898e+00
9277,3.364258e+00
9278,-3.496094e+00
9279,2.834473e+00
9280,-2.797852e+00
9281,2.121582e+00
9282,-2.001953e+00
9283,1.245117e+00
9284,-1.096191e+00
9285,2.514648e-01
9286,-1.025391e-01
9287,-7.446289e-01
9288,8.764648e-01
9289,-1.672363e+00
9290,1.791992e+00
9291,-2.492676e+00
9292,2.570801e+00
9293,-3.247070e+00
9294,3.154297e+00
9295,-3.696289e+00
9296,3.591309e+00
9297,-4.050293e+00
9298,3.806152e+00
9299,-4.091797e+00
9300,3.676758e+00
9301,-3.894043e+00
9302,3.352051e+00
9303,-3.486328e+00
9304,2.834473e+00
9305,-2.802734e+00
9306,2.089844e+00
9307,-2.038574e+00
9308,1.264648e+00
9309,-1.093750e+00
9310,2.465820e-01
9311,-8.789062e-02
9312,-7.006836e-01
9313,7.885742e-01
9314,-1.662598e+00
9315,1.743164e+00
9316,-2.580566e+00
9317,2.561035e+00
9318,-3.195801e+00
9319,3.176270e+00
9320,-3.728027e+00
9321,3.569336e+00
9322,-4.033203e+00
9323,3.784180e+00
9324,-4.094238e+00
9325,3.664551e+00
9326,-3.916016e+00
9327,3.386230e+00
9328,-3.486328e+00
9329,2.885742e+00
9330,-2.849121e+00
9331,2.109375e+00
9332,-1.970215e+00
9333,1.215820e+00
9334,-1.071777e+00
9335,2.246094e-01
9336,-1.196289e-01
9337,-6.958008e-01
9338,8.447266e-01
9339,-1.679688e+00
9340,1.757812e+00
9341,-2.492676e+00
9342,2.541504e+00
9343,-3.208008e+00
9344,3.203125e+00
9345,-3.759766e+00
9346,3.554688e+00
9347,-4.060059e+00
9348,3.769531e+00
9349,-4.074707e+00
9350,3.691406e+00
9351,-3.908691e+00
9352,3.371582e+00
9353,-3.496094e+00
9354,2.844238e+00
9355,-2.819824e+00
9356,2.121582e+00
9357,-1.977539e+00
9358,1.201172e+00
9359,-1.079102e+00
9360,2.978516e-01
9361,-1.391602e-01
9362,-6.787109e-01
9363,8.666992e-01
9364,-1.650391e+00
9365,1.745605e+00
9366,-2.509766e+00
9367,2.529297e+00
9368,-3.205566e+00
9369,3.190918e+00
9370,-3.742676e+00
9371,3.586426e+00
9372,-3.999023e+00
9373,3.754883e+00
9374,-4.118652e+00
9375,3.740234e+00
9376,-3.872070e+00
9377,3.364258e+00
9378,-3.459473e+00
9379,2.844238e+00
9380,-2.836914e+00
9381,2.102051e+00
9382,-2.009277e+00
9383,1.254883e+00
9384,-1.091309e+00
9385,3.051758e-01
9386,-8.544922e-02
9387,-7.543945e-01
9388,8.300781e-01
9389,-1.645508e+00
9390,1.730957e+00
9391,-2.509766e+00
9392,2.534180e+00
9393,-3.247070e+00
9394,3.134766e+00
9395,-3.759766e+00
9396,3.615723e+00
9397,-4.020996e+00
9398,3.750000e+00
9399,-4.069824e+00
9400,3.681641e+00
9401,-3.901367e+00
9402,3.369141e+00
9403,-3.503418e+00
9404,2.849121e+00
9405,-2.832031e+00
9406,2.141113e+00
9407,-2.043457e+00
9408,1.208496e+00
9409,-1.064453e+00
9410,2.880859e-01
9411,-1.391602e-01
9412,-7.348633e-01
9413,8.789062e-01
9414,-1.660156e+00
9415,1.743164e+00
9416,-2.495117e+00
9417,2.519531e+00
9418,-3.210449e+00
9419,3.107910e+00
9420,-3.732910e+00
9421,3.522949e+00
9422,-4.050293e+00
9423,3.737793e+00
9424,-4.111328e+00
9425,3.752441e+00
9426,-3.928223e+00
9427,3.374023e+00
9428,-3.459473e+00
9429,2.819824e+00
9430,-2.802734e+00
9431,2.172852e+00
9432,-2.019043e+00
9433,1.242676e+00
9434,-1.118164e+00
9435,2.612305e-01
9436,-1.660156e-01
9437,-7.128906e-01
9438,8.349609e-01
9439,-1.660156e+00
9440,1.760254e+00
9441,-2.492676e+00
9442,2.578125e+00
9443,-3.232422e+00
9444,3.144531e+00
9445,-3.757324e+00
9446,3.554688e+00
9447,-4.006348e+00
9448,3.784180e+00
9449,-4.082031e+00
9450,3.671875e+00
9451,-3.916016e+00
9452,3.356934e+00
9453,-3.461914e+00
9454,2.878418e+00
9455,-2.871094e+00
9456,2.131348e+00
9457,-2.031250e+00
9458,1.228027e+00
9459,-1.113281e+00
9460,2.832031e-01
9461,-1.391602e-01
9462,-6.640625e-01
9463,8.496094e-01
9464,-1.672363e+00
9465,1.777344e+00
9466,-2.512207e+00
9467,2.502441e+00
9468,-3.188477e+00
9469,3.178711e+00
9470,-3.679199e+00
9471,3.615723e+00
9472,-4.035645e+00
9473,3.779297e+00
9474,-4.084473e+00
9475,3.664551e+00
9476,-3.869629e+00
9477,3.442383e+00
9478,-3.491211e+00
9479,2.880859e+00
9480,-2.834473e+00
9481,2.121582e+00
9482,-2.045898e+00
9483,1.254883e+00
9484,-1.118164e+00
9485,2.294922e-01
9486,-1.269531e-01
9487,-7.177734e-01
9488,8.300781e-01
9489,-1.579590e+00
9490,1.726074e+00
9491,-2.456055e+00
9492,2.563477e+00
9493,-3.293457e+00
9494,3.149414e+00
9495,-3.688965e+00
9496,3.588867e+00
9497,-4.040527e+00
9498,3.791504e+00
9499,-4.045410e+00
9500,3.715820e+00
9501,-3.942871e+00
9502,3.381348e+00
9503,-3.466797e+00
9504,2.834473e+00
9505,-2.856445e+00
9506,2.087402e+00
9507,-2.038574e+00
9508,1.262207e+00
9509,-1.135254e+00
9510,2.832031e-01
9511,-1.489258e-01
9512,-6.835938e-01
9513,9.033203e-01
9514,-1.660156e+00
9515,1.721191e+00
9516,-2.468262e+00
9517,2.561035e+00
9518,-3.256836e+00
9519,3.134766e+00
9520,-3.725586e+00
9521,3.581543e+00
9522,-4.062500e+00
9523,3.771973e+00
9524,-4.118652e+00
9525,3.669434e+00
9526,-3.908691e+00
9527,3.376465e+00
9528,-3.483887e+00
9529,2.883301e+00
9530,-2.834473e+00
9531,2.099609e+00
9532,-2.026367e+00
9533,1.254883e+00
9534,-1.101074e+00
9535,2.783203e-01
9536,-1.684570e-01
9537,-7.055664e-01
9538,8.618164e-01
9539,-1.618652e+00
9540,1.774902e+00
9541,-2.478027e+00
9542,2.551270e+00
9543,-3.208008e+00
9544,3.159180e+00
9545,-3.723145e+00
9546,3.620605e+00
9547,-4.033203e+00
9548,3.781738e+00
9549,-4.062500e+00
9550,3.708496e+00
9551,-3.923340e+00
9552,3.369141e+00
9553,-3.452148e+00
9554,2.834473e+00
9555,-2.849121e+00
9556,2.082520e+00
9557,-2.060547e+00
9558,1.254883e+00
9559,-1.118164e+00
9560,2.978516e-01
9561,-1.489258e-01
9562,-7.055664e-01
9563,8.520508e-01
9564,-1.662598e+00
9565,1.760254e+00
9566,-2.460938e+00
9567,2.558594e+00
9568,-3.203125e+00
9569,3.186035e+00
9570,-3.742676e+00
9571,3.557129e+00
9572,-4.052734e+00
9573,3.737793e+00
9574,-4.030762e+00
9575,3.706055e+00
9576,-3.935547e+00
9577,3.381348e+00
9578,-3.496094e+00
9579,2.871094e+00
9580,-2.819824e+00
9581,2.080078e+00
9582,-2.050781e+00
9583,1.242676e+00
9584,-1.127930e+00
9585,2.905273e-01
9586,-1.171875e-01
9587,-6.323242e-01
9588,8.178711e-01
9589,-1.638184e+00
9590,1.757812e+00
9591,-2.497559e+00
9592,2.495117e+00
9593,-3.188477e+00
9594,3.146973e+00
9595,-3.742676e+00
9596,3.613281e+00
9597,-4.050293e+00
9598,3.740234e+00
9599,-4.084473e+00
9600,3.708496e+00
9601,-3.879395e+00
9602,3.376465e+00
9603,-3.476562e+00
9604,2.878418e+00
9605,-2.854004e+00
9606,2.145996e+00
9607,-2.016602e+00
9608,1.242676e+00
9609,-1.142578e+00
9610,3.222656e-01
9611,-1.684570e-01
9612,-6.689453e-01
9613,8.276367e-01
9614,-1.652832e+00
9615,1.748047e+00
9616,-2.480469e+00
9617,2.519531e+00
9618,-3.215332e+00
9619,3.178711e+00
9620,-3.720703e+00
9621,3.591309e+00
9622,-4.082031e+00
9623,3.793945e+00
9624,-4.096680e+00
9625,3.691406e+00
9626,-3.916016e+00
9627,3.408203e+00
9628,-3.508301e+00
9629,2.893066e+00
9630,-2.885742e+00
9631,2.124023e+00
9632,-1.999512e+00
9633,1.257324e+00
9634,-1.110840e+00
9635,2.563477e-01
9636,-1.025391e-01
9637,-6.811523e-01
9638,8.007812e-01
9639,-1.645508e+00
9640,1.762695e+00
9641,-2.465820e+00
9642,2.595215e+00
9643,-3.168945e+00
9644,3.127441e+00
9645,-3.737793e+00
9646,3.569336e+00
9647,-4.074707e+00
9648,3.781738e+00
9649,-4.101562e+00
9650,3.706055e+00
9651,-3.901367e+00
9652,3.398438e+00
9653,-3.459473e+00
9654,2.856445e+00
9655,-2.883301e+00
9656,2.141113e+00
9657,-2.033691e+00
9658,1.279297e+00
9659,-1.120605e+00
9660,2.709961e-01
9661,-1.513672e-01
9662,-7.006836e-01
9663,8.349609e-01
9664,-1.638184e+00
9665,1.774902e+00
9666,-2.563477e+00
9667,2.539062e+00
9668,-3.149414e+00
9669,3.142090e+00
9670,-3.706055e+00
9671,3.571777e+00
9672,-4.074707e+00
9673,3.747559e+00
9674,-4.067383e+00
9675,3.730469e+00
9676,-3.891602e+00
9677,3.391113e+00
9678,-3.483887e+00
9679,2.878418e+00
9680,-2.849121e+00
9681,2.097168e+00
9682,-2.016602e+00
9683,1.264648e+00
9684,-1.091309e+00
9685,3.222656e-01
9686,-1.196289e-01
9687,-6.469727e-01
9688,7.861328e-01
9689,-1.662598e+00
9690,1.789551e+00
9691,-2.478027e+00
9692,2.512207e+00
9693,-3.210449e+00
9694,3.125000e+00
9695,-3.708496e+00
9696,3.579102e+00
9697,-4.086914e+00
9698,3.808594e+00
9699,-4.113770e+00
9700,3.706055e+00
9701,-3.852539e+00
9702,3.413086e+00
9703,-3.471680e+00
9704,2.832031e+00
9705,-2.841797e+00
9706,2.150879e+00
9707,-2.089844e+00
9708,1.259766e+00
9709,-1.135254e+00
9710,3.076172e-01
9711,-1.586914e-01
9712,-6.787109e-01
9713,8.520508e-01
9714,-1.652832e+00
9715,1.718750e+00
9716,-2.465820e+00
9717,2.573242e+00
9718,-3.222656e+00
9719,3.110352e+00
9720,-3.747559e+00
9721,3.586426e+00
9722,-4.052734e+00
9723,3.779297e+00
9724,-4.101562e+00
9725,3.632812e+00
9726,-3.913574e+00
9727,3.403320e+00
9728,-3.508301e+00
9729,2.851562e+00
9730,-2.795410e+00
9731,2.126465e+00
9732,-2.045898e+00
9733,1.279297e+00
9734,-1.115723e+00
9735,3.369141e-01
9736,-1.098633e-01
9737,-6.689453e-01
9738,8.227539e-01
9739,-1.599121e+00
9740,1.723633e+00
9741,-2.500000e+00
9742,2.531738e+00
9743,-3.205566e+00
9744,3.173828e+00
9745,-3.720703e+00
9746,3.564453e+00
9747,-4.020996e+00
9748,3.757324e+00
9749,-4.113770e+00
9750,3.684082e+00
9751,-3.950195e+00
9752,3.374023e+00
9753,-3.459473e+00
9754,2.897949e+00
9755,-2.834473e+00
9756,2.153320e+00
9757,-2.033691e+00
9758,1.240234e+00
9759,-1.096191e+00
9760,3.491211e-01
9761,-1.391602e-01
9762,-6.494141e-01
9763,8.178711e-01
9764,-1.655273e+00
9765,1.726074e+00
9766,-2.482910e+00
9767,2.485352e+00
9768,-3.222656e+00
9769,3.144531e+00
9770,-3.696289e+00
9771,3.583984e+00
9772,-4.050293e+00
9773,3.757324e+00
9774,-4.082031e+00
9775,3.686523e+00
9776,-3.896484e+00
9777,3.439941e+00
9778,-3.488770e+00
9779,2.905273e+00
9780,-2.844238e+00
9781,2.136230e+00
9782,-2.065430e+00
9783,1.315918e+00
9784,-1.086426e+00
9785,2.514648e-01
9786,-1.416016e-01
9787,-6.518555e-01
9788,8.471680e-01
9789,-1.672363e+00
9790,1.733398e+00
9791,-2.478027e+00
9792,2.526855e+00
9793,-3.156738e+00
9794,3.193359e+00
9795,-3.728027e+00
9796,3.579102e+00
9797,-4.025879e+00
9798,3.754883e+00
9799,-4.113770e+00
9800,3.703613e+00
9801,-3.879395e+00
9802,3.395996e+00
9803,-3.496094e+00
9804,2.883301e+00
9805,-2.829590e+00
9806,2.153320e+00
9807,-2.053223e+00
9808,1.264648e+00
9809,-1.149902e+00
9810,3.710938e-01
9811,-1.684570e-01
9812,-6.689453e-01
9813,8.007812e-01
9814,-1.623535e+00
9815,1.760254e+00
9816,-2.507324e+00
9817,2.556152e+00
9818,-3.225098e+00
9819,3.125000e+00
9820,-3.747559e+00
9821,3.571777e+00
9822,-4.006348e+00
9823,3.786621e+00
9824,-4.082031e+00
9825,3.715820e+00
9826,-3.867188e+00
9827,3.383789e+00
9828,-3.520508e+00
9829,2.846680e+00
9830,-2.871094e+00
9831,2.155762e+00
9832,-2.060547e+00
9833,1.296387e+00
9834,-1.145020e+00
9835,3.295898e-01
9836,-1.245117e-01
9837,-6.616211e-01
9838,8.764648e-01
9839,-1.647949e+00
9840,1.726074e+00
9841,-2.482910e+00
9842,2.497559e+00
9843,-3.142090e+00
9844,3.176270e+00
9845,-3.737793e+00
9846,3.569336e+00
9847,-4.050293e+00
9848,3.796387e+00
9849,-4.096680e+00
9850,3.725586e+00
9851,-3.874512e+00
9852,3.388672e+00
9853,-3.452148e+00
9854,2.902832e+00
9855,-2.839355e+00
9856,2.199707e+00
9857,-2.058105e+00
9858,1.271973e+00
9859,-1.174316e+00
9860,3.393555e-01
9861,-1.513672e-01
9862,-7.104492e-01
9863,7.666016e-01
9864,-1.613770e+00
9865,1.730957e+00
9866,-2.529297e+00
9867,2.475586e+00
9868,-3.225098e+00
9869,3.171387e+00
9870,-3.732910e+00
9871,3.579102e+00
9872,-4.047852e+00
9873,3.771973e+00
9874,-4.116211e+00
9875,3.718262e+00
9876,-3.879395e+00
9877,3.417969e+00
9878,-3.474121e+00
9879,2.871094e+00
9880,-2.880859e+00
9881,2.148438e+00
9882,-2.050781e+00
9883,1.311035e+00
9884,-1.123047e+00
9885,3.295898e-01
9886,-1.391602e-01
9887,-6.713867e-01
9888,8.203125e-01
9889,-1.645508e+00
9890,1.735840e+00
9891,-2.460938e+00
9892,2.492676e+00
9893,-3.176270e+00
9894,3.173828e+00
9895,-3.708496e+00
9896,3.564453e+00
9897,-3.999023e+00
9898,3.774414e+00
9899,-4.111328e+00
9900,3.706055e+00
9901,-3.879395e+00
9902,3.381348e+00
9903,-3.527832e+00
9904,2.868652e+00
9905,-2.871094e+00
9906,2.121582e+00
9907,-2.065430e+00
9908,1.276855e+00
9909,-1.118164e+00
9910,3.100586e-01
9911,-1.489258e-01
9912,-6.591797e-01
9913,7.788086e-01
9914,-1.601562e+00
9915,1.735840e+00
9916,-2.456055e+00
9917,2.502441e+00
9918,-3.181152e+00
9919,3.142090e+00
9920,-3.735352e+00
9921,3.608398e+00
9922,-4.050293e+00
9923,3.786621e+00
9924,-4.045410e+00
9925,3.684082e+00
9926,-3.908691e+00
9927,3.420410e+00
9928,-3.457031e+00
9929,2.924805e+00
9930,-2.871094e+00
9931,2.163086e+00
9932,-2.021484e+00
9933,1.262207e+00
9934,-1.127930e+00
9935,3.540039e-01
9936,-1.318359e-01
9937,-6.225586e-01
9938,8.178711e-01
9939,-1.655273e+00
9940,1.718750e+00
9941,-2.490234e+00
9942,2.512207e+00
9943,-3.173828e+00
9944,3.151855e+00
9945,-3.723145e+00
9946,3.569336e+00
9947,-4.067383e+00
9948,3.771973e+00
9949,-4.086914e+00
9950,3.671875e+00
9951,-3.930664e+00
9952,3.393555e+00
9953,-3.503418e+00
9954,2.902832e+00
9955,-2.866211e+00
9956,2.143555e+00
9957,-2.041016e+00
9958,1.284180e+00
9959,-1.123047e+00
9960,3.515625e-01
9961,-1.367188e-01
9962,-7.080078e-01
9963,8.422852e-01
9964,-1.596680e+00
9965,1.723633e+00
9966,-2.468262e+00
9967,2.512207e+00
9968,-3.198242e+00
9969,3.166504e+00
9970,-3.674316e+00
9971,3.500977e+00
9972,-4.050293e+00
9973,3.784180e+00
9974,-4.111328e+00
9975,3.696289e+00
9976,-3.911133e+00
9977,3.422852e+00
9978,-3.447266e+00
9979,2.897949e+00
9980,-2.861328e+00
9981,2.158203e+00
9982,-2.062988e+00
9983,1.369629e+00
9984,-1.159668e+00
9985,3.100586e-01
9986,-1.196289e-01
9987,-6.835938e-01
9988,7.910156e-01
9989,-1.601562e+00
9990,1.721191e+00
9991,-2.487793e+00
9992,2.492676e+00
9993,-3.164062e+00
9994,3.146973e+00
9995,-3.752441e+00
9996,3.601074e+00
9997,-4.025879e+00
9998,3.764648e+00
9999,-4.096680e+00
10000,3.725586e+00
10001,-3.974609e+00
10002,3.425293e+00
10003,-3.481445e+00
10004,2.834473e+00
10005,-2.885742e+00
10006,2.150879e+00
10007,-2.058105e+00
10008,1.264648e+00
10009,-1.169434e+00
10010,3.149414e-01
10011,-1.733398e-01
10012,-6.665039e-01
10013,8.276367e-01
10014,-1.577148e+00
10015,1.689453e+00
10016,-2.460938e+00
10017,2.526855e+00
10018,-3.183594e+00
10019,3.159180e+00
10020,-3.715820e+00
10021,3.569336e+00
10022,-4.013672e+00
10023,3.815918e+00
10024,-4.118652e+00
10025,3.688965e+00
10026,-3.867188e+00
10027,3.393555e+00
10028,-3.474121e+00
10029,2.915039e+00
10030,-2.861328e+00
10031,2.153320e+00
10032,-2.048340e+00
10033,1.281738e+00
10034,-1.154785e+00
10035,3.564453e-01
10036,-1.928711e-01
10037,-6.250000e-01
10038,7.983398e-01
10039,-1.606445e+00
10040,1.752930e+00
10041,-2.460938e+00
10042,2.517090e+00
10043,-3.195801e+00
10044,3.146973e+00
10045,-3.715820e+00
10046,3.586426e+00
10047,-4.028320e+00
10048,3.757324e+00
10049,-4.089355e+00
10050,3.735352e+00
10051,-3.906250e+00
10052,3.415527e+00
10053,-3.520508e+00
10054,2.885742e+00
10055,-2.873535e+00
10056,2.121582e+00
10057,-2.099609e+00
10058,1.274414e+00
10059,-1.159668e+00
10060,3.417969e-01
10061,-1.538086e-01
10062,-6.860352e-01
10063,7.641602e-01
10064,-1.572266e+00
10065,1.689453e+00
10066,-2.495117e+00
10067,2.475586e+00
10068,-3.195801e+00
10069,3.132324e+00
10070,-3.706055e+00
10071,3.564453e+00
10072,-4.040527e+00
10073,3.752441e+00
10074,-4.077148e+00
10075,3.735352e+00
10076,-3.920898e+00
10077,3.435059e+00
10078,-3.491211e+00
10079,2.900391e+00
10080,-2.873535e+00
10081,2.150879e+00
10082,-2.065430e+00
10083,1.328125e+00
10084,-1.154785e+00
10085,3.100586e-01
10086,-2.099609e-01
10087,-6.518555e-01
10088,8.203125e-01
10089,-1.611328e+00
10090,1.740723e+00
10091,-2.460938e+00
10092,2.492676e+00
10093,-3.200684e+00
10094,3.149414e+00
10095,-3.774414e+00
10096,3.574219e+00
10097,-3.972168e+00
10098,3.784180e+00
10099,-4.082031e+00
10100,3.720703e+00
10101,-3.986816e+00
10102,3.447266e+00
10103,-3.498535e+00
10104,2.905273e+00
10105,-2.824707e+00
10106,2.133789e+00
10107,-2.092285e+00
10108,1.318359e+00
10109,-1.147461e+00
10110,3.173828e-01
10111,-2.221680e-01
10112,-6.689453e-01
10113,8.203125e-01
10114,-1.640625e+00
10115,1.740723e+00
10116,-2.460938e+00
10117,2.485352e+00
10118,-3.229980e+00
10119,3.125000e+00
10120,-3.696289e+00
10121,3.532715e+00
10122,-4.028320e+00
10123,3.779297e+00
10124,-4.130859e+00
10125,3.706055e+00
10126,-3.935547e+00
10127,3.381348e+00
10128,-3.503418e+00
10129,2.915039e+00
10130,-2.858887e+00
10131,2.194824e+00
10132,-2.065430e+00
10133,1.254883e+00
10134,-1.162109e+00
10135,3.417969e-01
10136,-1.586914e-01
10137,-6.347656e-01
10138,8.081055e-01
10139,-1.589355e+00
10140,1.713867e+00
10141,-2.436523e+00
10142,2.521973e+00
10143,-3.139648e+00
10144,3.125000e+00
10145,-3.759766e+00
10146,3.571777e+00
10147,-4.067383e+00
10148,3.762207e+00
10149,-4.035645e+00
10150,3.703613e+00
10151,-3.947754e+00
10152,3.400879e+00
10153,-3.474121e+00
10154,2.900391e+00
10155,-2.839355e+00
10156,2.170410e+00
10157,-2.067871e+00
10158,1.306152e+00
10159,-1.149902e+00
10160,3.271484e-01
10161,-2.026367e-01
10162,-6.127930e-01
10163,7.763672e-01
10164,-1.591797e+00
10165,1.723633e+00
10166,-2.495117e+00
10167,2.475586e+00
10168,-3.156738e+00
10169,3.129883e+00
10170,-3.742676e+00
10171,3.588867e+00
10172,-4.016113e+00
10173,3.745117e+00
10174,-4.064941e+00
10175,3.757324e+00
10176,-3.894043e+00
10177,3.391113e+00
10178,-3.483887e+00
10179,2.907715e+00
10180,-2.907715e+00
10181,2.185059e+00
10182,-2.067871e+00
10183,1.274414e+00
10184,-1.145020e+00
10185,3.442383e-01
10186,-1.879883e-01
10187,-6.494141e-01
10188,7.836914e-01
10189,-1.625977e+00
10190,1.672363e+00
10191,-2.409668e+00
10192,2.482910e+00
10193,-3.183594e+00
10194,3.161621e+00
10195,-3.708496e+00
10196,3.540039e+00
10197,-3.979492e+00
10198,3.757324e+00
10199,-4.118652e+00
10200,3.730469e+00
10201,-3.935547e+00
10202,3.435059e+00
10203,-3.510742e+00
10204,2.902832e+00
10205,-2.873535e+00
10206,2.133789e+00
10207,-2.016602e+00
10208,1.325684e+00
10209,-1.132812e+00
10210,3.540039e-01
10211,-1.928711e-01
10212,-6.323242e-01
10213,7.885742e-01
10214,-1.623535e+00
10215,1.728516e+00
10216,-2.468262e+00
10217,2.490234e+00
10218,-3.188477e+00
10219,3.176270e+00
10220,-3.674316e+00
10221,3.581543e+00
10222,-4.045410e+00
10223,3.769531e+00
10224,-4.116211e+00
10225,3.718262e+00
10226,-3.879395e+00
10227,3.388672e+00
10228,-3.493652e+00
10229,2.915039e+00
10230,-2.873535e+00
10231,2.219238e+00
10232,-2.053223e+00
10233,1.252441e+00
10234,-1.179199e+00
10235,3.979492e-01
10236,-1.855469e-01
10237,-6.372070e-01
10238,7.812500e-01
10239,-1.564941e+00
10240,1.689453e+00
10241,-2.468262e+00
10242,2.551270e+00
10243,-3.161621e+00
10244,3.142090e+00
10245,-3.696289e+00
10246,3.542480e+00
10247,-4.018555e+00
10248,3.774414e+00
10249,-4.038086e+00
10250,3.718262e+00
10251,-3.901367e+00
10252,3.425293e+00
10253,-3.486328e+00
10254,2.893066e+00
10255,-2.949219e+00
10256,2.165527e+00
10257,-2.094727e+00
10258,1.284180e+00
10259,-1.137695e+00
10260,2.954102e-01
10261,-1.879883e-01
10262,-6.274414e-01
10263,7.690430e-01
10264,-1.606445e+00
10265,1.716309e+00
10266,-2.443848e+00
10267,2.480469e+00
10268,-3.181152e+00
10269,3.107910e+00
10270,-3.696289e+00
10271,3.569336e+00
10272,-3.979492e+00
10273,3.757324e+00
10274,-4.108887e+00
10275,3.745117e+00
10276,-3.933105e+00
10277,3.398438e+00
10278,-3.530273e+00
10279,2.897949e+00
10280,-2.885742e+00
10281,2.204590e+00
10282,-2.099609e+00
10283,1.262207e+00
10284,-1.127930e+00
10285,3.662109e-01
10286,-1.855469e-01
10287,-6.591797e-01
10288,7.446289e-01
10289,-1.596680e+00
10290,1.704102e+00
10291,-2.448730e+00
10292,2.536621e+00
10293,-3.171387e+00
10294,3.134766e+00
10295,-3.691406e+00
10296,3.552246e+00
10297,-4.025879e+00
10298,3.740234e+00
10299,-4.062500e+00
10300,3.776855e+00
10301,-3.930664e+00
10302,3.381348e+00
10303,-3.493652e+00
10304,2.912598e+00
10305,-2.885742e+00
10306,2.165527e+00
10307,-2.094727e+00
10308,1.293945e+00
10309,-1.166992e+00
10310,3.515625e-01
10311,-1.904297e-01
10312,-6.176758e-01
10313,7.690430e-01
10314,-1.562500e+00
10315,1.674805e+00
10316,-2.478027e+00
10317,2.485352e+00
10318,-3.203125e+00
10319,3.110352e+00
10320,-3.732910e+00
10321,3.579102e+00
10322,-4.013672e+00
10323,3.740234e+00
10324,-4.130859e+00
10325,3.718262e+00
10326,-3.930664e+00
10327,3.461914e+00
10328,-3.500977e+00
10329,2.907715e+00
10330,-2.846680e+00
10331,2.150879e+00
10332,-2.104492e+00
10333,1.313477e+00
10334,-1.201172e+00
10335,3.271484e-01
10336,-1.464844e-01
10337,-6.298828e-01
10338,8.325195e-01
10339,-1.538086e+00
10340,1.657715e+00
10341,-2.443848e+00
10342,2.502441e+00
10343,-3.220215e+00
10344,3.173828e+00
10345,-3.742676e+00
10346,3.588867e+00
10347,-3.991699e+00
10348,3.769531e+00
10349,-4.089355e+00
10350,3.723145e+00
10351,-3.891602e+00
10352,3.371582e+00
10353,-3.486328e+00
10354,2.917480e+00
10355,-2.893066e+00
10356,2.094727e+00
10357,-2.087402e+00
10358,1.313477e+00
10359,-1.186523e+00
10360,3.808594e-01
10361,-1.831055e-01
10362,-6.713867e-01
10363,7.788086e-01
10364,-1.586914e+00
10365,1.723633e+00
10366,-2.446289e+00
10367,2.512207e+00
10368,-3.195801e+00
10369,3.139648e+00
10370,-3.688965e+00
10371,3.562012e+00
10372,-3.999023e+00
10373,3.732910e+00
10374,-4.042969e+00
10375,3.735352e+00
10376,-3.940430e+00
10377,3.466797e+00
10378,-3.491211e+00
10379,2.878418e+00
10380,-2.834473e+00
10381,2.219238e+00
10382,-2.094727e+00
10383,1.347656e+00
10384,-1.132812e+00
10385,3.417969e-01
10386,-2.075195e-01
10387,-5.932617e-01
10388,7.763672e-01
10389,-1.572266e+00
10390,1.708984e+00
10391,-2.458496e+00
10392,2.529297e+00
10393,-3.183594e+00
10394,3.125000e+00
10395,-3.669434e+00
10396,3.564453e+00
10397,-4.047852e+00
10398,3.779297e+00
10399,-4.101562e+00
10400,3.708496e+00
10401,-3.891602e+00
10402,3.403320e+00
10403,-3.596191e+00
10404,2.917480e+00
10405,-2.858887e+00
10406,2.160645e+00
10407,-2.053223e+00
10408,1.345215e+00
10409,-1.154785e+00
10410,3.564453e-01
10411,-2.197266e-01
10412,-6.298828e-01
10413,8.032227e-01
10414,-1.567383e+00
10415,1.662598e+00
10416,-2.451172e+00
10417,2.478027e+00
10418,-3.161621e+00
10419,3.122559e+00
10420,-3.708496e+00
10421,3.537598e+00
10422,-3.972168e+00
10423,3.767090e+00
10424,-4.138184e+00
10425,3.732910e+00
10426,-3.940430e+00
10427,3.435059e+00
10428,-3.522949e+00
10429,2.919922e+00
10430,-2.846680e+00
10431,2.187500e+00
10432,-2.102051e+00
10433,1.293945e+00
10434,-1.154785e+00
10435,4.052734e-01
10436,-1.538086e-01
10437,-6.323242e-01
10438,7.470703e-01
10439,-1.552734e+00
10440,1.718750e+00
10441,-2.431641e+00
10442,2.497559e+00
10443,-3.127441e+00
10444,3.151855e+00
10445,-3.688965e+00
10446,3.571777e+00
10447,-3.984375e+00
10448,3.784180e+00
10449,-4.108887e+00
10450,3.671875e+00
10451,-3.911133e+00
10452,3.422852e+00
10453,-3.547363e+00
10454,2.937012e+00
10455,-2.919922e+00
10456,2.148438e+00
10457,-2.097168e+00
10458,1.352539e+00
10459,-1.198730e+00
10460,3.735352e-01
10461,-1.684570e-01
10462,-6.225586e-01
10463,7.690430e-01
10464,-1.594238e+00
10465,1.660156e+00
10466,-2.458496e+00
10467,2.500000e+00
10468,-3.127441e+00
10469,3.093262e+00
10470,-3.706055e+00
10471,3.552246e+00
10472,-4.050293e+00
10473,3.745117e+00
10474,-4.091797e+00
10475,3.720703e+00
10476,-3.896484e+00
10477,3.391113e+00
10478,-3.522949e+00
10479,2.939453e+00
10480,-2.866211e+00
10481,2.199707e+00
10482,-2.143555e+00
10483,1.340332e+00
10484,-1.208496e+00
10485,3.759766e-01
10486,-1.953125e-01
10487,-6.250000e-01
10488,7.421875e-01
10489,-1.608887e+00
10490,1.667480e+00
10491,-2.443848e+00
10492,2.478027e+00
10493,-3.139648e+00
10494,3.142090e+00
10495,-3.669434e+00
10496,3.603516e+00
10497,-4.025879e+00
10498,3.747559e+00
10499,-4.118652e+00
10500,3.710938e+00
10501,-3.913574e+00
10502,3.408203e+00
10503,-3.500977e+00
10504,2.951660e+00
10505,-2.912598e+00
10506,2.172852e+00
10507,-2.097168e+00
10508,1.306152e+00
10509,-1.196289e+00
10510,3.564453e-01
10511,-2.124023e-01
10512,-6.494141e-01
10513,7.958984e-01
10514,-1.572266e+00
10515,1.672363e+00
10516,-2.431641e+00
10517,2.465820e+00
10518,-3.217773e+00
10519,3.107910e+00
10520,-3.725586e+00
10521,3.552246e+00
10522,-3.972168e+00
10523,3.728027e+00
10524,-4.094238e+00
10525,3.728027e+00
10526,-3.920898e+00
10527,3.435059e+00
10528,-3.535156e+00
10529,2.885742e+00
10530,-2.863770e+00
10531,2.197266e+00
10532,-2.150879e+00
10533,1.330566e+00
10534,-1.154785e+00
10535,3.857422e-01
10536,-2.294922e-01
10537,-6.274414e-01
10538,7.519531e-01
10539,-1.555176e+00
10540,1.696777e+00
10541,-2.426758e+00
10542,2.497559e+00
10543,-3.168945e+00
10544,3.090820e+00
10545,-3.698730e+00
10546,3.542480e+00
10547,-3.979492e+00
10548,3.808594e+00
10549,-4.116211e+00
10550,3.710938e+00
10551,-3.920898e+00
10552,3.408203e+00
10553,-3.520508e+00
10554,2.915039e+00
10555,-2.922363e+00
10556,2.194824e+00
10557,-2.067871e+00
10558,1.296387e+00
10559,-1.184082e+00
10560,3.710938e-01
10561,-2.319336e-01
10562,-5.957031e-01
10563,7.714844e-01
10564,-1.560059e+00
10565,1.706543e+00
10566,-2.448730e+00
10567,2.485352e+00
10568,-3.127441e+00
10569,3.105469e+00
10570,-3.710938e+00
10571,3.547363e+00
10572,-3.999023e+00
10573,3.791504e+00
10574,-4.101562e+00
10575,3.737793e+00
10576,-3.925781e+00
10577,3.395996e+00
10578,-3.510742e+00
10579,2.910156e+00
10580,-2.922363e+00
10581,2.185059e+00
10582,-2.116699e+00
10583,1.381836e+00
10584,-1.215820e+00
10585,3.857422e-01
10586,-2.197266e-01
10587,-6.201172e-01
10588,7.763672e-01
10589,-1.582031e+00
10590,1.665039e+00
10591,-2.409668e+00
10592,2.468262e+00
10593,-3.161621e+00
10594,3.142090e+00
10595,-3.706055e+00
10596,3.559570e+00
10597,-4.050293e+00
10598,3.757324e+00
10599,-4.099121e+00
10600,3.708496e+00
10601,-3.933105e+00
10602,3.410645e+00
10603,-3.459473e+00
10604,2.929688e+00
10605,-2.919922e+00
10606,2.197266e+00
10607,-2.106934e+00
10608,1.342773e+00
10609,-1.196289e+00
10610,3.564453e-01
10611,-2.221680e-01
10612,-6.225586e-01
10613,7.666016e-01
10614,-1.579590e+00
10615,1.682129e+00
10616,-2.429199e+00
10617,2.438965e+00
10618,-3.193359e+00
10619,3.142090e+00
10620,-3.662109e+00
10621,3.508301e+00
10622,-4.008789e+00
10623,3.764648e+00
10624,-4.138184e+00
10625,3.730469e+00
10626,-3.906250e+00
10627,3.476562e+00
10628,-3.566895e+00
10629,2.937012e+00
10630,-2.927246e+00
10631,2.150879e+00
10632,-2.111816e+00
10633,1.313477e+00
10634,-1.159668e+00
10635,4.125977e-01
10636,-2.294922e-01
10637,-6.201172e-01
10638,7.666016e-01
10639,-1.535645e+00
10640,1.655273e+00
10641,-2.463379e+00
10642,2.473145e+00
10643,-3.120117e+00
10644,3.103027e+00
10645,-3.708496e+00
10646,3.564453e+00
10647,-4.018555e+00
10648,3.767090e+00
10649,-4.099121e+00
10650,3.706055e+00
10651,-3.940430e+00
10652,3.464355e+00
10653,-3.525391e+00
10654,2.878418e+00
10655,-2.922363e+00
10656,2.231445e+00
10657,-2.126465e+00
10658,1.347656e+00
10659,-1.162109e+00
10660,3.906250e-01
10661,-2.734375e-01
10662,-6.469727e-01
10663,7.495117e-01
10664,-1.594238e+00
10665,1.652832e+00
10666,-2.409668e+00
10667,2.480469e+00
10668,-3.203125e+00
10669,3.090820e+00
10670,-3.613281e+00
10671,3.510742e+00
10672,-4.042969e+00
10673,3.803711e+00
10674,-4.057617e+00
10675,3.718262e+00
10676,-3.940430e+00
10677,3.459473e+00
10678,-3.537598e+00
10679,2.912598e+00
10680,-2.888184e+00
10681,2.175293e+00
10682,-2.097168e+00
10683,1.318359e+00
10684,-1.201172e+00
10685,4.248047e-01
10686,-2.416992e-01
10687,-5.810547e-01
10688,8.056641e-01
10689,-1.542969e+00
10690,1.699219e+00
10691,-2.392578e+00
10692,2.426758e+00
10693,-3.110352e+00
10694,3.068848e+00
10695,-3.693848e+00
10696,3.527832e+00
10697,-4.008789e+00
10698,3.767090e+00
10699,-4.160156e+00
10700,3.710938e+00
10701,-3.930664e+00
10702,3.415527e+00
10703,-3.537598e+00
10704,2.868652e+00
10705,-2.907715e+00
10706,2.241211e+00
10707,-2.126465e+00
10708,1.311035e+00
10709,-1.245117e+00
10710,4.077148e-01
10711,-2.490234e-01
10712,-6.152344e-01
10713,7.495117e-01
10714,-1.535645e+00
10715,1.667480e+00
10716,-2.426758e+00
10717,2.478027e+00
10718,-3.161621e+00
10719,3.054199e+00
10720,-3.681641e+00
10721,3.569336e+00
10722,-3.964844e+00
10723,3.750000e+00
10724,-4.064941e+00
10725,3.737793e+00
10726,-3.959961e+00
10727,3.476562e+00
10728,-3.549805e+00
10729,2.873535e+00
10730,-2.924805e+00
10731,2.216797e+00
10732,-2.148438e+00
10733,1.357422e+00
10734,-1.213379e+00
10735,4.174805e-01
10736,-2.368164e-01
10737,-5.810547e-01
10738,7.763672e-01
10739,-1.496582e+00
10740,1.640625e+00
10741,-2.426758e+00
10742,2.500000e+00
10743,-3.186035e+00
10744,3.078613e+00
10745,-3.659668e+00
10746,3.557129e+00
10747,-4.006348e+00
10748,3.740234e+00
10749,-4.096680e+00
10750,3.747559e+00
10751,-3.947754e+00
10752,3.454590e+00
10753,-3.500977e+00
10754,2.895508e+00
10755,-2.888184e+00
10756,2.231445e+00
10757,-2.180176e+00
10758,1.281738e+00
10759,-1.188965e+00
10760,3.906250e-01
10761,-1.757812e-01
10762,-5.786133e-01
10763,7.421875e-01
10764,-1.560059e+00
10765,1.665039e+00
10766,-2.443848e+00
10767,2.424316e+00
10768,-3.127441e+00
10769,3.122559e+00
10770,-3.657227e+00
10771,3.583984e+00
10772,-4.025879e+00
10773,3.740234e+00
10774,-4.050293e+00
10775,3.735352e+00
10776,-3.962402e+00
10777,3.393555e+00
10778,-3.518066e+00
10779,2.919922e+00
10780,-2.919922e+00
10781,2.229004e+00
10782,-2.153320e+00
10783,1.350098e+00
10784,-1.164551e+00
10785,4.077148e-01
10786,-2.514648e-01
10787,-5.957031e-01
10788,7.153320e-01
10789,-1.528320e+00
10790,1.657715e+00
10791,-2.397461e+00
10792,2.470703e+00
10793,-3.144531e+00
10794,3.112793e+00
10795,-3.703613e+00
10796,3.571777e+00
10797,-4.033203e+00
10798,3.754883e+00
10799,-4.055176e+00
10800,3.723145e+00
10801,-3.957520e+00
10802,3.442383e+00
10803,-3.500977e+00
10804,2.968750e+00
10805,-2.958984e+00
10806,2.185059e+00
10807,-2.128906e+00
10808,1.367188e+00
10809,-1.186523e+00
10810,3.613281e-01
10811,-1.977539e-01
10812,-6.274414e-01
10813,7.055664e-01
10814,-1.516113e+00
10815,1.672363e+00
10816,-2.448730e+00
10817,2.497559e+00
10818,-3.132324e+00
10819,3.112793e+00
10820,-3.657227e+00
10821,3.554688e+00
10822,-4.008789e+00
10823,3.757324e+00
10824,-4.123535e+00
10825,3.735352e+00
10826,-3.937988e+00
10827,3.430176e+00
10828,-3.513184e+00
10829,2.915039e+00
10830,-2.939453e+00
10831,2.226562e+00
10832,-2.160645e+00
10833,1.289062e+00
10834,-1.196289e+00
10835,3.955078e-01
10836,-1.904297e-01
10837,-5.810547e-01
10838,7.031250e-01
10839,-1.591797e+00
10840,1.635742e+00
10841,-2.399902e+00
10842,2.480469e+00
10843,-3.132324e+00
10844,3.081055e+00
10845,-3.688965e+00
10846,3.588867e+00
10847,-4.006348e+00
10848,3.774414e+00
10849,-4.111328e+00
10850,3.706055e+00
10851,-3.896484e+00
10852,3.430176e+00
10853,-3.520508e+00
10854,2.939453e+00
10855,-2.927246e+00
10856,2.221680e+00
10857,-2.133789e+00
10858,1.357422e+00
10859,-1.225586e+00
10860,3.808594e-01
10861,-2.807617e-01
10862,-5.834961e-01
10863,7.666016e-01
10864,-1.567383e+00
10865,1.655273e+00
10866,-2.429199e+00
10867,2.458496e+00
10868,-3.142090e+00
10869,3.107910e+00
10870,-3.679199e+00
10871,3.559570e+00
10872,-4.020996e+00
10873,3.754883e+00
10874,-4.082031e+00
10875,3.732910e+00
10876,-3.930664e+00
10877,3.449707e+00
10878,-3.505859e+00
10879,2.954102e+00
10880,-2.922363e+00
10881,2.229004e+00
10882,-2.153320e+00
10883,1.359863e+00
10884,-1.225586e+00
10885,3.466797e-01
10886,-2.587891e-01
10887,-5.078125e-01
10888,6.738281e-01
10889,-1.542969e+00
10890,1.701660e+00
10891,-2.402344e+00
10892,2.431641e+00
10893,-3.122559e+00
10894,3.103027e+00
10895,-3.713379e+00
10896,3.571777e+00
10897,-3.991699e+00
10898,3.720703e+00
10899,-4.084473e+00
10900,3.723145e+00
10901,-3.884277e+00
10902,3.439941e+00
10903,-3.544922e+00
10904,2.954102e+00
10905,-2.888184e+00
10906,2.197266e+00
10907,-2.148438e+00
10908,1.381836e+00
10909,-1.262207e+00
10910,4.418945e-01
10911,-2.197266e-01
10912,-6.396484e-01
10913,7.006836e-01
10914,-1.518555e+00
10915,1.652832e+00
10916,-2.355957e+00
10917,2.473145e+00
10918,-3.188477e+00
10919,3.100586e+00
10920,-3.706055e+00
10921,3.500977e+00
10922,-3.994141e+00
10923,3.732910e+00
10924,-4.084473e+00
10925,3.732910e+00
10926,-3.964844e+00
10927,3.461914e+00
10928,-3.510742e+00
10929,2.910156e+00
10930,-2.922363e+00
10931,2.216797e+00
10932,-2.141113e+00
10933,1.350098e+00
10934,-1.208496e+00
10935,4.003906e-01
10936,-2.587891e-01
10937,-5.541992e-01
10938,7.031250e-01
10939,-1.552734e+00
10940,1.655273e+00
10941,-2.358398e+00
10942,2.463379e+00
10943,-3.120117e+00
10944,3.107910e+00
10945,-3.696289e+00
10946,3.549805e+00
10947,-4.030762e+00
10948,3.732910e+00
10949,-4.086914e+00
10950,3.713379e+00
10951,-3.940430e+00
10952,3.469238e+00
10953,-3.510742e+00
10954,2.902832e+00
10955,-2.946777e+00
10956,2.268066e+00
10957,-2.153320e+00
10958,1.333008e+00
10959,-1.203613e+00
10960,4.028320e-01
10961,-2.661133e-01
10962,-5.615234e-01
10963,7.592773e-01
10964,-1.547852e+00
10965,1.638184e+00
10966,-2.431641e+00
10967,2.424316e+00
10968,-3.125000e+00
10969,3.056641e+00
10970,-3.662109e+00
10971,3.544922e+00
10972,-3.974609e+00
10973,3.732910e+00
10974,-4.128418e+00
10975,3.747559e+00
10976,-3.918457e+00
10977,3.437500e+00
10978,-3.525391e+00
10979,2.968750e+00
10980,-2.966309e+00
10981,2.214355e+00
10982,-2.102051e+00
10983,1.347656e+00
10984,-1.267090e+00
10985,4.418945e-01
10986,-2.807617e-01
10987,-5.761719e-01
10988,7.543945e-01
10989,-1.569824e+00
10990,1.669922e+00
10991,-2.375488e+00
10992,2.470703e+00
10993,-3.139648e+00
10994,3.066406e+00
10995,-3.691406e+00
10996,3.542480e+00
10997,-3.974609e+00
10998,3.762207e+00
10999,-4.099121e+00
11000,3.691406e+00
11001,-3.969727e+00
11002,3.442383e+00
11003,-3.522949e+00
11004,2.937012e+00
11005,-2.890625e+00
11006,2.231445e+00
11007,-2.180176e+00
11008,1.398926e+00
11009,-1.210938e+00
11010,3.735352e-01
11011,-2.563477e-01
11012,-5.761719e-01
11013,7.446289e-01
11014,-1.491699e+00
11015,1.640625e+00
11016,-2.370605e+00
11017,2.421875e+00
11018,-3.103027e+00
11019,3.107910e+00
11020,-3.684082e+00
11021,3.566895e+00
11022,-3.991699e+00
11023,3.757324e+00
11024,-4.130859e+00
11025,3.730469e+00
11026,-3.933105e+00
11027,3.466797e+00
11028,-3.532715e+00
11029,2.924805e+00
11030,-2.888184e+00
11031,2.258301e+00
11032,-2.189941e+00
11033,1.325684e+00
11034,-1.220703e+00
11035,4.125977e-01
11036,-2.563477e-01
11037,-5.590820e-01
11038,7.592773e-01
11039,-1.518555e+00
11040,1.604004e+00
11041,-2.387695e+00
11042,2.448730e+00
11043,-3.137207e+00
11044,3.090820e+00
11045,-3.693848e+00
11046,3.566895e+00
11047,-3.999023e+00
11048,3.803711e+00
11049,-4.113770e+00
11050,3.718262e+00
11051,-3.913574e+00
11052,3.449707e+00
11053,-3.544922e+00
11054,2.951660e+00
11055,-2.917480e+00
11056,2.167969e+00
11057,-2.177734e+00
11058,1.406250e+00
11059,-1.247559e+00
11060,4.321289e-01
11061,-2.563477e-01
11062,-5.957031e-01
11063,7.495117e-01
11064,-1.520996e+00
11065,1.618652e+00
11066,-2.358398e+00
11067,2.441406e+00
11068,-3.168945e+00
11069,3.098145e+00
11070,-3.706055e+00
11071,3.552246e+00
11072,-4.013672e+00
11073,3.723145e+00
11074,-4.057617e+00
11075,3.723145e+00
11076,-3.967285e+00
11077,3.430176e+00
11078,-3.559570e+00
11079,2.946777e+00
11080,-2.922363e+00
11081,2.255859e+00
11082,-2.145996e+00
11083,1.381836e+00
11084,-1.230469e+00
11085,4.223633e-01
11086,-2.441406e-01
11087,-5.517578e-01
11088,7.446289e-01
11089,-1.545410e+00
11090,1.638184e+00
11091,-2.351074e+00
11092,2.412109e+00
11093,-3.161621e+00
11094,3.137207e+00
11095,-3.654785e+00
11096,3.540039e+00
11097,-3.964844e+00
11098,3.750000e+00
11099,-4.099121e+00
11100,3.754883e+00
11101,-3.947754e+00
11102,3.466797e+00
11103,-3.623047e+00
11104,2.937012e+00
11105,-2.905273e+00
11106,2.275391e+00
11107,-2.128906e+00
11108,1.367188e+00
11109,-1.206055e+00
11110,4.052734e-01
11111,-2.832031e-01
11112,-5.541992e-01
11113,7.177734e-01
11114,-1.494141e+00
11115,1.621094e+00
11116,-2.370605e+00
11117,2.443848e+00
11118,-3.122559e+00
11119,3.105469e+00
11120,-3.720703e+00
11121,3.552246e+00
11122,-3.984375e+00
11123,3.723145e+00
11124,-4.121094e+00
11125,3.752441e+00
11126,-3.959961e+00
11127,3.415527e+00
11128,-3.505859e+00
11129,2.954102e+00
11130,-2.924805e+00
11131,2.246094e+00
11132,-2.133789e+00
11133,1.374512e+00
11134,-1.213379e+00
11135,4.199219e-01
11136,-2.563477e-01
11137,-5.810547e-01
11138,7.104492e-01
11139,-1.496582e+00
11140,1.604004e+00
11141,-2.409668e+00
11142,2.456055e+00
11143,-3.076172e+00
11144,3.095703e+00
11145,-3.664551e+00
11146,3.535156e+00
11147,-4.025879e+00
11148,3.747559e+00
11149,-4.089355e+00
11150,3.767090e+00
11151,-3.879395e+00
11152,3.449707e+00
11153,-3.520508e+00
11154,2.946777e+00
11155,-2.932129e+00
11156,2.287598e+00
11157,-2.126465e+00
11158,1.330566e+00
11159,-1.235352e+00
11160,4.345703e-01
11161,-2.709961e-01
11162,-4.785156e-01
11163,7.153320e-01
11164,-1.496582e+00
11165,1.655273e+00
11166,-2.414551e+00
11167,2.397461e+00
11168,-3.164062e+00
11169,3.125000e+00
11170,-3.696289e+00
11171,3.574219e+00
11172,-4.013672e+00
11173,3.757324e+00
11174,-4.084473e+00
11175,3.657227e+00
11176,-3.923340e+00
11177,3.457031e+00
11178,-3.588867e+00
11179,2.990723e+00
11180,-2.905273e+00
11181,2.202148e+00
11182,-2.143555e+00
11183,1.408691e+00
11184,-1.213379e+00
11185,4.565430e-01
11186,-2.709961e-01
11187,-5.932617e-01
11188,7.080078e-01
11189,-1.528320e+00
11190,1.618652e+00
11191,-2.404785e+00
11192,2.446289e+00
11193,-3.115234e+00
11194,3.076172e+00
11195,-3.735352e+00
11196,3.586426e+00
11197,-3.969727e+00
11198,3.723145e+00
11199,-4.067383e+00
11200,3.723145e+00
11201,-3.920898e+00
11202,3.483887e+00
11203,-3.554688e+00
11204,2.907715e+00
11205,-2.922363e+00
11206,2.236328e+00
11207,-2.136230e+00
11208,1.406250e+00
11209,-1.267090e+00
11210,4.174805e-01
11211,-2.734375e-01
11212,-5.371094e-01
11213,7.470703e-01
11214,-1.518555e+00
11215,1.655273e+00
11216,-2.395020e+00
11217,2.426758e+00
11218,-3.149414e+00
11219,3.085938e+00
11220,-3.630371e+00
11221,3.537598e+00
11222,-3.979492e+00
11223,3.740234e+00
11224,-4.084473e+00
11225,3.737793e+00
11226,-3.859863e+00
11227,3.461914e+00
11228,-3.535156e+00
11229,2.927246e+00
11230,-2.968750e+00
11231,2.275391e+00
11232,-2.170410e+00
11233,1.389160e+00
11234,-1.230469e+00
11235,4.248047e-01
11236,-2.563477e-01
11237,-5.468750e-01
11238,7.153320e-01
11239,-1.486816e+00
11240,1.613770e+00
11241,-2.375488e+00
11242,2.434082e+00
11243,-3.107910e+00
11244,3.081055e+00
11245,-3.698730e+00
11246,3.566895e+00
11247,-3.969727e+00
11248,3.786621e+00
11249,-4.101562e+00
11250,3.725586e+00
11251,-3.935547e+00
11252,3.471680e+00
11253,-3.554688e+00
11254,2.937012e+00
11255,-2.905273e+00
11256,2.236328e+00
11257,-2.182617e+00
11258,1.379395e+00
11259,-1.252441e+00
11260,4.614258e-01
11261,-2.294922e-01
11262,-5.615234e-01
11263,6.982422e-01
11264,-1.520996e+00
11265,1.608887e+00
11266,-2.399902e+00
11267,2.448730e+00
11268,-3.122559e+00
11269,3.095703e+00
11270,-3.703613e+00
11271,3.525391e+00
11272,-4.038086e+00
11273,3.774414e+00
11274,-4.067383e+00
11275,3.674316e+00
11276,-3.969727e+00
11277,3.476562e+00
11278,-3.544922e+00
11279,2.937012e+00
11280,-2.924805e+00
11281,2.241211e+00
11282,-2.148438e+00
11283,1.413574e+00
11284,-1.235352e+00
11285,4.321289e-01
11286,-2.832031e-01
11287,-5.224609e-01
11288,6.494141e-01
11289,-1.545410e+00
11290,1.643066e+00
11291,-2.370605e+00
11292,2.402344e+00
11293,-3.144531e+00
11294,3.093262e+00
11295,-3.640137e+00
11296,3.483887e+00
11297,-3.984375e+00
11298,3.776855e+00
11299,-4.086914e+00
11300,3.762207e+00
11301,-3.920898e+00
11302,3.461914e+00
11303,-3.527832e+00
11304,2.958984e+00
11305,-2.995605e+00
11306,2.258301e+00
11307,-2.155762e+00
11308,1.364746e+00
11309,-1.218262e+00
11310,4.467773e-01
11311,-2.685547e-01
11312,-5.273438e-01
11313,6.591797e-01
11314,-1.503906e+00
11315,1.640625e+00
11316,-2.399902e+00
11317,2.434082e+00
11318,-3.103027e+00
11319,2.998047e+00
11320,-3.669434e+00
11321,3.569336e+00
11322,-4.023438e+00
11323,3.752441e+00
11324,-4.118652e+00
11325,3.725586e+00
11326,-3.933105e+00
11327,3.479004e+00
11328,-3.549805e+00
11329,2.956543e+00
11330,-2.924805e+00
11331,2.236328e+00
11332,-2.111816e+00
11333,1.416016e+00
11334,-1.250000e+00
11335,4.467773e-01
11336,-2.954102e-01
11337,-5.346680e-01
11338,7.153320e-01
11339,-1.516113e+00
11340,1.655273e+00
11341,-2.395020e+00
11342,2.419434e+00
11343,-3.090820e+00
11344,3.107910e+00
11345,-3.710938e+00
11346,3.505859e+00
11347,-3.981934e+00
11348,3.803711e+00
11349,-4.060059e+00
11350,3.742676e+00
11351,-3.933105e+00
11352,3.435059e+00
11353,-3.540039e+00
11354,2.939453e+00
11355,-2.973633e+00
11356,2.246094e+00
11357,-2.163086e+00
11358,1.396484e+00
11359,-1.267090e+00
11360,4.614258e-01
11361,-3.076172e-01
11362,-5.297852e-01
11363,7.055664e-01
11364,-1.516113e+00
11365,1.657715e+00
11366,-2.360840e+00
11367,2.443848e+00
11368,-3.117676e+00
11369,3.054199e+00
11370,-3.710938e+00
11371,3.479004e+00
11372,-3.969727e+00
11373,3.786621e+00
11374,-4.118652e+00
11375,3.684082e+00
11376,-3.984375e+00
11377,3.432617e+00
11378,-3.596191e+00
11379,2.961426e+00
11380,-2.888184e+00
11381,2.224121e+00
11382,-2.104492e+00
11383,1.428223e+00
11384,-1.257324e+00
11385,4.809570e-01
11386,-2.587891e-01
11387,-5.468750e-01
11388,7.299805e-01
11389,-1.479492e+00
11390,1.606445e+00
11391,-2.365723e+00
11392,2.441406e+00
11393,-3.081055e+00
11394,3.090820e+00
11395,-3.632812e+00
11396,3.557129e+00
11397,-4.020996e+00
11398,3.696289e+00
11399,-4.123535e+00
11400,3.745117e+00
11401,-3.913574e+00
11402,3.491211e+00
11403,-3.566895e+00
11404,2.912598e+00
11405,-2.880859e+00
11406,2.243652e+00
11407,-2.170410e+00
11408,1.450195e+00
11409,-1.242676e+00
11410,4.760742e-01
11411,-3.417969e-01
11412,-5.468750e-01
11413,6.787109e-01
11414,-1.564941e+00
11415,1.608887e+00
11416,-2.365723e+00
11417,2.407227e+00
11418,-3.151855e+00
11419,3.088379e+00
11420,-3.652344e+00
11421,3.535156e+00
11422,-4.030762e+00
11423,3.740234e+00
11424,-4.089355e+00
11425,3.706055e+00
11426,-3.947754e+00
11427,3.449707e+00
11428,-3.554688e+00
11429,2.978516e+00
11430,-2.941895e+00
11431,2.219238e+00
11432,-2.153320e+00
11433,1.406250e+00
11434,-1.313477e+00
11435,4.370117e-01
11436,-2.954102e-01
11437,-5.297852e-01
11438,6.909180e-01
11439,-1.491699e+00
11440,1.635742e+00
11441,-2.363281e+00
11442,2.399902e+00
11443,-3.110352e+00
11444,3.076172e+00
11445,-3.674316e+00
11446,3.486328e+00
11447,-3.950195e+00
11448,3.779297e+00
11449,-4.079590e+00
11450,3.715820e+00
11451,-3.964844e+00
11452,3.464355e+00
11453,-3.574219e+00
11454,2.988281e+00
11455,-2.956543e+00
11456,2.243652e+00
11457,-2.148438e+00
11458,1.406250e+00
11459,-1.274414e+00
11460,4.443359e-01
11461,-3.027344e-01
11462,-5.297852e-01
11463,6.591797e-01
11464,-1.477051e+00
11465,1.621094e+00
11466,-2.360840e+00
11467,2.436523e+00
11468,-3.066406e+00
11469,3.105469e+00
11470,-3.669434e+00
11471,3.557129e+00
11472,-3.999023e+00
11473,3.710938e+00
11474,-4.060059e+00
11475,3.745117e+00
11476,-4.033203e+00
11477,3.449707e+00
11478,-3.540039e+00
11479,2.963867e+00
11480,-2.937012e+00
11481,2.241211e+00
11482,-2.221680e+00
11483,1.420898e+00
11484,-1.230469e+00
11485,4.833984e-01
11486,-3.222656e-01
11487,-5.151367e-01
11488,7.080078e-01
11489,-1.506348e+00
11490,1.652832e+00
11491,-2.324219e+00
11492,2.404785e+00
11493,-3.110352e+00
11494,3.107910e+00
11495,-3.627930e+00
11496,3.483887e+00
11497,-3.964844e+00
11498,3.786621e+00
11499,-4.067383e+00
11500,3.730469e+00
11501,-3.955078e+00
11502,3.503418e+00
11503,-3.596191e+00
11504,2.971191e+00
11505,-2.885742e+00
11506,2.253418e+00
11507,-2.155762e+00
11508,1.396484e+00
11509,-1.257324e+00
11510,4.443359e-01
11511,-3.442383e-01
11512,-5.346680e-01
11513,7.006836e-01
11514,-1.435547e+00
11515,1.562500e+00
11516,-2.424316e+00
11517,2.482910e+00
11518,-3.115234e+00
11519,3.059082e+00
11520,-3.640137e+00
11521,3.552246e+00
11522,-3.952637e+00
11523,3.708496e+00
11524,-4.118652e+00
11525,3.754883e+00
11526,-3.974609e+00
11527,3.449707e+00
11528,-3.566895e+00
11529,2.963867e+00
11530,-2.941895e+00
11531,2.270508e+00
11532,-2.133789e+00
11533,1.413574e+00
11534,-1.225586e+00
11535,4.589844e-01
11536,-3.247070e-01
11537,-5.322266e-01
11538,6.933594e-01
11539,-1.459961e+00
11540,1.552734e+00
11541,-2.331543e+00
11542,2.458496e+00
11543,-3.085938e+00
11544,3.083496e+00
11545,-3.608398e+00
11546,3.557129e+00
11547,-3.994141e+00
11548,3.720703e+00
11549,-4.111328e+00
11550,3.723145e+00
11551,-3.962402e+00
11552,3.459473e+00
11553,-3.557129e+00
11554,2.973633e+00
11555,-3.007812e+00
11556,2.255859e+00
11557,-2.150879e+00
11558,1.386719e+00
11559,-1.257324e+00
11560,4.589844e-01
11561,-2.905273e-01
11562,-5.029297e-01
11563,6.176758e-01
11564,-1.528320e+00
11565,1.611328e+00
11566,-2.365723e+00
11567,2.409668e+00
11568,-3.186035e+00
11569,3.105469e+00
11570,-3.610840e+00
11571,3.488770e+00
11572,-4.045410e+00
11573,3.750000e+00
11574,-4.050293e+00
11575,3.696289e+00
11576,-3.981934e+00
11577,3.493652e+00
11578,-3.554688e+00
11579,2.988281e+00
11580,-2.939453e+00
11581,2.219238e+00
11582,-2.180176e+00
11583,1.418457e+00
11584,-1.276855e+00
11585,4.687500e-01
11586,-2.880859e-01
11587,-4.785156e-01
11588,6.738281e-01
11589,-1.474609e+00
11590,1.635742e+00
11591,-2.390137e+00
11592,2.392578e+00
11593,-3.127441e+00
11594,3.083496e+00
11595,-3.671875e+00
11596,3.498535e+00
11597,-3.967285e+00
11598,3.735352e+00
11599,-4.125977e+00
11600,3.735352e+00
11601,-3.928223e+00
11602,3.415527e+00
11603,-3.554688e+00
11604,2.971191e+00
11605,-2.958984e+00
11606,2.282715e+00
11607,-2.189941e+00
11608,1.423340e+00
11609,-1.286621e+00
11610,4.760742e-01
11611,-3.076172e-01
11612,-5.297852e-01
11613,7.006836e-01
11614,-1.464844e+00
11615,1.579590e+00
11616,-2.397461e+00
11617,2.385254e+00
11618,-3.115234e+00
11619,3.063965e+00
11620,-3.645020e+00
11621,3.500977e+00
11622,-4.038086e+00
11623,3.723145e+00
11624,-4.113770e+00
11625,3.740234e+00
11626,-3.955078e+00
11627,3.488770e+00
11628,-3.522949e+00
11629,2.988281e+00
11630,-2.941895e+00
11631,2.277832e+00
11632,-2.153320e+00
11633,1.406250e+00
11634,-1.313477e+00
11635,4.443359e-01
11636,-2.734375e-01
11637,-5.273438e-01
11638,6.811523e-01
11639,-1.481934e+00
11640,1.604004e+00
11641,-2.365723e+00
11642,2.416992e+00
11643,-3.063965e+00
11644,3.051758e+00
11645,-3.674316e+00
11646,3.483887e+00
11647,-3.999023e+00
11648,3.801270e+00
11649,-4.086914e+00
11650,3.720703e+00
11651,-3.940430e+00
11652,3.435059e+00
11653,-3.574219e+00
11654,2.995605e+00
11655,-2.973633e+00
11656,2.241211e+00
11657,-2.145996e+00
11658,1.425781e+00
11659,-1.284180e+00
11660,5.004883e-01
11661,-2.807617e-01
11662,-5.029297e-01
11663,6.640625e-01
11664,-1.503906e+00
11665,1.572266e+00
11666,-2.324219e+00
11667,2.382812e+00
11668,-3.088379e+00
11669,3.100586e+00
11670,-3.679199e+00
11671,3.471680e+00
11672,-3.972168e+00
11673,3.757324e+00
11674,-4.091797e+00
11675,3.708496e+00
11676,-3.991699e+00
11677,3.457031e+00
11678,-3.603516e+00
11679,2.976074e+00
11680,-2.966309e+00
11681,2.248535e+00
11682,-2.131348e+00
11683,1.442871e+00
11684,-1.318359e+00
11685,4.492188e-01
11686,-3.222656e-01
11687,-4.809570e-01
11688,6.542969e-01
11689,-1.462402e+00
11690,1.633301e+00
11691,-2.385254e+00
11692,2.424316e+00
11693,-3.012695e+00
11694,3.066406e+00
11695,-3.652344e+00
11696,3.510742e+00
11697,-3.994141e+00
11698,3.706055e+00
11699,-4.113770e+00
11700,3.752441e+00
11701,-3.964844e+00
11702,3.466797e+00
11703,-3.544922e+00
11704,2.919922e+00
11705,-2.934570e+00
11706,2.253418e+00
11707,-2.177734e+00
11708,1.433105e+00
11709,-1.293945e+00
11710,4.516602e-01
11711,-3.247070e-01
11712,-5.175781e-01
11713,7.153320e-01
11714,-1.486816e+00
11715,1.562500e+00
11716,-2.314453e+00
11717,2.409668e+00
11718,-3.051758e+00
11719,3.098145e+00
11720,-3.657227e+00
11721,3.486328e+00
11722,-4.018555e+00
11723,3.764648e+00
11724,-4.062500e+00
11725,3.740234e+00
11726,-3.981934e+00
11727,3.471680e+00
11728,-3.557129e+00
11729,3.012695e+00
11730,-2.971191e+00
11731,2.316895e+00
11732,-2.177734e+00
11733,1.406250e+00
11734,-1.296387e+00
11735,5.126953e-01
11736,-2.978516e-01
11737,-5.371094e-01
11738,6.445312e-01
11739,-1.428223e+00
11740,1.601562e+00
11741,-2.329102e+00
11742,2.375488e+00
11743,-3.066406e+00
11744,3.090820e+00
11745,-3.630371e+00
11746,3.535156e+00
11747,-4.006348e+00
11748,3.745117e+00
11749,-4.108887e+00
11750,3.725586e+00
11751,-3.918457e+00
11752,3.454590e+00
11753,-3.596191e+00
11754,3.017578e+00
11755,-2.973633e+00
11756,2.287598e+00
11757,-2.199707e+00
11758,1.411133e+00
11759,-1.279297e+00
11760,5.029297e-01
11761,-3.564453e-01
11762,-5.859375e-01
11763,6.982422e-01
11764,-1.464844e+00
11765,1.594238e+00
11766,-2.346191e+00
11767,2.412109e+00
11768,-3.085938e+00
11769,3.073730e+00
11770,-3.657227e+00
11771,3.500977e+00
11772,-4.023438e+00
11773,3.740234e+00
11774,-4.064941e+00
11775,3.696289e+00
11776,-3.955078e+00
11777,3.483887e+00
11778,-3.591309e+00
11779,2.995605e+00
11780,-2.990723e+00
11781,2.302246e+00
11782,-2.187500e+00
11783,1.459961e+00
11784,-1.247559e+00
11785,4.614258e-01
11786,-3.173828e-01
11787,-4.492188e-01
11788,6.616211e-01
11789,-1.484375e+00
11790,1.589355e+00
11791,-2.363281e+00
11792,2.399902e+00
11793,-3.068848e+00
11794,3.049316e+00
11795,-3.657227e+00
11796,3.522949e+00
11797,-3.981934e+00
11798,3.725586e+00
11799,-4.099121e+00
11800,3.737793e+00
11801,-3.974609e+00
11802,3.493652e+00
11803,-3.591309e+00
11804,2.944336e+00
11805,-2.988281e+00
11806,2.231445e+00
11807,-2.209473e+00
11808,1.411133e+00
11809,-1.262207e+00
11810,5.126953e-01
11811,-3.100586e-01
11812,-5.468750e-01
11813,6.323242e-01
11814,-1.437988e+00
11815,1.567383e+00
11816,-2.341309e+00
11817,2.402344e+00
11818,-3.117676e+00
11819,3.037109e+00
11820,-3.649902e+00
11821,3.505859e+00
11822,-3.986816e+00
11823,3.715820e+00
11824,-4.111328e+00
11825,3.754883e+00
11826,-3.928223e+00
11827,3.488770e+00
11828,-3.583984e+00
11829,2.956543e+00
11830,-2.939453e+00
11831,2.275391e+00
11832,-2.236328e+00
11833,1.420898e+00
11834,-1.286621e+00
11835,4.663086e-01
11836,-3.149414e-01
11837,-4.882812e-01
11838,6.250000e-01
11839,-1.481934e+00
11840,1.628418e+00
11841,-2.314453e+00
11842,2.365723e+00
11843,-3.100586e+00
11844,3.090820e+00
11845,-3.625488e+00
11846,3.513184e+00
11847,-3.974609e+00
11848,3.715820e+00
11849,-4.133301e+00
11850,3.747559e+00
11851,-3.933105e+00
11852,3.471680e+00
11853,-3.591309e+00
11854,2.995605e+00
11855,-3.007812e+00
11856,2.246094e+00
11857,-2.187500e+00
11858,1.379395e+00
11859,-1.245117e+00
11860,4.833984e-01
11861,-3.076172e-01
11862,-4.711914e-01
11863,6.347656e-01
11864,-1.491699e+00
11865,1.555176e+00
11866,-2.355957e+00
11867,2.443848e+00
11868,-3.059082e+00
11869,3.037109e+00
11870,-3.627930e+00
11871,3.525391e+00
11872,-3.996582e+00
11873,3.774414e+00
11874,-4.084473e+00
11875,3.706055e+00
11876,-3.974609e+00
11877,3.474121e+00
11878,-3.588867e+00
11879,2.983398e+00
11880,-2.985840e+00
11881,2.280273e+00
11882,-2.194824e+00
11883,1.455078e+00
11884,-1.291504e+00
11885,4.833984e-01
11886,-3.417969e-01
11887,-4.980469e-01
11888,6.469727e-01
11889,-1.464844e+00
11890,1.606445e+00
11891,-2.358398e+00
11892,2.382812e+00
11893,-3.066406e+00
11894,3.066406e+00
11895,-3.605957e+00
11896,3.508301e+00
11897,-4.016113e+00
11898,3.710938e+00
11899,-4.086914e+00
11900,3.750000e+00
11901,-3.999023e+00
11902,3.471680e+00
11903,-3.601074e+00
11904,2.998047e+00
11905,-2.973633e+00
11906,2.219238e+00
11907,-2.238770e+00
11908,1.481934e+00
11909,-1.315918e+00
11910,4.882812e-01
11911,-3.027344e-01
11912,-4.882812e-01
11913,6.665039e-01
11914,-1.457520e+00
11915,1.564941e+00
11916,-2.358398e+00
11917,2.434082e+00
11918,-3.039551e+00
11919,3.020020e+00
11920,-3.642578e+00
11921,3.481445e+00
11922,-3.999023e+00
11923,3.767090e+00
11924,-4.091797e+00
11925,3.737793e+00
11926,-3.903809e+00
11927,3.508301e+00
11928,-3.608398e+00
11929,2.993164e+00
11930,-3.022461e+00
11931,2.280273e+00
11932,-2.189941e+00
11933,1.403809e+00
11934,-1.293945e+00
11935,5.273438e-01
11936,-3.271484e-01
11937,-4.907227e-01
11938,6.640625e-01
11939,-1.457520e+00
11940,1.625977e+00
11941,-2.348633e+00
11942,2.346191e+00
11943,-3.066406e+00
11944,3.049316e+00
11945,-3.605957e+00
11946,3.464355e+00
11947,-3.999023e+00
11948,3.796387e+00
11949,-4.096680e+00
11950,3.767090e+00
11951,-3.918457e+00
11952,3.488770e+00
11953,-3.601074e+00
11954,2.968750e+00
11955,-2.978516e+00
11956,2.275391e+00
11957,-2.229004e+00
11958,1.455078e+00
11959,-1.230469e+00
11960,5.102539e-01
11961,-3.686523e-01
11962,-5.249023e-01
11963,7.006836e-01
11964,-1.489258e+00
11965,1.564941e+00
11966,-2.331543e+00
11967,2.370605e+00
11968,-3.105469e+00
11969,3.049316e+00
11970,-3.627930e+00
11971,3.498535e+00
11972,-3.969727e+00
11973,3.757324e+00
11974,-4.123535e+00
11975,3.710938e+00
11976,-3.981934e+00
11977,3.481445e+00
11978,-3.554688e+00
11979,3.007812e+00
11980,-2.990723e+00
11981,2.287598e+00
11982,-2.224121e+00
11983,1.464844e+00
11984,-1.315918e+00
11985,4.882812e-01
11986,-3.637695e-01
11987,-4.907227e-01
11988,6.542969e-01
11989,-1.455078e+00
11990,1.535645e+00
11991,-2.333984e+00
11992,2.375488e+00
11993,-3.078613e+00
11994,3.027344e+00
11995,-3.657227e+00
11996,3.552246e+00
11997,-3.994141e+00
11998,3.742676e+00
11999,-4.101562e+00
12000,3.735352e+00
12001,-3.959961e+00
12002,3.498535e+00
12003,-3.564453e+00
12004,2.993164e+00
12005,-2.963867e+00
12006,2.287598e+00
12007,-2.221680e+00
12008,1.428223e+00
12009,-1.320801e+00
12010,5.102539e-01
12011,-3.564453e-01
12012,-4.833984e-01
12013,6.323242e-01
12014,-1.425781e+00
12015,1.569824e+00
12016,-2.277832e+00
12017,2.353516e+00
12018,-3.110352e+00
12019,3.056641e+00
12020,-3.632812e+00
12021,3.457031e+00
12022,-3.991699e+00
12023,3.757324e+00
12024,-4.135742e+00
12025,3.730469e+00
12026,-3.928223e+00
12027,3.510742e+00
12028,-3.586426e+00
12029,3.017578e+00
12030,-3.010254e+00
12031,2.277832e+00
12032,-2.202148e+00
12033,1.411133e+00
12034,-1.320801e+00
12035,5.322266e-01
12036,-3.662109e-01
12037,-4.614258e-01
12038,6.079102e-01
12039,-1.457520e+00
12040,1.572266e+00
12041,-2.341309e+00
12042,2.404785e+00
12043,-3.007812e+00
12044,3.039551e+00
12045,-3.679199e+00
12046,3.525391e+00
12047,-4.001465e+00
12048,3.774414e+00
12049,-4.045410e+00
12050,3.771973e+00
12051,-3.950195e+00
12052,3.474121e+00
12053,-3.549805e+00
12054,3.037109e+00
12055,-2.973633e+00
12056,2.355957e+00
12057,-2.229004e+00
12058,1.442871e+00
12059,-1.315918e+00
12060,4.882812e-01
12061,-3.076172e-01
12062,-4.907227e-01
12063,6.201172e-01
12064,-1.435547e+00
12065,1.611328e+00
12066,-2.358398e+00
12067,2.331543e+00
12068,-3.073730e+00
12069,3.034668e+00
12070,-3.625488e+00
12071,3.498535e+00
12072,-3.979492e+00
12073,3.715820e+00
12074,-4.094238e+00
12075,3.757324e+00
12076,-3.947754e+00
12077,3.486328e+00
12078,-3.598633e+00
12079,3.029785e+00
12080,-2.941895e+00
12081,2.277832e+00
12082,-2.255859e+00
12083,1.486816e+00
12084,-1.279297e+00
12085,5.004883e-01
12086,-3.491211e-01
12087,-4.248047e-01
12088,6.518555e-01
12089,-1.462402e+00
12090,1.496582e+00
12091,-2.275391e+00
12092,2.392578e+00
12093,-3.068848e+00
12094,3.049316e+00
12095,-3.635254e+00
12096,3.518066e+00
12097,-4.030762e+00
12098,3.732910e+00
12099,-4.069824e+00
12100,3.752441e+00
12101,-3.930664e+00
12102,3.483887e+00
12103,-3.559570e+00
12104,2.951660e+00
12105,-3.000488e+00
12106,2.292480e+00
12107,-2.211914e+00
12108,1.469727e+00
12109,-1.289062e+00
12110,5.346680e-01
12111,-3.955078e-01
12112,-5.297852e-01
12113,6.518555e-01
12114,-1.450195e+00
12115,1.518555e+00
12116,-2.265625e+00
12117,2.343750e+00
12118,-3.076172e+00
12119,3.085938e+00
12120,-3.637695e+00
12121,3.496094e+00
12122,-3.957520e+00
12123,3.771973e+00
12124,-4.096680e+00
12125,3.706055e+00
12126,-4.003906e+00
12127,3.513184e+00
12128,-3.598633e+00
12129,3.010254e+00
12130,-2.976074e+00
12131,2.333984e+00
12132,-2.221680e+00
12133,1.484375e+00
12134,-1.323242e+00
12135,5.151367e-01
12136,-3.759766e-01
12137,-5.004883e-01
12138,6.811523e-01
12139,-1.418457e+00
12140,1.525879e+00
12141,-2.360840e+00
12142,2.399902e+00
12143,-3.049316e+00
12144,3.044434e+00
12145,-3.623047e+00
12146,3.525391e+00
12147,-3.969727e+00
12148,3.752441e+00
12149,-4.050293e+00
12150,3.752441e+00
12151,-3.964844e+00
12152,3.452148e+00
12153,-3.596191e+00
12154,3.005371e+00
12155,-3.046875e+00
12156,2.316895e+00
12157,-2.211914e+00
12158,1.445312e+00
12159,-1.311035e+00
12160,4.760742e-01
12161,-3.759766e-01
12162,-4.980469e-01
12163,6.665039e-01
12164,-1.467285e+00
12165,1.506348e+00
12166,-2.316895e+00
12167,2.385254e+00
12168,-3.066406e+00
12169,3.034668e+00
12170,-3.601074e+00
12171,3.537598e+00
12172,-3.981934e+00
12173,3.735352e+00
12174,-4.118652e+00
12175,3.706055e+00
12176,-3.957520e+00
12177,3.522949e+00
12178,-3.569336e+00
12179,2.971191e+00
12180,-2.976074e+00
12181,2.299805e+00
12182,-2.292480e+00
12183,1.484375e+00
12184,-1.315918e+00
12185,4.956055e-01
12186,-3.417969e-01
12187,-4.589844e-01
12188,6.201172e-01
12189,-1.435547e+00
12190,1.582031e+00
12191,-2.346191e+00
12192,2.348633e+00
12193,-3.054199e+00
12194,3.039551e+00
12195,-3.640137e+00
12196,3.535156e+00
12197,-3.984375e+00
12198,3.740234e+00
12199,-4.074707e+00
12200,3.723145e+00
12201,-3.969727e+00
12202,3.481445e+00
12203,-3.564453e+00
12204,3.024902e+00
12205,-2.968750e+00
12206,2.287598e+00
12207,-2.197266e+00
12208,1.445312e+00
12209,-1.325684e+00
12210,5.322266e-01
12211,-3.588867e-01
12212,-4.907227e-01
12213,6.396484e-01
12214,-1.445312e+00
12215,1.516113e+00
12216,-2.343750e+00
12217,2.355957e+00
12218,-3.073730e+00
12219,3.037109e+00
12220,-3.684082e+00
12221,3.513184e+00
12222,-3.952637e+00
12223,3.723145e+00
12224,-4.069824e+00
12225,3.740234e+00
12226,-3.986816e+00
12227,3.481445e+00
12228,-3.601074e+00
12229,3.017578e+00
12230,-3.024902e+00
12231,2.290039e+00
12232,-2.199707e+00
12233,1.445312e+00
12234,-1.367188e+00
12235,5.126953e-01
12236,-4.003906e-01
12237,-4.736328e-01
12238,6.323242e-01
12239,-1.423340e+00
12240,1.540527e+00
12241,-2.309570e+00
12242,2.407227e+00
12243,-3.105469e+00
12244,3.032227e+00
12245,-3.632812e+00
12246,3.491211e+00
12247,-3.957520e+00
12248,3.740234e+00
12249,-4.099121e+00
12250,3.742676e+00
12251,-3.986816e+00
12252,3.493652e+00
12253,-3.593750e+00
12254,3.010254e+00
12255,-2.956543e+00
12256,2.272949e+00
12257,-2.253418e+00
12258,1.503906e+00
12259,-1.350098e+00
12260,5.151367e-01
12261,-3.881836e-01
12262,-4.980469e-01
12263,6.616211e-01
12264,-1.442871e+00
12265,1.547852e+00
12266,-2.290039e+00
12267,2.355957e+00
12268,-3.063965e+00
12269,3.056641e+00
12270,-3.645020e+00
12271,3.500977e+00
12272,-3.925781e+00
12273,3.764648e+00
12274,-4.069824e+00
12275,3.757324e+00
12276,-3.937988e+00
12277,3.491211e+00
12278,-3.576660e+00
12279,2.971191e+00
12280,-2.998047e+00
12281,2.331543e+00
12282,-2.229004e+00
12283,1.423340e+00
12284,-1.352539e+00
12285,5.200195e-01
12286,-3.540039e-01
12287,-4.443359e-01
12288,6.396484e-01
12289,-1.437988e+00
12290,1.550293e+00
12291,-2.321777e+00
12292,2.387695e+00
12293,-3.085938e+00
12294,3.034668e+00
12295,-3.591309e+00
12296,3.479004e+00
12297,-3.981934e+00
12298,3.728027e+00
12299,-4.113770e+00
12300,3.767090e+00
12301,-3.986816e+00
12302,3.466797e+00
12303,-3.586426e+00
12304,3.010254e+00
12305,-3.024902e+00
12306,2.299805e+00
12307,-2.255859e+00
12308,1.428223e+00
12309,-1.311035e+00
12310,4.760742e-01
12311,-3.906250e-01
12312,-4.248047e-01
12313,6.103516e-01
12314,-1.430664e+00
12315,1.555176e+00
12316,-2.263184e+00
12317,2.351074e+00
12318,-3.054199e+00
12319,3.085938e+00
12320,-3.632812e+00
12321,3.510742e+00
12322,-3.977051e+00
12323,3.742676e+00
12324,-4.047852e+00
12325,3.728027e+00
12326,-3.986816e+00
12327,3.540039e+00
12328,-3.583984e+00
12329,3.032227e+00
12330,-2.961426e+00
12331,2.287598e+00
12332,-2.258301e+00
12333,1.440430e+00
12334,-1.345215e+00
12335,5.249023e-01
12336,-3.759766e-01
12337,-4.760742e-01
12338,6.274414e-01
12339,-1.367188e+00
12340,1.586914e+00
12341,-2.338867e+00
12342,2.351074e+00
12343,-3.044434e+00
12344,3.032227e+00
12345,-3.610840e+00
12346,3.518066e+00
12347,-3.994141e+00
12348,3.767090e+00
12349,-4.130859e+00
12350,3.740234e+00
12351,-3.952637e+00
12352,3.503418e+00
12353,-3.547363e+00
12354,3.039551e+00
12355,-2.995605e+00
12356,2.321777e+00
12357,-2.209473e+00
12358,1.501465e+00
12359,-1.335449e+00
12360,5.883789e-01
12361,-3.759766e-01
12362,-4.785156e-01
12363,6.274414e-01
12364,-1.433105e+00
12365,1.464844e+00
12366,-2.297363e+00
12367,2.421875e+00
12368,-3.063965e+00
12369,3.044434e+00
12370,-3.620605e+00
12371,3.457031e+00
12372,-3.981934e+00
12373,3.742676e+00
12374,-4.111328e+00
12375,3.732910e+00
12376,-4.001465e+00
12377,3.493652e+00
12378,-3.564453e+00
12379,2.971191e+00
12380,-3.024902e+00
12381,2.333984e+00
12382,-2.214355e+00
12383,1.518555e+00
12384,-1.328125e+00
12385,4.980469e-01
12386,-3.710938e-01
12387,-4.443359e-01
12388,5.664062e-01
12389,-1.408691e+00
12390,1.550293e+00
12391,-2.331543e+00
12392,2.316895e+00
12393,-3.081055e+00
12394,3.005371e+00
12395,-3.623047e+00
12396,3.510742e+00
12397,-3.969727e+00
12398,3.779297e+00
12399,-4.079590e+00
12400,3.713379e+00
12401,-3.957520e+00
12402,3.518066e+00
12403,-3.610840e+00
12404,3.000488e+00
12405,-3.020020e+00
12406,2.277832e+00
12407,-2.253418e+00
12408,1.469727e+00
12409,-1.330566e+00
12410,5.444336e-01
12411,-3.588867e-01
12412,-4.980469e-01
12413,6.201172e-01
12414,-1.389160e+00
12415,1.501465e+00
12416,-2.302246e+00
12417,2.380371e+00
12418,-3.020020e+00
12419,2.988281e+00
12420,-3.637695e+00
12421,3.527832e+00
12422,-3.974609e+00
12423,3.693848e+00
12424,-4.140625e+00
12425,3.764648e+00
12426,-4.006348e+00
12427,3.464355e+00
12428,-3.603516e+00
12429,3.015137e+00
12430,-3.024902e+00
12431,2.312012e+00
12432,-2.189941e+00
12433,1.464844e+00
12434,-1.335449e+00
12435,5.712891e-01
12436,-3.759766e-01
12437,-4.785156e-01
12438,6.469727e-01
12439,-1.396484e+00
12440,1.511230e+00
12441,-2.277832e+00
12442,2.331543e+00
12443,-3.083496e+00
12444,3.090820e+00
12445,-3.637695e+00
12446,3.488770e+00
12447,-3.996582e+00
12448,3.754883e+00
12449,-4.084473e+00
12450,3.688965e+00
12451,-3.935547e+00
12452,3.532715e+00
12453,-3.571777e+00
12454,2.995605e+00
12455,-3.024902e+00
12456,2.368164e+00
12457,-2.255859e+00
12458,1.474609e+00
12459,-1.342773e+00
12460,4.980469e-01
12461,-3.808594e-01
12462,-4.321289e-01
12463,5.883789e-01
12464,-1.401367e+00
12465,1.520996e+00
12466,-2.258301e+00
12467,2.346191e+00
12468,-3.100586e+00
12469,3.041992e+00
12470,-3.605957e+00
12471,3.518066e+00
12472,-3.969727e+00
12473,3.718262e+00
12474,-4.086914e+00
12475,3.762207e+00
12476,-3.986816e+00
12477,3.496094e+00
12478,-3.588867e+00
12479,3.029785e+00
12480,-3.029785e+00
12481,2.316895e+00
12482,-2.231445e+00
12483,1.464844e+00
12484,-1.372070e+00
12485,5.273438e-01
12486,-3.735352e-01
12487,-4.785156e-01
12488,6.274414e-01
12489,-1.398926e+00
12490,1.489258e+00
12491,-2.255859e+00
12492,2.355957e+00
12493,-3.063965e+00
12494,3.044434e+00
12495,-3.625488e+00
12496,3.530273e+00
12497,-3.974609e+00
12498,3.706055e+00
12499,-4.125977e+00
12500,3.735352e+00
12501,-3.974609e+00
12502,3.486328e+00
12503,-3.598633e+00
12504,3.022461e+00
12505,-3.012695e+00
12506,2.314453e+00
12507,-2.277832e+00
12508,1.450195e+00
12509,-1.347656e+00
12510,5.322266e-01
12511,-4.418945e-01
12512,-4.614258e-01
12513,6.542969e-01
12514,-1.403809e+00
12515,1.433105e+00
12516,-2.277832e+00
12517,2.355957e+00
12518,-3.107910e+00
12519,2.993164e+00
12520,-3.645020e+00
12521,3.500977e+00
12522,-3.989258e+00
12523,3.774414e+00
12524,-4.082031e+00
12525,3.725586e+00
12526,-3.952637e+00
12527,3.481445e+00
12528,-3.620605e+00
12529,3.073730e+00
12530,-3.041992e+00
12531,2.346191e+00
12532,-2.231445e+00
12533,1.467285e+00
12534,-1.315918e+00
12535,5.249023e-01
12536,-4.248047e-01
12537,-4.443359e-01
12538,6.079102e-01
12539,-1.425781e+00
12540,1.503906e+00
12541,-2.275391e+00
12542,2.358398e+00
12543,-3.066406e+00
12544,3.066406e+00
12545,-3.664551e+00
12546,3.522949e+00
12547,-3.969727e+00
12548,3.718262e+00
12549,-4.077148e+00
12550,3.725586e+00
12551,-4.001465e+00
12552,3.520508e+00
12553,-3.623047e+00
12554,3.010254e+00
12555,-2.983398e+00
12556,2.314453e+00
12557,-2.307129e+00
12558,1.518555e+00
12559,-1.318359e+00
12560,5.297852e-01
12561,-3.881836e-01
12562,-4.614258e-01
12563,6.005859e-01
12564,-1.474609e+00
12565,1.540527e+00
12566,-2.287598e+00
12567,2.316895e+00
12568,-3.027344e+00
12569,3.061523e+00
12570,-3.623047e+00
12571,3.532715e+00
12572,-3.959961e+00
12573,3.706055e+00
12574,-4.138184e+00
12575,3.732910e+00
12576,-3.947754e+00
12577,3.522949e+00
12578,-3.645020e+00
12579,3.024902e+00
12580,-3.007812e+00
12581,2.292480e+00
12582,-2.238770e+00
12583,1.508789e+00
12584,-1.340332e+00
12585,5.541992e-01
12586,-4.150391e-01
12587,-4.125977e-01
12588,6.372070e-01
12589,-1.391602e+00
12590,1.501465e+00
12591,-2.229004e+00
12592,2.360840e+00
12593,-3.041992e+00
12594,3.056641e+00
12595,-3.662109e+00
12596,3.505859e+00
12597,-3.967285e+00
12598,3.706055e+00
12599,-4.057617e+00
12600,3.730469e+00
12601,-3.981934e+00
12602,3.500977e+00
12603,-3.574219e+00
12604,3.005371e+00
12605,-3.024902e+00
12606,2.331543e+00
12607,-2.272949e+00
12608,1.472168e+00
12609,-1.345215e+00
12610,5.541992e-01
12611,-4.125977e-01
12612,-4.077148e-01
12613,6.005859e-01
12614,-1.455078e+00
12615,1.511230e+00
12616,-2.307129e+00
12617,2.358398e+00
12618,-3.071289e+00
12619,3.022461e+00
12620,-3.605957e+00
12621,3.535156e+00
12622,-3.937988e+00
12623,3.725586e+00
12624,-4.094238e+00
12625,3.769531e+00
12626,-3.957520e+00
12627,3.525391e+00
12628,-3.598633e+00
12629,3.039551e+00
12630,-2.995605e+00
12631,2.343750e+00
12632,-2.243652e+00
12633,1.491699e+00
12634,-1.350098e+00
12635,6.030273e-01
12636,-4.028320e-01
12637,-4.174805e-01
12638,6.152344e-01
12639,-1.391602e+00
12640,1.484375e+00
12641,-2.324219e+00
12642,2.319336e+00
12643,-3.024902e+00
12644,3.005371e+00
12645,-3.615723e+00
12646,3.510742e+00
12647,-4.003906e+00
12648,3.789062e+00
12649,-4.084473e+00
12650,3.742676e+00
12651,-4.040527e+00
12652,3.461914e+00
12653,-3.574219e+00
12654,3.093262e+00
12655,-3.012695e+00
12656,2.307129e+00
12657,-2.302246e+00
12658,1.528320e+00
12659,-1.337891e+00
12660,5.322266e-01
12661,-4.077148e-01
12662,-4.077148e-01
12663,6.152344e-01
12664,-1.435547e+00
12665,1.491699e+00
12666,-2.304688e+00
12667,2.370605e+00
12668,-3.059082e+00
12669,3.012695e+00
12670,-3.623047e+00
12671,3.503418e+00
12672,-3.967285e+00
12673,3.735352e+00
12674,-4.138184e+00
12675,3.769531e+00
12676,-3.918457e+00
12677,3.471680e+00
12678,-3.571777e+00
12679,3.066406e+00
12680,-3.054199e+00
12681,2.353516e+00
12682,-2.229004e+00
12683,1.464844e+00
12684,-1.335449e+00
12685,5.883789e-01
12686,-4.174805e-01
12687,-4.003906e-01
12688,6.030273e-01
12689,-1.394043e+00
12690,1.569824e+00
12691,-2.319336e+00
12692,2.309570e+00
12693,-3.041992e+00
12694,3.032227e+00
12695,-3.588867e+00
12696,3.483887e+00
12697,-3.989258e+00
12698,3.750000e+00
12699,-4.123535e+00
12700,3.757324e+00
12701,-3.959961e+00
12702,3.491211e+00
12703,-3.571777e+00
12704,3.046875e+00
12705,-3.029785e+00
12706,2.343750e+00
12707,-2.241211e+00
12708,1.489258e+00
12709,-1.379395e+00
12710,5.761719e-01
12711,-3.930664e-01
12712,-4.174805e-01
12713,5.957031e-01
12714,-1.374512e+00
12715,1.518555e+00
12716,-2.299805e+00
12717,2.329102e+00
12718,-3.020020e+00
12719,2.937012e+00
12720,-3.591309e+00
12721,3.535156e+00
12722,-4.042969e+00
12723,3.728027e+00
12724,-4.084473e+00
12725,3.725586e+00
12726,-3.967285e+00
12727,3.498535e+00
12728,-3.640137e+00
12729,3.037109e+00
12730,-3.015137e+00
12731,2.341309e+00
12732,-2.236328e+00
12733,1.525879e+00
12734,-1.347656e+00
12735,5.737305e-01
12736,-4.174805e-01
12737,-4.345703e-01
12738,5.908203e-01
12739,-1.391602e+00
12740,1.530762e+00
12741,-2.302246e+00
12742,2.365723e+00
12743,-3.010254e+00
12744,3.054199e+00
12745,-3.601074e+00
12746,3.500977e+00
12747,-3.947754e+00
12748,3.723145e+00
12749,-4.113770e+00
12750,3.757324e+00
12751,-3.952637e+00
12752,3.464355e+00
12753,-3.588867e+00
12754,3.044434e+00
12755,-3.022461e+00
12756,2.348633e+00
12757,-2.272949e+00
12758,1.518555e+00
12759,-1.352539e+00
12760,5.200195e-01
12761,-3.759766e-01
12762,-4.248047e-01
12763,5.688477e-01
12764,-1.416016e+00
12765,1.508789e+00
12766,-2.290039e+00
12767,2.316895e+00
12768,-3.022461e+00
12769,3.059082e+00
12770,-3.623047e+00
12771,3.457031e+00
12772,-3.959961e+00
12773,3.723145e+00
12774,-4.079590e+00
12775,3.762207e+00
12776,-3.974609e+00
12777,3.562012e+00
12778,-3.601074e+00
12779,3.034668e+00
12780,-3.000488e+00
12781,2.326660e+00
12782,-2.214355e+00
12783,1.499023e+00
12784,-1.364746e+00
12785,6.103516e-01
12786,-4.492188e-01
12787,-3.955078e-01
12788,6.030273e-01
12789,-1.450195e+00
12790,1.513672e+00
12791,-2.265625e+00
12792,2.321777e+00
12793,-3.059082e+00
12794,3.029785e+00
12795,-3.625488e+00
12796,3.481445e+00
12797,-3.977051e+00
12798,3.723145e+00
12799,-4.079590e+00
12800,3.811035e+00
12801,-3.999023e+00
12802,3.466797e+00
12803,-3.610840e+00
12804,3.017578e+00
12805,-2.998047e+00
12806,2.326660e+00
12807,-2.355957e+00
12808,1.545410e+00
12809,-1.333008e+00
12810,5.664062e-01
12811,-4.101562e-01
12812,-4.199219e-01
12813,6.103516e-01
12814,-1.435547e+00
12815,1.491699e+00
12816,-2.270508e+00
12817,2.331543e+00
12818,-3.066406e+00
12819,2.993164e+00
12820,-3.562012e+00
12821,3.508301e+00
12822,-4.003906e+00
12823,3.728027e+00
12824,-4.091797e+00
12825,3.747559e+00
12826,-3.996582e+00
12827,3.500977e+00
12828,-3.620605e+00
12829,3.037109e+00
12830,-3.063965e+00
12831,2.326660e+00
12832,-2.253418e+00
12833,1.511230e+00
12834,-1.384277e+00
12835,5.395508e-01
12836,-3.979492e-01
12837,-3.857422e-01
12838,5.957031e-01
12839,-1.369629e+00
12840,1.513672e+00
12841,-2.224121e+00
12842,2.329102e+00
12843,-3.022461e+00
12844,3.024902e+00
12845,-3.601074e+00
12846,3.479004e+00
12847,-3.955078e+00
12848,3.730469e+00
12849,-4.086914e+00
12850,3.740234e+00
12851,-3.986816e+00
12852,3.513184e+00
12853,-3.649902e+00
12854,3.005371e+00
12855,-3.046875e+00
12856,2.363281e+00
12857,-2.268066e+00
12858,1.496582e+00
12859,-1.333008e+00
12860,5.786133e-01
12861,-4.394531e-01
12862,-4.345703e-01
12863,6.152344e-01
12864,-1.389160e+00
12865,1.474609e+00
12866,-2.236328e+00
12867,2.338867e+00
12868,-3.022461e+00
12869,3.066406e+00
12870,-3.610840e+00
12871,3.449707e+00
12872,-3.974609e+00
12873,3.742676e+00
12874,-4.143066e+00
12875,3.745117e+00
12876,-3.984375e+00
12877,3.466797e+00
12878,-3.613281e+00
12879,3.015137e+00
12880,-3.039551e+00
12881,2.338867e+00
12882,-2.248535e+00
12883,1.503906e+00
12884,-1.345215e+00
12885,5.493164e-01
12886,-4.003906e-01
12887,-3.906250e-01
12888,5.932617e-01
12889,-1.381836e+00
12890,1.486816e+00
12891,-2.285156e+00
12892,2.333984e+00
12893,-3.017578e+00
12894,3.024902e+00
12895,-3.630371e+00
12896,3.474121e+00
12897,-4.011230e+00
12898,3.703613e+00
12899,-4.084473e+00
12900,3.774414e+00
12901,-3.964844e+00
12902,3.459473e+00
12903,-3.676758e+00
12904,3.032227e+00
12905,-3.044434e+00
12906,2.338867e+00
12907,-2.285156e+00
12908,1.550293e+00
12909,-1.391602e+00
12910,5.737305e-01
12911,-4.028320e-01
12912,-4.272461e-01
12913,5.273438e-01
12914,-1.369629e+00
12915,1.511230e+00
12916,-2.268066e+00
12917,2.319336e+00
12918,-3.054199e+00
12919,3.005371e+00
12920,-3.647461e+00
12921,3.508301e+00
12922,-3.908691e+00
12923,3.730469e+00
12924,-4.118652e+00
12925,3.774414e+00
12926,-3.947754e+00
12927,3.498535e+00
12928,-3.591309e+00
12929,3.029785e+00
12930,-3.061523e+00
12931,2.373047e+00
12932,-2.275391e+00
12933,1.523438e+00
12934,-1.374512e+00
12935,5.859375e-01
12936,-3.857422e-01
12937,-4.272461e-01
12938,5.615234e-01
12939,-1.374512e+00
12940,1.462402e+00
12941,-2.290039e+00
12942,2.329102e+00
12943,-2.998047e+00
12944,2.985840e+00
12945,-3.605957e+00
12946,3.513184e+00
12947,-3.959961e+00
12948,3.745117e+00
12949,-4.082031e+00
12950,3.706055e+00
12951,-3.989258e+00
12952,3.500977e+00
12953,-3.596191e+00
12954,3.024902e+00
12955,-3.044434e+00
12956,2.385254e+00
12957,-2.260742e+00
12958,1.552734e+00
12959,-1.406250e+00
12960,5.664062e-01
12961,-4.052734e-01
12962,-3.955078e-01
12963,6.103516e-01
12964,-1.403809e+00
12965,1.474609e+00
12966,-2.263184e+00
12967,2.338867e+00
12968,-2.985840e+00
12969,2.971191e+00
12970,-3.625488e+00
12971,3.469238e+00
12972,-3.989258e+00
12973,3.742676e+00
12974,-4.067383e+00
12975,3.764648e+00
12976,-3.974609e+00
12977,3.461914e+00
12978,-3.623047e+00
12979,3.027344e+00
12980,-3.061523e+00
12981,2.392578e+00
12982,-2.282715e+00
12983,1.557617e+00
12984,-1.374512e+00
12985,5.615234e-01
12986,-4.077148e-01
12987,-3.759766e-01
12988,5.346680e-01
12989,-1.391602e+00
12990,1.489258e+00
12991,-2.229004e+00
12992,2.321777e+00
12993,-3.041992e+00
12994,3.029785e+00
12995,-3.566895e+00
12996,3.454590e+00
12997,-3.981934e+00
12998,3.725586e+00
12999,-4.128418e+00
13000,3.725586e+00
13001,-3.962402e+00
13002,3.522949e+00
13003,-3.681641e+00
13004,3.010254e+00
13005,-3.054199e+00
13006,2.338867e+00
13007,-2.312012e+00
13008,1.518555e+00
13009,-1.347656e+00
13010,6.127930e-01
13011,-4.248047e-01
13012,-4.443359e-01
13013,5.615234e-01
13014,-1.362305e+00
13015,1.496582e+00
13016,-2.268066e+00
13017,2.326660e+00
13018,-3.032227e+00
13019,2.971191e+00
13020,-3.605957e+00
13021,3.464355e+00
13022,-3.930664e+00
13023,3.764648e+00
13024,-4.138184e+00
13025,3.723145e+00
13026,-3.952637e+00
13027,3.525391e+00
13028,-3.591309e+00
13029,3.039551e+00
13030,-3.068848e+00
13031,2.385254e+00
13032,-2.290039e+00
13033,1.560059e+00
13034,-1.398926e+00
13035,5.908203e-01
13036,-3.515625e-01
13037,-3.833008e-01
13038,5.004883e-01
13039,-1.342773e+00
13040,1.506348e+00
13041,-2.304688e+00
13042,2.353516e+00
13043,-2.990723e+00
13044,2.954102e+00
13045,-3.613281e+00
13046,3.518066e+00
13047,-3.925781e+00
13048,3.754883e+00
13049,-4.069824e+00
13050,3.769531e+00
13051,-3.957520e+00
13052,3.554688e+00
13053,-3.635254e+00
13054,3.037109e+00
13055,-3.051758e+00
13056,2.365723e+00
13057,-2.297363e+00
13058,1.484375e+00
13059,-1.376953e+00
13060,6.030273e-01
13061,-4.321289e-01
13062,-3.930664e-01
13063,5.615234e-01
13064,-1.328125e+00
13065,1.506348e+00
13066,-2.285156e+00
13067,2.338867e+00
13068,-3.032227e+00
13069,3.010254e+00
13070,-3.618164e+00
13071,3.500977e+00
13072,-4.008789e+00
13073,3.723145e+00
13074,-4.101562e+00
13075,3.737793e+00
13076,-4.001465e+00
13077,3.496094e+00
13078,-3.557129e+00
13079,3.059082e+00
13080,-3.017578e+00
13081,2.409668e+00
13082,-2.294922e+00
13083,1.520996e+00
13084,-1.396484e+00
13085,5.419922e-01
13086,-4.272461e-01
13087,-4.003906e-01
13088,5.517578e-01
13089,-1.359863e+00
13090,1.496582e+00
13091,-2.275391e+00
13092,2.282715e+00
13093,-3.059082e+00
13094,2.954102e+00
13095,-3.579102e+00
13096,3.469238e+00
13097,-3.979492e+00
13098,3.732910e+00
13099,-4.111328e+00
13100,3.720703e+00
13101,-3.981934e+00
13102,3.496094e+00
13103,-3.679199e+00
13104,2.998047e+00
13105,-3.059082e+00
13106,2.387695e+00
13107,-2.294922e+00
13108,1.545410e+00
13109,-1.430664e+00
13110,5.932617e-01
13111,-4.711914e-01
13112,-4.101562e-01
13113,5.688477e-01
13114,-1.367188e+00
13115,1.406250e+00
13116,-2.246094e+00
13117,2.314453e+00
13118,-3.029785e+00
13119,3.005371e+00
13120,-3.601074e+00
13121,3.442383e+00
13122,-3.947754e+00
13123,3.774414e+00
13124,-4.096680e+00
13125,3.728027e+00
13126,-3.999023e+00
13127,3.520508e+00
13128,-3.659668e+00
13129,3.059082e+00
13130,-3.063965e+00
13131,2.382812e+00
13132,-2.294922e+00
13133,1.525879e+00
13134,-1.381836e+00
13135,6.298828e-01
13136,-4.711914e-01
13137,-4.443359e-01
13138,5.810547e-01
13139,-1.401367e+00
13140,1.501465e+00
13141,-2.199707e+00
13142,2.287598e+00
13143,-3.010254e+00
13144,3.012695e+00
13145,-3.588867e+00
13146,3.498535e+00
13147,-3.930664e+00
13148,3.740234e+00
13149,-4.101562e+00
13150,3.767090e+00
13151,-4.023438e+00
13152,3.503418e+00
13153,-3.640137e+00
13154,3.037109e+00
13155,-3.127441e+00
13156,2.373047e+00
13157,-2.238770e+00
13158,1.542969e+00
13159,-1.416016e+00
13160,5.932617e-01
13161,-4.541016e-01
13162,-4.077148e-01
13163,5.566406e-01
13164,-1.384277e+00
13165,1.462402e+00
13166,-2.236328e+00
13167,2.336426e+00
13168,-3.022461e+00
13169,3.022461e+00
13170,-3.559570e+00
13171,3.454590e+00
13172,-3.918457e+00
13173,3.752441e+00
13174,-4.152832e+00
13175,3.750000e+00
13176,-4.008789e+00
13177,3.500977e+00
13178,-3.623047e+00
13179,3.022461e+00
13180,-3.093262e+00
13181,2.370605e+00
13182,-2.285156e+00
13183,1.569824e+00
13184,-1.401367e+00
13185,5.615234e-01
13186,-4.687500e-01
13187,-3.613281e-01
13188,6.127930e-01
13189,-1.384277e+00
13190,1.437988e+00
13191,-2.199707e+00
13192,2.287598e+00
13193,-3.041992e+00
13194,3.024902e+00
13195,-3.574219e+00
13196,3.513184e+00
13197,-3.955078e+00
13198,3.703613e+00
13199,-4.128418e+00
13200,3.767090e+00
13201,-3.981934e+00
13202,3.520508e+00
13203,-3.623047e+00
13204,2.980957e+00
13205,-3.041992e+00
13206,2.380371e+00
13207,-2.324219e+00
13208,1.513672e+00
13209,-1.406250e+00
13210,5.810547e-01
13211,-4.443359e-01
13212,-4.101562e-01
13213,5.395508e-01
13214,-1.372070e+00
13215,1.462402e+00
13216,-2.255859e+00
13217,2.319336e+00
13218,-3.012695e+00
13219,3.005371e+00
13220,-3.574219e+00
13221,3.483887e+00
13222,-3.955078e+00
13223,3.715820e+00
13224,-4.118652e+00
13225,3.745117e+00
13226,-4.006348e+00
13227,3.493652e+00
13228,-3.652344e+00
13229,2.998047e+00
13230,-3.046875e+00
13231,2.390137e+00
13232,-2.253418e+00
13233,1.560059e+00
13234,-1.408691e+00
13235,5.810547e-01
13236,-4.663086e-01
13237,-4.248047e-01
13238,5.957031e-01
13239,-1.379395e+00
13240,1.433105e+00
13241,-2.277832e+00
13242,2.343750e+00
13243,-3.041992e+00
13244,3.020020e+00
13245,-3.566895e+00
13246,3.432617e+00
13247,-3.957520e+00
13248,3.752441e+00
13249,-4.074707e+00
13250,3.781738e+00
13251,-3.984375e+00
13252,3.530273e+00
13253,-3.640137e+00
13254,3.024902e+00
13255,-3.071289e+00
13256,2.365723e+00
13257,-2.336426e+00
13258,1.525879e+00
13259,-1.420898e+00
13260,5.615234e-01
13261,-4.199219e-01
13262,-3.710938e-01
13263,4.956055e-01
13264,-1.345215e+00
13265,1.464844e+00
13266,-2.238770e+00
13267,2.314453e+00
13268,-2.973633e+00
13269,2.976074e+00
13270,-3.603516e+00
13271,3.427734e+00
13272,-3.986816e+00
13273,3.750000e+00
13274,-4.064941e+00
13275,3.762207e+00
13276,-3.996582e+00
13277,3.493652e+00
13278,-3.647461e+00
13279,3.024902e+00
13280,-3.071289e+00
13281,2.363281e+00
13282,-2.304688e+00
13283,1.560059e+00
13284,-1.374512e+00
13285,6.372070e-01
13286,-4.980469e-01
13287,-3.759766e-01
13288,5.493164e-01
13289,-1.347656e+00
13290,1.486816e+00
13291,-2.290039e+00
13292,2.282715e+00
13293,-2.998047e+00
13294,2.956543e+00
13295,-3.593750e+00
13296,3.471680e+00
13297,-3.923340e+00
13298,3.703613e+00
13299,-4.133301e+00
13300,3.745117e+00
13301,-4.035645e+00
13302,3.459473e+00
13303,-3.623047e+00
13304,3.056641e+00
13305,-3.044434e+00
13306,2.377930e+00
13307,-2.297363e+00
13308,1.528320e+00
13309,-1.445312e+00
13310,6.396484e-01
13311,-4.443359e-01
13312,-4.223633e-01
13313,5.078125e-01
13314,-1.345215e+00
13315,1.459961e+00
13316,-2.236328e+00
13317,2.329102e+00
13318,-3.012695e+00
13319,2.971191e+00
13320,-3.569336e+00
13321,3.491211e+00
13322,-3.984375e+00
13323,3.710938e+00
13324,-4.128418e+00
13325,3.752441e+00
13326,-3.974609e+00
13327,3.493652e+00
13328,-3.657227e+00
13329,3.063965e+00
13330,-3.083496e+00
13331,2.390137e+00
13332,-2.287598e+00
13333,1.547852e+00
13334,-1.391602e+00
13335,5.957031e-01
13336,-5.078125e-01
13337,-3.637695e-01
13338,5.957031e-01
13339,-1.315918e+00
13340,1.445312e+00
13341,-2.214355e+00
13342,2.329102e+00
13343,-3.024902e+00
13344,2.980957e+00
13345,-3.549805e+00
13346,3.479004e+00
13347,-3.957520e+00
13348,3.728027e+00
13349,-4.104004e+00
13350,3.767090e+00
13351,-3.930664e+00
13352,3.505859e+00
13353,-3.649902e+00
13354,3.088379e+00
13355,-3.046875e+00
13356,2.380371e+00
13357,-2.316895e+00
13358,1.582031e+00
13359,-1.447754e+00
13360,5.957031e-01
13361,-4.272461e-01
13362,-3.588867e-01
13363,5.151367e-01
13364,-1.323242e+00
13365,1.430664e+00
13366,-2.255859e+00
13367,2.321777e+00
13368,-3.015137e+00
13369,2.958984e+00
13370,-3.564453e+00
13371,3.486328e+00
13372,-3.964844e+00
13373,3.728027e+00
13374,-4.077148e+00
13375,3.803711e+00
13376,-3.950195e+00
13377,3.503418e+00
13378,-3.645020e+00
13379,3.083496e+00
13380,-3.041992e+00
13381,2.387695e+00
13382,-2.290039e+00
13383,1.562500e+00
13384,-1.435547e+00
13385,6.127930e-01
13386,-4.443359e-01
13387,-3.393555e-01
13388,5.371094e-01
13389,-1.374512e+00
13390,1.469727e+00
13391,-2.221680e+00
13392,2.236328e+00
13393,-3.012695e+00
13394,3.005371e+00
13395,-3.615723e+00
13396,3.474121e+00
13397,-3.972168e+00
13398,3.713379e+00
13399,-4.050293e+00
13400,3.723145e+00
13401,-4.016113e+00
13402,3.535156e+00
13403,-3.669434e+00
13404,3.068848e+00
13405,-3.076172e+00
13406,2.377930e+00
13407,-2.263184e+00
13408,1.569824e+00
13409,-1.435547e+00
13410,6.005859e-01
13411,-4.858398e-01
13412,-3.759766e-01
13413,5.444336e-01
13414,-1.325684e+00
13415,1.442871e+00
13416,-2.238770e+00
13417,2.277832e+00
13418,-2.983398e+00
13419,2.968750e+00
13420,-3.540039e+00
13421,3.483887e+00
13422,-3.981934e+00
13423,3.754883e+00
13424,-4.101562e+00
13425,3.776855e+00
13426,-4.006348e+00
13427,3.476562e+00
13428,-3.623047e+00
13429,3.037109e+00
13430,-3.037109e+00
13431,2.365723e+00
13432,-2.297363e+00
13433,1.538086e+00
13434,-1.435547e+00
13435,6.469727e-01
13436,-5.102539e-01
13437,-3.930664e-01
13438,5.346680e-01
13439,-1.345215e+00
13440,1.472168e+00
13441,-2.194824e+00
13442,2.324219e+00
13443,-2.976074e+00
13444,2.954102e+00
13445,-3.620605e+00
13446,3.449707e+00
13447,-3.959961e+00
13448,3.737793e+00
13449,-4.096680e+00
13450,3.747559e+00
13451,-3.964844e+00
13452,3.537598e+00
13453,-3.615723e+00
13454,3.071289e+00
13455,-3.024902e+00
13456,2.370605e+00
13457,-2.307129e+00
13458,1.555176e+00
13459,-1.403809e+00
13460,6.420898e-01
13461,-4.614258e-01
13462,-3.588867e-01
13463,5.200195e-01
13464,-1.354980e+00
13465,1.457520e+00
13466,-2.189941e+00
13467,2.307129e+00
13468,-3.022461e+00
13469,3.007812e+00
13470,-3.566895e+00
13471,3.449707e+00
13472,-3.984375e+00
13473,3.723145e+00
13474,-4.111328e+00
13475,3.735352e+00
13476,-3.974609e+00
13477,3.552246e+00
13478,-3.618164e+00
13479,3.063965e+00
13480,-3.041992e+00
13481,2.343750e+00
13482,-2.382812e+00
13483,1.623535e+00
13484,-1.386719e+00
13485,5.834961e-01
13486,-4.711914e-01
13487,-3.540039e-01
13488,5.102539e-01
13489,-1.313477e+00
13490,1.447754e+00
13491,-2.224121e+00
13492,2.312012e+00
13493,-3.007812e+00
13494,2.990723e+00
13495,-3.596191e+00
13496,3.464355e+00
13497,-3.964844e+00
13498,3.750000e+00
13499,-4.074707e+00
13500,3.740234e+00
13501,-3.989258e+00
13502,3.522949e+00
13503,-3.666992e+00
13504,3.056641e+00
13505,-3.061523e+00
13506,2.377930e+00
13507,-2.343750e+00
13508,1.564941e+00
13509,-1.408691e+00
13510,6.445312e-01
13511,-4.833984e-01
13512,-3.515625e-01
13513,5.102539e-01
13514,-1.342773e+00
13515,1.445312e+00
13516,-2.175293e+00
13517,2.316895e+00
13518,-3.027344e+00
13519,2.951660e+00
13520,-3.586426e+00
13521,3.505859e+00
13522,-3.879395e+00
13523,3.637695e+00
13524,-4.118652e+00
13525,3.754883e+00
13526,-4.084473e+00
13527,3.574219e+00
13528,-3.588867e+00
13529,3.032227e+00
13530,-3.098145e+00
13531,2.443848e+00
13532,-2.304688e+00
13533,1.562500e+00
13534,-1.418457e+00
13535,6.396484e-01
13536,-4.833984e-01
13537,-3.588867e-01
13538,5.175781e-01
13539,-1.362305e+00
13540,1.450195e+00
13541,-2.219238e+00
13542,2.268066e+00
13543,-2.976074e+00
13544,3.029785e+00
13545,-3.588867e+00
13546,3.442383e+00
13547,-3.945312e+00
13548,3.688965e+00
13549,-4.116211e+00
13550,3.764648e+00
13551,-3.996582e+00
13552,3.549805e+00
13553,-3.652344e+00
13554,3.059082e+00
13555,-3.056641e+00
13556,2.424316e+00
13557,-2.358398e+00
13558,1.540527e+00
13559,-1.408691e+00
13560,6.030273e-01
13561,-4.760742e-01
13562,-3.710938e-01
13563,4.760742e-01
13564,-1.296387e+00
13565,1.418457e+00
13566,-2.243652e+00
13567,2.314453e+00
13568,-3.020020e+00
13569,2.912598e+00
13570,-3.559570e+00
13571,3.447266e+00
13572,-3.999023e+00
13573,3.728027e+00
13574,-4.050293e+00
13575,3.750000e+00
13576,-3.999023e+00
13577,3.569336e+00
13578,-3.620605e+00
13579,3.039551e+00
13580,-3.107910e+00
13581,2.424316e+00
13582,-2.360840e+00
13583,1.618652e+00
13584,-1.381836e+00
13585,5.810547e-01
13586,-4.467773e-01
13587,-3.588867e-01
13588,4.980469e-01
13589,-1.369629e+00
13590,1.450195e+00
13591,-2.187500e+00
13592,2.270508e+00
13593,-2.963867e+00
13594,2.934570e+00
13595,-3.576660e+00
13596,3.500977e+00
13597,-4.011230e+00
13598,3.720703e+00
13599,-4.086914e+00
13600,3.706055e+00
13601,-4.030762e+00
13602,3.527832e+00
13603,-3.652344e+00
13604,3.081055e+00
13605,-3.061523e+00
13606,2.397461e+00
13607,-2.307129e+00
13608,1.589355e+00
13609,-1.411133e+00
13610,5.957031e-01
13611,-5.004883e-01
13612,-3.588867e-01
13613,4.980469e-01
13614,-1.330566e+00
13615,1.445312e+00
13616,-2.282715e+00
13617,2.309570e+00
13618,-2.988281e+00
13619,2.971191e+00
13620,-3.527832e+00
13621,3.476562e+00
13622,-3.979492e+00
13623,3.728027e+00
13624,-4.094238e+00
13625,3.735352e+00
13626,-3.996582e+00
13627,3.515625e+00
13628,-3.674316e+00
13629,3.085938e+00
13630,-3.071289e+00
13631,2.412109e+00
13632,-2.336426e+00
13633,1.552734e+00
13634,-1.442871e+00
13635,6.835938e-01
13636,-4.687500e-01
13637,-3.906250e-01
13638,5.078125e-01
13639,-1.281738e+00
13640,1.437988e+00
13641,-2.199707e+00
13642,2.258301e+00
13643,-2.976074e+00
13644,3.017578e+00
13645,-3.608398e+00
13646,3.466797e+00
13647,-3.962402e+00
13648,3.708496e+00
13649,-4.052734e+00
13650,3.723145e+00
13651,-4.008789e+00
13652,3.518066e+00
13653,-3.625488e+00
13654,3.056641e+00
13655,-3.139648e+00
13656,2.399902e+00
13657,-2.355957e+00
13658,1.586914e+00
13659,-1.447754e+00
13660,6.884766e-01
13661,-4.980469e-01
13662,-3.710938e-01
13663,5.297852e-01
13664,-1.293945e+00
13665,1.445312e+00
13666,-2.233887e+00
13667,2.307129e+00
13668,-2.951660e+00
13669,2.978516e+00
13670,-3.574219e+00
13671,3.483887e+00
13672,-3.937988e+00
13673,3.720703e+00
13674,-4.050293e+00
13675,3.750000e+00
13676,-3.967285e+00
13677,3.557129e+00
13678,-3.623047e+00
13679,3.125000e+00
13680,-3.110352e+00
13681,2.436523e+00
13682,-2.297363e+00
13683,1.584473e+00
13684,-1.440430e+00
13685,5.957031e-01
13686,-4.760742e-01
13687,-3.271484e-01
13688,5.273438e-01
13689,-1.330566e+00
13690,1.433105e+00
13691,-2.192383e+00
13692,2.270508e+00
13693,-2.939453e+00
13694,2.968750e+00
13695,-3.527832e+00
13696,3.466797e+00
13697,-3.947754e+00
13698,3.742676e+00
13699,-4.108887e+00
13700,3.740234e+00
13701,-4.016113e+00
13702,3.532715e+00
13703,-3.652344e+00
13704,3.093262e+00
13705,-3.088379e+00
13706,2.412109e+00
13707,-2.292480e+00
13708,1.572266e+00
13709,-1.459961e+00
13710,6.665039e-01
13711,-4.394531e-01
13712,-3.662109e-01
13713,4.956055e-01
13714,-1.298828e+00
13715,1.479492e+00
13716,-2.187500e+00
13717,2.260742e+00
13718,-2.939453e+00
13719,3.007812e+00
13720,-3.601074e+00
13721,3.435059e+00
13722,-3.940430e+00
13723,3.737793e+00
13724,-4.104004e+00
13725,3.771973e+00
13726,-4.011230e+00
13727,3.532715e+00
13728,-3.671875e+00
13729,3.034668e+00
13730,-3.078613e+00
13731,2.416992e+00
13732,-2.355957e+00
13733,1.601562e+00
13734,-1.440430e+00
13735,6.542969e-01
13736,-4.223633e-01
13737,-3.417969e-01
13738,4.809570e-01
13739,-1.367188e+00
13740,1.450195e+00
13741,-2.153320e+00
13742,2.202148e+00
13743,-2.993164e+00
13744,2.944336e+00
13745,-3.610840e+00
13746,3.483887e+00
13747,-3.977051e+00
13748,3.681641e+00
13749,-4.072266e+00
13750,3.752441e+00
13751,-4.057617e+00
13752,3.500977e+00
13753,-3.649902e+00
13754,3.061523e+00
13755,-3.041992e+00
13756,2.399902e+00
13757,-2.326660e+00
13758,1.621094e+00
13759,-1.479492e+00
13760,6.933594e-01
13761,-4.614258e-01
13762,-3.320312e-01
13763,4.760742e-01
13764,-1.350098e+00
13765,1.428223e+00
13766,-2.163086e+00
13767,2.287598e+00
13768,-3.024902e+00
13769,2.951660e+00
13770,-3.588867e+00
13771,3.422852e+00
13772,-3.903809e+00
13773,3.735352e+00
13774,-4.091797e+00
13775,3.776855e+00
13776,-4.025879e+00
13777,3.540039e+00
13778,-3.640137e+00
13779,3.117676e+00
13780,-3.100586e+00
13781,2.346191e+00
13782,-2.343750e+00
13783,1.606445e+00
13784,-1.425781e+00
13785,6.738281e-01
13786,-4.663086e-01
13787,-3.393555e-01
13788,4.931641e-01
13789,-1.296387e+00
13790,1.403809e+00
13791,-2.207031e+00
13792,2.294922e+00
13793,-2.985840e+00
13794,2.924805e+00
13795,-3.562012e+00
13796,3.518066e+00
13797,-3.969727e+00
13798,3.669434e+00
13799,-4.045410e+00
13800,3.723145e+00
13801,-3.991699e+00
13802,3.562012e+00
13803,-3.669434e+00
13804,3.093262e+00
13805,-3.071289e+00
13806,2.390137e+00
13807,-2.363281e+00
13808,1.589355e+00
13809,-1.472168e+00
13810,6.127930e-01
13811,-5.468750e-01
13812,-3.784180e-01
13813,5.126953e-01
13814,-1.320801e+00
13815,1.435547e+00
13816,-2.182617e+00
13817,2.282715e+00
13818,-2.983398e+00
13819,2.932129e+00
13820,-3.576660e+00
13821,3.469238e+00
13822,-3.996582e+00
13823,3.701172e+00
13824,-4.077148e+00
13825,3.725586e+00
13826,-4.008789e+00
13827,3.571777e+00
13828,-3.691406e+00
13829,3.027344e+00
13830,-3.110352e+00
13831,2.409668e+00
13832,-2.370605e+00
13833,1.574707e+00
13834,-1.489258e+00
13835,6.518555e-01
13836,-4.614258e-01
13837,-3.173828e-01
13838,4.833984e-01
13839,-1.301270e+00
13840,1.406250e+00
13841,-2.170410e+00
13842,2.316895e+00
13843,-3.002930e+00
13844,2.907715e+00
13845,-3.569336e+00
13846,3.437500e+00
13847,-3.916016e+00
13848,3.771973e+00
13849,-4.118652e+00
13850,3.754883e+00
13851,-3.986816e+00
13852,3.530273e+00
13853,-3.666992e+00
13854,3.137207e+00
13855,-3.098145e+00
13856,2.424316e+00
13857,-2.333984e+00
13858,1.586914e+00
13859,-1.459961e+00
13860,6.469727e-01
13861,-5.126953e-01
13862,-3.540039e-01
13863,4.980469e-01
13864,-1.325684e+00
13865,1.411133e+00
13866,-2.204590e+00
13867,2.270508e+00
13868,-2.983398e+00
13869,2.954102e+00
13870,-3.605957e+00
13871,3.415527e+00
13872,-3.947754e+00
13873,3.723145e+00
13874,-4.147949e+00
13875,3.740234e+00
13876,-3.959961e+00
13877,3.537598e+00
13878,-3.649902e+00
13879,3.088379e+00
13880,-3.095703e+00
13881,2.441406e+00
13882,-2.358398e+00
13883,1.574707e+00
13884,-1.450195e+00
13885,6.469727e-01
13886,-4.614258e-01
13887,-3.417969e-01
13888,5.102539e-01
13889,-1.281738e+00
13890,1.406250e+00
13891,-2.204590e+00
13892,2.260742e+00
13893,-2.971191e+00
13894,2.961426e+00
13895,-3.569336e+00
13896,3.471680e+00
13897,-3.969727e+00
13898,3.740234e+00
13899,-4.089355e+00
13900,3.740234e+00
13901,-4.013672e+00
13902,3.544922e+00
13903,-3.647461e+00
13904,3.095703e+00
13905,-3.134766e+00
13906,2.426758e+00
13907,-2.299805e+00
13908,1.589355e+00
13909,-1.474609e+00
13910,6.420898e-01
13911,-5.468750e-01
13912,-3.344727e-01
13913,5.053711e-01
13914,-1.301270e+00
13915,1.447754e+00
13916,-2.185059e+00
13917,2.275391e+00
13918,-2.990723e+00
13919,2.966309e+00
13920,-3.547363e+00
13921,3.403320e+00
13922,-3.942871e+00
13923,3.723145e+00
13924,-4.133301e+00
13925,3.759766e+00
13926,-4.016113e+00
13927,3.500977e+00
13928,-3.671875e+00
13929,3.103027e+00
13930,-3.093262e+00
13931,2.399902e+00
13932,-2.351074e+00
13933,1.582031e+00
13934,-1.459961e+00
13935,6.713867e-01
13936,-5.297852e-01
13937,-3.149414e-01
13938,4.931641e-01
13939,-1.291504e+00
13940,1.467285e+00
13941,-2.182617e+00
13942,2.270508e+00
13943,-2.990723e+00
13944,2.954102e+00
13945,-3.591309e+00
13946,3.464355e+00
13947,-3.923340e+00
13948,3.720703e+00
13949,-4.069824e+00
13950,3.762207e+00
13951,-4.013672e+00
13952,3.537598e+00
13953,-3.647461e+00
13954,3.098145e+00
13955,-3.088379e+00
13956,2.431641e+00
13957,-2.346191e+00
13958,1.552734e+00
13959,-1.538086e+00
13960,6.982422e-01
13961,-5.273438e-01
13962,-3.295898e-01
13963,5.175781e-01
13964,-1.345215e+00
13965,1.391602e+00
13966,-2.216797e+00
13967,2.258301e+00
13968,-2.958984e+00
13969,2.961426e+00
13970,-3.547363e+00
13971,3.452148e+00
13972,-3.969727e+00
13973,3.742676e+00
13974,-4.108887e+00
13975,3.747559e+00
13976,-3.974609e+00
13977,3.520508e+00
13978,-3.681641e+00
13979,3.085938e+00
13980,-3.076172e+00
13981,2.407227e+00
13982,-2.324219e+00
13983,1.584473e+00
13984,-1.501465e+00
13985,7.055664e-01
13986,-4.980469e-01
13987,-3.149414e-01
13988,5.004883e-01
13989,-1.281738e+00
13990,1.406250e+00
13991,-2.187500e+00
13992,2.221680e+00
13993,-2.951660e+00
13994,2.946777e+00
13995,-3.564453e+00
13996,3.483887e+00
13997,-3.928223e+00
13998,3.725586e+00
13999,-4.094238e+00
14000,3.769531e+00
14001,-3.977051e+00
14002,3.552246e+00
14003,-3.698730e+00
14004,3.088379e+00
14005,-3.115234e+00
14006,2.438965e+00
14007,-2.312012e+00
14008,1.584473e+00
14009,-1.445312e+00
14010,6.909180e-01
14011,-5.566406e-01
14012,-3.320312e-01
14013,5.004883e-01
14014,-1.296387e+00
14015,1.354980e+00
14016,-2.219238e+00
14017,2.253418e+00
14018,-2.983398e+00
14019,2.910156e+00
14020,-3.559570e+00
14021,3.461914e+00
14022,-3.964844e+00
14023,3.752441e+00
14024,-4.133301e+00
14025,3.764648e+00
14026,-3.959961e+00
14027,3.549805e+00
14028,-3.662109e+00
14029,3.115234e+00
14030,-3.112793e+00
14031,2.443848e+00
14032,-2.358398e+00
14033,1.562500e+00
14034,-1.447754e+00
14035,7.031250e-01
14036,-5.078125e-01
14037,-3.637695e-01
14038,4.418945e-01
14039,-1.271973e+00
14040,1.420898e+00
14041,-2.197266e+00
14042,2.253418e+00
14043,-2.958984e+00
14044,2.939453e+00
14045,-3.537598e+00
14046,3.459473e+00
14047,-3.957520e+00
14048,3.740234e+00
14049,-4.108887e+00
14050,3.745117e+00
14051,-3.959961e+00
14052,3.508301e+00
14053,-3.671875e+00
14054,3.107910e+00
14055,-3.107910e+00
14056,2.438965e+00
14057,-2.373047e+00
14058,1.599121e+00
14059,-1.474609e+00
14060,6.396484e-01
14061,-4.541016e-01
14062,-3.564453e-01
14063,4.687500e-01
14064,-1.230469e+00
14065,1.381836e+00
14066,-2.199707e+00
14067,2.272949e+00
14068,-2.939453e+00
14069,2.949219e+00
14070,-3.618164e+00
14071,3.435059e+00
14072,-3.937988e+00
14073,3.720703e+00
14074,-4.069824e+00
14075,3.771973e+00
14076,-4.020996e+00
14077,3.552246e+00
14078,-3.684082e+00
14079,3.051758e+00
14080,-3.068848e+00
14081,2.451172e+00
14082,-2.331543e+00
14083,1.669922e+00
14084,-1.477051e+00
14085,6.616211e-01
14086,-5.346680e-01
14087,-3.076172e-01
14088,4.931641e-01
14089,-1.291504e+00
14090,1.406250e+00
14091,-2.170410e+00
14092,2.241211e+00
14093,-2.951660e+00
14094,2.919922e+00
14095,-3.547363e+00
14096,3.454590e+00
14097,-3.969727e+00
14098,3.740234e+00
14099,-4.123535e+00
14100,3.793945e+00
14101,-3.999023e+00
14102,3.530273e+00
14103,-3.625488e+00
14104,3.066406e+00
14105,-3.117676e+00
14106,2.424316e+00
14107,-2.382812e+00
14108,1.606445e+00
14109,-1.506348e+00
14110,6.787109e-01
14111,-4.809570e-01
14112,-3.271484e-01
14113,4.931641e-01
14114,-1.301270e+00
14115,1.345215e+00
14116,-2.170410e+00
14117,2.255859e+00
14118,-2.983398e+00
14119,2.932129e+00
14120,-3.530273e+00
14121,3.439941e+00
14122,-3.945312e+00
14123,3.769531e+00
14124,-4.067383e+00
14125,3.769531e+00
14126,-4.025879e+00
14127,3.513184e+00
14128,-3.681641e+00
14129,3.122559e+00
14130,-3.110352e+00
14131,2.458496e+00
14132,-2.312012e+00
14133,1.616211e+00
14134,-1.499023e+00
14135,7.250977e-01
14136,-5.322266e-01
14137,-3.247070e-01
14138,4.931641e-01
14139,-1.267090e+00
14140,1.430664e+00
14141,-2.204590e+00
14142,2.241211e+00
14143,-2.929688e+00
14144,2.929688e+00
14145,-3.532715e+00
14146,3.464355e+00
14147,-3.972168e+00
14148,3.706055e+00
14149,-4.084473e+00
14150,3.784180e+00
14151,-3.959961e+00
14152,3.559570e+00
14153,-3.657227e+00
14154,3.081055e+00
14155,-3.122559e+00
14156,2.392578e+00
14157,-2.363281e+00
14158,1.638184e+00
14159,-1.479492e+00
14160,6.518555e-01
14161,-5.102539e-01
14162,-2.905273e-01
14163,4.931641e-01
14164,-1.296387e+00
14165,1.416016e+00
14166,-2.185059e+00
14167,2.282715e+00
14168,-2.907715e+00
14169,2.917480e+00
14170,-3.566895e+00
14171,3.459473e+00
14172,-3.930664e+00
14173,3.703613e+00
14174,-4.094238e+00
14175,3.767090e+00
14176,-4.050293e+00
14177,3.535156e+00
14178,-3.674316e+00
14179,3.059082e+00
14180,-3.078613e+00
14181,2.465820e+00
14182,-2.338867e+00
14183,1.586914e+00
14184,-1.494141e+00
14185,6.933594e-01
14186,-5.029297e-01
14187,-2.880859e-01
14188,4.418945e-01
14189,-1.259766e+00
14190,1.401367e+00
14191,-2.165527e+00
14192,2.292480e+00
14193,-2.934570e+00
14194,2.954102e+00
14195,-3.559570e+00
14196,3.432617e+00
14197,-3.925781e+00
14198,3.718262e+00
14199,-4.121094e+00
14200,3.767090e+00
14201,-4.023438e+00
14202,3.559570e+00
14203,-3.703613e+00
14204,3.071289e+00
14205,-3.127441e+00
14206,2.409668e+00
14207,-2.412109e+00
14208,1.594238e+00
14209,-1.479492e+00
14210,6.933594e-01
14211,-5.444336e-01
14212,-2.978516e-01
14213,4.467773e-01
14214,-1.279297e+00
14215,1.374512e+00
14216,-2.170410e+00
14217,2.241211e+00
14218,-2.966309e+00
14219,2.890625e+00
14220,-3.588867e+00
14221,3.476562e+00
14222,-3.947754e+00
14223,3.723145e+00
14224,-4.125977e+00
14225,3.735352e+00
14226,-4.023438e+00
14227,3.544922e+00
14228,-3.691406e+00
14229,3.073730e+00
14230,-3.110352e+00
14231,2.414551e+00
14232,-2.355957e+00
14233,1.621094e+00
14234,-1.506348e+00
14235,6.982422e-01
14236,-5.200195e-01
14237,-2.709961e-01
14238,4.931641e-01
14239,-1.330566e+00
14240,1.398926e+00
14241,-2.180176e+00
14242,2.221680e+00
14243,-2.956543e+00
14244,2.917480e+00
14245,-3.532715e+00
14246,3.466797e+00
14247,-3.984375e+00
14248,3.676758e+00
14249,-4.140625e+00
14250,3.779297e+00
14251,-4.020996e+00
14252,3.547363e+00
14253,-3.679199e+00
14254,3.120117e+00
14255,-3.127441e+00
14256,2.380371e+00
14257,-2.346191e+00
14258,1.621094e+00
14259,-1.503906e+00
14260,6.591797e-01
14261,-4.882812e-01
14262,-2.905273e-01
14263,4.248047e-01
14264,-1.293945e+00
14265,1.381836e+00
14266,-2.111816e+00
14267,2.231445e+00
14268,-2.963867e+00
14269,2.993164e+00
14270,-3.535156e+00
14271,3.400879e+00
14272,-3.955078e+00
14273,3.723145e+00
14274,-4.072266e+00
14275,3.752441e+00
14276,-3.989258e+00
14277,3.515625e+00
14278,-3.686523e+00
14279,3.122559e+00
14280,-3.129883e+00
14281,2.402344e+00
14282,-2.351074e+00
14283,1.625977e+00
14284,-1.462402e+00
14285,6.738281e-01
14286,-5.126953e-01
14287,-2.807617e-01
14288,4.589844e-01
14289,-1.242676e+00
14290,1.435547e+00
14291,-2.114258e+00
14292,2.268066e+00
14293,-2.990723e+00
14294,2.946777e+00
14295,-3.525391e+00
14296,3.476562e+00
14297,-3.967285e+00
14298,3.718262e+00
14299,-4.113770e+00
14300,3.745117e+00
14301,-3.950195e+00
14302,3.520508e+00
14303,-3.666992e+00
14304,3.093262e+00
14305,-3.159180e+00
14306,2.448730e+00
14307,-2.409668e+00
14308,1.596680e+00
14309,-1.508789e+00
14310,6.640625e-01
14311,-5.664062e-01
14312,-2.929688e-01
14313,4.516602e-01
14314,-1.281738e+00
14315,1.398926e+00
14316,-2.167969e+00
14317,2.236328e+00
14318,-2.973633e+00
14319,2.958984e+00
14320,-3.525391e+00
14321,3.452148e+00
14322,-3.937988e+00
14323,3.715820e+00
14324,-4.079590e+00
14325,3.781738e+00
14326,-4.045410e+00
14327,3.503418e+00
14328,-3.671875e+00
14329,3.142090e+00
14330,-3.090820e+00
14331,2.480469e+00
14332,-2.414551e+00
14333,1.638184e+00
14334,-1.418457e+00
14335,6.982422e-01
14336,-5.444336e-01
14337,-3.076172e-01
14338,4.248047e-01
14339,-1.271973e+00
14340,1.396484e+00
14341,-2.199707e+00
14342,2.199707e+00
14343,-2.905273e+00
14344,2.941895e+00
14345,-3.542480e+00
14346,3.444824e+00
14347,-3.979492e+00
14348,3.742676e+00
14349,-4.069824e+00
14350,3.737793e+00
14351,-4.016113e+00
14352,3.569336e+00
14353,-3.674316e+00
14354,3.090820e+00
14355,-3.159180e+00
14356,2.441406e+00
14357,-2.380371e+00
14358,1.591797e+00
14359,-1.520996e+00
14360,7.373047e-01
14361,-5.126953e-01
14362,-2.539062e-01
14363,4.492188e-01
14364,-1.281738e+00
14365,1.364746e+00
14366,-2.202148e+00
14367,2.236328e+00
14368,-2.910156e+00
14369,2.941895e+00
14370,-3.537598e+00
14371,3.417969e+00
14372,-3.928223e+00
14373,3.720703e+00
14374,-4.118652e+00
14375,3.764648e+00
14376,-3.959961e+00
14377,3.537598e+00
14378,-3.662109e+00
14379,3.156738e+00
14380,-3.127441e+00
14381,2.414551e+00
14382,-2.436523e+00
14383,1.660156e+00
14384,-1.477051e+00
14385,7.104492e-01
14386,-5.126953e-01
14387,-2.905273e-01
14388,4.589844e-01
14389,-1.303711e+00
14390,1.369629e+00
14391,-2.180176e+00
14392,2.285156e+00
14393,-2.907715e+00
14394,2.910156e+00
14395,-3.554688e+00
14396,3.479004e+00
14397,-4.006348e+00
14398,3.730469e+00
14399,-4.030762e+00
14400,3.696289e+00
14401,-4.033203e+00
14402,3.571777e+00
14403,-3.701172e+00
14404,3.066406e+00
14405,-3.110352e+00
14406,2.482910e+00
14407,-2.392578e+00
14408,1.638184e+00
14409,-1.457520e+00
14410,7.055664e-01
14411,-5.468750e-01
14412,-2.905273e-01
14413,4.125977e-01
14414,-1.315918e+00
14415,1.423340e+00
14416,-2.175293e+00
14417,2.231445e+00
14418,-2.939453e+00
14419,2.946777e+00
14420,-3.564453e+00
14421,3.432617e+00
14422,-3.964844e+00
14423,3.703613e+00
14424,-4.060059e+00
14425,3.718262e+00
14426,-4.033203e+00
14427,3.574219e+00
14428,-3.693848e+00
14429,3.073730e+00
14430,-3.090820e+00
14431,2.426758e+00
14432,-2.373047e+00
14433,1.647949e+00
14434,-1.481934e+00
14435,6.860352e-01
14436,-5.493164e-01
14437,-2.490234e-01
14438,4.589844e-01
14439,-1.225586e+00
14440,1.416016e+00
14441,-2.136230e+00
14442,2.211914e+00
14443,-2.912598e+00
14444,2.958984e+00
14445,-3.552246e+00
14446,3.449707e+00
14447,-3.874512e+00
14448,3.735352e+00
14449,-4.089355e+00
14450,3.754883e+00
14451,-4.023438e+00
14452,3.520508e+00
14453,-3.652344e+00
14454,3.105469e+00
14455,-3.156738e+00
14456,2.485352e+00
14457,-2.407227e+00
14458,1.608887e+00
14459,-1.499023e+00
14460,7.177734e-01
14461,-5.615234e-01
14462,-3.271484e-01
14463,4.321289e-01
14464,-1.264648e+00
14465,1.374512e+00
14466,-2.167969e+00
14467,2.202148e+00
14468,-2.905273e+00
14469,2.910156e+00
14470,-3.579102e+00
14471,3.449707e+00
14472,-3.991699e+00
14473,3.691406e+00
14474,-4.067383e+00
14475,3.742676e+00
14476,-4.008789e+00
14477,3.583984e+00
14478,-3.657227e+00
14479,3.117676e+00
14480,-3.107910e+00
14481,2.470703e+00
14482,-2.341309e+00
14483,1.608887e+00
14484,-1.494141e+00
14485,7.031250e-01
14486,-5.639648e-01
14487,-2.221680e-01
14488,4.296875e-01
14489,-1.240234e+00
14490,1.398926e+00
14491,-2.126465e+00
14492,2.167969e+00
14493,-2.949219e+00
14494,2.976074e+00
14495,-3.520508e+00
14496,3.439941e+00
14497,-3.950195e+00
14498,3.715820e+00
14499,-4.084473e+00
14500,3.747559e+00
14501,-4.047852e+00
14502,3.544922e+00
14503,-3.637695e+00
14504,3.095703e+00
14505,-3.146973e+00
14506,2.448730e+00
14507,-2.402344e+00
14508,1.650391e+00
14509,-1.511230e+00
14510,6.933594e-01
14511,-5.639648e-01
14512,-2.514648e-01
14513,4.125977e-01
14514,-1.271973e+00
14515,1.408691e+00
14516,-2.187500e+00
14517,2.180176e+00
14518,-2.949219e+00
14519,2.919922e+00
14520,-3.532715e+00
14521,3.476562e+00
14522,-3.955078e+00
14523,3.737793e+00
14524,-4.096680e+00
14525,3.732910e+00
14526,-3.981934e+00
14527,3.547363e+00
14528,-3.703613e+00
14529,3.125000e+00
14530,-3.127441e+00
14531,2.451172e+00
14532,-2.382812e+00
14533,1.655273e+00
14534,-1.474609e+00
14535,6.811523e-01
14536,-5.468750e-01
14537,-2.709961e-01
14538,4.370117e-01
14539,-1.247559e+00
14540,1.367188e+00
14541,-2.145996e+00
14542,2.236328e+00
14543,-2.932129e+00
14544,2.912598e+00
14545,-3.520508e+00
14546,3.457031e+00
14547,-3.974609e+00
14548,3.725586e+00
14549,-4.079590e+00
14550,3.757324e+00
14551,-4.006348e+00
14552,3.552246e+00
14553,-3.708496e+00
14554,3.107910e+00
14555,-3.127441e+00
14556,2.470703e+00
14557,-2.377930e+00
14558,1.633301e+00
14559,-1.586914e+00
14560,6.665039e-01
14561,-5.639648e-01
14562,-2.783203e-01
14563,4.589844e-01
14564,-1.235352e+00
14565,1.420898e+00
14566,-2.141113e+00
14567,2.177734e+00
14568,-2.934570e+00
14569,2.922363e+00
14570,-3.574219e+00
14571,3.491211e+00
14572,-3.898926e+00
14573,3.676758e+00
14574,-4.079590e+00
14575,3.725586e+00
14576,-4.023438e+00
14577,3.537598e+00
14578,-3.657227e+00
14579,3.129883e+00
14580,-3.144531e+00
14581,2.463379e+00
14582,-2.370605e+00
14583,1.584473e+00
14584,-1.472168e+00
14585,7.348633e-01
14586,-6.225586e-01
14587,-2.343750e-01
14588,4.003906e-01
14589,-1.308594e+00
14590,1.433105e+00
14591,-2.136230e+00
14592,2.182617e+00
14593,-2.946777e+00
14594,2.937012e+00
14595,-3.544922e+00
14596,3.454590e+00
14597,-3.950195e+00
14598,3.723145e+00
14599,-4.138184e+00
14600,3.757324e+00
14601,-3.994141e+00
14602,3.535156e+00
14603,-3.662109e+00
14604,3.137207e+00
14605,-3.142090e+00
14606,2.475586e+00
14607,-2.421875e+00
14608,1.577148e+00
14609,-1.477051e+00
14610,7.226562e-01
14611,-5.590820e-01
14612,-2.392578e-01
14613,4.077148e-01
14614,-1.240234e+00
14615,1.367188e+00
14616,-2.189941e+00
14617,2.219238e+00
14618,-2.917480e+00
14619,2.910156e+00
14620,-3.557129e+00
14621,3.405762e+00
14622,-3.920898e+00
14623,3.732910e+00
14624,-4.138184e+00
14625,3.774414e+00
14626,-4.013672e+00
14627,3.520508e+00
14628,-3.676758e+00
14629,3.159180e+00
14630,-3.144531e+00
14631,2.441406e+00
14632,-2.414551e+00
14633,1.638184e+00
14634,-1.499023e+00
14635,6.933594e-01
14636,-5.957031e-01
14637,-2.221680e-01
14638,4.370117e-01
14639,-1.269531e+00
14640,1.364746e+00
14641,-2.119141e+00
14642,2.246094e+00
14643,-2.937012e+00
14644,2.919922e+00
14645,-3.527832e+00
14646,3.452148e+00
14647,-3.923340e+00
14648,3.708496e+00
14649,-4.069824e+00
14650,3.769531e+00
14651,-3.991699e+00
14652,3.588867e+00
14653,-3.688965e+00
14654,3.137207e+00
14655,-3.110352e+00
14656,2.424316e+00
14657,-2.358398e+00
14658,1.689453e+00
14659,-1.506348e+00
14660,7.153320e-01
14661,-5.883789e-01
14662,-2.807617e-01
14663,4.663086e-01
14664,-1.247559e+00
14665,1.394043e+00
14666,-2.082520e+00
14667,2.207031e+00
14668,-2.932129e+00
14669,2.912598e+00
14670,-3.574219e+00
14671,3.452148e+00
14672,-3.923340e+00
14673,3.732910e+00
14674,-4.101562e+00
14675,3.754883e+00
14676,-3.972168e+00
14677,3.583984e+00
14678,-3.703613e+00
14679,3.122559e+00
14680,-3.178711e+00
14681,2.490234e+00
14682,-2.373047e+00
14683,1.660156e+00
14684,-1.503906e+00
14685,7.177734e-01
14686,-5.615234e-01
14687,-2.221680e-01
14688,4.003906e-01
14689,-1.257324e+00
14690,1.386719e+00
14691,-2.192383e+00
14692,2.226562e+00
14693,-2.883301e+00
14694,2.910156e+00
14695,-3.500977e+00
14696,3.444824e+00
14697,-3.972168e+00
14698,3.691406e+00
14699,-4.096680e+00
14700,3.737793e+00
14701,-3.967285e+00
14702,3.566895e+00
14703,-3.728027e+00
14704,3.132324e+00
14705,-3.144531e+00
14706,2.480469e+00
14707,-2.397461e+00
14708,1.687012e+00
14709,-1.555176e+00
14710,7.373047e-01
14711,-5.541992e-01
14712,-3.076172e-01
14713,4.174805e-01
14714,-1.230469e+00
14715,1.313477e+00
14716,-2.185059e+00
14717,2.209473e+00
14718,-2.951660e+00
14719,2.893066e+00
14720,-3.500977e+00
14721,3.388672e+00
14722,-3.969727e+00
14723,3.784180e+00
14724,-4.094238e+00
14725,3.750000e+00
14726,-4.016113e+00
14727,3.525391e+00
14728,-3.664551e+00
14729,3.139648e+00
14730,-3.154297e+00
14731,2.482910e+00
14732,-2.441406e+00
14733,1.621094e+00
14734,-1.525879e+00
14735,8.081055e-01
14736,-5.273438e-01
14737,-2.954102e-01
14738,4.467773e-01
14739,-1.257324e+00
14740,1.379395e+00
14741,-2.104492e+00
14742,2.226562e+00
14743,-2.976074e+00
14744,2.902832e+00
14745,-3.505859e+00
14746,3.430176e+00
14747,-3.947754e+00
14748,3.730469e+00
14749,-4.069824e+00
14750,3.735352e+00
14751,-4.028320e+00
14752,3.498535e+00
14753,-3.713379e+00
14754,3.134766e+00
14755,-3.195801e+00
14756,2.431641e+00
14757,-2.399902e+00
14758,1.718750e+00
14759,-1.503906e+00
14760,7.397461e-01
14761,-5.737305e-01
14762,-2.465820e-01
14763,4.150391e-01
14764,-1.245117e+00
14765,1.313477e+00
14766,-2.102051e+00
14767,2.231445e+00
14768,-2.910156e+00
14769,2.907715e+00
14770,-3.520508e+00
14771,3.386230e+00
14772,-3.964844e+00
14773,3.735352e+00
14774,-4.084473e+00
14775,3.750000e+00
14776,-4.001465e+00
14777,3.552246e+00
14778,-3.710938e+00
14779,3.090820e+00
14780,-3.105469e+00
14781,2.458496e+00
14782,-2.397461e+00
14783,1.672363e+00
14784,-1.518555e+00
14785,7.568359e-01
14786,-5.664062e-01
14787,-2.221680e-01
14788,4.101562e-01
14789,-1.240234e+00
14790,1.362305e+00
14791,-2.121582e+00
14792,2.224121e+00
14793,-2.873535e+00
14794,2.900391e+00
14795,-3.527832e+00
14796,3.435059e+00
14797,-3.952637e+00
14798,3.728027e+00
14799,-4.072266e+00
14800,3.728027e+00
14801,-4.001465e+00
14802,3.598633e+00
14803,-3.737793e+00
14804,3.105469e+00
14805,-3.110352e+00
14806,2.492676e+00
14807,-2.382812e+00
14808,1.655273e+00
14809,-1.538086e+00
14810,7.153320e-01
14811,-5.761719e-01
14812,-2.587891e-01
14813,4.199219e-01
14814,-1.198730e+00
14815,1.323242e+00
14816,-2.136230e+00
14817,2.204590e+00
14818,-2.871094e+00
14819,2.910156e+00
14820,-3.505859e+00
14821,3.481445e+00
14822,-3.898926e+00
14823,3.740234e+00
14824,-4.108887e+00
14825,3.774414e+00
14826,-4.028320e+00
14827,3.525391e+00
14828,-3.688965e+00
14829,3.100586e+00
14830,-3.161621e+00
14831,2.480469e+00
14832,-2.431641e+00
14833,1.689453e+00
14834,-1.508789e+00
14835,7.666016e-01
14836,-5.834961e-01
14837,-2.612305e-01
14838,4.296875e-01
14839,-1.223145e+00
14840,1.367188e+00
14841,-2.099609e+00
14842,2.226562e+00
14843,-2.915039e+00
14844,2.873535e+00
14845,-3.508301e+00
14846,3.457031e+00
14847,-3.911133e+00
14848,3.703613e+00
14849,-4.094238e+00
14850,3.801270e+00
14851,-3.994141e+00
14852,3.542480e+00
14853,-3.740234e+00
14854,3.149414e+00
14855,-3.186035e+00
14856,2.441406e+00
14857,-2.395020e+00
14858,1.665039e+00
14859,-1.552734e+00
14860,7.421875e-01
14861,-5.664062e-01
14862,-2.832031e-01
14863,3.979492e-01
14864,-1.191406e+00
14865,1.337891e+00
14866,-2.094727e+00
14867,2.219238e+00
14868,-2.917480e+00
14869,2.919922e+00
14870,-3.522949e+00
14871,3.413086e+00
14872,-3.947754e+00
14873,3.735352e+00
14874,-4.055176e+00
14875,3.742676e+00
14876,-4.030762e+00
14877,3.579102e+00
14878,-3.681641e+00
14879,3.125000e+00
14880,-3.178711e+00
14881,2.490234e+00
14882,-2.412109e+00
14883,1.655273e+00
14884,-1.511230e+00
14885,7.885742e-01
14886,-5.761719e-01
14887,-2.905273e-01
14888,4.003906e-01
14889,-1.269531e+00
14890,1.357422e+00
14891,-2.189941e+00
14892,2.219238e+00
14893,-2.880859e+00
14894,2.893066e+00
14895,-3.496094e+00
14896,3.415527e+00
14897,-3.942871e+00
14898,3.713379e+00
14899,-4.069824e+00
14900,3.803711e+00
14901,-4.018555e+00
14902,3.562012e+00
14903,-3.671875e+00
14904,3.103027e+00
14905,-3.176270e+00
14906,2.514648e+00
14907,-2.441406e+00
14908,1.647949e+00
14909,-1.459961e+00
14910,7.373047e-01
14911,-6.298828e-01
14912,-2.880859e-01
14913,3.735352e-01
14914,-1.193848e+00
14915,1.364746e+00
14916,-2.145996e+00
14917,2.167969e+00
14918,-2.934570e+00
14919,2.883301e+00
14920,-3.491211e+00
14921,3.430176e+00
14922,-3.967285e+00
14923,3.752441e+00
14924,-4.089355e+00
14925,3.737793e+00
14926,-3.972168e+00
14927,3.603516e+00
14928,-3.713379e+00
14929,3.125000e+00
14930,-3.107910e+00
14931,2.500000e+00
14932,-2.451172e+00
14933,1.708984e+00
14934,-1.542969e+00
14935,7.495117e-01
14936,-6.005859e-01
14937,-2.734375e-01
14938,4.345703e-01
14939,-1.230469e+00
14940,1.320801e+00
14941,-2.087402e+00
14942,2.163086e+00
14943,-2.871094e+00
14944,2.944336e+00
14945,-3.461914e+00
14946,3.388672e+00
14947,-3.940430e+00
14948,3.728027e+00
14949,-4.118652e+00
14950,3.793945e+00
14951,-4.033203e+00
14952,3.552246e+00
14953,-3.691406e+00
14954,3.107910e+00
14955,-3.154297e+00
14956,2.480469e+00
14957,-2.412109e+00
14958,1.630859e+00
14959,-1.555176e+00
14960,7.202148e-01
14961,-6.103516e-01
14962,-2.636719e-01
14963,3.540039e-01
14964,-1.215820e+00
14965,1.374512e+00
14966,-2.128906e+00
14967,2.204590e+00
14968,-2.910156e+00
14969,2.888184e+00
14970,-3.549805e+00
14971,3.439941e+00
14972,-3.918457e+00
14973,3.676758e+00
14974,-4.082031e+00
14975,3.776855e+00
14976,-3.986816e+00
14977,3.583984e+00
14978,-3.701172e+00
14979,3.122559e+00
14980,-3.171387e+00
14981,2.492676e+00
14982,-2.451172e+00
14983,1.689453e+00
14984,-1.538086e+00
14985,7.177734e-01
14986,-5.615234e-01
14987,-2.490234e-01
14988,3.784180e-01
14989,-1.198730e+00
14990,1.347656e+00
14991,-2.119141e+00
14992,2.138672e+00
14993,-2.888184e+00
14994,2.851562e+00
14995,-3.527832e+00
14996,3.413086e+00
14997,-3.928223e+00
14998,3.669434e+00
14999,-4.074707e+00
15000,3.808594e+00
15001,-4.023438e+00
15002,3.566895e+00
15003,-3.674316e+00
15004,3.115234e+00
15005,-3.146973e+00
15006,2.492676e+00
15007,-2.395020e+00
15008,1.684570e+00
15009,-1.574707e+00
15010,7.324219e-01
15011,-6.152344e-01
15012,-1.928711e-01
15013,3.784180e-01
15014,-1.213379e+00
15015,1.335449e+00
15016,-2.106934e+00
15017,2.202148e+00
15018,-2.912598e+00
15019,2.917480e+00
15020,-3.488770e+00
15021,3.430176e+00
15022,-3.952637e+00
15023,3.723145e+00
15024,-4.069824e+00
15025,3.762207e+00
15026,-4.001465e+00
15027,3.535156e+00
15028,-3.718262e+00
15029,3.166504e+00
15030,-3.161621e+00
15031,2.453613e+00
15032,-2.443848e+00
15033,1.650391e+00
15034,-1.520996e+00
15035,7.739258e-01
15036,-5.883789e-01
15037,-2.172852e-01
15038,3.833008e-01
15039,-1.218262e+00
15040,1.335449e+00
15041,-2.124023e+00
15042,2.209473e+00
15043,-2.863770e+00
15044,2.961426e+00
15045,-3.513184e+00
15046,3.395996e+00
15047,-3.898926e+00
15048,3.789062e+00
15049,-4.086914e+00
15050,3.767090e+00
15051,-3.996582e+00
15052,3.569336e+00
15053,-3.684082e+00
15054,3.149414e+00
15055,-3.176270e+00
15056,2.495117e+00
15057,-2.402344e+00
15058,1.696777e+00
15059,-1.589355e+00
15060,7.324219e-01
15061,-6.079102e-01
15062,-2.392578e-01
15063,3.540039e-01
15064,-1.203613e+00
15065,1.364746e+00
15066,-2.141113e+00
15067,2.177734e+00
15068,-2.907715e+00
15069,2.873535e+00
15070,-3.466797e+00
15071,3.398438e+00
15072,-3.918457e+00
15073,3.725586e+00
15074,-4.135742e+00
15075,3.764648e+00
15076,-4.040527e+00
15077,3.564453e+00
15078,-3.740234e+00
15079,3.149414e+00
15080,-3.112793e+00
15081,2.526855e+00
15082,-2.392578e+00
15083,1.677246e+00
15084,-1.530762e+00
15085,7.373047e-01
15086,-5.981445e-01
15087,-1.562500e-01
15088,4.272461e-01
15089,-1.223145e+00
15090,1.328125e+00
15091,-2.124023e+00
15092,2.182617e+00
15093,-2.873535e+00
15094,2.858887e+00
15095,-3.483887e+00
15096,3.432617e+00
15097,-3.937988e+00
15098,3.710938e+00
15099,-4.079590e+00
15100,3.725586e+00
15101,-4.064941e+00
15102,3.581543e+00
15103,-3.742676e+00
15104,3.105469e+00
15105,-3.146973e+00
15106,2.519531e+00
15107,-2.419434e+00
15108,1.672363e+00
15109,-1.560059e+00
15110,7.421875e-01
15111,-5.957031e-01
15112,-2.465820e-01
15113,3.320312e-01
15114,-1.149902e+00
15115,1.296387e+00
15116,-2.160645e+00
15117,2.167969e+00
15118,-2.927246e+00
15119,2.915039e+00
15120,-3.527832e+00
15121,3.364258e+00
15122,-3.881836e+00
15123,3.684082e+00
15124,-4.096680e+00
15125,3.789062e+00
15126,-4.038086e+00
15127,3.562012e+00
15128,-3.732910e+00
15129,3.122559e+00
15130,-3.171387e+00
15131,2.500000e+00
15132,-2.431641e+00
15133,1.638184e+00
15134,-1.572266e+00
15135,7.690430e-01
15136,-5.859375e-01
15137,-2.392578e-01
15138,3.808594e-01
15139,-1.184082e+00
15140,1.301270e+00
15141,-2.150879e+00
15142,2.182617e+00
15143,-2.863770e+00
15144,2.890625e+00
15145,-3.520508e+00
15146,3.435059e+00
15147,-3.947754e+00
15148,3.723145e+00
15149,-4.057617e+00
15150,3.752441e+00
15151,-4.020996e+00
15152,3.566895e+00
15153,-3.696289e+00
15154,3.168945e+00
15155,-3.137207e+00
15156,2.504883e+00
15157,-2.434082e+00
15158,1.699219e+00
15159,-1.569824e+00
15160,7.885742e-01
15161,-5.981445e-01
15162,-2.734375e-01
15163,3.735352e-01
15164,-1.179199e+00
15165,1.323242e+00
15166,-2.087402e+00
15167,2.167969e+00
15168,-2.927246e+00
15169,2.924805e+00
15170,-3.510742e+00
15171,3.400879e+00
15172,-3.911133e+00
15173,3.696289e+00
15174,-4.074707e+00
15175,3.742676e+00
15176,-4.050293e+00
15177,3.532715e+00
15178,-3.708496e+00
15179,3.139648e+00
15180,-3.146973e+00
15181,2.504883e+00
15182,-2.453613e+00
15183,1.674805e+00
15184,-1.538086e+00
15185,8.129883e-01
15186,-6.347656e-01
15187,-2.343750e-01
15188,4.272461e-01
15189,-1.225586e+00
15190,1.284180e+00
15191,-2.104492e+00
15192,2.192383e+00
15193,-2.917480e+00
15194,2.854004e+00
15195,-3.474121e+00
15196,3.459473e+00
15197,-3.911133e+00
15198,3.708496e+00
15199,-4.069824e+00
15200,3.757324e+00
15201,-4.033203e+00
15202,3.562012e+00
15203,-3.676758e+00
15204,3.103027e+00
15205,-3.183594e+00
15206,2.500000e+00
15207,-2.431641e+00
15208,1.621094e+00
15209,-1.569824e+00
15210,7.617188e-01
15211,-6.127930e-01
15212,-1.782227e-01
15213,3.491211e-01
15214,-1.210938e+00
15215,1.311035e+00
15216,-2.084961e+00
15217,2.170410e+00
15218,-2.905273e+00
15219,2.907715e+00
15220,-3.479004e+00
15221,3.381348e+00
15222,-3.989258e+00
15223,3.693848e+00
15224,-4.033203e+00
15225,3.764648e+00
15226,-4.030762e+00
15227,3.559570e+00
15228,-3.720703e+00
15229,3.181152e+00
15230,-3.183594e+00
15231,2.473145e+00
15232,-2.419434e+00
15233,1.689453e+00
15234,-1.555176e+00
15235,7.788086e-01
15236,-6.225586e-01
15237,-2.075195e-01
15238,3.540039e-01
15239,-1.193848e+00
15240,1.364746e+00
15241,-2.121582e+00
15242,2.128906e+00
15243,-2.917480e+00
15244,2.873535e+00
15245,-3.486328e+00
15246,3.444824e+00
15247,-3.923340e+00
15248,3.708496e+00
15249,-4.084473e+00
15250,3.781738e+00
15251,-4.025879e+00
15252,3.596191e+00
15253,-3.696289e+00
15254,3.112793e+00
15255,-3.181152e+00
15256,2.495117e+00
15257,-2.392578e+00
15258,1.665039e+00
15259,-1.606445e+00
15260,7.421875e-01
15261,-6.250000e-01
15262,-2.221680e-01
15263,3.369141e-01
15264,-1.196289e+00
15265,1.323242e+00
15266,-2.109375e+00
15267,2.170410e+00
15268,-2.871094e+00
15269,2.866211e+00
15270,-3.491211e+00
15271,3.398438e+00
15272,-3.933105e+00
15273,3.681641e+00
15274,-4.084473e+00
15275,3.759766e+00
15276,-4.013672e+00
15277,3.588867e+00
15278,-3.725586e+00
15279,3.134766e+00
15280,-3.161621e+00
15281,2.495117e+00
15282,-2.443848e+00
15283,1.669922e+00
15284,-1.552734e+00
15285,7.836914e-01
15286,-6.396484e-01
15287,-1.806641e-01
15288,4.077148e-01
15289,-1.193848e+00
15290,1.328125e+00
15291,-2.058105e+00
15292,2.185059e+00
15293,-2.888184e+00
15294,2.885742e+00
15295,-3.479004e+00
15296,3.410645e+00
15297,-3.906250e+00
15298,3.725586e+00
15299,-4.091797e+00
15300,3.725586e+00
15301,-4.023438e+00
15302,3.583984e+00
15303,-3.774414e+00
15304,3.117676e+00
15305,-3.178711e+00
15306,2.512207e+00
15307,-2.441406e+00
15308,1.696777e+00
15309,-1.577148e+00
15310,7.348633e-01
15311,-6.103516e-01
15312,-2.490234e-01
15313,4.077148e-01
15314,-1.176758e+00
15315,1.313477e+00
15316,-2.114258e+00
15317,2.185059e+00
15318,-2.932129e+00
15319,2.832031e+00
15320,-3.520508e+00
15321,3.417969e+00
15322,-3.872070e+00
15323,3.693848e+00
15324,-4.101562e+00
15325,3.754883e+00
15326,-4.001465e+00
15327,3.549805e+00
15328,-3.691406e+00
15329,3.161621e+00
15330,-3.193359e+00
15331,2.495117e+00
15332,-2.443848e+00
15333,1.696777e+00
15334,-1.577148e+00
15335,7.690430e-01
15336,-5.712891e-01
15337,-1.733398e-01
15338,3.637695e-01
15339,-1.201172e+00
15340,1.311035e+00
15341,-2.111816e+00
15342,2.163086e+00
15343,-2.873535e+00
15344,2.905273e+00
15345,-3.491211e+00
15346,3.359375e+00
15347,-3.942871e+00
15348,3.774414e+00
15349,-4.074707e+00
15350,3.774414e+00
15351,-4.028320e+00
15352,3.552246e+00
15353,-3.684082e+00
15354,3.142090e+00
15355,-3.176270e+00
15356,2.529297e+00
15357,-2.424316e+00
15358,1.723633e+00
15359,-1.596680e+00
15360,7.641602e-01
15361,-5.834961e-01
15362,-2.587891e-01
15363,3.662109e-01
15364,-1.174316e+00
15365,1.333008e+00
15366,-2.150879e+00
15367,2.189941e+00
15368,-2.878418e+00
15369,2.863770e+00
15370,-3.515625e+00
15371,3.366699e+00
15372,-3.933105e+00
15373,3.708496e+00
15374,-4.084473e+00
15375,3.759766e+00
15376,-4.055176e+00
15377,3.591309e+00
15378,-3.708496e+00
15379,3.195801e+00
15380,-3.181152e+00
15381,2.524414e+00
15382,-2.409668e+00
15383,1.643066e+00
15384,-1.540527e+00
15385,7.861328e-01
15386,-6.396484e-01
15387,-2.124023e-01
15388,3.417969e-01
15389,-1.181641e+00
15390,1.323242e+00
15391,-2.116699e+00
15392,2.150879e+00
15393,-2.871094e+00
15394,2.900391e+00
15395,-3.520508e+00
15396,3.432617e+00
15397,-3.925781e+00
15398,3.684082e+00
15399,-4.084473e+00
15400,3.740234e+00
15401,-4.008789e+00
15402,3.588867e+00
15403,-3.703613e+00
15404,3.142090e+00
15405,-3.178711e+00
15406,2.534180e+00
15407,-2.492676e+00
15408,1.677246e+00
15409,-1.545410e+00
15410,7.568359e-01
15411,-6.347656e-01
15412,-1.806641e-01
15413,3.686523e-01
15414,-1.230469e+00
15415,1.259766e+00
15416,-2.072754e+00
15417,2.124023e+00
15418,-2.961426e+00
15419,2.873535e+00
15420,-3.486328e+00
15421,3.386230e+00
15422,-3.916016e+00
15423,3.718262e+00
15424,-4.121094e+00
15425,3.757324e+00
15426,-4.020996e+00
15427,3.559570e+00
15428,-3.691406e+00
15429,3.159180e+00
15430,-3.161621e+00
15431,2.509766e+00
15432,-2.478027e+00
15433,1.687012e+00
15434,-1.572266e+00
15435,7.641602e-01
15436,-6.396484e-01
15437,-1.708984e-01
15438,4.174805e-01
15439,-1.198730e+00
15440,1.315918e+00
15441,-2.092285e+00
15442,2.116699e+00
15443,-2.861328e+00
15444,2.861328e+00
15445,-3.493652e+00
15446,3.408203e+00
15447,-3.962402e+00
15448,3.681641e+00
15449,-4.074707e+00
15450,3.767090e+00
15451,-4.074707e+00
15452,3.542480e+00
15453,-3.745117e+00
15454,3.125000e+00
15455,-3.171387e+00
15456,2.551270e+00
15457,-2.497559e+00
15458,1.687012e+00
15459,-1.547852e+00
15460,7.104492e-01
15461,-6.347656e-01
15462,-2.124023e-01
15463,3.491211e-01
15464,-1.174316e+00
15465,1.250000e+00
15466,-2.072754e+00
15467,2.145996e+00
15468,-2.888184e+00
15469,2.854004e+00
15470,-3.508301e+00
15471,3.449707e+00
15472,-3.896484e+00
15473,3.706055e+00
15474,-4.135742e+00
15475,3.767090e+00
15476,-3.984375e+00
15477,3.549805e+00
15478,-3.725586e+00
15479,3.159180e+00
15480,-3.154297e+00
15481,2.519531e+00
15482,-2.509766e+00
15483,1.728516e+00
15484,-1.552734e+00
15485,8.007812e-01
15486,-6.054688e-01
15487,-1.782227e-01
15488,3.564453e-01
15489,-1.176758e+00
15490,1.306152e+00
15491,-2.077637e+00
15492,2.165527e+00
15493,-2.856445e+00
15494,2.851562e+00
15495,-3.449707e+00
15496,3.422852e+00
15497,-3.940430e+00
15498,3.674316e+00
15499,-4.089355e+00
15500,3.732910e+00
15501,-4.077148e+00
15502,3.596191e+00
15503,-3.676758e+00
15504,3.120117e+00
15505,-3.146973e+00
15506,2.526855e+00
15507,-2.456055e+00
15508,1.677246e+00
15509,-1.618652e+00
15510,8.007812e-01
15511,-6.542969e-01
15512,-1.708984e-01
15513,3.759766e-01
15514,-1.218262e+00
15515,1.252441e+00
15516,-2.084961e+00
15517,2.153320e+00
15518,-2.822266e+00
15519,2.846680e+00
15520,-3.503418e+00
15521,3.415527e+00
15522,-3.898926e+00
15523,3.693848e+00
15524,-4.106445e+00
15525,3.767090e+00
15526,-3.996582e+00
15527,3.591309e+00
15528,-3.718262e+00
15529,3.139648e+00
15530,-3.208008e+00
15531,2.548828e+00
15532,-2.465820e+00
15533,1.706543e+00
15534,-1.572266e+00
15535,8.032227e-01
15536,-6.103516e-01
15537,-1.977539e-01
15538,3.222656e-01
15539,-1.127930e+00
15540,1.293945e+00
15541,-2.067871e+00
15542,2.160645e+00
15543,-2.902832e+00
15544,2.839355e+00
15545,-3.483887e+00
15546,3.400879e+00
15547,-3.930664e+00
15548,3.730469e+00
15549,-4.067383e+00
15550,3.723145e+00
15551,-4.030762e+00
15552,3.603516e+00
15553,-3.706055e+00
15554,3.161621e+00
15555,-3.217773e+00
15556,2.543945e+00
15557,-2.429199e+00
15558,1.689453e+00
15559,-1.604004e+00
15560,7.641602e-01
15561,-6.811523e-01
15562,-2.172852e-01
15563,3.710938e-01
15564,-1.164551e+00
15565,1.279297e+00
15566,-2.062988e+00
15567,2.160645e+00
15568,-2.866211e+00
15569,2.854004e+00
15570,-3.466797e+00
15571,3.337402e+00
15572,-3.896484e+00
15573,3.686523e+00
15574,-4.074707e+00
15575,3.781738e+00
15576,-4.033203e+00
15577,3.596191e+00
15578,-3.723145e+00
15579,3.176270e+00
15580,-3.183594e+00
15581,2.517090e+00
15582,-2.480469e+00
15583,1.757812e+00
15584,-1.572266e+00
15585,8.007812e-01
15586,-6.396484e-01
15587,-1.562500e-01
15588,3.466797e-01
15589,-1.162109e+00
15590,1.325684e+00
15591,-2.102051e+00
15592,2.172852e+00
15593,-2.846680e+00
15594,2.832031e+00
15595,-3.474121e+00
15596,3.410645e+00
15597,-3.942871e+00
15598,3.745117e+00
15599,-4.074707e+00
15600,3.759766e+00
15601,-4.016113e+00
15602,3.623047e+00
15603,-3.757324e+00
15604,3.176270e+00
15605,-3.171387e+00
15606,2.482910e+00
15607,-2.495117e+00
15608,1.733398e+00
15609,-1.574707e+00
15610,7.836914e-01
15611,-6.372070e-01
15612,-1.391602e-01
15613,3.076172e-01
15614,-1.145020e+00
15615,1.293945e+00
15616,-2.050781e+00
15617,2.133789e+00
15618,-2.866211e+00
15619,2.893066e+00
15620,-3.505859e+00
15621,3.405762e+00
15622,-3.906250e+00
15623,3.684082e+00
15624,-4.089355e+00
15625,3.767090e+00
15626,-4.050293e+00
15627,3.571777e+00
15628,-3.728027e+00
15629,3.151855e+00
15630,-3.161621e+00
15631,2.573242e+00
15632,-2.482910e+00
15633,1.687012e+00
15634,-1.589355e+00
15635,8.081055e-01
15636,-6.591797e-01
15637,-2.026367e-01
15638,3.833008e-01
15639,-1.132812e+00
15640,1.291504e+00
15641,-2.075195e+00
15642,2.138672e+00
15643,-2.819824e+00
15644,2.873535e+00
15645,-3.527832e+00
15646,3.374023e+00
15647,-3.933105e+00
15648,3.696289e+00
15649,-4.094238e+00
15650,3.757324e+00
15651,-4.074707e+00
15652,3.588867e+00
15653,-3.728027e+00
15654,3.166504e+00
15655,-3.183594e+00
15656,2.556152e+00
15657,-2.465820e+00
15658,1.743164e+00
15659,-1.623535e+00
15660,7.910156e-01
15661,-6.445312e-01
15662,-1.611328e-01
15663,3.784180e-01
15664,-1.171875e+00
15665,1.296387e+00
15666,-2.109375e+00
15667,2.138672e+00
15668,-2.841797e+00
15669,2.851562e+00
15670,-3.466797e+00
15671,3.395996e+00
15672,-3.886719e+00
15673,3.693848e+00
15674,-4.072266e+00
15675,3.784180e+00
15676,-4.033203e+00
15677,3.586426e+00
15678,-3.723145e+00
15679,3.193359e+00
15680,-3.171387e+00
15681,2.512207e+00
15682,-2.458496e+00
15683,1.706543e+00
15684,-1.608887e+00
15685,8.007812e-01
15686,-6.665039e-01
15687,-1.757812e-01
15688,3.857422e-01
15689,-1.184082e+00
15690,1.262207e+00
15691,-2.058105e+00
15692,2.180176e+00
15693,-2.822266e+00
15694,2.902832e+00
15695,-3.464355e+00
15696,3.371582e+00
15697,-3.896484e+00
15698,3.740234e+00
15699,-4.064941e+00
15700,3.737793e+00
15701,-4.033203e+00
15702,3.627930e+00
15703,-3.740234e+00
15704,3.164062e+00
15705,-3.186035e+00
15706,2.517090e+00
15707,-2.512207e+00
15708,1.728516e+00
15709,-1.555176e+00
15710,8.105469e-01
15711,-6.518555e-01
15712,-1.269531e-01
15713,3.906250e-01
15714,-1.184082e+00
15715,1.264648e+00
15716,-2.045898e+00
15717,2.128906e+00
15718,-2.841797e+00
15719,2.832031e+00
15720,-3.454590e+00
15721,3.383789e+00
15722,-3.920898e+00
15723,3.688965e+00
15724,-4.096680e+00
15725,3.742676e+00
15726,-4.016113e+00
15727,3.583984e+00
15728,-3.708496e+00
15729,3.156738e+00
15730,-3.212891e+00
15731,2.543945e+00
15732,-2.451172e+00
15733,1.655273e+00
15734,-1.594238e+00
15735,8.447266e-01
15736,-6.738281e-01
15737,-2.050781e-01
15738,3.247070e-01
15739,-1.162109e+00
15740,1.257324e+00
15741,-2.097168e+00
15742,2.158203e+00
15743,-2.819824e+00
15744,2.868652e+00
15745,-3.459473e+00
15746,3.356934e+00
15747,-3.930664e+00
15748,3.698730e+00
15749,-4.089355e+00
15750,3.771973e+00
15751,-4.020996e+00
15752,3.547363e+00
15753,-3.703613e+00
15754,3.173828e+00
15755,-3.200684e+00
15756,2.526855e+00
15757,-2.463379e+00
15758,1.723633e+00
15759,-1.618652e+00
15760,8.227539e-01
15761,-6.372070e-01
15762,-1.782227e-01
15763,3.491211e-01
15764,-1.130371e+00
15765,1.264648e+00
15766,-2.072754e+00
15767,2.153320e+00
15768,-2.888184e+00
15769,2.893066e+00
15770,-3.520508e+00
15771,3.349609e+00
15772,-3.874512e+00
15773,3.642578e+00
15774,-4.064941e+00
15775,3.786621e+00
15776,-4.033203e+00
15777,3.613281e+00
15778,-3.698730e+00
15779,3.193359e+00
15780,-3.212891e+00
15781,2.531738e+00
15782,-2.438965e+00
15783,1.723633e+00
15784,-1.567383e+00
15785,8.374023e-01
15786,-6.640625e-01
15787,-2.221680e-01
15788,3.344727e-01
15789,-1.132812e+00
15790,1.262207e+00
15791,-2.016602e+00
15792,2.082520e+00
15793,-2.807617e+00
15794,2.880859e+00
15795,-3.486328e+00
15796,3.435059e+00
15797,-3.889160e+00
15798,3.664551e+00
15799,-4.089355e+00
15800,3.784180e+00
15801,-4.052734e+00
15802,3.569336e+00
15803,-3.742676e+00
15804,3.173828e+00
15805,-3.178711e+00
15806,2.543945e+00
15807,-2.458496e+00
15808,1.706543e+00
15809,-1.630859e+00
15810,8.227539e-01
15811,-6.445312e-01
15812,-1.660156e-01
15813,3.222656e-01
15814,-1.120605e+00
15815,1.286621e+00
15816,-2.126465e+00
15817,2.126465e+00
15818,-2.854004e+00
15819,2.851562e+00
15820,-3.503418e+00
15821,3.371582e+00
15822,-3.896484e+00
15823,3.718262e+00
15824,-4.086914e+00
15825,3.781738e+00
15826,-3.977051e+00
15827,3.603516e+00
15828,-3.735352e+00
15829,3.195801e+00
15830,-3.190918e+00
15831,2.468262e+00
15832,-2.475586e+00
15833,1.738281e+00
15834,-1.608887e+00
15835,8.178711e-01
15836,-6.494141e-01
15837,-1.318359e-01
15838,3.588867e-01
15839,-1.147461e+00
15840,1.281738e+00
15841,-2.067871e+00
15842,2.141113e+00
15843,-2.846680e+00
15844,2.844238e+00
15845,-3.466797e+00
15846,3.398438e+00
15847,-3.937988e+00
15848,3.706055e+00
15849,-4.094238e+00
15850,3.757324e+00
15851,-3.996582e+00
15852,3.547363e+00
15853,-3.730469e+00
15854,3.159180e+00
15855,-3.225098e+00
15856,2.548828e+00
15857,-2.519531e+00
15858,1.699219e+00
15859,-1.618652e+00
15860,8.349609e-01
15861,-6.787109e-01
15862,-1.684570e-01
15863,2.905273e-01
15864,-1.186523e+00
15865,1.289062e+00
15866,-2.028809e+00
15867,2.167969e+00
15868,-2.866211e+00
15869,2.824707e+00
15870,-3.452148e+00
15871,3.403320e+00
15872,-3.913574e+00
15873,3.732910e+00
15874,-4.072266e+00
15875,3.757324e+00
15876,-4.016113e+00
15877,3.562012e+00
15878,-3.657227e+00
15879,3.205566e+00
15880,-3.193359e+00
15881,2.529297e+00
15882,-2.495117e+00
15883,1.755371e+00
15884,-1.606445e+00
15885,8.227539e-01
15886,-6.494141e-01
15887,-1.342773e-01
15888,2.929688e-01
15889,-1.164551e+00
15890,1.291504e+00
15891,-2.075195e+00
15892,2.136230e+00
15893,-2.819824e+00
15894,2.868652e+00
15895,-3.464355e+00
15896,3.378906e+00
15897,-3.879395e+00
15898,3.710938e+00
15899,-4.135742e+00
15900,3.774414e+00
15901,-4.028320e+00
15902,3.574219e+00
15903,-3.708496e+00
15904,3.166504e+00
15905,-3.232422e+00
15906,2.592773e+00
15907,-2.458496e+00
15908,1.723633e+00
15909,-1.547852e+00
15910,8.593750e-01
15911,-6.494141e-01
15912,-1.489258e-01
15913,2.783203e-01
15914,-1.105957e+00
15915,1.296387e+00
15916,-2.084961e+00
15917,2.216797e+00
15918,-2.834473e+00
15919,2.792969e+00
15920,-3.461914e+00
15921,3.447266e+00
15922,-3.874512e+00
15923,3.684082e+00
15924,-4.106445e+00
15925,3.801270e+00
15926,-4.018555e+00
15927,3.593750e+00
15928,-3.774414e+00
15929,3.168945e+00
15930,-3.212891e+00
15931,2.526855e+00
15932,-2.460938e+00
15933,1.791992e+00
15934,-1.640625e+00
15935,8.349609e-01
15936,-6.201172e-01
15937,-1.440430e-01
15938,3.076172e-01
15939,-1.127930e+00
15940,1.296387e+00
15941,-2.067871e+00
15942,2.133789e+00
15943,-2.858887e+00
15944,2.866211e+00
15945,-3.444824e+00
15946,3.413086e+00
15947,-3.913574e+00
15948,3.698730e+00
15949,-4.101562e+00
15950,3.762207e+00
15951,-4.006348e+00
15952,3.579102e+00
15953,-3.752441e+00
15954,3.183594e+00
15955,-3.217773e+00
15956,2.548828e+00
15957,-2.482910e+00
15958,1.743164e+00
15959,-1.618652e+00
15960,8.178711e-01
15961,-6.591797e-01
15962,-1.586914e-01
15963,3.198242e-01
15964,-1.169434e+00
15965,1.223145e+00
15966,-2.048340e+00
15967,2.126465e+00
15968,-2.875977e+00
15969,2.854004e+00
15970,-3.454590e+00
15971,3.437500e+00
15972,-3.925781e+00
15973,3.662109e+00
15974,-4.082031e+00
15975,3.737793e+00
15976,-3.972168e+00
15977,3.542480e+00
15978,-3.720703e+00
15979,3.195801e+00
15980,-3.251953e+00
15981,2.578125e+00
15982,-2.497559e+00
15983,1.721191e+00
15984,-1.582031e+00
15985,8.691406e-01
15986,-6.835938e-01
15987,-1.879883e-01
15988,3.271484e-01
15989,-1.093750e+00
15990,1.311035e+00
15991,-2.031250e+00
15992,2.116699e+00
15993,-2.805176e+00
15994,2.846680e+00
15995,-3.454590e+00
15996,3.398438e+00
15997,-3.913574e+00
15998,3.684082e+00
15999,-4.123535e+00
16000,3.764648e+00
16001,-4.042969e+00
16002,3.557129e+00
16003,-3.725586e+00
16004,3.144531e+00
16005,-3.215332e+00
16006,2.543945e+00
16007,-2.546387e+00
16008,1.772461e+00
16009,-1.591797e+00
16010,7.934570e-01
16011,-7.177734e-01
16012,-1.464844e-01
16013,3.295898e-01
16014,-1.162109e+00
16015,1.247559e+00
16016,-2.043457e+00
16017,2.167969e+00
16018,-2.829590e+00
16019,2.817383e+00
16020,-3.454590e+00
16021,3.364258e+00
16022,-3.891602e+00
16023,3.769531e+00
16024,-4.106445e+00
16025,3.759766e+00
16026,-4.033203e+00
16027,3.562012e+00
16028,-3.730469e+00
16029,3.146973e+00
16030,-3.237305e+00
16031,2.561035e+00
16032,-2.512207e+00
16033,1.733398e+00
16034,-1.582031e+00
16035,8.032227e-01
16036,-6.958008e-01
16037,-1.782227e-01
16038,2.929688e-01
16039,-1.149902e+00
16040,1.257324e+00
16041,-2.036133e+00
16042,2.126465e+00
16043,-2.846680e+00
16044,2.851562e+00
16045,-3.466797e+00
16046,3.364258e+00
16047,-3.942871e+00
16048,3.718262e+00
16049,-4.060059e+00
16050,3.728027e+00
16051,-4.018555e+00
16052,3.581543e+00
16053,-3.757324e+00
16054,3.183594e+00
16055,-3.212891e+00
16056,2.561035e+00
16057,-2.482910e+00
16058,1.735840e+00
16059,-1.628418e+00
16060,8.544922e-01
16061,-6.958008e-01
16062,-1.489258e-01
16063,3.100586e-01
16064,-1.147461e+00
16065,1.298828e+00
16066,-2.001953e+00
16067,2.111816e+00
16068,-2.868652e+00
16069,2.834473e+00
16070,-3.481445e+00
16071,3.415527e+00
16072,-3.928223e+00
16073,3.710938e+00
16074,-4.077148e+00
16075,3.737793e+00
16076,-4.033203e+00
16077,3.615723e+00
16078,-3.754883e+00
16079,3.164062e+00
16080,-3.198242e+00
16081,2.587891e+00
16082,-2.536621e+00
16083,1.738281e+00
16084,-1.601562e+00
16085,8.325195e-01
16086,-6.591797e-01
16087,-1.489258e-01
16088,3.466797e-01
16089,-1.108398e+00
16090,1.213379e+00
16091,-2.031250e+00
16092,2.128906e+00
16093,-2.819824e+00
16094,2.849121e+00
16095,-3.461914e+00
16096,3.383789e+00
16097,-3.864746e+00
16098,3.686523e+00
16099,-4.108887e+00
16100,3.752441e+00
16101,-3.986816e+00
16102,3.581543e+00
16103,-3.779297e+00
16104,3.220215e+00
16105,-3.164062e+00
16106,2.524414e+00
16107,-2.500000e+00
16108,1.752930e+00
16109,-1.633301e+00
16110,8.544922e-01
16111,-6.689453e-01
16112,-1.464844e-01
16113,3.393555e-01
16114,-1.132812e+00
16115,1.257324e+00
16116,-2.050781e+00
16117,2.099609e+00
16118,-2.819824e+00
16119,2.858887e+00
16120,-3.508301e+00
16121,3.371582e+00
16122,-3.906250e+00
16123,3.686523e+00
16124,-4.121094e+00
16125,3.732910e+00
16126,-4.033203e+00
16127,3.588867e+00
16128,-3.757324e+00
16129,3.176270e+00
16130,-3.208008e+00
16131,2.561035e+00
16132,-2.539062e+00
16133,1.730957e+00
16134,-1.647949e+00
16135,8.276367e-01
16136,-6.445312e-01
16137,-1.245117e-01
16138,3.051758e-01
16139,-1.110840e+00
16140,1.232910e+00
16141,-2.019043e+00
16142,2.133789e+00
16143,-2.819824e+00
16144,2.766113e+00
16145,-3.540039e+00
16146,3.383789e+00
16147,-3.913574e+00
16148,3.684082e+00
16149,-4.074707e+00
16150,3.774414e+00
16151,-3.981934e+00
16152,3.645020e+00
16153,-3.781738e+00
16154,3.151855e+00
16155,-3.215332e+00
16156,2.587891e+00
16157,-2.460938e+00
16158,1.760254e+00
16159,-1.633301e+00
16160,8.276367e-01
16161,-6.982422e-01
16162,-1.708984e-01
16163,2.929688e-01
16164,-1.130371e+00
16165,1.271973e+00
16166,-2.033691e+00
16167,2.116699e+00
16168,-2.783203e+00
16169,2.854004e+00
16170,-3.476562e+00
16171,3.369141e+00
16172,-3.896484e+00
16173,3.686523e+00
16174,-4.079590e+00
16175,3.774414e+00
16176,-4.011230e+00
16177,3.581543e+00
16178,-3.735352e+00
16179,3.210449e+00
16180,-3.244629e+00
16181,2.558594e+00
16182,-2.509766e+00
16183,1.740723e+00
16184,-1.589355e+00
16185,8.764648e-01
16186,-6.713867e-01
16187,-1.708984e-01
16188,2.539062e-01
16189,-1.120605e+00
16190,1.210938e+00
16191,-2.048340e+00
16192,2.119141e+00
16193,-2.807617e+00
16194,2.861328e+00
16195,-3.481445e+00
16196,3.369141e+00
16197,-3.830566e+00
16198,3.737793e+00
16199,-4.111328e+00
16200,3.740234e+00
16201,-4.033203e+00
16202,3.605957e+00
16203,-3.701172e+00
16204,3.149414e+00
16205,-3.229980e+00
16206,2.607422e+00
16207,-2.558594e+00
16208,1.699219e+00
16209,-1.621094e+00
16210,8.569336e-01
16211,-6.542969e-01
16212,-1.684570e-01
16213,3.222656e-01
16214,-1.123047e+00
16215,1.208496e+00
16216,-1.994629e+00
16217,2.175293e+00
16218,-2.839355e+00
16219,2.836914e+00
16220,-3.435059e+00
16221,3.371582e+00
16222,-3.864746e+00
16223,3.679199e+00
16224,-4.074707e+00
16225,3.774414e+00
16226,-4.047852e+00
16227,3.637695e+00
16228,-3.725586e+00
16229,3.161621e+00
16230,-3.198242e+00
16231,2.543945e+00
16232,-2.482910e+00
16233,1.777344e+00
16234,-1.674805e+00
16235,8.105469e-01
16236,-6.567383e-01
16237,-1.342773e-01
16238,3.247070e-01
16239,-1.113281e+00
16240,1.245117e+00
16241,-2.050781e+00
16242,2.119141e+00
16243,-2.819824e+00
16244,2.814941e+00
16245,-3.457031e+00
16246,3.376465e+00
16247,-3.879395e+00
16248,3.688965e+00
16249,-4.123535e+00
16250,3.754883e+00
16251,-4.023438e+00
16252,3.630371e+00
16253,-3.742676e+00
16254,3.164062e+00
16255,-3.227539e+00
16256,2.531738e+00
16257,-2.507324e+00
16258,1.779785e+00
16259,-1.662598e+00
16260,8.398438e-01
16261,-6.640625e-01
16262,-1.074219e-01
16263,2.905273e-01
16264,-1.118164e+00
16265,1.230469e+00
16266,-2.060547e+00
16267,2.106934e+00
16268,-2.854004e+00
16269,2.836914e+00
16270,-3.432617e+00
16271,3.381348e+00
16272,-3.896484e+00
16273,3.676758e+00
16274,-4.047852e+00
16275,3.791504e+00
16276,-4.006348e+00
16277,3.596191e+00
16278,-3.752441e+00
16279,3.176270e+00
16280,-3.264160e+00
16281,2.597656e+00
16282,-2.514648e+00
16283,1.748047e+00
16284,-1.618652e+00
16285,8.129883e-01
16286,-7.104492e-01
16287,-1.123047e-01
16288,3.002930e-01
16289,-1.123047e+00
16290,1.210938e+00
16291,-1.984863e+00
16292,2.097168e+00
16293,-2.839355e+00
16294,2.866211e+00
16295,-3.466797e+00
16296,3.364258e+00
16297,-3.862305e+00
16298,3.652344e+00
16299,-4.118652e+00
16300,3.696289e+00
16301,-4.045410e+00
16302,3.613281e+00
16303,-3.776855e+00
16304,3.217773e+00
16305,-3.205566e+00
16306,2.539062e+00
16307,-2.495117e+00
16308,1.791992e+00
16309,-1.689453e+00
16310,8.154297e-01
16311,-7.177734e-01
16312,-1.025391e-01
16313,3.295898e-01
16314,-1.147461e+00
16315,1.250000e+00
16316,-1.987305e+00
16317,2.062988e+00
16318,-2.824707e+00
16319,2.827148e+00
16320,-3.503418e+00
16321,3.359375e+00
16322,-3.874512e+00
16323,3.686523e+00
16324,-4.072266e+00
16325,3.750000e+00
16326,-4.030762e+00
16327,3.618164e+00
16328,-3.698730e+00
16329,3.142090e+00
16330,-3.281250e+00
16331,2.604980e+00
16332,-2.500000e+00
16333,1.728516e+00
16334,-1.657715e+00
16335,8.544922e-01
16336,-6.494141e-01
16337,-1.489258e-01
16338,2.221680e-01
16339,-1.052246e+00
16340,1.296387e+00
16341,-2.050781e+00
16342,2.116699e+00
16343,-2.810059e+00
16344,2.805176e+00
16345,-3.420410e+00
16346,3.381348e+00
16347,-3.898926e+00
16348,3.666992e+00
16349,-4.086914e+00
16350,3.789062e+00
16351,-4.040527e+00
16352,3.598633e+00
16353,-3.796387e+00
16354,3.198242e+00
16355,-3.237305e+00
16356,2.561035e+00
16357,-2.478027e+00
16358,1.748047e+00
16359,-1.657715e+00
16360,9.033203e-01
16361,-7.202148e-01
16362,-1.538086e-01
16363,3.051758e-01
16364,-1.108398e+00
16365,1.225586e+00
16366,-2.067871e+00
16367,2.075195e+00
16368,-2.790527e+00
16369,2.814941e+00
16370,-3.427734e+00
16371,3.374023e+00
16372,-3.901367e+00
16373,3.706055e+00
16374,-4.104004e+00
16375,3.771973e+00
16376,-4.040527e+00
16377,3.586426e+00
16378,-3.752441e+00
16379,3.212891e+00
16380,-3.247070e+00
16381,2.563477e+00
16382,-2.514648e+00
16383,1.762695e+00
