0,2.954102e-02
1,-6.030273e-02
2,6.250000e-02
3,-9.350586e-02
4,9.521484e-02
5,-1.240234e-01
6,1.214600e-01
7,-1.448975e-01
8,1.372070e-01
9,-1.561279e-01
10,1.459961e-01
11,-1.623535e-01
12,1.456299e-01
13,-1.536865e-01
14,1.350098e-01
15,-1.390381e-01
16,1.154785e-01
17,-1.158447e-01
18,8.642578e-02
19,-8.288574e-02
20,5.261230e-02
21,-5.053711e-02
22,1.647949e-02
23,-9.521484e-03
24,-2.160645e-02
25,2.905273e-02
26,-6.005859e-02
27,6.286621e-02
28,-9.313965e-02
29,9.631348e-02
30,-1.230469e-01
31,1.212158e-01
32,-1.424561e-01
33,1.392822e-01
34,-1.575928e-01
35,1.477051e-01
36,-1.606445e-01
37,1.456299e-01
38,-1.539307e-01
39,1.379395e-01
40,-1.398926e-01
41,1.141357e-01
42,-1.143799e-01
43,8.703613e-02
44,-8.386230e-02
45,5.432129e-02
46,-5.017090e-02
47,1.794434e-02
48,1.434326e-01
49,-1.547852e-01
50,1.315918e-01
51,-1.359863e-01
52,1.123047e-01
53,-1.108398e-01
54,7.971191e-02
55,-7.971191e-02
56,4.907227e-02
57,-4.321289e-02
58,8.911133e-03
59,-5.004883e-03
60,-2.770996e-02
61,3.247070e-02
62,-6.494141e-02
63,6.750488e-02
64,-9.851074e-02
65,1.003418e-01
66,-1.267090e-01
67,1.245117e-01
68,-1.497803e-01
69,1.390381e-01
70,-1.566162e-01
71,1.472168e-01
72,-1.628418e-01
73,1.434326e-01
74,-1.525879e-01
75,1.330566e-01
76,-1.368408e-01
77,1.125488e-01
78,-1.099854e-01
79,8.166504e-02
80,-8.032227e-02
81,4.797363e-02
82,-4.516602e-02
83,9.033203e-03
84,-5.004883e-03
85,-3.002930e-02
86,3.283691e-02
87,-6.616211e-02
88,6.970215e-02
89,-9.997559e-02
90,9.826660e-02
91,-1.271973e-01
92,1.237793e-01
93,-1.480713e-01
94,1.407471e-01
95,-1.594238e-01
96,1.477051e-01
97,-1.611328e-01
98,1.428223e-01
99,-1.538086e-01
100,1.314697e-01
101,1.252441e-01
102,-1.505127e-01
103,1.420898e-01
104,-1.606445e-01
105,1.461182e-01
106,-1.588135e-01
107,1.442871e-01
108,-1.520996e-01
109,1.311035e-01
110,-1.322021e-01
111,1.076660e-01
112,-1.071777e-01
113,7.727051e-02
114,-2.807617e-03
115,-1.708984e-03
116,-2.197266e-03
117,-2.563477e-03
118,-2.441406e-03
119,-3.662109e-03
120,-2.563477e-03
121,-1.953125e-03
122,-2.441406e-03
123,-2.807617e-03
124,-2.563477e-03
125,-2.563477e-03
126,-2.075195e-03
127,-2.319336e-03
128,-2.197266e-03
129,-3.173828e-03
130,-2.197266e-03
131,-2.441406e-03
132,-1.586914e-03
133,-2.319336e-03
134,-1.953125e-03
135,-2.929688e-03
136,-2.441406e-03
137,-1.708984e-03
138,-2.929688e-03
139,-2.563477e-03
140,-3.051758e-03
141,-1.953125e-03
142,-2.563477e-03
143,-2.563477e-03
144,-1.708984e-03
145,-2.319336e-03
146,-2.319336e-03
147,-3.173828e-03
148,-8.544922e-04
149,-2.563477e-03
150,-2.563477e-03
151,-1.464844e-03
152,-2.441406e-03
153,-2.807617e-03
154,-1.953125e-03
155,-2.075195e-03
156,-2.563477e-03
157,-2.197266e-03
158,-1.953125e-03
159,-1.586914e-03
160,-2.929688e-03
161,-2.563477e-03
162,-2.807617e-03
163,-2.807617e-03
164,-2.563477e-03
165,-2.197266e-03
166,-1.708984e-03
167,-1.708984e-03
168,-2.197266e-03
169,-2.197266e-03
170,-2.563477e-03
171,-2.319336e-03
172,-1.586914e-03
173,-2.929688e-03
174,-2.929688e-03
175,-2.441406e-03
176,-2.197266e-03
177,-2.441406e-03
178,-1.708984e-03
179,-2.441406e-03
180,-1.953125e-03
181,-1.708984e-03
182,-1.953125e-03
183,-2.807617e-03
184,-2.563477e-03
185,-3.295898e-03
186,-2.319336e-03
187,-2.441406e-03
188,-2.075195e-03
189,-2.441406e-03
190,-1.464844e-03
191,-2.075195e-03
192,-1.220703e-03
193,-1.708984e-03
194,-2.319336e-03
195,-1.586914e-03
196,-1.586914e-03
197,-1.831055e-03
198,-1.708984e-03
199,-2.075195e-03
200,-2.319336e-03
201,-1.586914e-03
202,-2.441406e-03
203,-1.708984e-03
204,-1.464844e-03
205,-2.441406e-03
206,-3.173828e-03
207,-2.563477e-03
208,-2.563477e-03
209,-1.708984e-03
210,-2.319336e-03
211,-1.342773e-03
212,-1.953125e-03
213,-2.075195e-03
214,-2.929688e-03
215,-2.075195e-03
216,-1.708984e-03
217,-2.807617e-03
218,-2.075195e-03
219,-1.342773e-03
220,-1.953125e-03
221,-2.807617e-03
222,-2.563477e-03
223,-2.441406e-03
224,-2.563477e-03
225,-1.220703e-03
226,-2.319336e-03
227,-1.953125e-03
228,-2.441406e-03
229,-2.075195e-03
230,-1.708984e-03
231,-2.563477e-03
232,-2.929688e-03
233,-2.197266e-03
234,-3.173828e-03
235,-2.563477e-03
236,-2.319336e-03
237,-2.319336e-03
238,-2.197266e-03
239,-2.807617e-03
240,-2.807617e-03
241,-1.953125e-03
242,-2.319336e-03
243,-1.708984e-03
244,-2.441406e-03
245,-2.563477e-03
246,-2.197266e-03
247,-2.319336e-03
248,-2.441406e-03
249,-2.563477e-03
250,-2.929688e-03
251,-2.075195e-03
252,-2.075195e-03
253,-2.441406e-03
254,-2.319336e-03
255,-1.586914e-03
256,-2.075195e-03
257,-2.563477e-03
258,-1.464844e-03
259,-1.708984e-03
260,-1.831055e-03
261,-2.197266e-03
262,-2.075195e-03
263,-2.563477e-03
264,-2.197266e-03
265,-8.544922e-04
266,-2.685547e-03
267,-2.319336e-03
268,-2.563477e-03
269,-2.197266e-03
270,-2.319336e-03
271,-1.708984e-03
272,-1.586914e-03
273,-1.831055e-03
274,-2.441406e-03
275,-1.708984e-03
276,-1.708984e-03
277,-7.324219e-04
278,-1.953125e-03
279,-1.953125e-03
280,-1.708984e-03
281,-3.173828e-03
282,-2.319336e-03
283,-2.319336e-03
284,-1.342773e-03
285,-1.586914e-03
286,-1.220703e-03
287,-1.342773e-03
288,-1.708984e-03
289,-1.831055e-03
290,-1.342773e-03
291,-1.953125e-03
292,-1.708984e-03
293,-2.563477e-03
294,-1.953125e-03
295,-2.319336e-03
296,-2.441406e-03
297,-1.586914e-03
298,-2.685547e-03
299,-2.441406e-03
300,-2.563477e-03
301,-1.708984e-03
302,-2.197266e-03
303,-2.563477e-03
304,-2.075195e-03
305,-1.098633e-03
306,-2.075195e-03
307,-1.953125e-03
308,-1.464844e-03
309,-3.173828e-03
310,-2.807617e-03
311,-1.953125e-03
312,-2.197266e-03
313,-2.197266e-03
314,-1.953125e-03
315,-1.708984e-03
316,-1.831055e-03
317,-2.563477e-03
318,-7.324219e-04
319,-4.882812e-04
320,-1.220703e-03
321,-1.953125e-03
322,-1.342773e-03
323,-2.075195e-03
324,-2.319336e-03
325,-4.882812e-04
326,-2.075195e-03
327,-1.708984e-03
328,-1.708984e-03
329,-1.831055e-03
330,-2.197266e-03
331,-1.220703e-03
332,-2.075195e-03
333,-2.319336e-03
334,-2.197266e-03
335,-1.098633e-03
336,-1.342773e-03
337,-1.708984e-03
338,-2.197266e-03
339,-1.708984e-03
340,-1.953125e-03
341,-1.708984e-03
342,-2.075195e-03
343,-1.586914e-03
344,-1.098633e-03
345,-2.807617e-03
346,-1.953125e-03
347,-2.441406e-04
348,-9.765625e-04
349,-1.586914e-03
350,-1.953125e-03
351,-2.319336e-03
352,-1.220703e-03
353,-2.075195e-03
354,-2.441406e-03
355,-1.586914e-03
356,-1.831055e-03
357,-2.441406e-03
358,-1.220703e-03
359,-1.708984e-03
360,-2.319336e-03
361,-1.708984e-03
362,-1.953125e-03
363,-2.075195e-03
364,-2.075195e-03
365,-2.075195e-03
366,-1.708984e-03
367,-2.441406e-03
368,-1.708984e-03
369,-2.441406e-03
370,-1.708984e-03
371,-2.075195e-03
372,-1.953125e-03
373,-1.342773e-03
374,-1.831055e-03
375,-1.708984e-03
376,-2.929688e-03
377,-2.197266e-03
378,-2.807617e-03
379,-1.953125e-03
380,-2.197266e-03
381,-2.319336e-03
382,-1.708984e-03
383,-1.953125e-03
384,-2.075195e-03
385,-2.197266e-03
386,-1.586914e-03
387,-1.464844e-03
388,-2.075195e-03
389,-1.342773e-03
390,-1.464844e-03
391,-9.765625e-04
392,-2.319336e-03
393,-2.319336e-03
394,-2.563477e-03
395,-2.075195e-03
396,-1.953125e-03
397,-1.708984e-03
398,-2.929688e-03
399,-2.563477e-03
400,-2.197266e-03
401,-1.953125e-03
402,-1.708984e-03
403,-2.563477e-03
404,-2.563477e-03
405,-8.544922e-04
406,-7.324219e-04
407,-1.342773e-03
408,-1.098633e-03
409,-2.075195e-03
410,-1.464844e-03
411,-2.685547e-03
412,-2.075195e-03
413,-3.051758e-03
414,-1.708984e-03
415,-1.708984e-03
416,-1.586914e-03
417,-2.441406e-03
418,-2.197266e-03
419,-1.342773e-03
420,-1.220703e-03
421,-1.464844e-03
422,-2.929688e-03
423,-2.929688e-03
424,-2.197266e-03
425,-1.953125e-03
426,-2.197266e-03
427,-1.708984e-03
428,-2.807617e-03
429,-2.319336e-03
430,-2.441406e-03
431,-2.319336e-03
432,-2.319336e-03
433,-1.220703e-03
434,-2.319336e-03
435,-2.563477e-03
436,-2.441406e-03
437,-1.953125e-03
438,-1.708984e-03
439,-1.708984e-03
440,-2.807617e-03
441,-2.075195e-03
442,-2.441406e-03
443,-2.563477e-03
444,-1.586914e-03
445,-1.464844e-03
446,-1.586914e-03
447,-1.953125e-03
448,-1.708984e-03
449,-1.831055e-03
450,-2.197266e-03
451,-1.098633e-03
452,-1.953125e-03
453,-2.319336e-03
454,-1.953125e-03
455,-1.464844e-03
456,-2.319336e-03
457,-1.953125e-03
458,-1.708984e-03
459,-1.220703e-03
460,-1.708984e-03
461,-1.586914e-03
462,-1.098633e-03
463,-2.929688e-03
464,-1.708984e-03
465,-1.708984e-03
466,-1.342773e-03
467,-2.685547e-03
468,-1.098633e-03
469,-2.319336e-03
470,-1.098633e-03
471,-2.197266e-03
472,-1.708984e-03
473,-2.197266e-03
474,-1.953125e-03
475,-1.342773e-03
476,-1.586914e-03
477,-1.831055e-03
478,-1.953125e-03
479,-2.563477e-03
480,-1.708984e-03
481,-1.708984e-03
482,-1.586914e-03
483,-1.831055e-03
484,-2.075195e-03
485,-2.441406e-03
486,-2.807617e-03
487,-2.563477e-03
488,-2.197266e-03
489,-1.708984e-03
490,-1.708984e-03
491,-2.319336e-03
492,-2.441406e-03
493,-2.197266e-03
494,-1.953125e-03
495,-2.197266e-03
496,-1.464844e-03
497,-1.831055e-03
498,-2.563477e-03
499,-2.319336e-03
500,-1.708984e-03
501,-9.765625e-04
502,-1.464844e-03
503,-1.953125e-03
504,-2.075195e-03
505,-1.342773e-03
506,-1.953125e-03
507,-1.342773e-03
508,-1.586914e-03
509,-1.586914e-03
510,-2.685547e-03
511,-2.075195e-03
512,-1.953125e-03
513,-1.708984e-03
514,-1.953125e-03
515,-2.075195e-03
516,-1.708984e-03
517,-2.197266e-03
518,-2.929688e-03
519,-2.319336e-03
520,-1.586914e-03
521,-1.708984e-03
522,-2.441406e-03
523,-1.953125e-03
524,-1.708984e-03
525,-2.319336e-03
526,-1.708984e-03
527,-1.708984e-03
528,-2.197266e-03
529,-2.197266e-03
530,-2.441406e-03
531,-1.586914e-03
532,-2.563477e-03
533,-3.051758e-03
534,-1.708984e-03
535,-1.464844e-03
536,-2.197266e-03
537,-2.441406e-03
538,-2.319336e-03
539,-1.342773e-03
540,-2.319336e-03
541,-2.075195e-03
542,-2.441406e-03
543,-1.708984e-03
544,-1.464844e-03
545,-2.441406e-03
546,-1.464844e-03
547,-1.953125e-03
548,-1.708984e-03
549,-2.075195e-03
550,-2.075195e-03
551,-1.953125e-03
552,-2.563477e-03
553,-1.953125e-03
554,-1.708984e-03
555,-1.464844e-03
556,-2.441406e-03
557,-2.563477e-03
558,-2.319336e-03
559,-2.197266e-03
560,-1.708984e-03
561,-1.098633e-03
562,-2.319336e-03
563,-2.807617e-03
564,-1.586914e-03
565,-2.075195e-03
566,-1.586914e-03
567,-2.197266e-03
568,-2.197266e-03
569,-1.464844e-03
570,-3.417969e-03
571,-8.544922e-04
572,-1.098633e-03
573,-1.831055e-03
574,-1.342773e-03
575,-1.831055e-03
576,-1.708984e-03
577,-1.953125e-03
578,-2.563477e-03
579,-1.464844e-03
580,-1.342773e-03
581,-2.075195e-03
582,-2.441406e-03
583,-1.953125e-03
584,-1.220703e-03
585,-1.464844e-03
586,-1.831055e-03
587,-1.464844e-03
588,-2.075195e-03
589,-1.708984e-03
590,-1.464844e-03
591,-1.708984e-03
592,-1.953125e-03
593,-1.708984e-03
594,-2.563477e-03
595,-1.708984e-03
596,-2.075195e-03
597,-1.953125e-03
598,-2.197266e-03
599,-2.563477e-03
600,-2.075195e-03
601,-1.708984e-03
602,-2.441406e-03
603,-1.586914e-03
604,-1.342773e-03
605,-2.197266e-03
606,-3.173828e-03
607,-1.953125e-03
608,-1.586914e-03
609,-2.197266e-03
610,-2.197266e-03
611,-2.441406e-03
612,-1.342773e-03
613,-1.342773e-03
614,-1.464844e-03
615,-1.831055e-03
616,-2.075195e-03
617,-3.051758e-03
618,-2.075195e-03
619,-2.319336e-03
620,-1.708984e-03
621,-2.441406e-03
622,-2.197266e-03
623,-2.319336e-03
624,-1.098633e-03
625,-1.953125e-03
626,-1.708984e-03
627,-2.685547e-03
628,-1.342773e-03
629,-2.441406e-03
630,-3.051758e-03
631,-1.098633e-03
632,-1.953125e-03
633,-3.051758e-03
634,-1.586914e-03
635,-2.685547e-03
636,-1.708984e-03
637,-1.953125e-03
638,-1.220703e-03
639,-1.953125e-03
640,-1.098633e-03
641,-1.953125e-03
642,-2.197266e-03
643,-1.586914e-03
644,-1.708984e-03
645,-1.953125e-03
646,-2.929688e-03
647,-2.563477e-03
648,-2.319336e-03
649,-1.708984e-03
650,-8.544922e-04
651,-2.075195e-03
652,-2.441406e-03
653,-1.953125e-03
654,-2.563477e-03
655,-2.197266e-03
656,-2.197266e-03
657,-2.075195e-03
658,-1.464844e-03
659,-2.563477e-03
660,-1.953125e-03
661,-2.563477e-03
662,-2.075195e-03
663,-2.807617e-03
664,-1.708984e-03
665,-2.197266e-03
666,-1.953125e-03
667,-3.417969e-03
668,-2.197266e-03
669,-1.708984e-03
670,-1.464844e-03
671,-2.319336e-03
672,-1.953125e-03
673,-1.464844e-03
674,-2.075195e-03
675,-2.441406e-03
676,-2.807617e-03
677,-2.075195e-03
678,-1.586914e-03
679,-2.441406e-03
680,-2.563477e-03
681,-2.929688e-03
682,-1.708984e-03
683,-2.441406e-03
684,-2.075195e-03
685,-1.953125e-03
686,-1.464844e-03
687,-1.464844e-03
688,-9.765625e-04
689,-1.342773e-03
690,-1.831055e-03
691,-1.708984e-03
692,-2.563477e-03
693,-1.953125e-03
694,-1.708984e-03
695,-3.295898e-03
696,-1.953125e-03
697,-2.441406e-03
698,-2.075195e-03
699,-1.586914e-03
700,-2.197266e-03
701,-1.708984e-03
702,-2.563477e-03
703,-2.197266e-03
704,-1.953125e-03
705,-1.464844e-03
706,-1.464844e-03
707,-2.685547e-03
708,-1.586914e-03
709,-2.441406e-03
710,-1.708984e-03
711,-2.075195e-03
712,-2.441406e-03
713,-1.098633e-03
714,-1.220703e-03
715,-1.464844e-03
716,-1.220703e-03
717,-1.831055e-03
718,-2.441406e-03
719,-1.953125e-03
720,-2.197266e-03
721,-2.197266e-03
722,-1.586914e-03
723,-1.220703e-03
724,-1.953125e-03
725,-1.098633e-03
726,-9.765625e-04
727,-1.464844e-03
728,-1.831055e-03
729,-1.708984e-03
730,-9.765625e-04
731,-2.807617e-03
732,-2.563477e-03
733,-1.953125e-03
734,-1.342773e-03
735,-1.708984e-03
736,-1.953125e-03
737,-2.563477e-03
738,-2.441406e-03
739,-2.197266e-03
740,-1.708984e-03
741,-1.708984e-03
742,-2.807617e-03
743,-1.464844e-03
744,-2.075195e-03
745,-2.075195e-03
746,-2.441406e-03
747,-1.342773e-03
748,-2.441406e-03
749,-1.708984e-03
750,-3.417969e-03
751,-2.075195e-03
752,-1.708984e-03
753,-2.075195e-03
754,-1.586914e-03
755,-1.464844e-03
756,-1.464844e-03
757,-3.051758e-03
758,-1.953125e-03
759,-1.586914e-03
760,-1.708984e-03
761,-1.953125e-03
762,-1.708984e-03
763,-1.953125e-03
764,-1.708984e-03
765,-1.464844e-03
766,-2.197266e-03
767,-2.441406e-03
768,-2.319336e-03
769,-3.051758e-03
770,-2.197266e-03
771,-2.441406e-03
772,-2.319336e-03
773,-1.953125e-03
774,-2.075195e-03
775,-2.319336e-03
776,-2.807617e-03
777,-1.953125e-03
778,-1.708984e-03
779,-1.953125e-03
780,-2.441406e-03
781,-2.075195e-03
782,-2.319336e-03
783,-1.953125e-03
784,-1.708984e-03
785,-1.708984e-03
786,-2.441406e-03
787,-1.708984e-03
788,-1.464844e-03
789,-8.544922e-04
790,-1.464844e-03
791,-1.953125e-03
792,-1.342773e-03
793,-1.586914e-03
794,-1.708984e-03
795,-2.075195e-03
796,-1.342773e-03
797,-2.075195e-03
798,-2.929688e-03
799,-1.953125e-03
800,-2.441406e-03
801,-1.586914e-03
802,-2.075195e-03
803,-1.342773e-03
804,-2.075195e-03
805,-3.051758e-03
806,-1.708984e-03
807,-1.708984e-03
808,-1.464844e-03
809,-1.342773e-03
810,-1.708984e-03
811,-2.929688e-03
812,-2.807617e-03
813,-1.586914e-03
814,-1.586914e-03
815,-1.953125e-03
816,-1.708984e-03
817,-1.586914e-03
818,-1.708984e-03
819,-2.075195e-03
820,-1.708984e-03
821,-1.708984e-03
822,-1.953125e-03
823,-1.708984e-03
824,-1.708984e-03
825,-2.197266e-03
826,-2.319336e-03
827,-1.708984e-03
828,-1.586914e-03
829,-1.342773e-03
830,-1.831055e-03
831,-2.807617e-03
832,-1.220703e-03
833,-2.075195e-03
834,-2.319336e-03
835,-1.708984e-03
836,-1.220703e-03
837,-1.586914e-03
838,-1.464844e-03
839,-2.319336e-03
840,-1.708984e-03
841,-1.708984e-03
842,-1.220703e-03
843,-2.197266e-03
844,-1.708984e-03
845,-1.586914e-03
846,-1.708984e-03
847,-2.319336e-03
848,-2.197266e-03
849,-2.807617e-03
850,-2.441406e-03
851,-1.220703e-03
852,-2.197266e-03
853,-2.075195e-03
854,-2.319336e-03
855,-1.342773e-03
856,-1.586914e-03
857,-1.586914e-03
858,-1.708984e-03
859,-2.441406e-03
860,-2.441406e-03
861,-1.586914e-03
862,-1.831055e-03
863,-2.441406e-03
864,-1.953125e-03
865,-2.197266e-03
866,-1.953125e-03
867,-1.708984e-03
868,-1.708984e-03
869,-1.708984e-03
870,-1.464844e-03
871,-1.586914e-03
872,-2.075195e-03
873,-1.464844e-03
874,-1.220703e-03
875,-1.586914e-03
876,-1.098633e-03
877,-1.953125e-03
878,-1.953125e-03
879,-1.953125e-03
880,-2.197266e-03
881,-2.075195e-03
882,-1.708984e-03
883,-2.197266e-03
884,-2.319336e-03
885,-2.563477e-03
886,-2.563477e-03
887,-2.197266e-03
888,-1.220703e-03
889,-1.342773e-03
890,-1.831055e-03
891,-1.342773e-03
892,-1.342773e-03
893,-2.319336e-03
894,-1.708984e-03
895,-3.173828e-03
896,-1.464844e-03
897,-1.586914e-03
898,-1.464844e-03
899,-1.586914e-03
900,-1.831055e-03
901,-1.953125e-03
902,-1.586914e-03
903,-9.765625e-04
904,-2.075195e-03
905,-2.075195e-03
906,-2.075195e-03
907,-1.708984e-03
908,-1.586914e-03
909,-1.342773e-03
910,-1.708984e-03
911,-1.708984e-03
912,-2.563477e-03
913,-1.464844e-03
914,-1.464844e-03
915,-2.197266e-03
916,-1.953125e-03
917,-1.953125e-03
918,-2.319336e-03
919,-2.197266e-03
920,-2.441406e-03
921,-2.319336e-03
922,-1.342773e-03
923,-1.953125e-03
924,-2.319336e-03
925,-1.708984e-03
926,-1.953125e-03
927,-1.342773e-03
928,-1.953125e-03
929,-1.953125e-03
930,-1.708984e-03
931,-2.563477e-03
932,-2.563477e-03
933,-1.708984e-03
934,-1.708984e-03
935,-2.319336e-03
936,-1.708984e-03
937,-2.075195e-03
938,-2.563477e-03
939,-2.441406e-03
940,-2.197266e-03
941,-1.708984e-03
942,-1.831055e-03
943,-1.708984e-03
944,-1.464844e-03
945,-2.075195e-03
946,-2.197266e-03
947,-1.953125e-03
948,-2.197266e-03
949,-1.342773e-03
950,-1.831055e-03
951,-2.319336e-03
952,-2.197266e-03
953,-2.563477e-03
954,-2.563477e-03
955,-1.708984e-03
956,-2.563477e-03
957,-2.075195e-03
958,-1.464844e-03
959,-2.197266e-03
960,-2.441406e-03
961,-2.563477e-03
962,-2.563477e-03
963,-2.197266e-03
964,-2.075195e-03
965,-1.708984e-03
966,-3.051758e-03
967,-2.441406e-03
968,-8.544922e-04
969,-1.953125e-03
970,-1.953125e-03
971,-1.586914e-03
972,-2.807617e-03
973,-2.807617e-03
974,-2.197266e-03
975,-2.563477e-03
976,-1.708984e-03
977,-1.953125e-03
978,-2.563477e-03
979,-1.953125e-03
980,-2.075195e-03
981,-2.075195e-03
982,-2.929688e-03
983,-2.929688e-03
984,-3.051758e-03
985,-2.075195e-03
986,-2.563477e-03
987,-2.319336e-03
988,-1.708984e-03
989,-2.075195e-03
990,-2.197266e-03
991,-1.708984e-03
992,-1.953125e-03
993,-2.075195e-03
994,-2.441406e-03
995,-1.708984e-03
996,-3.051758e-03
997,-2.441406e-03
998,-2.441406e-03
999,-2.075195e-03
1000,-3.051758e-03
1001,-2.319336e-03
1002,-2.441406e-03
1003,-1.953125e-03
1004,-2.563477e-03
1005,-2.319336e-03
1006,-2.563477e-03
1007,-2.441406e-03
1008,-2.197266e-03
1009,-2.441406e-03
1010,-1.342773e-03
1011,-2.441406e-03
1012,-2.441406e-03
1013,-2.807617e-03
1014,-2.563477e-03
1015,-2.197266e-03
1016,-2.197266e-03
1017,-2.075195e-03
1018,-1.708984e-03
1019,-2.563477e-03
1020,-2.441406e-03
1021,-2.563477e-03
1022,-2.319336e-03
1023,-2.563477e-03
1024,-1.953125e-03
1025,-2.563477e-03
1026,-2.563477e-03
1027,-3.417969e-03
1028,-2.075195e-03
1029,-2.929688e-03
1030,-2.197266e-03
1031,-1.953125e-03
1032,-1.953125e-03
1033,-2.441406e-03
1034,-2.807617e-03
1035,-2.563477e-03
1036,-2.563477e-03
1037,-2.075195e-03
1038,-2.441406e-03
1039,-3.051758e-03
1040,-2.441406e-03
1041,-3.051758e-03
1042,-2.929688e-03
1043,-1.586914e-03
1044,-2.807617e-03
1045,-2.441406e-03
1046,-2.441406e-03
1047,-2.563477e-03
1048,-2.929688e-03
1049,-2.441406e-03
1050,-2.075195e-03
1051,-2.563477e-03
1052,-2.319336e-03
1053,-2.441406e-03
1054,-2.075195e-03
1055,-2.075195e-03
1056,-3.417969e-03
1057,-2.197266e-03
1058,-2.563477e-03
1059,-2.441406e-03
1060,-3.051758e-03
1061,-2.441406e-03
1062,-3.417969e-03
1063,-2.563477e-03
1064,-2.807617e-03
1065,-3.417969e-03
1066,-2.929688e-03
1067,-1.342773e-03
1068,-2.807617e-03
1069,-2.441406e-03
1070,-1.708984e-03
1071,-2.441406e-03
1072,-1.708984e-03
1073,-2.319336e-03
1074,-2.807617e-03
1075,-1.220703e-03
1076,-3.295898e-03
1077,-2.441406e-03
1078,-2.807617e-03
1079,-2.441406e-03
1080,-2.441406e-03
1081,-2.563477e-03
1082,-2.807617e-03
1083,-2.075195e-03
1084,-2.563477e-03
1085,-2.075195e-03
1086,-2.075195e-03
1087,-3.295898e-03
1088,-2.197266e-03
1089,-3.417969e-03
1090,-2.197266e-03
1091,-2.929688e-03
1092,-3.295898e-03
1093,-2.563477e-03
1094,-2.929688e-03
1095,-2.075195e-03
1096,-2.929688e-03
1097,-2.319336e-03
1098,-2.807617e-03
1099,-2.563477e-03
1100,-2.197266e-03
1101,-3.295898e-03
1102,-2.807617e-03
1103,-2.441406e-03
1104,-2.197266e-03
1105,-2.197266e-03
1106,-2.807617e-03
1107,-2.197266e-03
1108,-2.441406e-03
1109,-2.197266e-03
1110,-2.929688e-03
1111,-3.295898e-03
1112,-2.319336e-03
1113,-2.075195e-03
1114,-3.051758e-03
1115,-2.807617e-03
1116,-2.929688e-03
1117,-3.173828e-03
1118,-2.929688e-03
1119,-1.953125e-03
1120,-2.563477e-03
1121,-2.197266e-03
1122,-2.929688e-03
1123,-3.417969e-03
1124,-3.417969e-03
1125,-3.051758e-03
1126,-2.807617e-03
1127,-3.417969e-03
1128,-1.586914e-03
1129,-1.953125e-03
1130,-2.197266e-03
1131,-2.563477e-03
1132,-2.563477e-03
1133,-2.929688e-03
1134,-3.173828e-03
1135,-2.441406e-03
1136,-2.075195e-03
1137,-3.051758e-03
1138,-2.807617e-03
1139,-2.563477e-03
1140,-1.708984e-03
1141,-2.075195e-03
1142,-2.929688e-03
1143,-3.051758e-03
1144,-2.319336e-03
1145,-1.953125e-03
1146,-2.807617e-03
1147,-3.173828e-03
1148,-1.708984e-03
1149,-2.563477e-03
1150,-2.929688e-03
1151,-3.173828e-03
1152,-3.173828e-03
1153,-2.929688e-03
1154,-3.051758e-03
1155,-2.441406e-03
1156,-2.929688e-03
1157,-2.319336e-03
1158,-2.563477e-03
1159,-2.441406e-03
1160,-2.563477e-03
1161,-2.441406e-03
1162,-1.708984e-03
1163,-3.540039e-03
1164,-2.319336e-03
1165,-2.563477e-03
1166,-3.417969e-03
1167,-2.563477e-03
1168,-3.417969e-03
1169,-3.295898e-03
1170,-3.295898e-03
1171,-2.563477e-03
1172,-2.197266e-03
1173,-2.807617e-03
1174,-2.563477e-03
1175,-2.563477e-03
1176,-3.051758e-03
1177,-1.953125e-03
1178,-3.295898e-03
1179,-2.075195e-03
1180,-3.295898e-03
1181,-2.441406e-03
1182,-3.051758e-03
1183,-2.441406e-03
1184,-3.051758e-03
1185,-1.708984e-03
1186,-2.441406e-03
1187,-2.563477e-03
1188,-3.173828e-03
1189,-3.784180e-03
1190,-2.441406e-03
1191,-2.563477e-03
1192,-2.807617e-03
1193,-1.708984e-03
1194,-2.319336e-03
1195,-3.295898e-03
1196,-3.051758e-03
1197,-1.586914e-03
1198,-3.051758e-03
1199,-2.807617e-03
1200,-2.319336e-03
1201,-1.586914e-03
1202,-2.563477e-03
1203,-2.563477e-03
1204,-2.075195e-03
1205,-3.051758e-03
1206,-2.807617e-03
1207,-2.075195e-03
1208,-2.929688e-03
1209,-2.563477e-03
1210,-1.953125e-03
1211,-2.563477e-03
1212,-2.563477e-03
1213,-2.563477e-03
1214,-2.563477e-03
1215,-2.319336e-03
1216,-2.319336e-03
1217,-2.929688e-03
1218,-3.295898e-03
1219,-3.295898e-03
1220,-3.417969e-03
1221,-3.173828e-03
1222,-2.563477e-03
1223,-3.295898e-03
1224,-2.441406e-03
1225,-3.295898e-03
1226,-2.319336e-03
1227,-3.173828e-03
1228,-2.563477e-03
1229,-2.441406e-03
1230,-2.563477e-03
1231,-3.173828e-03
1232,-3.051758e-03
1233,-2.563477e-03
1234,-2.563477e-03
1235,-2.929688e-03
1236,-3.173828e-03
1237,-3.295898e-03
1238,-3.173828e-03
1239,-3.051758e-03
1240,-2.563477e-03
1241,-2.563477e-03
1242,-2.807617e-03
1243,-2.441406e-03
1244,-2.563477e-03
1245,-2.807617e-03
1246,-2.319336e-03
1247,-3.173828e-03
1248,-2.319336e-03
1249,-2.807617e-03
1250,-2.929688e-03
1251,-2.807617e-03
1252,-2.807617e-03
1253,-1.708984e-03
1254,-3.417969e-03
1255,-3.295898e-03
1256,-2.563477e-03
1257,-3.784180e-03
1258,-2.929688e-03
1259,-2.929688e-03
1260,-2.197266e-03
1261,-3.051758e-03
1262,-2.929688e-03
1263,-2.929688e-03
1264,-3.051758e-03
1265,-2.563477e-03
1266,-3.662109e-03
1267,-2.563477e-03
1268,-2.319336e-03
1269,-2.319336e-03
1270,-2.563477e-03
1271,-1.953125e-03
1272,-3.051758e-03
1273,-2.563477e-03
1274,-2.441406e-03
1275,-2.075195e-03
1276,-2.929688e-03
1277,-2.929688e-03
1278,-2.563477e-03
1279,-2.319336e-03
1280,-2.563477e-03
1281,-2.807617e-03
1282,-2.807617e-03
1283,-2.807617e-03
1284,-2.563477e-03
1285,-1.953125e-03
1286,-3.295898e-03
1287,-3.295898e-03
1288,-2.197266e-03
1289,-1.464844e-03
1290,-2.563477e-03
1291,-2.563477e-03
1292,-1.708984e-03
1293,-3.051758e-03
1294,-3.051758e-03
1295,-2.319336e-03
1296,-2.807617e-03
1297,-2.807617e-03
1298,-2.563477e-03
1299,-2.929688e-03
1300,-3.295898e-03
1301,-2.807617e-03
1302,-2.807617e-03
1303,-3.295898e-03
1304,-2.563477e-03
1305,-2.563477e-03
1306,-3.051758e-03
1307,-2.563477e-03
1308,-2.075195e-03
1309,-1.953125e-03
1310,-2.441406e-03
1311,-2.197266e-03
1312,-2.563477e-03
1313,-2.563477e-03
1314,-2.319336e-03
1315,-3.051758e-03
1316,-2.441406e-03
1317,-2.319336e-03
1318,-1.953125e-03
1319,-2.197266e-03
1320,-3.417969e-03
1321,-2.685547e-03
1322,-2.563477e-03
1323,-3.173828e-03
1324,-2.563477e-03
1325,-1.342773e-03
1326,-2.197266e-03
1327,-2.075195e-03
1328,-3.051758e-03
1329,-2.319336e-03
1330,-2.197266e-03
1331,-3.295898e-03
1332,-2.563477e-03
1333,-2.563477e-03
1334,-2.563477e-03
1335,-2.441406e-03
1336,-2.929688e-03
1337,-2.807617e-03
1338,-3.417969e-03
1339,-2.563477e-03
1340,-1.708984e-03
1341,-2.197266e-03
1342,-2.563477e-03
1343,-2.319336e-03
1344,-2.441406e-03
1345,-2.807617e-03
1346,-1.953125e-03
1347,-1.708984e-03
1348,-2.197266e-03
1349,-2.441406e-03
1350,-2.563477e-03
1351,-2.319336e-03
1352,-1.953125e-03
1353,-2.563477e-03
1354,-1.342773e-03
1355,-2.319336e-03
1356,-2.563477e-03
1357,-2.441406e-03
1358,-2.563477e-03
1359,-3.662109e-03
1360,-2.563477e-03
1361,-2.197266e-03
1362,-2.929688e-03
1363,-2.319336e-03
1364,-3.417969e-03
1365,-2.197266e-03
1366,-1.708984e-03
1367,-3.173828e-03
1368,-2.441406e-03
1369,-2.563477e-03
1370,-3.051758e-03
1371,-1.708984e-03
1372,-1.708984e-03
1373,-1.831055e-03
1374,-2.807617e-03
1375,-2.319336e-03
1376,-2.319336e-03
1377,-3.051758e-03
1378,-2.563477e-03
1379,-2.441406e-03
1380,-1.708984e-03
1381,-2.807617e-03
1382,-2.563477e-03
1383,-2.197266e-03
1384,-2.197266e-03
1385,-3.051758e-03
1386,-3.051758e-03
1387,-1.708984e-03
1388,-1.831055e-03
1389,-2.441406e-03
1390,-2.563477e-03
1391,-2.563477e-03
1392,-2.563477e-03
1393,-3.051758e-03
1394,-2.807617e-03
1395,-1.708984e-03
1396,-1.953125e-03
1397,-2.563477e-03
1398,-2.563477e-03
1399,-2.807617e-03
1400,-2.319336e-03
1401,-2.563477e-03
1402,-2.319336e-03
1403,-1.586914e-03
1404,-3.173828e-03
1405,-2.563477e-03
1406,-2.563477e-03
1407,-2.563477e-03
1408,-2.929688e-03
1409,-2.563477e-03
1410,-2.441406e-03
1411,-2.929688e-03
1412,-2.075195e-03
1413,-2.075195e-03
1414,-2.441406e-03
1415,-2.563477e-03
1416,-2.441406e-03
1417,-1.708984e-03
1418,-2.563477e-03
1419,-2.441406e-03
1420,-2.563477e-03
1421,-2.563477e-03
1422,-2.563477e-03
1423,-2.319336e-03
1424,-3.173828e-03
1425,-1.953125e-03
1426,-2.563477e-03
1427,-2.807617e-03
1428,-2.563477e-03
1429,-2.807617e-03
1430,-2.319336e-03
1431,-2.563477e-03
1432,-2.075195e-03
1433,-2.197266e-03
1434,-2.929688e-03
1435,-3.051758e-03
1436,-2.563477e-03
1437,-2.807617e-03
1438,-2.197266e-03
1439,-1.708984e-03
1440,-2.197266e-03
1441,-2.807617e-03
1442,-2.563477e-03
1443,-2.075195e-03
1444,-2.563477e-03
1445,-1.708984e-03
1446,-2.441406e-03
1447,-2.929688e-03
1448,-2.563477e-03
1449,-2.319336e-03
1450,-1.708984e-03
1451,-2.319336e-03
1452,-2.197266e-03
1453,-2.563477e-03
1454,-2.319336e-03
1455,-2.197266e-03
1456,-1.708984e-03
1457,-2.075195e-03
1458,-2.807617e-03
1459,-3.051758e-03
1460,-1.464844e-03
1461,-3.295898e-03
1462,-2.319336e-03
1463,-2.319336e-03
1464,-2.563477e-03
1465,-2.807617e-03
1466,-3.173828e-03
1467,-2.441406e-03
1468,-2.197266e-03
1469,-3.417969e-03
1470,-1.708984e-03
1471,-3.173828e-03
1472,-1.708984e-03
1473,-2.441406e-03
1474,-2.807617e-03
1475,-1.708984e-03
1476,-1.708984e-03
1477,-2.197266e-03
1478,-3.662109e-03
1479,-2.563477e-03
1480,-1.708984e-03
1481,-2.929688e-03
1482,-1.220703e-03
1483,-1.953125e-03
1484,-2.441406e-03
1485,-2.563477e-03
1486,-1.586914e-03
1487,-2.441406e-03
1488,-2.197266e-03
1489,-2.929688e-03
1490,-1.708984e-03
1491,-3.173828e-03
1492,-2.563477e-03
1493,-2.929688e-03
1494,-2.319336e-03
1495,-1.098633e-03
1496,-1.708984e-03
1497,-1.953125e-03
1498,-1.708984e-03
1499,-2.441406e-03
1500,-2.319336e-03
1501,-2.441406e-03
1502,-2.563477e-03
1503,-2.807617e-03
1504,-2.197266e-03
1505,-2.197266e-03
1506,-2.563477e-03
1507,-2.197266e-03
1508,-2.441406e-03
1509,-2.929688e-03
1510,-2.441406e-03
1511,-2.807617e-03
1512,-8.544922e-04
1513,-2.807617e-03
1514,-2.319336e-03
1515,-2.075195e-03
1516,-2.929688e-03
1517,-2.563477e-03
1518,-2.319336e-03
1519,-2.197266e-03
1520,-8.544922e-04
1521,-2.807617e-03
1522,-1.464844e-03
1523,-2.441406e-03
1524,-3.295898e-03
1525,-2.563477e-03
1526,-2.563477e-03
1527,-2.319336e-03
1528,-1.464844e-03
1529,-2.929688e-03
1530,-2.807617e-03
1531,-2.563477e-03
1532,-2.197266e-03
1533,-2.319336e-03
1534,-1.586914e-03
1535,-2.075195e-03
1536,-2.807617e-03
1537,-2.807617e-03
1538,-2.197266e-03
1539,-2.075195e-03
1540,-1.586914e-03
1541,-2.441406e-03
1542,-2.563477e-03
1543,-2.319336e-03
1544,-2.563477e-03
1545,-2.075195e-03
1546,-1.953125e-03
1547,-2.319336e-03
1548,-1.708984e-03
1549,-2.563477e-03
1550,-1.342773e-03
1551,-2.441406e-03
1552,-2.807617e-03
1553,-2.197266e-03
1554,-2.807617e-03
1555,-2.319336e-03
1556,-1.586914e-03
1557,-2.197266e-03
1558,-1.708984e-03
1559,-2.319336e-03
1560,-1.708984e-03
1561,-2.441406e-03
1562,-2.441406e-03
1563,-2.807617e-03
1564,-2.929688e-03
1565,-1.464844e-03
1566,-2.319336e-03
1567,-1.708984e-03
1568,-1.464844e-03
1569,-2.929688e-03
1570,-2.563477e-03
1571,-2.807617e-03
1572,-1.708984e-03
1573,-1.708984e-03
1574,-2.807617e-03
1575,-1.464844e-03
1576,-2.319336e-03
1577,-2.075195e-03
1578,-1.953125e-03
1579,-1.708984e-03
1580,-1.464844e-03
1581,-2.807617e-03
1582,-2.075195e-03
1583,-2.319336e-03
1584,-1.708984e-03
1585,-1.342773e-03
1586,-2.075195e-03
1587,-2.563477e-03
1588,-2.563477e-03
1589,-1.342773e-03
1590,-2.075195e-03
1591,-2.807617e-03
1592,-2.319336e-03
1593,-2.563477e-03
1594,-2.197266e-03
1595,-2.929688e-03
1596,-2.319336e-03
1597,-1.953125e-03
1598,-2.197266e-03
1599,-1.953125e-03
1600,-2.563477e-03
1601,-2.319336e-03
1602,-1.708984e-03
1603,-1.708984e-03
1604,-1.831055e-03
1605,-2.075195e-03
1606,-2.075195e-03
1607,-2.563477e-03
1608,-2.563477e-03
1609,-2.441406e-03
1610,-2.563477e-03
1611,-1.708984e-03
1612,-2.441406e-03
1613,-2.197266e-03
1614,-1.586914e-03
1615,-2.197266e-03
1616,-1.708984e-03
1617,-2.319336e-03
1618,-1.586914e-03
1619,-1.098633e-03
1620,-1.098633e-03
1621,-1.953125e-03
1622,-2.807617e-03
1623,-1.586914e-03
1624,-1.464844e-03
1625,-1.464844e-03
1626,-1.953125e-03
1627,-2.319336e-03
1628,-2.807617e-03
1629,-2.563477e-03
1630,-2.563477e-03
1631,-1.708984e-03
1632,-1.953125e-03
1633,-2.563477e-03
1634,-1.953125e-03
1635,-2.319336e-03
1636,-2.197266e-03
1637,-1.708984e-03
1638,-2.929688e-03
1639,-1.708984e-03
1640,-1.953125e-03
1641,-2.319336e-03
1642,-2.075195e-03
1643,-1.708984e-03
1644,-2.441406e-03
1645,-2.441406e-03
1646,-2.563477e-03
1647,-1.708984e-03
1648,-2.319336e-03
1649,-1.220703e-03
1650,-1.586914e-03
1651,-1.953125e-03
1652,-1.953125e-03
1653,-2.563477e-03
1654,-2.441406e-03
1655,-2.441406e-03
1656,-2.807617e-03
1657,-3.173828e-03
1658,-2.197266e-03
1659,-2.075195e-03
1660,-1.586914e-03
1661,-2.197266e-03
1662,-1.708984e-03
1663,-1.098633e-03
1664,-1.831055e-03
1665,-1.586914e-03
1666,-1.220703e-03
1667,-1.831055e-03
1668,-2.929688e-03
1669,-2.075195e-03
1670,-1.708984e-03
1671,-2.197266e-03
1672,-1.708984e-03
1673,-1.831055e-03
1674,-2.197266e-03
1675,-1.953125e-03
1676,-2.197266e-03
1677,-2.563477e-03
1678,-1.464844e-03
1679,-2.685547e-03
1680,-1.708984e-03
1681,-2.197266e-03
1682,-2.929688e-03
1683,-2.075195e-03
1684,-2.197266e-03
1685,-1.708984e-03
1686,-1.708984e-03
1687,-1.586914e-03
1688,-1.831055e-03
1689,-1.953125e-03
1690,-1.708984e-03
1691,-2.075195e-03
1692,-1.708984e-03
1693,-1.708984e-03
1694,-1.953125e-03
1695,-2.319336e-03
1696,-1.708984e-03
1697,-2.197266e-03
1698,-1.098633e-03
1699,-2.075195e-03
1700,-1.708984e-03
1701,-1.098633e-03
1702,-1.342773e-03
1703,-1.953125e-03
1704,-2.563477e-03
1705,-1.708984e-03
1706,-2.807617e-03
1707,-2.197266e-03
1708,-3.173828e-03
1709,-2.441406e-03
1710,-1.708984e-03
1711,-1.831055e-03
1712,-2.319336e-03
1713,-1.708984e-03
1714,-1.831055e-03
1715,-2.197266e-03
1716,-2.319336e-03
1717,-1.953125e-03
1718,-1.586914e-03
1719,-2.319336e-03
1720,-2.563477e-03
1721,-1.708984e-03
1722,-2.075195e-03
1723,-2.563477e-03
1724,-2.807617e-03
1725,-1.708984e-03
1726,-1.708984e-03
1727,-1.953125e-03
1728,-1.708984e-03
1729,-2.929688e-03
1730,-2.807617e-03
1731,-1.464844e-03
1732,-1.708984e-03
1733,-2.319336e-03
1734,-1.464844e-03
1735,-1.464844e-03
1736,-2.075195e-03
1737,-2.075195e-03
1738,-1.464844e-03
1739,-2.197266e-03
1740,-1.708984e-03
1741,-2.441406e-03
1742,-2.197266e-03
1743,-2.563477e-03
1744,-2.563477e-03
1745,-2.197266e-03
1746,-1.953125e-03
1747,-2.563477e-03
1748,-1.708984e-03
1749,-1.586914e-03
1750,-1.586914e-03
1751,-2.319336e-03
1752,-2.319336e-03
1753,-1.708984e-03
1754,-2.319336e-03
1755,-2.319336e-03
1756,-2.319336e-03
1757,-2.563477e-03
1758,-2.563477e-03
1759,-1.464844e-03
1760,-1.098633e-03
1761,-2.075195e-03
1762,-2.319336e-03
1763,-2.197266e-03
1764,-2.929688e-03
1765,-1.586914e-03
1766,-1.464844e-03
1767,-1.464844e-03
1768,-1.708984e-03
1769,-2.319336e-03
1770,-1.708984e-03
1771,-1.708984e-03
1772,-2.441406e-03
1773,-2.807617e-03
1774,-2.075195e-03
1775,-2.929688e-03
1776,-1.708984e-03
1777,-1.708984e-03
1778,-1.464844e-03
1779,-1.220703e-03
1780,-1.586914e-03
1781,-1.953125e-03
1782,-1.464844e-03
1783,-1.831055e-03
1784,-2.197266e-03
1785,-1.586914e-03
1786,-2.807617e-03
1787,-1.342773e-03
1788,-1.342773e-03
1789,-2.075195e-03
1790,-1.953125e-03
1791,-1.586914e-03
1792,-2.441406e-03
1793,-2.319336e-03
1794,-3.051758e-03
1795,-1.953125e-03
1796,-2.197266e-03
1797,-2.807617e-03
1798,-2.807617e-03
1799,-2.075195e-03
1800,-1.708984e-03
1801,-1.953125e-03
1802,-1.953125e-03
1803,-2.563477e-03
1804,-2.197266e-03
1805,-2.319336e-03
1806,-1.708984e-03
1807,-1.464844e-03
1808,-2.197266e-03
1809,-2.319336e-03
1810,-1.708984e-03
1811,-1.831055e-03
1812,-1.953125e-03
1813,-2.563477e-03
1814,-1.953125e-03
1815,-2.563477e-03
1816,-1.586914e-03
1817,-1.342773e-03
1818,-2.075195e-03
1819,-2.319336e-03
1820,-2.075195e-03
1821,-2.807617e-03
1822,-3.051758e-03
1823,-2.563477e-03
1824,-1.708984e-03
1825,-1.708984e-03
1826,-1.586914e-03
1827,-1.464844e-03
1828,-2.319336e-03
1829,-1.586914e-03
1830,-1.586914e-03
1831,-1.831055e-03
1832,-1.342773e-03
1833,-2.319336e-03
1834,-1.708984e-03
1835,-1.953125e-03
1836,-2.075195e-03
1837,-1.220703e-03
1838,-1.708984e-03
1839,-2.319336e-03
1840,-1.586914e-03
1841,-2.197266e-03
1842,-1.586914e-03
1843,-2.075195e-03
1844,-2.319336e-03
1845,-2.075195e-03
1846,-2.807617e-03
1847,-2.075195e-03
1848,-2.441406e-03
1849,-3.173828e-03
1850,-1.953125e-03
1851,-1.708984e-03
1852,-2.441406e-03
1853,-2.441406e-03
1854,-1.342773e-03
1855,-1.831055e-03
1856,-1.708984e-03
1857,-2.075195e-03
1858,-1.586914e-03
1859,-1.708984e-03
1860,-1.708984e-03
1861,-2.685547e-03
1862,-2.197266e-03
1863,-2.441406e-03
1864,-1.342773e-03
1865,-2.441406e-03
1866,-2.441406e-03
1867,-2.075195e-03
1868,-1.708984e-03
1869,-3.173828e-03
1870,-1.342773e-03
1871,-2.075195e-03
1872,-1.464844e-03
1873,-9.765625e-04
1874,-2.075195e-03
1875,-2.075195e-03
1876,-1.708984e-03
1877,-1.586914e-03
1878,-2.319336e-03
1879,-2.441406e-03
1880,-2.075195e-03
1881,-1.098633e-03
1882,-2.563477e-03
1883,-1.953125e-03
1884,-1.464844e-03
1885,-1.586914e-03
1886,-1.586914e-03
1887,-1.342773e-03
1888,-2.319336e-03
1889,-2.075195e-03
1890,-2.075195e-03
1891,-8.544922e-04
1892,-9.765625e-04
1893,-1.831055e-03
1894,-2.807617e-03
1895,-1.708984e-03
1896,-1.708984e-03
1897,-1.708984e-03
1898,-2.075195e-03
1899,-2.197266e-03
1900,-1.708984e-03
1901,-1.831055e-03
1902,-1.708984e-03
1903,-2.319336e-03
1904,-2.197266e-03
1905,-1.953125e-03
1906,-1.464844e-03
1907,-2.075195e-03
1908,-1.708984e-03
1909,-2.319336e-03
1910,-2.197266e-03
1911,-2.075195e-03
1912,-1.953125e-03
1913,-1.708984e-03
1914,-1.953125e-03
1915,-2.075195e-03
1916,-2.441406e-03
1917,-1.708984e-03
1918,-2.563477e-03
1919,-2.075195e-03
1920,-1.464844e-03
1921,-1.831055e-03
1922,-2.563477e-03
1923,-2.075195e-03
1924,-1.586914e-03
1925,-1.586914e-03
1926,-1.342773e-03
1927,-1.708984e-03
1928,-1.831055e-03
1929,-2.319336e-03
1930,-2.197266e-03
1931,-2.319336e-03
1932,-2.197266e-03
1933,-1.953125e-03
1934,-2.197266e-03
1935,-2.197266e-03
1936,-2.319336e-03
1937,-2.319336e-03
1938,-2.563477e-03
1939,-1.953125e-03
1940,-1.953125e-03
1941,-2.319336e-03
1942,-2.197266e-03
1943,-1.342773e-03
1944,-1.220703e-03
1945,-2.319336e-03
1946,-2.441406e-03
1947,-1.708984e-03
1948,-1.586914e-03
1949,-1.953125e-03
1950,-2.441406e-03
1951,-1.464844e-03
1952,-2.197266e-03
1953,-2.075195e-03
1954,-2.197266e-03
1955,-1.098633e-03
1956,-2.319336e-03
1957,-2.075195e-03
1958,-1.464844e-03
1959,-2.075195e-03
1960,-2.197266e-03
1961,-1.464844e-03
1962,-1.586914e-03
1963,-1.708984e-03
1964,-2.319336e-03
1965,-2.563477e-03
1966,-1.586914e-03
1967,-1.464844e-03
1968,-1.464844e-03
1969,-2.441406e-03
1970,-2.441406e-03
1971,-2.441406e-03
1972,-2.075195e-03
1973,-2.197266e-03
1974,-1.708984e-03
1975,-1.586914e-03
1976,-1.953125e-03
1977,-1.708984e-03
1978,-1.953125e-03
1979,-1.586914e-03
1980,-2.441406e-03
1981,-2.075195e-03
1982,-2.319336e-03
1983,-1.586914e-03
1984,-1.831055e-03
1985,-1.708984e-03
1986,-1.586914e-03
1987,-1.464844e-03
1988,-2.319336e-03
1989,-1.342773e-03
1990,-2.075195e-03
1991,-2.807617e-03
1992,-2.441406e-03
1993,-2.319336e-03
1994,-3.295898e-03
1995,-1.586914e-03
1996,-1.953125e-03
1997,-1.464844e-03
1998,-1.708984e-03
1999,-1.464844e-03
2000,-2.685547e-03
2001,-1.586914e-03
2002,-2.319336e-03
2003,-1.464844e-03
2004,-1.586914e-03
2005,-1.220703e-03
2006,-1.953125e-03
2007,-2.563477e-03
2008,-1.220703e-03
2009,-1.708984e-03
2010,-1.953125e-03
2011,-1.708984e-03
2012,-1.586914e-03
2013,-1.953125e-03
2014,-1.220703e-03
2015,-1.831055e-03
2016,-2.197266e-03
2017,-2.075195e-03
2018,-1.708984e-03
2019,-2.075195e-03
2020,-3.051758e-03
2021,-1.708984e-03
2022,-1.708984e-03
2023,-2.197266e-03
2024,-2.075195e-03
2025,-1.586914e-03
2026,-2.075195e-03
2027,-1.708984e-03
2028,-1.953125e-03
2029,-1.953125e-03
2030,-2.075195e-03
2031,-1.708984e-03
2032,-9.765625e-04
2033,-2.441406e-03
2034,-1.953125e-03
2035,-2.319336e-03
2036,-1.708984e-03
2037,-2.441406e-03
2038,-2.563477e-03
2039,-1.220703e-04
2040,-2.441406e-03
2041,-1.586914e-03
2042,-2.075195e-03
2043,-2.197266e-03
2044,-2.807617e-03
2045,-1.953125e-03
2046,-1.342773e-03
2047,-2.197266e-03
2048,-1.953125e-03
2049,-1.708984e-03
2050,-1.708984e-03
2051,-1.831055e-03
2052,-1.586914e-03
2053,-2.685547e-03
2054,-1.464844e-03
2055,-1.831055e-03
2056,-1.953125e-03
2057,-1.953125e-03
2058,-1.464844e-03
2059,-2.075195e-03
2060,-1.953125e-03
2061,-2.075195e-03
2062,-1.953125e-03
2063,-1.708984e-03
2064,-1.342773e-03
2065,-3.051758e-03
2066,-1.708984e-03
2067,-1.586914e-03
2068,-1.220703e-03
2069,-1.953125e-03
2070,-8.544922e-04
2071,-2.075195e-03
2072,-1.098633e-03
2073,-2.075195e-03
2074,-1.953125e-03
2075,-1.464844e-03
2076,-1.953125e-03
2077,-2.807617e-03
2078,-2.197266e-03
2079,-1.953125e-03
2080,-1.098633e-03
2081,-1.953125e-03
2082,-1.708984e-03
2083,-1.220703e-03
2084,-1.586914e-03
2085,-1.831055e-03
2086,-2.563477e-03
2087,-1.708984e-03
2088,-3.173828e-03
2089,-2.319336e-03
2090,-2.075195e-03
2091,-2.197266e-03
2092,-1.708984e-03
2093,-7.324219e-04
2094,-2.197266e-03
2095,-1.586914e-03
2096,-1.953125e-03
2097,-2.807617e-03
2098,-2.441406e-03
2099,-1.953125e-03
2100,-1.708984e-03
2101,-1.342773e-03
2102,-1.586914e-03
2103,-1.464844e-03
2104,-1.586914e-03
2105,-1.953125e-03
2106,-1.342773e-03
2107,-1.831055e-03
2108,-1.953125e-03
2109,-1.708984e-03
2110,-1.220703e-03
2111,-1.342773e-03
2112,-1.220703e-03
2113,-1.831055e-03
2114,-1.464844e-03
2115,-2.441406e-03
2116,-1.098633e-03
2117,-9.765625e-04
2118,-2.563477e-03
2119,-1.708984e-03
2120,-1.342773e-03
2121,-1.586914e-03
2122,-2.441406e-03
2123,-2.319336e-03
2124,-2.929688e-03
2125,-1.586914e-03
2126,-1.098633e-03
2127,-1.098633e-03
2128,-2.319336e-03
2129,-2.807617e-03
2130,-2.319336e-03
2131,-2.075195e-03
2132,-1.953125e-03
2133,-2.563477e-03
2134,-1.953125e-03
2135,-2.197266e-03
2136,-2.441406e-03
2137,-2.075195e-03
2138,-2.075195e-03
2139,-2.563477e-03
2140,-1.586914e-03
2141,-1.831055e-03
2142,-1.220703e-03
2143,-1.586914e-03
2144,-1.953125e-03
2145,-2.929688e-03
2146,-2.319336e-03
2147,-2.563477e-03
2148,-2.441406e-03
2149,-1.586914e-03
2150,-1.953125e-03
2151,-1.586914e-03
2152,-1.831055e-03
2153,-2.319336e-03
2154,-2.807617e-03
2155,-1.953125e-03
2156,-2.563477e-03
2157,-1.464844e-03
2158,-1.342773e-03
2159,-1.586914e-03
2160,-2.197266e-03
2161,-1.586914e-03
2162,-2.197266e-03
2163,-2.441406e-03
2164,-2.807617e-03
2165,-1.708984e-03
2166,-2.197266e-03
2167,-1.953125e-03
2168,-1.342773e-03
2169,-1.586914e-03
2170,-2.319336e-03
2171,-2.563477e-03
2172,-1.708984e-03
2173,-2.319336e-03
2174,-2.563477e-03
2175,-1.953125e-03
2176,-2.441406e-03
2177,-2.075195e-03
2178,-1.708984e-03
2179,-2.197266e-03
2180,-2.563477e-03
2181,-2.197266e-03
2182,-2.319336e-03
2183,-2.197266e-03
2184,-2.075195e-03
2185,-1.586914e-03
2186,-1.342773e-03
2187,-1.220703e-03
2188,-1.953125e-03
2189,-1.220703e-03
2190,-2.685547e-03
2191,-2.807617e-03
2192,-1.953125e-03
2193,-1.953125e-03
2194,-1.586914e-03
2195,-2.319336e-03
2196,-2.563477e-03
2197,-2.075195e-03
2198,-2.563477e-03
2199,-1.708984e-03
2200,-2.563477e-03
2201,-2.197266e-03
2202,-1.220703e-03
2203,-1.586914e-03
2204,-1.220703e-03
2205,-1.220703e-03
2206,-1.708984e-03
2207,-2.563477e-03
2208,-1.342773e-03
2209,-1.953125e-03
2210,-1.708984e-03
2211,-2.075195e-03
2212,-2.563477e-03
2213,-1.098633e-03
2214,-2.075195e-03
2215,-1.464844e-03
2216,-1.342773e-03
2217,-1.342773e-03
2218,-2.197266e-03
2219,-2.441406e-03
2220,-1.586914e-03
2221,-9.765625e-04
2222,-1.831055e-03
2223,-1.342773e-03
2224,-2.319336e-03
2225,-2.319336e-03
2226,-3.417969e-03
2227,-1.708984e-03
2228,-2.563477e-03
2229,-2.197266e-03
2230,-1.953125e-03
2231,-2.929688e-03
2232,-2.563477e-03
2233,-2.197266e-03
2234,-2.563477e-03
2235,-3.295898e-03
2236,-2.441406e-03
2237,-2.075195e-03
2238,-1.586914e-03
2239,-1.831055e-03
2240,-1.708984e-03
2241,-2.319336e-03
2242,-1.464844e-03
2243,-2.075195e-03
2244,-1.708984e-03
2245,-3.417969e-03
2246,-2.075195e-03
2247,-1.953125e-03
2248,-3.051758e-03
2249,-2.563477e-03
2250,-1.708984e-03
2251,-1.831055e-03
2252,-2.197266e-03
2253,-2.807617e-03
2254,-2.563477e-03
2255,-2.075195e-03
2256,-1.464844e-03
2257,-2.075195e-03
2258,-1.708984e-03
2259,-2.319336e-03
2260,-1.708984e-03
2261,-1.953125e-03
2262,-2.075195e-03
2263,-1.586914e-03
2264,-2.075195e-03
2265,-2.075195e-03
2266,-2.563477e-03
2267,-1.953125e-03
2268,-1.708984e-03
2269,-2.075195e-03
2270,-2.197266e-03
2271,-3.173828e-03
2272,-2.319336e-03
2273,-2.075195e-03
2274,-1.708984e-03
2275,-1.464844e-03
2276,-2.075195e-03
2277,-1.953125e-03
2278,-2.441406e-03
2279,-2.075195e-03
2280,-2.075195e-03
2281,-1.708984e-03
2282,-3.417969e-03
2283,-1.342773e-03
2284,-2.319336e-03
2285,-1.953125e-03
2286,-1.220703e-03
2287,-1.831055e-03
2288,-2.197266e-03
2289,-3.417969e-03
2290,-2.319336e-03
2291,-2.319336e-03
2292,-2.563477e-03
2293,-1.953125e-03
2294,-1.708984e-03
2295,-1.708984e-03
2296,-1.586914e-03
2297,-2.075195e-03
2298,-1.708984e-03
2299,-2.075195e-03
2300,-1.708984e-03
2301,-2.807617e-03
2302,-2.441406e-03
2303,-2.197266e-03
2304,-2.319336e-03
2305,-2.197266e-03
2306,-2.563477e-03
2307,-2.319336e-03
2308,-1.708984e-03
2309,-2.685547e-03
2310,-2.319336e-03
2311,-1.708984e-03
2312,-2.563477e-03
2313,-2.563477e-03
2314,-2.075195e-03
2315,-2.563477e-03
2316,-1.953125e-03
2317,-1.953125e-03
2318,-3.051758e-03
2319,-2.075195e-03
2320,-2.563477e-03
2321,-2.441406e-03
2322,-1.464844e-03
2323,-2.319336e-03
2324,-2.319336e-03
2325,-2.929688e-03
2326,-4.272461e-03
2327,-2.075195e-03
2328,-1.342773e-03
2329,-2.929688e-03
2330,-2.563477e-03
2331,-2.075195e-03
2332,-2.197266e-03
2333,-3.051758e-03
2334,-2.441406e-03
2335,-2.807617e-03
2336,-2.197266e-03
2337,-2.563477e-03
2338,-1.953125e-03
2339,-2.807617e-03
2340,-1.708984e-03
2341,-2.563477e-03
2342,-2.319336e-03
2343,-2.563477e-03
2344,-2.075195e-03
2345,-2.441406e-03
2346,-6.103516e-04
2347,-2.807617e-03
2348,-2.197266e-03
2349,-3.417969e-03
2350,-2.075195e-03
2351,-1.953125e-03
2352,-2.563477e-03
2353,-2.197266e-03
2354,-2.075195e-03
2355,-2.319336e-03
2356,-1.953125e-03
2357,-1.953125e-03
2358,-2.197266e-03
2359,-2.563477e-03
2360,-2.197266e-03
2361,-1.098633e-03
2362,-2.319336e-03
2363,-2.563477e-03
2364,-1.953125e-03
2365,-2.197266e-03
2366,-1.953125e-03
2367,-2.441406e-03
2368,-2.197266e-03
2369,-2.441406e-03
2370,-1.342773e-03
2371,-1.831055e-03
2372,-2.929688e-03
2373,-2.075195e-03
2374,-1.708984e-03
2375,-2.197266e-03
2376,-2.319336e-03
2377,-1.708984e-03
2378,-2.075195e-03
2379,-2.441406e-03
2380,-2.197266e-03
2381,-1.708984e-03
2382,-2.563477e-03
2383,-2.807617e-03
2384,-1.708984e-03
2385,-2.929688e-03
2386,-1.708984e-03
2387,-2.197266e-03
2388,-1.708984e-03
2389,-1.953125e-03
2390,-1.586914e-03
2391,-2.685547e-03
2392,-1.464844e-03
2393,-1.342773e-03
2394,-2.563477e-03
2395,-1.953125e-03
2396,-2.197266e-03
2397,-1.708984e-03
2398,-1.708984e-03
2399,-2.807617e-03
2400,-2.197266e-03
2401,-2.197266e-03
2402,-1.708984e-03
2403,-2.075195e-03
2404,-2.807617e-03
2405,-2.441406e-03
2406,-2.441406e-03
2407,-2.563477e-03
2408,-2.929688e-03
2409,-2.075195e-03
2410,-2.563477e-03
2411,-2.319336e-03
2412,-1.708984e-03
2413,-2.319336e-03
2414,-2.075195e-03
2415,-1.953125e-03
2416,-2.563477e-03
2417,-1.708984e-03
2418,-2.807617e-03
2419,-2.319336e-03
2420,-2.197266e-03
2421,-2.197266e-03
2422,-2.319336e-03
2423,-2.563477e-03
2424,-2.319336e-03
2425,-1.586914e-03
2426,-2.075195e-03
2427,-1.708984e-03
2428,-2.807617e-03
2429,-2.807617e-03
2430,-2.075195e-03
2431,-1.708984e-03
2432,-1.586914e-03
2433,-2.197266e-03
2434,-2.441406e-03
2435,-1.953125e-03
2436,-2.929688e-03
2437,-2.197266e-03
2438,-2.441406e-03
2439,-1.953125e-03
2440,-1.586914e-03
2441,-2.563477e-03
2442,-1.708984e-03
2443,-1.586914e-03
2444,-2.319336e-03
2445,-2.075195e-03
2446,-1.586914e-03
2447,-1.831055e-03
2448,-2.441406e-03
2449,-2.197266e-03
2450,-2.807617e-03
2451,-2.319336e-03
2452,-1.953125e-03
2453,-2.563477e-03
2454,-3.051758e-03
2455,-1.708984e-03
2456,-2.197266e-03
2457,-1.953125e-03
2458,-1.953125e-03
2459,-1.586914e-03
2460,-2.807617e-03
2461,-2.563477e-03
2462,-2.197266e-03
2463,-2.075195e-03
2464,-2.197266e-03
2465,-2.319336e-03
2466,-2.441406e-03
2467,-1.953125e-03
2468,-1.953125e-03
2469,-1.708984e-03
2470,-2.319336e-03
2471,-1.953125e-03
2472,-1.220703e-03
2473,-1.220703e-03
2474,-1.708984e-03
2475,-1.831055e-03
2476,-1.708984e-03
2477,-2.441406e-03
2478,-2.319336e-03
2479,-2.563477e-03
2480,-2.929688e-03
2481,-1.708984e-03
2482,-1.708984e-03
2483,-1.464844e-03
2484,-1.586914e-03
2485,-2.319336e-03
2486,-2.197266e-03
2487,-2.319336e-03
2488,-2.197266e-03
2489,-2.075195e-03
2490,-1.464844e-03
2491,-1.953125e-03
2492,-1.953125e-03
2493,-3.051758e-03
2494,-1.708984e-03
2495,-1.831055e-03
2496,-1.708984e-03
2497,-2.441406e-03
2498,-1.953125e-03
2499,-2.563477e-03
2500,-2.441406e-03
2501,-2.563477e-03
2502,-1.708984e-03
2503,-2.075195e-03
2504,-2.441406e-03
2505,-1.708984e-03
2506,-2.197266e-03
2507,-3.051758e-03
2508,-2.197266e-03
2509,-1.464844e-03
2510,-2.319336e-03
2511,-2.563477e-03
2512,-2.075195e-03
2513,-2.563477e-03
2514,-1.708984e-03
2515,-2.319336e-03
2516,-2.441406e-03
2517,-2.441406e-03
2518,-2.319336e-03
2519,-2.319336e-03
2520,-3.051758e-03
2521,-1.586914e-03
2522,-1.831055e-03
2523,-2.319336e-03
2524,-2.075195e-03
2525,-8.544922e-04
2526,-2.319336e-03
2527,-1.586914e-03
2528,-1.953125e-03
2529,-1.464844e-03
2530,-1.708984e-03
2531,-1.953125e-03
2532,-2.197266e-03
2533,-2.563477e-03
2534,-2.441406e-03
2535,-1.708984e-03
2536,-1.464844e-03
2537,-1.831055e-03
2538,-1.586914e-03
2539,-1.708984e-03
2540,-2.075195e-03
2541,-1.708984e-03
2542,-1.098633e-03
2543,-1.953125e-03
2544,-2.441406e-03
2545,-1.464844e-03
2546,-1.586914e-03
2547,-1.953125e-03
2548,-1.708984e-03
2549,-2.075195e-03
2550,-1.586914e-03
2551,-9.765625e-04
2552,-1.831055e-03
2553,-2.197266e-03
2554,-2.441406e-03
2555,-2.197266e-03
2556,-2.075195e-03
2557,-2.441406e-03
2558,-2.563477e-03
2559,-1.708984e-03
2560,-2.929688e-03
2561,-2.197266e-03
2562,-1.464844e-03
2563,-2.075195e-03
2564,-2.563477e-03
2565,-1.953125e-03
2566,-2.075195e-03
2567,-1.708984e-03
2568,-2.319336e-03
2569,-2.197266e-03
2570,-2.197266e-03
2571,-1.953125e-03
2572,-1.953125e-03
2573,-2.075195e-03
2574,-2.563477e-03
2575,-1.464844e-03
2576,-9.765625e-04
2577,-1.098633e-03
2578,-1.953125e-03
2579,-2.563477e-03
2580,-3.295898e-03
2581,-2.441406e-03
2582,-2.075195e-03
2583,-2.319336e-03
2584,-1.464844e-03
2585,-1.831055e-03
2586,-8.544922e-04
2587,-2.197266e-03
2588,-1.953125e-03
2589,-1.708984e-03
2590,-1.953125e-03
2591,-1.464844e-03
2592,-2.197266e-03
2593,-2.563477e-03
2594,-2.563477e-03
2595,-1.953125e-03
2596,-1.953125e-03
2597,-1.708984e-03
2598,-1.342773e-03
2599,-2.197266e-03
2600,-1.708984e-03
2601,-1.220703e-03
2602,-2.563477e-03
2603,-1.953125e-03
2604,-1.342773e-03
2605,-2.319336e-03
2606,-1.586914e-03
2607,-1.220703e-03
2608,-1.831055e-03
2609,-2.807617e-03
2610,-1.586914e-03
2611,-1.342773e-03
2612,-1.342773e-03
2613,-1.831055e-03
2614,-2.563477e-03
2615,-2.197266e-03
2616,-2.441406e-03
2617,-1.708984e-03
2618,-1.953125e-03
2619,-1.708984e-03
2620,-2.075195e-03
2621,-2.319336e-03
2622,-1.953125e-03
2623,-1.708984e-03
2624,-2.075195e-03
2625,-2.319336e-03
2626,-2.319336e-03
2627,-1.708984e-03
2628,-1.342773e-03
2629,-2.807617e-03
2630,-1.953125e-03
2631,-1.953125e-03
2632,-1.464844e-03
2633,-1.831055e-03
2634,-1.220703e-03
2635,-1.464844e-03
2636,-1.220703e-03
2637,-1.708984e-03
2638,-2.197266e-03
2639,-2.075195e-03
2640,-1.708984e-03
2641,-1.708984e-03
2642,-1.220703e-03
2643,-2.441406e-03
2644,-2.441406e-03
2645,-2.075195e-03
2646,-2.441406e-03
2647,-2.075195e-03
2648,-1.708984e-03
2649,-1.586914e-03
2650,-2.197266e-03
2651,-1.708984e-03
2652,-1.708984e-03
2653,-1.953125e-03
2654,-1.708984e-03
2655,-1.831055e-03
2656,-1.953125e-03
2657,-2.563477e-03
2658,-1.708984e-03
2659,-2.075195e-03
2660,-1.953125e-03
2661,-1.464844e-03
2662,-9.765625e-04
2663,-2.197266e-03
2664,-1.464844e-03
2665,-1.220703e-03
2666,-1.342773e-03
2667,-2.563477e-03
2668,-1.708984e-03
2669,-1.953125e-03
2670,-2.197266e-03
2671,-1.708984e-03
2672,-2.563477e-03
2673,-1.220703e-03
2674,-1.586914e-03
2675,-2.075195e-03
2676,-2.319336e-03
2677,-1.342773e-03
2678,-1.342773e-03
2679,-2.075195e-03
2680,-1.708984e-03
2681,-1.708984e-03
2682,-1.586914e-03
2683,-1.953125e-03
2684,-2.807617e-03
2685,-1.953125e-03
2686,-1.708984e-03
2687,-2.075195e-03
2688,-1.464844e-03
2689,-1.220703e-03
2690,-2.075195e-03
2691,-2.075195e-03
2692,-2.441406e-03
2693,-1.953125e-03
2694,-1.953125e-03
2695,-2.441406e-03
2696,-1.708984e-03
2697,-1.220703e-03
2698,-1.342773e-03
2699,-1.220703e-03
2700,-1.708984e-03
2701,-1.708984e-03
2702,-1.586914e-03
2703,-1.831055e-03
2704,-1.953125e-03
2705,-2.075195e-03
2706,-2.197266e-03
2707,-1.953125e-03
2708,-1.464844e-03
2709,-1.464844e-03
2710,-1.464844e-03
2711,-2.197266e-03
2712,-1.708984e-03
2713,-2.563477e-03
2714,-2.197266e-03
2715,-1.953125e-03
2716,-1.708984e-03
2717,-2.075195e-03
2718,-2.075195e-03
2719,-2.197266e-03
2720,-2.075195e-03
2721,-2.075195e-03
2722,-2.075195e-03
2723,-1.953125e-03
2724,-8.544922e-04
2725,-3.662109e-04
2726,-1.586914e-03
2727,-1.953125e-03
2728,-2.197266e-03
2729,-2.075195e-03
2730,-1.342773e-03
2731,-2.075195e-03
2732,-2.197266e-03
2733,-1.708984e-03
2734,-2.441406e-03
2735,-1.464844e-03
2736,-2.319336e-03
2737,-1.708984e-03
2738,-1.464844e-03
2739,-2.197266e-03
2740,-2.807617e-03
2741,-1.220703e-03
2742,-1.342773e-03
2743,-2.075195e-03
2744,-1.708984e-03
2745,-1.220703e-03
2746,-1.586914e-03
2747,-1.464844e-03
2748,-1.708984e-03
2749,-2.197266e-03
2750,-8.544922e-04
2751,-1.586914e-03
2752,-1.708984e-03
2753,-1.831055e-03
2754,-8.544922e-04
2755,-1.953125e-03
2756,-1.342773e-03
2757,-1.098633e-03
2758,-2.197266e-03
2759,-1.098633e-03
2760,-1.953125e-03
2761,-2.319336e-03
2762,-1.098633e-03
2763,-1.708984e-03
2764,-2.075195e-03
2765,-1.586914e-03
2766,-1.831055e-03
2767,-2.929688e-03
2768,-2.319336e-03
2769,-1.464844e-03
2770,-2.319336e-03
2771,-1.586914e-03
2772,-2.197266e-03
2773,-1.708984e-03
2774,-2.075195e-03
2775,-2.441406e-03
2776,-1.953125e-03
2777,-1.586914e-03
2778,-1.342773e-03
2779,-1.586914e-03
2780,-1.831055e-03
2781,-1.953125e-03
2782,-2.197266e-03
2783,-2.319336e-03
2784,-1.953125e-03
2785,-2.563477e-03
2786,-1.953125e-03
2787,-2.441406e-03
2788,-1.342773e-03
2789,-1.464844e-03
2790,-1.098633e-03
2791,-2.075195e-03
2792,-1.708984e-03
2793,-1.953125e-03
2794,-1.708984e-03
2795,-1.586914e-03
2796,-1.831055e-03
2797,-8.544922e-04
2798,-1.464844e-03
2799,-1.586914e-03
2800,-1.831055e-03
2801,-1.586914e-03
2802,-2.197266e-03
2803,-1.708984e-03
2804,-1.831055e-03
2805,-1.464844e-03
2806,-1.831055e-03
2807,-1.464844e-03
2808,-1.831055e-03
2809,-8.544922e-04
2810,-1.220703e-03
2811,-1.464844e-03
2812,-1.342773e-03
2813,-1.342773e-03
2814,-2.441406e-03
2815,-1.708984e-03
2816,-1.708984e-03
2817,-1.953125e-03
2818,-1.708984e-03
2819,-1.708984e-03
2820,-1.220703e-03
2821,-1.831055e-03
2822,-1.708984e-03
2823,-1.220703e-03
2824,-2.075195e-03
2825,-2.563477e-03
2826,-1.586914e-03
2827,-1.586914e-03
2828,-1.586914e-03
2829,-1.708984e-03
2830,-2.075195e-03
2831,-1.708984e-03
2832,-1.953125e-03
2833,-1.708984e-03
2834,-1.586914e-03
2835,-2.197266e-03
2836,-1.098633e-03
2837,-1.464844e-03
2838,-2.075195e-03
2839,-2.197266e-03
2840,-1.586914e-03
2841,-2.075195e-03
2842,-2.075195e-03
2843,-8.544922e-04
2844,-2.319336e-03
2845,-1.708984e-03
2846,-2.319336e-03
2847,-1.953125e-03
2848,-1.953125e-03
2849,-2.197266e-03
2850,-1.708984e-03
2851,-1.708984e-03
2852,-1.464844e-03
2853,-1.953125e-03
2854,-1.953125e-03
2855,-2.075195e-03
2856,-1.708984e-03
2857,-1.831055e-03
2858,-1.342773e-03
2859,-1.831055e-03
2860,-8.544922e-04
2861,-1.464844e-03
2862,-1.708984e-03
2863,-2.319336e-03
2864,-2.197266e-03
2865,-1.342773e-03
2866,-1.831055e-03
2867,-1.708984e-03
2868,-1.586914e-03
2869,-7.324219e-04
2870,-1.953125e-03
2871,-1.708984e-03
2872,-1.831055e-03
2873,-1.708984e-03
2874,-1.953125e-03
2875,-2.075195e-03
2876,-8.544922e-04
2877,-1.464844e-03
2878,-1.464844e-03
2879,-1.098633e-03
2880,-1.220703e-03
2881,-1.708984e-03
2882,-1.953125e-03
2883,-2.197266e-03
2884,-2.075195e-03
2885,-1.220703e-03
2886,-1.220703e-03
2887,-6.103516e-04
2888,-1.586914e-03
2889,-1.586914e-03
2890,-3.662109e-04
2891,-2.197266e-03
2892,-2.075195e-03
2893,-1.342773e-03
2894,-1.342773e-03
2895,-2.075195e-03
2896,-2.197266e-03
2897,-1.342773e-03
2898,-9.765625e-04
2899,-1.831055e-03
2900,-1.708984e-03
2901,-1.953125e-03
2902,-1.464844e-03
2903,-2.929688e-03
2904,-1.953125e-03
2905,-1.708984e-03
2906,-2.197266e-03
2907,-2.319336e-03
2908,-1.708984e-03
2909,-1.464844e-03
2910,-1.831055e-03
2911,-1.953125e-03
2912,-2.441406e-03
2913,-1.953125e-03
2914,-2.075195e-03
2915,-2.441406e-03
2916,-1.708984e-03
2917,-1.953125e-03
2918,-2.441406e-03
2919,-4.882812e-04
2920,-1.708984e-03
2921,-1.831055e-03
2922,-2.807617e-03
2923,-1.708984e-03
2924,-1.586914e-03
2925,-2.319336e-03
2926,-1.464844e-03
2927,-1.098633e-03
2928,-2.075195e-03
2929,-1.953125e-03
2930,-2.929688e-03
2931,-1.708984e-03
2932,-8.544922e-04
2933,-2.197266e-03
2934,-2.197266e-03
2935,-2.197266e-03
2936,-1.708984e-03
2937,-1.708984e-03
2938,-1.708984e-03
2939,-2.075195e-03
2940,-1.953125e-03
2941,-1.464844e-03
2942,-1.708984e-03
2943,-1.953125e-03
2944,-2.441406e-03
2945,-2.319336e-03
2946,-1.342773e-03
2947,-1.220703e-03
2948,-1.098633e-03
2949,-2.197266e-03
2950,-2.197266e-03
2951,-2.319336e-03
2952,-2.563477e-03
2953,-2.197266e-03
2954,-1.953125e-03
2955,-2.319336e-03
2956,-2.563477e-03
2957,-1.342773e-03
2958,-1.464844e-03
2959,-1.220703e-03
2960,-1.831055e-03
2961,-1.953125e-03
2962,-2.197266e-03
2963,-1.953125e-03
2964,-2.197266e-03
2965,-1.342773e-03
2966,-1.220703e-03
2967,-2.685547e-03
2968,-1.953125e-03
2969,-2.075195e-03
2970,-2.563477e-03
2971,-1.708984e-03
2972,-1.586914e-03
2973,-1.586914e-03
2974,-1.831055e-03
2975,-1.708984e-03
2976,-1.098633e-03
2977,-1.831055e-03
2978,-1.708984e-03
2979,-8.544922e-04
2980,-1.342773e-03
2981,-2.197266e-03
2982,-1.708984e-03
2983,-2.075195e-03
2984,-1.464844e-03
2985,-9.765625e-04
2986,-2.197266e-03
2987,-1.098633e-03
2988,-1.953125e-03
2989,-1.953125e-03
2990,-1.098633e-03
2991,-1.708984e-03
2992,-2.563477e-03
2993,-2.075195e-03
2994,-2.075195e-03
2995,-1.708984e-03
2996,-1.464844e-03
2997,-1.342773e-03
2998,-1.586914e-03
2999,-1.342773e-03
3000,-1.586914e-03
3001,-2.441406e-03
3002,-1.464844e-03
3003,-1.708984e-03
3004,-2.075195e-03
3005,-1.586914e-03
3006,-2.685547e-03
3007,-2.075195e-03
3008,-1.342773e-03
3009,-1.342773e-03
3010,-2.319336e-03
3011,-2.441406e-03
3012,-8.544922e-04
3013,-1.098633e-03
3014,-2.075195e-03
3015,-1.708984e-03
3016,-2.319336e-03
3017,-2.075195e-03
3018,-2.319336e-03
3019,-1.098633e-03
3020,-2.441406e-03
3021,-2.075195e-03
3022,-1.342773e-03
3023,-1.708984e-03
3024,-2.075195e-03
3025,-2.075195e-03
3026,-1.708984e-03
3027,-1.831055e-03
3028,-1.708984e-03
3029,-2.075195e-03
3030,-1.708984e-03
3031,-1.708984e-03
3032,-1.342773e-03
3033,-1.708984e-03
3034,-1.342773e-03
3035,-1.831055e-03
3036,-1.342773e-03
3037,-1.831055e-03
3038,-1.708984e-03
3039,-2.075195e-03
3040,-1.708984e-03
3041,-1.098633e-03
3042,-2.197266e-03
3043,-2.563477e-03
3044,-1.586914e-03
3045,-2.685547e-03
3046,-2.441406e-03
3047,-1.953125e-03
3048,-7.324219e-04
3049,-1.342773e-03
3050,-1.708984e-03
3051,-1.586914e-03
3052,-1.342773e-03
3053,-1.953125e-03
3054,-1.220703e-03
3055,-1.708984e-03
3056,-2.319336e-03
3057,-8.544922e-04
3058,-1.708984e-03
3059,-2.441406e-03
3060,-2.441406e-03
3061,-2.441406e-03
3062,-2.075195e-03
3063,-1.464844e-03
3064,-2.075195e-03
3065,-1.342773e-03
3066,-1.953125e-03
3067,-2.319336e-03
3068,-2.075195e-03
3069,-2.197266e-03
3070,-1.464844e-03
3071,-1.464844e-03
3072,-1.464844e-03
3073,-2.197266e-03
3074,-2.197266e-03
3075,-8.544922e-04
3076,-1.953125e-03
3077,-2.197266e-03
3078,-2.197266e-03
3079,-1.464844e-03
3080,-2.807617e-03
3081,-2.319336e-03
3082,-2.075195e-03
3083,-1.953125e-03
3084,-1.953125e-03
3085,-1.220703e-03
3086,-2.075195e-03
3087,-2.929688e-03
3088,-8.544922e-04
3089,-2.685547e-03
3090,-2.075195e-03
3091,-1.708984e-03
3092,-3.173828e-03
3093,-2.441406e-03
3094,-1.708984e-03
3095,-1.098633e-03
3096,-2.075195e-03
3097,-2.075195e-03
3098,-1.464844e-03
3099,-9.765625e-04
3100,-1.708984e-03
3101,-1.708984e-03
3102,-2.197266e-03
3103,-2.075195e-03
3104,-2.319336e-03
3105,-2.075195e-03
3106,-2.075195e-03
3107,-2.441406e-03
3108,-2.441406e-03
3109,-1.953125e-03
3110,-2.441406e-03
3111,-2.075195e-03
3112,-2.197266e-03
3113,-1.708984e-03
3114,-2.197266e-03
3115,-2.563477e-03
3116,-2.441406e-03
3117,-2.197266e-03
3118,-1.708984e-03
3119,-2.197266e-03
3120,-2.441406e-03
3121,-8.544922e-04
3122,-1.831055e-03
3123,-1.220703e-03
3124,-1.220703e-03
3125,-2.441406e-03
3126,-2.197266e-03
3127,-2.563477e-03
3128,-1.953125e-03
3129,-7.324219e-04
3130,-1.953125e-03
3131,-1.464844e-03
3132,-2.441406e-03
3133,-1.953125e-03
3134,-2.319336e-03
3135,-1.586914e-03
3136,-2.197266e-03
3137,-1.220703e-03
3138,-2.319336e-03
3139,-1.098633e-03
3140,-2.075195e-03
3141,-2.563477e-03
3142,-2.319336e-03
3143,-2.319336e-03
3144,-2.075195e-03
3145,-2.075195e-03
3146,-1.953125e-03
3147,-1.342773e-03
3148,-1.464844e-03
3149,-1.586914e-03
3150,-1.464844e-03
3151,-3.051758e-03
3152,-1.708984e-03
3153,-3.051758e-03
3154,-2.563477e-03
3155,-2.441406e-03
3156,-1.708984e-03
3157,-2.075195e-03
3158,-1.220703e-03
3159,-9.765625e-04
3160,-1.831055e-03
3161,-1.464844e-03
3162,-1.831055e-03
3163,-2.197266e-03
3164,-2.441406e-03
3165,-1.708984e-03
3166,-1.586914e-03
3167,-1.831055e-03
3168,-1.708984e-03
3169,-2.075195e-03
3170,-2.563477e-03
3171,-1.586914e-03
3172,-1.586914e-03
3173,-2.197266e-03
3174,-2.197266e-03
3175,-8.544922e-04
3176,-1.708984e-03
3177,-2.197266e-03
3178,-2.197266e-03
3179,-2.197266e-03
3180,-1.953125e-03
3181,-1.708984e-03
3182,-2.441406e-03
3183,-1.708984e-03
3184,-2.685547e-03
3185,-1.464844e-03
3186,-1.586914e-03
3187,-1.342773e-03
3188,-2.197266e-03
3189,-2.197266e-03
3190,-2.075195e-03
3191,-2.075195e-03
3192,-1.586914e-03
3193,-1.953125e-03
3194,-2.319336e-03
3195,-2.197266e-03
3196,-2.441406e-03
3197,-1.464844e-03
3198,-1.464844e-03
3199,-1.708984e-03
3200,-2.197266e-03
3201,-3.417969e-03
3202,-1.708984e-03
3203,-2.075195e-03
3204,-2.197266e-03
3205,-1.464844e-03
3206,-2.075195e-03
3207,-2.197266e-03
3208,-2.563477e-03
3209,-2.197266e-03
3210,-2.075195e-03
3211,-1.342773e-03
3212,-2.319336e-03
3213,-2.197266e-03
3214,-2.441406e-03
3215,-2.197266e-03
3216,-1.464844e-03
3217,-2.075195e-03
3218,-2.441406e-03
3219,-1.342773e-03
3220,-2.807617e-03
3221,-1.953125e-03
3222,-2.319336e-03
3223,-1.342773e-03
3224,-2.197266e-03
3225,-2.075195e-03
3226,-2.441406e-03
3227,-1.098633e-03
3228,-1.342773e-03
3229,-2.685547e-03
3230,-1.220703e-03
3231,-2.319336e-03
3232,-2.075195e-03
3233,-2.441406e-03
3234,-2.197266e-03
3235,-1.220703e-03
3236,-2.685547e-03
3237,-2.319336e-03
3238,-1.708984e-03
3239,-2.075195e-03
3240,-2.075195e-03
3241,-2.441406e-03
3242,-2.197266e-03
3243,-2.563477e-03
3244,-1.708984e-03
3245,-1.708984e-03
3246,-1.220703e-03
3247,-2.441406e-03
3248,-1.708984e-03
3249,-2.197266e-03
3250,-2.197266e-03
3251,-1.464844e-03
3252,-1.220703e-03
3253,-2.441406e-03
3254,-2.563477e-03
3255,-2.319336e-03
3256,-2.563477e-03
3257,-2.197266e-03
3258,-1.708984e-03
3259,-1.586914e-03
3260,-2.441406e-03
3261,-3.295898e-03
3262,-1.953125e-03
3263,-2.441406e-03
3264,-2.563477e-03
3265,-2.197266e-03
3266,-2.319336e-03
3267,-1.342773e-03
3268,-1.708984e-03
3269,-1.342773e-03
3270,-1.220703e-03
3271,-1.464844e-03
3272,-1.953125e-03
3273,-1.220703e-03
3274,-1.831055e-03
3275,-2.563477e-03
3276,-1.464844e-03
3277,-1.708984e-03
3278,-1.831055e-03
3279,-1.708984e-03
3280,-1.464844e-03
3281,-2.319336e-03
3282,-2.197266e-03
3283,-2.441406e-03
3284,-2.197266e-03
3285,-2.441406e-03
3286,-2.197266e-03
3287,-2.075195e-03
3288,-2.319336e-03
3289,-2.929688e-03
3290,-2.441406e-03
3291,-1.708984e-03
3292,-2.563477e-03
3293,-2.319336e-03
3294,-2.319336e-03
3295,-1.953125e-03
3296,-1.586914e-03
3297,-1.953125e-03
3298,-1.708984e-03
3299,-1.586914e-03
3300,-1.342773e-03
3301,-2.197266e-03
3302,-2.807617e-03
3303,-2.075195e-03
3304,-1.708984e-03
3305,-1.708984e-03
3306,-1.708984e-03
3307,-2.441406e-03
3308,-1.708984e-03
3309,-1.464844e-03
3310,-2.685547e-03
3311,-2.319336e-03
3312,-2.807617e-03
3313,-1.586914e-03
3314,-1.342773e-03
3315,-1.464844e-03
3316,-1.831055e-03
3317,-2.075195e-03
3318,-2.075195e-03
3319,-2.319336e-03
3320,-1.464844e-03
3321,-2.441406e-03
3322,-1.708984e-03
3323,-2.075195e-03
3324,-1.708984e-03
3325,-2.807617e-03
3326,-1.953125e-03
3327,-2.563477e-03
3328,-3.295898e-03
3329,-2.441406e-03
3330,-2.441406e-03
3331,-1.342773e-03
3332,-2.807617e-03
3333,-2.075195e-03
3334,-2.075195e-03
3335,-4.028320e-03
3336,-2.441406e-03
3337,-2.807617e-03
3338,-2.319336e-03
3339,-2.563477e-03
3340,-1.586914e-03
3341,-2.075195e-03
3342,-2.563477e-03
3343,-2.441406e-03
3344,-3.295898e-03
3345,-3.051758e-03
3346,-2.075195e-03
3347,-2.441406e-03
3348,-1.586914e-03
3349,-3.051758e-03
3350,-2.319336e-03
3351,-3.173828e-03
3352,-1.464844e-03
3353,-3.295898e-03
3354,-2.441406e-03
3355,-1.586914e-03
3356,-1.831055e-03
3357,-1.464844e-03
3358,-2.563477e-03
3359,-2.319336e-03
3360,-2.441406e-03
3361,-1.586914e-03
3362,-2.075195e-03
3363,-2.807617e-03
3364,-1.342773e-03
3365,-2.075195e-03
3366,-1.586914e-03
3367,-1.953125e-03
3368,-2.197266e-03
3369,-1.586914e-03
3370,-2.929688e-03
3371,-1.708984e-03
3372,-1.953125e-03
3373,-2.807617e-03
3374,-2.441406e-03
3375,-3.173828e-03
3376,-1.586914e-03
3377,-2.563477e-03
3378,-2.441406e-03
3379,-2.441406e-03
3380,-2.807617e-03
3381,-2.563477e-03
3382,-2.563477e-03
3383,-2.319336e-03
3384,-2.563477e-03
3385,-1.953125e-03
3386,-2.563477e-03
3387,-2.563477e-03
3388,-2.441406e-03
3389,-2.563477e-03
3390,-2.319336e-03
3391,-2.807617e-03
3392,-2.441406e-03
3393,-2.319336e-03
3394,-2.197266e-03
3395,-3.417969e-03
3396,-2.563477e-03
3397,-1.464844e-03
3398,-2.807617e-03
3399,-1.342773e-03
3400,-2.441406e-03
3401,-2.319336e-03
3402,-2.197266e-03
3403,-1.708984e-03
3404,-1.708984e-03
3405,-2.929688e-03
3406,-2.807617e-03
3407,-2.563477e-03
3408,-2.319336e-03
3409,-3.173828e-03
3410,-2.197266e-03
3411,-2.929688e-03
3412,-2.929688e-03
3413,-1.708984e-03
3414,-2.807617e-03
3415,-1.953125e-03
3416,-2.197266e-03
3417,-1.953125e-03
3418,-2.075195e-03
3419,-2.197266e-03
3420,-2.807617e-03
3421,-2.563477e-03
3422,-3.295898e-03
3423,-1.464844e-03
3424,-2.319336e-03
3425,-3.295898e-03
3426,-2.807617e-03
3427,-3.051758e-03
3428,-2.929688e-03
3429,-2.807617e-03
3430,-2.075195e-03
3431,-2.075195e-03
3432,-2.807617e-03
3433,-1.708984e-03
3434,-2.441406e-03
3435,-2.319336e-03
3436,-2.807617e-03
3437,-2.807617e-03
3438,-2.563477e-03
3439,-3.417969e-03
3440,-2.929688e-03
3441,-3.051758e-03
3442,-2.563477e-03
3443,-2.075195e-03
3444,-2.075195e-03
3445,-2.319336e-03
3446,-1.953125e-03
3447,-2.563477e-03
3448,-2.563477e-03
3449,-3.662109e-03
3450,-3.173828e-03
3451,-2.929688e-03
3452,-2.563477e-03
3453,-2.929688e-03
3454,-2.319336e-03
3455,-2.197266e-03
3456,-3.173828e-03
3457,-3.173828e-03
3458,-2.319336e-03
3459,-2.563477e-03
3460,-2.929688e-03
3461,-3.051758e-03
3462,-1.953125e-03
3463,-2.441406e-03
3464,-1.708984e-03
3465,-2.563477e-03
3466,-1.464844e-03
3467,-2.319336e-03
3468,-3.417969e-03
3469,-2.563477e-03
3470,-2.441406e-03
3471,-3.173828e-03
3472,-2.197266e-03
3473,-3.173828e-03
3474,-1.708984e-03
3475,-1.708984e-03
3476,-3.173828e-03
3477,-2.197266e-03
3478,-2.563477e-03
3479,-2.563477e-03
3480,-2.197266e-03
3481,-3.173828e-03
3482,-2.563477e-03
3483,-2.075195e-03
3484,-3.662109e-03
3485,-2.929688e-03
3486,-2.319336e-03
3487,-2.807617e-03
3488,-4.028320e-03
3489,-2.685547e-03
3490,-2.197266e-03
3491,-2.807617e-03
3492,-2.319336e-03
3493,-2.075195e-03
3494,-2.807617e-03
3495,-2.075195e-03
3496,-1.953125e-03
3497,-3.417969e-03
3498,-3.417969e-03
3499,-2.685547e-03
3500,-2.807617e-03
3501,-2.197266e-03
3502,-3.051758e-03
3503,-2.563477e-03
3504,-2.197266e-03
3505,-3.173828e-03
3506,-3.051758e-03
3507,-2.197266e-03
3508,-3.417969e-03
3509,-2.441406e-03
3510,-2.807617e-03
3511,-2.197266e-03
3512,-3.173828e-03
3513,-2.319336e-03
3514,-2.929688e-03
3515,-2.929688e-03
3516,-3.051758e-03
3517,-2.563477e-03
3518,-8.544922e-04
3519,-1.953125e-03
3520,-2.563477e-03
3521,-3.051758e-03
3522,-2.197266e-03
3523,-3.417969e-03
3524,-2.197266e-03
3525,-3.051758e-03
3526,-2.563477e-03
3527,-1.953125e-03
3528,-3.662109e-03
3529,-3.417969e-03
3530,-2.563477e-03
3531,-2.319336e-03
3532,-2.807617e-03
3533,-2.563477e-03
3534,-2.563477e-03
3535,-4.150391e-03
3536,-2.441406e-03
3537,-2.807617e-03
3538,-2.563477e-03
3539,-3.173828e-03
3540,-2.563477e-03
3541,-2.319336e-03
3542,-2.563477e-03
3543,-3.417969e-03
3544,-2.319336e-03
3545,-2.563477e-03
3546,-2.807617e-03
3547,-2.563477e-03
3548,-2.563477e-03
3549,-2.197266e-03
3550,-2.807617e-03
3551,-2.807617e-03
3552,-2.807617e-03
3553,-2.807617e-03
3554,-2.441406e-03
3555,-1.586914e-03
3556,-2.563477e-03
3557,-1.708984e-03
3558,-2.075195e-03
3559,-2.197266e-03
3560,-2.319336e-03
3561,-2.075195e-03
3562,-2.807617e-03
3563,-3.051758e-03
3564,-2.197266e-03
3565,-2.441406e-03
3566,-2.807617e-03
3567,-3.051758e-03
3568,-2.075195e-03
3569,-2.441406e-03
3570,-2.807617e-03
3571,-2.807617e-03
3572,-1.464844e-03
3573,-2.685547e-03
3574,-1.953125e-03
3575,-2.197266e-03
3576,-2.441406e-03
3577,-2.929688e-03
3578,-2.319336e-03
3579,-2.563477e-03
3580,-3.051758e-03
3581,-1.708984e-03
3582,-3.417969e-03
3583,-2.563477e-03
3584,-2.563477e-03
3585,-3.173828e-03
3586,-2.441406e-03
3587,-2.929688e-03
3588,-2.807617e-03
3589,-2.075195e-03
3590,-1.708984e-03
3591,-1.953125e-03
3592,-2.319336e-03
3593,-2.319336e-03
3594,-2.319336e-03
3595,-2.807617e-03
3596,-2.807617e-03
3597,-2.807617e-03
3598,-3.295898e-03
3599,-3.051758e-03
3600,-2.563477e-03
3601,-2.197266e-03
3602,-2.563477e-03
3603,-2.563477e-03
3604,-2.197266e-03
3605,-2.563477e-03
3606,-1.586914e-03
3607,-2.441406e-03
3608,-2.319336e-03
3609,-3.295898e-03
3610,-2.563477e-03
3611,-2.563477e-03
3612,-3.417969e-03
3613,-2.685547e-03
3614,-2.563477e-03
3615,-4.028320e-03
3616,-1.831055e-03
3617,-2.319336e-03
3618,-2.929688e-03
3619,-1.953125e-03
3620,-3.417969e-03
3621,-2.563477e-03
3622,-1.953125e-03
3623,-2.807617e-03
3624,-2.197266e-03
3625,-2.197266e-03
3626,-2.197266e-03
3627,-2.441406e-03
3628,-2.929688e-03
3629,-2.319336e-03
3630,-3.417969e-03
3631,-1.708984e-03
3632,-1.586914e-03
3633,-3.051758e-03
3634,-2.563477e-03
3635,-1.708984e-03
3636,-1.708984e-03
3637,-2.807617e-03
3638,-1.708984e-03
3639,-1.708984e-03
3640,-9.765625e-04
3641,-2.441406e-03
3642,-2.807617e-03
3643,-3.051758e-03
3644,-2.563477e-03
3645,-3.295898e-03
3646,-2.441406e-03
3647,-3.051758e-03
3648,-3.173828e-03
3649,-3.051758e-03
3650,-2.807617e-03
3651,-2.563477e-03
3652,-2.807617e-03
3653,-2.807617e-03
3654,-2.563477e-03
3655,-2.075195e-03
3656,-2.563477e-03
3657,-1.708984e-03
3658,-1.586914e-03
3659,-2.197266e-03
3660,-2.807617e-03
3661,-2.441406e-03
3662,-2.807617e-03
3663,-2.441406e-03
3664,-2.197266e-03
3665,-3.417969e-03
3666,-3.417969e-03
3667,-2.197266e-03
3668,-2.563477e-03
3669,-2.441406e-03
3670,-1.708984e-03
3671,-1.586914e-03
3672,-2.319336e-03
3673,-3.051758e-03
3674,-2.075195e-03
3675,-2.197266e-03
3676,-2.929688e-03
3677,-2.441406e-03
3678,-2.563477e-03
3679,-2.563477e-03
3680,-2.075195e-03
3681,-2.075195e-03
3682,-2.563477e-03
3683,-2.319336e-03
3684,-2.441406e-03
3685,-2.197266e-03
3686,-1.586914e-03
3687,-1.831055e-03
3688,-3.417969e-03
3689,-3.295898e-03
3690,-2.197266e-03
3691,-1.708984e-03
3692,-2.807617e-03
3693,-2.197266e-03
3694,-2.075195e-03
3695,-2.807617e-03
3696,-3.662109e-03
3697,-2.563477e-03
3698,-2.563477e-03
3699,-2.929688e-03
3700,-2.563477e-03
3701,-2.563477e-03
3702,-3.417969e-03
3703,-2.075195e-03
3704,-2.075195e-03
3705,-2.807617e-03
3706,-2.197266e-03
3707,-2.563477e-03
3708,-2.441406e-03
3709,-1.953125e-03
3710,-2.929688e-03
3711,-2.563477e-03
3712,-2.563477e-03
3713,-1.708984e-03
3714,-2.563477e-03
3715,-2.563477e-03
3716,-2.807617e-03
3717,-2.197266e-03
3718,-2.441406e-03
3719,-1.586914e-03
3720,-2.075195e-03
3721,-2.563477e-03
3722,-2.319336e-03
3723,-2.441406e-03
3724,-2.319336e-03
3725,-2.807617e-03
3726,-2.075195e-03
3727,-2.441406e-03
3728,-2.197266e-03
3729,-2.197266e-03
3730,-2.441406e-03
3731,-2.807617e-03
3732,-1.953125e-03
3733,-1.342773e-03
3734,-2.807617e-03
3735,-2.441406e-03
3736,-2.563477e-03
3737,-2.441406e-03
3738,-2.441406e-03
3739,-2.563477e-03
3740,-2.563477e-03
3741,-2.075195e-03
3742,-2.441406e-03
3743,-2.441406e-03
3744,-1.586914e-03
3745,-2.319336e-03
3746,-2.441406e-03
3747,-2.319336e-03
3748,-2.807617e-03
3749,-2.929688e-03
3750,-2.929688e-03
3751,-2.197266e-03
3752,-2.563477e-03
3753,-2.197266e-03
3754,-2.563477e-03
3755,-1.953125e-03
3756,-3.051758e-03
3757,-2.075195e-03
3758,-2.441406e-03
3759,-2.563477e-03
3760,-1.464844e-03
3761,-1.953125e-03
3762,-1.708984e-03
3763,-1.708984e-03
3764,-2.929688e-03
3765,-2.075195e-03
3766,-2.441406e-03
3767,-2.075195e-03
3768,-2.563477e-03
3769,-2.075195e-03
3770,-2.563477e-03
3771,-2.197266e-03
3772,-2.563477e-03
3773,-3.051758e-03
3774,-1.953125e-03
3775,-2.563477e-03
3776,-2.929688e-03
3777,-3.051758e-03
3778,-2.441406e-03
3779,-2.075195e-03
3780,-8.544922e-04
3781,-2.441406e-03
3782,-2.563477e-03
3783,-2.441406e-03
3784,-2.563477e-03
3785,-2.197266e-03
3786,-2.197266e-03
3787,-2.563477e-03
3788,-2.441406e-03
3789,-1.708984e-03
3790,-1.953125e-03
3791,-2.441406e-03
3792,-2.807617e-03
3793,-1.953125e-03
3794,-1.708984e-03
3795,-1.220703e-03
3796,-1.831055e-03
3797,-3.173828e-03
3798,-2.563477e-03
3799,-1.708984e-03
3800,-2.563477e-03
3801,-1.586914e-03
3802,-2.197266e-03
3803,-2.563477e-03
3804,-2.075195e-03
3805,-2.319336e-03
3806,-1.708984e-03
3807,-2.075195e-03
3808,-1.708984e-03
3809,-2.685547e-03
3810,-2.929688e-03
3811,-1.953125e-03
3812,-2.563477e-03
3813,-2.807617e-03
3814,-2.197266e-03
3815,-2.075195e-03
3816,-2.075195e-03
3817,-2.929688e-03
3818,-1.708984e-03
3819,-1.953125e-03
3820,-3.173828e-03
3821,-1.464844e-03
3822,-2.563477e-03
3823,-1.708984e-03
3824,-2.441406e-03
3825,-2.197266e-03
3826,-1.953125e-03
3827,-1.953125e-03
3828,-2.075195e-03
3829,-2.807617e-03
3830,-2.929688e-03
3831,-2.441406e-03
3832,-2.929688e-03
3833,-2.319336e-03
3834,-2.563477e-03
3835,-2.441406e-03
3836,-2.807617e-03
3837,-1.586914e-03
3838,-1.586914e-03
3839,-1.708984e-03
3840,-2.319336e-03
3841,-2.197266e-03
3842,-2.197266e-03
3843,-2.563477e-03
3844,-2.319336e-03
3845,-2.563477e-03
3846,-2.319336e-03
3847,-2.197266e-03
3848,-2.197266e-03
3849,-2.441406e-03
3850,-3.417969e-03
3851,-2.197266e-03
3852,-2.319336e-03
3853,-2.319336e-03
3854,-2.197266e-03
3855,-2.197266e-03
3856,-1.708984e-03
3857,-2.319336e-03
3858,-2.075195e-03
3859,-2.075195e-03
3860,-2.319336e-03
3861,-2.319336e-03
3862,-1.464844e-03
3863,-1.098633e-03
3864,-2.197266e-03
3865,-2.807617e-03
3866,-2.441406e-03
3867,-2.197266e-03
3868,-1.708984e-03
3869,-2.075195e-03
3870,-2.929688e-03
3871,-2.075195e-03
3872,-2.441406e-03
3873,-2.563477e-03
3874,-1.708984e-03
3875,-1.953125e-03
3876,-2.197266e-03
3877,-2.075195e-03
3878,-1.708984e-03
3879,-1.953125e-03
3880,-1.708984e-03
3881,-7.324219e-04
3882,-1.831055e-03
3883,-2.197266e-03
3884,-2.563477e-03
3885,-2.563477e-03
3886,-1.586914e-03
3887,-3.051758e-03
3888,-2.197266e-03
3889,-1.586914e-03
3890,-1.708984e-03
3891,-2.685547e-03
3892,-2.197266e-03
3893,-2.807617e-03
3894,-2.441406e-03
3895,-2.075195e-03
3896,-2.197266e-03
3897,-2.929688e-03
3898,-2.807617e-03
3899,-1.464844e-03
3900,-2.441406e-03
3901,-2.075195e-03
3902,-1.586914e-03
3903,-2.685547e-03
3904,-2.807617e-03
3905,-2.929688e-03
3906,-2.197266e-03
3907,-1.953125e-03
3908,-3.662109e-03
3909,-2.929688e-03
3910,-1.708984e-03
3911,-2.075195e-03
3912,-1.708984e-03
3913,-1.708984e-03
3914,-2.441406e-03
3915,-1.586914e-03
3916,-1.708984e-03
3917,-1.708984e-03
3918,-1.831055e-03
3919,-2.563477e-03
3920,-2.807617e-03
3921,-2.075195e-03
3922,-1.708984e-03
3923,-1.708984e-03
3924,-3.051758e-03
3925,-2.807617e-03
3926,-2.441406e-03
3927,-2.197266e-03
3928,-1.586914e-03
3929,-2.197266e-03
3930,-2.441406e-03
3931,-1.708984e-03
3932,-3.051758e-03
3933,-2.563477e-03
3934,-1.953125e-03
3935,-2.319336e-03
3936,-1.464844e-03
3937,-2.197266e-03
3938,-1.953125e-03
3939,-1.953125e-03
3940,-1.708984e-03
3941,-1.342773e-03
3942,-2.563477e-03
3943,-2.319336e-03
3944,-2.929688e-03
3945,-2.319336e-03
3946,-1.953125e-03
3947,-1.953125e-03
3948,-2.075195e-03
3949,-1.708984e-03
3950,-1.708984e-03
3951,-1.586914e-03
3952,-2.075195e-03
3953,-1.953125e-03
3954,-3.051758e-03
3955,-1.708984e-03
3956,-1.586914e-03
3957,-2.441406e-03
3958,-2.563477e-03
3959,-1.708984e-03
3960,-2.685547e-03
3961,-1.953125e-03
3962,-2.563477e-03
3963,-3.173828e-03
3964,-2.563477e-03
3965,-2.197266e-03
3966,-2.319336e-03
3967,-2.563477e-03
3968,-2.563477e-03
3969,-2.319336e-03
3970,-1.708984e-03
3971,-2.807617e-03
3972,-2.929688e-03
3973,-2.563477e-03
3974,-1.708984e-03
3975,-9.765625e-04
3976,-1.953125e-03
3977,-1.953125e-03
3978,-1.708984e-03
3979,-2.807617e-03
3980,-1.586914e-03
3981,-2.319336e-03
3982,-2.197266e-03
3983,-2.197266e-03
3984,-1.708984e-03
3985,-2.319336e-03
3986,-2.563477e-03
3987,-2.441406e-03
3988,-2.197266e-03
3989,-2.807617e-03
3990,-1.708984e-03
3991,-2.197266e-03
3992,-2.075195e-03
3993,-2.197266e-03
3994,-2.563477e-03
3995,-2.197266e-03
3996,-2.319336e-03
3997,-2.441406e-03
3998,-1.953125e-03
3999,-1.953125e-03
4000,-2.075195e-03
4001,-2.075195e-03
4002,-3.417969e-03
4003,-1.464844e-03
4004,-2.319336e-03
4005,-1.464844e-03
4006,-2.319336e-03
4007,-1.953125e-03
4008,-2.563477e-03
4009,-2.563477e-03
4010,-2.929688e-03
4011,-1.953125e-03
4012,-3.051758e-03
4013,-2.197266e-03
4014,-1.708984e-03
4015,-1.953125e-03
4016,-2.319336e-03
4017,-2.929688e-03
4018,-1.953125e-03
4019,-2.807617e-03
4020,-3.173828e-03
4021,-2.319336e-03
4022,-2.319336e-03
4023,-2.197266e-03
4024,-1.953125e-03
4025,-1.586914e-03
4026,-1.098633e-03
4027,-2.929688e-03
4028,-2.075195e-03
4029,-1.708984e-03
4030,-2.563477e-03
4031,-1.708984e-03
4032,-1.953125e-03
4033,-2.441406e-03
4034,-2.563477e-03
4035,-1.220703e-03
4036,-2.685547e-03
4037,-2.563477e-03
4038,-1.953125e-03
4039,-1.953125e-03
4040,-2.197266e-03
4041,-1.464844e-03
4042,-2.197266e-03
4043,-2.929688e-03
4044,-1.586914e-03
4045,-1.586914e-03
4046,-1.831055e-03
4047,-2.929688e-03
4048,-1.586914e-03
4049,-1.586914e-03
4050,-2.075195e-03
4051,-2.197266e-03
4052,-2.929688e-03
4053,-2.807617e-03
4054,-2.563477e-03
4055,-2.197266e-03
4056,-2.197266e-03
4057,-2.563477e-03
4058,-2.807617e-03
4059,-2.563477e-03
4060,-2.807617e-03
4061,-2.441406e-03
4062,-2.075195e-03
4063,-2.197266e-03
4064,-3.051758e-03
4065,-1.953125e-03
4066,-1.098633e-03
4067,-2.319336e-03
4068,-1.953125e-03
4069,-1.342773e-03
4070,-2.441406e-03
4071,-2.563477e-03
4072,-1.708984e-03
4073,-2.075195e-03
4074,-2.319336e-03
4075,-1.953125e-03
4076,-1.342773e-03
4077,-1.953125e-03
4078,-1.708984e-03
4079,-1.953125e-03
4080,-2.807617e-03
4081,-2.075195e-03
4082,-2.563477e-03
4083,-2.075195e-03
4084,-2.197266e-03
4085,-1.708984e-03
4086,-2.197266e-03
4087,-2.929688e-03
4088,-2.319336e-03
4089,-2.197266e-03
4090,-3.051758e-03
4091,-1.708984e-03
4092,-2.441406e-03
4093,-2.563477e-03
4094,-2.563477e-03
4095,-1.464844e-03
4096,-2.563477e-03
4097,-2.441406e-03
4098,-2.563477e-03
4099,-2.563477e-03
4100,-2.441406e-03
4101,-2.319336e-03
4102,-2.319336e-03
4103,-1.708984e-03
4104,-2.075195e-03
4105,-1.708984e-03
4106,-2.319336e-03
4107,-2.441406e-03
4108,-2.441406e-03
4109,-2.197266e-03
4110,-2.563477e-03
4111,-2.075195e-03
4112,-2.929688e-03
4113,-2.075195e-03
4114,-2.563477e-03
4115,-2.563477e-03
4116,-8.544922e-04
4117,-2.197266e-03
4118,-2.197266e-03
4119,-1.708984e-03
4120,-8.544922e-04
4121,-2.075195e-03
4122,-2.319336e-03
4123,-1.708984e-03
4124,-1.464844e-03
4125,-2.197266e-03
4126,-1.464844e-03
4127,-2.197266e-03
4128,-1.708984e-03
4129,-1.342773e-03
4130,-1.708984e-03
4131,-1.831055e-03
4132,-2.929688e-03
4133,-2.319336e-03
4134,-1.953125e-03
4135,-2.563477e-03
4136,-1.708984e-03
4137,-1.342773e-03
4138,-1.953125e-03
4139,-1.708984e-03
4140,-2.319336e-03
4141,-2.319336e-03
4142,-1.708984e-03
4143,-2.075195e-03
4144,-2.441406e-03
4145,-2.197266e-03
4146,-1.953125e-03
4147,-1.708984e-03
4148,-2.197266e-03
4149,-2.807617e-03
4150,-2.197266e-03
4151,-1.464844e-03
4152,-1.098633e-03
4153,-1.831055e-03
4154,-2.075195e-03
4155,-2.441406e-03
4156,-2.563477e-03
4157,-7.324219e-04
4158,-2.929688e-03
4159,-2.075195e-03
4160,-2.441406e-03
4161,-1.586914e-03
4162,-1.464844e-03
4163,-2.319336e-03
4164,-2.197266e-03
4165,-2.319336e-03
4166,-1.953125e-03
4167,-1.953125e-03
4168,-2.441406e-03
4169,-2.807617e-03
4170,-2.563477e-03
4171,-2.075195e-03
4172,-2.563477e-03
4173,-2.563477e-03
4174,-1.953125e-03
4175,-1.708984e-03
4176,-1.953125e-03
4177,-2.441406e-03
4178,-1.953125e-03
4179,-2.441406e-03
4180,-1.708984e-03
4181,-1.708984e-03
4182,-2.075195e-03
4183,-1.464844e-03
4184,-2.319336e-03
4185,-2.319336e-03
4186,-1.708984e-03
4187,-3.051758e-03
4188,-2.807617e-03
4189,-1.953125e-03
4190,-2.197266e-03
4191,-2.563477e-03
4192,-2.197266e-03
4193,-1.586914e-03
4194,-2.685547e-03
4195,-1.708984e-03
4196,-2.319336e-03
4197,-2.075195e-03
4198,-1.953125e-03
4199,-1.953125e-03
4200,-1.464844e-03
4201,-2.441406e-03
4202,-2.807617e-03
4203,-1.586914e-03
4204,-1.342773e-03
4205,-1.586914e-03
4206,-1.831055e-03
4207,-2.319336e-03
4208,-1.953125e-03
4209,-2.075195e-03
4210,-2.319336e-03
4211,-1.708984e-03
4212,-1.708984e-03
4213,-1.708984e-03
4214,-2.929688e-03
4215,-2.929688e-03
4216,-1.953125e-03
4217,-2.075195e-03
4218,-2.075195e-03
4219,-1.586914e-03
4220,-1.831055e-03
4221,-1.708984e-03
4222,-2.441406e-03
4223,-1.708984e-03
4224,-1.220703e-03
4225,-1.831055e-03
4226,-1.953125e-03
4227,-2.441406e-03
4228,-2.319336e-03
4229,-1.953125e-03
4230,-2.563477e-03
4231,-2.563477e-03
4232,-2.807617e-03
4233,-1.953125e-03
4234,-2.807617e-03
4235,-2.441406e-03
4236,-2.075195e-03
4237,-2.319336e-03
4238,-2.441406e-03
4239,-1.708984e-03
4240,-2.319336e-03
4241,-1.464844e-03
4242,-2.197266e-03
4243,-2.441406e-03
4244,-2.563477e-03
4245,-2.441406e-03
4246,-2.075195e-03
4247,-1.708984e-03
4248,-2.441406e-03
4249,-2.197266e-03
4250,-2.075195e-03
4251,-1.708984e-03
4252,-2.685547e-03
4253,-1.220703e-03
4254,-2.319336e-03
4255,-2.441406e-03
4256,-1.464844e-03
4257,-1.342773e-03
4258,-2.075195e-03
4259,-2.563477e-03
4260,-1.708984e-03
4261,-2.075195e-03
4262,-1.953125e-03
4263,-2.075195e-03
4264,-2.563477e-03
4265,-2.563477e-03
4266,-2.197266e-03
4267,-2.563477e-03
4268,-2.441406e-03
4269,-1.708984e-03
4270,-1.342773e-03
4271,-2.441406e-03
4272,-2.197266e-03
4273,-2.807617e-03
4274,-2.075195e-03
4275,-1.708984e-03
4276,-1.708984e-03
4277,-1.586914e-03
4278,-2.319336e-03
4279,-2.197266e-03
4280,-2.075195e-03
4281,-2.929688e-03
4282,-2.563477e-03
4283,-1.708984e-03
4284,-2.319336e-03
4285,-8.544922e-04
4286,-2.563477e-03
4287,-2.441406e-03
4288,-2.075195e-03
4289,-1.708984e-03
4290,-1.464844e-03
4291,-1.464844e-03
4292,-1.220703e-03
4293,-1.953125e-03
4294,-2.075195e-03
4295,-2.197266e-03
4296,-2.197266e-03
4297,-2.197266e-03
4298,-1.953125e-03
4299,-1.464844e-03
4300,-2.441406e-03
4301,-1.708984e-03
4302,-1.586914e-03
4303,-3.540039e-03
4304,-2.685547e-03
4305,-1.953125e-03
4306,-2.075195e-03
4307,-2.441406e-03
4308,-1.220703e-03
4309,-2.197266e-03
4310,-1.708984e-03
4311,-1.708984e-03
4312,-1.220703e-03
4313,-1.953125e-03
4314,-1.708984e-03
4315,-1.464844e-03
4316,-1.342773e-03
4317,-1.586914e-03
4318,-1.464844e-03
4319,-2.075195e-03
4320,-2.197266e-03
4321,-2.563477e-03
4322,-2.807617e-03
4323,-1.464844e-03
4324,-1.708984e-03
4325,-2.075195e-03
4326,-2.075195e-03
4327,-1.708984e-03
4328,-2.807617e-03
4329,-2.197266e-03
4330,-1.953125e-03
4331,-1.708984e-03
4332,-1.831055e-03
4333,-2.929688e-03
4334,-2.075195e-03
4335,-2.075195e-03
4336,-2.441406e-03
4337,-1.586914e-03
4338,-2.441406e-03
4339,-1.342773e-03
4340,-1.831055e-03
4341,-1.464844e-03
4342,-2.075195e-03
4343,-2.197266e-03
4344,-1.464844e-03
4345,-1.586914e-03
4346,-9.765625e-04
4347,-1.342773e-03
4348,-9.765625e-04
4349,-2.197266e-03
4350,-1.586914e-03
4351,-1.708984e-03
4352,-2.075195e-03
4353,-2.441406e-03
4354,-3.051758e-03
4355,-2.319336e-03
4356,-2.075195e-03
4357,-8.544922e-04
4358,-1.953125e-03
4359,-2.929688e-03
4360,-1.953125e-03
4361,-1.586914e-03
4362,-2.319336e-03
4363,-1.464844e-03
4364,-1.464844e-03
4365,-1.953125e-03
4366,-1.708984e-03
4367,-1.220703e-03
4368,-1.708984e-03
4369,-2.563477e-03
4370,-2.075195e-03
4371,-1.464844e-03
4372,-2.197266e-03
4373,-2.197266e-03
4374,-1.708984e-03
4375,-1.464844e-03
4376,-2.441406e-03
4377,-1.586914e-03
4378,-2.319336e-03
4379,-8.544922e-04
4380,-1.708984e-03
4381,-2.441406e-03
4382,-1.464844e-03
4383,-2.319336e-03
4384,-2.563477e-03
4385,-1.342773e-03
4386,-2.197266e-03
4387,-1.586914e-03
4388,-1.708984e-03
4389,-2.197266e-03
4390,-1.586914e-03
4391,-1.464844e-03
4392,-2.807617e-03
4393,-2.807617e-03
4394,-2.563477e-03
4395,-2.075195e-03
4396,-2.197266e-03
4397,-1.708984e-03
4398,-3.051758e-03
4399,-2.807617e-03
4400,-2.563477e-03
4401,-1.586914e-03
4402,-2.563477e-03
4403,-1.953125e-03
4404,-1.953125e-03
4405,-1.464844e-03
4406,-1.708984e-03
4407,-2.319336e-03
4408,-1.953125e-03
4409,-1.953125e-03
4410,-1.953125e-03
4411,-2.197266e-03
4412,-2.319336e-03
4413,-2.441406e-03
4414,-1.708984e-03
4415,-2.197266e-03
4416,-1.586914e-03
4417,-2.075195e-03
4418,-2.197266e-03
4419,-1.953125e-03
4420,-2.075195e-03
4421,-2.319336e-03
4422,-1.953125e-03
4423,-1.586914e-03
4424,-2.441406e-03
4425,-1.342773e-03
4426,-1.953125e-03
4427,-2.197266e-03
4428,-1.708984e-03
4429,-2.441406e-03
4430,-2.197266e-03
4431,-1.464844e-03
4432,-2.929688e-03
4433,-2.075195e-03
4434,-2.197266e-03
4435,-1.586914e-03
4436,-1.953125e-03
4437,-2.075195e-03
4438,-1.586914e-03
4439,-1.708984e-03
4440,-2.685547e-03
4441,-2.319336e-03
4442,-1.708984e-03
4443,-1.098633e-03
4444,-1.586914e-03
4445,-2.075195e-03
4446,-1.586914e-03
4447,-1.708984e-03
4448,-1.953125e-03
4449,-1.953125e-03
4450,-1.464844e-03
4451,-1.953125e-03
4452,-1.708984e-03
4453,-1.708984e-03
4454,-1.708984e-03
4455,-1.342773e-03
4456,-2.075195e-03
4457,-1.342773e-03
4458,-2.319336e-03
4459,-1.586914e-03
4460,-1.342773e-03
4461,-2.441406e-03
4462,-2.319336e-03
4463,-2.319336e-03
4464,-6.103516e-04
4465,-1.220703e-03
4466,-1.953125e-03
4467,-1.342773e-03
4468,-2.197266e-03
4469,-1.953125e-03
4470,-2.319336e-03
4471,-2.197266e-03
4472,-2.075195e-03
4473,-2.319336e-03
4474,-2.319336e-03
4475,-2.075195e-03
4476,-2.441406e-03
4477,-1.953125e-03
4478,-2.075195e-03
4479,-1.953125e-03
4480,-2.075195e-03
4481,-2.441406e-03
4482,-3.051758e-03
4483,-1.708984e-03
4484,-1.831055e-03
4485,-2.197266e-03
4486,-1.708984e-03
4487,-1.708984e-03
4488,-2.197266e-03
4489,-1.708984e-03
4490,-1.953125e-03
4491,-1.953125e-03
4492,-2.563477e-03
4493,-2.075195e-03
4494,-2.807617e-03
4495,-1.708984e-03
4496,-1.586914e-03
4497,-1.708984e-03
4498,-2.075195e-03
4499,-2.563477e-03
4500,-2.075195e-03
4501,-1.953125e-03
4502,-2.929688e-03
4503,-2.563477e-03
4504,-1.953125e-03
4505,-2.197266e-03
4506,-2.197266e-03
4507,-1.708984e-03
4508,-1.342773e-03
4509,-1.342773e-03
4510,-2.197266e-03
4511,-1.953125e-03
4512,-1.586914e-03
4513,-2.807617e-03
4514,-2.075195e-03
4515,-2.197266e-03
4516,-2.319336e-03
4517,-1.953125e-03
4518,-1.708984e-03
4519,-1.708984e-03
4520,-1.220703e-03
4521,-1.831055e-03
4522,-2.563477e-03
4523,-2.441406e-03
4524,-2.807617e-03
4525,-1.953125e-03
4526,-1.586914e-03
4527,-1.586914e-03
4528,-1.953125e-03
4529,-1.953125e-03
4530,-2.319336e-03
4531,-2.563477e-03
4532,-2.197266e-03
4533,-1.953125e-03
4534,-2.807617e-03
4535,-2.807617e-03
4536,-2.197266e-03
4537,-1.464844e-03
4538,-1.953125e-03
4539,-2.197266e-03
4540,-2.197266e-03
4541,-2.807617e-03
4542,-2.319336e-03
4543,-2.319336e-03
4544,-2.319336e-03
4545,-1.708984e-03
4546,-1.708984e-03
4547,-2.197266e-03
4548,-2.807617e-03
4549,-2.563477e-03
4550,-1.953125e-03
4551,-2.441406e-03
4552,-2.197266e-03
4553,-1.708984e-03
4554,-3.051758e-03
4555,-1.708984e-03
4556,-1.831055e-03
4557,-1.708984e-03
4558,-1.831055e-03
4559,-2.807617e-03
4560,-3.295898e-03
4561,-2.807617e-03
4562,-2.319336e-03
4563,-2.807617e-03
4564,-2.563477e-03
4565,-2.563477e-03
4566,-2.807617e-03
4567,-2.319336e-03
4568,-2.197266e-03
4569,-3.295898e-03
4570,-3.051758e-03
4571,-2.441406e-03
4572,-2.929688e-03
4573,-2.563477e-03
4574,-2.563477e-03
4575,-2.563477e-03
4576,-1.953125e-03
4577,-3.051758e-03
4578,-2.197266e-03
4579,-2.929688e-03
4580,-2.441406e-03
4581,-2.197266e-03
4582,-2.075195e-03
4583,-1.708984e-03
4584,-1.708984e-03
4585,-2.075195e-03
4586,-2.807617e-03
4587,-2.563477e-03
4588,-2.319336e-03
4589,-2.807617e-03
4590,-1.586914e-03
4591,-2.319336e-03
4592,-2.807617e-03
4593,-2.563477e-03
4594,-2.075195e-03
4595,-1.953125e-03
4596,-2.319336e-03
4597,-2.929688e-03
4598,-2.563477e-03
4599,-3.051758e-03
4600,-2.563477e-03
4601,-2.319336e-03
4602,-2.441406e-03
4603,-2.197266e-03
4604,-2.075195e-03
4605,-2.563477e-03
4606,-2.929688e-03
4607,-1.708984e-03
4608,-2.563477e-03
4609,-3.051758e-03
4610,-1.708984e-03
4611,-1.708984e-03
4612,-2.319336e-03
4613,-2.563477e-03
4614,-2.563477e-03
4615,-2.075195e-03
4616,-2.319336e-03
4617,-2.319336e-03
4618,-3.173828e-03
4619,-2.319336e-03
4620,-2.197266e-03
4621,-2.441406e-03
4622,-2.563477e-03
4623,-2.563477e-03
4624,-1.953125e-03
4625,-2.441406e-03
4626,-2.441406e-03
4627,-2.197266e-03
4628,-1.708984e-03
4629,-2.319336e-03
4630,-2.807617e-03
4631,-1.586914e-03
4632,-2.563477e-03
4633,-2.441406e-03
4634,-3.173828e-03
4635,-2.441406e-03
4636,-2.197266e-03
4637,-2.563477e-03
4638,-2.197266e-03
4639,-2.441406e-03
4640,-1.708984e-03
4641,-2.319336e-03
4642,-2.807617e-03
4643,-2.197266e-03
4644,-2.075195e-03
4645,-2.563477e-03
4646,-2.441406e-03
4647,-2.807617e-03
4648,-2.807617e-03
4649,-2.441406e-03
4650,-2.075195e-03
4651,-2.441406e-03
4652,-2.197266e-03
4653,-2.441406e-03
4654,-2.319336e-03
4655,-2.075195e-03
4656,-2.197266e-03
4657,-2.319336e-03
4658,-2.807617e-03
4659,-2.197266e-03
4660,-2.807617e-03
4661,-2.441406e-03
4662,-2.441406e-03
4663,-2.197266e-03
4664,-1.342773e-03
4665,-1.708984e-03
4666,-1.342773e-03
4667,-1.953125e-03
4668,-2.563477e-03
4669,-2.319336e-03
4670,-1.098633e-03
4671,-2.685547e-03
4672,-4.150391e-03
4673,-3.173828e-03
4674,-2.441406e-03
4675,-2.563477e-03
4676,-2.563477e-03
4677,-1.586914e-03
4678,-2.197266e-03
4679,-2.197266e-03
4680,-1.953125e-03
4681,-2.319336e-03
4682,-2.563477e-03
4683,-2.441406e-03
4684,-2.319336e-03
4685,-2.075195e-03
4686,-2.075195e-03
4687,-2.197266e-03
4688,-1.708984e-03
4689,-2.197266e-03
4690,-1.708984e-03
4691,-2.563477e-03
4692,-1.953125e-03
4693,-1.586914e-03
4694,-1.708984e-03
4695,-1.708984e-03
4696,-2.075195e-03
4697,-2.563477e-03
4698,-3.051758e-03
4699,-3.173828e-03
4700,-1.953125e-03
4701,-2.197266e-03
4702,-2.441406e-03
4703,-2.563477e-03
4704,-1.953125e-03
4705,-2.441406e-03
4706,-2.929688e-03
4707,-3.173828e-03
4708,-2.319336e-03
4709,-2.563477e-03
4710,-2.441406e-03
4711,-2.807617e-03
4712,-1.464844e-03
4713,-2.563477e-03
4714,-3.051758e-03
4715,-2.319336e-03
4716,-3.417969e-03
4717,-2.441406e-03
4718,-2.563477e-03
4719,-2.197266e-03
4720,-2.075195e-03
4721,-2.563477e-03
4722,-1.708984e-03
4723,-2.197266e-03
4724,-1.708984e-03
4725,-2.441406e-03
4726,-2.197266e-03
4727,-2.563477e-03
4728,-2.075195e-03
4729,-1.953125e-03
4730,-2.929688e-03
4731,-2.807617e-03
4732,-1.586914e-03
4733,-2.197266e-03
4734,-2.441406e-03
4735,-2.075195e-03
4736,-3.051758e-03
4737,-2.807617e-03
4738,-2.197266e-03
4739,-2.807617e-03
4740,-2.807617e-03
4741,-2.441406e-03
4742,-1.464844e-03
4743,-2.197266e-03
4744,-2.319336e-03
4745,-1.708984e-03
4746,-2.075195e-03
4747,-2.563477e-03
4748,-2.075195e-03
4749,-1.708984e-03
4750,-1.953125e-03
4751,-2.441406e-03
4752,-1.708984e-03
4753,-1.831055e-03
4754,-2.929688e-03
4755,-2.319336e-03
4756,-3.295898e-03
4757,-3.417969e-03
4758,-2.075195e-03
4759,-2.563477e-03
4760,-2.197266e-03
4761,-1.464844e-03
4762,-2.319336e-03
4763,-1.586914e-03
4764,-1.831055e-03
4765,-1.708984e-03
4766,-3.051758e-03
4767,-1.464844e-03
4768,-2.075195e-03
4769,-2.807617e-03
4770,-3.051758e-03
4771,-1.342773e-03
4772,-1.953125e-03
4773,-2.929688e-03
4774,-1.708984e-03
4775,-2.319336e-03
4776,-2.441406e-03
4777,-2.197266e-03
4778,-2.929688e-03
4779,-1.953125e-03
4780,-2.441406e-03
4781,-2.197266e-03
4782,-1.464844e-03
4783,-3.417969e-03
4784,-1.464844e-03
4785,-2.075195e-03
4786,-2.441406e-03
4787,-1.708984e-03
4788,-2.319336e-03
4789,-2.197266e-03
4790,-2.807617e-03
4791,-2.075195e-03
4792,-1.708984e-03
4793,-2.929688e-03
4794,-2.807617e-03
4795,-1.098633e-03
4796,-2.685547e-03
4797,-1.953125e-03
4798,-2.075195e-03
4799,-2.807617e-03
4800,-2.075195e-03
4801,-1.342773e-03
4802,-1.220703e-03
4803,-1.586914e-03
4804,-2.075195e-03
4805,-2.441406e-03
4806,-2.075195e-03
4807,-2.441406e-03
4808,-1.708984e-03
4809,-1.464844e-03
4810,-1.708984e-03
4811,-2.197266e-03
4812,-2.563477e-03
4813,-2.441406e-03
4814,-1.586914e-03
4815,-1.953125e-03
4816,-2.929688e-03
4817,-1.098633e-03
4818,-2.563477e-03
4819,-2.563477e-03
4820,-1.342773e-03
4821,-1.708984e-03
4822,-2.441406e-03
4823,-2.563477e-03
4824,-1.708984e-03
4825,-2.319336e-03
4826,-2.319336e-03
4827,-1.220703e-03
4828,-2.075195e-03
4829,-2.441406e-03
4830,-2.441406e-03
4831,-1.464844e-03
4832,-2.685547e-03
4833,-3.173828e-03
4834,-1.342773e-03
4835,-2.319336e-03
4836,-2.075195e-03
4837,-2.197266e-03
4838,-2.075195e-03
4839,-1.708984e-03
4840,-3.173828e-03
4841,-2.929688e-03
4842,-2.441406e-03
4843,-2.441406e-03
4844,-1.708984e-03
4845,-2.563477e-03
4846,-2.197266e-03
4847,-1.464844e-03
4848,-2.197266e-03
4849,-2.075195e-03
4850,-1.953125e-03
4851,-1.708984e-03
4852,-2.563477e-03
4853,-2.807617e-03
4854,-2.075195e-03
4855,-2.441406e-03
4856,-2.807617e-03
4857,-2.441406e-03
4858,-1.953125e-03
4859,-1.708984e-03
4860,-3.051758e-03
4861,-2.563477e-03
4862,-2.929688e-03
4863,-2.197266e-03
4864,-2.075195e-03
4865,-2.441406e-03
4866,-2.807617e-03
4867,-2.075195e-03
4868,-2.075195e-03
4869,-2.929688e-03
4870,-2.563477e-03
4871,-2.075195e-03
4872,-2.563477e-03
4873,-2.319336e-03
4874,-1.708984e-03
4875,-1.953125e-03
4876,-3.051758e-03
4877,-2.563477e-03
4878,-2.319336e-03
4879,-1.586914e-03
4880,-2.441406e-03
4881,-1.708984e-03
4882,-2.075195e-03
4883,-2.075195e-03
4884,-2.319336e-03
4885,-2.563477e-03
4886,-1.953125e-03
4887,-2.441406e-03
4888,-2.807617e-03
4889,-1.953125e-03
4890,-1.464844e-03
4891,-2.197266e-03
4892,-2.075195e-03
4893,-1.708984e-03
4894,-2.441406e-03
4895,-1.098633e-03
4896,-1.586914e-03
4897,-3.173828e-03
4898,-2.075195e-03
4899,-2.075195e-03
4900,-3.417969e-03
4901,-3.662109e-03
4902,-1.464844e-03
4903,-1.831055e-03
4904,-2.441406e-03
4905,-2.563477e-03
4906,-1.342773e-03
4907,-1.831055e-03
4908,-1.953125e-03
4909,-2.441406e-03
4910,-1.953125e-03
4911,-2.075195e-03
4912,-1.586914e-03
4913,-1.953125e-03
4914,-2.563477e-03
4915,-2.197266e-03
4916,-2.929688e-03
4917,-1.342773e-03
4918,-1.586914e-03
4919,-2.075195e-03
4920,-2.319336e-03
4921,-1.708984e-03
4922,-2.075195e-03
4923,-2.563477e-03
4924,-3.417969e-03
4925,-1.464844e-03
4926,-1.708984e-03
4927,-1.953125e-03
4928,-2.563477e-03
4929,-2.319336e-03
4930,-2.197266e-03
4931,-2.441406e-03
4932,-2.197266e-03
4933,-2.807617e-03
4934,-2.563477e-03
4935,-2.441406e-03
4936,-2.807617e-03
4937,-1.708984e-03
4938,-2.319336e-03
4939,-2.563477e-03
4940,-1.586914e-03
4941,-1.586914e-03
4942,-2.441406e-03
4943,-1.953125e-03
4944,-1.464844e-03
4945,-2.441406e-03
4946,-1.708984e-03
4947,-1.708984e-03
4948,-2.441406e-03
4949,-2.807617e-03
4950,-2.319336e-03
4951,-1.708984e-03
4952,-1.708984e-03
4953,-1.708984e-03
4954,-1.953125e-03
4955,-2.563477e-03
4956,-2.319336e-03
4957,-2.807617e-03
4958,-2.319336e-03
4959,-1.708984e-03
4960,-1.953125e-03
4961,-1.708984e-03
4962,-2.075195e-03
4963,-2.563477e-03
4964,-1.586914e-03
4965,-2.319336e-03
4966,-2.197266e-03
4967,-1.098633e-03
4968,-2.075195e-03
4969,-1.953125e-03
4970,-2.319336e-03
4971,-2.075195e-03
4972,-2.075195e-03
4973,-1.342773e-03
4974,-1.953125e-03
4975,-1.953125e-03
4976,-2.197266e-03
4977,-2.441406e-03
4978,-1.342773e-03
4979,-2.197266e-03
4980,-2.563477e-03
4981,-2.197266e-03
4982,-1.586914e-03
4983,-2.197266e-03
4984,-1.708984e-03
4985,-2.319336e-03
4986,-1.953125e-03
4987,-1.342773e-03
4988,-1.586914e-03
4989,-1.220703e-03
4990,-1.220703e-03
4991,-2.441406e-03
4992,-2.319336e-03
4993,-2.319336e-03
4994,-2.197266e-03
4995,-2.075195e-03
4996,-1.708984e-03
4997,-1.342773e-03
4998,-1.342773e-03
4999,-2.075195e-03
5000,-1.708984e-03
5001,-1.708984e-03
5002,-1.831055e-03
5003,-1.953125e-03
5004,-2.075195e-03
5005,-2.075195e-03
5006,-2.563477e-03
5007,-1.586914e-03
5008,-8.544922e-04
5009,-3.173828e-03
5010,-1.708984e-03
5011,-1.342773e-03
5012,-2.685547e-03
5013,-3.051758e-03
5014,-1.708984e-03
5015,-1.953125e-03
5016,-2.441406e-03
5017,-2.075195e-03
5018,-1.220703e-03
5019,-2.197266e-03
5020,-2.075195e-03
5021,-3.051758e-03
5022,-1.708984e-03
5023,-1.464844e-03
5024,-1.586914e-03
5025,-1.342773e-03
5026,-1.586914e-03
5027,-1.953125e-03
5028,-2.075195e-03
5029,-1.708984e-03
5030,-1.586914e-03
5031,-1.831055e-03
5032,-1.220703e-03
5033,-2.075195e-03
5034,-1.708984e-03
5035,-1.464844e-03
5036,-1.586914e-03
5037,-1.464844e-03
5038,-1.953125e-03
5039,-1.708984e-03
5040,-1.464844e-03
5041,-2.075195e-03
5042,-2.197266e-03
5043,-2.075195e-03
5044,-1.098633e-03
5045,-2.441406e-03
5046,-1.708984e-03
5047,-9.765625e-04
5048,-1.464844e-03
5049,-1.586914e-03
5050,-1.220703e-03
5051,-2.441406e-03
5052,-2.075195e-03
5053,-2.319336e-03
5054,-2.075195e-03
5055,-2.563477e-03
5056,-2.197266e-03
5057,-2.441406e-03
5058,-1.708984e-03
5059,-1.953125e-03
5060,-2.319336e-03
5061,-8.544922e-04
5062,-1.586914e-03
5063,-2.197266e-03
5064,-2.319336e-03
5065,-1.708984e-03
5066,-2.685547e-03
5067,-1.708984e-03
5068,-1.708984e-03
5069,-2.197266e-03
5070,-2.075195e-03
5071,-2.563477e-03
5072,-2.563477e-03
5073,-1.953125e-03
5074,-2.441406e-03
5075,-1.342773e-03
5076,-1.220703e-03
5077,-1.586914e-03
5078,-1.586914e-03
5079,-1.586914e-03
5080,-1.586914e-03
5081,-1.708984e-03
5082,-1.098633e-03
5083,-2.075195e-03
5084,-2.319336e-03
5085,-1.464844e-03
5086,-3.051758e-03
5087,-1.708984e-03
5088,-2.075195e-03
5089,-1.342773e-03
5090,-2.319336e-03
5091,-2.075195e-03
5092,-2.807617e-03
5093,-1.220703e-03
5094,-2.685547e-03
5095,-2.929688e-03
5096,-1.708984e-03
5097,-1.464844e-03
5098,-2.685547e-03
5099,-1.098633e-03
5100,-8.544922e-04
5101,-2.319336e-03
5102,-1.464844e-03
5103,-1.586914e-03
5104,-2.075195e-03
5105,-1.464844e-03
5106,-2.075195e-03
5107,-2.441406e-03
5108,-2.563477e-03
5109,-1.953125e-03
5110,-1.708984e-03
5111,-2.441406e-03
5112,-1.953125e-03
5113,-1.708984e-03
5114,-1.953125e-03
5115,-1.586914e-03
5116,-2.075195e-03
5117,-1.953125e-03
5118,-2.563477e-03
5119,-2.197266e-03
5120,-1.586914e-03
5121,-2.197266e-03
5122,-2.075195e-03
5123,-2.075195e-03
5124,-1.708984e-03
5125,-1.342773e-03
5126,-1.831055e-03
5127,-2.075195e-03
5128,-1.953125e-03
5129,-1.586914e-03
5130,-7.324219e-04
5131,-2.441406e-03
5132,-1.708984e-03
5133,-1.708984e-03
5134,-2.319336e-03
5135,-1.708984e-03
5136,-1.098633e-03
5137,-2.319336e-03
5138,-1.708984e-03
5139,-1.831055e-03
5140,-1.220703e-03
5141,-1.953125e-03
5142,-1.586914e-03
5143,-9.765625e-04
5144,-1.464844e-03
5145,-1.831055e-03
5146,-1.708984e-03
5147,-8.544922e-04
5148,-1.831055e-03
5149,-1.708984e-03
5150,-2.319336e-03
5151,-2.563477e-03
5152,-1.098633e-03
5153,-1.831055e-03
5154,-2.563477e-03
5155,-2.075195e-03
5156,-2.197266e-03
5157,-1.708984e-03
5158,-1.586914e-03
5159,-2.441406e-03
5160,-1.708984e-03
5161,-2.197266e-03
5162,-1.342773e-03
5163,-9.765625e-04
5164,-2.197266e-03
5165,-2.075195e-03
5166,-1.220703e-03
5167,-2.075195e-03
5168,-1.953125e-03
5169,-2.319336e-03
5170,-2.075195e-03
5171,-1.220703e-03
5172,-2.197266e-03
5173,-2.075195e-03
5174,-1.586914e-03
5175,-1.831055e-03
5176,-1.708984e-03
5177,-2.441406e-03
5178,-1.586914e-03
5179,-2.197266e-03
5180,-1.220703e-03
5181,-2.441406e-03
5182,-2.075195e-03
5183,-1.464844e-03
5184,-2.441406e-03
5185,-1.464844e-03
5186,-2.197266e-03
5187,-1.220703e-03
5188,-1.953125e-03
5189,-8.544922e-04
5190,-1.586914e-03
5191,-1.464844e-03
5192,-2.441406e-03
5193,-2.075195e-03
5194,-2.197266e-03
5195,-2.075195e-03
5196,-2.319336e-03
5197,-2.075195e-03
5198,-2.075195e-03
5199,-2.563477e-03
5200,-2.441406e-03
5201,-2.563477e-03
5202,-2.441406e-03
5203,-2.441406e-03
5204,-1.464844e-03
5205,-1.953125e-03
5206,-2.441406e-03
5207,-1.342773e-03
5208,-1.953125e-03
5209,-1.708984e-03
5210,-1.708984e-03
5211,-1.098633e-03
5212,-2.563477e-03
5213,-1.708984e-03
5214,-1.342773e-03
5215,-1.464844e-03
5216,-2.075195e-03
5217,-1.708984e-03
5218,-1.831055e-03
5219,-1.953125e-03
5220,-2.563477e-03
5221,-1.708984e-03
5222,-1.220703e-03
5223,-1.464844e-03
5224,-2.197266e-03
5225,-2.441406e-03
5226,-1.708984e-03
5227,-2.319336e-03
5228,-2.075195e-03
5229,-1.708984e-03
5230,-2.197266e-03
5231,-1.586914e-03
5232,-2.685547e-03
5233,-2.075195e-03
5234,-2.197266e-03
5235,-1.708984e-03
5236,-1.098633e-03
5237,-1.586914e-03
5238,-2.929688e-03
5239,-1.708984e-03
5240,-1.708984e-03
5241,-1.953125e-03
5242,-1.708984e-03
5243,-1.342773e-03
5244,-2.685547e-03
5245,-2.197266e-03
5246,-1.708984e-03
5247,-3.051758e-03
5248,-1.586914e-03
5249,-2.319336e-03
5250,-2.197266e-03
5251,-1.586914e-03
5252,-1.342773e-03
5253,-1.953125e-03
5254,-1.708984e-03
5255,-1.953125e-03
5256,-1.464844e-03
5257,-1.831055e-03
5258,-2.197266e-03
5259,-1.098633e-03
5260,-2.075195e-03
5261,-1.708984e-03
5262,-1.098633e-03
5263,-1.464844e-03
5264,-1.831055e-03
5265,-2.075195e-03
5266,-2.197266e-03
5267,-1.586914e-03
5268,-1.831055e-03
5269,-2.807617e-03
5270,-2.807617e-03
5271,-1.342773e-03
5272,-1.953125e-03
5273,-2.807617e-03
5274,-2.319336e-03
5275,-1.708984e-03
5276,-1.220703e-03
5277,-1.953125e-03
5278,-2.441406e-03
5279,-2.319336e-03
5280,-2.441406e-03
5281,-2.197266e-03
5282,-1.586914e-03
5283,-1.708984e-03
5284,-1.831055e-03
5285,-2.197266e-03
5286,-2.563477e-03
5287,-1.708984e-03
5288,-1.586914e-03
5289,-1.953125e-03
5290,-1.464844e-03
5291,-2.197266e-03
5292,-1.708984e-03
5293,-1.708984e-03
5294,-1.586914e-03
5295,-1.831055e-03
5296,-1.464844e-03
5297,-2.075195e-03
5298,-2.441406e-03
5299,-2.075195e-03
5300,-1.586914e-03
5301,-2.197266e-03
5302,-1.953125e-03
5303,-2.563477e-03
5304,-8.544922e-04
5305,-1.831055e-03
5306,-2.807617e-03
5307,-2.441406e-03
5308,-1.953125e-03
5309,-2.563477e-03
5310,-2.563477e-03
5311,-8.544922e-04
5312,-1.831055e-03
5313,-2.441406e-03
5314,-2.075195e-03
5315,-1.708984e-03
5316,-2.075195e-03
5317,-1.708984e-03
5318,-1.953125e-03
5319,-1.953125e-03
5320,-2.075195e-03
5321,-1.708984e-03
5322,-2.075195e-03
5323,-1.708984e-03
5324,-1.586914e-03
5325,-1.708984e-03
5326,-1.708984e-03
5327,-2.441406e-03
5328,-2.319336e-03
5329,-2.197266e-03
5330,-1.953125e-03
5331,-1.708984e-03
5332,-1.708984e-03
5333,-1.831055e-03
5334,-1.586914e-03
5335,-1.708984e-03
5336,-1.586914e-03
5337,-1.953125e-03
5338,-1.586914e-03
5339,-1.220703e-03
5340,-1.220703e-03
5341,-1.342773e-03
5342,-7.324219e-04
5343,-9.765625e-04
5344,-1.342773e-03
5345,-2.075195e-03
5346,-2.075195e-03
5347,-1.953125e-03
5348,-2.197266e-03
5349,-1.098633e-03
5350,-1.464844e-03
5351,-1.953125e-03
5352,-2.197266e-03
5353,-6.103516e-04
5354,-2.319336e-03
5355,-1.220703e-03
5356,-2.441406e-03
5357,-1.464844e-03
5358,-1.708984e-03
5359,-2.197266e-03
5360,-1.708984e-03
5361,-2.319336e-03
5362,-1.953125e-03
5363,-2.075195e-03
5364,-1.708984e-03
5365,-2.563477e-03
5366,-1.708984e-03
5367,-1.586914e-03
5368,-1.953125e-03
5369,-1.098633e-03
5370,-1.708984e-03
5371,-1.098633e-03
5372,-1.342773e-03
5373,-1.953125e-03
5374,-1.708984e-03
5375,-2.197266e-03
5376,-1.464844e-03
5377,-1.464844e-03
5378,-1.953125e-03
5379,-8.544922e-04
5380,-1.953125e-03
5381,-2.807617e-03
5382,-1.098633e-03
5383,-1.098633e-03
5384,-2.319336e-03
5385,-1.708984e-03
5386,-1.708984e-03
5387,-3.051758e-03
5388,-1.342773e-03
5389,-2.807617e-03
5390,-2.075195e-03
5391,-1.708984e-03
5392,-2.197266e-03
5393,-1.708984e-03
5394,-1.708984e-03
5395,-1.953125e-03
5396,-2.319336e-03
5397,-1.586914e-03
5398,-1.831055e-03
5399,-1.464844e-03
5400,-9.765625e-04
5401,-2.075195e-03
5402,-2.929688e-03
5403,-2.319336e-03
5404,-2.075195e-03
5405,-1.708984e-03
5406,-2.075195e-03
5407,-2.197266e-03
5408,-2.441406e-03
5409,-2.197266e-03
5410,-2.563477e-03
5411,-2.319336e-03
5412,-1.708984e-03
5413,-1.586914e-03
5414,-1.220703e-03
5415,-1.953125e-03
5416,-1.953125e-03
5417,-2.563477e-03
5418,-2.319336e-03
5419,-1.953125e-03
5420,-1.953125e-03
5421,-1.464844e-03
5422,-1.342773e-03
5423,-1.464844e-03
5424,-2.075195e-03
5425,-1.342773e-03
5426,-2.075195e-03
5427,-2.319336e-03
5428,-2.563477e-03
5429,-1.342773e-03
5430,-1.464844e-03
5431,-1.464844e-03
5432,-8.544922e-04
5433,-2.075195e-03
5434,-1.586914e-03
5435,-1.586914e-03
5436,-9.765625e-04
5437,-2.319336e-03
5438,-1.586914e-03
5439,-1.953125e-03
5440,-2.075195e-03
5441,-1.586914e-03
5442,-1.708984e-03
5443,-1.708984e-03
5444,-6.103516e-04
5445,-2.197266e-03
5446,-1.708984e-03
5447,-9.765625e-04
5448,-9.765625e-04
5449,-1.586914e-03
5450,-1.586914e-03
5451,-1.464844e-03
5452,-1.708984e-03
5453,-2.563477e-03
5454,-1.708984e-03
5455,-2.319336e-03
5456,-2.563477e-03
5457,-1.220703e-03
5458,-1.220703e-03
5459,-1.586914e-03
5460,-2.075195e-03
5461,-2.197266e-03
5462,-1.464844e-03
5463,-1.464844e-03
5464,-2.075195e-03
5465,-1.464844e-03
5466,-1.708984e-03
5467,-1.586914e-03
5468,-1.831055e-03
5469,-1.953125e-03
5470,-1.708984e-03
5471,-1.708984e-03
5472,-1.342773e-03
5473,-2.563477e-03
5474,-1.098633e-03
5475,-1.708984e-03
5476,-1.098633e-03
5477,-1.342773e-03
5478,-1.953125e-03
5479,-1.342773e-03
5480,-2.319336e-03
5481,-8.544922e-04
5482,-1.586914e-03
5483,-1.586914e-03
5484,-2.075195e-03
5485,-2.319336e-03
5486,-1.464844e-03
5487,-2.197266e-03
5488,-2.075195e-03
5489,-1.708984e-03
5490,-2.807617e-03
5491,-2.929688e-03
5492,-2.075195e-03
5493,-1.342773e-03
5494,-2.197266e-03
5495,-2.807617e-03
5496,-2.563477e-03
5497,-1.708984e-03
5498,-2.441406e-03
5499,-1.953125e-03
5500,-1.708984e-03
5501,-2.075195e-03
5502,-1.464844e-03
5503,-2.197266e-03
5504,-1.953125e-03
5505,-1.464844e-03
5506,-9.765625e-04
5507,-1.953125e-03
5508,-1.708984e-03
5509,-2.075195e-03
5510,-1.708984e-03
5511,-2.563477e-03
5512,-1.708984e-03
5513,-1.342773e-03
5514,-1.831055e-03
5515,-2.075195e-03
5516,-1.220703e-03
5517,-2.807617e-03
5518,-2.319336e-03
5519,-2.563477e-03
5520,-1.953125e-03
5521,-2.441406e-03
5522,-3.051758e-03
5523,-1.708984e-03
5524,-2.441406e-03
5525,-1.586914e-03
5526,-1.098633e-03
5527,-1.464844e-03
5528,-1.953125e-03
5529,-2.319336e-03
5530,-1.464844e-03
5531,-2.319336e-03
5532,-1.708984e-03
5533,-1.708984e-03
5534,-1.342773e-03
5535,-1.342773e-03
5536,-2.807617e-03
5537,-2.197266e-03
5538,-2.197266e-03
5539,-1.708984e-03
5540,-1.586914e-03
5541,-1.831055e-03
5542,-1.708984e-03
5543,-1.586914e-03
5544,-1.831055e-03
5545,-1.953125e-03
5546,-2.319336e-03
5547,-2.441406e-03
5548,-1.708984e-03
5549,-1.708984e-03
5550,-1.586914e-03
5551,-1.342773e-03
5552,-2.197266e-03
5553,-2.563477e-03
5554,-1.586914e-03
5555,-1.953125e-03
5556,-1.586914e-03
5557,-2.807617e-03
5558,-2.197266e-03
5559,-1.953125e-03
5560,-1.464844e-03
5561,-1.708984e-03
5562,-1.464844e-03
5563,-1.220703e-03
5564,-2.197266e-03
5565,-1.708984e-03
5566,-2.075195e-03
5567,-2.319336e-03
5568,-2.563477e-03
5569,-1.464844e-03
5570,-1.953125e-03
5571,-1.708984e-03
5572,-1.464844e-03
5573,-1.708984e-03
5574,-1.708984e-03
5575,-2.075195e-03
5576,-1.953125e-03
5577,-1.708984e-03
5578,-2.319336e-03
5579,-2.563477e-03
5580,-2.441406e-03
5581,-1.708984e-03
5582,-1.708984e-03
5583,-9.765625e-04
5584,-2.197266e-03
5585,-3.173828e-03
5586,-1.586914e-03
5587,-1.098633e-03
5588,-1.708984e-03
5589,-2.075195e-03
5590,-2.563477e-03
5591,-1.220703e-03
5592,-2.319336e-03
5593,-2.197266e-03
5594,-2.197266e-03
5595,-3.295898e-03
5596,-1.708984e-03
5597,-2.441406e-03
5598,-2.319336e-03
5599,-2.441406e-03
5600,-1.708984e-03
5601,-1.708984e-03
5602,-1.220703e-03
5603,-2.685547e-03
5604,-2.197266e-03
5605,-2.563477e-03
5606,-1.708984e-03
5607,-1.464844e-03
5608,-1.464844e-03
5609,-2.319336e-03
5610,-2.929688e-03
5611,-2.563477e-03
5612,-2.441406e-03
5613,-2.197266e-03
5614,-3.173828e-03
5615,-2.075195e-03
5616,-2.197266e-03
5617,-3.051758e-03
5618,-2.563477e-03
5619,-2.075195e-03
5620,-1.708984e-03
5621,-2.197266e-03
5622,-3.173828e-03
5623,-2.197266e-03
5624,-2.929688e-03
5625,-2.197266e-03
5626,-1.953125e-03
5627,-2.075195e-03
5628,-2.441406e-03
5629,-1.708984e-03
5630,-2.197266e-03
5631,-2.929688e-03
5632,-1.708984e-03
5633,-2.563477e-03
5634,-2.075195e-03
5635,-1.342773e-03
5636,-1.708984e-03
5637,-2.319336e-03
5638,-1.708984e-03
5639,-2.441406e-03
5640,-1.708984e-03
5641,-2.197266e-03
5642,-2.319336e-03
5643,-2.319336e-03
5644,-1.708984e-03
5645,-2.441406e-03
5646,-1.708984e-03
5647,-1.831055e-03
5648,-2.563477e-03
5649,-2.563477e-03
5650,-2.197266e-03
5651,-1.953125e-03
5652,-1.464844e-03
5653,-1.464844e-03
5654,-1.708984e-03
5655,-2.685547e-03
5656,-1.708984e-03
5657,-1.342773e-03
5658,-2.319336e-03
5659,-1.708984e-03
5660,-2.197266e-03
5661,-2.319336e-03
5662,-1.708984e-03
5663,-1.708984e-03
5664,-2.319336e-03
5665,-2.441406e-03
5666,-2.807617e-03
5667,-2.563477e-03
5668,-2.563477e-03
5669,-1.464844e-03
5670,-2.197266e-03
5671,-1.953125e-03
5672,-1.464844e-03
5673,-1.464844e-03
5674,-9.765625e-04
5675,-1.464844e-03
5676,-2.197266e-03
5677,-1.586914e-03
5678,-3.051758e-03
5679,-1.708984e-03
5680,-2.563477e-03
5681,-2.075195e-03
5682,-2.319336e-03
5683,-2.319336e-03
5684,-2.319336e-03
5685,-1.342773e-03
5686,-1.586914e-03
5687,-2.197266e-03
5688,-2.075195e-03
5689,-2.319336e-03
5690,-2.563477e-03
5691,-2.929688e-03
5692,-2.319336e-03
5693,-1.708984e-03
5694,-1.098633e-03
5695,-1.708984e-03
5696,-2.075195e-03
5697,-2.319336e-03
5698,-1.708984e-03
5699,-2.685547e-03
5700,-2.075195e-03
5701,-2.197266e-03
5702,-1.342773e-03
5703,-2.319336e-03
5704,-2.075195e-03
5705,-2.319336e-03
5706,-1.098633e-03
5707,-2.197266e-03
5708,-2.441406e-03
5709,-1.586914e-03
5710,-1.586914e-03
5711,-1.586914e-03
5712,-1.831055e-03
5713,-2.197266e-03
5714,-2.197266e-03
5715,-1.220703e-03
5716,-1.098633e-03
5717,-9.765625e-04
5718,-2.319336e-03
5719,-2.929688e-03
5720,-2.319336e-03
5721,-2.563477e-03
5722,-8.544922e-04
5723,-1.342773e-03
5724,-2.075195e-03
5725,-1.953125e-03
5726,-2.319336e-03
5727,-2.807617e-03
5728,-1.708984e-03
5729,-2.441406e-03
5730,-2.441406e-03
5731,-1.708984e-03
5732,-2.441406e-03
5733,-2.319336e-03
5734,-2.441406e-03
5735,-8.544922e-04
5736,-2.075195e-03
5737,-1.342773e-03
5738,-2.197266e-03
5739,-1.953125e-03
5740,-2.075195e-03
5741,-2.441406e-03
5742,-1.464844e-03
5743,-1.586914e-03
5744,-1.220703e-03
5745,-2.563477e-03
5746,-2.197266e-03
5747,-2.197266e-03
5748,-1.953125e-03
5749,-1.953125e-03
5750,-2.075195e-03
5751,-1.586914e-03
5752,-1.464844e-03
5753,-2.197266e-03
5754,-2.563477e-03
5755,-2.197266e-03
5756,-1.708984e-03
5757,-1.708984e-03
5758,-2.441406e-03
5759,-2.563477e-03
5760,-1.098633e-03
5761,-1.831055e-03
5762,-1.708984e-03
5763,-1.953125e-03
5764,-3.051758e-03
5765,-3.173828e-03
5766,-2.319336e-03
5767,-2.441406e-03
5768,-2.197266e-03
5769,-2.075195e-03
5770,-2.563477e-03
5771,-2.563477e-03
5772,-1.708984e-03
5773,-1.464844e-03
5774,-8.544922e-04
5775,-1.586914e-03
5776,-2.563477e-03
5777,-2.441406e-03
5778,-1.953125e-03
5779,-2.319336e-03
5780,-2.197266e-03
5781,-2.197266e-03
5782,-2.441406e-03
5783,-1.586914e-03
5784,-1.831055e-03
5785,-2.563477e-03
5786,-1.708984e-03
5787,-1.464844e-03
5788,-1.831055e-03
5789,-2.441406e-03
5790,-2.075195e-03
5791,-1.586914e-03
5792,-2.563477e-03
5793,-1.464844e-03
5794,-1.342773e-03
5795,-2.197266e-03
5796,-2.075195e-03
5797,-1.342773e-03
5798,-2.197266e-03
5799,-2.807617e-03
5800,-2.075195e-03
5801,-2.563477e-03
5802,-1.953125e-03
5803,-2.319336e-03
5804,-2.807617e-03
5805,-2.075195e-03
5806,-2.319336e-03
5807,-1.708984e-03
5808,-2.075195e-03
5809,-2.319336e-03
5810,-1.586914e-03
5811,-1.464844e-03
5812,-2.685547e-03
5813,-2.319336e-03
5814,-2.929688e-03
5815,-1.953125e-03
5816,-2.563477e-03
5817,-1.708984e-03
5818,-2.807617e-03
5819,-1.953125e-03
5820,-2.563477e-03
5821,-2.563477e-03
5822,-2.929688e-03
5823,-1.708984e-03
5824,-2.197266e-03
5825,-1.708984e-03
5826,-8.544922e-04
5827,-1.586914e-03
5828,-2.441406e-03
5829,-1.708984e-03
5830,-1.831055e-03
5831,-2.563477e-03
5832,-1.708984e-03
5833,-1.342773e-03
5834,-1.708984e-03
5835,-2.197266e-03
5836,-2.197266e-03
5837,-2.563477e-03
5838,-1.342773e-03
5839,-2.685547e-03
5840,-2.563477e-03
5841,-2.197266e-03
5842,-1.586914e-03
5843,-2.441406e-03
5844,-1.708984e-03
5845,-1.953125e-03
5846,-2.563477e-03
5847,-2.197266e-03
5848,-2.807617e-03
5849,-1.708984e-03
5850,-3.295898e-03
5851,-1.953125e-03
5852,-2.197266e-03
5853,-1.586914e-03
5854,-3.051758e-03
5855,-3.173828e-03
5856,-1.586914e-03
5857,-3.051758e-03
5858,-2.441406e-03
5859,-2.197266e-03
5860,-2.563477e-03
5861,-1.953125e-03
5862,-2.563477e-03
5863,-2.563477e-03
5864,-2.319336e-03
5865,-2.075195e-03
5866,-2.441406e-03
5867,-2.929688e-03
5868,-1.586914e-03
5869,-1.953125e-03
5870,-1.708984e-03
5871,-2.563477e-03
5872,-2.563477e-03
5873,-2.441406e-03
5874,-2.197266e-03
5875,-2.563477e-03
5876,-1.586914e-03
5877,-1.586914e-03
5878,-1.953125e-03
5879,-2.441406e-03
5880,-2.075195e-03
5881,-1.953125e-03
5882,-1.708984e-03
5883,-2.075195e-03
5884,-2.807617e-03
5885,-2.563477e-03
5886,-2.929688e-03
5887,-1.953125e-03
5888,-2.929688e-03
5889,-2.563477e-03
5890,-2.929688e-03
5891,-2.441406e-03
5892,-2.563477e-03
5893,-2.563477e-03
5894,-2.563477e-03
5895,-2.319336e-03
5896,-2.197266e-03
5897,-2.075195e-03
5898,-2.563477e-03
5899,-2.441406e-03
5900,-1.464844e-03
5901,-2.685547e-03
5902,-2.197266e-03
5903,-3.417969e-03
5904,-2.441406e-03
5905,-2.319336e-03
5906,-2.319336e-03
5907,-1.953125e-03
5908,-2.929688e-03
5909,-2.197266e-03
5910,-2.319336e-03
5911,-3.173828e-03
5912,-3.051758e-03
5913,-2.197266e-03
5914,-3.417969e-03
5915,-2.929688e-03
5916,-2.563477e-03
5917,-2.441406e-03
5918,-1.953125e-03
5919,-3.051758e-03
5920,-2.197266e-03
5921,-3.051758e-03
5922,-1.342773e-03
5923,-3.295898e-03
5924,-2.563477e-03
5925,-2.563477e-03
5926,-3.051758e-03
5927,-2.563477e-03
5928,-3.173828e-03
5929,-2.075195e-03
5930,-3.784180e-03
5931,-2.197266e-03
5932,-1.708984e-03
5933,-1.220703e-03
5934,-2.075195e-03
5935,-3.051758e-03
5936,-3.051758e-03
5937,-2.807617e-03
5938,-2.563477e-03
5939,-3.295898e-03
5940,-2.441406e-03
5941,-1.953125e-03
5942,-2.807617e-03
5943,-2.563477e-03
5944,-2.075195e-03
5945,-2.197266e-03
5946,-2.807617e-03
5947,-2.319336e-03
5948,-3.295898e-03
5949,-2.563477e-03
5950,-1.708984e-03
5951,-2.807617e-03
5952,-3.417969e-03
5953,-2.563477e-03
5954,-2.563477e-03
5955,-2.563477e-03
5956,-3.051758e-03
5957,-2.563477e-03
5958,-2.197266e-03
5959,-1.953125e-03
5960,-2.075195e-03
5961,-2.319336e-03
5962,-2.929688e-03
5963,-2.563477e-03
5964,-2.197266e-03
5965,-2.319336e-03
5966,-2.319336e-03
5967,-2.319336e-03
5968,-2.807617e-03
5969,-2.929688e-03
5970,-2.807617e-03
5971,-2.563477e-03
5972,-2.319336e-03
5973,-2.319336e-03
5974,-2.929688e-03
5975,-2.319336e-03
5976,-2.197266e-03
5977,-2.075195e-03
5978,-2.563477e-03
5979,-2.441406e-03
5980,-3.051758e-03
5981,-2.563477e-03
5982,-2.807617e-03
5983,-2.075195e-03
5984,-2.319336e-03
5985,-2.563477e-03
5986,-2.441406e-03
5987,-2.807617e-03
5988,-3.173828e-03
5989,-2.563477e-03
5990,-2.563477e-03
5991,-2.563477e-03
5992,-2.929688e-03
5993,-2.929688e-03
5994,-2.563477e-03
5995,-2.929688e-03
5996,-2.197266e-03
5997,-2.807617e-03
5998,-2.319336e-03
5999,-3.417969e-03
6000,-2.563477e-03
6001,-1.953125e-03
6002,-2.075195e-03
6003,-2.807617e-03
6004,-2.807617e-03
6005,-3.784180e-03
6006,-1.831055e-03
6007,-2.563477e-03
6008,-2.319336e-03
6009,-3.417969e-03
6010,-2.807617e-03
6011,-2.197266e-03
6012,-1.708984e-03
6013,-2.197266e-03
6014,-2.929688e-03
6015,-3.173828e-03
6016,-2.075195e-03
6017,-3.051758e-03
6018,-2.319336e-03
6019,-2.563477e-03
6020,-2.807617e-03
6021,-2.197266e-03
6022,-3.173828e-03
6023,-2.563477e-03
6024,-2.441406e-03
6025,-2.441406e-03
6026,-2.319336e-03
6027,-3.662109e-03
6028,-3.051758e-03
6029,-2.319336e-03
6030,-2.197266e-03
6031,-3.173828e-03
6032,1.477051e-01
6033,-1.593018e-01
6034,1.468506e-01
6035,-1.550293e-01
6036,1.372070e-01
6037,-1.448975e-01
6038,1.188965e-01
6039,-1.201172e-01
6040,9.277344e-02
6041,-8.959961e-02
6042,5.944824e-02
6043,-5.517578e-02
6044,2.209473e-02
6045,-1.745605e-02
6046,-1.586914e-02
6047,2.355957e-02
6048,-5.554199e-02
6049,5.822754e-02
6050,-8.813477e-02
6051,8.984375e-02
6052,-1.199951e-01
6053,1.185303e-01
6054,-1.412354e-01
6055,1.362305e-01
6056,-1.560059e-01
6057,1.458740e-01
6058,-1.622314e-01
6059,1.485596e-01
6060,-1.566162e-01
6061,1.359863e-01
6062,-1.424561e-01
6063,1.198730e-01
6064,-1.202393e-01
6065,9.094238e-02
6066,-9.033203e-02
6067,5.871582e-02
6068,-5.444336e-02
6069,2.160645e-02
6070,-1.879883e-02
6071,-1.696777e-02
6072,2.343750e-02
6073,-5.383301e-02
6074,5.737305e-02
6075,-8.996582e-02
6076,9.179688e-02
6077,-1.204834e-01
6078,1.185303e-01
6079,-1.396484e-01
6080,1.353760e-01
6081,-1.558838e-01
6082,1.466064e-01
6083,-1.600342e-01
6084,1.486816e-01
6085,-1.584473e-01
6086,1.367188e-01
6087,-1.418457e-01
6088,1.195068e-01
6089,-1.190186e-01
6090,9.191895e-02
6091,-8.886719e-02
6092,5.822754e-02
6093,-5.456543e-02
6094,2.441406e-02
6095,-1.684570e-02
6096,-1.635742e-02
6097,2.185059e-02
6098,-5.346680e-02
6099,5.786133e-02
6100,-8.874512e-02
6101,9.277344e-02
6102,-1.192627e-01
6103,1.177979e-01
6104,-1.431885e-01
6105,1.362305e-01
6106,-1.562500e-01
6107,1.463623e-01
6108,-1.606445e-01
6109,1.470947e-01
6110,-1.572266e-01
6111,1.361084e-01
6112,-1.431885e-01
6113,1.177979e-01
6114,-1.191406e-01
6115,9.204102e-02
6116,-8.996582e-02
6117,6.005859e-02
6118,-5.676270e-02
6119,2.197266e-02
6120,-1.562500e-02
6121,-1.428223e-02
6122,2.136230e-02
6123,-5.419922e-02
6124,5.871582e-02
6125,-8.984375e-02
6126,9.045410e-02
6127,-1.197510e-01
6128,1.182861e-01
6129,-1.413574e-01
6130,1.357422e-01
6131,-1.560059e-01
6132,1.453857e-01
6133,-1.619873e-01
6134,1.477051e-01
6135,-1.557617e-01
6136,1.373291e-01
6137,-1.424561e-01
6138,1.176758e-01
6139,-1.201172e-01
6140,9.289551e-02
6141,-9.057617e-02
6142,5.883789e-02
6143,-5.468750e-02
6144,2.307129e-02
6145,-1.647949e-02
6146,-1.708984e-02
6147,2.172852e-02
6148,-5.322266e-02
6149,5.859375e-02
6150,-8.898926e-02
6151,9.106445e-02
6152,-1.203613e-01
6153,1.191406e-01
6154,-1.428223e-01
6155,1.379395e-01
6156,-1.539307e-01
6157,1.461182e-01
6158,-1.612549e-01
6159,1.485596e-01
6160,-1.584473e-01
6161,1.367188e-01
6162,-1.433105e-01
6163,1.191406e-01
6164,-1.186523e-01
6165,9.216309e-02
6166,-9.008789e-02
6167,5.859375e-02
6168,-5.212402e-02
6169,2.221680e-02
6170,-1.843262e-02
6171,-1.538086e-02
6172,2.124023e-02
6173,-5.639648e-02
6174,5.651855e-02
6175,-8.911133e-02
6176,9.057617e-02
6177,-1.186523e-01
6178,1.176758e-01
6179,-1.420898e-01
6180,1.358643e-01
6181,-1.563721e-01
6182,1.475830e-01
6183,-1.622314e-01
6184,1.456299e-01
6185,-1.579590e-01
6186,1.381836e-01
6187,-1.433105e-01
6188,1.193848e-01
6189,-1.182861e-01
6190,9.069824e-02
6191,-8.752441e-02
6192,6.103516e-02
6193,-5.371094e-02
6194,2.209473e-02
6195,-1.867676e-02
6196,-1.599121e-02
6197,2.246094e-02
6198,-5.529785e-02
6199,5.981445e-02
6200,-8.776855e-02
6201,9.179688e-02
6202,-1.176758e-01
6203,1.191406e-01
6204,-1.418457e-01
6205,1.352539e-01
6206,-1.567383e-01
6207,1.462402e-01
6208,-1.613770e-01
6209,1.468506e-01
6210,-1.558838e-01
6211,1.375732e-01
6212,-1.425781e-01
6213,1.184082e-01
6214,-1.208496e-01
6215,9.375000e-02
6216,-9.130859e-02
6217,5.786133e-02
6218,-5.541992e-02
6219,2.233887e-02
6220,-1.831055e-02
6221,-1.611328e-02
6222,1.977539e-02
6223,-5.615234e-02
6224,5.932617e-02
6225,-8.959961e-02
6226,8.850098e-02
6227,-1.195068e-01
6228,1.179199e-01
6229,-1.409912e-01
6230,1.357422e-01
6231,-1.568604e-01
6232,1.469727e-01
6233,-1.616211e-01
6234,1.464844e-01
6235,-1.579590e-01
6236,1.379395e-01
6237,-1.417236e-01
6238,1.199951e-01
6239,-1.201172e-01
6240,9.082031e-02
6241,-9.020996e-02
6242,6.018066e-02
6243,-5.615234e-02
6244,2.294922e-02
6245,-1.843262e-02
6246,-1.708984e-02
6247,2.050781e-02
6248,-5.480957e-02
6249,5.590820e-02
6250,-8.862305e-02
6251,9.094238e-02
6252,-1.197510e-01
6253,1.171875e-01
6254,-1.416016e-01
6255,1.352539e-01
6256,-1.555176e-01
6257,1.464844e-01
6258,-1.605225e-01
6259,1.455078e-01
6260,-1.573486e-01
6261,1.381836e-01
6262,-1.431885e-01
6263,1.185303e-01
6264,-1.195068e-01
6265,9.216309e-02
6266,-9.106445e-02
6267,6.079102e-02
6268,-5.371094e-02
6269,2.258301e-02
6270,-1.867676e-02
6271,-1.452637e-02
6272,2.209473e-02
6273,-5.529785e-02
6274,5.749512e-02
6275,-8.923340e-02
6276,9.008789e-02
6277,-1.187744e-01
6278,1.160889e-01
6279,-1.417236e-01
6280,1.348877e-01
6281,-1.575928e-01
6282,1.467285e-01
6283,-1.600342e-01
6284,1.480713e-01
6285,-1.561279e-01
6286,1.385498e-01
6287,-1.433105e-01
6288,1.191406e-01
6289,-1.188965e-01
6290,9.399414e-02
6291,-9.143066e-02
6292,6.042480e-02
6293,-5.688477e-02
6294,2.172852e-02
6295,-1.879883e-02
6296,-1.684570e-02
6297,2.270508e-02
6298,-5.432129e-02
6299,5.712891e-02
6300,-8.886719e-02
6301,9.033203e-02
6302,-1.192627e-01
6303,1.170654e-01
6304,-1.413574e-01
6305,1.364746e-01
6306,-1.568604e-01
6307,1.483154e-01
6308,-1.610107e-01
6309,1.456299e-01
6310,-1.560059e-01
6311,1.359863e-01
6312,-1.446533e-01
6313,1.207275e-01
6314,-1.202393e-01
6315,9.216309e-02
6316,-8.972168e-02
6317,6.042480e-02
6318,-5.468750e-02
6319,2.233887e-02
6320,-1.757812e-02
6321,-1.684570e-02
6322,2.221680e-02
6323,-5.285645e-02
6324,5.737305e-02
6325,-8.959961e-02
6326,8.984375e-02
6327,-1.196289e-01
6328,1.176758e-01
6329,-1.402588e-01
6330,1.359863e-01
6331,-1.566162e-01
6332,1.447754e-01
6333,-1.593018e-01
6334,1.480713e-01
6335,-1.599121e-01
6336,1.383057e-01
6337,-1.430664e-01
6338,1.186523e-01
6339,-1.213379e-01
6340,9.216309e-02
6341,-8.898926e-02
6342,6.140137e-02
6343,-5.676270e-02
6344,2.233887e-02
6345,-1.708984e-02
6346,-1.623535e-02
6347,1.977539e-02
6348,-5.151367e-02
6349,5.651855e-02
6350,-8.947754e-02
6351,9.130859e-02
6352,-1.190186e-01
6353,1.176758e-01
6354,-1.418457e-01
6355,1.364746e-01
6356,-1.563721e-01
6357,1.467285e-01
6358,-1.616211e-01
6359,1.447754e-01
6360,-1.582031e-01
6361,1.372070e-01
6362,-1.436768e-01
6363,1.188965e-01
6364,-1.204834e-01
6365,9.167480e-02
6366,-9.179688e-02
6367,6.042480e-02
6368,-5.627441e-02
6369,2.331543e-02
6370,-1.733398e-02
6371,-1.623535e-02
6372,2.075195e-02
6373,-5.468750e-02
6374,5.590820e-02
6375,-8.886719e-02
6376,8.959961e-02
6377,-1.179199e-01
6378,1.160889e-01
6379,-1.425781e-01
6380,1.368408e-01
6381,-1.572266e-01
6382,1.469727e-01
6383,-1.608887e-01
6384,1.470947e-01
6385,-1.573486e-01
6386,1.375732e-01
6387,-1.419678e-01
6388,1.184082e-01
6389,-1.214600e-01
6390,9.301758e-02
6391,-9.094238e-02
6392,6.066895e-02
6393,-5.664062e-02
6394,2.319336e-02
6395,-1.647949e-02
6396,-1.379395e-02
6397,1.904297e-02
6398,-5.383301e-02
6399,5.859375e-02
6400,-8.703613e-02
6401,8.972168e-02
6402,-1.196289e-01
6403,1.177979e-01
6404,-1.409912e-01
6405,1.352539e-01
6406,-1.580811e-01
6407,1.473389e-01
6408,-1.624756e-01
6409,1.456299e-01
6410,-1.567383e-01
6411,1.378174e-01
6412,-1.448975e-01
6413,1.192627e-01
6414,-1.203613e-01
6415,9.118652e-02
6416,-9.045410e-02
6417,6.103516e-02
6418,-5.578613e-02
6419,2.282715e-02
6420,-1.916504e-02
6421,-1.623535e-02
6422,2.270508e-02
6423,-5.285645e-02
6424,5.395508e-02
6425,-8.862305e-02
6426,8.898926e-02
6427,-1.214600e-01
6428,1.165771e-01
6429,-1.418457e-01
6430,1.351318e-01
6431,-1.560059e-01
6432,1.436768e-01
6433,-1.639404e-01
6434,1.468506e-01
6435,-1.572266e-01
6436,1.380615e-01
6437,-1.440430e-01
6438,1.187744e-01
6439,-1.188965e-01
6440,9.216309e-02
6441,-9.191895e-02
6442,6.127930e-02
6443,-5.603027e-02
6444,2.172852e-02
6445,-1.818848e-02
6446,-1.550293e-02
6447,2.087402e-02
6448,-5.419922e-02
6449,5.529785e-02
6450,-8.972168e-02
6451,9.094238e-02
6452,-1.187744e-01
6453,1.171875e-01
6454,-1.405029e-01
6455,1.363525e-01
6456,-1.572266e-01
6457,1.441650e-01
6458,-1.599121e-01
6459,1.477051e-01
6460,-1.591797e-01
6461,1.373291e-01
6462,-1.439209e-01
6463,1.185303e-01
6464,-1.212158e-01
6465,9.362793e-02
6466,-9.313965e-02
6467,5.932617e-02
6468,-5.578613e-02
6469,2.258301e-02
6470,-1.977539e-02
6471,-1.708984e-02
6472,1.940918e-02
6473,-5.273438e-02
6474,5.700684e-02
6475,-9.057617e-02
6476,8.996582e-02
6477,-1.185303e-01
6478,1.143799e-01
6479,-1.428223e-01
6480,1.350098e-01
6481,-1.567383e-01
6482,1.459961e-01
6483,-1.616211e-01
6484,1.451416e-01
6485,-1.578369e-01
6486,1.364746e-01
6487,-1.435547e-01
6488,1.213379e-01
6489,-1.207275e-01
6490,9.338379e-02
6491,-9.130859e-02
6492,6.188965e-02
6493,-5.639648e-02
6494,2.392578e-02
6495,-1.818848e-02
6496,-1.831055e-02
6497,2.014160e-02
6498,-5.224609e-02
6499,5.749512e-02
6500,-8.935547e-02
6501,8.862305e-02
6502,-1.193848e-01
6503,1.151123e-01
6504,-1.413574e-01
6505,1.348877e-01
6506,-1.560059e-01
6507,1.469727e-01
6508,-1.611328e-01
6509,1.477051e-01
6510,-1.580811e-01
6511,1.392822e-01
6512,-1.452637e-01
6513,1.196289e-01
6514,-1.187744e-01
6515,9.069824e-02
6516,-9.155273e-02
6517,6.091309e-02
6518,-5.700684e-02
6519,2.185059e-02
6520,-1.806641e-02
6521,-1.708984e-02
6522,1.843262e-02
6523,-5.322266e-02
6524,5.541992e-02
6525,-9.057617e-02
6526,8.972168e-02
6527,-1.204834e-01
6528,1.154785e-01
6529,-1.417236e-01
6530,1.350098e-01
6531,-1.571045e-01
6532,1.458740e-01
6533,-1.613770e-01
6534,1.437988e-01
6535,-1.579590e-01
6536,1.395264e-01
6537,-1.441650e-01
6538,1.186523e-01
6539,-1.223145e-01
6540,9.436035e-02
6541,-9.240723e-02
6542,5.981445e-02
6543,-5.639648e-02
6544,2.136230e-02
6545,-1.879883e-02
6546,-1.538086e-02
6547,1.977539e-02
6548,-5.200195e-02
6549,5.578613e-02
6550,-8.862305e-02
6551,8.837891e-02
6552,-1.187744e-01
6553,1.169434e-01
6554,-1.424561e-01
6555,1.351318e-01
6556,-1.557617e-01
6557,1.451416e-01
6558,-1.621094e-01
6559,1.477051e-01
6560,-1.573486e-01
6561,1.372070e-01
6562,-1.447754e-01
6563,1.190186e-01
6564,-1.214600e-01
6565,9.313965e-02
6566,-9.301758e-02
6567,6.091309e-02
6568,-5.554199e-02
6569,2.124023e-02
6570,-1.867676e-02
6571,-1.525879e-02
6572,1.831055e-02
6573,-5.529785e-02
6574,5.603027e-02
6575,-8.898926e-02
6576,8.959961e-02
6577,-1.177979e-01
6578,1.168213e-01
6579,-1.407471e-01
6580,1.335449e-01
6581,-1.583252e-01
6582,1.451416e-01
6583,-1.607666e-01
6584,1.463623e-01
6585,-1.568604e-01
6586,1.374512e-01
6587,-1.435547e-01
6588,1.202393e-01
6589,-1.239014e-01
6590,9.289551e-02
6591,-9.057617e-02
6592,6.079102e-02
6593,-5.639648e-02
6594,2.355957e-02
6595,-1.940918e-02
6596,-1.281738e-02
6597,1.892090e-02
6598,-5.297852e-02
6599,5.993652e-02
6600,-8.715820e-02
6601,9.020996e-02
6602,-1.186523e-01
6603,1.176758e-01
6604,-1.411133e-01
6605,1.358643e-01
6606,-1.560059e-01
6607,1.480713e-01
6608,-1.616211e-01
6609,1.451416e-01
6610,-1.575928e-01
6611,1.357422e-01
6612,-1.446533e-01
6613,1.177979e-01
6614,-1.229248e-01
6615,9.301758e-02
6616,-9.082031e-02
6617,6.091309e-02
6618,-5.810547e-02
6619,2.221680e-02
6620,-1.843262e-02
6621,-1.574707e-02
6622,1.879883e-02
6623,-5.212402e-02
6624,5.627441e-02
6625,-8.935547e-02
6626,8.911133e-02
6627,-1.186523e-01
6628,1.152344e-01
6629,-1.412354e-01
6630,1.346436e-01
6631,-1.567383e-01
6632,1.469727e-01
6633,-1.613770e-01
6634,1.477051e-01
6635,-1.580811e-01
6636,1.358643e-01
6637,-1.457520e-01
6638,1.193848e-01
6639,-1.221924e-01
6640,9.350586e-02
6641,-9.228516e-02
6642,6.066895e-02
6643,-5.615234e-02
6644,2.343750e-02
6645,-1.940918e-02
6646,-1.403809e-02
6647,1.965332e-02
6648,-5.249023e-02
6649,5.712891e-02
6650,-8.728027e-02
6651,8.886719e-02
6652,-1.170654e-01
6653,1.174316e-01
6654,-1.409912e-01
6655,1.368408e-01
6656,-1.557617e-01
6657,1.481934e-01
6658,-1.608887e-01
6659,1.464844e-01
6660,-1.564941e-01
6661,1.380615e-01
6662,-1.453857e-01
6663,1.208496e-01
6664,-1.196289e-01
6665,9.326172e-02
6666,-9.228516e-02
6667,6.091309e-02
6668,-5.554199e-02
6669,2.465820e-02
6670,-2.001953e-02
6671,-1.721191e-02
6672,1.940918e-02
6673,-5.285645e-02
6674,5.639648e-02
6675,-8.666992e-02
6676,8.972168e-02
6677,-1.196289e-01
6678,1.159668e-01
6679,-1.406250e-01
6680,1.356201e-01
6681,-1.567383e-01
6682,1.458740e-01
6683,-1.614990e-01
6684,1.472168e-01
6685,-1.577148e-01
6686,1.386719e-01
6687,-1.435547e-01
6688,1.193848e-01
6689,-1.219482e-01
6690,9.582520e-02
6691,-9.167480e-02
6692,5.883789e-02
6693,-5.688477e-02
6694,2.478027e-02
6695,-1.965332e-02
6696,-1.586914e-02
6697,1.867676e-02
6698,-5.371094e-02
6699,5.822754e-02
6700,-8.825684e-02
6701,8.972168e-02
6702,-1.170654e-01
6703,1.159668e-01
6704,-1.396484e-01
6705,1.372070e-01
6706,-1.563721e-01
6707,1.462402e-01
6708,-1.616211e-01
6709,1.469727e-01
6710,-1.562500e-01
6711,1.363525e-01
6712,-1.453857e-01
6713,1.196289e-01
6714,-1.231689e-01
6715,9.289551e-02
6716,-9.130859e-02
6717,6.188965e-02
6718,-5.798340e-02
6719,2.307129e-02
6720,-1.806641e-02
6721,-1.574707e-02
6722,2.124023e-02
6723,-5.249023e-02
6724,5.676270e-02
6725,-8.972168e-02
6726,8.874512e-02
6727,-1.186523e-01
6728,1.173096e-01
6729,-1.417236e-01
6730,1.352539e-01
6731,-1.547852e-01
6732,1.462402e-01
6733,-1.622314e-01
6734,1.472168e-01
6735,-1.577148e-01
6736,1.375732e-01
6737,-1.439209e-01
6738,1.229248e-01
6739,-1.232910e-01
6740,9.362793e-02
6741,-9.143066e-02
6742,5.993652e-02
6743,-5.725098e-02
6744,2.307129e-02
6745,-1.965332e-02
6746,-1.367188e-02
6747,1.818848e-02
6748,-5.383301e-02
6749,5.615234e-02
6750,-8.703613e-02
6751,8.935547e-02
6752,-1.170654e-01
6753,1.177979e-01
6754,-1.419678e-01
6755,1.348877e-01
6756,-1.551514e-01
6757,1.479492e-01
6758,-1.610107e-01
6759,1.459961e-01
6760,-1.574707e-01
6761,1.391602e-01
6762,-1.424561e-01
6763,1.195068e-01
6764,-1.210938e-01
6765,9.387207e-02
6766,-9.130859e-02
6767,6.262207e-02
6768,-5.810547e-02
6769,2.392578e-02
6770,-1.770020e-02
6771,-1.440430e-02
6772,1.916504e-02
6773,-5.029297e-02
6774,5.566406e-02
6775,-8.898926e-02
6776,8.935547e-02
6777,-1.170654e-01
6778,1.157227e-01
6779,-1.408691e-01
6780,1.353760e-01
6781,-1.578369e-01
6782,1.469727e-01
6783,-1.605225e-01
6784,1.477051e-01
6785,-1.567383e-01
6786,1.375732e-01
6787,-1.437988e-01
6788,1.212158e-01
6789,-1.217041e-01
6790,9.301758e-02
6791,-9.167480e-02
6792,6.213379e-02
6793,-5.639648e-02
6794,2.478027e-02
6795,-1.782227e-02
6796,-1.489258e-02
6797,1.928711e-02
6798,-5.090332e-02
6799,5.676270e-02
6800,-8.703613e-02
6801,9.069824e-02
6802,-1.170654e-01
6803,1.158447e-01
6804,-1.430664e-01
6805,1.358643e-01
6806,-1.556396e-01
6807,1.458740e-01
6808,-1.619873e-01
6809,1.472168e-01
6810,-1.557617e-01
6811,1.381836e-01
6812,-1.446533e-01
6813,1.192627e-01
6814,-1.236572e-01
6815,9.509277e-02
6816,-9.143066e-02
6817,6.115723e-02
6818,-5.883789e-02
6819,2.453613e-02
6820,-1.867676e-02
6821,-1.538086e-02
6822,1.953125e-02
6823,-5.249023e-02
6824,5.700684e-02
6825,-8.593750e-02
6826,8.813477e-02
6827,-1.187744e-01
6828,1.175537e-01
6829,-1.409912e-01
6830,1.342773e-01
6831,-1.555176e-01
6832,1.450195e-01
6833,-1.614990e-01
6834,1.468506e-01
6835,-1.564941e-01
6836,1.392822e-01
6837,-1.455078e-01
6838,1.208496e-01
6839,-1.214600e-01
6840,9.301758e-02
6841,-9.167480e-02
6842,6.127930e-02
6843,-5.871582e-02
6844,2.392578e-02
6845,-1.794434e-02
6846,-1.452637e-02
6847,2.062988e-02
6848,-5.102539e-02
6849,5.590820e-02
6850,-8.850098e-02
6851,8.801270e-02
6852,-1.190186e-01
6853,1.170654e-01
6854,-1.403809e-01
6855,1.331787e-01
6856,-1.544189e-01
6857,1.441650e-01
6858,-1.614990e-01
6859,1.468506e-01
6860,-1.584473e-01
6861,1.392822e-01
6862,-1.441650e-01
6863,1.196289e-01
6864,-1.231689e-01
6865,9.252930e-02
6866,-9.277344e-02
6867,5.932617e-02
6868,-5.749512e-02
6869,2.490234e-02
6870,-1.965332e-02
6871,-1.489258e-02
6872,1.953125e-02
6873,-5.126953e-02
6874,5.725098e-02
6875,-8.801270e-02
6876,8.789062e-02
6877,-1.168213e-01
6878,1.165771e-01
6879,-1.413574e-01
6880,1.342773e-01
6881,-1.556396e-01
6882,1.448975e-01
6883,-1.605225e-01
6884,1.458740e-01
6885,-1.589355e-01
6886,1.380615e-01
6887,-1.453857e-01
6888,1.193848e-01
6889,-1.210938e-01
6890,9.533691e-02
6891,-9.301758e-02
6892,6.152344e-02
6893,-5.725098e-02
6894,2.380371e-02
6895,-1.770020e-02
6896,-1.623535e-02
6897,1.696777e-02
6898,-5.065918e-02
6899,5.541992e-02
6900,-8.715820e-02
6901,8.911133e-02
6902,-1.179199e-01
6903,1.142578e-01
6904,-1.401367e-01
6905,1.363525e-01
6906,-1.572266e-01
6907,1.463623e-01
6908,-1.627197e-01
6909,1.452637e-01
6910,-1.577148e-01
6911,1.367188e-01
6912,-1.442871e-01
6913,1.196289e-01
6914,-1.229248e-01
6915,9.484863e-02
6916,-9.313965e-02
6917,6.201172e-02
6918,-5.664062e-02
6919,2.551270e-02
6920,-1.965332e-02
6921,-1.538086e-02
6922,1.782227e-02
6923,-5.212402e-02
6924,5.541992e-02
6925,-8.728027e-02
6926,8.886719e-02
6927,-1.169434e-01
6928,1.156006e-01
6929,-1.403809e-01
6930,1.343994e-01
6931,-1.577148e-01
6932,1.462402e-01
6933,-1.633301e-01
6934,1.474609e-01
6935,-1.563721e-01
6936,1.379395e-01
6937,-1.451416e-01
6938,1.212158e-01
6939,-1.213379e-01
6940,9.301758e-02
6941,-9.204102e-02
6942,6.274414e-02
6943,-5.895996e-02
6944,2.355957e-02
6945,-1.892090e-02
6946,-1.379395e-02
6947,1.818848e-02
6948,-5.273438e-02
6949,5.456543e-02
6950,-8.691406e-02
6951,8.898926e-02
6952,-1.186523e-01
6953,1.158447e-01
6954,-1.408691e-01
6955,1.352539e-01
6956,-1.572266e-01
6957,1.461182e-01
6958,-1.614990e-01
6959,1.462402e-01
6960,-1.562500e-01
6961,1.387939e-01
6962,-1.450195e-01
6963,1.188965e-01
6964,-1.230469e-01
6965,9.509277e-02
6966,-9.399414e-02
6967,6.054688e-02
6968,-5.798340e-02
6969,2.416992e-02
6970,-1.940918e-02
6971,-1.367188e-02
6972,1.660156e-02
6973,-5.114746e-02
6974,5.480957e-02
6975,-8.740234e-02
6976,8.740234e-02
6977,-1.174316e-01
6978,1.164551e-01
6979,-1.413574e-01
6980,1.362305e-01
6981,-1.546631e-01
6982,1.448975e-01
6983,-1.614990e-01
6984,1.484375e-01
6985,-1.572266e-01
6986,1.387939e-01
6987,-1.455078e-01
6988,1.206055e-01
6989,-1.226807e-01
6990,9.558105e-02
6991,-9.228516e-02
6992,6.152344e-02
6993,-5.810547e-02
6994,2.526855e-02
6995,-1.708984e-02
6996,-1.245117e-02
6997,1.818848e-02
6998,-5.114746e-02
6999,5.541992e-02
7000,-8.776855e-02
7001,8.959961e-02
7002,-1.176758e-01
7003,1.141357e-01
7004,-1.408691e-01
7005,1.365967e-01
7006,-1.558838e-01
7007,1.468506e-01
7008,-1.619873e-01
7009,1.462402e-01
7010,-1.572266e-01
7011,1.383057e-01
7012,-1.439209e-01
7013,1.209717e-01
7014,-1.224365e-01
7015,9.289551e-02
7016,-9.252930e-02
7017,6.262207e-02
7018,-5.822754e-02
7019,2.478027e-02
7020,-2.111816e-02
7021,-1.367188e-02
7022,2.026367e-02
7023,-5.297852e-02
7024,5.615234e-02
7025,-8.630371e-02
7026,8.935547e-02
7027,-1.170654e-01
7028,1.149902e-01
7029,-1.400146e-01
7030,1.337891e-01
7031,-1.555176e-01
7032,1.459961e-01
7033,-1.605225e-01
7034,1.468506e-01
7035,-1.577148e-01
7036,1.385498e-01
7037,-1.441650e-01
7038,1.212158e-01
7039,-1.214600e-01
7040,9.399414e-02
7041,-9.313965e-02
7042,6.311035e-02
7043,-5.908203e-02
7044,2.587891e-02
7045,-1.879883e-02
7046,-1.367188e-02
7047,1.794434e-02
7048,-5.065918e-02
7049,5.627441e-02
7050,-8.642578e-02
7051,8.935547e-02
7052,-1.151123e-01
7053,1.151123e-01
7054,-1.428223e-01
7055,1.364746e-01
7056,-1.550293e-01
7057,1.444092e-01
7058,-1.629639e-01
7059,1.466064e-01
7060,-1.589355e-01
7061,1.383057e-01
7062,-1.427002e-01
7063,1.214600e-01
7064,-1.226807e-01
7065,9.350586e-02
7066,-9.399414e-02
7067,6.140137e-02
7068,-5.908203e-02
7069,2.368164e-02
7070,-2.026367e-02
7071,-1.196289e-02
7072,1.867676e-02
7073,-5.053711e-02
7074,5.627441e-02
7075,-8.740234e-02
7076,8.630371e-02
7077,-1.182861e-01
7078,1.156006e-01
7079,-1.407471e-01
7080,1.337891e-01
7081,-1.575928e-01
7082,1.445312e-01
7083,-1.629639e-01
7084,1.453857e-01
7085,-1.577148e-01
7086,1.405029e-01
7087,-1.444092e-01
7088,1.210938e-01
7089,-1.231689e-01
7090,9.497070e-02
7091,-9.301758e-02
7092,6.176758e-02
7093,-5.908203e-02
7094,2.636719e-02
7095,-2.050781e-02
7096,-1.452637e-02
7097,1.940918e-02
7098,-5.102539e-02
7099,5.493164e-02
7100,-8.569336e-02
7101,8.813477e-02
7102,-1.169434e-01
7103,1.166992e-01
7104,-1.397705e-01
7105,1.365967e-01
7106,-1.556396e-01
7107,1.444092e-01
7108,-1.613770e-01
7109,1.461182e-01
7110,-1.597900e-01
7111,1.386719e-01
7112,-1.458740e-01
7113,1.207275e-01
7114,-1.209717e-01
7115,9.399414e-02
7116,-9.179688e-02
7117,6.323242e-02
7118,-5.908203e-02
7119,2.612305e-02
7120,-2.136230e-02
7121,-1.379395e-02
7122,1.977539e-02
7123,-5.114746e-02
7124,5.334473e-02
7125,-8.569336e-02
7126,8.715820e-02
7127,-1.179199e-01
7128,1.163330e-01
7129,-1.407471e-01
7130,1.334229e-01
7131,-1.561279e-01
7132,1.469727e-01
7133,-1.607666e-01
7134,1.478271e-01
7135,-1.583252e-01
7136,1.378174e-01
7137,-1.446533e-01
7138,1.212158e-01
7139,-1.236572e-01
7140,9.423828e-02
7141,-9.509277e-02
7142,6.274414e-02
7143,-5.773926e-02
7144,2.453613e-02
7145,-1.977539e-02
7146,-1.086426e-02
7147,1.757812e-02
7148,-5.200195e-02
7149,5.554199e-02
7150,-8.715820e-02
7151,8.923340e-02
7152,-1.179199e-01
7153,1.156006e-01
7154,-1.409912e-01
7155,1.359863e-01
7156,-1.538086e-01
7157,1.444092e-01
7158,-1.618652e-01
7159,1.466064e-01
7160,-1.601562e-01
7161,1.387939e-01
7162,-1.447754e-01
7163,1.191406e-01
7164,-1.228027e-01
7165,9.362793e-02
7166,-9.326172e-02
7167,6.323242e-02
7168,-5.847168e-02
7169,2.551270e-02
7170,-2.001953e-02
7171,-1.257324e-02
7172,1.721191e-02
7173,-5.297852e-02
7174,5.297852e-02
7175,-8.642578e-02
7176,8.874512e-02
7177,-1.163330e-01
7178,1.119385e-01
7179,-1.409912e-01
7180,1.354980e-01
7181,-1.575928e-01
7182,1.468506e-01
7183,-1.605225e-01
7184,1.469727e-01
7185,-1.577148e-01
7186,1.396484e-01
7187,-1.451416e-01
7188,1.195068e-01
7189,-1.207275e-01
7190,9.655762e-02
7191,-9.423828e-02
7192,6.188965e-02
7193,-5.871582e-02
7194,2.563477e-02
7195,-2.136230e-02
7196,-1.306152e-02
7197,1.928711e-02
7198,-5.187988e-02
7199,5.456543e-02
7200,-8.642578e-02
7201,8.789062e-02
7202,-1.179199e-01
7203,1.142578e-01
7204,-1.407471e-01
7205,1.345215e-01
7206,-1.568604e-01
7207,1.463623e-01
7208,-1.613770e-01
7209,1.469727e-01
7210,-1.572266e-01
7211,1.390381e-01
7212,-1.463623e-01
7213,1.214600e-01
7214,-1.226807e-01
7215,9.387207e-02
7216,-9.423828e-02
7217,6.164551e-02
7218,-5.957031e-02
7219,2.661133e-02
7220,-2.014160e-02
7221,-1.550293e-02
7222,1.806641e-02
7223,-5.139160e-02
7224,5.493164e-02
7225,-8.728027e-02
7226,8.886719e-02
7227,-1.164551e-01
7228,1.136475e-01
7229,-1.392822e-01
7230,1.353760e-01
7231,-1.569824e-01
7232,1.474609e-01
7233,-1.596680e-01
7234,1.470947e-01
7235,-1.591797e-01
7236,1.383057e-01
7237,-1.444092e-01
7238,1.212158e-01
7239,-1.239014e-01
7240,9.545898e-02
7241,-9.362793e-02
7242,6.225586e-02
7243,-5.786133e-02
7244,2.636719e-02
7245,-2.172852e-02
7246,-1.452637e-02
7247,1.586914e-02
7248,-5.090332e-02
7249,5.590820e-02
7250,-8.593750e-02
7251,8.886719e-02
7252,-1.171875e-01
7253,1.160889e-01
7254,-1.391602e-01
7255,1.323242e-01
7256,-1.575928e-01
7257,1.473389e-01
7258,-1.618652e-01
7259,1.473389e-01
7260,-1.574707e-01
7261,1.379395e-01
7262,-1.461182e-01
7263,1.217041e-01
7264,-1.239014e-01
7265,9.460449e-02
7266,-9.387207e-02
7267,6.237793e-02
7268,-5.810547e-02
7269,2.709961e-02
7270,-2.185059e-02
7271,-1.293945e-02
7272,1.879883e-02
7273,-5.126953e-02
7274,5.224609e-02
7275,-8.581543e-02
7276,8.825684e-02
7277,-1.186523e-01
7278,1.159668e-01
7279,-1.400146e-01
7280,1.343994e-01
7281,-1.549072e-01
7282,1.452637e-01
7283,-1.605225e-01
7284,1.480713e-01
7285,-1.590576e-01
7286,1.392822e-01
7287,-1.452637e-01
7288,1.207275e-01
7289,-1.206055e-01
7290,9.472656e-02
7291,-9.326172e-02
7292,6.262207e-02
7293,-5.993652e-02
7294,2.648926e-02
7295,-1.965332e-02
7296,-1.281738e-02
7297,1.843262e-02
7298,-4.980469e-02
7299,5.541992e-02
7300,-8.630371e-02
7301,8.752441e-02
7302,-1.170654e-01
7303,1.140137e-01
7304,-1.401367e-01
7305,1.342773e-01
7306,-1.572266e-01
7307,1.455078e-01
7308,-1.600342e-01
7309,1.468506e-01
7310,-1.606445e-01
7311,1.394043e-01
7312,-1.452637e-01
7313,1.212158e-01
7314,-1.239014e-01
7315,9.387207e-02
7316,-9.228516e-02
7317,6.384277e-02
7318,-6.030273e-02
7319,2.636719e-02
7320,-2.026367e-02
7321,-1.306152e-02
7322,1.696777e-02
7323,-4.968262e-02
7324,5.456543e-02
7325,-8.581543e-02
7326,8.679199e-02
7327,-1.166992e-01
7328,1.157227e-01
7329,-1.397705e-01
7330,1.337891e-01
7331,-1.558838e-01
7332,1.463623e-01
7333,-1.633301e-01
7334,1.464844e-01
7335,-1.575928e-01
7336,1.365967e-01
7337,-1.462402e-01
7338,1.232910e-01
7339,-1.225586e-01
7340,9.362793e-02
7341,-9.277344e-02
7342,6.530762e-02
7343,-6.030273e-02
7344,2.551270e-02
7345,-1.940918e-02
7346,-1.196289e-02
7347,1.623535e-02
7348,-4.895020e-02
7349,5.493164e-02
7350,-8.630371e-02
7351,8.837891e-02
7352,-1.171875e-01
7353,1.146240e-01
7354,-1.397705e-01
7355,1.351318e-01
7356,-1.580811e-01
7357,1.468506e-01
7358,-1.613770e-01
7359,1.467285e-01
7360,-1.580811e-01
7361,1.386719e-01
7362,-1.444092e-01
7363,1.203613e-01
7364,-1.256104e-01
7365,9.558105e-02
7366,-9.399414e-02
7367,6.262207e-02
7368,-5.993652e-02
7369,2.465820e-02
7370,-2.050781e-02
7371,-1.318359e-02
7372,1.672363e-02
7373,-4.870605e-02
7374,5.554199e-02
7375,-8.447266e-02
7376,8.654785e-02
7377,-1.173096e-01
7378,1.156006e-01
7379,-1.406250e-01
7380,1.346436e-01
7381,-1.579590e-01
7382,1.453857e-01
7383,-1.623535e-01
7384,1.459961e-01
7385,-1.579590e-01
7386,1.379395e-01
7387,-1.444092e-01
7388,1.207275e-01
7389,-1.232910e-01
7390,9.606934e-02
7391,-9.484863e-02
7392,6.445312e-02
7393,-5.895996e-02
7394,2.587891e-02
7395,-2.111816e-02
7396,-1.452637e-02
7397,1.782227e-02
7398,-4.870605e-02
7399,5.468750e-02
7400,-8.544922e-02
7401,8.703613e-02
7402,-1.163330e-01
7403,1.156006e-01
7404,-1.392822e-01
7405,1.342773e-01
7406,-1.571045e-01
7407,1.466064e-01
7408,-1.605225e-01
7409,1.461182e-01
7410,-1.589355e-01
7411,1.408691e-01
7412,-1.448975e-01
7413,1.209717e-01
7414,-1.221924e-01
7415,9.472656e-02
7416,-9.436035e-02
7417,6.250000e-02
7418,-5.932617e-02
7419,2.697754e-02
7420,-2.124023e-02
7421,-1.171875e-02
7422,1.745605e-02
7423,-4.992676e-02
7424,5.383301e-02
7425,-8.557129e-02
7426,8.764648e-02
7427,-1.170654e-01
7428,1.141357e-01
7429,-1.400146e-01
7430,1.345215e-01
7431,-1.553955e-01
7432,1.464844e-01
7433,-1.619873e-01
7434,1.466064e-01
7435,-1.602783e-01
7436,1.372070e-01
7437,-1.461182e-01
7438,1.201172e-01
7439,-1.209717e-01
7440,9.582520e-02
7441,-9.375000e-02
7442,6.408691e-02
7443,-6.079102e-02
7444,2.648926e-02
7445,-2.307129e-02
7446,-1.293945e-02
7447,1.708984e-02
7448,-5.126953e-02
7449,5.456543e-02
7450,-8.435059e-02
7451,8.776855e-02
7452,-1.164551e-01
7453,1.141357e-01
7454,-1.411133e-01
7455,1.351318e-01
7456,-1.542969e-01
7457,1.450195e-01
7458,-1.630859e-01
7459,1.483154e-01
7460,-1.585693e-01
7461,1.376953e-01
7462,-1.451416e-01
7463,1.215820e-01
7464,-1.240234e-01
7465,9.558105e-02
7466,-9.362793e-02
7467,6.286621e-02
7468,-5.761719e-02
7469,2.587891e-02
7470,-2.270508e-02
7471,-1.367188e-02
7472,1.696777e-02
7473,-4.943848e-02
7474,5.249023e-02
7475,-8.581543e-02
7476,8.605957e-02
7477,-1.156006e-01
7478,1.132812e-01
7479,-1.381836e-01
7480,1.359863e-01
7481,-1.561279e-01
7482,1.453857e-01
7483,-1.622314e-01
7484,1.491699e-01
7485,-1.572266e-01
7486,1.391602e-01
7487,-1.456299e-01
7488,1.210938e-01
7489,-1.220703e-01
7490,9.509277e-02
7491,-9.411621e-02
7492,6.408691e-02
7493,-5.932617e-02
7494,2.722168e-02
7495,-2.172852e-02
7496,-1.293945e-02
7497,1.647949e-02
7498,-4.870605e-02
7499,5.371094e-02
7500,-8.740234e-02
7501,8.703613e-02
7502,-1.168213e-01
7503,1.140137e-01
7504,-1.392822e-01
7505,1.343994e-01
7506,-1.555176e-01
7507,1.472168e-01
7508,-1.607666e-01
7509,1.463623e-01
7510,-1.585693e-01
7511,1.414795e-01
7512,-1.439209e-01
7513,1.195068e-01
7514,-1.246338e-01
7515,9.460449e-02
7516,-9.301758e-02
7517,6.237793e-02
7518,-6.066895e-02
7519,2.734375e-02
7520,-2.136230e-02
7521,-1.269531e-02
7522,1.611328e-02
7523,-4.907227e-02
7524,5.346680e-02
7525,-8.630371e-02
7526,8.654785e-02
7527,-1.166992e-01
7528,1.147461e-01
7529,-1.384277e-01
7530,1.347656e-01
7531,-1.562500e-01
7532,1.463623e-01
7533,-1.612549e-01
7534,1.459961e-01
7535,-1.580811e-01
7536,1.403809e-01
7537,-1.461182e-01
7538,1.201172e-01
7539,-1.231689e-01
7540,9.558105e-02
7541,-9.399414e-02
7542,6.396484e-02
7543,-5.920410e-02
7544,2.746582e-02
7545,-2.172852e-02
7546,-1.135254e-02
7547,1.843262e-02
7548,-5.029297e-02
7549,5.432129e-02
7550,-8.459473e-02
7551,8.813477e-02
7552,-1.154785e-01
7553,1.126709e-01
7554,-1.400146e-01
7555,1.334229e-01
7556,-1.542969e-01
7557,1.472168e-01
7558,-1.612549e-01
7559,1.472168e-01
7560,-1.594238e-01
7561,1.408691e-01
7562,-1.452637e-01
7563,1.209717e-01
7564,-1.232910e-01
7565,9.558105e-02
7566,-9.631348e-02
7567,6.201172e-02
7568,-5.981445e-02
7569,2.563477e-02
7570,-2.368164e-02
7571,-1.330566e-02
7572,1.696777e-02
7573,-4.919434e-02
7574,5.114746e-02
7575,-8.630371e-02
7576,8.703613e-02
7577,-1.168213e-01
7578,1.149902e-01
7579,-1.392822e-01
7580,1.342773e-01
7581,-1.555176e-01
7582,1.452637e-01
7583,-1.612549e-01
7584,1.459961e-01
7585,-1.589355e-01
7586,1.400146e-01
7587,-1.469727e-01
7588,1.220703e-01
7589,-1.245117e-01
7590,9.729004e-02
7591,-9.436035e-02
7592,6.347656e-02
7593,-6.066895e-02
7594,2.783203e-02
7595,-2.294922e-02
7596,-1.049805e-02
7597,1.538086e-02
7598,-5.126953e-02
7599,5.371094e-02
7600,-8.703613e-02
7601,8.715820e-02
7602,-1.151123e-01
7603,1.135254e-01
7604,-1.413574e-01
7605,1.352539e-01
7606,-1.547852e-01
7607,1.446533e-01
7608,-1.606445e-01
7609,1.483154e-01
7610,-1.595459e-01
7611,1.372070e-01
7612,-1.453857e-01
7613,1.210938e-01
7614,-1.236572e-01
7615,9.570312e-02
7616,-9.570312e-02
7617,6.335449e-02
7618,-6.066895e-02
7619,2.697754e-02
7620,-2.258301e-02
7621,-1.049805e-02
7622,1.611328e-02
7623,-4.931641e-02
7624,5.261230e-02
7625,-8.496094e-02
7626,8.532715e-02
7627,-1.153564e-01
7628,1.135254e-01
7629,-1.408691e-01
7630,1.350098e-01
7631,-1.560059e-01
7632,1.457520e-01
7633,-1.623535e-01
7634,1.474609e-01
7635,-1.585693e-01
7636,1.389160e-01
7637,-1.447754e-01
7638,1.209717e-01
7639,-1.240234e-01
7640,9.716797e-02
7641,-9.570312e-02
7642,6.445312e-02
7643,-6.103516e-02
7644,2.575684e-02
7645,-2.185059e-02
7646,-1.110840e-02
7647,1.574707e-02
7648,-5.065918e-02
7649,5.358887e-02
7650,-8.581543e-02
7651,8.752441e-02
7652,-1.156006e-01
7653,1.135254e-01
7654,-1.394043e-01
7655,1.343994e-01
7656,-1.557617e-01
7657,1.427002e-01
7658,-1.635742e-01
7659,1.491699e-01
7660,-1.588135e-01
7661,1.389160e-01
7662,-1.446533e-01
7663,1.210938e-01
7664,-1.256104e-01
7665,9.545898e-02
7666,-9.606934e-02
7667,6.164551e-02
7668,-6.152344e-02
7669,2.722168e-02
7670,-2.258301e-02
7671,-1.330566e-02
7672,1.599121e-02
7673,-5.053711e-02
7674,5.200195e-02
7675,-8.544922e-02
7676,8.544922e-02
7677,-1.176758e-01
7678,1.151123e-01
7679,-1.408691e-01
7680,1.336670e-01
7681,-1.569824e-01
7682,1.445312e-01
7683,-1.614990e-01
7684,1.477051e-01
7685,-1.577148e-01
7686,1.400146e-01
7687,-1.444092e-01
7688,1.234131e-01
7689,-1.224365e-01
7690,9.558105e-02
7691,-9.301758e-02
7692,6.311035e-02
7693,-5.895996e-02
7694,2.832031e-02
7695,-2.185059e-02
7696,-1.318359e-02
7697,1.831055e-02
7698,-4.943848e-02
7699,5.261230e-02
7700,-8.496094e-02
7701,8.569336e-02
7702,-1.159668e-01
7703,1.142578e-01
7704,-1.401367e-01
7705,1.342773e-01
7706,-1.560059e-01
7707,1.457520e-01
7708,-1.622314e-01
7709,1.459961e-01
7710,-1.578369e-01
7711,1.392822e-01
7712,-1.464844e-01
7713,1.210938e-01
7714,-1.247559e-01
7715,9.558105e-02
7716,-9.606934e-02
7717,6.384277e-02
7718,-5.944824e-02
7719,2.709961e-02
7720,-2.307129e-02
7721,-1.110840e-02
7722,1.550293e-02
7723,-5.041504e-02
7724,5.383301e-02
7725,-8.776855e-02
7726,8.605957e-02
7727,-1.127930e-01
7728,1.119385e-01
7729,-1.417236e-01
7730,1.357422e-01
7731,-1.561279e-01
7732,1.440430e-01
7733,-1.616211e-01
7734,1.485596e-01
7735,-1.578369e-01
7736,1.407471e-01
7737,-1.461182e-01
7738,1.214600e-01
7739,-1.234131e-01
7740,9.472656e-02
7741,-9.387207e-02
7742,6.481934e-02
7743,-6.115723e-02
7744,2.661133e-02
7745,-2.404785e-02
7746,-9.643555e-03
7747,1.745605e-02
7748,-4.931641e-02
7749,5.346680e-02
7750,-8.581543e-02
7751,8.679199e-02
7752,-1.156006e-01
7753,1.132812e-01
7754,-1.407471e-01
7755,1.345215e-01
7756,-1.558838e-01
7757,1.440430e-01
7758,-1.605225e-01
7759,1.459961e-01
7760,-1.588135e-01
7761,1.397705e-01
7762,-1.468506e-01
7763,1.215820e-01
7764,-1.245117e-01
7765,9.497070e-02
7766,-9.484863e-02
7767,6.311035e-02
7768,-6.042480e-02
7769,2.722168e-02
7770,-2.465820e-02
7771,-9.765625e-03
7772,1.599121e-02
7773,-5.029297e-02
7774,5.383301e-02
7775,-8.654785e-02
7776,8.520508e-02
7777,-1.141357e-01
7778,1.118164e-01
7779,-1.414795e-01
7780,1.358643e-01
7781,-1.550293e-01
7782,1.452637e-01
7783,-1.621094e-01
7784,1.470947e-01
7785,-1.584473e-01
7786,1.386719e-01
7787,-1.474609e-01
7788,1.218262e-01
7789,-1.240234e-01
7790,9.729004e-02
7791,-9.521484e-02
7792,6.494141e-02
7793,-5.993652e-02
7794,2.758789e-02
7795,-2.294922e-02
7796,-1.184082e-02
7797,1.794434e-02
7798,-5.017090e-02
7799,5.371094e-02
7800,-8.325195e-02
7801,8.398438e-02
7802,-1.159668e-01
7803,1.152344e-01
7804,-1.398926e-01
7805,1.342773e-01
7806,-1.528320e-01
7807,1.445312e-01
7808,-1.629639e-01
7809,1.468506e-01
7810,-1.606445e-01
7811,1.407471e-01
7812,-1.459961e-01
7813,1.209717e-01
7814,-1.230469e-01
7815,9.643555e-02
7816,-9.326172e-02
7817,6.408691e-02
7818,-6.164551e-02
7819,2.856445e-02
7820,-2.392578e-02
7821,-1.062012e-02
7822,1.611328e-02
7823,-5.041504e-02
7824,5.383301e-02
7825,-8.496094e-02
7826,8.605957e-02
7827,-1.145020e-01
7828,1.127930e-01
7829,-1.400146e-01
7830,1.346436e-01
7831,-1.529541e-01
7832,1.436768e-01
7833,-1.629639e-01
7834,1.496582e-01
7835,-1.583252e-01
7836,1.389160e-01
7837,-1.461182e-01
7838,1.220703e-01
7839,-1.239014e-01
7840,9.545898e-02
7841,-9.484863e-02
7842,6.335449e-02
7843,-6.127930e-02
7844,3.002930e-02
7845,-2.270508e-02
7846,-1.318359e-02
7847,1.721191e-02
7848,-4.956055e-02
7849,5.029297e-02
7850,-8.544922e-02
7851,8.569336e-02
7852,-1.157227e-01
7853,1.138916e-01
7854,-1.370850e-01
7855,1.348877e-01
7856,-1.562500e-01
7857,1.470947e-01
7858,-1.614990e-01
7859,1.467285e-01
7860,-1.588135e-01
7861,1.408691e-01
7862,-1.446533e-01
7863,1.217041e-01
7864,-1.245117e-01
7865,9.631348e-02
7866,-9.509277e-02
7867,6.567383e-02
7868,-6.152344e-02
7869,2.819824e-02
7870,-2.270508e-02
7871,-1.184082e-02
7872,1.464844e-02
7873,-4.809570e-02
7874,5.163574e-02
7875,-8.459473e-02
7876,8.605957e-02
7877,-1.157227e-01
7878,1.143799e-01
7879,-1.390381e-01
7880,1.330566e-01
7881,-1.546631e-01
7882,1.462402e-01
7883,-1.614990e-01
7884,1.466064e-01
7885,-1.584473e-01
7886,1.398926e-01
7887,-1.467285e-01
7888,1.236572e-01
7889,-1.247559e-01
7890,9.692383e-02
7891,-9.533691e-02
7892,6.298828e-02
7893,-5.871582e-02
7894,2.709961e-02
7895,-2.111816e-02
7896,-8.422852e-03
7897,1.647949e-02
7898,-4.956055e-02
7899,5.212402e-02
7900,-8.325195e-02
7901,8.764648e-02
7902,-1.145020e-01
7903,1.148682e-01
7904,-1.384277e-01
7905,1.350098e-01
7906,-1.542969e-01
7907,1.457520e-01
7908,-1.612549e-01
7909,1.484375e-01
7910,-1.588135e-01
7911,1.383057e-01
7912,-1.461182e-01
7913,1.217041e-01
7914,-1.240234e-01
7915,9.643555e-02
7916,-9.436035e-02
7917,6.445312e-02
7918,-6.127930e-02
7919,2.832031e-02
7920,-2.355957e-02
7921,-1.281738e-02
7922,1.477051e-02
7923,-5.065918e-02
7924,5.371094e-02
7925,-8.471680e-02
7926,8.483887e-02
7927,-1.136475e-01
7928,1.154785e-01
7929,-1.407471e-01
7930,1.340332e-01
7931,-1.538086e-01
7932,1.466064e-01
7933,-1.633301e-01
7934,1.488037e-01
7935,-1.578369e-01
7936,1.379395e-01
7937,-1.441650e-01
7938,1.213379e-01
7939,-1.246338e-01
7940,9.667969e-02
7941,-9.472656e-02
7942,6.481934e-02
7943,-6.115723e-02
7944,2.832031e-02
7945,-2.136230e-02
7946,-1.025391e-02
7947,1.452637e-02
7948,-4.724121e-02
7949,5.285645e-02
7950,-8.325195e-02
7951,8.532715e-02
7952,-1.141357e-01
7953,1.143799e-01
7954,-1.398926e-01
7955,1.336670e-01
7956,-1.569824e-01
7957,1.446533e-01
7958,-1.611328e-01
7959,1.459961e-01
7960,-1.569824e-01
7961,1.392822e-01
7962,-1.461182e-01
7963,1.212158e-01
7964,-1.243896e-01
7965,9.643555e-02
7966,-9.741211e-02
7967,6.494141e-02
7968,-5.859375e-02
7969,2.795410e-02
7970,-2.307129e-02
7971,-1.062012e-02
7972,1.452637e-02
7973,-4.870605e-02
7974,5.407715e-02
7975,-8.618164e-02
7976,8.618164e-02
7977,-1.138916e-01
7978,1.130371e-01
7979,-1.392822e-01
7980,1.339111e-01
7981,-1.555176e-01
7982,1.452637e-01
7983,-1.634521e-01
7984,1.469727e-01
7985,-1.563721e-01
7986,1.396484e-01
7987,-1.459961e-01
7988,1.223145e-01
7989,-1.235352e-01
7990,9.558105e-02
7991,-9.619141e-02
7992,6.604004e-02
7993,-6.103516e-02
7994,2.832031e-02
7995,-2.136230e-02
7996,-1.110840e-02
7997,1.525879e-02
7998,-4.907227e-02
7999,5.224609e-02
8000,-8.471680e-02
8001,8.398438e-02
8002,-1.143799e-01
8003,1.135254e-01
8004,-1.390381e-01
8005,1.339111e-01
8006,-1.546631e-01
8007,1.450195e-01
8008,-1.621094e-01
8009,1.461182e-01
8010,-1.590576e-01
8011,1.401367e-01
8012,-1.458740e-01
8013,1.203613e-01
8014,-1.239014e-01
8015,9.692383e-02
8016,-9.570312e-02
8017,6.445312e-02
8018,-6.127930e-02
8019,2.734375e-02
8020,-2.551270e-02
8021,-1.000977e-02
8022,1.538086e-02
8023,-4.772949e-02
8024,5.261230e-02
8025,-8.483887e-02
8026,8.557129e-02
8027,-1.154785e-01
8028,1.132812e-01
8029,-1.384277e-01
8030,1.334229e-01
8031,-1.549072e-01
8032,1.458740e-01
8033,-1.622314e-01
8034,1.475830e-01
8035,-1.580811e-01
8036,1.394043e-01
8037,-1.469727e-01
8038,1.225586e-01
8039,-1.237793e-01
8040,9.716797e-02
8041,-9.521484e-02
8042,6.530762e-02
8043,-6.054688e-02
8044,2.917480e-02
8045,-2.343750e-02
8046,-1.025391e-02
8047,1.464844e-02
8048,-4.858398e-02
8049,5.249023e-02
8050,-8.471680e-02
8051,8.605957e-02
8052,-1.145020e-01
8053,1.126709e-01
8054,-1.409912e-01
8055,1.334229e-01
8056,-1.538086e-01
8057,1.457520e-01
8058,-1.612549e-01
8059,1.466064e-01
8060,-1.580811e-01
8061,1.396484e-01
8062,-1.477051e-01
8063,1.217041e-01
8064,-1.239014e-01
8065,9.619141e-02
8066,-9.436035e-02
8067,6.604004e-02
8068,-6.201172e-02
8069,2.734375e-02
8070,-2.380371e-02
8071,-1.110840e-02
8072,1.232910e-02
8073,-4.907227e-02
8074,5.261230e-02
8075,-8.447266e-02
8076,8.630371e-02
8077,-1.142578e-01
8078,1.145020e-01
8079,-1.400146e-01
8080,1.324463e-01
8081,-1.538086e-01
8082,1.457520e-01
8083,-1.619873e-01
8084,1.467285e-01
8085,-1.586914e-01
8086,1.398926e-01
8087,-1.473389e-01
8088,1.215820e-01
8089,-1.239014e-01
8090,9.655762e-02
8091,-9.533691e-02
8092,6.408691e-02
8093,-6.066895e-02
8094,2.917480e-02
8095,-2.502441e-02
8096,-1.110840e-02
8097,1.452637e-02
8098,-4.870605e-02
8099,5.175781e-02
8100,-8.374023e-02
8101,8.520508e-02
8102,-1.151123e-01
8103,1.146240e-01
8104,-1.405029e-01
8105,1.323242e-01
8106,-1.553955e-01
8107,1.450195e-01
8108,-1.607666e-01
8109,1.469727e-01
8110,-1.586914e-01
8111,1.400146e-01
8112,-1.462402e-01
8113,1.217041e-01
8114,-1.239014e-01
8115,9.631348e-02
8116,-9.582520e-02
8117,6.518555e-02
8118,-6.164551e-02
8119,2.795410e-02
8120,-2.355957e-02
8121,-9.277344e-03
8122,1.354980e-02
8123,-4.809570e-02
8124,5.090332e-02
8125,-8.410645e-02
8126,8.471680e-02
8127,-1.163330e-01
8128,1.131592e-01
8129,-1.394043e-01
8130,1.337891e-01
8131,-1.546631e-01
8132,1.442871e-01
8133,-1.606445e-01
8134,1.468506e-01
8135,-1.585693e-01
8136,1.392822e-01
8137,-1.472168e-01
8138,1.235352e-01
8139,-1.256104e-01
8140,9.790039e-02
8141,-9.716797e-02
8142,6.640625e-02
8143,-6.213379e-02
8144,2.819824e-02
8145,-2.343750e-02
8146,-9.277344e-03
8147,1.489258e-02
8148,-5.004883e-02
8149,5.139160e-02
8150,-8.251953e-02
8151,8.544922e-02
8152,-1.152344e-01
8153,1.146240e-01
8154,-1.405029e-01
8155,1.323242e-01
8156,-1.550293e-01
8157,1.457520e-01
8158,-1.624756e-01
8159,1.477051e-01
8160,-1.580811e-01
8161,1.401367e-01
8162,-1.461182e-01
8163,1.203613e-01
8164,-1.240234e-01
8165,9.802246e-02
8166,-9.765625e-02
8167,6.591797e-02
8168,-6.030273e-02
8169,2.966309e-02
8170,-2.246094e-02
8171,-1.074219e-02
8172,1.550293e-02
8173,-4.565430e-02
8174,5.175781e-02
8175,-8.630371e-02
8176,8.654785e-02
8177,-1.142578e-01
8178,1.130371e-01
8179,-1.375732e-01
8180,1.339111e-01
8181,-1.546631e-01
8182,1.448975e-01
8183,-1.622314e-01
8184,1.477051e-01
8185,-1.580811e-01
8186,1.370850e-01
8187,-1.466064e-01
8188,1.220703e-01
8189,-1.257324e-01
8190,9.765625e-02
8191,-9.399414e-02
8192,6.567383e-02
8193,-6.237793e-02
8194,3.198242e-02
8195,-2.441406e-02
8196,-8.666992e-03
8197,1.464844e-02
8198,-4.870605e-02
8199,5.175781e-02
8200,-8.374023e-02
8201,8.508301e-02
8202,-1.151123e-01
8203,1.143799e-01
8204,-1.384277e-01
8205,1.328125e-01
8206,-1.535645e-01
8207,1.451416e-01
8208,-1.624756e-01
8209,1.486816e-01
8210,-1.611328e-01
8211,1.389160e-01
8212,-1.444092e-01
8213,1.219482e-01
8214,-1.256104e-01
8215,9.704590e-02
8216,-9.533691e-02
8217,6.689453e-02
8218,-6.274414e-02
8219,2.844238e-02
8220,-2.307129e-02
8221,-1.037598e-02
8222,1.330566e-02
8223,-4.724121e-02
8224,5.249023e-02
8225,-8.447266e-02
8226,8.386230e-02
8227,-1.137695e-01
8228,1.138916e-01
8229,-1.380615e-01
8230,1.333008e-01
8231,-1.561279e-01
8232,1.450195e-01
8233,-1.613770e-01
8234,1.469727e-01
8235,-1.580811e-01
8236,1.392822e-01
8237,-1.462402e-01
8238,1.251221e-01
8239,-1.247559e-01
8240,9.692383e-02
8241,-9.643555e-02
8242,6.640625e-02
8243,-6.152344e-02
8244,2.697754e-02
8245,-2.221680e-02
8246,-7.812500e-03
8247,1.452637e-02
8248,-4.785156e-02
8249,5.212402e-02
8250,-8.398438e-02
8251,8.593750e-02
8252,-1.156006e-01
8253,1.143799e-01
8254,-1.392822e-01
8255,1.314697e-01
8256,-1.534424e-01
8257,1.455078e-01
8258,-1.611328e-01
8259,1.486816e-01
8260,-1.563721e-01
8261,1.397705e-01
8262,-1.480713e-01
8263,1.242676e-01
8264,-1.257324e-01
8265,9.558105e-02
8266,-9.741211e-02
8267,6.652832e-02
8268,-6.140137e-02
8269,2.917480e-02
8270,-2.307129e-02
8271,-9.155273e-03
8272,1.354980e-02
8273,-4.797363e-02
8274,5.114746e-02
8275,-8.447266e-02
8276,8.447266e-02
8277,-1.136475e-01
8278,1.113281e-01
8279,-1.390381e-01
8280,1.345215e-01
8281,-1.542969e-01
8282,1.452637e-01
8283,-1.614990e-01
8284,1.474609e-01
8285,-1.569824e-01
8286,1.398926e-01
8287,-1.469727e-01
8288,1.229248e-01
8289,-1.239014e-01
8290,9.729004e-02
8291,-9.777832e-02
8292,6.506348e-02
8293,-6.359863e-02
8294,3.015137e-02
8295,-2.539062e-02
8296,-1.123047e-02
8297,1.611328e-02
8298,-4.797363e-02
8299,5.114746e-02
8300,-8.459473e-02
8301,8.508301e-02
8302,-1.114502e-01
8303,1.119385e-01
8304,-1.386719e-01
8305,1.345215e-01
8306,-1.534424e-01
8307,1.446533e-01
8308,-1.614990e-01
8309,1.475830e-01
8310,-1.580811e-01
8311,1.392822e-01
8312,-1.467285e-01
8313,1.224365e-01
8314,-1.257324e-01
8315,9.765625e-02
8316,-9.594727e-02
8317,6.652832e-02
8318,-6.347656e-02
8319,3.039551e-02
8320,-2.453613e-02
8321,-1.196289e-02
8322,1.318359e-02
8323,-4.797363e-02
8324,5.224609e-02
8325,-8.325195e-02
8326,8.312988e-02
8327,-1.138916e-01
8328,1.134033e-01
8329,-1.394043e-01
8330,1.334229e-01
8331,-1.538086e-01
8332,1.430664e-01
8333,-1.617432e-01
8334,1.485596e-01
8335,-1.593018e-01
8336,1.397705e-01
8337,-1.455078e-01
8338,1.234131e-01
8339,-1.247559e-01
8340,9.704590e-02
8341,-9.753418e-02
8342,6.665039e-02
8343,-6.140137e-02
8344,2.954102e-02
8345,-2.416992e-02
8346,-8.056641e-03
8347,1.245117e-02
8348,-4.809570e-02
8349,5.249023e-02
8350,-8.312988e-02
8351,8.642578e-02
8352,-1.154785e-01
8353,1.116943e-01
8354,-1.385498e-01
8355,1.336670e-01
8356,-1.541748e-01
8357,1.455078e-01
8358,-1.614990e-01
8359,1.486816e-01
8360,-1.601562e-01
8361,1.397705e-01
8362,-1.457520e-01
8363,1.203613e-01
8364,-1.257324e-01
8365,9.704590e-02
8366,-9.667969e-02
8367,6.652832e-02
8368,-6.225586e-02
8369,3.002930e-02
8370,-2.441406e-02
8371,-9.033203e-03
8372,1.318359e-02
8373,-4.846191e-02
8374,5.041504e-02
8375,-8.288574e-02
8376,8.520508e-02
8377,-1.136475e-01
8378,1.121826e-01
8379,-1.391602e-01
8380,1.323242e-01
8381,-1.542969e-01
8382,1.446533e-01
8383,-1.606445e-01
8384,1.468506e-01
8385,-1.601562e-01
8386,1.400146e-01
8387,-1.461182e-01
8388,1.225586e-01
8389,-1.260986e-01
8390,9.790039e-02
8391,-9.545898e-02
8392,6.518555e-02
8393,-6.213379e-02
8394,3.088379e-02
8395,-2.404785e-02
8396,-9.277344e-03
8397,1.220703e-02
8398,-4.638672e-02
8399,5.249023e-02
8400,-8.325195e-02
8401,8.471680e-02
8402,-1.140137e-01
8403,1.110840e-01
8404,-1.374512e-01
8405,1.339111e-01
8406,-1.534424e-01
8407,1.466064e-01
8408,-1.604004e-01
8409,1.470947e-01
8410,-1.591797e-01
8411,1.400146e-01
8412,-1.480713e-01
8413,1.232910e-01
8414,-1.260986e-01
8415,9.692383e-02
8416,-9.814453e-02
8417,6.420898e-02
8418,-6.237793e-02
8419,2.893066e-02
8420,-2.465820e-02
8421,-9.399414e-03
8422,1.403809e-02
8423,-4.833984e-02
8424,5.175781e-02
8425,-8.203125e-02
8426,8.483887e-02
8427,-1.145020e-01
8428,1.118164e-01
8429,-1.401367e-01
8430,1.335449e-01
8431,-1.538086e-01
8432,1.441650e-01
8433,-1.607666e-01
8434,1.477051e-01
8435,-1.583252e-01
8436,1.407471e-01
8437,-1.469727e-01
8438,1.235352e-01
8439,-1.239014e-01
8440,9.643555e-02
8441,-9.497070e-02
8442,6.652832e-02
8443,-6.127930e-02
8444,3.039551e-02
8445,-2.502441e-02
8446,-8.056641e-03
8447,1.342773e-02
8448,-4.833984e-02
8449,5.114746e-02
8450,-8.251953e-02
8451,8.557129e-02
8452,-1.127930e-01
8453,1.126709e-01
8454,-1.389160e-01
8455,1.352539e-01
8456,-1.542969e-01
8457,1.450195e-01
8458,-1.608887e-01
8459,1.477051e-01
8460,-1.574707e-01
8461,1.385498e-01
8462,-1.458740e-01
8463,1.240234e-01
8464,-1.256104e-01
8465,9.802246e-02
8466,-9.606934e-02
8467,6.579590e-02
8468,-6.152344e-02
8469,2.893066e-02
8470,-2.551270e-02
8471,-7.446289e-03
8472,1.293945e-02
8473,-4.528809e-02
8474,5.175781e-02
8475,-8.361816e-02
8476,8.374023e-02
8477,-1.137695e-01
8478,1.136475e-01
8479,-1.397705e-01
8480,1.343994e-01
8481,-1.529541e-01
8482,1.448975e-01
8483,-1.623535e-01
8484,1.479492e-01
8485,-1.584473e-01
8486,1.397705e-01
8487,-1.461182e-01
8488,1.236572e-01
8489,-1.240234e-01
8490,9.704590e-02
8491,-9.655762e-02
8492,6.738281e-02
8493,-6.445312e-02
8494,2.880859e-02
8495,-2.380371e-02
8496,-9.765625e-03
8497,1.318359e-02
8498,-4.553223e-02
8499,5.041504e-02
8500,-8.374023e-02
8501,8.349609e-02
8502,-1.151123e-01
8503,1.125488e-01
8504,-1.386719e-01
8505,1.335449e-01
8506,-1.546631e-01
8507,1.445312e-01
8508,-1.610107e-01
8509,1.472168e-01
8510,-1.594238e-01
8511,1.406250e-01
8512,-1.463623e-01
8513,1.237793e-01
8514,-1.251221e-01
8515,9.729004e-02
8516,-9.570312e-02
8517,6.579590e-02
8518,-6.445312e-02
8519,2.893066e-02
8520,-2.563477e-02
8521,-1.037598e-02
8522,1.159668e-02
8523,-4.687500e-02
8524,5.114746e-02
8525,-8.471680e-02
8526,8.227539e-02
8527,-1.158447e-01
8528,1.123047e-01
8529,-1.384277e-01
8530,1.326904e-01
8531,-1.550293e-01
8532,1.445312e-01
8533,-1.604004e-01
8534,1.472168e-01
8535,-1.599121e-01
8536,1.387939e-01
8537,-1.468506e-01
8538,1.230469e-01
8539,-1.259766e-01
8540,9.777832e-02
8541,-9.655762e-02
8542,6.579590e-02
8543,-6.457520e-02
8544,3.039551e-02
8545,-2.587891e-02
8546,-7.812500e-03
8547,1.196289e-02
8548,-4.614258e-02
8549,5.236816e-02
8550,-8.239746e-02
8551,8.361816e-02
8552,-1.145020e-01
8553,1.105957e-01
8554,-1.385498e-01
8555,1.328125e-01
8556,-1.542969e-01
8557,1.448975e-01
8558,-1.588135e-01
8559,1.470947e-01
8560,-1.596680e-01
8561,1.407471e-01
8562,-1.470947e-01
8563,1.224365e-01
8564,-1.228027e-01
8565,9.826660e-02
8566,-9.741211e-02
8567,6.726074e-02
8568,-6.457520e-02
8569,2.856445e-02
8570,-2.465820e-02
8571,-1.025391e-02
8572,1.391602e-02
8573,-4.870605e-02
8574,5.078125e-02
8575,-8.117676e-02
8576,8.410645e-02
8577,-1.140137e-01
8578,1.126709e-01
8579,-1.374512e-01
8580,1.325684e-01
8581,-1.539307e-01
8582,1.436768e-01
8583,-1.624756e-01
8584,1.480713e-01
8585,-1.593018e-01
8586,1.389160e-01
8587,-1.469727e-01
8588,1.245117e-01
8589,-1.264648e-01
8590,9.814453e-02
8591,-9.655762e-02
8592,6.774902e-02
8593,-6.176758e-02
8594,2.966309e-02
8595,-2.429199e-02
8596,-1.000977e-02
8597,1.123047e-02
8598,-4.699707e-02
8599,5.004883e-02
8600,-8.203125e-02
8601,8.532715e-02
8602,-1.136475e-01
8603,1.119385e-01
8604,-1.372070e-01
8605,1.309814e-01
8606,-1.555176e-01
8607,1.459961e-01
8608,-1.614990e-01
8609,1.468506e-01
8610,-1.594238e-01
8611,1.400146e-01
8612,-1.469727e-01
8613,1.212158e-01
8614,-1.250000e-01
8615,9.838867e-02
8616,-9.777832e-02
8617,6.677246e-02
8618,-6.408691e-02
8619,2.954102e-02
8620,-2.514648e-02
8621,-8.178711e-03
8622,1.342773e-02
8623,-4.895020e-02
8624,4.797363e-02
8625,-8.068848e-02
8626,8.337402e-02
8627,-1.136475e-01
8628,1.121826e-01
8629,-1.381836e-01
8630,1.329346e-01
8631,-1.528320e-01
8632,1.441650e-01
8633,-1.618652e-01
8634,1.473389e-01
8635,-1.605225e-01
8636,1.406250e-01
8637,-1.469727e-01
8638,1.236572e-01
8639,-1.240234e-01
8640,9.790039e-02
8641,-9.838867e-02
8642,6.579590e-02
8643,-6.201172e-02
8644,2.990723e-02
8645,-2.478027e-02
8646,-7.080078e-03
8647,1.257324e-02
8648,-4.650879e-02
8649,4.895020e-02
8650,-8.264160e-02
8651,8.544922e-02
8652,-1.129150e-01
8653,1.115723e-01
8654,-1.378174e-01
8655,1.328125e-01
8656,-1.547852e-01
8657,1.419678e-01
8658,-1.616211e-01
8659,1.459961e-01
8660,-1.596680e-01
8661,1.389160e-01
8662,-1.473389e-01
8663,1.250000e-01
8664,-1.273193e-01
8665,9.692383e-02
8666,-9.741211e-02
8667,6.604004e-02
8668,-6.213379e-02
8669,3.063965e-02
8670,-2.734375e-02
8671,-9.643555e-03
8672,1.538086e-02
8673,-4.614258e-02
8674,4.956055e-02
8675,-8.251953e-02
8676,8.520508e-02
8677,-1.141357e-01
8678,1.126709e-01
8679,-1.365967e-01
8680,1.325684e-01
8681,-1.551514e-01
8682,1.446533e-01
8683,-1.640625e-01
8684,1.458740e-01
8685,-1.580811e-01
8686,1.403809e-01
8687,-1.461182e-01
8688,1.234131e-01
8689,-1.243896e-01
8690,9.704590e-02
8691,-9.948730e-02
8692,6.652832e-02
8693,-6.445312e-02
8694,3.149414e-02
8695,-2.514648e-02
8696,-7.934570e-03
8697,1.318359e-02
8698,-4.785156e-02
8699,5.114746e-02
8700,-8.337402e-02
8701,8.435059e-02
8702,-1.137695e-01
8703,1.121826e-01
8704,-1.375732e-01
8705,1.318359e-01
8706,-1.544189e-01
8707,1.439209e-01
8708,-1.596680e-01
8709,1.470947e-01
8710,-1.606445e-01
8711,1.411133e-01
8712,-1.468506e-01
8713,1.214600e-01
8714,-1.281738e-01
8715,9.863281e-02
8716,-9.655762e-02
8717,6.604004e-02
8718,-6.311035e-02
8719,2.929688e-02
8720,-2.636719e-02
8721,-5.249023e-03
8722,1.184082e-02
8723,-4.833984e-02
8724,5.029297e-02
8725,-8.312988e-02
8726,8.374023e-02
8727,-1.163330e-01
8728,1.096191e-01
8729,-1.367188e-01
8730,1.324463e-01
8731,-1.561279e-01
8732,1.456299e-01
8733,-1.606445e-01
8734,1.470947e-01
8735,-1.589355e-01
8736,1.385498e-01
8737,-1.451416e-01
8738,1.239014e-01
8739,-1.265869e-01
8740,9.936523e-02
8741,-9.680176e-02
8742,6.555176e-02
8743,-6.311035e-02
8744,3.234863e-02
8745,-2.587891e-02
8746,-8.789062e-03
8747,1.306152e-02
8748,-4.797363e-02
8749,4.943848e-02
8750,-8.203125e-02
8751,8.227539e-02
8752,-1.130371e-01
8753,1.109619e-01
8754,-1.381836e-01
8755,1.324463e-01
8756,-1.550293e-01
8757,1.455078e-01
8758,-1.614990e-01
8759,1.466064e-01
8760,-1.588135e-01
8761,1.408691e-01
8762,-1.477051e-01
8763,1.231689e-01
8764,-1.264648e-01
8765,9.985352e-02
8766,-9.826660e-02
8767,6.481934e-02
8768,-6.188965e-02
8769,2.978516e-02
8770,-2.648926e-02
8771,-6.835938e-03
8772,1.293945e-02
8773,-4.650879e-02
8774,4.980469e-02
8775,-8.178711e-02
8776,8.239746e-02
8777,-1.148682e-01
8778,1.115723e-01
8779,-1.356201e-01
8780,1.318359e-01
8781,-1.534424e-01
8782,1.448975e-01
8783,-1.608887e-01
8784,1.478271e-01
8785,-1.585693e-01
8786,1.400146e-01
8787,-1.468506e-01
8788,1.234131e-01
8789,-1.256104e-01
8790,9.851074e-02
8791,-9.863281e-02
8792,6.762695e-02
8793,-6.372070e-02
8794,3.063965e-02
8795,-2.563477e-02
8796,-8.911133e-03
8797,1.367188e-02
8798,-4.699707e-02
8799,5.065918e-02
8800,-8.056641e-02
8801,8.276367e-02
8802,-1.125488e-01
8803,1.101074e-01
8804,-1.378174e-01
8805,1.335449e-01
8806,-1.546631e-01
8807,1.445312e-01
8808,-1.614990e-01
8809,1.451416e-01
8810,-1.597900e-01
8811,1.407471e-01
8812,-1.461182e-01
8813,1.206055e-01
8814,-1.251221e-01
8815,9.948730e-02
8816,-9.960938e-02
8817,6.652832e-02
8818,-6.286621e-02
8819,3.100586e-02
8820,-2.600098e-02
8821,-9.765625e-03
8822,1.281738e-02
8823,-4.479980e-02
8824,5.029297e-02
8825,-8.227539e-02
8826,8.227539e-02
8827,-1.151123e-01
8828,1.125488e-01
8829,-1.381836e-01
8830,1.334229e-01
8831,-1.528320e-01
8832,1.442871e-01
8833,-1.616211e-01
8834,1.446533e-01
8835,-1.606445e-01
8836,1.407471e-01
8837,-1.486816e-01
8838,1.247559e-01
8839,-1.263428e-01
8840,9.826660e-02
8841,-9.777832e-02
8842,6.823730e-02
8843,-6.237793e-02
8844,3.039551e-02
8845,-2.673340e-02
8846,-6.958008e-03
8847,1.306152e-02
8848,-4.577637e-02
8849,4.699707e-02
8850,-8.178711e-02
8851,8.398438e-02
8852,-1.136475e-01
8853,1.114502e-01
8854,-1.378174e-01
8855,1.318359e-01
8856,-1.552734e-01
8857,1.442871e-01
8858,-1.599121e-01
8859,1.468506e-01
8860,-1.597900e-01
8861,1.409912e-01
8862,-1.478271e-01
8863,1.230469e-01
8864,-1.263428e-01
8865,9.716797e-02
8866,-9.912109e-02
8867,7.019043e-02
8868,-6.359863e-02
8869,3.039551e-02
8870,-2.502441e-02
8871,-8.178711e-03
8872,1.098633e-02
8873,-4.406738e-02
8874,4.968262e-02
8875,-8.215332e-02
8876,8.361816e-02
8877,-1.151123e-01
8878,1.112061e-01
8879,-1.376953e-01
8880,1.322021e-01
8881,-1.527100e-01
8882,1.459961e-01
8883,-1.604004e-01
8884,1.463623e-01
8885,-1.593018e-01
8886,1.406250e-01
8887,-1.484375e-01
8888,1.245117e-01
8889,-1.264648e-01
8890,9.838867e-02
8891,-9.863281e-02
8892,6.896973e-02
8893,-6.396484e-02
8894,2.941895e-02
8895,-2.465820e-02
8896,-5.981445e-03
8897,1.135254e-02
8898,-4.577637e-02
8899,4.956055e-02
8900,-8.154297e-02
8901,8.337402e-02
8902,-1.140137e-01
8903,1.110840e-01
8904,-1.374512e-01
8905,1.307373e-01
8906,-1.555176e-01
8907,1.437988e-01
8908,-1.597900e-01
8909,1.463623e-01
8910,-1.597900e-01
8911,1.402588e-01
8912,-1.480713e-01
8913,1.250000e-01
8914,-1.264648e-01
8915,9.887695e-02
8916,-9.741211e-02
8917,6.640625e-02
8918,-6.408691e-02
8919,3.405762e-02
8920,-2.697754e-02
8921,-7.202148e-03
8922,1.220703e-02
8923,-4.614258e-02
8924,4.943848e-02
8925,-8.227539e-02
8926,8.117676e-02
8927,-1.109619e-01
8928,1.115723e-01
8929,-1.390381e-01
8930,1.330566e-01
8931,-1.524658e-01
8932,1.437988e-01
8933,-1.623535e-01
8934,1.479492e-01
8935,-1.575928e-01
8936,1.392822e-01
8937,-1.496582e-01
8938,1.253662e-01
8939,-1.254883e-01
8940,9.924316e-02
8941,-9.912109e-02
8942,6.811523e-02
8943,-6.176758e-02
8944,3.112793e-02
8945,-2.832031e-02
8946,-6.713867e-03
8947,1.342773e-02
8948,-4.394531e-02
8949,4.968262e-02
8950,-8.337402e-02
8951,8.361816e-02
8952,-1.123047e-01
8953,1.101074e-01
8954,-1.386719e-01
8955,1.317139e-01
8956,-1.536865e-01
8957,1.440430e-01
8958,-1.610107e-01
8959,1.485596e-01
8960,-1.571045e-01
8961,1.403809e-01
8962,-1.478271e-01
8963,1.242676e-01
8964,-1.291504e-01
8965,1.007080e-01
8966,-9.887695e-02
8967,6.677246e-02
8968,-6.384277e-02
8969,3.149414e-02
8970,-2.685547e-02
8971,-8.056641e-03
8972,1.342773e-02
8973,-4.589844e-02
8974,4.858398e-02
8975,-8.032227e-02
8976,8.251953e-02
8977,-1.134033e-01
8978,1.096191e-01
8979,-1.369629e-01
8980,1.300049e-01
8981,-1.552734e-01
8982,1.445312e-01
8983,-1.613770e-01
8984,1.492920e-01
8985,-1.572266e-01
8986,1.391602e-01
8987,-1.491699e-01
8988,1.237793e-01
8989,-1.268311e-01
8990,9.948730e-02
8991,-9.924316e-02
8992,6.774902e-02
8993,-6.359863e-02
8994,3.234863e-02
8995,-2.587891e-02
8996,-6.225586e-03
8997,1.232910e-02
8998,-4.492188e-02
8999,4.968262e-02
9000,-8.203125e-02
9001,8.276367e-02
9002,-1.127930e-01
9003,1.131592e-01
9004,-1.361084e-01
9005,1.302490e-01
9006,-1.529541e-01
9007,1.448975e-01
9008,-1.634521e-01
9009,1.477051e-01
9010,-1.604004e-01
9011,1.383057e-01
9012,-1.469727e-01
9013,1.237793e-01
9014,-1.273193e-01
9015,9.851074e-02
9016,-9.948730e-02
9017,6.811523e-02
9018,-6.323242e-02
9019,3.222656e-02
9020,-2.917480e-02
9021,-5.981445e-03
9022,1.147461e-02
9023,-4.455566e-02
9024,5.017090e-02
9025,-8.203125e-02
9026,8.337402e-02
9027,-1.107178e-01
9028,1.099854e-01
9029,-1.361084e-01
9030,1.331787e-01
9031,-1.544189e-01
9032,1.453857e-01
9033,-1.594238e-01
9034,1.480713e-01
9035,-1.604004e-01
9036,1.401367e-01
9037,-1.451416e-01
9038,1.235352e-01
9039,-1.273193e-01
9040,9.826660e-02
9041,-9.936523e-02
9042,6.823730e-02
9043,-6.311035e-02
9044,3.210449e-02
9045,-2.551270e-02
9046,-7.690430e-03
9047,1.184082e-02
9048,-4.577637e-02
9049,5.004883e-02
9050,-8.093262e-02
9051,8.312988e-02
9052,-1.121826e-01
9053,1.118164e-01
9054,-1.372070e-01
9055,1.331787e-01
9056,-1.530762e-01
9057,1.442871e-01
9058,-1.624756e-01
9059,1.470947e-01
9060,-1.580811e-01
9061,1.394043e-01
9062,-1.470947e-01
9063,1.253662e-01
9064,-1.289062e-01
9065,9.826660e-02
9066,-9.765625e-02
9067,6.628418e-02
9068,-6.457520e-02
9069,3.063965e-02
9070,-2.795410e-02
9071,-7.080078e-03
9072,1.257324e-02
9073,-4.577637e-02
9074,4.895020e-02
9075,-8.032227e-02
9076,8.178711e-02
9077,-1.114502e-01
9078,1.102295e-01
9079,-1.373291e-01
9080,1.336670e-01
9081,-1.530762e-01
9082,1.441650e-01
9083,-1.606445e-01
9084,1.477051e-01
9085,-1.597900e-01
9086,1.395264e-01
9087,-1.481934e-01
9088,1.262207e-01
9089,-1.258545e-01
9090,9.851074e-02
9091,-9.863281e-02
9092,6.738281e-02
9093,-6.579590e-02
9094,3.173828e-02
9095,-2.722168e-02
9096,-5.493164e-03
9097,1.098633e-02
9098,-4.418945e-02
9099,4.919434e-02
9100,-8.129883e-02
9101,8.386230e-02
9102,-1.119385e-01
9103,1.114502e-01
9104,-1.372070e-01
9105,1.330566e-01
9106,-1.538086e-01
9107,1.445312e-01
9108,-1.597900e-01
9109,1.484375e-01
9110,-1.596680e-01
9111,1.400146e-01
9112,-1.495361e-01
9113,1.242676e-01
9114,-1.252441e-01
9115,9.729004e-02
9116,-9.899902e-02
9117,6.848145e-02
9118,-6.604004e-02
9119,3.039551e-02
9120,-2.673340e-02
9121,-6.225586e-03
9122,1.123047e-02
9123,-4.553223e-02
9124,4.809570e-02
9125,-8.117676e-02
9126,8.398438e-02
9127,-1.136475e-01
9128,1.096191e-01
9129,-1.375732e-01
9130,1.323242e-01
9131,-1.546631e-01
9132,1.440430e-01
9133,-1.597900e-01
9134,1.475830e-01
9135,-1.593018e-01
9136,1.394043e-01
9137,-1.469727e-01
9138,1.247559e-01
9139,-1.271973e-01
9140,9.948730e-02
9141,-9.802246e-02
9142,6.848145e-02
9143,-6.347656e-02
9144,3.454590e-02
9145,-2.648926e-02
9146,-6.835938e-03
9147,1.037598e-02
9148,-4.504395e-02
9149,4.907227e-02
9150,-8.129883e-02
9151,8.276367e-02
9152,-1.105957e-01
9153,1.104736e-01
9154,-1.376953e-01
9155,1.317139e-01
9156,-1.541748e-01
9157,1.462402e-01
9158,-1.597900e-01
9159,1.459961e-01
9160,-1.605225e-01
9161,1.391602e-01
9162,-1.478271e-01
9163,1.241455e-01
9164,-1.265869e-01
9165,1.011963e-01
9166,-9.948730e-02
9167,6.726074e-02
9168,-6.579590e-02
9169,3.186035e-02
9170,-2.746582e-02
9171,-5.615234e-03
9172,1.013184e-02
9173,-4.406738e-02
9174,4.760742e-02
9175,-8.056641e-02
9176,8.251953e-02
9177,-1.141357e-01
9178,1.105957e-01
9179,-1.367188e-01
9180,1.315918e-01
9181,-1.511230e-01
9182,1.453857e-01
9183,-1.622314e-01
9184,1.469727e-01
9185,-1.606445e-01
9186,1.425781e-01
9187,-1.477051e-01
9188,1.217041e-01
9189,-1.271973e-01
9190,9.948730e-02
9191,-9.851074e-02
9192,6.799316e-02
9193,-6.408691e-02
9194,3.234863e-02
9195,-2.941895e-02
9196,-5.126953e-03
9197,1.074219e-02
9198,-4.675293e-02
9199,4.870605e-02
9200,-8.032227e-02
9201,8.154297e-02
9202,-1.141357e-01
9203,1.127930e-01
9204,-1.375732e-01
9205,1.298828e-01
9206,-1.518555e-01
9207,1.428223e-01
9208,-1.630859e-01
9209,1.470947e-01
9210,-1.604004e-01
9211,1.423340e-01
9212,-1.468506e-01
9213,1.226807e-01
9214,-1.269531e-01
9215,1.002197e-01
9216,-9.924316e-02
9217,6.896973e-02
9218,-6.323242e-02
9219,3.149414e-02
9220,-2.832031e-02
9221,-5.981445e-03
9222,1.159668e-02
9223,-4.272461e-02
9224,4.772949e-02
9225,-8.227539e-02
9226,8.105469e-02
9227,-1.131592e-01
9228,1.105957e-01
9229,-1.373291e-01
9230,1.312256e-01
9231,-1.536865e-01
9232,1.425781e-01
9233,-1.597900e-01
9234,1.478271e-01
9235,-1.579590e-01
9236,1.394043e-01
9237,-1.507568e-01
9238,1.241455e-01
9239,-1.264648e-01
9240,1.000977e-01
9241,-9.997559e-02
9242,6.835938e-02
9243,-6.433105e-02
9244,3.222656e-02
9245,-2.770996e-02
9246,-5.615234e-03
9247,1.062012e-02
9248,-4.382324e-02
9249,4.870605e-02
9250,-8.129883e-02
9251,8.264160e-02
9252,-1.119385e-01
9253,1.103516e-01
9254,-1.373291e-01
9255,1.320801e-01
9256,-1.507568e-01
9257,1.423340e-01
9258,-1.610107e-01
9259,1.496582e-01
9260,-1.604004e-01
9261,1.380615e-01
9262,-1.490479e-01
9263,1.251221e-01
9264,-1.264648e-01
9265,9.985352e-02
9266,-9.838867e-02
9267,6.848145e-02
9268,-6.347656e-02
9269,3.283691e-02
9270,-2.844238e-02
9271,-5.493164e-03
9272,1.025391e-02
9273,-4.492188e-02
9274,4.711914e-02
9275,-7.934570e-02
9276,8.166504e-02
9277,-1.131592e-01
9278,1.123047e-01
9279,-1.380615e-01
9280,1.317139e-01
9281,-1.550293e-01
9282,1.437988e-01
9283,-1.617432e-01
9284,1.483154e-01
9285,-1.582031e-01
9286,1.400146e-01
9287,-1.484375e-01
9288,1.246338e-01
9289,-1.273193e-01
9290,9.997559e-02
9291,-9.887695e-02
9292,6.823730e-02
9293,-6.726074e-02
9294,3.369141e-02
9295,-2.648926e-02
9296,-5.981445e-03
9297,1.037598e-02
9298,-4.321289e-02
9299,4.943848e-02
9300,-8.117676e-02
9301,7.995605e-02
9302,-1.127930e-01
9303,1.140137e-01
9304,-1.374512e-01
9305,1.292725e-01
9306,-1.525879e-01
9307,1.451416e-01
9308,-1.624756e-01
9309,1.461182e-01
9310,-1.607666e-01
9311,1.400146e-01
9312,-1.485596e-01
9313,1.239014e-01
9314,-1.264648e-01
9315,1.004639e-01
9316,-1.008301e-01
9317,6.738281e-02
9318,-6.530762e-02
9319,3.125000e-02
9320,-2.709961e-02
9321,-5.126953e-03
9322,9.155273e-03
9323,-4.418945e-02
9324,5.053711e-02
9325,-8.203125e-02
9326,8.203125e-02
9327,-1.110840e-01
9328,1.118164e-01
9329,-1.358643e-01
9330,1.318359e-01
9331,-1.544189e-01
9332,1.455078e-01
9333,-1.624756e-01
9334,1.459961e-01
9335,-1.596680e-01
9336,1.408691e-01
9337,-1.488037e-01
9338,1.254883e-01
9339,-1.267090e-01
9340,1.004639e-01
9341,-1.003418e-01
9342,6.811523e-02
9343,-6.286621e-02
9344,3.283691e-02
9345,-2.844238e-02
9346,-5.249023e-03
9347,1.086426e-02
9348,-4.357910e-02
9349,4.675293e-02
9350,-7.934570e-02
9351,8.215332e-02
9352,-1.130371e-01
9353,1.116943e-01
9354,-1.365967e-01
9355,1.303711e-01
9356,-1.542969e-01
9357,1.440430e-01
9358,-1.612549e-01
9359,1.478271e-01
9360,-1.588135e-01
9361,1.428223e-01
9362,-1.488037e-01
9363,1.235352e-01
9364,-1.265869e-01
9365,9.973145e-02
9366,-1.003418e-01
9367,6.726074e-02
9368,-6.567383e-02
9369,3.320312e-02
9370,-2.966309e-02
9371,-6.591797e-03
9372,1.098633e-02
9373,-4.443359e-02
9374,4.699707e-02
9375,-8.056641e-02
9376,8.264160e-02
9377,-1.126709e-01
9378,1.109619e-01
9379,-1.359863e-01
9380,1.322021e-01
9381,-1.563721e-01
9382,1.434326e-01
9383,-1.605225e-01
9384,1.464844e-01
9385,-1.606445e-01
9386,1.401367e-01
9387,-1.468506e-01
9388,1.242676e-01
9389,-1.281738e-01
9390,1.011963e-01
9391,-9.912109e-02
9392,6.762695e-02
9393,-6.665039e-02
9394,3.369141e-02
9395,-2.697754e-02
9396,-6.469727e-03
9397,1.025391e-02
9398,-4.626465e-02
9399,4.760742e-02
9400,-7.800293e-02
9401,8.020020e-02
9402,-1.119385e-01
9403,1.101074e-01
9404,-1.381836e-01
9405,1.320801e-01
9406,-1.539307e-01
9407,1.427002e-01
9408,-1.614990e-01
9409,1.475830e-01
9410,-1.589355e-01
9411,1.408691e-01
9412,-1.501465e-01
9413,1.241455e-01
9414,-1.271973e-01
9415,1.003418e-01
9416,-9.973145e-02
9417,6.921387e-02
9418,-6.628418e-02
9419,3.515625e-02
9420,-2.819824e-02
9421,-5.981445e-03
9422,1.000977e-02
9423,-4.443359e-02
9424,4.675293e-02
9425,-8.032227e-02
9426,8.325195e-02
9427,-1.097412e-01
9428,1.092529e-01
9429,-1.351318e-01
9430,1.315918e-01
9431,-1.534424e-01
9432,1.448975e-01
9433,-1.623535e-01
9434,1.464844e-01
9435,-1.604004e-01
9436,1.420898e-01
9437,-1.484375e-01
9438,1.250000e-01
9439,-1.264648e-01
9440,9.973145e-02
9441,-9.936523e-02
9442,6.921387e-02
9443,-6.665039e-02
9444,3.271484e-02
9445,-2.783203e-02
9446,-3.662109e-03
9447,1.086426e-02
9448,-4.382324e-02
9449,4.772949e-02
9450,-7.836914e-02
9451,8.129883e-02
9452,-1.119385e-01
9453,1.093750e-01
9454,-1.361084e-01
9455,1.313477e-01
9456,-1.546631e-01
9457,1.442871e-01
9458,-1.601562e-01
9459,1.477051e-01
9460,-1.599121e-01
9461,1.416016e-01
9462,-1.483154e-01
9463,1.225586e-01
9464,-1.271973e-01
9465,9.973145e-02
9466,-1.003418e-01
9467,6.921387e-02
9468,-6.384277e-02
9469,3.247070e-02
9470,-2.966309e-02
9471,-5.981445e-03
9472,1.135254e-02
9473,-4.382324e-02
9474,4.785156e-02
9475,-8.142090e-02
9476,8.276367e-02
9477,-1.110840e-01
9478,1.098633e-01
9479,-1.365967e-01
9480,1.306152e-01
9481,-1.536865e-01
9482,1.451416e-01
9483,-1.614990e-01
9484,1.477051e-01
9485,-1.591797e-01
9486,1.402588e-01
9487,-1.473389e-01
9488,1.245117e-01
9489,-1.281738e-01
9490,1.016846e-01
9491,-9.960938e-02
9492,6.994629e-02
9493,-6.591797e-02
9494,3.173828e-02
9495,-2.929688e-02
9496,-5.615234e-03
9497,1.074219e-02
9498,-4.577637e-02
9499,4.565430e-02
9500,-8.068848e-02
9501,8.190918e-02
9502,-1.125488e-01
9503,1.081543e-01
9504,-1.365967e-01
9505,1.318359e-01
9506,-1.541748e-01
9507,1.444092e-01
9508,-1.606445e-01
9509,1.459961e-01
9510,-1.611328e-01
9511,1.403809e-01
9512,-1.468506e-01
9513,1.248779e-01
9514,-1.292725e-01
9515,1.013184e-01
9516,-1.000977e-01
9517,6.799316e-02
9518,-6.579590e-02
9519,3.234863e-02
9520,-2.941895e-02
9521,-5.859375e-03
9522,8.300781e-03
9523,-4.370117e-02
9524,4.821777e-02
9525,-8.068848e-02
9526,8.227539e-02
9527,-1.127930e-01
9528,1.088867e-01
9529,-1.362305e-01
9530,1.293945e-01
9531,-1.541748e-01
9532,1.455078e-01
9533,-1.619873e-01
9534,1.468506e-01
9535,-1.601562e-01
9536,1.416016e-01
9537,-1.478271e-01
9538,1.245117e-01
9539,-1.271973e-01
9540,9.826660e-02
9541,-1.002197e-01
9542,6.994629e-02
9543,-6.567383e-02
9544,3.234863e-02
9545,-2.844238e-02
9546,-5.737305e-03
9547,1.025391e-02
9548,-4.284668e-02
9549,4.687500e-02
9550,-7.763672e-02
9551,8.154297e-02
9552,-1.116943e-01
9553,1.097412e-01
9554,-1.358643e-01
9555,1.317139e-01
9556,-1.536865e-01
9557,1.437988e-01
9558,-1.621094e-01
9559,1.481934e-01
9560,-1.602783e-01
9561,1.405029e-01
9562,-1.485596e-01
9563,1.246338e-01
9564,-1.273193e-01
9565,1.015625e-01
9566,-1.013184e-01
9567,6.945801e-02
9568,-6.713867e-02
9569,3.356934e-02
9570,-2.844238e-02
9571,-5.493164e-03
9572,1.098633e-02
9573,-4.235840e-02
9574,4.602051e-02
9575,-8.044434e-02
9576,8.337402e-02
9577,-1.092529e-01
9578,1.101074e-01
9579,-1.358643e-01
9580,1.314697e-01
9581,-1.524658e-01
9582,1.442871e-01
9583,-1.632080e-01
9584,1.488037e-01
9585,-1.608887e-01
9586,1.397705e-01
9587,-1.462402e-01
9588,1.236572e-01
9589,-1.280518e-01
9590,1.010742e-01
9591,-1.008301e-01
9592,7.165527e-02
9593,-6.665039e-02
9594,3.381348e-02
9595,-2.905273e-02
9596,-4.150391e-03
9597,8.666992e-03
9598,-4.479980e-02
9599,4.895020e-02
9600,-7.824707e-02
9601,8.105469e-02
9602,-1.097412e-01
9603,1.094971e-01
9604,-1.364746e-01
9605,1.315918e-01
9606,-1.512451e-01
9607,1.440430e-01
9608,-1.627197e-01
9609,1.469727e-01
9610,-1.610107e-01
9611,1.417236e-01
9612,-1.478271e-01
9613,1.246338e-01
9614,-1.284180e-01
9615,1.002197e-01
9616,-1.010742e-01
9617,6.860352e-02
9618,-6.726074e-02
9619,3.271484e-02
9620,-2.941895e-02
9621,-4.272461e-03
9622,8.422852e-03
9623,-4.309082e-02
9624,4.858398e-02
9625,-7.934570e-02
9626,7.958984e-02
9627,-1.110840e-01
9628,1.120605e-01
9629,-1.378174e-01
9630,1.311035e-01
9631,-1.540527e-01
9632,1.448975e-01
9633,-1.589355e-01
9634,1.477051e-01
9635,-1.580811e-01
9636,1.413574e-01
9637,-1.503906e-01
9638,1.265869e-01
9639,-1.270752e-01
9640,1.003418e-01
9641,-9.924316e-02
9642,6.982422e-02
9643,-6.689453e-02
9644,3.393555e-02
9645,-2.905273e-02
9646,-5.615234e-03
9647,9.887695e-03
9648,-4.260254e-02
9649,4.479980e-02
9650,-7.861328e-02
9651,8.178711e-02
9652,-1.123047e-01
9653,1.092529e-01
9654,-1.361084e-01
9655,1.314697e-01
9656,-1.533203e-01
9657,1.451416e-01
9658,-1.607666e-01
9659,1.463623e-01
9660,-1.606445e-01
9661,1.406250e-01
9662,-1.488037e-01
9663,1.257324e-01
9664,-1.264648e-01
9665,1.010742e-01
9666,-1.009521e-01
9667,6.909180e-02
9668,-6.616211e-02
9669,3.430176e-02
9670,-3.125000e-02
9671,-4.760742e-03
9672,9.643555e-03
9673,-4.260254e-02
9674,4.626465e-02
9675,-7.885742e-02
9676,8.105469e-02
9677,-1.104736e-01
9678,1.092529e-01
9679,-1.367188e-01
9680,1.317139e-01
9681,-1.535645e-01
9682,1.444092e-01
9683,-1.605225e-01
9684,1.468506e-01
9685,-1.593018e-01
9686,1.424561e-01
9687,-1.469727e-01
9688,1.251221e-01
9689,-1.298828e-01
9690,1.013184e-01
9691,-9.973145e-02
9692,6.909180e-02
9693,-6.628418e-02
9694,3.381348e-02
9695,-2.917480e-02
9696,-5.737305e-03
9697,1.037598e-02
9698,-4.431152e-02
9699,4.602051e-02
9700,-7.885742e-02
9701,8.056641e-02
9702,-1.093750e-01
9703,1.108398e-01
9704,-1.350098e-01
9705,1.323242e-01
9706,-1.524658e-01
9707,1.445312e-01
9708,-1.608887e-01
9709,1.472168e-01
9710,-1.597900e-01
9711,1.406250e-01
9712,-1.501465e-01
9713,1.237793e-01
9714,-1.286621e-01
9715,1.010742e-01
9716,-1.008301e-01
9717,7.006836e-02
9718,-6.652832e-02
9719,3.210449e-02
9720,-2.917480e-02
9721,-5.249023e-03
9722,7.202148e-03
9723,-4.272461e-02
9724,4.565430e-02
9725,-7.922363e-02
9726,8.044434e-02
9727,-1.105957e-01
9728,1.103516e-01
9729,-1.369629e-01
9730,1.311035e-01
9731,-1.546631e-01
9732,1.448975e-01
9733,-1.614990e-01
9734,1.477051e-01
9735,-1.597900e-01
9736,1.412354e-01
9737,-1.486816e-01
9738,1.247559e-01
9739,-1.279297e-01
9740,1.024170e-01
9741,-9.948730e-02
9742,6.884766e-02
9743,-6.726074e-02
9744,3.515625e-02
9745,-2.954102e-02
9746,-3.784180e-03
9747,1.086426e-02
9748,-4.235840e-02
9749,4.626465e-02
9750,-8.032227e-02
9751,7.971191e-02
9752,-1.102295e-01
9753,1.098633e-01
9754,-1.368408e-01
9755,1.313477e-01
9756,-1.523438e-01
9757,1.436768e-01
9758,-1.618652e-01
9759,1.468506e-01
9760,-1.596680e-01
9761,1.425781e-01
9762,-1.485596e-01
9763,1.259766e-01
9764,-1.287842e-01
9765,1.004639e-01
9766,-1.005859e-01
9767,7.092285e-02
9768,-6.872559e-02
9769,3.491211e-02
9770,-2.783203e-02
9771,-5.249023e-03
9772,8.911133e-03
9773,-4.333496e-02
9774,4.638672e-02
9775,-7.922363e-02
9776,8.068848e-02
9777,-1.116943e-01
9778,1.107178e-01
9779,-1.367188e-01
9780,1.314697e-01
9781,-1.523438e-01
9782,1.455078e-01
9783,-1.607666e-01
9784,1.485596e-01
9785,-1.580811e-01
9786,1.417236e-01
9787,-1.500244e-01
9788,1.259766e-01
9789,-1.286621e-01
9790,1.000977e-01
9791,-1.000977e-01
9792,7.006836e-02
9793,-6.774902e-02
9794,3.381348e-02
9795,-2.990723e-02
9796,-4.272461e-03
9797,1.013184e-02
9798,-4.296875e-02
9799,4.504395e-02
9800,-7.800293e-02
9801,8.264160e-02
9802,-1.113281e-01
9803,1.085205e-01
9804,-1.359863e-01
9805,1.323242e-01
9806,-1.524658e-01
9807,1.431885e-01
9808,-1.612549e-01
9809,1.472168e-01
9810,-1.602783e-01
9811,1.414795e-01
9812,-1.488037e-01
9813,1.251221e-01
9814,-1.292725e-01
9815,9.936523e-02
9816,-9.997559e-02
9817,7.263184e-02
9818,-6.896973e-02
9819,3.308105e-02
9820,-2.868652e-02
9821,-4.760742e-03
9822,7.446289e-03
9823,-4.370117e-02
9824,4.626465e-02
9825,-7.983398e-02
9826,7.934570e-02
9827,-1.109619e-01
9828,1.090088e-01
9829,-1.374512e-01
9830,1.328125e-01
9831,-1.538086e-01
9832,1.427002e-01
9833,-1.611328e-01
9834,1.477051e-01
9835,-1.591797e-01
9836,1.422119e-01
9837,-1.485596e-01
9838,1.263428e-01
9839,-1.281738e-01
9840,1.004639e-01
9841,-1.005859e-01
9842,6.896973e-02
9843,-6.555176e-02
9844,3.283691e-02
9845,-2.917480e-02
9846,-3.173828e-03
9847,8.300781e-03
9848,-4.333496e-02
9849,4.541016e-02
9850,-7.727051e-02
9851,8.337402e-02
9852,-1.098633e-01
9853,1.093750e-01
9854,-1.341553e-01
9855,1.308594e-01
9856,-1.533203e-01
9857,1.440430e-01
9858,-1.629639e-01
9859,1.475830e-01
9860,-1.591797e-01
9861,1.390381e-01
9862,-1.481934e-01
9863,1.264648e-01
9864,-1.286621e-01
9865,1.013184e-01
9866,-9.997559e-02
9867,7.165527e-02
9868,-6.677246e-02
9869,3.405762e-02
9870,-2.844238e-02
9871,-5.004883e-03
9872,7.568359e-03
9873,-4.187012e-02
9874,4.577637e-02
9875,-7.836914e-02
9876,8.105469e-02
9877,-1.093750e-01
9878,1.096191e-01
9879,-1.368408e-01
9880,1.302490e-01
9881,-1.544189e-01
9882,1.437988e-01
9883,-1.622314e-01
9884,1.479492e-01
9885,-1.593018e-01
9886,1.400146e-01
9887,-1.480713e-01
9888,1.263428e-01
9889,-1.287842e-01
9890,1.026611e-01
9891,-1.014404e-01
9892,6.823730e-02
9893,-6.579590e-02
9894,3.454590e-02
9895,-2.954102e-02
9896,-3.906250e-03
9897,6.958008e-03
9898,-4.040527e-02
9899,4.870605e-02
9900,-7.946777e-02
9901,8.190918e-02
9902,-1.081543e-01
9903,1.092529e-01
9904,-1.375732e-01
9905,1.312256e-01
9906,-1.534424e-01
9907,1.444092e-01
9908,-1.616211e-01
9909,1.473389e-01
9910,-1.599121e-01
9911,1.408691e-01
9912,-1.490479e-01
9913,1.251221e-01
9914,-1.306152e-01
9915,1.010742e-01
9916,-1.009521e-01
9917,6.982422e-02
9918,-6.774902e-02
9919,3.466797e-02
9920,-2.868652e-02
9921,-5.004883e-03
9922,8.300781e-03
9923,-4.284668e-02
9924,4.626465e-02
9925,-7.849121e-02
9926,8.105469e-02
9927,-1.109619e-01
9928,1.104736e-01
9929,-1.373291e-01
9930,1.298828e-01
9931,-1.512451e-01
9932,1.430664e-01
9933,-1.616211e-01
9934,1.485596e-01
9935,-1.600342e-01
9936,1.409912e-01
9937,-1.485596e-01
9938,1.260986e-01
9939,-1.286621e-01
9940,9.997559e-02
9941,-1.010742e-01
9942,6.994629e-02
9943,-6.774902e-02
9944,3.479004e-02
9945,-2.917480e-02
9946,-4.028320e-03
9947,8.422852e-03
9948,-4.113770e-02
9949,4.724121e-02
9950,-7.861328e-02
9951,8.081055e-02
9952,-1.118164e-01
9953,1.091309e-01
9954,-1.357422e-01
9955,1.302490e-01
9956,-1.540527e-01
9957,1.434326e-01
9958,-1.618652e-01
9959,1.469727e-01
9960,-1.597900e-01
9961,1.416016e-01
9962,-1.492920e-01
9963,1.253662e-01
9964,-1.303711e-01
9965,1.011963e-01
9966,-1.008301e-01
9967,7.006836e-02
9968,-6.713867e-02
9969,3.527832e-02
9970,-2.990723e-02
9971,-4.638672e-03
9972,7.446289e-03
9973,-4.101562e-02
9974,4.602051e-02
9975,-7.812500e-02
9976,8.142090e-02
9977,-1.113281e-01
9978,1.076660e-01
9979,-1.351318e-01
9980,1.314697e-01
9981,-1.536865e-01
9982,1.446533e-01
9983,-1.614990e-01
9984,1.459961e-01
9985,-1.608887e-01
9986,1.406250e-01
9987,-1.490479e-01
9988,1.257324e-01
9989,-1.285400e-01
9990,1.011963e-01
9991,-1.016846e-01
9992,7.128906e-02
9993,-6.750488e-02
9994,3.613281e-02
9995,-3.259277e-02
9996,-5.126953e-03
9997,1.000977e-02
9998,-4.125977e-02
9999,4.467773e-02
10000,-7.849121e-02
10001,8.081055e-02
10002,-1.087646e-01
10003,1.085205e-01
10004,-1.335449e-01
10005,1.330566e-01
10006,-1.555176e-01
10007,1.434326e-01
10008,-1.607666e-01
10009,1.473389e-01
10010,-1.595459e-01
10011,1.428223e-01
10012,-1.488037e-01
10013,1.267090e-01
10014,-1.278076e-01
10015,1.004639e-01
10016,-1.020508e-01
10017,6.994629e-02
10018,-6.713867e-02
10019,3.601074e-02
10020,-3.161621e-02
10021,-3.784180e-03
10022,8.300781e-03
10023,-4.187012e-02
10024,4.492188e-02
10025,-7.800293e-02
10026,7.971191e-02
10027,-1.124268e-01
10028,1.092529e-01
10029,-1.362305e-01
10030,1.315918e-01
10031,-1.538086e-01
10032,1.433105e-01
10033,-1.624756e-01
10034,1.458740e-01
10035,-1.594238e-01
10036,1.413574e-01
10037,-1.492920e-01
10038,1.265869e-01
10039,-1.296387e-01
10040,1.021729e-01
10041,-1.014404e-01
10042,6.994629e-02
10043,-6.677246e-02
10044,3.308105e-02
10045,-3.161621e-02
10046,-1.953125e-03
10047,6.713867e-03
10048,-4.187012e-02
10049,4.724121e-02
10050,-7.934570e-02
10051,7.995605e-02
10052,-1.102295e-01
10053,1.085205e-01
10054,-1.347656e-01
10055,1.302490e-01
10056,-1.545410e-01
10057,1.425781e-01
10058,-1.608887e-01
10059,1.494141e-01
10060,-1.608887e-01
10061,1.414795e-01
10062,-1.492920e-01
10063,1.253662e-01
10064,-1.262207e-01
10065,1.003418e-01
10066,-1.033936e-01
10067,7.250977e-02
10068,-6.750488e-02
10069,3.271484e-02
10070,-3.125000e-02
10071,-2.685547e-03
10072,7.324219e-03
10073,-4.199219e-02
10074,4.467773e-02
10075,-7.934570e-02
10076,7.946777e-02
10077,-1.114502e-01
10078,1.083984e-01
10079,-1.350098e-01
10080,1.315918e-01
10081,-1.533203e-01
10082,1.428223e-01
10083,-1.624756e-01
10084,1.475830e-01
10085,-1.585693e-01
10086,1.417236e-01
10087,-1.478271e-01
10088,1.271973e-01
10089,-1.309814e-01
10090,1.036377e-01
10091,-1.024170e-01
10092,6.970215e-02
10093,-6.591797e-02
10094,3.430176e-02
10095,-2.990723e-02
10096,-3.417969e-03
10097,8.789062e-03
10098,-4.125977e-02
10099,4.565430e-02
10100,-7.714844e-02
10101,7.775879e-02
10102,-1.093750e-01
10103,1.094971e-01
10104,-1.347656e-01
10105,1.308594e-01
10106,-1.511230e-01
10107,1.451416e-01
10108,-1.605225e-01
10109,1.463623e-01
10110,-1.621094e-01
10111,1.434326e-01
10112,-1.486816e-01
10113,1.240234e-01
10114,-1.290283e-01
10115,1.042480e-01
10116,-1.024170e-01
10117,7.080078e-02
10118,-6.762695e-02
10119,3.405762e-02
10120,-2.905273e-02
10121,-4.394531e-03
10122,6.958008e-03
10123,-4.394531e-02
10124,4.614258e-02
10125,-7.604980e-02
10126,7.922363e-02
10127,-1.113281e-01
10128,1.094971e-01
10129,-1.352539e-01
10130,1.301270e-01
10131,-1.529541e-01
10132,1.439209e-01
10133,-1.621094e-01
10134,1.484375e-01
10135,-1.574707e-01
10136,1.403809e-01
10137,-1.494141e-01
10138,1.275635e-01
10139,-1.297607e-01
10140,1.015625e-01
10141,-1.007080e-01
10142,7.177734e-02
10143,-6.677246e-02
10144,3.576660e-02
10145,-2.929688e-02
10146,-3.051758e-03
10147,8.178711e-03
10148,-4.199219e-02
10149,4.663086e-02
10150,-7.763672e-02
10151,7.897949e-02
10152,-1.098633e-01
10153,1.101074e-01
10154,-1.350098e-01
10155,1.312256e-01
10156,-1.534424e-01
10157,1.423340e-01
10158,-1.610107e-01
10159,1.472168e-01
10160,-1.594238e-01
10161,1.417236e-01
10162,-1.478271e-01
10163,1.271973e-01
10164,-1.298828e-01
10165,9.985352e-02
10166,-1.020508e-01
10167,7.202148e-02
10168,-6.872559e-02
10169,3.442383e-02
10170,-2.990723e-02
10171,-3.051758e-03
10172,8.422852e-03
10173,-4.248047e-02
10174,4.650879e-02
10175,-7.702637e-02
10176,8.068848e-02
10177,-1.096191e-01
10178,1.102295e-01
10179,-1.340332e-01
10180,1.287842e-01
10181,-1.530762e-01
10182,1.439209e-01
10183,-1.606445e-01
10184,1.483154e-01
10185,-1.580811e-01
10186,1.435547e-01
10187,-1.491699e-01
10188,1.250000e-01
10189,-1.271973e-01
10190,1.024170e-01
10191,-1.021729e-01
10192,7.250977e-02
10193,-6.872559e-02
10194,3.637695e-02
10195,-2.990723e-02
10196,-2.319336e-03
10197,9.033203e-03
10198,-4.174805e-02
10199,4.577637e-02
10200,-7.861328e-02
10201,7.922363e-02
10202,-1.092529e-01
10203,1.099854e-01
10204,-1.343994e-01
10205,1.312256e-01
10206,-1.520996e-01
10207,1.463623e-01
10208,-1.622314e-01
10209,1.470947e-01
10210,-1.591797e-01
10211,1.417236e-01
10212,-1.475830e-01
10213,1.259766e-01
10214,-1.281738e-01
10215,1.018066e-01
10216,-1.030273e-01
10217,7.202148e-02
10218,-6.774902e-02
10219,3.625488e-02
10220,-2.941895e-02
10221,-3.784180e-03
10222,9.277344e-03
10223,-4.199219e-02
10224,4.418945e-02
10225,-7.714844e-02
10226,7.910156e-02
10227,-1.093750e-01
10228,1.087646e-01
10229,-1.358643e-01
10230,1.304932e-01
10231,-1.519775e-01
10232,1.446533e-01
10233,-1.599121e-01
10234,1.484375e-01
10235,-1.602783e-01
10236,1.408691e-01
10237,-1.469727e-01
10238,1.257324e-01
10239,-1.276855e-01
10240,1.030273e-01
10241,-1.025391e-01
10242,7.214355e-02
10243,-6.616211e-02
10244,3.576660e-02
10245,-3.247070e-02
10246,-1.098633e-03
10247,9.277344e-03
10248,-4.211426e-02
10249,4.504395e-02
10250,-7.922363e-02
10251,8.020020e-02
10252,-1.098633e-01
10253,1.090088e-01
10254,-1.340332e-01
10255,1.303711e-01
10256,-1.539307e-01
10257,1.445312e-01
10258,-1.618652e-01
10259,1.459961e-01
10260,-1.596680e-01
10261,1.428223e-01
10262,-1.502686e-01
10263,1.269531e-01
10264,-1.274414e-01
10265,1.008301e-01
10266,-1.033936e-01
10267,7.189941e-02
10268,-6.872559e-02
10269,3.662109e-02
10270,-3.125000e-02
10271,-2.807617e-03
10272,8.422852e-03
10273,-4.174805e-02
10274,4.553223e-02
10275,-7.800293e-02
10276,7.922363e-02
10277,-1.090088e-01
10278,1.068115e-01
10279,-1.343994e-01
10280,1.296387e-01
10281,-1.529541e-01
10282,1.436768e-01
10283,-1.616211e-01
10284,1.468506e-01
10285,-1.604004e-01
10286,1.429443e-01
10287,-1.495361e-01
10288,1.258545e-01
10289,-1.293945e-01
10290,1.014404e-01
10291,-1.019287e-01
10292,7.128906e-02
10293,-6.811523e-02
10294,3.674316e-02
10295,-3.247070e-02
10296,-5.126953e-03
10297,8.300781e-03
10298,-4.040527e-02
10299,4.321289e-02
10300,-7.714844e-02
10301,8.081055e-02
10302,-1.109619e-01
10303,1.082764e-01
10304,-1.339111e-01
10305,1.302490e-01
10306,-1.520996e-01
10307,1.440430e-01
10308,-1.633301e-01
10309,1.474609e-01
10310,-1.593018e-01
10311,1.419678e-01
10312,-1.467285e-01
10313,1.253662e-01
10314,-1.281738e-01
10315,1.032715e-01
10316,-1.037598e-01
10317,7.250977e-02
10318,-6.762695e-02
10319,3.515625e-02
10320,-3.149414e-02
10321,-1.831055e-03
10322,7.568359e-03
10323,-4.382324e-02
10324,4.626465e-02
10325,-7.800293e-02
10326,7.763672e-02
10327,-1.099854e-01
10328,1.086426e-01
10329,-1.358643e-01
10330,1.301270e-01
10331,-1.520996e-01
10332,1.433105e-01
10333,-1.606445e-01
10334,1.459961e-01
10335,-1.596680e-01
10336,1.417236e-01
10337,-1.494141e-01
10338,1.260986e-01
10339,-1.312256e-01
10340,1.025391e-01
10341,-1.021729e-01
10342,7.177734e-02
10343,-6.945801e-02
10344,3.515625e-02
10345,-3.210449e-02
10346,-3.417969e-03
10347,7.202148e-03
10348,-4.077148e-02
10349,4.479980e-02
10350,-7.531738e-02
10351,7.983398e-02
10352,-1.102295e-01
10353,1.076660e-01
10354,-1.357422e-01
10355,1.320801e-01
10356,-1.508789e-01
10357,1.429443e-01
10358,-1.607666e-01
10359,1.480713e-01
10360,-1.611328e-01
10361,1.402588e-01
10362,-1.502686e-01
10363,1.269531e-01
10364,-1.291504e-01
10365,1.025391e-01
10366,-1.000977e-01
10367,7.214355e-02
10368,-6.958008e-02
10369,3.515625e-02
10370,-3.076172e-02
10371,-1.708984e-03
10372,8.300781e-03
10373,-4.248047e-02
10374,4.492188e-02
10375,-7.519531e-02
10376,7.922363e-02
10377,-1.096191e-01
10378,1.090088e-01
10379,-1.356201e-01
10380,1.298828e-01
10381,-1.510010e-01
10382,1.447754e-01
10383,-1.616211e-01
10384,1.479492e-01
10385,-1.607666e-01
10386,1.425781e-01
10387,-1.486816e-01
10388,1.253662e-01
10389,-1.285400e-01
10390,1.037598e-01
10391,-1.025391e-01
10392,7.153320e-02
10393,-6.884766e-02
10394,3.649902e-02
10395,-3.295898e-02
10396,-2.319336e-03
10397,5.859375e-03
10398,-3.979492e-02
10399,4.614258e-02
10400,-7.702637e-02
10401,7.946777e-02
10402,-1.102295e-01
10403,1.068115e-01
10404,-1.350098e-01
10405,1.297607e-01
10406,-1.513672e-01
10407,1.425781e-01
10408,-1.614990e-01
10409,1.499023e-01
10410,-1.624756e-01
10411,1.398926e-01
10412,-1.489258e-01
10413,1.252441e-01
10414,-1.307373e-01
10415,1.032715e-01
10416,-1.018066e-01
10417,7.238770e-02
10418,-6.628418e-02
10419,3.601074e-02
10420,-3.137207e-02
10421,-3.173828e-03
10422,8.422852e-03
10423,-4.101562e-02
10424,4.418945e-02
10425,-7.531738e-02
10426,7.836914e-02
10427,-1.105957e-01
10428,1.092529e-01
10429,-1.358643e-01
10430,1.286621e-01
10431,-1.513672e-01
10432,1.458740e-01
10433,-1.607666e-01
10434,1.478271e-01
10435,-1.596680e-01
10436,1.419678e-01
10437,-1.486816e-01
10438,1.273193e-01
10439,-1.297607e-01
10440,1.015625e-01
10441,-1.019287e-01
10442,7.299805e-02
10443,-6.835938e-02
10444,3.613281e-02
10445,-3.186035e-02
10446,-1.831055e-03
10447,6.469727e-03
10448,-4.016113e-02
10449,4.479980e-02
10450,-7.653809e-02
10451,8.032227e-02
10452,-1.096191e-01
10453,1.083984e-01
10454,-1.341553e-01
10455,1.317139e-01
10456,-1.514893e-01
10457,1.411133e-01
10458,-1.594238e-01
10459,1.486816e-01
10460,-1.602783e-01
10461,1.422119e-01
10462,-1.497803e-01
10463,1.256104e-01
10464,-1.307373e-01
10465,1.042480e-01
10466,-1.016846e-01
10467,7.128906e-02
10468,-6.811523e-02
10469,3.588867e-02
10470,-3.088379e-02
10471,-3.662109e-03
10472,5.859375e-03
10473,-4.016113e-02
10474,4.333496e-02
10475,-7.751465e-02
10476,7.897949e-02
10477,-1.082764e-01
10478,1.066895e-01
10479,-1.343994e-01
10480,1.320801e-01
10481,-1.529541e-01
10482,1.442871e-01
10483,-1.610107e-01
10484,1.477051e-01
10485,-1.605225e-01
10486,1.422119e-01
10487,-1.491699e-01
10488,1.257324e-01
10489,-1.313477e-01
10490,1.032715e-01
10491,-1.015625e-01
10492,7.238770e-02
10493,-6.896973e-02
10494,3.820801e-02
10495,-3.198242e-02
10496,-2.685547e-03
10497,6.469727e-03
10498,-4.016113e-02
10499,4.492188e-02
10500,-7.861328e-02
10501,7.983398e-02
10502,-1.093750e-01
10503,1.068115e-01
10504,-1.335449e-01
10505,1.293945e-01
10506,-1.508789e-01
10507,1.450195e-01
10508,-1.604004e-01
10509,1.477051e-01
10510,-1.601562e-01
10511,1.402588e-01
10512,-1.499023e-01
10513,1.273193e-01
10514,-1.295166e-01
10515,1.018066e-01
10516,-1.030273e-01
10517,7.202148e-02
10518,-6.921387e-02
10519,3.784180e-02
10520,-3.015137e-02
10521,-4.882812e-04
10522,6.835938e-03
10523,-4.174805e-02
10524,4.455566e-02
10525,-7.641602e-02
10526,7.861328e-02
10527,-1.075439e-01
10528,1.083984e-01
10529,-1.361084e-01
10530,1.296387e-01
10531,-1.518555e-01
10532,1.451416e-01
10533,-1.596680e-01
10534,1.468506e-01
10535,-1.614990e-01
10536,1.422119e-01
10537,-1.494141e-01
10538,1.253662e-01
10539,-1.306152e-01
10540,1.026611e-01
10541,-1.025391e-01
10542,7.385254e-02
10543,-6.884766e-02
10544,3.735352e-02
10545,-3.283691e-02
10546,-2.197266e-03
10547,8.178711e-03
10548,-3.906250e-02
10549,4.357910e-02
10550,-7.666016e-02
10551,7.849121e-02
10552,-1.102295e-01
10553,1.091309e-01
10554,-1.350098e-01
10555,1.287842e-01
10556,-1.520996e-01
10557,1.429443e-01
10558,-1.611328e-01
10559,1.494141e-01
10560,-1.606445e-01
10561,1.419678e-01
10562,-1.484375e-01
10563,1.257324e-01
10564,-1.303711e-01
10565,1.044922e-01
10566,-1.033936e-01
10567,7.153320e-02
10568,-6.945801e-02
10569,3.808594e-02
10570,-3.112793e-02
10571,-2.075195e-03
10572,7.568359e-03
10573,-3.979492e-02
10574,4.345703e-02
10575,-7.519531e-02
10576,7.934570e-02
10577,-1.085205e-01
10578,1.081543e-01
10579,-1.343994e-01
10580,1.300049e-01
10581,-1.529541e-01
10582,1.427002e-01
10583,-1.606445e-01
10584,1.485596e-01
10585,-1.614990e-01
10586,1.422119e-01
10587,-1.477051e-01
10588,1.279297e-01
10589,-1.301270e-01
10590,1.031494e-01
10591,-1.021729e-01
10592,7.250977e-02
10593,-7.006836e-02
10594,3.576660e-02
10595,-3.259277e-02
10596,0.000000e+00
10597,6.835938e-03
10598,-4.113770e-02
10599,4.418945e-02
10600,-7.714844e-02
10601,8.020020e-02
10602,-1.071777e-01
10603,1.070557e-01
10604,-1.367188e-01
10605,1.303711e-01
10606,-1.516113e-01
10607,1.434326e-01
10608,-1.607666e-01
10609,1.467285e-01
10610,-1.597900e-01
10611,1.423340e-01
10612,-1.502686e-01
10613,1.279297e-01
10614,-1.297607e-01
10615,1.030273e-01
10616,-1.021729e-01
10617,7.165527e-02
10618,-6.835938e-02
10619,3.442383e-02
10620,-3.039551e-02
10621,-1.464844e-03
10622,6.835938e-03
10623,-3.918457e-02
10624,4.406738e-02
10625,-7.690430e-02
10626,7.763672e-02
10627,-1.102295e-01
10628,1.088867e-01
10629,-1.357422e-01
10630,1.292725e-01
10631,-1.529541e-01
10632,1.422119e-01
10633,-1.600342e-01
10634,1.480713e-01
10635,-1.593018e-01
10636,1.423340e-01
10637,-1.485596e-01
10638,1.265869e-01
10639,-1.320801e-01
10640,1.036377e-01
10641,-1.000977e-01
10642,7.458496e-02
10643,-7.043457e-02
10644,3.674316e-02
10645,-3.259277e-02
10646,-1.220703e-03
10647,8.300781e-03
10648,-4.089355e-02
10649,4.248047e-02
10650,-7.714844e-02
10651,7.946777e-02
10652,-1.081543e-01
10653,1.066895e-01
10654,-1.336670e-01
10655,1.306152e-01
10656,-1.538086e-01
10657,1.422119e-01
10658,-1.623535e-01
10659,1.468506e-01
10660,-1.599121e-01
10661,1.424561e-01
10662,-1.495361e-01
10663,1.278076e-01
10664,-1.306152e-01
10665,1.032715e-01
10666,-1.030273e-01
10667,7.336426e-02
10668,-6.958008e-02
10669,3.601074e-02
10670,-3.259277e-02
10671,-2.075195e-03
10672,6.713867e-03
10673,-4.077148e-02
10674,4.333496e-02
10675,-7.763672e-02
10676,8.032227e-02
10677,-1.091309e-01
10678,1.085205e-01
10679,-1.336670e-01
10680,1.271973e-01
10681,-1.505127e-01
10682,1.440430e-01
10683,-1.623535e-01
10684,1.484375e-01
10685,-1.610107e-01
10686,1.409912e-01
10687,-1.481934e-01
10688,1.257324e-01
10689,-1.312256e-01
10690,1.024170e-01
10691,-1.033936e-01
10692,7.165527e-02
10693,-6.921387e-02
10694,3.674316e-02
10695,-3.198242e-02
10696,-8.544922e-04
10697,5.737305e-03
10698,-4.016113e-02
10699,4.492188e-02
10700,-7.751465e-02
10701,7.727051e-02
10702,-1.092529e-01
10703,1.082764e-01
10704,-1.339111e-01
10705,1.311035e-01
10706,-1.524658e-01
10707,1.418457e-01
10708,-1.613770e-01
10709,1.485596e-01
10710,-1.582031e-01
10711,1.420898e-01
10712,-1.494141e-01
10713,1.262207e-01
10714,-1.303711e-01
10715,1.047363e-01
10716,-1.019287e-01
10717,7.214355e-02
10718,-7.092285e-02
10719,3.601074e-02
10720,-3.125000e-02
10721,-2.807617e-03
10722,7.202148e-03
10723,-4.077148e-02
10724,4.418945e-02
10725,-7.629395e-02
10726,7.824707e-02
10727,-1.092529e-01
10728,1.064453e-01
10729,-1.351318e-01
10730,1.301270e-01
10731,-1.516113e-01
10732,1.419678e-01
10733,-1.602783e-01
10734,1.477051e-01
10735,-1.606445e-01
10736,1.417236e-01
10737,-1.488037e-01
10738,1.269531e-01
10739,-1.295166e-01
10740,1.027832e-01
10741,-1.051025e-01
10742,7.177734e-02
10743,-7.128906e-02
10744,3.857422e-02
10745,-3.015137e-02
10746,-1.342773e-03
10747,6.713867e-03
10748,-4.150391e-02
10749,4.553223e-02
10750,-7.434082e-02
10751,7.861328e-02
10752,-1.081543e-01
10753,1.076660e-01
10754,-1.333008e-01
10755,1.306152e-01
10756,-1.525879e-01
10757,1.436768e-01
10758,-1.606445e-01
10759,1.466064e-01
10760,-1.601562e-01
10761,1.419678e-01
10762,-1.491699e-01
10763,1.262207e-01
10764,-1.307373e-01
10765,1.043701e-01
10766,-1.025391e-01
10767,7.360840e-02
10768,-7.019043e-02
10769,3.723145e-02
10770,-3.173828e-02
10771,-1.098633e-03
10772,6.713867e-03
10773,-3.894043e-02
10774,4.418945e-02
10775,-7.495117e-02
10776,7.934570e-02
10777,-1.085205e-01
10778,1.077881e-01
10779,-1.335449e-01
10780,1.301270e-01
10781,-1.520996e-01
10782,1.439209e-01
10783,-1.601562e-01
10784,1.495361e-01
10785,-1.618652e-01
10786,1.401367e-01
10787,-1.488037e-01
10788,1.269531e-01
10789,-1.306152e-01
10790,1.038818e-01
10791,-1.043701e-01
10792,7.385254e-02
10793,-6.970215e-02
10794,3.613281e-02
10795,-3.247070e-02
10796,-2.563477e-03
10797,6.835938e-03
10798,-3.930664e-02
10799,4.345703e-02
10800,-7.678223e-02
10801,7.775879e-02
10802,-1.059570e-01
10803,1.083984e-01
10804,-1.350098e-01
10805,1.292725e-01
10806,-1.520996e-01
10807,1.420898e-01
10808,-1.613770e-01
10809,1.480713e-01
10810,-1.597900e-01
10811,1.416016e-01
10812,-1.505127e-01
10813,1.273193e-01
10814,-1.306152e-01
10815,1.026611e-01
10816,-1.018066e-01
10817,7.312012e-02
10818,-7.006836e-02
10819,3.796387e-02
10820,-3.247070e-02
10821,-2.563477e-03
10822,6.225586e-03
10823,-4.125977e-02
10824,4.431152e-02
10825,-7.556152e-02
10826,7.739258e-02
10827,-1.063232e-01
10828,1.075439e-01
10829,-1.340332e-01
10830,1.306152e-01
10831,-1.519775e-01
10832,1.430664e-01
10833,-1.614990e-01
10834,1.480713e-01
10835,-1.594238e-01
10836,1.409912e-01
10837,-1.494141e-01
10838,1.291504e-01
10839,-1.301270e-01
10840,1.044922e-01
10841,-1.029053e-01
10842,7.202148e-02
10843,-7.067871e-02
10844,3.759766e-02
10845,-3.320312e-02
10846,-1.220703e-03
10847,5.615234e-03
10848,-4.089355e-02
10849,4.296875e-02
10850,-7.592773e-02
10851,7.739258e-02
10852,-1.065674e-01
10853,1.065674e-01
10854,-1.334229e-01
10855,1.295166e-01
10856,-1.538086e-01
10857,1.440430e-01
10858,-1.613770e-01
10859,1.463623e-01
10860,-1.602783e-01
10861,1.408691e-01
10862,-1.503906e-01
10863,1.280518e-01
10864,-1.300049e-01
10865,1.033936e-01
10866,-1.038818e-01
10867,7.421875e-02
10868,-7.092285e-02
10869,3.906250e-02
10870,-3.332520e-02
10871,-1.708984e-03
10872,5.737305e-03
10873,-4.016113e-02
10874,4.223633e-02
10875,-7.604980e-02
10876,7.934570e-02
10877,-1.074219e-01
10878,1.066895e-01
10879,-1.336670e-01
10880,1.291504e-01
10881,-1.525879e-01
10882,1.436768e-01
10883,-1.617432e-01
10884,1.475830e-01
10885,-1.591797e-01
10886,1.414795e-01
10887,-1.495361e-01
10888,1.279297e-01
10889,-1.308594e-01
10890,1.031494e-01
10891,-1.022949e-01
10892,7.385254e-02
10893,-7.067871e-02
10894,3.845215e-02
10895,-3.381348e-02
10896,-1.586914e-03
10897,6.591797e-03
10898,-4.077148e-02
10899,4.260254e-02
10900,-7.690430e-02
10901,7.763672e-02
10902,-1.074219e-01
10903,1.065674e-01
10904,-1.333008e-01
10905,1.308594e-01
10906,-1.513672e-01
10907,1.433105e-01
10908,-1.606445e-01
10909,1.478271e-01
10910,-1.594238e-01
10911,1.402588e-01
10912,-1.512451e-01
10913,1.284180e-01
10914,-1.318359e-01
10915,1.024170e-01
10916,-1.033936e-01
10917,7.324219e-02
10918,-7.006836e-02
10919,3.796387e-02
10920,-3.540039e-02
10921,2.441406e-04
10922,5.004883e-03
10923,-4.040527e-02
10924,4.467773e-02
10925,-7.727051e-02
10926,7.739258e-02
10927,-1.075439e-01
10928,1.080322e-01
10929,-1.352539e-01
10930,1.282959e-01
10931,-1.513672e-01
10932,1.424561e-01
10933,-1.606445e-01
10934,1.479492e-01
10935,-1.605225e-01
10936,1.418457e-01
10937,-1.511230e-01
10938,1.281738e-01
10939,-1.328125e-01
10940,1.011963e-01
10941,-1.014404e-01
10942,7.275391e-02
10943,-6.921387e-02
10944,3.820801e-02
10945,-3.247070e-02
10946,6.103516e-04
10947,4.638672e-03
10948,-3.942871e-02
10949,4.345703e-02
10950,-7.641602e-02
10951,7.836914e-02
10952,-1.074219e-01
10953,1.066895e-01
10954,-1.333008e-01
10955,1.304932e-01
10956,-1.517334e-01
10957,1.427002e-01
10958,-1.597900e-01
10959,1.469727e-01
10960,-1.613770e-01
10961,1.422119e-01
10962,-1.502686e-01
10963,1.275635e-01
10964,-1.312256e-01
10965,1.046143e-01
10966,-1.038818e-01
10967,7.434082e-02
10968,-7.055664e-02
10969,3.869629e-02
10970,-3.137207e-02
10971,-1.586914e-03
10972,3.295898e-03
10973,-3.869629e-02
10974,4.443359e-02
10975,-7.604980e-02
10976,7.629395e-02
10977,-1.064453e-01
10978,1.074219e-01
10979,-1.350098e-01
10980,1.300049e-01
10981,-1.513672e-01
10982,1.423340e-01
10983,-1.599121e-01
10984,1.478271e-01
10985,-1.604004e-01
10986,1.418457e-01
10987,-1.512451e-01
10988,1.282959e-01
10989,-1.301270e-01
10990,1.020508e-01
10991,-1.033936e-01
10992,7.495117e-02
10993,-7.189941e-02
10994,3.686523e-02
10995,-3.283691e-02
10996,-1.220703e-03
10997,4.150391e-03
10998,-3.723145e-02
10999,4.174805e-02
11000,-7.580566e-02
11001,7.836914e-02
11002,-1.079102e-01
11003,1.077881e-01
11004,-1.351318e-01
11005,1.280518e-01
11006,-1.492920e-01
11007,1.433105e-01
11008,-1.613770e-01
11009,1.472168e-01
11010,-1.605225e-01
11011,1.431885e-01
11012,-1.501465e-01
11013,1.285400e-01
11014,-1.298828e-01
11015,1.038818e-01
11016,-1.058350e-01
11017,7.312012e-02
11018,-7.006836e-02
11019,3.686523e-02
11020,-3.283691e-02
11021,-1.220703e-03
11022,5.004883e-03
11023,-3.845215e-02
11024,4.199219e-02
11025,-7.641602e-02
11026,7.678223e-02
11027,-1.077881e-01
11028,1.074219e-01
11029,-1.337891e-01
11030,1.297607e-01
11031,-1.512451e-01
11032,1.417236e-01
11033,-1.607666e-01
11034,1.472168e-01
11035,-1.623535e-01
11036,1.422119e-01
11037,-1.469727e-01
11038,1.285400e-01
11039,-1.313477e-01
11040,1.041260e-01
11041,-1.042480e-01
11042,7.568359e-02
11043,-7.116699e-02
11044,3.747559e-02
11045,-3.259277e-02
11046,-8.544922e-04
11047,6.469727e-03
11048,-3.894043e-02
11049,4.003906e-02
11050,-7.543945e-02
11051,7.775879e-02
11052,-1.068115e-01
11053,1.065674e-01
11054,-1.337891e-01
11055,1.286621e-01
11056,-1.511230e-01
11057,1.434326e-01
11058,-1.607666e-01
11059,1.485596e-01
11060,-1.614990e-01
11061,1.416016e-01
11062,-1.505127e-01
11063,1.265869e-01
11064,-1.318359e-01
11065,1.038818e-01
11066,-1.042480e-01
11067,7.507324e-02
11068,-7.055664e-02
11069,3.857422e-02
11070,-3.417969e-02
11071,-1.708984e-03
11072,6.469727e-03
11073,-3.759766e-02
11074,4.052734e-02
11075,-7.568359e-02
11076,7.641602e-02
11077,-1.087646e-01
11078,1.049805e-01
11079,-1.351318e-01
11080,1.298828e-01
11081,-1.513672e-01
11082,1.423340e-01
11083,-1.584473e-01
11084,1.478271e-01
11085,-1.610107e-01
11086,1.422119e-01
11087,-1.495361e-01
11088,1.262207e-01
11089,-1.307373e-01
11090,1.043701e-01
11091,-1.032715e-01
11092,7.592773e-02
11093,-6.994629e-02
11094,3.625488e-02
11095,-3.417969e-02
11096,-1.220703e-04
11097,4.516602e-03
11098,-3.857422e-02
11099,4.370117e-02
11100,-7.531738e-02
11101,7.690430e-02
11102,-1.075439e-01
11103,1.069336e-01
11104,-1.334229e-01
11105,1.293945e-01
11106,-1.520996e-01
11107,1.425781e-01
11108,-1.607666e-01
11109,1.462402e-01
11110,-1.599121e-01
11111,1.409912e-01
11112,-1.503906e-01
11113,1.262207e-01
11114,-1.312256e-01
11115,1.044922e-01
11116,-1.049805e-01
11117,7.336426e-02
11118,-7.153320e-02
11119,3.601074e-02
11120,-3.381348e-02
11121,1.342773e-03
11122,2.441406e-03
11123,-3.918457e-02
11124,4.406738e-02
11125,-7.543945e-02
11126,7.604980e-02
11127,-1.080322e-01
11128,1.076660e-01
11129,-1.328125e-01
11130,1.280518e-01
11131,-1.513672e-01
11132,1.423340e-01
11133,-1.613770e-01
11134,1.486816e-01
11135,-1.612549e-01
11136,1.408691e-01
11137,-1.520996e-01
11138,1.269531e-01
11139,-1.313477e-01
11140,1.038818e-01
11141,-1.024170e-01
11142,7.617188e-02
11143,-6.958008e-02
11144,3.845215e-02
11145,-3.247070e-02
11146,0.000000e+00
11147,4.760742e-03
11148,-3.759766e-02
11149,4.321289e-02
11150,-7.507324e-02
11151,7.678223e-02
11152,-1.068115e-01
11153,1.070557e-01
11154,-1.336670e-01
11155,1.292725e-01
11156,-1.503906e-01
11157,1.417236e-01
11158,-1.623535e-01
11159,1.467285e-01
11160,-1.610107e-01
11161,1.414795e-01
11162,-1.492920e-01
11163,1.273193e-01
11164,-1.331787e-01
11165,1.037598e-01
11166,-1.037598e-01
11167,7.409668e-02
11168,-7.177734e-02
11169,3.833008e-02
11170,-3.540039e-02
11171,-1.342773e-03
11172,4.028320e-03
11173,-3.930664e-02
11174,4.174805e-02
11175,-7.409668e-02
11176,7.849121e-02
11177,-1.080322e-01
11178,1.040039e-01
11179,-1.339111e-01
11180,1.289062e-01
11181,-1.514893e-01
11182,1.425781e-01
11183,-1.605225e-01
11184,1.478271e-01
11185,-1.610107e-01
11186,1.435547e-01
11187,-1.516113e-01
11188,1.273193e-01
11189,-1.298828e-01
11190,1.035156e-01
11191,-1.055908e-01
11192,7.568359e-02
11193,-7.104492e-02
11194,3.869629e-02
11195,-3.491211e-02
11196,-4.882812e-04
11197,4.882812e-03
11198,-3.674316e-02
11199,4.248047e-02
11200,-7.470703e-02
11201,7.678223e-02
11202,-1.083984e-01
11203,1.058350e-01
11204,-1.337891e-01
11205,1.289062e-01
11206,-1.518555e-01
11207,1.425781e-01
11208,-1.623535e-01
11209,1.478271e-01
11210,-1.604004e-01
11211,1.423340e-01
11212,-1.503906e-01
11213,1.268311e-01
11214,-1.312256e-01
11215,1.065674e-01
11216,-1.063232e-01
11217,7.446289e-02
11218,-7.202148e-02
11219,3.662109e-02
11220,-3.442383e-02
11221,-8.544922e-04
11222,1.953125e-03
11223,-3.906250e-02
11224,4.125977e-02
11225,-7.348633e-02
11226,7.653809e-02
11227,-1.072998e-01
11228,1.075439e-01
11229,-1.333008e-01
11230,1.293945e-01
11231,-1.505127e-01
11232,1.414795e-01
11233,-1.601562e-01
11234,1.477051e-01
11235,-1.614990e-01
11236,1.418457e-01
11237,-1.505127e-01
11238,1.274414e-01
11239,-1.322021e-01
11240,1.047363e-01
11241,-1.058350e-01
11242,7.507324e-02
11243,-7.128906e-02
11244,3.808594e-02
11245,-3.344727e-02
11246,1.220703e-04
11247,4.760742e-03
11248,-3.881836e-02
11249,4.345703e-02
11250,-7.385254e-02
11251,7.690430e-02
11252,-1.072998e-01
11253,1.063232e-01
11254,-1.337891e-01
11255,1.296387e-01
11256,-1.512451e-01
11257,1.424561e-01
11258,-1.617432e-01
11259,1.484375e-01
11260,-1.606445e-01
11261,1.417236e-01
11262,-1.495361e-01
11263,1.274414e-01
11264,-1.307373e-01
11265,1.048584e-01
11266,-1.066895e-01
11267,7.397461e-02
11268,-7.202148e-02
11269,4.040527e-02
11270,-3.381348e-02
11271,-1.220703e-04
11272,4.150391e-03
11273,-3.698730e-02
11274,4.089355e-02
11275,-7.531738e-02
11276,7.824707e-02
11277,-1.065674e-01
11278,1.060791e-01
11279,-1.334229e-01
11280,1.291504e-01
11281,-1.523438e-01
11282,1.430664e-01
11283,-1.597900e-01
11284,1.468506e-01
11285,-1.607666e-01
11286,1.425781e-01
11287,-1.505127e-01
11288,1.291504e-01
11289,-1.318359e-01
11290,1.046143e-01
11291,-1.033936e-01
11292,7.421875e-02
11293,-7.031250e-02
11294,3.955078e-02
11295,-3.491211e-02
11296,9.765625e-04
11297,5.126953e-03
11298,-3.808594e-02
11299,4.284668e-02
11300,-7.482910e-02
11301,7.702637e-02
11302,-1.080322e-01
11303,1.053467e-01
11304,-1.324463e-01
11305,1.289062e-01
11306,-1.491699e-01
11307,1.424561e-01
11308,-1.618652e-01
11309,1.478271e-01
11310,-1.599121e-01
11311,1.425781e-01
11312,-1.512451e-01
11313,1.275635e-01
11314,-1.335449e-01
11315,1.065674e-01
11316,-1.036377e-01
11317,7.519531e-02
11318,-7.153320e-02
11319,3.869629e-02
11320,-3.283691e-02
11321,2.441406e-04
11322,4.028320e-03
11323,-3.833008e-02
11324,4.162598e-02
11325,-7.556152e-02
11326,7.556152e-02
11327,-1.068115e-01
11328,1.049805e-01
11329,-1.341553e-01
11330,1.302490e-01
11331,-1.512451e-01
11332,1.431885e-01
11333,-1.597900e-01
11334,1.478271e-01
11335,-1.619873e-01
11336,1.422119e-01
11337,-1.496582e-01
11338,1.280518e-01
11339,-1.315918e-01
11340,1.058350e-01
11341,-1.027832e-01
11342,7.495117e-02
11343,-7.275391e-02
11344,3.955078e-02
11345,-3.234863e-02
11346,8.544922e-04
11347,3.295898e-03
11348,-3.759766e-02
11349,4.113770e-02
11350,-7.421875e-02
11351,7.849121e-02
11352,-1.071777e-01
11353,1.065674e-01
11354,-1.329346e-01
11355,1.275635e-01
11356,-1.513672e-01
11357,1.433105e-01
11358,-1.578369e-01
11359,1.470947e-01
11360,-1.597900e-01
11361,1.433105e-01
11362,-1.517334e-01
11363,1.297607e-01
11364,-1.315918e-01
11365,1.047363e-01
11366,-1.029053e-01
11367,7.519531e-02
11368,-7.177734e-02
11369,3.967285e-02
11370,-3.674316e-02
11371,3.662109e-04
11372,6.103516e-03
11373,-3.686523e-02
11374,4.077148e-02
11375,-7.421875e-02
11376,7.775879e-02
11377,-1.065674e-01
11378,1.058350e-01
11379,-1.318359e-01
11380,1.303711e-01
11381,-1.505127e-01
11382,1.431885e-01
11383,-1.608887e-01
11384,1.457520e-01
11385,-1.608887e-01
11386,1.433105e-01
11387,-1.494141e-01
11388,1.285400e-01
11389,-1.320801e-01
11390,1.059570e-01
11391,-1.057129e-01
11392,7.385254e-02
11393,-7.153320e-02
11394,4.003906e-02
11395,-3.503418e-02
11396,2.075195e-03
11397,3.417969e-03
11398,-3.808594e-02
11399,4.284668e-02
11400,-7.434082e-02
11401,7.641602e-02
11402,-1.051025e-01
11403,1.066895e-01
11404,-1.311035e-01
11405,1.282959e-01
11406,-1.530762e-01
11407,1.445312e-01
11408,-1.604004e-01
11409,1.485596e-01
11410,-1.606445e-01
11411,1.424561e-01
11412,-1.506348e-01
11413,1.267090e-01
11414,-1.315918e-01
11415,1.044922e-01
11416,-1.047363e-01
11417,7.287598e-02
11418,-7.177734e-02
11419,3.845215e-02
11420,-3.503418e-02
11421,2.807617e-03
11422,7.324219e-04
11423,-3.747559e-02
11424,4.162598e-02
11425,-7.507324e-02
11426,7.666016e-02
11427,-1.068115e-01
11428,1.058350e-01
11429,-1.334229e-01
11430,1.286621e-01
11431,-1.508789e-01
11432,1.441650e-01
11433,-1.604004e-01
11434,1.483154e-01
11435,-1.610107e-01
11436,1.442871e-01
11437,-1.499023e-01
11438,1.274414e-01
11439,-1.313477e-01
11440,1.052246e-01
11441,-1.062012e-01
11442,7.604980e-02
11443,-7.116699e-02
11444,3.845215e-02
11445,-3.527832e-02
11446,1.342773e-03
11447,4.638672e-03
11448,-3.710938e-02
11449,4.187012e-02
11450,-7.470703e-02
11451,7.604980e-02
11452,-1.072998e-01
11453,1.069336e-01
11454,-1.319580e-01
11455,1.280518e-01
11456,-1.503906e-01
11457,1.434326e-01
11458,-1.600342e-01
11459,1.475830e-01
11460,-1.604004e-01
11461,1.441650e-01
11462,-1.508789e-01
11463,1.279297e-01
11464,-1.317139e-01
11465,1.066895e-01
11466,-1.057129e-01
11467,7.238770e-02
11468,-7.275391e-02
11469,3.979492e-02
11470,-3.479004e-02
11471,8.544922e-04
11472,3.295898e-03
11473,-3.881836e-02
11474,4.162598e-02
11475,-7.421875e-02
11476,7.702637e-02
11477,-1.074219e-01
11478,1.037598e-01
11479,-1.324463e-01
11480,1.280518e-01
11481,-1.503906e-01
11482,1.425781e-01
11483,-1.593018e-01
11484,1.469727e-01
11485,-1.640625e-01
11486,1.439209e-01
11487,-1.513672e-01
11488,1.276855e-01
11489,-1.309814e-01
11490,1.036377e-01
11491,-1.064453e-01
11492,7.604980e-02
11493,-7.275391e-02
11494,4.003906e-02
11495,-3.527832e-02
11496,1.220703e-03
11497,4.394531e-03
11498,-3.784180e-02
11499,4.284668e-02
11500,-7.299805e-02
11501,7.360840e-02
11502,-1.077881e-01
11503,1.055908e-01
11504,-1.315918e-01
11505,1.289062e-01
11506,-1.518555e-01
11507,1.430664e-01
11508,-1.605225e-01
11509,1.462402e-01
11510,-1.607666e-01
11511,1.425781e-01
11512,-1.513672e-01
11513,1.286621e-01
11514,-1.314697e-01
11515,1.064453e-01
11516,-1.040039e-01
11517,7.519531e-02
11518,-7.263184e-02
11519,3.942871e-02
11520,-3.759766e-02
11521,2.441406e-04
11522,4.882812e-03
11523,-3.698730e-02
11524,4.089355e-02
11525,-7.214355e-02
11526,7.763672e-02
11527,-1.088867e-01
11528,1.065674e-01
11529,-1.326904e-01
11530,1.273193e-01
11531,-1.524658e-01
11532,1.434326e-01
11533,-1.617432e-01
11534,1.470947e-01
11535,-1.595459e-01
11536,1.425781e-01
11537,-1.519775e-01
11538,1.297607e-01
11539,-1.326904e-01
11540,1.043701e-01
11541,-1.062012e-01
11542,7.385254e-02
11543,-7.128906e-02
11544,4.028320e-02
11545,-3.601074e-02
11546,6.103516e-04
11547,3.051758e-03
11548,-3.759766e-02
11549,4.309082e-02
11550,-7.287598e-02
11551,7.666016e-02
11552,-1.057129e-01
11553,1.043701e-01
11554,-1.319580e-01
11555,1.297607e-01
11556,-1.516113e-01
11557,1.429443e-01
11558,-1.625977e-01
11559,1.473389e-01
11560,-1.599121e-01
11561,1.433105e-01
11562,-1.508789e-01
11563,1.284180e-01
11564,-1.323242e-01
11565,1.044922e-01
11566,-1.063232e-01
11567,7.458496e-02
11568,-7.202148e-02
11569,3.955078e-02
11570,-3.369141e-02
11571,8.544922e-04
11572,3.295898e-03
11573,-3.662109e-02
11574,3.894043e-02
11575,-7.360840e-02
11576,7.653809e-02
11577,-1.068115e-01
11578,1.049805e-01
11579,-1.325684e-01
11580,1.297607e-01
11581,-1.517334e-01
11582,1.413574e-01
11583,-1.606445e-01
11584,1.472168e-01
11585,-1.629639e-01
11586,1.440430e-01
11587,-1.508789e-01
11588,1.271973e-01
11589,-1.311035e-01
11590,1.059570e-01
11591,-1.060791e-01
11592,7.482910e-02
11593,-7.238770e-02
11594,3.918457e-02
11595,-3.564453e-02
11596,2.441406e-03
11597,2.441406e-03
11598,-3.576660e-02
11599,4.089355e-02
11600,-7.470703e-02
11601,7.470703e-02
11602,-1.066895e-01
11603,1.071777e-01
11604,-1.346436e-01
11605,1.282959e-01
11606,-1.506348e-01
11607,1.429443e-01
11608,-1.596680e-01
11609,1.473389e-01
11610,-1.601562e-01
11611,1.434326e-01
11612,-1.519775e-01
11613,1.275635e-01
11614,-1.341553e-01
11615,1.041260e-01
11616,-1.064453e-01
11617,7.556152e-02
11618,-7.275391e-02
11619,4.003906e-02
11620,-3.442383e-02
11621,3.662109e-04
11622,1.708984e-03
11623,-3.723145e-02
11624,4.101562e-02
11625,-7.580566e-02
11626,7.568359e-02
11627,-1.063232e-01
11628,1.054688e-01
11629,-1.339111e-01
11630,1.271973e-01
11631,-1.503906e-01
11632,1.444092e-01
11633,-1.601562e-01
11634,1.459961e-01
11635,-1.628418e-01
11636,1.445312e-01
11637,-1.516113e-01
11638,1.278076e-01
11639,-1.333008e-01
11640,1.065674e-01
11641,-1.058350e-01
11642,7.421875e-02
11643,-7.263184e-02
11644,4.089355e-02
11645,-3.686523e-02
11646,1.586914e-03
11647,5.249023e-03
11648,-3.649902e-02
11649,4.150391e-02
11650,-7.336426e-02
11651,7.543945e-02
11652,-1.069336e-01
11653,1.066895e-01
11654,-1.317139e-01
11655,1.278076e-01
11656,-1.497803e-01
11657,1.430664e-01
11658,-1.614990e-01
11659,1.459961e-01
11660,-1.612549e-01
11661,1.445312e-01
11662,-1.519775e-01
11663,1.280518e-01
11664,-1.308594e-01
11665,1.052246e-01
11666,-1.072998e-01
11667,7.568359e-02
11668,-7.177734e-02
11669,4.003906e-02
11670,-3.576660e-02
11671,3.662109e-04
11672,3.051758e-03
11673,-3.662109e-02
11674,4.003906e-02
11675,-7.507324e-02
11676,7.482910e-02
11677,-1.068115e-01
11678,1.043701e-01
11679,-1.336670e-01
11680,1.280518e-01
11681,-1.520996e-01
11682,1.434326e-01
11683,-1.605225e-01
11684,1.477051e-01
11685,-1.606445e-01
11686,1.417236e-01
11687,-1.527100e-01
11688,1.271973e-01
11689,-1.324463e-01
11690,1.059570e-01
11691,-1.064453e-01
11692,7.531738e-02
11693,-7.153320e-02
11694,3.930664e-02
11695,-3.527832e-02
11696,1.953125e-03
11697,4.272461e-03
11698,-3.845215e-02
11699,4.003906e-02
11700,-7.238770e-02
11701,7.470703e-02
11702,-1.064453e-01
11703,1.057129e-01
11704,-1.329346e-01
11705,1.297607e-01
11706,-1.516113e-01
11707,1.412354e-01
11708,-1.617432e-01
11709,1.462402e-01
11710,-1.614990e-01
11711,1.441650e-01
11712,-1.529541e-01
11713,1.263428e-01
11714,-1.312256e-01
11715,1.064453e-01
11716,-1.068115e-01
11717,7.434082e-02
11718,-7.287598e-02
11719,3.881836e-02
11720,-3.625488e-02
11721,1.708984e-03
11722,3.173828e-03
11723,-3.625488e-02
11724,3.930664e-02
11725,-7.507324e-02
11726,7.495117e-02
11727,-1.060791e-01
11728,1.044922e-01
11729,-1.329346e-01
11730,1.280518e-01
11731,-1.508789e-01
11732,1.425781e-01
11733,-1.614990e-01
11734,1.462402e-01
11735,-1.607666e-01
11736,1.434326e-01
11737,-1.513672e-01
11738,1.293945e-01
11739,-1.319580e-01
11740,1.041260e-01
11741,-1.068115e-01
11742,7.641602e-02
11743,-7.092285e-02
11744,4.089355e-02
11745,-3.686523e-02
11746,1.586914e-03
11747,3.173828e-03
11748,-3.820801e-02
11749,4.162598e-02
11750,-7.092285e-02
11751,7.348633e-02
11752,-1.058350e-01
11753,1.041260e-01
11754,-1.342773e-01
11755,1.289062e-01
11756,-1.503906e-01
11757,1.416016e-01
11758,-1.614990e-01
11759,1.484375e-01
11760,-1.632080e-01
11761,1.434326e-01
11762,-1.507568e-01
11763,1.289062e-01
11764,-1.317139e-01
11765,1.049805e-01
11766,-1.076660e-01
11767,7.507324e-02
11768,-7.275391e-02
11769,4.003906e-02
11770,-3.588867e-02
11771,2.563477e-03
11772,4.150391e-03
11773,-3.735352e-02
11774,4.089355e-02
11775,-7.434082e-02
11776,7.495117e-02
11777,-1.049805e-01
11778,1.068115e-01
11779,-1.324463e-01
11780,1.276855e-01
11781,-1.529541e-01
11782,1.423340e-01
11783,-1.606445e-01
11784,1.468506e-01
11785,-1.601562e-01
11786,1.422119e-01
11787,-1.518555e-01
11788,1.293945e-01
11789,-1.326904e-01
11790,1.051025e-01
11791,-1.041260e-01
11792,7.556152e-02
11793,-7.434082e-02
11794,4.089355e-02
11795,-3.527832e-02
11796,1.220703e-03
11797,2.075195e-03
11798,-3.710938e-02
11799,4.113770e-02
11800,-7.348633e-02
11801,7.604980e-02
11802,-1.051025e-01
11803,1.044922e-01
11804,-1.307373e-01
11805,1.271973e-01
11806,-1.530762e-01
11807,1.434326e-01
11808,-1.617432e-01
11809,1.468506e-01
11810,-1.606445e-01
11811,1.427002e-01
11812,-1.512451e-01
11813,1.301270e-01
11814,-1.324463e-01
11815,1.059570e-01
11816,-1.064453e-01
11817,7.604980e-02
11818,-7.348633e-02
11819,4.199219e-02
11820,-3.515625e-02
11821,2.197266e-03
11822,2.685547e-03
11823,-3.686523e-02
11824,4.125977e-02
11825,-7.434082e-02
11826,7.507324e-02
11827,-1.053467e-01
11828,1.049805e-01
11829,-1.322021e-01
11830,1.278076e-01
11831,-1.507568e-01
11832,1.428223e-01
11833,-1.606445e-01
11834,1.485596e-01
11835,-1.589355e-01
11836,1.411133e-01
11837,-1.527100e-01
11838,1.292725e-01
11839,-1.325684e-01
11840,1.042480e-01
11841,-1.063232e-01
11842,7.592773e-02
11843,-7.446289e-02
11844,4.040527e-02
11845,-3.588867e-02
11846,1.953125e-03
11847,2.563477e-03
11848,-3.686523e-02
11849,4.028320e-02
11850,-7.421875e-02
11851,7.446289e-02
11852,-1.068115e-01
11853,1.049805e-01
11854,-1.311035e-01
11855,1.278076e-01
11856,-1.496582e-01
11857,1.431885e-01
11858,-1.604004e-01
11859,1.502686e-01
11860,-1.606445e-01
11861,1.413574e-01
11862,-1.510010e-01
11863,1.290283e-01
11864,-1.323242e-01
11865,1.068115e-01
11866,-1.068115e-01
11867,7.629395e-02
11868,-7.348633e-02
11869,4.028320e-02
11870,-3.576660e-02
11871,2.929688e-03
11872,1.708984e-03
11873,-3.564453e-02
11874,4.003906e-02
11875,-7.495117e-02
11876,7.495117e-02
11877,-1.042480e-01
11878,1.057129e-01
11879,-1.326904e-01
11880,1.270752e-01
11881,-1.519775e-01
11882,1.428223e-01
11883,-1.616211e-01
11884,1.474609e-01
11885,-1.597900e-01
11886,1.417236e-01
11887,-1.511230e-01
11888,1.290283e-01
11889,-1.320801e-01
11890,1.052246e-01
11891,-1.068115e-01
11892,7.641602e-02
11893,-7.397461e-02
11894,4.187012e-02
11895,-3.466797e-02
11896,3.540039e-03
11897,2.075195e-03
11898,-3.686523e-02
11899,3.845215e-02
11900,-7.421875e-02
11901,7.531738e-02
11902,-1.049805e-01
11903,1.046143e-01
11904,-1.325684e-01
11905,1.284180e-01
11906,-1.519775e-01
11907,1.434326e-01
11908,-1.606445e-01
11909,1.467285e-01
11910,-1.597900e-01
11911,1.450195e-01
11912,-1.519775e-01
11913,1.280518e-01
11914,-1.330566e-01
11915,1.042480e-01
11916,-1.068115e-01
11917,7.556152e-02
11918,-7.470703e-02
11919,3.991699e-02
11920,-3.613281e-02
11921,1.831055e-03
11922,1.586914e-03
11923,-3.601074e-02
11924,3.955078e-02
11925,-7.263184e-02
11926,7.482910e-02
11927,-1.048584e-01
11928,1.059570e-01
11929,-1.334229e-01
11930,1.295166e-01
11931,-1.510010e-01
11932,1.417236e-01
11933,-1.608887e-01
11934,1.468506e-01
11935,-1.606445e-01
11936,1.422119e-01
11937,-1.513672e-01
11938,1.290283e-01
11939,-1.334229e-01
11940,1.065674e-01
11941,-1.054688e-01
11942,7.678223e-02
11943,-7.299805e-02
11944,4.016113e-02
11945,-3.662109e-02
11946,2.441406e-03
11947,1.220703e-04
11948,-3.662109e-02
11949,4.089355e-02
11950,-7.238770e-02
11951,7.446289e-02
11952,-1.062012e-01
11953,1.051025e-01
11954,-1.339111e-01
11955,1.275635e-01
11956,-1.492920e-01
11957,1.442871e-01
11958,-1.597900e-01
11959,1.468506e-01
11960,-1.595459e-01
11961,1.442871e-01
11962,-1.536865e-01
11963,1.289062e-01
11964,-1.333008e-01
11965,1.049805e-01
11966,-1.051025e-01
11967,7.507324e-02
11968,-7.373047e-02
11969,3.881836e-02
11970,-3.869629e-02
11971,2.441406e-03
11972,1.098633e-03
11973,-3.674316e-02
11974,3.979492e-02
11975,-7.397461e-02
11976,7.385254e-02
11977,-1.075439e-01
11978,1.053467e-01
11979,-1.306152e-01
11980,1.262207e-01
11981,-1.507568e-01
11982,1.430664e-01
11983,-1.632080e-01
11984,1.468506e-01
11985,-1.614990e-01
11986,1.423340e-01
11987,-1.510010e-01
11988,1.296387e-01
11989,-1.326904e-01
11990,1.075439e-01
11991,-1.064453e-01
11992,7.507324e-02
11993,-7.385254e-02
11994,4.028320e-02
11995,-3.625488e-02
11996,2.441406e-03
11997,2.319336e-03
11998,-3.540039e-02
11999,3.930664e-02
12000,-7.299805e-02
12001,7.409668e-02
12002,-1.043701e-01
12003,1.055908e-01
12004,-1.315918e-01
12005,1.273193e-01
12006,-1.516113e-01
12007,1.422119e-01
12008,-1.616211e-01
12009,1.475830e-01
12010,-1.601562e-01
12011,1.413574e-01
12012,-1.514893e-01
12013,1.300049e-01
12014,-1.330566e-01
12015,1.060791e-01
12016,-1.054688e-01
12017,7.458496e-02
12018,-7.690430e-02
12019,4.199219e-02
12020,-3.649902e-02
12021,2.685547e-03
12022,2.807617e-03
12023,-3.576660e-02
12024,3.930664e-02
12025,-7.226562e-02
12026,7.397461e-02
12027,-1.057129e-01
12028,1.027832e-01
12029,-1.333008e-01
12030,1.250000e-01
12031,-1.523438e-01
12032,1.427002e-01
12033,-1.599121e-01
12034,1.479492e-01
12035,-1.632080e-01
12036,1.425781e-01
12037,-1.474609e-01
12038,1.302490e-01
12039,-1.348877e-01
12040,1.059570e-01
12041,-1.068115e-01
12042,7.678223e-02
12043,-7.312012e-02
12044,4.174805e-02
12045,-3.881836e-02
12046,1.831055e-03
12047,3.173828e-03
12048,-3.588867e-02
12049,3.955078e-02
12050,-7.263184e-02
12051,7.543945e-02
12052,-1.049805e-01
12053,1.037598e-01
12054,-1.315918e-01
12055,1.281738e-01
12056,-1.501465e-01
12057,1.417236e-01
12058,-1.611328e-01
12059,1.480713e-01
12060,-1.605225e-01
12061,1.406250e-01
12062,-1.520996e-01
12063,1.301270e-01
12064,-1.348877e-01
12065,1.060791e-01
12066,-1.076660e-01
12067,7.470703e-02
12068,-7.458496e-02
12069,3.967285e-02
12070,-3.833008e-02
12071,3.173828e-03
12072,-1.220703e-04
12073,-3.674316e-02
12074,3.857422e-02
12075,-7.324219e-02
12076,7.434082e-02
12077,-1.059570e-01
12078,1.043701e-01
12079,-1.320801e-01
12080,1.259766e-01
12081,-1.512451e-01
12082,1.430664e-01
12083,-1.614990e-01
12084,1.468506e-01
12085,-1.623535e-01
12086,1.428223e-01
12087,-1.503906e-01
12088,1.295166e-01
12089,-1.347656e-01
12090,1.070557e-01
12091,-1.072998e-01
12092,7.666016e-02
12093,-7.360840e-02
12094,4.113770e-02
12095,-3.759766e-02
12096,2.563477e-03
12097,3.051758e-03
12098,-3.637695e-02
12099,3.674316e-02
12100,-7.104492e-02
12101,7.507324e-02
12102,-1.044922e-01
12103,1.052246e-01
12104,-1.313477e-01
12105,1.269531e-01
12106,-1.492920e-01
12107,1.406250e-01
12108,-1.632080e-01
12109,1.495361e-01
12110,-1.604004e-01
12111,1.434326e-01
12112,-1.527100e-01
12113,1.280518e-01
12114,-1.341553e-01
12115,1.065674e-01
12116,-1.087646e-01
12117,7.446289e-02
12118,-7.373047e-02
12119,4.125977e-02
12120,-3.759766e-02
12121,1.586914e-03
12122,1.831055e-03
12123,-3.479004e-02
12124,3.918457e-02
12125,-7.226562e-02
12126,7.397461e-02
12127,-1.049805e-01
12128,1.053467e-01
12129,-1.317139e-01
12130,1.269531e-01
12131,-1.501465e-01
12132,1.407471e-01
12133,-1.597900e-01
12134,1.485596e-01
12135,-1.628418e-01
12136,1.442871e-01
12137,-1.503906e-01
12138,1.279297e-01
12139,-1.335449e-01
12140,1.071777e-01
12141,-1.075439e-01
12142,7.702637e-02
12143,-7.312012e-02
12144,4.064941e-02
12145,-3.674316e-02
12146,3.295898e-03
12147,1.464844e-03
12148,-3.637695e-02
12149,3.942871e-02
12150,-7.238770e-02
12151,7.336426e-02
12152,-1.049805e-01
12153,1.052246e-01
12154,-1.306152e-01
12155,1.254883e-01
12156,-1.516113e-01
12157,1.417236e-01
12158,-1.605225e-01
12159,1.462402e-01
12160,-1.613770e-01
12161,1.423340e-01
12162,-1.525879e-01
12163,1.300049e-01
12164,-1.335449e-01
12165,1.049805e-01
12166,-1.077881e-01
12167,7.714844e-02
12168,-7.519531e-02
12169,4.028320e-02
12170,-3.845215e-02
12171,3.540039e-03
12172,2.441406e-04
12173,-3.588867e-02
12174,4.174805e-02
12175,-7.214355e-02
12176,7.324219e-02
12177,-1.058350e-01
12178,1.036377e-01
12179,-1.328125e-01
12180,1.284180e-01
12181,-1.500244e-01
12182,1.408691e-01
12183,-1.597900e-01
12184,1.470947e-01
12185,-1.606445e-01
12186,1.429443e-01
12187,-1.525879e-01
12188,1.308594e-01
12189,-1.342773e-01
12190,1.044922e-01
12191,-1.068115e-01
12192,7.641602e-02
12193,-7.482910e-02
12194,4.016113e-02
12195,-3.625488e-02
12196,4.150391e-03
12197,8.544922e-04
12198,-3.503418e-02
12199,3.771973e-02
12200,-7.226562e-02
12201,7.556152e-02
12202,-1.052246e-01
12203,1.051025e-01
12204,-1.309814e-01
12205,1.271973e-01
12206,-1.489258e-01
12207,1.420898e-01
12208,-1.597900e-01
12209,1.485596e-01
12210,-1.627197e-01
12211,1.427002e-01
12212,-1.519775e-01
12213,1.280518e-01
12214,-1.341553e-01
12215,1.069336e-01
12216,-1.049805e-01
12217,7.678223e-02
12218,-7.556152e-02
12219,4.296875e-02
12220,-3.820801e-02
12221,1.342773e-03
12222,1.342773e-03
12223,-3.601074e-02
12224,3.894043e-02
12225,-7.092285e-02
12226,7.324219e-02
12227,-1.053467e-01
12228,1.053467e-01
12229,-1.306152e-01
12230,1.280518e-01
12231,-1.519775e-01
12232,1.408691e-01
12233,-1.589355e-01
12234,1.468506e-01
12235,-1.614990e-01
12236,1.433105e-01
12237,-1.524658e-01
12238,1.284180e-01
12239,-1.337891e-01
12240,1.080322e-01
12241,-1.080322e-01
12242,7.775879e-02
12243,-7.421875e-02
12244,4.162598e-02
12245,-3.759766e-02
12246,4.394531e-03
12247,6.103516e-04
12248,-3.466797e-02
12249,3.845215e-02
12250,-7.263184e-02
12251,7.568359e-02
12252,-1.030273e-01
12253,1.042480e-01
12254,-1.322021e-01
12255,1.252441e-01
12256,-1.502686e-01
12257,1.429443e-01
12258,-1.635742e-01
12259,1.461182e-01
12260,-1.606445e-01
12261,1.429443e-01
12262,-1.508789e-01
12263,1.282959e-01
12264,-1.333008e-01
12265,1.083984e-01
12266,-1.074219e-01
12267,7.714844e-02
12268,-7.519531e-02
12269,4.382324e-02
12270,-3.930664e-02
12271,2.441406e-03
12272,9.765625e-04
12273,-3.613281e-02
12274,3.771973e-02
12275,-7.226562e-02
12276,7.202148e-02
12277,-1.054688e-01
12278,1.032715e-01
12279,-1.333008e-01
12280,1.268311e-01
12281,-1.519775e-01
12282,1.406250e-01
12283,-1.590576e-01
12284,1.469727e-01
12285,-1.623535e-01
12286,1.408691e-01
12287,-1.536865e-01
12288,1.293945e-01
12289,-1.340332e-01
12290,1.075439e-01
12291,-1.071777e-01
12292,7.653809e-02
12293,-7.373047e-02
12294,4.479980e-02
12295,-3.930664e-02
12296,2.563477e-03
12297,9.765625e-04
12298,-3.466797e-02
12299,4.052734e-02
12300,-7.067871e-02
12301,7.409668e-02
12302,-1.031494e-01
12303,1.037598e-01
12304,-1.323242e-01
12305,1.263428e-01
12306,-1.495361e-01
12307,1.412354e-01
12308,-1.612549e-01
12309,1.479492e-01
12310,-1.613770e-01
12311,1.431885e-01
12312,-1.508789e-01
12313,1.286621e-01
12314,-1.340332e-01
12315,1.074219e-01
12316,-1.083984e-01
12317,7.678223e-02
12318,-7.446289e-02
12319,4.199219e-02
12320,-4.040527e-02
12321,4.150391e-03
12322,2.075195e-03
12323,-3.601074e-02
12324,3.845215e-02
12325,-7.202148e-02
12326,7.409668e-02
12327,-1.040039e-01
12328,1.032715e-01
12329,-1.314697e-01
12330,1.271973e-01
12331,-1.507568e-01
12332,1.444092e-01
12333,-1.597900e-01
12334,1.475830e-01
12335,-1.591797e-01
12336,1.437988e-01
12337,-1.512451e-01
12338,1.300049e-01
12339,-1.337891e-01
12340,1.087646e-01
12341,-1.070557e-01
12342,7.763672e-02
12343,-7.470703e-02
12344,4.309082e-02
12345,-3.771973e-02
12346,4.394531e-03
12347,1.464844e-03
12348,-3.515625e-02
12349,3.723145e-02
12350,-7.080078e-02
12351,7.458496e-02
12352,-1.036377e-01
12353,1.025391e-01
12354,-1.322021e-01
12355,1.285400e-01
12356,-1.495361e-01
12357,1.422119e-01
12358,-1.590576e-01
12359,1.459961e-01
12360,-1.629639e-01
12361,1.434326e-01
12362,-1.528320e-01
12363,1.298828e-01
12364,-1.342773e-01
12365,1.066895e-01
12366,-1.075439e-01
12367,7.788086e-02
12368,-7.678223e-02
12369,4.174805e-02
12370,-3.869629e-02
12371,2.807617e-03
12372,1.586914e-03
12373,-3.503418e-02
12374,4.028320e-02
12375,-7.177734e-02
12376,7.250977e-02
12377,-1.033936e-01
12378,1.021729e-01
12379,-1.322021e-01
12380,1.270752e-01
12381,-1.520996e-01
12382,1.422119e-01
12383,-1.608887e-01
12384,1.469727e-01
12385,-1.618652e-01
12386,1.451416e-01
12387,-1.527100e-01
12388,1.298828e-01
12389,-1.323242e-01
12390,1.079102e-01
12391,-1.070557e-01
12392,7.666016e-02
12393,-7.507324e-02
12394,4.345703e-02
12395,-3.918457e-02
12396,6.469727e-03
12397,1.708984e-03
12398,-3.674316e-02
12399,3.918457e-02
12400,-7.006836e-02
12401,7.128906e-02
12402,-1.033936e-01
12403,1.049805e-01
12404,-1.306152e-01
12405,1.260986e-01
12406,-1.505127e-01
12407,1.434326e-01
12408,-1.607666e-01
12409,1.475830e-01
12410,-1.611328e-01
12411,1.431885e-01
12412,-1.507568e-01
12413,1.311035e-01
12414,-1.352539e-01
12415,1.072998e-01
12416,-1.082764e-01
12417,7.666016e-02
12418,-7.360840e-02
12419,4.394531e-02
12420,-3.979492e-02
12421,4.272461e-03
12422,1.220703e-04
12423,-3.564453e-02
12424,3.833008e-02
12425,-7.006836e-02
12426,7.177734e-02
12427,-1.038818e-01
12428,1.054688e-01
12429,-1.312256e-01
12430,1.273193e-01
12431,-1.501465e-01
12432,1.423340e-01
12433,-1.589355e-01
12434,1.468506e-01
12435,-1.606445e-01
12436,1.441650e-01
12437,-1.503906e-01
12438,1.289062e-01
12439,-1.347656e-01
12440,1.066895e-01
12441,-1.062012e-01
12442,7.641602e-02
12443,-7.568359e-02
12444,4.406738e-02
12445,-3.808594e-02
12446,5.249023e-03
12447,1.220703e-04
12448,-3.503418e-02
12449,3.808594e-02
12450,-7.177734e-02
12451,7.458496e-02
12452,-1.038818e-01
12453,1.040039e-01
12454,-1.307373e-01
12455,1.271973e-01
12456,-1.501465e-01
12457,1.405029e-01
12458,-1.611328e-01
12459,1.475830e-01
12460,-1.599121e-01
12461,1.444092e-01
12462,-1.507568e-01
12463,1.309814e-01
12464,-1.335449e-01
12465,1.071777e-01
12466,-1.085205e-01
12467,7.824707e-02
12468,-7.519531e-02
12469,4.394531e-02
12470,-3.588867e-02
12471,4.150391e-03
12472,3.662109e-04
12473,-3.503418e-02
12474,3.686523e-02
12475,-7.031250e-02
12476,7.373047e-02
12477,-1.054688e-01
12478,1.025391e-01
12479,-1.308594e-01
12480,1.280518e-01
12481,-1.508789e-01
12482,1.419678e-01
12483,-1.596680e-01
12484,1.472168e-01
12485,-1.613770e-01
12486,1.442871e-01
12487,-1.519775e-01
12488,1.306152e-01
12489,-1.341553e-01
12490,1.074219e-01
12491,-1.071777e-01
12492,7.812500e-02
12493,-7.434082e-02
12494,4.248047e-02
12495,-3.747559e-02
12496,5.737305e-03
12497,1.220703e-04
12498,-3.417969e-02
12499,3.930664e-02
12500,-6.994629e-02
12501,7.250977e-02
12502,-1.029053e-01
12503,1.030273e-01
12504,-1.302490e-01
12505,1.279297e-01
12506,-1.503906e-01
12507,1.422119e-01
12508,-1.600342e-01
12509,1.475830e-01
12510,-1.616211e-01
12511,1.457520e-01
12512,-1.518555e-01
12513,1.302490e-01
12514,-1.336670e-01
12515,1.059570e-01
12516,-1.072998e-01
12517,7.824707e-02
12518,-7.385254e-02
12519,4.174805e-02
12520,-3.869629e-02
12521,5.371094e-03
12522,-1.342773e-03
12523,-3.173828e-02
12524,3.771973e-02
12525,-7.275391e-02
12526,7.312012e-02
12527,-1.043701e-01
12528,1.027832e-01
12529,-1.313477e-01
12530,1.267090e-01
12531,-1.495361e-01
12532,1.434326e-01
12533,-1.604004e-01
12534,1.472168e-01
12535,-1.611328e-01
12536,1.427002e-01
12537,-1.535645e-01
12538,1.306152e-01
12539,-1.337891e-01
12540,1.080322e-01
12541,-1.053467e-01
12542,7.922363e-02
12543,-7.495117e-02
12544,4.284668e-02
12545,-3.674316e-02
12546,6.469727e-03
12547,-1.098633e-03
12548,-3.259277e-02
12549,3.771973e-02
12550,-7.019043e-02
12551,7.421875e-02
12552,-1.041260e-01
12553,1.018066e-01
12554,-1.295166e-01
12555,1.275635e-01
12556,-1.518555e-01
12557,1.414795e-01
12558,-1.590576e-01
12559,1.459961e-01
12560,-1.606445e-01
12561,1.441650e-01
12562,-1.538086e-01
12563,1.292725e-01
12564,-1.346436e-01
12565,1.077881e-01
12566,-1.083984e-01
12567,7.714844e-02
12568,-7.385254e-02
12569,4.223633e-02
12570,-3.930664e-02
12571,5.249023e-03
12572,-9.765625e-04
12573,-3.479004e-02
12574,3.576660e-02
12575,-7.006836e-02
12576,7.458496e-02
12577,-1.040039e-01
12578,1.026611e-01
12579,-1.304932e-01
12580,1.278076e-01
12581,-1.489258e-01
12582,1.407471e-01
12583,-1.606445e-01
12584,1.478271e-01
12585,-1.622314e-01
12586,1.440430e-01
12587,-1.517334e-01
12588,1.289062e-01
12589,-1.340332e-01
12590,1.075439e-01
12591,-1.096191e-01
12592,7.739258e-02
12593,-7.519531e-02
12594,4.443359e-02
12595,-3.918457e-02
12596,4.028320e-03
12597,6.103516e-04
12598,-3.466797e-02
12599,3.845215e-02
12600,-7.165527e-02
12601,7.263184e-02
12602,-1.029053e-01
12603,1.038818e-01
12604,-1.292725e-01
12605,1.254883e-01
12606,-1.485596e-01
12607,1.424561e-01
12608,-1.599121e-01
12609,1.461182e-01
12610,-1.613770e-01
12611,1.467285e-01
12612,-1.525879e-01
12613,1.306152e-01
12614,-1.335449e-01
12615,1.094971e-01
12616,-1.093750e-01
12617,7.678223e-02
12618,-7.470703e-02
12619,4.223633e-02
12620,-3.894043e-02
12621,3.417969e-03
12622,1.220703e-04
12623,-3.405762e-02
12624,3.723145e-02
12625,-7.031250e-02
12626,7.153320e-02
12627,-1.042480e-01
12628,1.025391e-01
12629,-1.308594e-01
12630,1.268311e-01
12631,-1.506348e-01
12632,1.407471e-01
12633,-1.617432e-01
12634,1.479492e-01
12635,-1.618652e-01
12636,1.439209e-01
12637,-1.512451e-01
12638,1.301270e-01
12639,-1.336670e-01
12640,1.081543e-01
12641,-1.085205e-01
12642,7.763672e-02
12643,-7.495117e-02
12644,4.382324e-02
12645,-3.906250e-02
12646,4.150391e-03
12647,-4.882812e-04
12648,-3.540039e-02
12649,3.747559e-02
12650,-6.994629e-02
12651,7.153320e-02
12652,-1.042480e-01
12653,1.015625e-01
12654,-1.301270e-01
12655,1.264648e-01
12656,-1.516113e-01
12657,1.412354e-01
12658,-1.604004e-01
12659,1.459961e-01
12660,-1.613770e-01
12661,1.441650e-01
12662,-1.513672e-01
12663,1.306152e-01
12664,-1.354980e-01
12665,1.099854e-01
12666,-1.082764e-01
12667,7.836914e-02
12668,-7.434082e-02
12669,4.394531e-02
12670,-3.845215e-02
12671,6.103516e-03
12672,-6.103516e-04
12673,-3.320312e-02
12674,3.845215e-02
12675,-7.080078e-02
12676,7.189941e-02
12677,-1.009521e-01
12678,1.036377e-01
12679,-1.307373e-01
12680,1.279297e-01
12681,-1.469727e-01
12682,1.413574e-01
12683,-1.605225e-01
12684,1.480713e-01
12685,-1.604004e-01
12686,1.433105e-01
12687,-1.535645e-01
12688,1.304932e-01
12689,-1.351318e-01
12690,1.075439e-01
12691,-1.085205e-01
12692,7.836914e-02
12693,-7.690430e-02
12694,4.345703e-02
12695,-3.759766e-02
12696,6.103516e-03
12697,2.197266e-03
12698,-3.503418e-02
12699,3.649902e-02
12700,-7.006836e-02
12701,7.104492e-02
12702,-1.025391e-01
12703,1.027832e-01
12704,-1.304932e-01
12705,1.253662e-01
12706,-1.491699e-01
12707,1.425781e-01
12708,-1.601562e-01
12709,1.477051e-01
12710,-1.614990e-01
12711,1.442871e-01
12712,-1.540527e-01
12713,1.306152e-01
12714,-1.342773e-01
12715,1.068115e-01
12716,-1.068115e-01
12717,8.020020e-02
12718,-7.678223e-02
12719,4.431152e-02
12720,-3.808594e-02
12721,6.835938e-03
12722,-2.319336e-03
12723,-3.588867e-02
12724,3.845215e-02
12725,-7.092285e-02
12726,7.421875e-02
12727,-1.032715e-01
12728,1.010742e-01
12729,-1.286621e-01
12730,1.254883e-01
12731,-1.499023e-01
12732,1.420898e-01
12733,-1.622314e-01
12734,1.477051e-01
12735,-1.611328e-01
12736,1.440430e-01
12737,-1.530762e-01
12738,1.308594e-01
12739,-1.350098e-01
12740,1.068115e-01
12741,-1.082764e-01
12742,7.861328e-02
12743,-7.458496e-02
12744,4.467773e-02
12745,-3.833008e-02
12746,5.004883e-03
12747,8.544922e-04
12748,-3.210449e-02
12749,3.735352e-02
12750,-6.884766e-02
12751,7.214355e-02
12752,-1.032715e-01
12753,1.027832e-01
12754,-1.304932e-01
12755,1.270752e-01
12756,-1.478271e-01
12757,1.409912e-01
12758,-1.600342e-01
12759,1.477051e-01
12760,-1.607666e-01
12761,1.429443e-01
12762,-1.520996e-01
12763,1.291504e-01
12764,-1.333008e-01
12765,1.085205e-01
12766,-1.093750e-01
12767,7.885742e-02
12768,-7.434082e-02
12769,4.382324e-02
12770,-3.857422e-02
12771,5.737305e-03
12772,0.000000e+00
12773,-3.332520e-02
12774,3.662109e-02
12775,-6.958008e-02
12776,6.982422e-02
12777,-1.030273e-01
12778,1.041260e-01
12779,-1.298828e-01
12780,1.262207e-01
12781,-1.495361e-01
12782,1.407471e-01
12783,-1.601562e-01
12784,1.470947e-01
12785,-1.606445e-01
12786,1.429443e-01
12787,-1.539307e-01
12788,1.297607e-01
12789,-1.333008e-01
12790,1.083984e-01
12791,-1.092529e-01
12792,8.056641e-02
12793,-7.495117e-02
12794,4.187012e-02
12795,-3.784180e-02
12796,5.493164e-03
12797,-1.586914e-03
12798,-3.002930e-02
12799,3.625488e-02
12800,-7.019043e-02
12801,7.421875e-02
12802,-1.030273e-01
12803,1.027832e-01
12804,-1.282959e-01
12805,1.260986e-01
12806,-1.475830e-01
12807,1.414795e-01
12808,-1.595459e-01
12809,1.477051e-01
12810,-1.623535e-01
12811,1.442871e-01
12812,-1.516113e-01
12813,1.292725e-01
12814,-1.337891e-01
12815,1.085205e-01
12816,-1.076660e-01
12817,7.910156e-02
12818,-7.812500e-02
12819,4.406738e-02
12820,-3.845215e-02
12821,5.981445e-03
12822,-7.324219e-04
12823,-3.332520e-02
12824,3.674316e-02
12825,-6.958008e-02
12826,7.238770e-02
12827,-1.052246e-01
12828,1.015625e-01
12829,-1.286621e-01
12830,1.263428e-01
12831,-1.486816e-01
12832,1.408691e-01
12833,-1.607666e-01
12834,1.478271e-01
12835,-1.605225e-01
12836,1.436768e-01
12837,-1.525879e-01
12838,1.298828e-01
12839,-1.356201e-01
12840,1.075439e-01
12841,-1.096191e-01
12842,7.910156e-02
12843,-7.568359e-02
12844,4.431152e-02
12845,-4.089355e-02
12846,6.713867e-03
12847,0.000000e+00
12848,-3.503418e-02
12849,3.833008e-02
12850,-6.896973e-02
12851,7.055664e-02
12852,-1.030273e-01
12853,1.029053e-01
12854,-1.296387e-01
12855,1.251221e-01
12856,-1.500244e-01
12857,1.424561e-01
12858,-1.601562e-01
12859,1.467285e-01
12860,-1.597900e-01
12861,1.451416e-01
12862,-1.529541e-01
12863,1.308594e-01
12864,-1.356201e-01
12865,1.094971e-01
12866,-1.091309e-01
12867,7.775879e-02
12868,-7.458496e-02
12869,4.516602e-02
12870,-4.187012e-02
12871,8.666992e-03
12872,-1.708984e-03
12873,-3.320312e-02
12874,3.747559e-02
12875,-7.006836e-02
12876,7.080078e-02
12877,-1.035156e-01
12878,1.013184e-01
12879,-1.309814e-01
12880,1.259766e-01
12881,-1.511230e-01
12882,1.407471e-01
12883,-1.594238e-01
12884,1.473389e-01
12885,-1.610107e-01
12886,1.441650e-01
12887,-1.525879e-01
12888,1.300049e-01
12889,-1.348877e-01
12890,1.086426e-01
12891,-1.097412e-01
12892,7.885742e-02
12893,-7.617188e-02
12894,4.345703e-02
12895,-3.979492e-02
12896,6.713867e-03
12897,-1.708984e-03
12898,-3.198242e-02
12899,3.771973e-02
12900,-7.019043e-02
12901,7.202148e-02
12902,-1.035156e-01
12903,1.015625e-01
12904,-1.293945e-01
12905,1.260986e-01
12906,-1.486816e-01
12907,1.420898e-01
12908,-1.601562e-01
12909,1.474609e-01
12910,-1.606445e-01
12911,1.429443e-01
12912,-1.540527e-01
12913,1.309814e-01
12914,-1.345215e-01
12915,1.097412e-01
12916,-1.085205e-01
12917,7.849121e-02
12918,-7.727051e-02
12919,4.467773e-02
12920,-3.845215e-02
12921,5.371094e-03
12922,0.000000e+00
12923,-3.247070e-02
12924,3.625488e-02
12925,-7.006836e-02
12926,7.116699e-02
12927,-1.037598e-01
12928,1.021729e-01
12929,-1.297607e-01
12930,1.246338e-01
12931,-1.494141e-01
12932,1.417236e-01
12933,-1.597900e-01
12934,1.480713e-01
12935,-1.588135e-01
12936,1.444092e-01
12937,-1.527100e-01
12938,1.300049e-01
12939,-1.351318e-01
12940,1.086426e-01
12941,-1.082764e-01
12942,7.812500e-02
12943,-7.617188e-02
12944,4.370117e-02
12945,-4.077148e-02
12946,6.958008e-03
12947,4.882812e-04
12948,-3.247070e-02
12949,3.576660e-02
12950,-6.872559e-02
12951,7.287598e-02
12952,-1.035156e-01
12953,1.015625e-01
12954,-1.264648e-01
12955,1.254883e-01
12956,-1.519775e-01
12957,1.418457e-01
12958,-1.591797e-01
12959,1.468506e-01
12960,-1.613770e-01
12961,1.446533e-01
12962,-1.538086e-01
12963,1.314697e-01
12964,-1.339111e-01
12965,1.083984e-01
12966,-1.079102e-01
12967,7.971191e-02
12968,-7.775879e-02
12969,4.418945e-02
12970,-3.967285e-02
12971,5.859375e-03
12972,-1.098633e-03
12973,-3.369141e-02
12974,3.613281e-02
12975,-6.835938e-02
12976,7.165527e-02
12977,-1.036377e-01
12978,1.015625e-01
12979,-1.296387e-01
12980,1.270752e-01
12981,-1.501465e-01
12982,1.403809e-01
12983,-1.606445e-01
12984,1.457520e-01
12985,-1.607666e-01
12986,1.448975e-01
12987,-1.524658e-01
12988,1.309814e-01
12989,-1.340332e-01
12990,1.086426e-01
12991,-1.074219e-01
12992,7.897949e-02
12993,-7.678223e-02
12994,4.467773e-02
12995,-3.967285e-02
12996,5.615234e-03
12997,-9.765625e-04
12998,-3.186035e-02
12999,3.552246e-02
13000,-6.909180e-02
13001,7.202148e-02
13002,-1.008301e-01
13003,1.022949e-01
13004,-1.296387e-01
13005,1.275635e-01
13006,-1.496582e-01
13007,1.412354e-01
13008,-1.601562e-01
13009,1.475830e-01
13010,-1.607666e-01
13011,1.448975e-01
13012,-1.520996e-01
13013,1.311035e-01
13014,-1.352539e-01
13015,1.092529e-01
13016,-1.074219e-01
13017,7.800293e-02
13018,-7.556152e-02
13019,4.565430e-02
13020,-3.967285e-02
13021,6.469727e-03
13022,-6.103516e-04
13023,-3.234863e-02
13024,3.564453e-02
13025,-6.994629e-02
13026,7.263184e-02
13027,-1.010742e-01
13028,1.016846e-01
13029,-1.304932e-01
13030,1.271973e-01
13031,-1.496582e-01
13032,1.417236e-01
13033,-1.602783e-01
13034,1.472168e-01
13035,-1.610107e-01
13036,1.440430e-01
13037,-1.529541e-01
13038,1.307373e-01
13039,-1.352539e-01
13040,1.087646e-01
13041,-1.101074e-01
13042,7.873535e-02
13043,-7.641602e-02
13044,4.443359e-02
13045,-4.101562e-02
13046,6.958008e-03
13047,-4.882812e-04
13048,-3.002930e-02
13049,3.686523e-02
13050,-7.006836e-02
13051,7.250977e-02
13052,-1.016846e-01
13053,1.031494e-01
13054,-1.284180e-01
13055,1.264648e-01
13056,-1.501465e-01
13057,1.416016e-01
13058,-1.605225e-01
13059,1.459961e-01
13060,-1.589355e-01
13061,1.455078e-01
13062,-1.539307e-01
13063,1.315918e-01
13064,-1.342773e-01
13065,1.086426e-01
13066,-1.099854e-01
13067,8.044434e-02
13068,-7.775879e-02
13069,4.345703e-02
13070,-4.101562e-02
13071,5.859375e-03
13072,-2.441406e-03
13073,-3.356934e-02
13074,3.564453e-02
13075,-7.006836e-02
13076,7.336426e-02
13077,-1.020508e-01
13078,1.020508e-01
13079,-1.315918e-01
13080,1.252441e-01
13081,-1.479492e-01
13082,1.398926e-01
13083,-1.597900e-01
13084,1.475830e-01
13085,-1.610107e-01
13086,1.442871e-01
13087,-1.534424e-01
13088,1.304932e-01
13089,-1.347656e-01
13090,1.075439e-01
13091,-1.081543e-01
13092,8.129883e-02
13093,-7.666016e-02
13094,4.553223e-02
13095,-3.845215e-02
13096,5.249023e-03
13097,-1.831055e-03
13098,-3.076172e-02
13099,3.588867e-02
13100,-7.043457e-02
13101,7.128906e-02
13102,-1.038818e-01
13103,1.020508e-01
13104,-1.290283e-01
13105,1.254883e-01
13106,-1.485596e-01
13107,1.431885e-01
13108,-1.586914e-01
13109,1.477051e-01
13110,-1.621094e-01
13111,1.470947e-01
13112,-1.511230e-01
13113,1.291504e-01
13114,-1.328125e-01
13115,1.085205e-01
13116,-1.092529e-01
13117,7.995605e-02
13118,-7.946777e-02
13119,4.565430e-02
13120,-4.064941e-02
13121,5.615234e-03
13122,-1.708984e-03
13123,-3.198242e-02
13124,3.759766e-02
13125,-7.019043e-02
13126,7.177734e-02
13127,-1.035156e-01
13128,1.007080e-01
13129,-1.301270e-01
13130,1.246338e-01
13131,-1.496582e-01
13132,1.406250e-01
13133,-1.596680e-01
13134,1.467285e-01
13135,-1.621094e-01
13136,1.423340e-01
13137,-1.518555e-01
13138,1.312256e-01
13139,-1.352539e-01
13140,1.092529e-01
13141,-1.087646e-01
13142,8.105469e-02
13143,-7.714844e-02
13144,4.394531e-02
13145,-4.016113e-02
13146,7.080078e-03
13147,-1.342773e-03
13148,-3.234863e-02
13149,3.491211e-02
13150,-6.750488e-02
13151,7.116699e-02
13152,-1.032715e-01
13153,1.038818e-01
13154,-1.284180e-01
13155,1.253662e-01
13156,-1.480713e-01
13157,1.417236e-01
13158,-1.601562e-01
13159,1.468506e-01
13160,-1.610107e-01
13161,1.442871e-01
13162,-1.517334e-01
13163,1.289062e-01
13164,-1.358643e-01
13165,1.096191e-01
13166,-1.079102e-01
13167,8.117676e-02
13168,-7.763672e-02
13169,4.553223e-02
13170,-3.930664e-02
13171,5.126953e-03
13172,-3.051758e-03
13173,-3.234863e-02
13174,3.613281e-02
13175,-6.958008e-02
13176,7.116699e-02
13177,-1.033936e-01
13178,1.032715e-01
13179,-1.298828e-01
13180,1.236572e-01
13181,-1.463623e-01
13182,1.408691e-01
13183,-1.611328e-01
13184,1.485596e-01
13185,-1.619873e-01
13186,1.409912e-01
13187,-1.529541e-01
13188,1.306152e-01
13189,-1.351318e-01
13190,1.096191e-01
13191,-1.076660e-01
13192,7.922363e-02
13193,-7.885742e-02
13194,4.638672e-02
13195,-4.101562e-02
13196,6.469727e-03
13197,-1.708984e-03
13198,-3.076172e-02
13199,3.662109e-02
13200,-6.823730e-02
13201,7.189941e-02
13202,-1.029053e-01
13203,1.026611e-01
13204,-1.284180e-01
13205,1.270752e-01
13206,-1.470947e-01
13207,1.422119e-01
13208,-1.599121e-01
13209,1.470947e-01
13210,-1.624756e-01
13211,1.434326e-01
13212,-1.546631e-01
13213,1.312256e-01
13214,-1.342773e-01
13215,1.092529e-01
13216,-1.097412e-01
13217,7.934570e-02
13218,-7.592773e-02
13219,4.284668e-02
13220,-4.101562e-02
13221,6.958008e-03
13222,-1.464844e-03
13223,-3.283691e-02
13224,3.601074e-02
13225,-6.933594e-02
13226,7.019043e-02
13227,-1.027832e-01
13228,1.035156e-01
13229,-1.295166e-01
13230,1.248779e-01
13231,-1.486816e-01
13232,1.407471e-01
13233,-1.580811e-01
13234,1.481934e-01
13235,-1.632080e-01
13236,1.433105e-01
13237,-1.534424e-01
13238,1.329346e-01
13239,-1.348877e-01
13240,1.083984e-01
13241,-1.080322e-01
13242,8.081055e-02
13243,-7.824707e-02
13244,4.516602e-02
13245,-3.979492e-02
13246,7.324219e-03
13247,-4.394531e-03
13248,-3.247070e-02
13249,3.686523e-02
13250,-7.019043e-02
13251,7.165527e-02
13252,-1.025391e-01
13253,1.033936e-01
13254,-1.298828e-01
13255,1.258545e-01
13256,-1.490479e-01
13257,1.413574e-01
13258,-1.589355e-01
13259,1.475830e-01
13260,-1.618652e-01
13261,1.442871e-01
13262,-1.538086e-01
13263,1.304932e-01
13264,-1.353760e-01
13265,1.101074e-01
13266,-1.112061e-01
13267,7.885742e-02
13268,-7.849121e-02
13269,4.492188e-02
13270,-4.016113e-02
13271,7.080078e-03
13272,-7.324219e-04
13273,-3.247070e-02
13274,3.430176e-02
13275,-6.909180e-02
13276,7.092285e-02
13277,-1.020508e-01
13278,1.022949e-01
13279,-1.293945e-01
13280,1.247559e-01
13281,-1.495361e-01
13282,1.406250e-01
13283,-1.601562e-01
13284,1.469727e-01
13285,-1.607666e-01
13286,1.425781e-01
13287,-1.529541e-01
13288,1.328125e-01
13289,-1.358643e-01
13290,1.079102e-01
13291,-1.097412e-01
13292,8.044434e-02
13293,-7.714844e-02
13294,4.553223e-02
13295,-4.089355e-02
13296,5.981445e-03
13297,-2.563477e-03
13298,-3.063965e-02
13299,3.637695e-02
13300,-6.823730e-02
13301,7.128906e-02
13302,-1.016846e-01
13303,1.016846e-01
13304,-1.301270e-01
13305,1.247559e-01
13306,-1.486816e-01
13307,1.423340e-01
13308,-1.595459e-01
13309,1.462402e-01
13310,-1.605225e-01
13311,1.424561e-01
13312,-1.527100e-01
13313,1.342773e-01
13314,-1.348877e-01
13315,1.076660e-01
13316,-1.112061e-01
13317,8.032227e-02
13318,-7.604980e-02
13319,4.541016e-02
13320,-4.101562e-02
13321,6.103516e-03
13322,-1.586914e-03
13323,-3.210449e-02
13324,3.588867e-02
13325,-6.787109e-02
13326,6.823730e-02
13327,-1.008301e-01
13328,1.011963e-01
13329,-1.302490e-01
13330,1.253662e-01
13331,-1.473389e-01
13332,1.423340e-01
13333,-1.595459e-01
13334,1.470947e-01
13335,-1.623535e-01
13336,1.450195e-01
13337,-1.520996e-01
13338,1.306152e-01
13339,-1.368408e-01
13340,1.083984e-01
13341,-1.077881e-01
13342,8.007812e-02
13343,-7.861328e-02
13344,4.687500e-02
13345,-4.089355e-02
13346,6.469727e-03
13347,-2.807617e-03
13348,-3.186035e-02
13349,3.527832e-02
13350,-6.726074e-02
13351,7.141113e-02
13352,-1.008301e-01
13353,1.022949e-01
13354,-1.292725e-01
13355,1.254883e-01
13356,-1.483154e-01
13357,1.400146e-01
13358,-1.614990e-01
13359,1.472168e-01
13360,-1.623535e-01
13361,1.447754e-01
13362,-1.512451e-01
13363,1.297607e-01
13364,-1.357422e-01
13365,1.114502e-01
13366,-1.102295e-01
13367,7.934570e-02
13368,-7.800293e-02
13369,4.553223e-02
13370,-4.101562e-02
13371,7.690430e-03
13372,-3.051758e-03
13373,-3.100586e-02
13374,3.369141e-02
13375,-6.762695e-02
13376,7.043457e-02
13377,-1.018066e-01
13378,1.004639e-01
13379,-1.281738e-01
13380,1.257324e-01
13381,-1.486816e-01
13382,1.406250e-01
13383,-1.612549e-01
13384,1.496582e-01
13385,-1.606445e-01
13386,1.435547e-01
13387,-1.527100e-01
13388,1.308594e-01
13389,-1.363525e-01
13390,1.099854e-01
13391,-1.101074e-01
13392,8.044434e-02
13393,-7.690430e-02
13394,4.479980e-02
13395,-4.101562e-02
13396,7.568359e-03
13397,-1.831055e-03
13398,-3.234863e-02
13399,3.491211e-02
13400,-6.701660e-02
13401,7.141113e-02
13402,-1.007080e-01
13403,1.016846e-01
13404,-1.285400e-01
13405,1.246338e-01
13406,-1.489258e-01
13407,1.412354e-01
13408,-1.601562e-01
13409,1.477051e-01
13410,-1.622314e-01
13411,1.435547e-01
13412,-1.529541e-01
13413,1.309814e-01
13414,-1.362305e-01
13415,1.123047e-01
13416,-1.097412e-01
13417,7.873535e-02
13418,-7.690430e-02
13419,4.589844e-02
13420,-4.138184e-02
13421,7.812500e-03
13422,-1.342773e-03
13423,-3.161621e-02
13424,3.540039e-02
13425,-6.762695e-02
13426,6.726074e-02
13427,-1.015625e-01
13428,1.029053e-01
13429,-1.284180e-01
13430,1.260986e-01
13431,-1.502686e-01
13432,1.400146e-01
13433,-1.591797e-01
13434,1.464844e-01
13435,-1.622314e-01
13436,1.440430e-01
13437,-1.531982e-01
13438,1.309814e-01
13439,-1.354980e-01
13440,1.083984e-01
13441,-1.101074e-01
13442,8.056641e-02
13443,-7.934570e-02
13444,4.370117e-02
13445,-4.333496e-02
13446,9.277344e-03
13447,-2.807617e-03
13448,-3.247070e-02
13449,3.515625e-02
13450,-6.689453e-02
13451,7.080078e-02
13452,-1.016846e-01
13453,1.007080e-01
13454,-1.298828e-01
13455,1.245117e-01
13456,-1.490479e-01
13457,1.413574e-01
13458,-1.613770e-01
13459,1.466064e-01
13460,-1.597900e-01
13461,1.427002e-01
13462,-1.539307e-01
13463,1.323242e-01
13464,-1.376953e-01
13465,1.092529e-01
13466,-1.099854e-01
13467,7.946777e-02
13468,-7.763672e-02
13469,4.626465e-02
13470,-4.150391e-02
13471,9.033203e-03
13472,-3.417969e-03
13473,-3.015137e-02
13474,3.454590e-02
13475,-6.909180e-02
13476,7.006836e-02
13477,-1.019287e-01
13478,1.015625e-01
13479,-1.282959e-01
13480,1.236572e-01
13481,-1.496582e-01
13482,1.408691e-01
13483,-1.593018e-01
13484,1.469727e-01
13485,-1.596680e-01
13486,1.435547e-01
13487,-1.546631e-01
13488,1.335449e-01
13489,-1.358643e-01
13490,1.093750e-01
13491,-1.079102e-01
13492,8.068848e-02
13493,-7.897949e-02
13494,4.602051e-02
13495,-4.077148e-02
13496,7.690430e-03
13497,-4.272461e-03
13498,-3.039551e-02
13499,3.442383e-02
13500,-6.921387e-02
13501,7.250977e-02
13502,-1.010742e-01
13503,1.005859e-01
13504,-1.278076e-01
13505,1.240234e-01
13506,-1.490479e-01
13507,1.408691e-01
13508,-1.601562e-01
13509,1.467285e-01
13510,-1.623535e-01
13511,1.442871e-01
13512,-1.530762e-01
13513,1.319580e-01
13514,-1.363525e-01
13515,1.096191e-01
13516,-1.104736e-01
13517,7.983398e-02
13518,-7.714844e-02
13519,4.687500e-02
13520,-4.187012e-02
13521,6.835938e-03
13522,-4.272461e-03
13523,-2.978516e-02
13524,3.405762e-02
13525,-6.823730e-02
13526,6.994629e-02
13527,-9.997559e-02
13528,9.948730e-02
13529,-1.286621e-01
13530,1.267090e-01
13531,-1.503906e-01
13532,1.407471e-01
13533,-1.602783e-01
13534,1.467285e-01
13535,-1.611328e-01
13536,1.424561e-01
13537,-1.529541e-01
13538,1.326904e-01
13539,-1.365967e-01
13540,1.098633e-01
13541,-1.101074e-01
13542,7.971191e-02
13543,-7.861328e-02
13544,4.541016e-02
13545,-4.052734e-02
13546,9.643555e-03
13547,-3.173828e-03
13548,-3.088379e-02
13549,3.686523e-02
13550,-6.774902e-02
13551,6.933594e-02
13552,-9.997559e-02
13553,1.008301e-01
13554,-1.281738e-01
13555,1.246338e-01
13556,-1.473389e-01
13557,1.417236e-01
13558,-1.600342e-01
13559,1.467285e-01
13560,-1.606445e-01
13561,1.451416e-01
13562,-1.530762e-01
13563,1.307373e-01
13564,-1.354980e-01
13565,1.109619e-01
13566,-1.125488e-01
13567,8.117676e-02
13568,-7.666016e-02
13569,4.626465e-02
13570,-4.223633e-02
13571,9.399414e-03
13572,-3.417969e-03
13573,-3.295898e-02
13574,3.576660e-02
13575,-6.689453e-02
13576,7.116699e-02
13577,-1.011963e-01
13578,1.014404e-01
13579,-1.281738e-01
13580,1.257324e-01
13581,-1.483154e-01
13582,1.403809e-01
13583,-1.580811e-01
13584,1.473389e-01
13585,-1.611328e-01
13586,1.450195e-01
13587,-1.542969e-01
13588,1.323242e-01
13589,-1.350098e-01
13590,1.093750e-01
13591,-1.105957e-01
13592,7.995605e-02
13593,-7.763672e-02
13594,4.602051e-02
13595,-4.174805e-02
13596,7.812500e-03
13597,-3.417969e-03
13598,-2.990723e-02
13599,3.527832e-02
13600,-6.848145e-02
13601,7.019043e-02
13602,-9.997559e-02
13603,9.997559e-02
13604,-1.292725e-01
13605,1.246338e-01
13606,-1.481934e-01
13607,1.397705e-01
13608,-1.607666e-01
13609,1.478271e-01
13610,-1.610107e-01
13611,1.429443e-01
13612,-1.519775e-01
13613,1.307373e-01
13614,-1.380615e-01
13615,1.092529e-01
13616,-1.103516e-01
13617,8.093262e-02
13618,-7.800293e-02
13619,4.443359e-02
13620,-4.016113e-02
13621,9.399414e-03
13622,-5.981445e-03
13623,-3.002930e-02
13624,3.491211e-02
13625,-6.823730e-02
13626,6.970215e-02
13627,-1.013184e-01
13628,1.020508e-01
13629,-1.287842e-01
13630,1.226807e-01
13631,-1.486816e-01
13632,1.401367e-01
13633,-1.596680e-01
13634,1.464844e-01
13635,-1.632080e-01
13636,1.462402e-01
13637,-1.529541e-01
13638,1.330566e-01
13639,-1.358643e-01
13640,1.093750e-01
13641,-1.094971e-01
13642,8.044434e-02
13643,-7.922363e-02
13644,4.687500e-02
13645,-4.223633e-02
13646,9.155273e-03
13647,-3.173828e-03
13648,-3.149414e-02
13649,3.466797e-02
13650,-6.848145e-02
13651,6.848145e-02
13652,-1.003418e-01
13653,1.024170e-01
13654,-1.306152e-01
13655,1.237793e-01
13656,-1.470947e-01
13657,1.394043e-01
13658,-1.618652e-01
13659,1.468506e-01
13660,-1.623535e-01
13661,1.427002e-01
13662,-1.539307e-01
13663,1.311035e-01
13664,-1.359863e-01
13665,1.068115e-01
13666,-1.105957e-01
13667,8.227539e-02
13668,-7.751465e-02
13669,4.785156e-02
13670,-4.296875e-02
13671,8.422852e-03
13672,-4.516602e-03
13673,-2.990723e-02
13674,3.393555e-02
13675,-7.019043e-02
13676,6.994629e-02
13677,-1.010742e-01
13678,9.924316e-02
13679,-1.279297e-01
13680,1.276855e-01
13681,-1.485596e-01
13682,1.395264e-01
13683,-1.590576e-01
13684,1.475830e-01
13685,-1.621094e-01
13686,1.442871e-01
13687,-1.520996e-01
13688,1.312256e-01
13689,-1.357422e-01
13690,1.109619e-01
13691,-1.113281e-01
13692,8.068848e-02
13693,-7.678223e-02
13694,4.687500e-02
13695,-4.187012e-02
13696,8.666992e-03
13697,-5.371094e-03
13698,-2.941895e-02
13699,3.393555e-02
13700,-6.762695e-02
13701,7.055664e-02
13702,-1.004639e-01
13703,1.010742e-01
13704,-1.285400e-01
13705,1.248779e-01
13706,-1.480713e-01
13707,1.400146e-01
13708,-1.594238e-01
13709,1.488037e-01
13710,-1.612549e-01
13711,1.427002e-01
13712,-1.529541e-01
13713,1.317139e-01
13714,-1.350098e-01
13715,1.114502e-01
13716,-1.099854e-01
13717,8.007812e-02
13718,-7.971191e-02
13719,4.675293e-02
13720,-4.309082e-02
13721,9.277344e-03
13722,-3.906250e-03
13723,-3.173828e-02
13724,3.491211e-02
13725,-6.689453e-02
13726,6.970215e-02
13727,-1.002197e-01
13728,1.000977e-01
13729,-1.290283e-01
13730,1.262207e-01
13731,-1.478271e-01
13732,1.407471e-01
13733,-1.604004e-01
13734,1.480713e-01
13735,-1.604004e-01
13736,1.448975e-01
13737,-1.541748e-01
13738,1.318359e-01
13739,-1.341553e-01
13740,1.096191e-01
13741,-1.115723e-01
13742,8.190918e-02
13743,-7.910156e-02
13744,4.760742e-02
13745,-4.064941e-02
13746,8.422852e-03
13747,-1.220703e-03
13748,-3.076172e-02
13749,3.247070e-02
13750,-6.616211e-02
13751,7.055664e-02
13752,-9.985352e-02
13753,9.985352e-02
13754,-1.307373e-01
13755,1.254883e-01
13756,-1.491699e-01
13757,1.395264e-01
13758,-1.585693e-01
13759,1.469727e-01
13760,-1.612549e-01
13761,1.455078e-01
13762,-1.536865e-01
13763,1.314697e-01
13764,-1.335449e-01
13765,1.097412e-01
13766,-1.115723e-01
13767,8.422852e-02
13768,-7.861328e-02
13769,4.528809e-02
13770,-4.296875e-02
13771,9.521484e-03
13772,-4.760742e-03
13773,-2.990723e-02
13774,3.442383e-02
13775,-6.835938e-02
13776,6.994629e-02
13777,-1.003418e-01
13778,1.014404e-01
13779,-1.269531e-01
13780,1.246338e-01
13781,-1.480713e-01
13782,1.419678e-01
13783,-1.591797e-01
13784,1.480713e-01
13785,-1.595459e-01
13786,1.456299e-01
13787,-1.533203e-01
13788,1.318359e-01
13789,-1.339111e-01
13790,1.110840e-01
13791,-1.130371e-01
13792,8.239746e-02
13793,-7.653809e-02
13794,4.431152e-02
13795,-4.248047e-02
13796,1.013184e-02
13797,-4.760742e-03
13798,-3.027344e-02
13799,3.454590e-02
13800,-6.726074e-02
13801,6.994629e-02
13802,-1.004639e-01
13803,1.009521e-01
13804,-1.276855e-01
13805,1.246338e-01
13806,-1.488037e-01
13807,1.409912e-01
13808,-1.584473e-01
13809,1.468506e-01
13810,-1.607666e-01
13811,1.458740e-01
13812,-1.534424e-01
13813,1.323242e-01
13814,-1.345215e-01
13815,1.087646e-01
13816,-1.123047e-01
13817,8.288574e-02
13818,-7.946777e-02
13819,4.711914e-02
13820,-4.125977e-02
13821,6.713867e-03
13822,-4.272461e-03
13823,-2.990723e-02
13824,3.161621e-02
13825,-6.530762e-02
13826,6.921387e-02
13827,-1.010742e-01
13828,9.973145e-02
13829,-1.280518e-01
13830,1.231689e-01
13831,-1.492920e-01
13832,1.400146e-01
13833,-1.588135e-01
13834,1.468506e-01
13835,-1.618652e-01
13836,1.467285e-01
13837,-1.544189e-01
13838,1.326904e-01
13839,-1.358643e-01
13840,1.083984e-01
13841,-1.108398e-01
13842,8.166504e-02
13843,-7.836914e-02
13844,4.711914e-02
13845,-4.174805e-02
13846,9.277344e-03
13847,-3.784180e-03
13848,-2.941895e-02
13849,3.405762e-02
13850,-6.835938e-02
13851,6.933594e-02
13852,-1.008301e-01
13853,1.018066e-01
13854,-1.269531e-01
13855,1.246338e-01
13856,-1.479492e-01
13857,1.405029e-01
13858,-1.580811e-01
13859,1.480713e-01
13860,-1.622314e-01
13861,1.439209e-01
13862,-1.536865e-01
13863,1.309814e-01
13864,-1.356201e-01
13865,1.119385e-01
13866,-1.107178e-01
13867,8.203125e-02
13868,-7.910156e-02
13869,4.724121e-02
13870,-4.406738e-02
13871,7.446289e-03
13872,-4.638672e-03
13873,-2.856445e-02
13874,3.173828e-02
13875,-6.774902e-02
13876,7.019043e-02
13877,-1.008301e-01
13878,9.838867e-02
13879,-1.286621e-01
13880,1.247559e-01
13881,-1.472168e-01
13882,1.391602e-01
13883,-1.580811e-01
13884,1.480713e-01
13885,-1.629639e-01
13886,1.452637e-01
13887,-1.525879e-01
13888,1.315918e-01
13889,-1.356201e-01
13890,1.109619e-01
13891,-1.090088e-01
13892,8.081055e-02
13893,-8.032227e-02
13894,4.882812e-02
13895,-4.101562e-02
13896,8.666992e-03
13897,-4.882812e-03
13898,-2.978516e-02
13899,3.295898e-02
13900,-6.750488e-02
13901,6.835938e-02
13902,-1.013184e-01
13903,9.924316e-02
13904,-1.289062e-01
13905,1.246338e-01
13906,-1.479492e-01
13907,1.402588e-01
13908,-1.594238e-01
13909,1.491699e-01
13910,-1.618652e-01
13911,1.433105e-01
13912,-1.519775e-01
13913,1.309814e-01
13914,-1.373291e-01
13915,1.102295e-01
13916,-1.112061e-01
13917,8.215332e-02
13918,-8.056641e-02
13919,4.858398e-02
13920,-4.296875e-02
13921,9.399414e-03
13922,-4.028320e-03
13923,-2.990723e-02
13924,3.259277e-02
13925,-6.665039e-02
13926,6.933594e-02
13927,-1.026611e-01
13928,1.007080e-01
13929,-1.274414e-01
13930,1.224365e-01
13931,-1.478271e-01
13932,1.407471e-01
13933,-1.612549e-01
13934,1.474609e-01
13935,-1.612549e-01
13936,1.448975e-01
13937,-1.534424e-01
13938,1.317139e-01
13939,-1.365967e-01
13940,1.107178e-01
13941,-1.092529e-01
13942,8.227539e-02
13943,-7.946777e-02
13944,4.687500e-02
13945,-4.357910e-02
13946,1.098633e-02
13947,-4.150391e-03
13948,-2.868652e-02
13949,3.369141e-02
13950,-6.579590e-02
13951,6.835938e-02
13952,-9.936523e-02
13953,9.924316e-02
13954,-1.286621e-01
13955,1.256104e-01
13956,-1.469727e-01
13957,1.405029e-01
13958,-1.604004e-01
13959,1.477051e-01
13960,-1.606445e-01
13961,1.435547e-01
13962,-1.552734e-01
13963,1.306152e-01
13964,-1.372070e-01
13965,1.110840e-01
13966,-1.107178e-01
13967,8.251953e-02
13968,-7.983398e-02
13969,4.602051e-02
13970,-4.370117e-02
13971,8.178711e-03
13972,-5.249023e-03
13973,-3.112793e-02
13974,3.601074e-02
13975,-6.665039e-02
13976,6.689453e-02
13977,-9.924316e-02
13978,9.777832e-02
13979,-1.281738e-01
13980,1.253662e-01
13981,-1.494141e-01
13982,1.400146e-01
13983,-1.600342e-01
13984,1.463623e-01
13985,-1.616211e-01
13986,1.447754e-01
13987,-1.536865e-01
13988,1.312256e-01
13989,-1.383057e-01
13990,1.108398e-01
13991,-1.094971e-01
13992,8.032227e-02
13993,-7.934570e-02
13994,4.821777e-02
13995,-4.443359e-02
13996,1.013184e-02
13997,-4.516602e-03
13998,-2.917480e-02
13999,3.344727e-02
14000,-6.652832e-02
14001,6.970215e-02
14002,-9.924316e-02
14003,1.010742e-01
14004,-1.271973e-01
14005,1.248779e-01
14006,-1.472168e-01
14007,1.396484e-01
14008,-1.575928e-01
14009,1.479492e-01
14010,-1.610107e-01
14011,1.452637e-01
14012,-1.544189e-01
14013,1.320801e-01
14014,-1.376953e-01
14015,1.104736e-01
14016,-1.124268e-01
14017,7.958984e-02
14018,-7.983398e-02
14019,4.626465e-02
14020,-4.443359e-02
14021,9.887695e-03
14022,-6.835938e-03
14023,-3.088379e-02
14024,3.332520e-02
14025,-6.579590e-02
14026,6.823730e-02
14027,-1.016846e-01
14028,9.960938e-02
14029,-1.274414e-01
14030,1.232910e-01
14031,-1.503906e-01
14032,1.406250e-01
14033,-1.573486e-01
14034,1.466064e-01
14035,-1.585693e-01
14036,1.452637e-01
14037,-1.536865e-01
14038,1.333008e-01
14039,-1.362305e-01
14040,1.113281e-01
14041,-1.114502e-01
14042,8.190918e-02
14043,-8.032227e-02
14044,4.663086e-02
14045,-4.272461e-02
14046,1.000977e-02
14047,-5.981445e-03
14048,-2.966309e-02
14049,3.344727e-02
14050,-6.628418e-02
14051,6.884766e-02
14052,-9.948730e-02
14053,1.011963e-01
14054,-1.289062e-01
14055,1.256104e-01
14056,-1.461182e-01
14057,1.391602e-01
14058,-1.606445e-01
14059,1.453857e-01
14060,-1.608887e-01
14061,1.458740e-01
14062,-1.535645e-01
14063,1.326904e-01
14064,-1.372070e-01
14065,1.109619e-01
14066,-1.099854e-01
14067,8.178711e-02
14068,-8.032227e-02
14069,4.858398e-02
14070,-4.443359e-02
14071,1.013184e-02
14072,-6.835938e-03
14073,-3.039551e-02
14074,3.149414e-02
14075,-6.701660e-02
14076,6.909180e-02
14077,-1.010742e-01
14078,9.851074e-02
14079,-1.281738e-01
14080,1.252441e-01
14081,-1.478271e-01
14082,1.400146e-01
14083,-1.580811e-01
14084,1.459961e-01
14085,-1.607666e-01
14086,1.448975e-01
14087,-1.550293e-01
14088,1.323242e-01
14089,-1.365967e-01
14090,1.107178e-01
14091,-1.120605e-01
14092,8.166504e-02
14093,-7.971191e-02
14094,4.833984e-02
14095,-4.150391e-02
14096,9.643555e-03
14097,-6.591797e-03
14098,-2.941895e-02
14099,3.259277e-02
14100,-6.701660e-02
14101,7.128906e-02
14102,-1.003418e-01
14103,9.802246e-02
14104,-1.267090e-01
14105,1.262207e-01
14106,-1.467285e-01
14107,1.387939e-01
14108,-1.589355e-01
14109,1.462402e-01
14110,-1.606445e-01
14111,1.470947e-01
14112,-1.549072e-01
14113,1.334229e-01
14114,-1.378174e-01
14115,1.121826e-01
14116,-1.094971e-01
14117,8.007812e-02
14118,-8.239746e-02
14119,4.992676e-02
14120,-4.162598e-02
14121,9.277344e-03
14122,-5.126953e-03
14123,-2.868652e-02
14124,3.271484e-02
14125,-6.494141e-02
14126,7.031250e-02
14127,-9.985352e-02
14128,9.887695e-02
14129,-1.281738e-01
14130,1.237793e-01
14131,-1.477051e-01
14132,1.397705e-01
14133,-1.590576e-01
14134,1.472168e-01
14135,-1.623535e-01
14136,1.458740e-01
14137,-1.534424e-01
14138,1.309814e-01
14139,-1.369629e-01
14140,1.109619e-01
14141,-1.108398e-01
14142,8.215332e-02
14143,-8.093262e-02
14144,4.785156e-02
14145,-4.357910e-02
14146,8.300781e-03
14147,-5.737305e-03
14148,-2.819824e-02
14149,3.283691e-02
14150,-6.579590e-02
14151,6.860352e-02
14152,-1.005859e-01
14153,1.003418e-01
14154,-1.263428e-01
14155,1.236572e-01
14156,-1.472168e-01
14157,1.405029e-01
14158,-1.590576e-01
14159,1.437988e-01
14160,-1.616211e-01
14161,1.457520e-01
14162,-1.539307e-01
14163,1.318359e-01
14164,-1.370850e-01
14165,1.115723e-01
14166,-1.124268e-01
14167,8.239746e-02
14168,-7.995605e-02
14169,4.797363e-02
14170,-4.394531e-02
14171,1.098633e-02
14172,-5.981445e-03
14173,-2.734375e-02
14174,3.393555e-02
14175,-6.591797e-02
14176,6.823730e-02
14177,-1.004639e-01
14178,9.924316e-02
14179,-1.280518e-01
14180,1.237793e-01
14181,-1.479492e-01
14182,1.387939e-01
14183,-1.589355e-01
14184,1.488037e-01
14185,-1.608887e-01
14186,1.461182e-01
14187,-1.550293e-01
14188,1.314697e-01
14189,-1.380615e-01
14190,1.114502e-01
14191,-1.088867e-01
14192,8.239746e-02
14193,-8.105469e-02
14194,5.017090e-02
14195,-4.528809e-02
14196,9.887695e-03
14197,-4.272461e-03
14198,-2.673340e-02
14199,3.210449e-02
14200,-6.665039e-02
14201,6.774902e-02
14202,-9.936523e-02
14203,9.899902e-02
14204,-1.258545e-01
14205,1.239014e-01
14206,-1.473389e-01
14207,1.400146e-01
14208,-1.607666e-01
14209,1.467285e-01
14210,-1.638184e-01
14211,1.452637e-01
14212,-1.536865e-01
14213,1.318359e-01
14214,-1.383057e-01
14215,1.109619e-01
14216,-1.121826e-01
14217,8.251953e-02
14218,-7.983398e-02
14219,4.931641e-02
14220,-4.467773e-02
14221,9.765625e-03
14222,-7.202148e-03
14223,-2.978516e-02
14224,3.247070e-02
14225,-6.542969e-02
14226,6.726074e-02
14227,-9.985352e-02
14228,9.912109e-02
14229,-1.267090e-01
14230,1.221924e-01
14231,-1.492920e-01
14232,1.398926e-01
14233,-1.583252e-01
14234,1.477051e-01
14235,-1.619873e-01
14236,1.445312e-01
14237,-1.560059e-01
14238,1.323242e-01
14239,-1.362305e-01
14240,1.109619e-01
14241,-1.126709e-01
14242,8.410645e-02
14243,-7.910156e-02
14244,4.895020e-02
14245,-4.406738e-02
14246,1.171875e-02
14247,-4.638672e-03
14248,-2.807617e-02
14249,3.259277e-02
14250,-6.518555e-02
14251,6.750488e-02
14252,-9.790039e-02
14253,9.814453e-02
14254,-1.267090e-01
14255,1.237793e-01
14256,-1.495361e-01
14257,1.405029e-01
14258,-1.602783e-01
14259,1.467285e-01
14260,-1.599121e-01
14261,1.441650e-01
14262,-1.544189e-01
14263,1.340332e-01
14264,-1.373291e-01
14265,1.120605e-01
14266,-1.119385e-01
14267,8.288574e-02
14268,-7.861328e-02
14269,4.858398e-02
14270,-4.418945e-02
14271,1.049805e-02
14272,-5.981445e-03
14273,-2.844238e-02
14274,3.210449e-02
14275,-6.579590e-02
14276,6.823730e-02
14277,-1.010742e-01
14278,9.899902e-02
14279,-1.289062e-01
14280,1.220703e-01
14281,-1.478271e-01
14282,1.389160e-01
14283,-1.593018e-01
14284,1.475830e-01
14285,-1.610107e-01
14286,1.448975e-01
14287,-1.538086e-01
14288,1.324463e-01
14289,-1.367188e-01
14290,1.103516e-01
14291,-1.127930e-01
14292,8.264160e-02
14293,-7.861328e-02
14294,4.943848e-02
14295,-4.455566e-02
14296,1.184082e-02
14297,-5.737305e-03
14298,-2.832031e-02
14299,3.186035e-02
14300,-6.469727e-02
14301,6.579590e-02
14302,-1.000977e-01
14303,1.007080e-01
14304,-1.260986e-01
14305,1.229248e-01
14306,-1.470947e-01
14307,1.400146e-01
14308,-1.597900e-01
14309,1.477051e-01
14310,-1.613770e-01
14311,1.439209e-01
14312,-1.539307e-01
14313,1.317139e-01
14314,-1.392822e-01
14315,1.115723e-01
14316,-1.132812e-01
14317,8.447266e-02
14318,-8.190918e-02
14319,4.687500e-02
14320,-4.248047e-02
14321,9.277344e-03
14322,-7.080078e-03
14323,-2.746582e-02
14324,3.063965e-02
14325,-6.604004e-02
14326,6.884766e-02
14327,-1.008301e-01
14328,1.005859e-01
14329,-1.259766e-01
14330,1.221924e-01
14331,-1.469727e-01
14332,1.397705e-01
14333,-1.582031e-01
14334,1.468506e-01
14335,-1.614990e-01
14336,1.459961e-01
14337,-1.539307e-01
14338,1.315918e-01
14339,-1.363525e-01
14340,1.120605e-01
14341,-1.130371e-01
14342,8.471680e-02
14343,-8.349609e-02
14344,4.650879e-02
14345,-4.333496e-02
14346,1.062012e-02
14347,-6.835938e-03
14348,-2.807617e-02
14349,3.112793e-02
14350,-6.469727e-02
14351,6.860352e-02
14352,-9.887695e-02
14353,1.004639e-01
14354,-1.278076e-01
14355,1.243896e-01
14356,-1.479492e-01
14357,1.396484e-01
14358,-1.590576e-01
14359,1.479492e-01
14360,-1.621094e-01
14361,1.427002e-01
14362,-1.544189e-01
14363,1.330566e-01
14364,-1.378174e-01
14365,1.109619e-01
14366,-1.131592e-01
14367,8.447266e-02
14368,-8.227539e-02
14369,4.748535e-02
14370,-4.443359e-02
14371,9.887695e-03
14372,-7.324219e-03
14373,-2.905273e-02
14374,3.198242e-02
14375,-6.335449e-02
14376,6.811523e-02
14377,-9.838867e-02
14378,9.887695e-02
14379,-1.284180e-01
14380,1.226807e-01
14381,-1.467285e-01
14382,1.395264e-01
14383,-1.595459e-01
14384,1.478271e-01
14385,-1.623535e-01
14386,1.442871e-01
14387,-1.544189e-01
14388,1.323242e-01
14389,-1.370850e-01
14390,1.109619e-01
14391,-1.110840e-01
14392,8.264160e-02
14393,-8.117676e-02
14394,4.895020e-02
14395,-4.638672e-02
14396,9.521484e-03
14397,-5.859375e-03
14398,-2.673340e-02
14399,3.210449e-02
14400,-6.445312e-02
14401,6.604004e-02
14402,-9.667969e-02
14403,9.936523e-02
14404,-1.278076e-01
14405,1.239014e-01
14406,-1.470947e-01
14407,1.386719e-01
14408,-1.604004e-01
14409,1.478271e-01
14410,-1.612549e-01
14411,1.435547e-01
14412,-1.555176e-01
14413,1.314697e-01
14414,-1.376953e-01
14415,1.127930e-01
14416,-1.125488e-01
14417,8.215332e-02
14418,-8.203125e-02
14419,4.821777e-02
14420,-4.431152e-02
14421,1.086426e-02
14422,-6.835938e-03
14423,-2.893066e-02
14424,3.149414e-02
14425,-6.604004e-02
14426,6.884766e-02
14427,-9.912109e-02
14428,9.875488e-02
14429,-1.263428e-01
14430,1.203613e-01
14431,-1.486816e-01
14432,1.397705e-01
14433,-1.601562e-01
14434,1.484375e-01
14435,-1.613770e-01
14436,1.447754e-01
14437,-1.547852e-01
14438,1.325684e-01
14439,-1.392822e-01
14440,1.134033e-01
14441,-1.141357e-01
14442,8.361816e-02
14443,-7.849121e-02
14444,4.687500e-02
14445,-4.455566e-02
14446,1.037598e-02
14447,-5.981445e-03
14448,-2.648926e-02
14449,3.112793e-02
14450,-6.457520e-02
14451,6.689453e-02
14452,-9.960938e-02
14453,9.790039e-02
14454,-1.254883e-01
14455,1.237793e-01
14456,-1.461182e-01
14457,1.390381e-01
14458,-1.616211e-01
14459,1.475830e-01
14460,-1.607666e-01
14461,1.447754e-01
14462,-1.556396e-01
14463,1.315918e-01
14464,-1.390381e-01
14465,1.123047e-01
14466,-1.127930e-01
14467,8.361816e-02
14468,-8.020020e-02
14469,4.785156e-02
14470,-4.541016e-02
14471,8.789062e-03
14472,-7.812500e-03
14473,-2.868652e-02
14474,2.844238e-02
14475,-6.616211e-02
14476,6.774902e-02
14477,-9.814453e-02
14478,9.887695e-02
14479,-1.278076e-01
14480,1.242676e-01
14481,-1.463623e-01
14482,1.383057e-01
14483,-1.602783e-01
14484,1.459961e-01
14485,-1.618652e-01
14486,1.442871e-01
14487,-1.540527e-01
14488,1.314697e-01
14489,-1.385498e-01
14490,1.135254e-01
14491,-1.129150e-01
14492,8.300781e-02
14493,-8.032227e-02
14494,4.870605e-02
14495,-4.418945e-02
14496,1.220703e-02
14497,-5.859375e-03
14498,-2.746582e-02
14499,3.283691e-02
14500,-6.494141e-02
14501,6.738281e-02
14502,-9.716797e-02
14503,9.729004e-02
14504,-1.271973e-01
14505,1.230469e-01
14506,-1.456299e-01
14507,1.392822e-01
14508,-1.602783e-01
14509,1.470947e-01
14510,-1.623535e-01
14511,1.439209e-01
14512,-1.535645e-01
14513,1.324463e-01
14514,-1.380615e-01
14515,1.110840e-01
14516,-1.132812e-01
14517,8.203125e-02
14518,-8.288574e-02
14519,4.931641e-02
14520,-4.516602e-02
14521,1.220703e-02
14522,-9.155273e-03
14523,-2.978516e-02
14524,3.149414e-02
14525,-6.494141e-02
14526,6.652832e-02
14527,-1.000977e-01
14528,9.753418e-02
14529,-1.279297e-01
14530,1.221924e-01
14531,-1.467285e-01
14532,1.391602e-01
14533,-1.579590e-01
14534,1.467285e-01
14535,-1.623535e-01
14536,1.458740e-01
14537,-1.563721e-01
14538,1.323242e-01
14539,-1.384277e-01
14540,1.110840e-01
14541,-1.129150e-01
14542,8.288574e-02
14543,-8.264160e-02
14544,4.895020e-02
14545,-4.492188e-02
14546,1.049805e-02
14547,-6.225586e-03
14548,-2.941895e-02
14549,3.173828e-02
14550,-6.433105e-02
14551,6.652832e-02
14552,-9.863281e-02
14553,9.777832e-02
14554,-1.264648e-01
14555,1.226807e-01
14556,-1.481934e-01
14557,1.400146e-01
14558,-1.611328e-01
14559,1.469727e-01
14560,-1.614990e-01
14561,1.425781e-01
14562,-1.550293e-01
14563,1.314697e-01
14564,-1.395264e-01
14565,1.125488e-01
14566,-1.138916e-01
14567,8.288574e-02
14568,-8.032227e-02
14569,4.821777e-02
14570,-4.516602e-02
14571,1.000977e-02
14572,-6.347656e-03
14573,-2.929688e-02
14574,2.844238e-02
14575,-6.555176e-02
14576,6.579590e-02
14577,-1.004639e-01
14578,9.838867e-02
14579,-1.263428e-01
14580,1.219482e-01
14581,-1.478271e-01
14582,1.412354e-01
14583,-1.577148e-01
14584,1.464844e-01
14585,-1.624756e-01
14586,1.416016e-01
14587,-1.546631e-01
14588,1.334229e-01
14589,-1.385498e-01
14590,1.109619e-01
14591,-1.145020e-01
14592,8.361816e-02
14593,-8.178711e-02
14594,4.797363e-02
14595,-4.577637e-02
14596,9.887695e-03
14597,-8.422852e-03
14598,-2.551270e-02
14599,3.234863e-02
14600,-6.518555e-02
14601,6.762695e-02
14602,-9.814453e-02
14603,9.643555e-02
14604,-1.273193e-01
14605,1.229248e-01
14606,-1.469727e-01
14607,1.374512e-01
14608,-1.589355e-01
14609,1.480713e-01
14610,-1.640625e-01
14611,1.445312e-01
14612,-1.529541e-01
14613,1.307373e-01
14614,-1.398926e-01
14615,1.126709e-01
14616,-1.146240e-01
14617,8.264160e-02
14618,-8.020020e-02
14619,4.870605e-02
14620,-4.675293e-02
14621,1.049805e-02
14622,-6.225586e-03
14623,-2.795410e-02
14624,3.234863e-02
14625,-6.445312e-02
14626,6.567383e-02
14627,-9.912109e-02
14628,9.790039e-02
14629,-1.264648e-01
14630,1.212158e-01
14631,-1.470947e-01
14632,1.408691e-01
14633,-1.608887e-01
14634,1.473389e-01
14635,-1.623535e-01
14636,1.448975e-01
14637,-1.542969e-01
14638,1.326904e-01
14639,-1.378174e-01
14640,1.135254e-01
14641,-1.134033e-01
14642,8.190918e-02
14643,-8.044434e-02
14644,4.931641e-02
14645,-4.785156e-02
14646,1.074219e-02
14647,-6.591797e-03
14648,-2.917480e-02
14649,3.198242e-02
14650,-6.457520e-02
14651,6.567383e-02
14652,-1.000977e-01
14653,9.851074e-02
14654,-1.268311e-01
14655,1.204834e-01
14656,-1.470947e-01
14657,1.391602e-01
14658,-1.604004e-01
14659,1.470947e-01
14660,-1.628418e-01
14661,1.463623e-01
14662,-1.545410e-01
14663,1.331787e-01
14664,-1.386719e-01
14665,1.118164e-01
14666,-1.137695e-01
14667,8.105469e-02
14668,-8.276367e-02
14669,5.114746e-02
14670,-4.455566e-02
14671,9.643555e-03
14672,-6.591797e-03
14673,-2.770996e-02
14674,2.941895e-02
14675,-6.506348e-02
14676,6.518555e-02
14677,-9.936523e-02
14678,9.777832e-02
14679,-1.265869e-01
14680,1.220703e-01
14681,-1.475830e-01
14682,1.383057e-01
14683,-1.595459e-01
14684,1.470947e-01
14685,-1.630859e-01
14686,1.452637e-01
14687,-1.542969e-01
14688,1.328125e-01
14689,-1.384277e-01
14690,1.124268e-01
14691,-1.136475e-01
14692,8.251953e-02
14693,-8.129883e-02
14694,5.004883e-02
14695,-4.565430e-02
14696,1.098633e-02
14697,-7.568359e-03
14698,-2.587891e-02
14699,3.198242e-02
14700,-6.323242e-02
14701,6.652832e-02
14702,-9.863281e-02
14703,9.741211e-02
14704,-1.264648e-01
14705,1.231689e-01
14706,-1.491699e-01
14707,1.400146e-01
14708,-1.560059e-01
14709,1.461182e-01
14710,-1.624756e-01
14711,1.452637e-01
14712,-1.538086e-01
14713,1.340332e-01
14714,-1.381836e-01
14715,1.123047e-01
14716,-1.131592e-01
14717,8.264160e-02
14718,-8.288574e-02
14719,4.968262e-02
14720,-4.614258e-02
14721,1.379395e-02
14722,-7.446289e-03
14723,-2.697754e-02
14724,3.259277e-02
14725,-6.591797e-02
14726,6.591797e-02
14727,-9.729004e-02
14728,9.716797e-02
14729,-1.274414e-01
14730,1.229248e-01
14731,-1.480713e-01
14732,1.400146e-01
14733,-1.589355e-01
14734,1.470947e-01
14735,-1.628418e-01
14736,1.451416e-01
14737,-1.527100e-01
14738,1.329346e-01
14739,-1.392822e-01
14740,1.119385e-01
14741,-1.148682e-01
14742,8.300781e-02
14743,-8.117676e-02
14744,4.992676e-02
14745,-4.602051e-02
14746,1.086426e-02
14747,-8.300781e-03
14748,-2.673340e-02
14749,2.990723e-02
14750,-6.494141e-02
14751,6.604004e-02
14752,-9.802246e-02
14753,9.790039e-02
14754,-1.250000e-01
14755,1.237793e-01
14756,-1.479492e-01
14757,1.383057e-01
14758,-1.597900e-01
14759,1.472168e-01
14760,-1.604004e-01
14761,1.434326e-01
14762,-1.546631e-01
14763,1.340332e-01
14764,-1.383057e-01
14765,1.118164e-01
14766,-1.132812e-01
14767,8.337402e-02
14768,-8.203125e-02
14769,5.175781e-02
14770,-4.711914e-02
14771,9.033203e-03
14772,-6.958008e-03
14773,-2.612305e-02
14774,3.027344e-02
14775,-6.298828e-02
14776,6.787109e-02
14777,-9.765625e-02
14778,9.765625e-02
14779,-1.263428e-01
14780,1.223145e-01
14781,-1.467285e-01
14782,1.400146e-01
14783,-1.582031e-01
14784,1.463623e-01
14785,-1.632080e-01
14786,1.461182e-01
14787,-1.561279e-01
14788,1.330566e-01
14789,-1.369629e-01
14790,1.115723e-01
14791,-1.119385e-01
14792,8.483887e-02
14793,-8.251953e-02
14794,4.943848e-02
14795,-4.602051e-02
14796,1.354980e-02
14797,-7.812500e-03
14798,-2.758789e-02
14799,3.063965e-02
14800,-6.359863e-02
14801,6.860352e-02
14802,-9.716797e-02
14803,9.692383e-02
14804,-1.264648e-01
14805,1.239014e-01
14806,-1.472168e-01
14807,1.383057e-01
14808,-1.589355e-01
14809,1.468506e-01
14810,-1.616211e-01
14811,1.459961e-01
14812,-1.538086e-01
14813,1.333008e-01
14814,-1.373291e-01
14815,1.127930e-01
14816,-1.138916e-01
14817,8.447266e-02
14818,-8.288574e-02
14819,4.870605e-02
14820,-4.614258e-02
14821,1.269531e-02
14822,-7.202148e-03
14823,-2.685547e-02
14824,2.954102e-02
14825,-6.640625e-02
14826,6.738281e-02
14827,-9.643555e-02
14828,9.838867e-02
14829,-1.256104e-01
14830,1.214600e-01
14831,-1.474609e-01
14832,1.400146e-01
14833,-1.591797e-01
14834,1.474609e-01
14835,-1.616211e-01
14836,1.439209e-01
14837,-1.529541e-01
14838,1.342773e-01
14839,-1.390381e-01
14840,1.135254e-01
14841,-1.132812e-01
14842,8.471680e-02
14843,-7.958984e-02
14844,4.956055e-02
14845,-4.443359e-02
14846,1.452637e-02
14847,-8.178711e-03
14848,-2.648926e-02
14849,3.112793e-02
14850,-6.384277e-02
14851,6.689453e-02
14852,-9.948730e-02
14853,9.777832e-02
14854,-1.246338e-01
14855,1.237793e-01
14856,-1.467285e-01
14857,1.396484e-01
14858,-1.584473e-01
14859,1.478271e-01
14860,-1.621094e-01
14861,1.440430e-01
14862,-1.545410e-01
14863,1.331787e-01
14864,-1.401367e-01
14865,1.142578e-01
14866,-1.149902e-01
14867,8.435059e-02
14868,-8.239746e-02
14869,4.919434e-02
14870,-4.528809e-02
14871,1.306152e-02
14872,-8.300781e-03
14873,-2.648926e-02
14874,3.100586e-02
14875,-6.567383e-02
14876,6.774902e-02
14877,-9.765625e-02
14878,9.631348e-02
14879,-1.256104e-01
14880,1.221924e-01
14881,-1.468506e-01
14882,1.400146e-01
14883,-1.589355e-01
14884,1.452637e-01
14885,-1.629639e-01
14886,1.450195e-01
14887,-1.539307e-01
14888,1.331787e-01
14889,-1.375732e-01
14890,1.143799e-01
14891,-1.136475e-01
14892,8.215332e-02
14893,-8.032227e-02
14894,5.017090e-02
14895,-4.760742e-02
14896,1.318359e-02
14897,-8.422852e-03
14898,-2.539062e-02
14899,2.966309e-02
14900,-6.433105e-02
14901,6.652832e-02
14902,-9.875488e-02
14903,9.765625e-02
14904,-1.260986e-01
14905,1.237793e-01
14906,-1.458740e-01
14907,1.385498e-01
14908,-1.585693e-01
14909,1.468506e-01
14910,-1.625977e-01
14911,1.472168e-01
14912,-1.542969e-01
14913,1.323242e-01
14914,-1.390381e-01
14915,1.137695e-01
14916,-1.129150e-01
14917,8.312988e-02
14918,-8.142090e-02
14919,4.980469e-02
14920,-4.760742e-02
14921,1.159668e-02
14922,-8.666992e-03
14923,-2.648926e-02
14924,3.100586e-02
14925,-6.115723e-02
14926,6.616211e-02
14927,-9.716797e-02
14928,9.851074e-02
14929,-1.242676e-01
14930,1.219482e-01
14931,-1.469727e-01
14932,1.398926e-01
14933,-1.599121e-01
14934,1.458740e-01
14935,-1.622314e-01
14936,1.457520e-01
14937,-1.552734e-01
14938,1.330566e-01
14939,-1.396484e-01
14940,1.126709e-01
14941,-1.148682e-01
14942,8.203125e-02
14943,-8.129883e-02
14944,5.163574e-02
14945,-4.650879e-02
14946,1.281738e-02
14947,-8.789062e-03
14948,-2.636719e-02
14949,3.027344e-02
14950,-6.506348e-02
14951,6.579590e-02
14952,-9.753418e-02
14953,9.765625e-02
14954,-1.273193e-01
14955,1.212158e-01
14956,-1.446533e-01
14957,1.398926e-01
14958,-1.591797e-01
14959,1.484375e-01
14960,-1.599121e-01
14961,1.451416e-01
14962,-1.547852e-01
14963,1.347656e-01
14964,-1.385498e-01
14965,1.132812e-01
14966,-1.149902e-01
14967,8.459473e-02
14968,-8.190918e-02
14969,4.907227e-02
14970,-4.907227e-02
14971,1.269531e-02
14972,-8.300781e-03
14973,-2.697754e-02
14974,2.917480e-02
14975,-6.445312e-02
14976,6.604004e-02
14977,-9.765625e-02
14978,9.619141e-02
14979,-1.260986e-01
14980,1.237793e-01
14981,-1.457520e-01
14982,1.396484e-01
14983,-1.589355e-01
14984,1.477051e-01
14985,-1.623535e-01
14986,1.444092e-01
14987,-1.541748e-01
14988,1.336670e-01
14989,-1.390381e-01
14990,1.140137e-01
14991,-1.121826e-01
14992,8.361816e-02
14993,-8.276367e-02
14994,5.017090e-02
14995,-4.687500e-02
14996,1.440430e-02
14997,-8.666992e-03
14998,-2.758789e-02
14999,2.929688e-02
15000,-6.396484e-02
15001,6.457520e-02
15002,-9.741211e-02
15003,9.899902e-02
15004,-1.269531e-01
15005,1.220703e-01
15006,-1.457520e-01
15007,1.376953e-01
15008,-1.585693e-01
15009,1.479492e-01
15010,-1.612549e-01
15011,1.436768e-01
15012,-1.538086e-01
15013,1.353760e-01
15014,-1.389160e-01
15015,1.135254e-01
15016,-1.131592e-01
15017,8.557129e-02
15018,-8.300781e-02
15019,4.968262e-02
15020,-4.724121e-02
15021,1.342773e-02
15022,-9.765625e-03
15023,-2.734375e-02
15024,2.978516e-02
15025,-6.530762e-02
15026,6.750488e-02
15027,-9.631348e-02
15028,9.619141e-02
15029,-1.246338e-01
15030,1.221924e-01
15031,-1.494141e-01
15032,1.391602e-01
15033,-1.595459e-01
15034,1.466064e-01
15035,-1.621094e-01
15036,1.439209e-01
15037,-1.555176e-01
15038,1.329346e-01
15039,-1.385498e-01
15040,1.132812e-01
15041,-1.131592e-01
15042,8.447266e-02
15043,-8.386230e-02
15044,5.053711e-02
15045,-4.577637e-02
15046,1.269531e-02
15047,-9.765625e-03
15048,-2.514648e-02
15049,3.112793e-02
15050,-6.359863e-02
15051,6.616211e-02
15052,-9.826660e-02
15053,9.875488e-02
15054,-1.259766e-01
15055,1.219482e-01
15056,-1.475830e-01
15057,1.389160e-01
15058,-1.574707e-01
15059,1.462402e-01
15060,-1.632080e-01
15061,1.458740e-01
15062,-1.547852e-01
15063,1.348877e-01
15064,-1.387939e-01
15065,1.132812e-01
15066,-1.149902e-01
15067,8.361816e-02
15068,-8.288574e-02
15069,5.187988e-02
15070,-4.833984e-02
15071,1.245117e-02
15072,-8.789062e-03
15073,-2.612305e-02
15074,2.893066e-02
15075,-6.201172e-02
15076,6.542969e-02
15077,-9.912109e-02
15078,9.851074e-02
15079,-1.262207e-01
15080,1.203613e-01
15081,-1.481934e-01
15082,1.389160e-01
15083,-1.583252e-01
15084,1.472168e-01
15085,-1.608887e-01
15086,1.425781e-01
15087,-1.545410e-01
15088,1.341553e-01
15089,-1.406250e-01
15090,1.135254e-01
15091,-1.149902e-01
15092,8.459473e-02
15093,-8.215332e-02
15094,5.163574e-02
15095,-4.785156e-02
15096,1.367188e-02
15097,-9.399414e-03
15098,-2.636719e-02
15099,2.990723e-02
15100,-6.274414e-02
15101,6.542969e-02
15102,-9.716797e-02
15103,9.790039e-02
15104,-1.250000e-01
15105,1.210938e-01
15106,-1.464844e-01
15107,1.396484e-01
15108,-1.597900e-01
15109,1.475830e-01
15110,-1.605225e-01
15111,1.440430e-01
15112,-1.572266e-01
15113,1.346436e-01
15114,-1.380615e-01
15115,1.113281e-01
15116,-1.132812e-01
15117,8.618164e-02
15118,-8.459473e-02
15119,5.078125e-02
15120,-4.663086e-02
15121,1.159668e-02
15122,-9.277344e-03
15123,-2.551270e-02
15124,3.063965e-02
15125,-6.665039e-02
15126,6.604004e-02
15127,-9.667969e-02
15128,9.680176e-02
15129,-1.260986e-01
15130,1.218262e-01
15131,-1.464844e-01
15132,1.380615e-01
15133,-1.584473e-01
15134,1.472168e-01
15135,-1.606445e-01
15136,1.448975e-01
15137,-1.571045e-01
15138,1.341553e-01
15139,-1.370850e-01
15140,1.126709e-01
15141,-1.138916e-01
15142,8.544922e-02
15143,-8.276367e-02
15144,5.065918e-02
15145,-4.748535e-02
15146,1.245117e-02
15147,-9.887695e-03
15148,-2.416992e-02
15149,3.076172e-02
15150,-6.311035e-02
15151,6.384277e-02
15152,-9.741211e-02
15153,9.667969e-02
15154,-1.264648e-01
15155,1.228027e-01
15156,-1.467285e-01
15157,1.378174e-01
15158,-1.601562e-01
15159,1.475830e-01
15160,-1.619873e-01
15161,1.451416e-01
15162,-1.551514e-01
15163,1.335449e-01
15164,-1.401367e-01
15165,1.116943e-01
15166,-1.143799e-01
15167,8.496094e-02
15168,-8.459473e-02
15169,4.992676e-02
15170,-4.833984e-02
15171,1.232910e-02
15172,-8.544922e-03
15173,-2.661133e-02
15174,2.844238e-02
15175,-6.213379e-02
15176,6.384277e-02
15177,-9.741211e-02
15178,9.667969e-02
15179,-1.262207e-01
15180,1.219482e-01
15181,-1.475830e-01
15182,1.384277e-01
15183,-1.590576e-01
15184,1.477051e-01
15185,-1.623535e-01
15186,1.448975e-01
15187,-1.529541e-01
15188,1.326904e-01
15189,-1.389160e-01
15190,1.146240e-01
15191,-1.145020e-01
15192,8.532715e-02
15193,-8.288574e-02
15194,5.285645e-02
15195,-4.785156e-02
15196,1.306152e-02
15197,-8.422852e-03
15198,-2.539062e-02
15199,2.868652e-02
15200,-6.188965e-02
15201,6.579590e-02
15202,-9.558105e-02
15203,9.765625e-02
15204,-1.263428e-01
15205,1.230469e-01
15206,-1.457520e-01
15207,1.407471e-01
15208,-1.601562e-01
15209,1.468506e-01
15210,-1.597900e-01
15211,1.448975e-01
15212,-1.538086e-01
15213,1.323242e-01
15214,-1.397705e-01
15215,1.159668e-01
15216,-1.149902e-01
15217,8.386230e-02
15218,-8.081055e-02
15219,5.114746e-02
15220,-4.907227e-02
15221,1.245117e-02
15222,-8.911133e-03
15223,-2.380371e-02
15224,2.966309e-02
15225,-6.420898e-02
15226,6.420898e-02
15227,-9.436035e-02
15228,9.436035e-02
15229,-1.248779e-01
15230,1.240234e-01
15231,-1.470947e-01
15232,1.368408e-01
15233,-1.595459e-01
15234,1.483154e-01
15235,-1.623535e-01
15236,1.451416e-01
15237,-1.535645e-01
15238,1.341553e-01
15239,-1.396484e-01
15240,1.136475e-01
15241,-1.156006e-01
15242,8.520508e-02
15243,-8.300781e-02
15244,5.114746e-02
15245,-4.711914e-02
15246,1.501465e-02
15247,-1.159668e-02
15248,-2.539062e-02
15249,3.100586e-02
15250,-6.274414e-02
15251,6.433105e-02
15252,-9.570312e-02
15253,9.631348e-02
15254,-1.251221e-01
15255,1.221924e-01
15256,-1.468506e-01
15257,1.396484e-01
15258,-1.604004e-01
15259,1.462402e-01
15260,-1.622314e-01
15261,1.446533e-01
15262,-1.546631e-01
15263,1.350098e-01
15264,-1.392822e-01
15265,1.131592e-01
15266,-1.129150e-01
15267,8.483887e-02
15268,-8.422852e-02
15269,5.151367e-02
15270,-4.809570e-02
15271,1.354980e-02
15272,-8.056641e-03
15273,-2.429199e-02
15274,2.893066e-02
15275,-6.323242e-02
15276,6.628418e-02
15277,-9.582520e-02
15278,9.619141e-02
15279,-1.262207e-01
15280,1.191406e-01
15281,-1.458740e-01
15282,1.400146e-01
15283,-1.595459e-01
15284,1.467285e-01
15285,-1.638184e-01
15286,1.451416e-01
15287,-1.557617e-01
15288,1.334229e-01
15289,-1.385498e-01
15290,1.149902e-01
15291,-1.156006e-01
15292,8.532715e-02
15293,-8.459473e-02
15294,5.090332e-02
15295,-4.638672e-02
15296,1.403809e-02
15297,-9.521484e-03
15298,-2.502441e-02
15299,2.917480e-02
15300,-6.176758e-02
15301,6.384277e-02
15302,-9.655762e-02
15303,9.851074e-02
15304,-1.242676e-01
15305,1.207275e-01
15306,-1.466064e-01
15307,1.392822e-01
15308,-1.580811e-01
15309,1.461182e-01
15310,-1.621094e-01
15311,1.456299e-01
15312,-1.545410e-01
15313,1.357422e-01
15314,-1.385498e-01
15315,1.137695e-01
15316,-1.149902e-01
15317,8.544922e-02
15318,-8.374023e-02
15319,5.065918e-02
15320,-4.785156e-02
15321,1.306152e-02
15322,-1.074219e-02
15323,-2.441406e-02
15324,2.807617e-02
15325,-6.323242e-02
15326,6.408691e-02
15327,-9.643555e-02
15328,9.680176e-02
15329,-1.252441e-01
15330,1.209717e-01
15331,-1.470947e-01
15332,1.387939e-01
15333,-1.580811e-01
15334,1.477051e-01
15335,-1.612549e-01
15336,1.442871e-01
15337,-1.562500e-01
15338,1.351318e-01
15339,-1.387939e-01
15340,1.140137e-01
15341,-1.158447e-01
15342,8.618164e-02
15343,-8.349609e-02
15344,5.163574e-02
15345,-4.663086e-02
15346,1.416016e-02
15347,-7.690430e-03
15348,-2.380371e-02
15349,2.807617e-02
15350,-6.323242e-02
15351,6.591797e-02
15352,-9.777832e-02
15353,9.619141e-02
15354,-1.214600e-01
15355,1.225586e-01
15356,-1.459961e-01
15357,1.406250e-01
15358,-1.584473e-01
15359,1.469727e-01
15360,-1.596680e-01
15361,1.442871e-01
15362,-1.571045e-01
15363,1.337891e-01
15364,-1.416016e-01
15365,1.143799e-01
15366,-1.136475e-01
15367,8.447266e-02
15368,-8.532715e-02
15369,5.090332e-02
15370,-4.870605e-02
15371,1.306152e-02
15372,-1.074219e-02
15373,-2.612305e-02
15374,2.795410e-02
15375,-6.286621e-02
15376,6.323242e-02
15377,-9.570312e-02
15378,9.887695e-02
15379,-1.256104e-01
15380,1.196289e-01
15381,-1.459961e-01
15382,1.379395e-01
15383,-1.594238e-01
15384,1.463623e-01
15385,-1.607666e-01
15386,1.448975e-01
15387,-1.528320e-01
15388,1.341553e-01
15389,-1.407471e-01
15390,1.158447e-01
15391,-1.142578e-01
15392,8.386230e-02
15393,-8.496094e-02
15394,5.139160e-02
15395,-4.858398e-02
15396,1.562500e-02
15397,-8.789062e-03
15398,-2.404785e-02
15399,2.783203e-02
15400,-6.164551e-02
15401,6.323242e-02
15402,-9.716797e-02
15403,9.692383e-02
15404,-1.252441e-01
15405,1.213379e-01
15406,-1.448975e-01
15407,1.389160e-01
15408,-1.586914e-01
15409,1.468506e-01
15410,-1.616211e-01
15411,1.457520e-01
15412,-1.555176e-01
15413,1.347656e-01
15414,-1.402588e-01
15415,1.135254e-01
15416,-1.141357e-01
15417,8.471680e-02
15418,-8.361816e-02
15419,5.358887e-02
15420,-5.004883e-02
15421,1.489258e-02
15422,-7.690430e-03
15423,-2.478027e-02
15424,2.868652e-02
15425,-6.274414e-02
15426,6.372070e-02
15427,-9.533691e-02
15428,9.619141e-02
15429,-1.256104e-01
15430,1.213379e-01
15431,-1.462402e-01
15432,1.389160e-01
15433,-1.597900e-01
15434,1.468506e-01
15435,-1.623535e-01
15436,1.442871e-01
15437,-1.555176e-01
15438,1.357422e-01
15439,-1.378174e-01
15440,1.138916e-01
15441,-1.164551e-01
15442,8.886719e-02
15443,-8.349609e-02
15444,5.249023e-02
15445,-4.870605e-02
15446,1.428223e-02
15447,-9.887695e-03
15448,-2.502441e-02
15449,2.893066e-02
15450,-5.993652e-02
15451,6.469727e-02
15452,-9.509277e-02
15453,9.521484e-02
15454,-1.250000e-01
15455,1.213379e-01
15456,-1.448975e-01
15457,1.383057e-01
15458,-1.595459e-01
15459,1.475830e-01
15460,-1.612549e-01
15461,1.440430e-01
15462,-1.552734e-01
15463,1.343994e-01
15464,-1.396484e-01
15465,1.151123e-01
15466,-1.140137e-01
15467,8.642578e-02
15468,-8.300781e-02
15469,5.310059e-02
15470,-5.041504e-02
15471,1.660156e-02
15472,-8.911133e-03
15473,-2.478027e-02
15474,2.880859e-02
15475,-6.372070e-02
15476,6.408691e-02
15477,-9.423828e-02
15478,9.387207e-02
15479,-1.250000e-01
15480,1.236572e-01
15481,-1.469727e-01
15482,1.372070e-01
15483,-1.583252e-01
15484,1.475830e-01
15485,-1.622314e-01
15486,1.451416e-01
15487,-1.562500e-01
15488,1.348877e-01
15489,-1.398926e-01
15490,1.149902e-01
15491,-1.148682e-01
15492,8.593750e-02
15493,-8.386230e-02
15494,5.371094e-02
15495,-4.846191e-02
15496,1.501465e-02
15497,-9.643555e-03
15498,-2.429199e-02
15499,2.795410e-02
15500,-6.201172e-02
15501,6.445312e-02
15502,-9.582520e-02
15503,9.594727e-02
15504,-1.251221e-01
15505,1.210938e-01
15506,-1.466064e-01
15507,1.396484e-01
15508,-1.573486e-01
15509,1.459961e-01
15510,-1.614990e-01
15511,1.451416e-01
15512,-1.564941e-01
15513,1.348877e-01
15514,-1.376953e-01
15515,1.141357e-01
15516,-1.158447e-01
15517,8.654785e-02
15518,-8.459473e-02
15519,5.261230e-02
15520,-4.846191e-02
15521,1.501465e-02
15522,-1.147461e-02
15523,-2.478027e-02
15524,2.795410e-02
15525,-6.347656e-02
15526,6.567383e-02
15527,-9.558105e-02
15528,9.472656e-02
15529,-1.252441e-01
15530,1.213379e-01
15531,-1.442871e-01
15532,1.394043e-01
15533,-1.572266e-01
15534,1.468506e-01
15535,-1.625977e-01
15536,1.457520e-01
15537,-1.552734e-01
15538,1.347656e-01
15539,-1.397705e-01
15540,1.152344e-01
15541,-1.157227e-01
15542,8.422852e-02
15543,-8.349609e-02
15544,5.200195e-02
15545,-4.919434e-02
15546,1.635742e-02
15547,-9.643555e-03
15548,-2.307129e-02
15549,2.807617e-02
15550,-6.384277e-02
15551,6.530762e-02
15552,-9.655762e-02
15553,9.716797e-02
15554,-1.239014e-01
15555,1.198730e-01
15556,-1.437988e-01
15557,1.391602e-01
15558,-1.593018e-01
15559,1.463623e-01
15560,-1.614990e-01
15561,1.442871e-01
15562,-1.574707e-01
15563,1.348877e-01
15564,-1.389160e-01
15565,1.134033e-01
15566,-1.143799e-01
15567,8.630371e-02
15568,-8.557129e-02
15569,5.224609e-02
15570,-4.760742e-02
15571,1.562500e-02
15572,-1.049805e-02
15573,-2.392578e-02
15574,2.697754e-02
15575,-5.932617e-02
15576,6.433105e-02
15577,-9.741211e-02
15578,9.594727e-02
15579,-1.246338e-01
15580,1.193848e-01
15581,-1.442871e-01
15582,1.375732e-01
15583,-1.588135e-01
15584,1.483154e-01
15585,-1.638184e-01
15586,1.451416e-01
15587,-1.551514e-01
15588,1.339111e-01
15589,-1.385498e-01
15590,1.141357e-01
15591,-1.163330e-01
15592,8.630371e-02
15593,-8.300781e-02
15594,5.322266e-02
15595,-4.931641e-02
15596,1.391602e-02
15597,-1.000977e-02
15598,-2.343750e-02
15599,2.758789e-02
15600,-6.103516e-02
15601,6.494141e-02
15602,-9.558105e-02
15603,9.692383e-02
15604,-1.240234e-01
15605,1.202393e-01
15606,-1.457520e-01
15607,1.389160e-01
15608,-1.579590e-01
15609,1.462402e-01
15610,-1.608887e-01
15611,1.445312e-01
15612,-1.558838e-01
15613,1.357422e-01
15614,-1.411133e-01
15615,1.140137e-01
15616,-1.160889e-01
15617,8.532715e-02
15618,-8.422852e-02
15619,5.322266e-02
15620,-4.882812e-02
15621,1.538086e-02
15622,-1.000977e-02
15623,-2.551270e-02
15624,2.856445e-02
15625,-6.079102e-02
15626,6.384277e-02
15627,-9.619141e-02
15628,9.533691e-02
15629,-1.223145e-01
15630,1.195068e-01
15631,-1.470947e-01
15632,1.383057e-01
15633,-1.586914e-01
15634,1.477051e-01
15635,-1.616211e-01
15636,1.451416e-01
15637,-1.566162e-01
15638,1.356201e-01
15639,-1.384277e-01
15640,1.137695e-01
15641,-1.153564e-01
15642,8.642578e-02
15643,-8.581543e-02
15644,5.200195e-02
15645,-4.846191e-02
15646,1.501465e-02
15647,-9.887695e-03
15648,-2.246094e-02
15649,2.783203e-02
15650,-6.091309e-02
15651,6.335449e-02
15652,-9.460449e-02
15653,9.680176e-02
15654,-1.248779e-01
15655,1.203613e-01
15656,-1.453857e-01
15657,1.389160e-01
15658,-1.589355e-01
15659,1.462402e-01
15660,-1.621094e-01
15661,1.455078e-01
15662,-1.557617e-01
15663,1.331787e-01
15664,-1.396484e-01
15665,1.151123e-01
15666,-1.170654e-01
15667,8.618164e-02
15668,-8.642578e-02
15669,5.151367e-02
15670,-4.785156e-02
15671,1.708984e-02
15672,-1.220703e-02
15673,-2.563477e-02
15674,2.819824e-02
15675,-6.286621e-02
15676,6.396484e-02
15677,-9.692383e-02
15678,9.387207e-02
15679,-1.239014e-01
15680,1.198730e-01
15681,-1.463623e-01
15682,1.372070e-01
15683,-1.610107e-01
15684,1.474609e-01
15685,-1.636963e-01
15686,1.468506e-01
15687,-1.551514e-01
15688,1.329346e-01
15689,-1.402588e-01
15690,1.141357e-01
15691,-1.154785e-01
15692,8.471680e-02
15693,-8.459473e-02
15694,5.346680e-02
15695,-5.053711e-02
15696,1.452637e-02
15697,-9.643555e-03
15698,-2.368164e-02
15699,2.746582e-02
15700,-6.066895e-02
15701,6.396484e-02
15702,-9.655762e-02
15703,9.606934e-02
15704,-1.246338e-01
15705,1.192627e-01
15706,-1.439209e-01
15707,1.385498e-01
15708,-1.599121e-01
15709,1.485596e-01
15710,-1.624756e-01
15711,1.448975e-01
15712,-1.562500e-01
15713,1.337891e-01
15714,-1.423340e-01
15715,1.142578e-01
15716,-1.163330e-01
15717,8.520508e-02
15718,-8.374023e-02
15719,5.322266e-02
15720,-4.748535e-02
15721,1.599121e-02
15722,-1.159668e-02
15723,-2.429199e-02
15724,2.795410e-02
15725,-6.054688e-02
15726,6.359863e-02
15727,-9.350586e-02
15728,9.558105e-02
15729,-1.256104e-01
15730,1.213379e-01
15731,-1.466064e-01
15732,1.372070e-01
15733,-1.578369e-01
15734,1.467285e-01
15735,-1.621094e-01
15736,1.446533e-01
15737,-1.564941e-01
15738,1.347656e-01
15739,-1.406250e-01
15740,1.147461e-01
15741,-1.153564e-01
15742,8.679199e-02
15743,-8.630371e-02
15744,5.273438e-02
15745,-5.004883e-02
15746,1.464844e-02
15747,-1.049805e-02
15748,-2.294922e-02
15749,2.673340e-02
15750,-6.213379e-02
15751,6.408691e-02
15752,-9.606934e-02
15753,9.326172e-02
15754,-1.239014e-01
15755,1.219482e-01
15756,-1.458740e-01
15757,1.383057e-01
15758,-1.586914e-01
15759,1.477051e-01
15760,-1.623535e-01
15761,1.456299e-01
15762,-1.560059e-01
15763,1.330566e-01
15764,-1.408691e-01
15765,1.160889e-01
15766,-1.163330e-01
15767,8.666992e-02
15768,-8.605957e-02
15769,5.285645e-02
15770,-4.895020e-02
15771,1.403809e-02
15772,-1.049805e-02
15773,-2.331543e-02
15774,2.661133e-02
15775,-6.274414e-02
15776,6.408691e-02
15777,-9.741211e-02
15778,9.289551e-02
15779,-1.237793e-01
15780,1.198730e-01
15781,-1.452637e-01
15782,1.392822e-01
15783,-1.577148e-01
15784,1.475830e-01
15785,-1.623535e-01
15786,1.455078e-01
15787,-1.556396e-01
15788,1.359863e-01
15789,-1.398926e-01
15790,1.164551e-01
15791,-1.162109e-01
15792,8.459473e-02
15793,-8.544922e-02
15794,5.102539e-02
15795,-4.858398e-02
15796,1.477051e-02
15797,-9.155273e-03
15798,-2.221680e-02
15799,2.709961e-02
15800,-5.908203e-02
15801,6.506348e-02
15802,-9.729004e-02
15803,9.619141e-02
15804,-1.245117e-01
15805,1.204834e-01
15806,-1.461182e-01
15807,1.385498e-01
15808,-1.564941e-01
15809,1.468506e-01
15810,-1.612549e-01
15811,1.477051e-01
15812,-1.564941e-01
15813,1.347656e-01
15814,-1.398926e-01
15815,1.130371e-01
15816,-1.166992e-01
15817,8.642578e-02
15818,-8.422852e-02
15819,5.297852e-02
15820,-5.102539e-02
15821,1.611328e-02
15822,-1.159668e-02
15823,-2.282715e-02
15824,2.893066e-02
15825,-6.164551e-02
15826,6.530762e-02
15827,-9.301758e-02
15828,9.509277e-02
15829,-1.253662e-01
15830,1.209717e-01
15831,-1.466064e-01
15832,1.391602e-01
15833,-1.594238e-01
15834,1.472168e-01
15835,-1.625977e-01
15836,1.440430e-01
15837,-1.539307e-01
15838,1.353760e-01
15839,-1.420898e-01
15840,1.142578e-01
15841,-1.171875e-01
15842,8.618164e-02
15843,-8.361816e-02
15844,5.224609e-02
15845,-4.919434e-02
15846,1.574707e-02
15847,-1.098633e-02
15848,-2.258301e-02
15849,2.648926e-02
15850,-6.066895e-02
15851,6.286621e-02
15852,-9.594727e-02
15853,9.558105e-02
15854,-1.213379e-01
15855,1.203613e-01
15856,-1.467285e-01
15857,1.383057e-01
15858,-1.573486e-01
15859,1.468506e-01
15860,-1.634521e-01
15861,1.451416e-01
15862,-1.562500e-01
15863,1.357422e-01
15864,-1.389160e-01
15865,1.143799e-01
15866,-1.166992e-01
15867,8.703613e-02
15868,-8.557129e-02
15869,5.139160e-02
15870,-4.846191e-02
15871,1.562500e-02
15872,-1.196289e-02
15873,-2.355957e-02
15874,2.966309e-02
15875,-6.127930e-02
15876,6.164551e-02
15877,-9.436035e-02
15878,9.497070e-02
15879,-1.256104e-01
15880,1.221924e-01
15881,-1.437988e-01
15882,1.378174e-01
15883,-1.584473e-01
15884,1.462402e-01
15885,-1.618652e-01
15886,1.468506e-01
15887,-1.552734e-01
15888,1.368408e-01
15889,-1.402588e-01
15890,1.152344e-01
15891,-1.153564e-01
15892,8.789062e-02
15893,-8.715820e-02
15894,5.346680e-02
15895,-4.907227e-02
15896,1.501465e-02
15897,-1.049805e-02
15898,-2.099609e-02
15899,2.844238e-02
15900,-5.932617e-02
15901,6.396484e-02
15902,-9.350586e-02
15903,9.558105e-02
15904,-1.241455e-01
15905,1.212158e-01
15906,-1.439209e-01
15907,1.386719e-01
15908,-1.590576e-01
15909,1.478271e-01
15910,-1.629639e-01
15911,1.456299e-01
15912,-1.556396e-01
15913,1.348877e-01
15914,-1.417236e-01
15915,1.152344e-01
15916,-1.173096e-01
15917,8.666992e-02
15918,-8.642578e-02
15919,5.310059e-02
15920,-4.992676e-02
15921,1.599121e-02
15922,-1.184082e-02
15923,-2.355957e-02
15924,2.844238e-02
15925,-6.018066e-02
15926,6.250000e-02
15927,-9.387207e-02
15928,9.521484e-02
15929,-1.248779e-01
15930,1.210938e-01
15931,-1.477051e-01
15932,1.391602e-01
15933,-1.567383e-01
15934,1.455078e-01
15935,-1.623535e-01
15936,1.451416e-01
15937,-1.561279e-01
15938,1.356201e-01
15939,-1.398926e-01
15940,1.143799e-01
15941,-1.163330e-01
15942,8.776855e-02
15943,-8.532715e-02
15944,5.432129e-02
15945,-4.882812e-02
15946,1.464844e-02
15947,-1.037598e-02
15948,-2.368164e-02
15949,2.722168e-02
15950,-5.895996e-02
15951,6.408691e-02
15952,-9.497070e-02
15953,9.594727e-02
15954,-1.218262e-01
15955,1.204834e-01
15956,-1.470947e-01
15957,1.374512e-01
15958,-1.573486e-01
15959,1.458740e-01
15960,-1.608887e-01
15961,1.457520e-01
15962,-1.579590e-01
15963,1.353760e-01
15964,-1.411133e-01
15965,1.132812e-01
15966,-1.173096e-01
15967,8.703613e-02
15968,-8.581543e-02
15969,5.444336e-02
15970,-4.931641e-02
15971,1.684570e-02
15972,-1.196289e-02
15973,-2.270508e-02
15974,2.636719e-02
15975,-6.030273e-02
15976,6.384277e-02
15977,-9.460449e-02
15978,9.472656e-02
15979,-1.232910e-01
15980,1.213379e-01
15981,-1.448975e-01
15982,1.391602e-01
15983,-1.583252e-01
15984,1.477051e-01
15985,-1.633301e-01
15986,1.455078e-01
15987,-1.547852e-01
15988,1.340332e-01
15989,-1.403809e-01
15990,1.138916e-01
15991,-1.160889e-01
15992,8.679199e-02
15993,-8.691406e-02
15994,5.310059e-02
15995,-4.931641e-02
15996,1.440430e-02
15997,-1.196289e-02
15998,-2.111816e-02
15999,2.722168e-02
16000,-6.018066e-02
16001,6.262207e-02
16002,-9.375000e-02
16003,9.472656e-02
16004,-1.259766e-01
16005,1.228027e-01
16006,-1.437988e-01
16007,1.390381e-01
16008,-1.563721e-01
16009,1.462402e-01
16010,-1.622314e-01
16011,1.448975e-01
16012,-1.545410e-01
16013,1.340332e-01
16014,-1.407471e-01
16015,1.169434e-01
16016,-1.180420e-01
16017,8.691406e-02
16018,-8.605957e-02
16019,5.383301e-02
16020,-4.907227e-02
16021,1.660156e-02
16022,-1.171875e-02
16023,-2.294922e-02
16024,2.624512e-02
16025,-6.005859e-02
16026,6.237793e-02
16027,-9.362793e-02
16028,9.533691e-02
16029,-1.235352e-01
16030,1.198730e-01
16031,-1.441650e-01
16032,1.403809e-01
16033,-1.584473e-01
16034,1.470947e-01
16035,-1.607666e-01
16036,1.466064e-01
16037,-1.563721e-01
16038,1.359863e-01
16039,-1.392822e-01
16040,1.141357e-01
16041,-1.169434e-01
16042,8.850098e-02
16043,-8.544922e-02
16044,5.541992e-02
16045,-4.882812e-02
16046,1.525879e-02
16047,-1.184082e-02
16048,-2.307129e-02
16049,2.929688e-02
16050,-5.981445e-02
16051,6.213379e-02
16052,-9.472656e-02
16053,9.643555e-02
16054,-1.226807e-01
16055,1.203613e-01
16056,-1.453857e-01
16057,1.391602e-01
16058,-1.586914e-01
16059,1.468506e-01
16060,-1.617432e-01
16061,1.456299e-01
16062,-1.552734e-01
16063,1.361084e-01
16064,-1.396484e-01
16065,1.151123e-01
16066,-1.162109e-01
16067,8.789062e-02
16068,-8.520508e-02
16069,5.322266e-02
16070,-5.029297e-02
16071,1.550293e-02
16072,-1.245117e-02
16073,-2.197266e-02
16074,2.429199e-02
16075,-5.859375e-02
16076,6.445312e-02
16077,-9.533691e-02
16078,9.387207e-02
16079,-1.221924e-01
16080,1.218262e-01
16081,-1.469727e-01
16082,1.380615e-01
16083,-1.582031e-01
16084,1.475830e-01
16085,-1.602783e-01
16086,1.459961e-01
16087,-1.553955e-01
16088,1.347656e-01
16089,-1.394043e-01
16090,1.160889e-01
16091,-1.179199e-01
16092,8.703613e-02
16093,-8.459473e-02
16094,5.590820e-02
16095,-5.041504e-02
16096,1.647949e-02
16097,-1.135254e-02
16098,-2.087402e-02
16099,2.770996e-02
16100,-6.103516e-02
16101,6.298828e-02
16102,-9.399414e-02
16103,9.558105e-02
16104,-1.230469e-01
16105,1.190186e-01
16106,-1.448975e-01
16107,1.389160e-01
16108,-1.575928e-01
16109,1.461182e-01
16110,-1.618652e-01
16111,1.461182e-01
16112,-1.555176e-01
16113,1.356201e-01
16114,-1.407471e-01
16115,1.145020e-01
16116,-1.179199e-01
16117,8.837891e-02
16118,-8.752441e-02
16119,5.517578e-02
16120,-4.931641e-02
16121,1.672363e-02
16122,-1.257324e-02
16123,-2.099609e-02
16124,2.685547e-02
16125,-5.761719e-02
16126,6.201172e-02
16127,-9.411621e-02
16128,9.448242e-02
16129,-1.230469e-01
16130,1.206055e-01
16131,-1.452637e-01
16132,1.383057e-01
16133,-1.553955e-01
16134,1.459961e-01
16135,-1.616211e-01
16136,1.459961e-01
16137,-1.566162e-01
16138,1.359863e-01
16139,-1.398926e-01
16140,1.160889e-01
16141,-1.157227e-01
16142,8.850098e-02
16143,-8.569336e-02
16144,5.407715e-02
16145,-5.090332e-02
16146,1.635742e-02
16147,-1.171875e-02
16148,-2.111816e-02
16149,2.587891e-02
16150,-6.066895e-02
16151,6.372070e-02
16152,-9.448242e-02
16153,9.472656e-02
16154,-1.215820e-01
16155,1.208496e-01
16156,-1.433105e-01
16157,1.368408e-01
16158,-1.583252e-01
16159,1.492920e-01
16160,-1.610107e-01
16161,1.451416e-01
16162,-1.560059e-01
16163,1.367188e-01
16164,-1.406250e-01
16165,1.160889e-01
16166,-1.166992e-01
16167,8.679199e-02
16168,-8.605957e-02
16169,5.444336e-02
16170,-5.151367e-02
16171,1.611328e-02
16172,-9.887695e-03
16173,-2.246094e-02
16174,2.490234e-02
16175,-5.993652e-02
16176,6.213379e-02
16177,-9.533691e-02
16178,9.423828e-02
16179,-1.223145e-01
16180,1.214600e-01
16181,-1.435547e-01
16182,1.383057e-01
16183,-1.582031e-01
16184,1.459961e-01
16185,-1.616211e-01
16186,1.461182e-01
16187,-1.546631e-01
16188,1.359863e-01
16189,-1.403809e-01
16190,1.158447e-01
16191,-1.170654e-01
16192,8.874512e-02
16193,-8.520508e-02
16194,5.334473e-02
16195,-4.943848e-02
16196,1.892090e-02
16197,-1.147461e-02
16198,-2.172852e-02
16199,2.636719e-02
16200,-5.957031e-02
16201,6.530762e-02
16202,-9.289551e-02
16203,9.472656e-02
16204,-1.239014e-01
16205,1.203613e-01
16206,-1.433105e-01
16207,1.385498e-01
16208,-1.573486e-01
16209,1.464844e-01
16210,-1.614990e-01
16211,1.456299e-01
16212,-1.566162e-01
16213,1.359863e-01
16214,-1.411133e-01
16215,1.148682e-01
16216,-1.145020e-01
16217,8.874512e-02
16218,-8.654785e-02
16219,5.456543e-02
16220,-4.931641e-02
16221,1.660156e-02
16222,-1.440430e-02
16223,-2.014160e-02
16224,2.551270e-02
16225,-6.030273e-02
16226,6.396484e-02
16227,-9.313965e-02
16228,9.338379e-02
16229,-1.206055e-01
16230,1.191406e-01
16231,-1.442871e-01
16232,1.385498e-01
16233,-1.583252e-01
16234,1.492920e-01
16235,-1.622314e-01
16236,1.446533e-01
16237,-1.560059e-01
16238,1.374512e-01
16239,-1.409912e-01
16240,1.149902e-01
16241,-1.171875e-01
16242,8.728027e-02
16243,-8.520508e-02
16244,5.480957e-02
16245,-5.163574e-02
16246,1.867676e-02
16247,-1.196289e-02
16248,-2.343750e-02
16249,2.575684e-02
16250,-5.676270e-02
16251,6.176758e-02
16252,-9.460449e-02
16253,9.533691e-02
16254,-1.246338e-01
16255,1.209717e-01
16256,-1.462402e-01
16257,1.380615e-01
16258,-1.573486e-01
16259,1.463623e-01
16260,-1.613770e-01
16261,1.459961e-01
16262,-1.546631e-01
16263,1.359863e-01
16264,-1.429443e-01
16265,1.165771e-01
16266,-1.148682e-01
16267,8.874512e-02
16268,-8.618164e-02
16269,5.517578e-02
16270,-5.126953e-02
16271,1.660156e-02
16272,-1.245117e-02
16273,-2.148438e-02
16274,2.587891e-02
16275,-5.969238e-02
16276,6.176758e-02
16277,-9.497070e-02
16278,9.472656e-02
16279,-1.223145e-01
16280,1.199951e-01
16281,-1.431885e-01
16282,1.378174e-01
16283,-1.591797e-01
16284,1.461182e-01
16285,-1.618652e-01
16286,1.459961e-01
16287,-1.555176e-01
16288,1.368408e-01
16289,-1.396484e-01
16290,1.152344e-01
16291,-1.170654e-01
16292,8.789062e-02
16293,-8.740234e-02
16294,5.517578e-02
16295,-4.919434e-02
16296,1.782227e-02
16297,-1.330566e-02
16298,-2.001953e-02
16299,2.783203e-02
16300,-6.079102e-02
16301,6.127930e-02
16302,-9.265137e-02
16303,9.533691e-02
16304,-1.230469e-01
16305,1.196289e-01
16306,-1.435547e-01
16307,1.385498e-01
16308,-1.596680e-01
16309,1.463623e-01
16310,-1.606445e-01
16311,1.458740e-01
16312,-1.563721e-01
16313,1.363525e-01
16314,-1.401367e-01
16315,1.152344e-01
16316,-1.168213e-01
16317,9.033203e-02
16318,-8.666992e-02
16319,5.419922e-02
16320,-5.065918e-02
16321,1.794434e-02
16322,-1.196289e-02
16323,-2.221680e-02
16324,2.612305e-02
16325,-5.859375e-02
16326,6.140137e-02
16327,-9.570312e-02
16328,9.460449e-02
16329,-1.221924e-01
16330,1.191406e-01
16331,-1.451416e-01
16332,1.379395e-01
16333,-1.584473e-01
16334,1.457520e-01
16335,-1.604004e-01
16336,1.457520e-01
16337,-1.566162e-01
16338,1.375732e-01
16339,-1.397705e-01
16340,1.169434e-01
16341,-1.179199e-01
16342,8.874512e-02
16343,-8.630371e-02
16344,5.468750e-02
16345,-5.053711e-02
16346,1.623535e-02
16347,-1.208496e-02
16348,-2.050781e-02
16349,2.465820e-02
16350,-5.847168e-02
16351,6.213379e-02
16352,-9.460449e-02
16353,9.387207e-02
16354,-1.236572e-01
16355,1.195068e-01
16356,-1.446533e-01
16357,1.367188e-01
16358,-1.574707e-01
16359,1.477051e-01
16360,-1.617432e-01
16361,1.434326e-01
16362,-1.566162e-01
16363,1.373291e-01
16364,-1.405029e-01
16365,1.160889e-01
16366,-1.179199e-01
16367,8.886719e-02
16368,-8.483887e-02
16369,5.603027e-02
16370,-5.017090e-02
16371,1.696777e-02
16372,-1.330566e-02
16373,-1.965332e-02
16374,2.465820e-02
16375,-5.993652e-02
16376,6.213379e-02
16377,-9.484863e-02
16378,9.301758e-02
16379,-1.210938e-01
16380,1.203613e-01
16381,-1.435547e-01
16382,1.373291e-01
16383,-1.589355e-01
