g++ cpp_feedback_loop.cpp -Wall -std=c++20  -I/opt/redpitaya/include -L/opt/redpitaya/lib -static -lrp-hw-can -lrp -lrp-hw-calib -lrp-hw-profiles -lrp-gpio -lrp-i2c -lrp-hw -lm -lstdc++ -lpthread -li2c -lsocketcan -o cpp_feedback_loop
-0.000732
-0.000854
-0.001953
-0.000854
-0.001465
-0.001831
-0.001343
-0.001953
-0.002319
-0.001343
-0.000244
-0.001953
-0.002075
-0.000854
-0.001221
-0.000854
-0.000732
-0.001831
-0.000854
-0.001953
-0.000366
-0.000122
-0.000854
-0.000854
-0.001953
-0.000244
-0.000732
-0.000977
-0.000977
-0.000854
-0.001343
-0.000977
0.000488
-0.002197
-0.000854
-0.001343
-0.001831
-0.000366
-0.000732
-0.000488
-0.002319
-0.001343
-0.001587
-0.000854
-0.001953
-0.001709
-0.001099
-0.001343
-0.001953
-0.001709
-0.001343
-0.001831
-0.001709
-0.000488
-0.001465
-0.001587
-0.001221
-0.002197
-0.000854
-0.002075
-0.000488
-0.000854
-0.002808
-0.001343
-0.001221
-0.000977
-0.001831
-0.001221
-0.001221
-0.001953
-0.001709
-0.002197
-0.000854
-0.002319
-0.001709
-0.000977
-0.002075
-0.001709
-0.002441
-0.001709
-0.001343
-0.000488
-0.000244
-0.002075
-0.000854
-0.002808
-0.002319
-0.002563
-0.001709
-0.000610
-0.001099
-0.002075
-0.002319
-0.001709
-0.002197
-0.001099
-0.000366
-0.000854
-0.001099
-0.001587
-0.000977
-0.001099
-0.002441
-0.000122
-0.001221
-0.001343
-0.000610
-0.001953
-0.001221
-0.000977
-0.001221
-0.001099
-0.000122
-0.001221
-0.000977
-0.001221
-0.002319
-0.000366
-0.001831
-0.001709
-0.000732
-0.001953
-0.000854
-0.000854
-0.001953
-0.000854
-0.000732
-0.001465
-0.001221
-0.001831
-0.001587
-0.000732
-0.001709
-0.001221
-0.002319
-0.002319
-0.001099
-0.001099
-0.000854
-0.001587
-0.001465
-0.001221
-0.001099
-0.001465
-0.001465
-0.000854
-0.001709
-0.001465
-0.001709
-0.001343
-0.000732
-0.002197
-0.001465
-0.000732
-0.001953
-0.001099
-0.001709
-0.000732
-0.000488
-0.001221
-0.000854
-0.002075
-0.001709
-0.001099
-0.000977
-0.002197
-0.001343
-0.003052
-0.001709
-0.001587
-0.002075
-0.001221
-0.002075
-0.002319
-0.001465
-0.000488
-0.002441
-0.001221
-0.001099
-0.000610
-0.002563
-0.001465
-0.001221
-0.001099
-0.000732
-0.001953
-0.001709
-0.000854
-0.002319
-0.002808
-0.001465
-0.001709
-0.001465
0.000732
-0.001343
-0.000977
-0.001465
-0.001709
-0.000610
-0.001343
-0.001587
-0.001099
-0.001221
-0.001953
-0.001221
-0.000122
-0.001953
-0.001221
-0.000122
-0.002197
-0.001587
-0.001709
-0.001831
-0.001953
-0.002075
-0.001587
-0.001343
-0.000977
-0.001953
-0.001587
-0.001465
-0.001831
-0.000854
-0.001465
-0.002563
-0.001709
-0.000854
-0.001587
-0.001587
-0.001709
-0.003052
-0.002197
-0.001343
-0.001099
-0.000854
-0.001221
-0.001709
-0.002197
-0.001221
-0.002319
-0.000732
-0.001099
-0.002686
-0.001343
-0.002075
-0.000732
-0.001709
-0.001831
-0.000244
-0.000610
-0.000122
-0.001465
-0.001099
-0.002563
-0.001709
-0.001221
-0.002075
-0.001343
-0.002686
-0.001953
-0.001221
-0.000488
-0.001221
-0.001099
-0.001587
-0.000244
-0.001465
-0.001343
-0.000854
-0.001831
-0.001709
-0.002075
-0.000854
-0.002075
-0.000366
-0.001099
-0.001709
-0.000977
-0.001587
-0.002319
-0.001953
-0.000732
-0.001709
-0.001099
-0.002197
-0.001953
-0.001099
-0.000366
-0.001343
-0.001343
-0.001099
-0.001465
-0.002319
0.000000
-0.001465
-0.002808
-0.002319
-0.001099
-0.000732
-0.001465
-0.002441
-0.002563
-0.001709
-0.002197
-0.000854
-0.000854
-0.001587
-0.001343
-0.001099
-0.002197
-0.001709
-0.001709
-0.001221
-0.001831
-0.001465
-0.001465
-0.000854
-0.000732
-0.001343
-0.000122
-0.001465
-0.001221
-0.001831
-0.001587
-0.001221
-0.001465
-0.001465
-0.001587
-0.001099
-0.000488
-0.000488
-0.000977
-0.002319
-0.001709
-0.001343
-0.001221
-0.001343
-0.001465
-0.002075
-0.001587
-0.002441
-0.002197
-0.001709
-0.001953
-0.000610
-0.001587
-0.001831
-0.000732
-0.001343
-0.001709
-0.000977
-0.001343
-0.001953
-0.001953
-0.001709
-0.001221
-0.001099
-0.000732
-0.002319
-0.001343
-0.001465
-0.002075
-0.000854
-0.002075
-0.002197
-0.001465
-0.000732
-0.001709
-0.001953
-0.001953
-0.000854
-0.000732
-0.002075
-0.000854
-0.002075
-0.001953
0.000610
-0.000122
-0.001953
-0.002441
-0.001343
-0.001343
-0.001221
-0.001099
-0.000854
-0.001465
-0.001831
-0.001709
-0.000854
-0.000732
-0.001709
-0.001465
-0.001343
-0.001587
-0.001953
-0.001465
-0.001953
-0.001343
-0.000244
-0.001831
-0.001709
-0.001587
-0.002808
-0.001709
-0.001221
-0.002441
-0.001587
-0.001343
-0.001099
-0.001709
-0.001221
-0.001709
-0.000366
-0.001953
-0.001465
0.000000
-0.002197
-0.002197
-0.001343
-0.002075
-0.001465
-0.002319
-0.001465
-0.000244
-0.000854
-0.001831
-0.002075
-0.001953
-0.001221
-0.002197
-0.000610
-0.001587
-0.001587
-0.001099
-0.000610
-0.000244
-0.001221
-0.002075
-0.001343
-0.001099
-0.000610
-0.001221
-0.000366
-0.001221
-0.001831
-0.001709
-0.001221
-0.001709
-0.000610
-0.002197
-0.000732
-0.002686
-0.000854
-0.002075
-0.001709
-0.001953
-0.001953
-0.000732
-0.002319
-0.001465
-0.001953
-0.001343
-0.001587
-0.001465
-0.002075
-0.001099
-0.001099
-0.002319
-0.001465
-0.001099
-0.001099
-0.001221
-0.001343
-0.001953
-0.001343
-0.001709
-0.001465
-0.001587
-0.001343
-0.001831
-0.001709
-0.000977
-0.000854
-0.001831
-0.001221
-0.001343
-0.001831
-0.002930
-0.001221
-0.000732
-0.001831
-0.002319
-0.001099
-0.000977
-0.001831
-0.001587
-0.001831
-0.001709
-0.001831
-0.001343
-0.002319
-0.000854
-0.001221
-0.001221
-0.000366
-0.001221
0.000000
-0.002197
-0.001587
-0.000610
-0.001709
0.000610
-0.001953
-0.001343
-0.001587
-0.001587
-0.001099
-0.001221
-0.001343
-0.000854
-0.002441
-0.001343
-0.001465
-0.002441
-0.001465
-0.001587
-0.001709
-0.001099
-0.002075
-0.000854
-0.002319
-0.001099
-0.000488
-0.001465
-0.000610
-0.001587
-0.001587
-0.001831
-0.001587
-0.000977
-0.001099
-0.001953
-0.001099
-0.001343
-0.002197
-0.000854
-0.001709
-0.002319
-0.002075
-0.002930
-0.001953
-0.000854
-0.001953
-0.000732
-0.001343
-0.001221
-0.002563
-0.000732
-0.001099
-0.001953
-0.000610
-0.001709
-0.001709
-0.001099
-0.001099
-0.001953
-0.001709
-0.001831
-0.001709
-0.001587
-0.001709
-0.001831
-0.001709
-0.001343
-0.000244
0.000000
-0.001709
-0.001709
-0.001831
-0.001709
-0.001953
-0.001343
-0.000854
-0.001709
-0.001953
-0.001709
-0.001099
-0.001953
-0.000488
-0.000732
-0.000854
-0.001221
-0.000732
-0.001221
-0.001587
-0.001709
-0.001587
-0.001953
-0.003052
-0.002075
-0.001709
-0.001221
-0.001465
-0.001099
-0.000488
-0.001465
-0.000732
-0.001831
-0.000854
-0.001831
-0.001953
-0.001465
-0.001099
-0.001953
-0.001221
-0.000732
-0.002197
-0.001587
-0.001343
-0.000488
-0.001709
-0.000977
-0.001099
-0.000366
-0.002075
-0.002441
-0.001221
-0.001953
0.000122
-0.001343
-0.000366
-0.001831
-0.001465
0.000122
-0.001221
-0.000122
-0.000977
-0.001709
-0.000244
-0.002441
-0.002441
-0.002197
-0.002075
-0.002075
-0.001709
-0.001343
-0.001831
-0.001709
-0.001465
-0.001587
0.000000
-0.000488
-0.002075
-0.001465
-0.000610
-0.000854
-0.000610
-0.000732
-0.000610
-0.001587
-0.002197
-0.000366
-0.001221
-0.001831
-0.001221
-0.001465
-0.001099
-0.001465
-0.001343
-0.002075
-0.000854
-0.001221
-0.001587
-0.000977
-0.001587
-0.000854
-0.000610
-0.000854
-0.001953
-0.001099
-0.001953
-0.001099
-0.001465
-0.000610
-0.001831
-0.002075
-0.000732
-0.000732
-0.001831
-0.001343
-0.001465
-0.002197
-0.001343
-0.002075
-0.000122
-0.000366
-0.001221
-0.000977
-0.002319
-0.000732
-0.001831
-0.001465
-0.000977
-0.001465
-0.001709
0.000122
-0.001221
-0.001221
-0.000854
-0.000977
-0.000854
-0.001099
-0.001831
-0.001099
-0.001709
-0.001099
-0.002686
-0.001709
-0.000854
-0.002075
-0.001099
-0.001709
-0.000732
-0.001099
-0.000854
-0.001953
-0.001465
-0.001465
-0.001831
-0.001099
-0.001221
-0.000977
-0.001465
-0.001343
-0.001343
-0.001343
-0.000488
-0.001831
-0.000854
-0.000854
-0.002197
-0.001465
-0.000732
-0.001343
-0.002319
-0.001953
-0.001709
-0.000854
-0.000977
-0.001221
-0.000977
-0.001465
-0.001831
-0.000610
-0.002441
-0.001953
-0.001587
-0.000854
0.000122
-0.000854
-0.000732
-0.001587
-0.000244
-0.000488
-0.000732
-0.001343
-0.001465
-0.002319
-0.001221
-0.001831
-0.000122
-0.000977
-0.002808
-0.000854
-0.002197
-0.000854
-0.001221
-0.002197
-0.001465
-0.002441
-0.000854
-0.002441
-0.002441
-0.001221
-0.001465
-0.000122
-0.001343
-0.000610
-0.000732
-0.001953
-0.001099
-0.000366
-0.001221
-0.001221
-0.001221
-0.001221
-0.000977
-0.000488
-0.001831
-0.000244
-0.002319
-0.001343
-0.001221
-0.001709
-0.001587
-0.001343
-0.001099
-0.001465
-0.001221
-0.001099
-0.002319
-0.001343
-0.000732
-0.001343
-0.001343
-0.000977
-0.001099
-0.000977
-0.001343
-0.001221
-0.001587
-0.000732
0.000000
-0.000854
-0.001709
-0.001831
-0.001221
-0.001709
-0.001587
0.000000
-0.001587
-0.000122
-0.002075
-0.002563
-0.001953
-0.001343
-0.001099
-0.001953
-0.001709
-0.001465
-0.001099
-0.001099
-0.001587
-0.001099
-0.000610
-0.001465
-0.001831
-0.000732
-0.001343
-0.001831
-0.001465
-0.002930
-0.001465
-0.001343
-0.001709
-0.001831
-0.001221
-0.000610
-0.002441
-0.000854
-0.001221
-0.002563
-0.001221
-0.001343
-0.001831
-0.001221
-0.001587
-0.000854
-0.001587
-0.001709
-0.001221
-0.001831
-0.002075
-0.001221
-0.002197
-0.001953
-0.000854
-0.002930
-0.001709
-0.001709
-0.001221
-0.001099
-0.001221
-0.000244
-0.001099
-0.000732
-0.001221
-0.001465
-0.000122
-0.001221
-0.002319
-0.001465
-0.001221
-0.001221
-0.001587
-0.002563
-0.000854
-0.001953
-0.000610
-0.001221
-0.001099
-0.000732
-0.001953
-0.001465
-0.000610
-0.001953
-0.001709
-0.002075
-0.002075
-0.002319
-0.001709
-0.000977
-0.000977
-0.001099
-0.000977
-0.000244
-0.001221
-0.001465
-0.001221
-0.000732
-0.001343
-0.001221
-0.001343
-0.000732
-0.001953
-0.001099
-0.001221
-0.001099
-0.001099
-0.001343
-0.002686
-0.001099
-0.001099
-0.002075
-0.001709
-0.001465
-0.001099
-0.001709
-0.001831
-0.002441
-0.000610
-0.001221
-0.002686
-0.001221
-0.002441
-0.000488
-0.001099
-0.000732
-0.000854
-0.002197
-0.001465
-0.002319
-0.001709
-0.000610
-0.001343
-0.001343
-0.001221
-0.000610
-0.000244
-0.001709
-0.000610
-0.000977
-0.000854
-0.001587
-0.000732
-0.001831
-0.000122
-0.001831
-0.002075
-0.001343
-0.000610
-0.000732
0.000000
-0.001587
-0.002197
-0.001709
-0.001587
-0.001587
-0.002930
-0.001587
-0.000366
-0.001953
-0.001343
-0.001465
-0.002075
-0.001099
-0.001343
-0.001953
-0.000610
0.000000
-0.000488
-0.001831
-0.001465
-0.000488
-0.000610
-0.001099
-0.002197
-0.001099
-0.000732
-0.002075
-0.001587
-0.000122
-0.002197
-0.001587
-0.001221
-0.001953
-0.001587
-0.001709
-0.001221
-0.002441
-0.001709
-0.000732
-0.000977
-0.001953
-0.002075
-0.002075
-0.001465
-0.001709
-0.001709
-0.000366
-0.000977
-0.001709
-0.001709
-0.000366
-0.001343
-0.002075
-0.001953
-0.000610
-0.000732
-0.001587
-0.001221
-0.001099
-0.001343
0.000000
-0.000488
-0.001953
-0.001343
-0.001343
-0.001343
-0.001099
-0.000977
-0.000732
-0.001221
-0.001709
-0.000854
-0.000244
-0.001465
-0.000854
-0.001465
-0.001953
-0.001709
-0.001465
-0.000488
-0.000977
-0.000610
-0.001709
-0.001099
-0.001709
-0.002319
-0.001587
-0.001099
-0.001221
0.000000
-0.001465
-0.002197
-0.001099
-0.001831
-0.001221
-0.001465
-0.001221
-0.001587
-0.001099
-0.001831
-0.001343
-0.001587
-0.000732
-0.001343
-0.001221
-0.001099
-0.002319
-0.000854
-0.001709
-0.002319
-0.001099
-0.001709
-0.001831
-0.001587
-0.000977
-0.000977
-0.001831
-0.001465
-0.001343
-0.001221
-0.000732
-0.002808
-0.001709
-0.002075
-0.002197
-0.002075
-0.001465
-0.001099
-0.001099
-0.001465
-0.001099
-0.002319
-0.001343
-0.000977
-0.001953
-0.002197
-0.001221
-0.001221
-0.002441
0.000000
-0.001465
-0.000854
-0.000977
-0.001343
-0.000488
-0.001953
-0.002075
-0.001709
-0.002319
-0.000854
-0.000610
-0.000977
-0.002197
-0.001221
-0.001099
-0.001343
-0.001221
-0.001465
-0.001709
-0.002319
-0.001465
-0.000977
-0.000977
-0.000610
-0.001221
-0.000977
-0.001099
-0.000610
-0.001709
-0.000977
-0.000854
-0.001221
-0.001709
-0.000854
-0.001953
-0.001465
-0.001099
-0.001953
-0.000732
-0.000854
-0.001587
-0.000977
-0.000488
-0.001831
-0.000854
-0.001709
-0.002075
-0.002563
-0.001587
-0.000732
-0.001221
-0.001343
-0.000977
-0.000244
-0.001831
-0.000732
-0.001587
-0.001587
-0.000732
-0.002197
-0.000244
-0.001465
-0.001099
-0.001831
-0.001221
-0.001587
-0.001343
0.000488
-0.001587
-0.000977
-0.000977
-0.002686
-0.001465
-0.000488
-0.000854
-0.001465
-0.000854
-0.002075
-0.002319
-0.000366
-0.000488
-0.001831
-0.001099
-0.001343
-0.003174
-0.001953
-0.001465
-0.001709
-0.000610
-0.001465
-0.001099
-0.000610
-0.001221
-0.001831
0.000000
-0.000977
-0.001953
-0.001587
-0.002686
-0.001465
-0.001221
-0.002197
-0.002197
-0.002563
-0.002808
-0.001343
-0.000244
-0.002563
-0.001465
-0.001221
-0.001343
-0.001953
-0.001221
0.000000
-0.001709
-0.000854
-0.001099
-0.001831
-0.001709
-0.001343
-0.002808
-0.001587
-0.000244
-0.001831
-0.001587
-0.001831
-0.001465
-0.000610
-0.001099
-0.002075
-0.001343
-0.000732
-0.001221
-0.001587
-0.001709
-0.000610
-0.001709
-0.001343
-0.001343
-0.002930
-0.002441
-0.001099
-0.000610
-0.001099
-0.001953
-0.001221
-0.001221
-0.000366
-0.000732
-0.001587
-0.000732
-0.001953
-0.002075
-0.000854
-0.001587
-0.000854
-0.002075
-0.001465
-0.000488
-0.001953
-0.001709
-0.001953
-0.001587
-0.001221
-0.001221
-0.002808
-0.000854
-0.001587
-0.000732
0.000366
-0.002808
-0.001587
-0.002441
-0.000854
-0.001099
-0.000610
-0.001221
-0.001343
-0.001465
-0.001587
-0.000977
-0.001953
-0.001953
-0.000732
-0.000854
-0.002075
-0.000122
-0.001709
-0.001099
-0.000977
-0.001465
-0.001343
-0.000610
-0.001099
-0.000977
-0.000122
-0.003540
-0.001221
-0.001343
-0.000854
0.000366
-0.000977
-0.002075
-0.001587
-0.001465
-0.002075
-0.001343
-0.000977
-0.002197
-0.000732
-0.001709
-0.001465
-0.001831
-0.002197
-0.000854
-0.001465
-0.000244
-0.001709
-0.000366
-0.001587
-0.000854
-0.000732
-0.001953
-0.000854
-0.003052
-0.001709
-0.002930
0.000000
-0.001587
-0.001587
-0.002441
-0.001587
-0.000122
-0.001221
-0.000977
-0.001099
-0.001099
-0.001221
-0.000610
-0.002319
-0.000366
-0.001343
-0.001709
0.000610
-0.000610
-0.001465
-0.001587
-0.001099
-0.001953
-0.000610
-0.001709
-0.001221
-0.002075
-0.000854
-0.001465
-0.002563
-0.001465
-0.001831
-0.001099
-0.000366
-0.002197
-0.001099
-0.001465
-0.001953
-0.001343
-0.001099
-0.000854
-0.001343
-0.002075
-0.001099
-0.001465
-0.000854
-0.001221
-0.002075
-0.001343
-0.001831
-0.001099
0.000000
-0.001953
-0.002319
-0.002563
-0.000732
-0.002930
-0.001099
-0.000977
-0.002197
-0.002075
-0.001709
-0.001465
-0.000732
-0.001343
-0.001343
-0.000610
-0.001953
-0.001465
-0.001343
-0.002197
-0.001587
-0.001465
-0.001709
-0.002197
-0.001343
-0.000122
-0.001465
-0.000244
-0.001343
-0.001465
-0.001465
-0.000977
-0.000977
-0.000244
-0.001343
-0.001953
-0.000366
-0.002563
-0.001587
0.000000
-0.000610
-0.001343
-0.001221
-0.000977
-0.001465
-0.001221
-0.000366
-0.000610
-0.001343
-0.002686
-0.001465
-0.001709
-0.001099
-0.000488
-0.002197
-0.001343
-0.001343
-0.001953
-0.000366
-0.001221
-0.001587
-0.000122
-0.001465
-0.001221
-0.001831
-0.001709
-0.002563
-0.001709
-0.001587
-0.001465
-0.002197
-0.001709
-0.000854
-0.001221
-0.001099
-0.001709
0.001221
-0.001221
-0.002686
-0.000122
-0.002441
-0.001709
-0.000854
-0.000732
-0.001953
-0.001587
-0.001709
-0.000244
-0.001221
-0.000366
-0.000122
-0.002563
-0.002441
-0.001465
-0.002441
-0.002441
-0.001099
-0.001709
-0.002075
-0.000854
-0.001831
-0.001099
-0.000488
-0.001221
-0.000732
-0.001587
-0.001587
-0.000732
-0.002197
-0.000854
-0.002319
-0.001709
-0.001099
-0.001465
-0.001343
-0.001587
-0.001587
-0.001343
-0.002808
-0.001465
-0.001831
-0.002930
-0.001709
-0.001343
-0.001831
-0.001343
-0.002930
-0.001587
-0.000977
-0.001831
-0.000854
-0.000366
-0.002197
-0.002563
-0.001099
-0.001099
-0.002441
-0.000854
-0.001221
-0.001831
-0.002075
-0.001709
-0.001099
-0.000244
-0.001587
-0.001831
-0.001465
-0.002075
-0.001587
-0.002808
-0.000732
-0.001709
-0.001221
-0.001343
-0.001709
-0.000488
-0.001343
-0.000854
-0.001343
-0.001099
-0.000122
-0.001587
-0.001221
-0.001099
-0.001343
-0.001343
-0.001709
-0.001343
-0.001587
-0.001343
-0.000610
-0.001709
-0.001709
-0.001709
-0.001587
-0.000732
-0.000488
-0.002197
-0.001587
-0.000366
-0.001709
-0.002197
-0.001221
-0.001587
-0.001221
-0.001343
-0.001099
-0.001709
-0.001465
-0.001831
-0.002075
-0.002197
-0.000732
-0.001099
-0.001587
-0.001221
-0.000732
-0.001831
-0.000732
-0.001343
-0.002319
-0.002075
-0.002319
-0.000854
-0.000366
0.000488
-0.000488
-0.000610
-0.002563
-0.000366
-0.000977
-0.001465
0.000122
-0.001465
-0.002075
-0.001587
-0.001221
-0.000610
-0.001221
-0.001221
-0.000610
-0.001343
-0.001709
-0.001831
-0.000854
-0.000610
-0.001587
-0.001465
-0.000488
-0.001099
-0.001831
-0.001465
-0.001831
-0.002197
-0.001709
-0.001465
-0.000610
-0.001221
-0.002075
-0.003296
-0.000610
-0.000977
-0.001831
-0.001465
-0.001465
-0.000366
-0.002319
-0.001709
-0.002197
-0.000732
0.000488
-0.001587
-0.001343
-0.000488
-0.000854
-0.001587
-0.001709
-0.001343
-0.001709
-0.000854
-0.001465
-0.001587
-0.001587
-0.001465
-0.000488
-0.001587
-0.000977
-0.001099
-0.001221
-0.001709
-0.001587
-0.000854
-0.000977
-0.002075
-0.001099
-0.001587
-0.001831
-0.001709
-0.001099
-0.000854
-0.000854
-0.000854
-0.001099
-0.001221
-0.000366
-0.001709
-0.000854
0.000000
0.000244
0.000000
-0.001465
-0.001709
-0.002441
-0.002319
-0.001709
-0.002319
-0.000488
-0.001343
-0.000977
-0.001953
-0.002441
-0.000732
-0.002686
-0.001953
-0.000854
-0.001831
-0.001343
-0.001831
-0.001465
-0.002075
-0.001343
-0.001343
-0.001587
-0.000977
-0.000732
-0.002441
-0.000854
-0.000977
-0.001953
-0.000732
-0.000610
-0.001831
-0.001587
-0.000854
-0.001709
-0.001465
-0.001465
-0.001831
-0.000854
-0.001343
-0.000977
-0.000610
-0.001709
-0.001831
0.000244
-0.000977
-0.002563
-0.001099
-0.001221
-0.002319
-0.001709
-0.001343
-0.000366
-0.002686
-0.002075
-0.002563
-0.001099
-0.001343
-0.002075
-0.001465
-0.000366
-0.001953
-0.001221
-0.001831
-0.000488
-0.001343
-0.000977
-0.001465
-0.002563
-0.001587
-0.002319
-0.001587
-0.001587
-0.001587
-0.001587
-0.002075
-0.001587
-0.001343
-0.000488
-0.002197
-0.000732
-0.000732
-0.000488
-0.001099
-0.000854
-0.001465
-0.001221
-0.002319
-0.003052
-0.001099
-0.002441
-0.001221
-0.001221
-0.000244
-0.001099
-0.001221
-0.001221
-0.003052
-0.002930
-0.001587
-0.000732
-0.002441
-0.000610
-0.001465
-0.002075
-0.001099
-0.000610
-0.001343
-0.002319
-0.000488
-0.001953
-0.001953
-0.002563
-0.001587
-0.002075
-0.000732
-0.000854
-0.001221
-0.001587
-0.001343
-0.002075
-0.001587
-0.002686
-0.001709
-0.000854
-0.001831
-0.001343
-0.001221
-0.001343
-0.001221
-0.001587
-0.001709
-0.001099
-0.001831
-0.000854
-0.001343
-0.001343
-0.002441
-0.000610
-0.001099
-0.001587
-0.000977
-0.001343
-0.000610
-0.002075
-0.001099
-0.000977
-0.001831
-0.000854
-0.000854
-0.001587
-0.001221
0.000122
-0.000366
-0.001587
-0.001709
-0.002441
-0.000732
-0.001099
-0.000977
-0.002075
-0.001221
-0.001831
-0.000854
-0.000244
-0.001099
-0.001343
-0.001953
-0.002075
-0.000854
-0.000366
-0.000854
-0.002075
-0.002319
-0.001099
-0.000977
-0.001831
-0.001709
0.000244
-0.001709
-0.000854
-0.001099
-0.000122
-0.000854
-0.001709
-0.002563
-0.002075
-0.000854
-0.001953
-0.001709
-0.001709
-0.001221
-0.000610
-0.001587
-0.001465
-0.001343
-0.001221
-0.000610
0.000000
-0.001709
-0.000610
-0.000610
-0.001953
-0.001343
-0.001099
-0.001099
-0.000610
-0.000732
-0.002197
-0.002075
-0.001221
-0.001587
-0.000488
-0.001465
-0.001587
-0.002075
-0.002197
-0.001343
-0.001465
-0.000977
-0.001099
-0.001343
-0.000610
-0.000610
-0.000732
-0.001465
-0.001587
-0.001221
-0.000488
-0.000366
-0.001587
-0.000122
-0.001831
-0.001953
-0.000488
-0.002319
-0.001465
-0.001099
-0.000854
-0.000366
-0.000977
-0.000488
-0.000854
-0.000977
-0.000732
-0.001221
-0.001465
-0.001343
-0.002075
-0.001343
-0.001099
-0.001831
-0.001465
-0.001099
-0.000854
-0.001221
-0.001587
-0.001831
-0.001221
-0.000244
-0.001709
-0.000977
-0.001221
-0.001343
-0.001221
-0.002319
-0.002197
-0.001465
-0.000732
-0.001221
-0.000732
-0.000854
-0.001343
-0.001099
-0.000122
-0.000854
-0.002441
-0.001709
-0.000977
-0.001099
-0.000122
-0.001099
-0.001587
-0.002441
-0.001221
-0.000610
-0.000488
-0.001343
-0.001221
-0.001953
-0.000488
-0.002075
-0.001343
-0.000488
-0.002319
-0.001587
-0.000122
-0.001831
-0.001099
-0.000122
-0.001831
-0.002197
-0.001709
-0.002197
-0.001709
-0.000610
-0.000854
-0.001099
-0.002441
-0.001221
-0.000854
-0.002563
-0.002197
-0.001099
-0.002075
-0.001953
-0.000610
-0.002075
-0.001709
-0.001465
-0.001587
-0.000732
-0.000854
-0.001953
-0.001221
-0.000366
-0.001343
-0.001465
-0.001953
-0.001343
-0.000854
-0.001221
-0.001587
-0.001343
-0.000977
-0.001099
-0.001343
-0.000977
-0.000977
-0.001099
-0.001709
-0.000488
-0.000977
-0.000122
-0.001343
-0.000854
-0.001465
-0.001465
-0.001953
-0.001709
-0.000732
-0.001709
-0.000732
-0.001831
-0.000854
-0.000977
-0.001831
-0.002075
-0.000610
-0.001465
-0.001465
-0.001099
-0.001221
-0.001953
-0.000610
-0.001831
-0.000854
-0.000244
-0.002808
-0.001587
-0.001465
-0.001587
-0.001343
-0.001587
-0.001709
-0.001465
-0.000854
-0.001099
-0.001709
-0.001709
-0.000732
-0.000977
-0.002075
-0.001709
-0.001343
-0.000244
-0.000732
-0.001343
-0.001587
-0.001709
-0.001343
-0.002197
-0.001465
-0.001221
-0.001831
-0.001709
-0.001953
-0.001709
-0.001465
-0.001343
-0.001709
-0.001831
-0.001099
-0.001465
-0.000854
-0.000732
-0.000854
-0.000977
-0.002319
-0.000732
-0.001587
-0.001953
-0.001709
-0.000244
-0.001099
-0.002197
-0.002808
-0.001465
-0.000366
-0.001709
-0.001221
-0.001465
-0.001221
-0.001587
-0.001343
-0.001831
-0.002197
-0.001343
-0.001953
-0.001587
-0.001221
-0.001221
-0.001953
-0.000854
-0.001465
-0.000732
-0.001221
-0.001709
-0.000732
-0.000977
-0.002075
-0.001099
-0.002319
-0.000854
-0.001099
-0.002075
-0.002930
-0.000244
-0.001587
-0.000610
-0.000854
-0.001099
-0.001221
-0.000977
-0.001099
-0.001587
-0.000488
-0.001221
-0.000732
-0.000488
-0.001831
-0.001343
-0.002197
-0.001343
-0.000854
-0.001709
-0.000854
-0.000244
-0.001221
-0.003662
-0.000854
-0.001465
-0.000977
-0.001465
-0.001221
-0.001099
-0.000977
-0.001831
-0.001587
-0.001099
-0.000977
-0.000977
-0.002075
-0.002441
-0.001343
-0.002075
-0.000732
-0.002319
-0.001587
0.000244
-0.000854
-0.002319
-0.000732
-0.002319
-0.002197
-0.000610
-0.001953
-0.001465
-0.002197
-0.001709
-0.001953
-0.002319
-0.001221
-0.001953
-0.001953
-0.000732
-0.001709
-0.001343
-0.001587
-0.000732
-0.001953
-0.002075
-0.002197
-0.001221
-0.001831
-0.002808
-0.000244
0.000000
-0.000977
-0.000977
-0.000732
-0.001343
-0.000977
-0.001709
-0.000732
-0.000732
-0.000977
-0.001221
-0.001221
-0.001587
-0.001099
-0.001587
-0.001099
-0.000977
-0.002686
-0.000366
-0.002197
-0.001099
-0.000122
-0.001099
-0.001221
-0.001465
-0.000122
-0.002686
-0.001099
-0.000732
-0.001831
-0.001709
-0.001465
-0.001343
-0.001587
-0.001343
-0.002197
-0.001465
-0.001709
-0.001221
-0.001465
-0.000977
-0.001465
-0.000488
-0.002441
-0.000366
-0.001587
-0.001587
-0.001709
0.000122
-0.001587
-0.001343
-0.001709
-0.001465
-0.000732
-0.000977
-0.002197
-0.000854
-0.001587
-0.001099
-0.001953
-0.001343
-0.001587
-0.001465
-0.001343
-0.001465
0.000122
-0.000854
-0.000977
-0.001099
-0.001099
-0.000977
-0.001343
-0.001343
-0.002075
-0.001343
-0.000732
-0.000977
-0.000854
-0.001587
-0.001465
-0.001099
-0.001953
-0.000732
-0.002197
-0.001587
-0.000366
-0.001221
-0.001221
-0.001709
-0.001587
-0.000244
-0.002441
-0.000610
-0.000854
-0.000977
-0.000732
-0.001709
-0.000854
-0.001953
-0.001343
-0.000244
-0.001587
-0.001831
-0.001221
-0.001953
-0.001343
-0.001343
-0.002075
-0.001587
-0.001831
-0.001709
-0.001953
-0.000610
-0.001465
-0.002441
-0.001099
-0.000610
-0.001099
-0.001709
-0.001831
0.000122
-0.000610
-0.002197
-0.001221
-0.001221
-0.002197
-0.001709
-0.001953
-0.000610
-0.002441
-0.002563
-0.001709
-0.000122
-0.001465
-0.001465
-0.001587
-0.002441
-0.001587
-0.001831
-0.000610
-0.001831
-0.000732
-0.001343
-0.001343
-0.001587
-0.001709
-0.001343
-0.001709
-0.001831
-0.001587
-0.001099
-0.000366
-0.000854
-0.001099
-0.000977
-0.000854
-0.000610
-0.001953
-0.001221
-0.001343
-0.000122
-0.000366
-0.002563
-0.001343
-0.001831
-0.001709
-0.001709
-0.000732
-0.001587
-0.000977
-0.001465
-0.000854
-0.001343
-0.002197
-0.001709
-0.001953
-0.001587
-0.001221
-0.001953
-0.001221
-0.001221
-0.001953
-0.002319
-0.000854
-0.002075
-0.001343
-0.000977
-0.000366
-0.001343
-0.001465
-0.001709
-0.001831
-0.002075
-0.001953
-0.000854
-0.001953
-0.002075
-0.001343
-0.001465
-0.001343
-0.000366
-0.001709
0.000000
-0.001587
-0.001343
0.000732
-0.003418
-0.001709
0.000488
-0.000610
-0.001343
-0.002075
-0.001099
-0.002075
-0.000122
-0.002075
-0.001465
-0.001831
-0.001709
-0.000854
-0.001465
-0.001099
-0.002930
-0.001587
-0.002319
-0.000854
0.000244
-0.002197
-0.002563
-0.001709
-0.002197
-0.002075
-0.001221
-0.002075
-0.000732
-0.000977
-0.002441
-0.000854
-0.001831
-0.001709
-0.000366
-0.002563
-0.000732
-0.001099
-0.000732
-0.000610
-0.001953
-0.001343
-0.000488
-0.002319
-0.001221
0.000122
-0.001953
-0.001587
-0.000854
-0.001953
-0.001709
-0.001709
-0.001099
-0.001709
-0.003296
-0.000610
-0.000366
-0.002075
-0.001465
-0.000244
-0.001099
-0.001953
-0.000366
-0.001587
-0.001343
-0.000244
-0.001343
-0.000366
-0.002197
-0.000854
-0.001099
-0.000854
-0.000610
-0.001709
-0.001343
-0.002319
-0.001221
-0.001099
-0.001709
-0.001587
-0.001221
-0.000488
-0.001831
-0.002441
-0.000732
-0.001221
-0.000122
-0.001465
-0.002563
-0.000854
-0.001099
-0.001709
-0.001465
-0.001709
0.000366
-0.000366
-0.001709
-0.000977
-0.000122
-0.000732
-0.001221
-0.001465
-0.001221
-0.001465
-0.001221
-0.001831
-0.000854
-0.002075
-0.001343
-0.001709
-0.002441
-0.001709
-0.001465
-0.001343
-0.000977
-0.000977
-0.002319
-0.000854
-0.001953
-0.003296
-0.002075
-0.000854
-0.001343
-0.002197
-0.002197
-0.001343
-0.002319
-0.001343
-0.000610
-0.001343
-0.001099
-0.000977
-0.002319
-0.001343
-0.001831
-0.001709
-0.001953
-0.001953
-0.001953
-0.000854
-0.000732
-0.000854
-0.001221
-0.001343
-0.002686
-0.000732
-0.001709
-0.001953
-0.000854
-0.000977
-0.002075
-0.000854
-0.001709
-0.001099
-0.001343
-0.001709
-0.001465
-0.001099
-0.001709
-0.001221
-0.002075
-0.001953
0.000000
-0.001343
-0.002197
-0.000610
0.000122
-0.001709
-0.001587
-0.000244
-0.002319
-0.000732
-0.001343
-0.000122
-0.001343
-0.001587
-0.001221
-0.001221
-0.000977
-0.002441
-0.001709
-0.001221
0.000122
-0.000977
-0.002197
-0.001587
-0.001831
-0.002441
-0.001221
-0.000854
-0.001343
-0.001709
-0.000854
-0.002197
-0.001587
-0.000610
-0.001343
-0.001343
-0.001099
-0.001465
-0.001831
-0.001343
-0.002319
-0.000854
-0.000610
-0.001221
-0.001465
-0.001953
-0.001465
-0.001831
-0.001099
-0.000488
-0.001709
-0.000732
-0.002441
-0.002808
-0.002075
-0.002075
-0.001953
-0.002319
-0.001099
-0.000732
-0.001221
-0.001343
-0.000732
-0.001343
-0.002197
-0.002563
-0.002197
-0.001221
-0.000854
-0.001709
-0.000854
-0.000977
-0.002319
-0.002441
-0.001343
-0.001587
-0.000488
-0.000488
-0.000854
-0.002075
-0.000732
-0.000610
-0.002441
-0.000732
-0.001221
-0.001953
-0.001343
-0.000977
-0.001099
-0.001465
-0.000732
-0.001221
-0.001953
-0.000732
-0.001465
-0.000977
-0.001099
-0.001465
-0.001465
-0.001587
-0.001709
-0.000977
-0.002319
-0.002563
-0.002197
-0.001709
-0.001587
-0.002075
-0.000610
-0.000854
-0.000488
-0.000854
-0.002197
-0.001587
-0.002197
-0.002197
-0.001099
-0.001831
-0.001709
-0.001709
-0.002075
-0.002563
-0.002075
-0.002075
0.000000
-0.001587
-0.001709
-0.001221
-0.001099
-0.002197
-0.001343
-0.001465
-0.001099
-0.001343
-0.002441
-0.002197
-0.002075
-0.001343
-0.000977
-0.002686
-0.001343
-0.001587
-0.001465
-0.002197
-0.000854
-0.002075
-0.001099
-0.001099
-0.002563
-0.001221
-0.002441
-0.000854
-0.001465
-0.001587
-0.001099
-0.000488
-0.001343
-0.001343
-0.002686
-0.001587
-0.001343
-0.001343
-0.000977
-0.000732
-0.000854
-0.001831
-0.001709
-0.001099
-0.001709
-0.001465
-0.001221
-0.002319
-0.000854
-0.001953
-0.000122
-0.000244
-0.001465
-0.002808
-0.001221
-0.001709
-0.000977
-0.000488
-0.002319
-0.001465
-0.001831
-0.000610
-0.001831
-0.002563
-0.001343
-0.001587
-0.001587
-0.001953
-0.001465
-0.002319
-0.001343
-0.000977
-0.002930
0.000488
-0.001465
-0.001221
0.000000
-0.001099
-0.001343
-0.001343
-0.001831
-0.001709
-0.001343
-0.000977
-0.000488
-0.002197
-0.001953
-0.001099
-0.002319
-0.001587
-0.000732
0.000000
-0.001831
-0.001953
-0.000854
-0.001221
-0.001587
-0.001343
-0.001831
-0.001587
-0.000977
-0.002686
-0.001465
-0.001953
-0.000732
-0.000977
-0.001587
-0.001343
-0.002075
-0.001465
-0.001465
-0.000610
-0.000854
-0.002075
-0.001587
-0.001587
-0.001709
-0.000610
-0.001953
-0.001709
-0.000854
-0.001221
-0.000854
-0.001221
-0.001465
-0.000488
-0.001465
-0.001221
-0.002686
-0.001343
-0.000488
-0.002075
-0.001099
-0.001099
-0.000977
-0.001343
-0.002197
-0.001221
-0.001465
-0.000122
-0.000244
-0.001465
-0.001709
-0.000122
-0.001221
-0.001587
-0.003296
-0.000732
-0.000977
-0.000732
-0.001099
-0.002563
-0.001709
-0.001709
-0.001099
-0.001953
-0.001587
-0.000977
-0.000366
-0.002686
-0.001465
-0.000732
-0.001343
-0.001343
-0.001587
-0.002197
-0.002441
-0.001709
-0.002075
-0.001953
-0.001587
0.000488
-0.002441
-0.000122
-0.001465
-0.001221
-0.001465
-0.001221
-0.001221
-0.001465
-0.000977
-0.001343
-0.001099
-0.001465
-0.001221
-0.002075
-0.000854
-0.002197
-0.001465
-0.000122
-0.001587
-0.002319
-0.001465
-0.001709
-0.001465
-0.001343
-0.001099
-0.000366
-0.001221
-0.000732
-0.001221
-0.000854
-0.000732
-0.001587
-0.001709
-0.001343
-0.000610
-0.000732
-0.002441
-0.002930
-0.001709
-0.001709
-0.000732
-0.002319
-0.000244
-0.001953
-0.002075
-0.001343
-0.001343
-0.001709
-0.000732
-0.000977
-0.001587
-0.001587
-0.001587
-0.001099
-0.000977
-0.001709
-0.001465
-0.000732
-0.000977
-0.000977
-0.001099
-0.000732
-0.003174
-0.001953
-0.001343
-0.000977
-0.002686
-0.002075
-0.000854
-0.002319
-0.001221
-0.001221
-0.003296
-0.000732
-0.002808
-0.001587
-0.000610
-0.001831
-0.001953
-0.002319
-0.000854
-0.002075
-0.001221
-0.001221
-0.001343
-0.000122
-0.000366
-0.001221
-0.000610
-0.001709
-0.000366
-0.001587
-0.000488
-0.001099
-0.001465
0.000000
-0.001221
-0.002319
-0.001587
-0.001343
-0.001709
-0.001465
-0.001343
-0.001953
-0.001587
-0.001831
-0.001343
-0.002563
-0.001587
-0.001587
-0.000366
-0.001221
-0.001465
-0.002319
-0.000854
-0.001465
-0.001831
-0.001099
-0.001587
-0.001953
-0.001099
-0.000854
-0.001709
-0.000854
-0.001587
-0.001709
-0.001221
-0.001221
-0.001343
-0.001221
-0.000977
-0.001587
-0.001099
-0.000977
-0.001709
-0.000977
-0.000977
-0.001831
-0.001709
-0.001831
-0.001709
-0.001221
-0.001587
-0.001465
-0.001709
-0.002319
-0.001099
-0.001709
-0.001465
-0.001587
-0.000977
-0.001099
-0.001709
-0.001709
-0.001221
-0.001587
-0.001709
-0.000610
-0.001099
0.000366
-0.001221
-0.002197
-0.001587
-0.001343
-0.001709
-0.001953
-0.000610
-0.002319
-0.001099
-0.001099
-0.001587
-0.001465
-0.001099
-0.000244
-0.002563
-0.001953
-0.001587
0.000000
-0.001465
-0.001587
-0.000122
-0.002808
-0.000610
-0.001953
-0.002930
-0.001587
-0.001465
-0.002686
-0.000244
-0.000977
-0.001587
-0.002686
-0.001465
-0.001099
-0.001343
-0.001831
-0.001709
-0.000977
-0.001953
-0.000610
-0.001709
-0.001831
-0.001953
0.000000
-0.001343
-0.002075
-0.001343
-0.001099
-0.001831
-0.000854
-0.000610
-0.000732
-0.000610
-0.001343
-0.001587
-0.000610
-0.001465
-0.001099
-0.002441
-0.000610
-0.001343
-0.001343
-0.000488
-0.001831
-0.001587
-0.001099
-0.001953
-0.001709
-0.001099
-0.001587
-0.001221
-0.001099
-0.000122
-0.001831
-0.001587
-0.000488
-0.000854
-0.001587
-0.001831
-0.001343
-0.002441
-0.001709
-0.000854
-0.000854
-0.001221
-0.000244
-0.000732
-0.001587
-0.001953
-0.001099
-0.000244
-0.001221
-0.001343
-0.001465
-0.001343
-0.001221
-0.001831
-0.000488
-0.001099
-0.002930
-0.001221
-0.001587
-0.000610
-0.002075
-0.001953
-0.000854
-0.002441
-0.000488
-0.001831
-0.001465
-0.000488
-0.001343
-0.000488
-0.002441
-0.002563
-0.000854
-0.000732
-0.002319
-0.000854
-0.002197
-0.001343
-0.001709
-0.001831
-0.000610
-0.002441
-0.000854
-0.000244
-0.001343
-0.001465
-0.002686
-0.002075
-0.000854
-0.001831
-0.001343
-0.001587
-0.000977
-0.000977
-0.001587
-0.001221
-0.000732
-0.001953
-0.001465
-0.001953
-0.000732
-0.000854
-0.001343
-0.001099
-0.002197
-0.000854
-0.001465
-0.001831
-0.001221
-0.001831
-0.002075
-0.000854
-0.000732
-0.001587
-0.001465
-0.002075
-0.000610
-0.001587
-0.000854
-0.000732
-0.001465
-0.001465
-0.002075
-0.001465
-0.000732
-0.002075
-0.000854
-0.000610
-0.001709
-0.002197
-0.001953
-0.001343
-0.001099
0.000122
-0.000122
-0.001587
-0.002197
-0.000610
-0.000488
-0.001099
-0.001343
-0.001465
-0.001343
-0.001587
-0.001221
-0.001587
-0.001587
-0.001221
-0.000977
-0.002197
-0.000732
-0.001953
-0.001343
-0.000854
-0.001465
-0.000977
-0.000732
-0.000488
-0.001587
-0.002075
-0.001587
-0.001221
-0.000488
-0.001221
-0.001587
-0.000732
-0.000610
-0.000732
-0.001343
-0.002441
-0.001465
-0.001221
-0.000854
-0.000977
-0.001221
-0.000732
-0.002075
-0.000244
-0.001587
-0.000488
-0.001587
-0.001221
-0.001465
-0.001587
-0.000366
-0.001587
-0.001953
-0.000732
-0.002075
-0.000854
-0.000977
-0.001343
-0.000732
-0.000122
-0.001465
-0.001221
-0.000732
-0.002075
-0.000854
-0.001343
-0.000610
-0.000610
-0.001953
-0.001221
-0.002075
-0.002441
-0.000610
-0.000488
-0.001465
-0.001343
-0.001221
-0.001587
-0.001953
-0.001099
-0.000854
-0.001099
-0.001587
-0.001831
-0.001709
-0.001587
-0.001221
-0.001465
-0.001099
0.000000
-0.001465
-0.001831
-0.000854
0.000000
-0.001099
-0.000244
-0.001587
-0.000732
-0.002441
-0.001221
-0.002441
0.000000
-0.000732
-0.002197
-0.001099
-0.001953
-0.000244
-0.000610
-0.001343
-0.000732
-0.001465
-0.002197
-0.001465
-0.001465
-0.001587
-0.001831
-0.001709
-0.001099
-0.002686
-0.002075
-0.002319
-0.001709
-0.000854
-0.001953
-0.000854
-0.002075
-0.001709
-0.001343
-0.002075
-0.002563
-0.001343
-0.000977
-0.000977
-0.001709
0.000488
-0.002197
-0.000366
-0.000732
-0.001465
-0.001465
-0.001953
-0.001953
-0.001343
-0.001709
-0.001709
-0.001709
-0.001709
-0.001709
-0.001709
-0.001465
-0.001221
-0.001465
-0.001831
-0.001709
-0.001221
-0.001099
-0.001343
-0.001587
-0.001465
-0.000488
-0.001831
-0.002075
-0.001343
-0.002563
-0.000732
-0.001343
-0.000366
-0.000854
-0.002197
0.000000
0.000000
-0.001343
-0.001587
-0.001099
-0.001831
-0.002563
-0.001099
-0.000854
-0.000977
-0.000854
-0.001343
-0.001099
-0.002075
-0.001953
-0.001099
-0.000854
-0.000854
-0.001099
0.000244
-0.000122
-0.001221
-0.003052
-0.001099
-0.001831
-0.002197
-0.001099
-0.001343
-0.001831
-0.001709
-0.001099
-0.000977
-0.002808
-0.001465
-0.001099
-0.001343
-0.001221
-0.001221
-0.001465
-0.001221
-0.000854
-0.002441
-0.000732
-0.000977
-0.001831
-0.001465
-0.002197
-0.000366
-0.001099
-0.000977
-0.001953
-0.001709
-0.002075
-0.001709
-0.001221
-0.001709
-0.000977
-0.002319
-0.002075
-0.001587
-0.001099
-0.002075
-0.000854
-0.001709
-0.001465
-0.000488
-0.002197
-0.001099
-0.002075
-0.001709
-0.000488
-0.001953
-0.000366
-0.001587
-0.002930
-0.001221
-0.000732
-0.001221
-0.001709
-0.000854
-0.001221
-0.001587
-0.000244
-0.001465
-0.000854
-0.000488
-0.001221
-0.001709
-0.000732
-0.001465
-0.001343
-0.001587
-0.002197
-0.000854
-0.001465
-0.001221
-0.000610
-0.002075
-0.001221
-0.000732
-0.000854
-0.000854
-0.001953
-0.000854
-0.001099
-0.002563
-0.001709
-0.001953
-0.001221
-0.001221
-0.001221
-0.000854
-0.001709
-0.001953
-0.001709
-0.001587
-0.001221
-0.001831
-0.001953
-0.001343
-0.002197
-0.000610
-0.001587
-0.000610
-0.002075
-0.001343
0.000488
-0.001465
-0.000732
-0.000854
-0.002563
-0.001709
0.000122
-0.002441
-0.002197
-0.001343
-0.000854
-0.002441
-0.000854
-0.001587
-0.003052
-0.000122
-0.001587
-0.002563
-0.001709
-0.001953
-0.001709
-0.000732
-0.000977
-0.001953
-0.003052
-0.002197
-0.001465
-0.002930
-0.000854
-0.000854
-0.001587
-0.001099
-0.001831
-0.000854
-0.001343
-0.001709
-0.001221
-0.001831
-0.000854
-0.001221
-0.002563
-0.001221
-0.001587
-0.002075
-0.000854
-0.001587
-0.001099
-0.001953
-0.001221
-0.002197
-0.001709
-0.000488
-0.000122
-0.000610
-0.001587
-0.000854
-0.001953
-0.001709
-0.001709
-0.001343
-0.000732
-0.002319
-0.000854
-0.001831
-0.001587
-0.001709
-0.000977
-0.000732
-0.001221
-0.000610
0.000366
-0.000854
-0.000244
-0.001221
-0.001953
-0.002441
-0.002075
-0.000244
-0.001099
-0.002075
-0.001099
-0.002075
-0.001221
-0.000732
-0.002075
-0.002075
-0.002563
-0.001709
-0.000488
-0.001221
-0.000854
-0.001709
-0.001343
-0.001831
-0.001343
-0.002441
-0.000732
-0.001587
-0.001587
-0.001465
-0.001343
-0.001221
-0.001465
-0.002197
-0.001343
-0.001709
-0.001709
-0.001099
-0.002808
-0.000854
-0.001343
-0.000366
-0.001465
-0.001099
-0.001953
-0.001587
-0.002075
-0.000854
-0.002808
-0.000854
-0.002075
-0.001709
-0.001587
-0.001465
-0.001465
-0.001221
-0.001831
-0.001709
-0.001587
-0.001831
-0.001587
-0.001221
-0.001587
-0.002075
-0.001343
-0.001465
-0.002197
-0.001221
-0.000610
-0.000854
-0.002563
-0.001465
-0.000732
-0.002930
-0.001709
-0.001709
-0.001221
-0.001343
-0.001831
-0.002441
-0.000732
-0.001831
-0.001709
-0.001221
-0.001221
-0.002075
-0.001465
-0.000977
-0.000977
-0.001465
-0.001465
-0.001343
-0.000122
-0.002563
-0.001953
-0.000610
-0.001221
-0.001953
-0.001343
-0.001465
-0.002197
-0.001099
-0.000488
-0.002319
-0.001709
-0.000854
-0.001465
-0.001099
-0.001831
-0.000854
-0.001465
-0.000854
0.000610
-0.000977
-0.000854
-0.001343
-0.001099
-0.001343
-0.001709
-0.001953
-0.001709
-0.001953
-0.001709
-0.001221
-0.001343
-0.000732
-0.001465
-0.000854
-0.001221
-0.000977
-0.000854
-0.001465
-0.000977
-0.000732
-0.000854
-0.000977
-0.002686
-0.001343
-0.000610
-0.001709
-0.000610
-0.000610
-0.001709
-0.002441
-0.001221
-0.001465
-0.001099
-0.000610
-0.001587
-0.002075
-0.000244
-0.001587
-0.001221
-0.000977
-0.001709
-0.000610
-0.001221
-0.000488
-0.001465
-0.001343
-0.000854
-0.003174
-0.001099
-0.001343
-0.000977
-0.000244
-0.001465
-0.000610
-0.001709
-0.000977
-0.001221
-0.001587
-0.000732
-0.000244
-0.000732
-0.001343
-0.002319
-0.002319
-0.000366
-0.000977
-0.001343
-0.001831
-0.000366
-0.001465
-0.000977
-0.001709
-0.000488
-0.000244
-0.001099
-0.001221
-0.001831
-0.001221
-0.001221
-0.001343
-0.001221
-0.002441
-0.001953
-0.001343
-0.000977
-0.001099
-0.002686
-0.002563
-0.001587
-0.001343
-0.001953
-0.002563
-0.001465
-0.002197
-0.001709
-0.001099
-0.001465
-0.001587
-0.001587
-0.001587
-0.000732
-0.000854
-0.001221
-0.001221
-0.001221
-0.001099
-0.000732
-0.001587
-0.001709
-0.001465
-0.000610
-0.001587
-0.002319
0.000000
-0.001221
-0.002808
-0.002075
-0.001709
-0.001953
-0.001709
-0.002075
-0.002197
-0.000610
-0.002441
-0.002197
-0.000122
-0.001709
-0.001709
-0.000610
-0.000732
-0.002319
-0.000610
-0.001343
-0.001465
-0.000366
-0.002319
-0.002075
-0.001221
-0.000610
-0.001221
-0.002075
-0.001099
-0.001465
-0.000488
-0.001831
-0.001709
-0.001465
-0.001831
-0.001953
-0.000854
-0.001709
-0.001709
0.000122
-0.002197
-0.001465
-0.001953
-0.002075
-0.001221
-0.002441
-0.001221
-0.001465
-0.001343
-0.001709
-0.001221
-0.000488
-0.001587
0.000366
-0.001099
-0.000977
-0.001099
-0.002319
-0.001465
-0.000122
-0.001831
-0.002197
-0.001587
-0.002075
-0.001709
-0.000854
-0.002319
-0.002075
-0.002319
-0.000610
-0.001099
-0.001587
-0.000732
-0.001343
-0.001587
-0.001343
-0.001221
-0.000488
-0.001587
-0.000610
-0.001831
-0.002319
-0.001221
-0.003662
-0.001831
-0.000244
-0.002197
-0.001465
-0.002197
-0.001709
-0.001709
-0.000977
-0.001221
-0.001587
-0.001099
-0.001465
-0.002197
-0.001343
-0.001953
-0.002319
-0.001465
-0.000854
-0.001587
-0.002197
-0.001343
-0.001221
-0.002197
-0.001099
0.000000
-0.001953
-0.001587
-0.001709
-0.001587
-0.000366
-0.001587
-0.000854
-0.001831
-0.002197
-0.001099
-0.001099
-0.001587
-0.001953
-0.000854
-0.002319
-0.001709
-0.000732
-0.001587
-0.002197
-0.001709
-0.000610
-0.001831
-0.002563
-0.000854
-0.002319
-0.001709
-0.001709
-0.001221
-0.001465
-0.001221
-0.001709
-0.001343
-0.001465
-0.001465
-0.000854
-0.001465
-0.001953
-0.001343
-0.001587
-0.001343
-0.001953
-0.002319
-0.001587
-0.001221
-0.002808
-0.002563
-0.002075
-0.002441
-0.002075
-0.002441
-0.001221
-0.002197
-0.001587
-0.000732
-0.002075
-0.001709
-0.002197
-0.002441
-0.001221
-0.001831
-0.000854
-0.000977
-0.001221
-0.000854
-0.000854
-0.000854
-0.001465
-0.001099
-0.001709
-0.001221
-0.001465
-0.001343
-0.001221
-0.001465
-0.001587
-0.001465
-0.000854
-0.002930
-0.000854
-0.002319
-0.002563
-0.001099
-0.001343
-0.001221
-0.001587
-0.002197
-0.002563
-0.000610
-0.002075
-0.002075
-0.001953
-0.000854
-0.001709
-0.001343
-0.001465
-0.002075
-0.001099
-0.001221
-0.001587
-0.000854
-0.001343
-0.001587
-0.001709
-0.000977
-0.002075
-0.001587
-0.001953
-0.002197
-0.001709
-0.000977
-0.000610
-0.001587
-0.000732
-0.002563
-0.002075
-0.000854
-0.002441
-0.001587
-0.001465
-0.001221
-0.001831
-0.001709
-0.000488
-0.001343
-0.001221
-0.000732
-0.002075
-0.000610
-0.001709
-0.001953
-0.001709
-0.001709
-0.000854
-0.000488
-0.000610
-0.001953
-0.000732
-0.000366
-0.002441
-0.001343
-0.002319
-0.002441
-0.001099
-0.002930
-0.001709
-0.001099
-0.002686
-0.002319
-0.000610
-0.001709
-0.001587
-0.001953
-0.002930
-0.001343
-0.002075
-0.001099
-0.001465
-0.001587
-0.002441
-0.002075
-0.001587
-0.001831
-0.002319
-0.000854
-0.001587
-0.000854
-0.000977
-0.001587
-0.001465
-0.000610
-0.002075
-0.001343
-0.001709
-0.001587
-0.001465
-0.001465
-0.001343
-0.002319
-0.001709
-0.000854
-0.001099
-0.000854
-0.002197
-0.001953
-0.002197
-0.002441
-0.001343
-0.000488
-0.000977
-0.001221
-0.002563
-0.001709
-0.002319
-0.001099
-0.002441
-0.002563
-0.000244
-0.001343
-0.001099
-0.001831
-0.002075
-0.002319
-0.001343
-0.000244
-0.000854
-0.001465
-0.001831
-0.001709
-0.002075
-0.003052
-0.001709
-0.000122
-0.000854
-0.001953
-0.001221
-0.001709
-0.000854
-0.001465
-0.001343
-0.001831
-0.001953
-0.001221
-0.001343
-0.001831
-0.000854
-0.000854
-0.001465
-0.001221
-0.001587
-0.001343
-0.000244
-0.001709
-0.001709
-0.002441
-0.001343
-0.001953
-0.001587
-0.001221
-0.001465
-0.000732
-0.000366
-0.002197
-0.001587
-0.002197
-0.002441
-0.002563
-0.002197
-0.001587
-0.001831
-0.001221
-0.001953
-0.001343
-0.000977
-0.002075
-0.002563
-0.000854
-0.000610
-0.003052
-0.002197
-0.001709
-0.001221
-0.001465
-0.001221
-0.000244
-0.001343
-0.002197
-0.000244
-0.001465
-0.000854
-0.001587
-0.001099
-0.000244
-0.001953
-0.002197
-0.001099
-0.002441
-0.001343
-0.001099
-0.001343
-0.000732
-0.002197
-0.000122
-0.000488
-0.001099
-0.001221
-0.002075
-0.002075
-0.000732
-0.001587
-0.000854
-0.001099
-0.002319
-0.001221
-0.001465
-0.000488
-0.002563
-0.001465
-0.001587
-0.002686
-0.001221
-0.001343
0.000244
-0.000854
-0.002319
-0.001221
-0.001221
-0.002075
0.000244
-0.001709
-0.002563
-0.001099
-0.001953
-0.001343
-0.002808
-0.002075
0.000244
-0.001343
-0.001465
-0.001831
-0.001709
-0.000732
-0.002197
-0.002319
-0.000732
-0.002197
-0.001587
-0.000854
-0.002197
-0.001099
-0.002075
-0.001953
-0.000610
-0.001343
-0.003174
-0.002441
-0.001221
-0.001465
-0.001953
-0.001343
-0.002686
-0.001465
-0.002075
-0.001465
-0.001709
-0.000977
-0.001465
-0.001709
-0.001587
-0.001709
-0.001343
-0.000732
-0.001831
-0.001709
-0.001587
-0.000610
-0.000610
-0.001587
-0.000854
-0.000610
-0.001465
-0.001587
-0.001953
-0.002197
-0.000732
-0.000732
-0.001465
-0.000366
-0.000732
-0.001099
-0.002075
-0.000366
-0.001465
-0.001587
-0.001343
-0.000854
-0.000366
-0.001831
-0.001953
-0.001221
-0.002197
-0.001587
-0.000488
-0.001221
-0.001099
-0.000854
-0.001587
-0.001587
-0.002319
-0.001587
-0.000977
-0.002686
-0.001709
-0.002319
-0.001953
-0.001953
-0.000732
-0.000977
-0.001831
-0.000610
-0.001709
-0.001099
-0.000977
-0.001099
-0.001099
-0.001465
-0.001709
-0.000610
-0.001587
-0.002319
-0.000732
-0.000122
-0.002319
-0.001587
-0.002563
-0.000732
-0.001221
-0.002319
-0.000854
-0.002075
-0.001099
-0.002319
-0.001343
-0.001099
-0.000122
-0.002319
-0.001221
-0.000366
-0.000854
-0.000977
-0.000610
-0.002563
-0.001587
-0.000122
-0.000244
-0.001465
-0.001587
-0.001709
-0.000366
-0.000610
-0.001465
-0.000488
-0.002075
-0.000854
-0.001099
-0.001709
-0.001221
-0.001343
-0.001465
-0.001343
-0.001343
-0.001831
-0.001221
-0.002197
-0.001709
-0.002563
-0.000732
-0.001221
0.000244
-0.001343
-0.001709
-0.002075
-0.001221
-0.002075
-0.000732
-0.000610
-0.001587
-0.002319
-0.000366
-0.001465
-0.001831
-0.000610
-0.001587
-0.000122
-0.001587
-0.002197
-0.002808
-0.001465
-0.000977
-0.000854
-0.001465
-0.002075
-0.001343
-0.002197
-0.001587
-0.000366
-0.001221
-0.001221
-0.001465
-0.001953
-0.000122
-0.002319
-0.001099
-0.000610
-0.001587
-0.000854
-0.001099
-0.001953
-0.000244
-0.001831
-0.001587
-0.001465
-0.000488
-0.001831
-0.001099
-0.000977
-0.001221
-0.001587
-0.001221
-0.000977
-0.002197
-0.000854
-0.001953
-0.001953
-0.001587
-0.001343
-0.002075
-0.001953
0.000000
-0.001465
-0.001953
-0.001465
-0.001709
-0.000977
-0.001221
-0.001709
-0.001343
0.000122
-0.001953
-0.002075
-0.002075
-0.001221
-0.001587
-0.002075
-0.000732
-0.001587
-0.000366
-0.000366
-0.002686
-0.000854
-0.000977
-0.000854
-0.001465
-0.001221
-0.001587
-0.002197
-0.001587
-0.001465
-0.001587
-0.001099
-0.001343
-0.001587
-0.001465
-0.001343
-0.001343
-0.003052
-0.000854
-0.002075
-0.002075
-0.000854
-0.000122
-0.000854
-0.001709
-0.000610
-0.000854
-0.000488
-0.001831
-0.000732
-0.001465
-0.000610
-0.001465
-0.001587
-0.001343
-0.001587
-0.001343
-0.001831
-0.001343
-0.000977
-0.001221
-0.001465
-0.000732
-0.002197
-0.002563
-0.000366
-0.000366
-0.001831
-0.001953
-0.000732
-0.001709
-0.001709
-0.001099
-0.000488
-0.001587
-0.001587
-0.000854
-0.001099
-0.001221
-0.000610
-0.001831
-0.001953
-0.000610
-0.000977
-0.002319
-0.001465
-0.000854
-0.002686
-0.001465
-0.002197
-0.001465
-0.001099
-0.001099
-0.000610
-0.003174
-0.001587
-0.001831
-0.001465
-0.002441
-0.001953
-0.001343
-0.001221
-0.001465
-0.002808
-0.002441
-0.000854
-0.001343
-0.001953
-0.001465
-0.001343
-0.002075
-0.001709
-0.000732
-0.002441
-0.001465
-0.002197
-0.001709
-0.001709
-0.001343
-0.001343
0.000000
-0.000977
-0.000610
-0.000488
-0.001099
-0.001831
-0.001465
-0.001831
-0.001099
-0.001831
-0.001953
-0.001221
-0.002075
-0.001709
-0.001831
-0.001709
-0.000366
-0.002808
-0.002197
-0.001343
-0.001221
-0.001465
-0.000854
-0.001221
-0.001587
-0.001343
-0.001099
-0.001709
-0.001465
-0.000122
-0.002075
-0.002319
-0.001221
0.000122
-0.000732
-0.001709
-0.001831
-0.001099
-0.001709
-0.000854
-0.001831
-0.001221
-0.001343
-0.000732
-0.000610
-0.001221
-0.000854
-0.001709
-0.001343
-0.001099
-0.001831
-0.000854
-0.000977
-0.001221
-0.001709
-0.000854
-0.000977
-0.000977
-0.001587
-0.000732
-0.001221
-0.001465
-0.001465
-0.000732
-0.001709
-0.000610
-0.000366
-0.000854
-0.002197
-0.000732
-0.001343
-0.001709
-0.000977
-0.001953
-0.001953
-0.001465
-0.001953
-0.001099
-0.000610
-0.001221
-0.001587
-0.000977
-0.001953
-0.002319
-0.001221
-0.001587
-0.001221
-0.001465
-0.001343
-0.000488
-0.002075
-0.000488
-0.001953
-0.001953
-0.001099
-0.001343
-0.002319
-0.002319
-0.001953
-0.001221
-0.001587
-0.001465
-0.001709
-0.001587
-0.000854
-0.000977
-0.000854
-0.000488
-0.001831
-0.002319
-0.001221
-0.001221
-0.001587
-0.001953
-0.000854
-0.001953
-0.001587
-0.002441
-0.001465
-0.001587
-0.001099
-0.000610
-0.001099
-0.001831
-0.001221
-0.002197
-0.001587
-0.000854
-0.001465
-0.001343
-0.000122
-0.001343
0.000122
-0.001343
-0.001221
-0.001465
-0.001465
-0.001099
-0.001587
-0.002319
-0.001587
-0.001953
-0.001099
-0.001221
-0.001709
-0.000732
-0.000732
-0.001465
-0.001709
-0.001465
-0.001465
-0.000854
-0.001709
-0.001099
-0.001953
-0.002441
-0.000732
-0.001221
-0.001831
-0.000366
-0.000732
-0.002563
-0.000732
-0.001343
-0.001465
-0.000977
-0.002075
-0.000854
-0.001587
-0.000854
-0.002075
-0.001709
-0.001343
-0.000977
-0.001221
-0.002075
-0.001587
-0.000977
-0.000977
-0.001587
-0.001465
-0.001587
-0.001953
-0.000854
-0.001465
-0.001831
-0.001343
-0.000366
-0.001343
-0.001709
-0.001953
-0.001343
0.000122
-0.001587
-0.000366
0.000122
-0.000488
-0.001709
-0.000488
-0.001831
-0.001465
-0.001343
-0.001709
-0.001709
-0.000977
0.000488
-0.001343
0.000000
-0.000854
-0.000732
-0.001343
-0.001465
-0.000977
-0.001831
-0.001709
-0.000854
-0.001221
-0.001343
-0.001953
-0.002441
-0.002319
-0.002197
-0.001709
-0.000610
-0.002686
-0.002197
-0.000732
-0.003296
-0.002441
-0.000854
-0.001709
-0.001343
-0.001099
-0.002686
-0.000854
-0.001099
-0.000977
-0.001587
-0.001831
-0.001343
-0.001099
-0.001587
-0.001709
-0.001465
-0.001831
-0.001465
-0.002441
-0.001221
-0.001709
-0.000854
-0.001587
-0.001831
-0.000854
-0.001953
-0.001221
-0.000488
-0.001343
-0.001587
-0.001465
-0.000854
-0.001465
-0.001465
-0.000610
-0.001831
-0.001099
-0.001099
-0.001709
-0.002075
-0.001099
-0.001343
-0.001099
-0.001587
-0.000854
-0.001221
-0.002075
-0.001587
-0.001343
-0.001099
-0.001221
-0.000854
-0.000854
-0.002563
-0.001709
-0.000977
-0.000977
-0.001465
-0.001221
-0.001709
-0.000854
-0.001099
-0.001831
-0.001221
-0.001587
-0.001709
-0.001953
-0.001099
-0.001099
-0.001709
-0.001221
-0.001221
-0.001587
-0.001465
-0.002075
-0.001343
-0.001953
-0.000854
-0.001587
-0.000854
-0.001465
-0.001099
-0.000488
0.000122
-0.002441
-0.000854
-0.000366
-0.002930
-0.000732
-0.001709
-0.001221
-0.001465
-0.001831
-0.002319
-0.001709
-0.001709
-0.000977
-0.002808
-0.000854
-0.001465
-0.000488
-0.000977
-0.001953
-0.001709
-0.000854
-0.000732
-0.001831
-0.001221
-0.000854
-0.001221
-0.002319
-0.001709
-0.001099
-0.000732
-0.001953
-0.001953
-0.000732
-0.002441
-0.001343
-0.001343
-0.002563
-0.001343
-0.000122
-0.002563
-0.001587
-0.001221
-0.001465
-0.000366
-0.001587
-0.001221
-0.000854
-0.002563
-0.001709
-0.001221
-0.001831
-0.000610
-0.000977
-0.002075
-0.001343
-0.001587
-0.001709
0.000366
-0.000610
-0.002075
-0.002075
-0.001343
-0.002197
-0.001709
-0.001343
-0.000732
-0.001709
-0.001831
-0.000854
-0.000854
-0.002075
-0.001221
-0.001709
-0.001343
-0.001221
-0.000977
-0.001465
-0.001343
-0.000732
-0.001465
-0.000732
-0.001587
-0.001587
-0.001099
-0.002197
-0.001587
-0.002319
-0.001465
-0.001465
-0.001831
-0.002075
-0.001953
-0.001221
-0.001709
-0.001587
-0.001343
-0.001343
-0.001831
-0.000854
-0.000854
-0.002441
-0.000732
-0.000366
-0.002075
-0.001709
-0.000610
-0.001465
-0.001831
-0.002075
-0.001343
-0.000977
-0.001099
-0.001831
-0.002441
-0.000366
-0.001221
-0.001831
-0.001587
-0.000854
-0.001465
-0.001099
-0.000610
-0.000244
-0.002075
-0.001465
-0.002075
-0.002563
-0.000610
-0.000732
-0.002075
-0.001587
-0.000732
-0.001099
-0.001587
-0.002075
-0.000854
-0.001465
-0.001831
0.000366
-0.000732
-0.002075
-0.000854
-0.001709
-0.001221
-0.000977
-0.001587
-0.000977
-0.002075
-0.001709
-0.001587
-0.001709
-0.000610
-0.000732
-0.001343
-0.000854
-0.002319
-0.000122
-0.000732
-0.002075
-0.000610
-0.000977
-0.001709
-0.000610
-0.002197
-0.001221
-0.001831
-0.001221
-0.000977
-0.001709
-0.001465
-0.001587
-0.001587
-0.000854
-0.000854
-0.001465
-0.001221
-0.001099
-0.000610
-0.001953
-0.001465
-0.000610
-0.001099
-0.000977
-0.001953
-0.000122
-0.002197
-0.001709
-0.001221
-0.002197
-0.002441
-0.000854
-0.001099
0.000122
-0.000977
-0.002075
-0.000854
-0.001221
-0.001465
-0.001221
-0.001709
-0.000366
-0.002441
-0.001953
-0.001099
-0.001831
-0.001465
-0.001343
-0.001221
-0.001221
-0.001465
-0.000610
-0.000610
-0.001587
-0.001343
-0.002197
-0.001709
-0.001709
-0.001343
-0.000977
-0.000977
-0.001099
-0.001465
-0.002441
-0.001587
-0.001831
-0.001709
-0.001465
-0.001465
-0.000244
-0.000977
-0.001221
-0.001099
-0.001465
-0.001831
-0.001709
-0.000488
-0.002319
-0.002075
-0.001953
-0.001465
-0.001831
-0.001221
-0.001831
-0.001587
-0.000854
-0.001465
-0.002441
-0.001099
-0.001953
-0.000122
-0.000610
-0.001587
-0.001587
-0.001465
-0.001587
-0.001221
-0.000854
-0.000977
-0.000244
-0.001343
-0.002441
-0.002319
-0.000854
-0.001587
-0.001831
-0.001709
-0.000854
-0.001221
-0.001465
-0.001587
-0.001587
-0.001099
-0.002808
-0.001587
0.000000
-0.000366
-0.002197
-0.001099
-0.002808
-0.002197
-0.001465
-0.000977
-0.001343
-0.001709
-0.002808
-0.000854
-0.001099
-0.001709
-0.001221
-0.001343
-0.002075
-0.000732
-0.001343
-0.001953
-0.000610
-0.000610
-0.000977
-0.001709
-0.001221
-0.001831
-0.001953
-0.001343
-0.000610
-0.000977
0.000244
-0.002075
-0.000854
-0.000122
-0.001465
-0.002075
-0.001221
-0.001221
-0.001953
-0.001099
-0.001465
-0.001709
-0.000244
-0.003052
-0.001709
-0.001465
-0.000977
-0.001587
-0.001221
-0.001099
-0.000732
-0.001587
-0.001587
-0.001099
-0.002808
-0.001343
-0.001099
-0.001221
-0.001953
-0.000244
0.000000
-0.002075
-0.002563
-0.000732
-0.001831
-0.000854
-0.001099
-0.001953
0.000000
-0.000366
-0.001221
-0.001465
-0.001343
-0.000977
-0.001465
-0.001953
-0.001221
-0.000610
-0.002808
-0.001587
-0.000610
-0.001587
-0.000732
-0.002319
-0.001343
-0.001465
-0.000854
-0.001221
-0.001709
-0.001465
-0.001099
-0.001221
-0.000610
-0.000854
-0.002197
-0.002075
-0.002319
-0.000122
-0.001587
-0.001465
-0.002441
-0.001587
-0.000610
-0.002441
-0.001343
-0.001587
-0.002075
-0.002075
-0.002075
-0.001343
-0.000488
-0.001221
-0.001709
-0.001099
-0.002075
-0.001587
-0.001465
-0.001831
-0.001709
-0.000610
-0.001343
-0.001587
-0.001221
-0.001221
-0.001343
-0.001709
-0.001831
-0.000854
-0.001709
-0.002319
0.000366
-0.001709
-0.001465
-0.001953
-0.001709
-0.002319
0.000122
-0.002075
-0.002441
-0.001099
-0.001343
-0.000854
-0.001465
-0.002075
-0.001709
-0.001831
-0.001465
-0.000977
-0.000732
-0.000122
-0.001709
-0.001953
-0.001709
-0.000854
-0.000732
-0.001465
-0.001587
-0.001831
-0.001709
-0.001221
-0.001709
-0.002075
-0.002563
-0.001465
-0.000732
-0.002075
-0.001099
-0.000488
0.000244
-0.001953
-0.001221
-0.001099
-0.000732
-0.000977
-0.001099
-0.001343
-0.001099
-0.001831
-0.000488
-0.001709
-0.000122
-0.001099
-0.001465
-0.001709
-0.001221
-0.002319
-0.001953
-0.000854
-0.000488
-0.001221
-0.001953
-0.001465
-0.001221
-0.001465
-0.001221
-0.000610
-0.002075
-0.001465
-0.000732
-0.000977
-0.001465
-0.001587
-0.000854
-0.001099
-0.001953
-0.001099
-0.002563
-0.001465
-0.000732
-0.001343
-0.001465
-0.001099
-0.001343
-0.003052
-0.001343
-0.001953
-0.001099
-0.002563
-0.001465
-0.001343
-0.000732
-0.001465
-0.001465
-0.001831
-0.001587
-0.000732
-0.001099
-0.001587
-0.001221
-0.002075
-0.002563
-0.001709
-0.000732
-0.000977
-0.000977
-0.002197
-0.000488
-0.001831
-0.002563
-0.001343
-0.001465
-0.001343
-0.001709
-0.001221
-0.002441
-0.000244
-0.001709
-0.000854
-0.000610
-0.001953
-0.001587
-0.002075
-0.002441
-0.001099
-0.001709
-0.000977
-0.001587
-0.001831
-0.001221
-0.001343
-0.000732
-0.002075
-0.002075
-0.000854
-0.001099
-0.002197
-0.001221
-0.000488
-0.001587
-0.001465
-0.001709
-0.001953
-0.001221
-0.001709
-0.000244
-0.000366
-0.000977
-0.001221
-0.000488
-0.001343
-0.001709
-0.002319
-0.001099
-0.002563
-0.001709
-0.001831
-0.001953
-0.000854
-0.001709
-0.000732
-0.000854
-0.001221
-0.000977
-0.001221
-0.000732
-0.001953
-0.001343
-0.000977
-0.001587
-0.000977
-0.000244
-0.000977
-0.001953
-0.000732
-0.000854
-0.000366
-0.002563
-0.000732
-0.000488
-0.001465
-0.002563
-0.001343
-0.001587
-0.001465
-0.000977
-0.001709
-0.000977
-0.001587
-0.000610
-0.001465
-0.001221
-0.001465
-0.001587
-0.001831
-0.003418
-0.001587
-0.000610
-0.002319
-0.002197
-0.001709
-0.000977
-0.001099
-0.001587
-0.002197
-0.001221
-0.000366
-0.001343
-0.001343
-0.000244
-0.002197
-0.000854
-0.001465
-0.000977
-0.000610
-0.001831
-0.000366
-0.001587
-0.000977
-0.000732
-0.000122
-0.001587
-0.001953
-0.001343
-0.001709
-0.001099
-0.001831
-0.000366
-0.001343
-0.001099
-0.001343
-0.002197
-0.000732
-0.001831
-0.001221
-0.002563
-0.001343
-0.000610
-0.001343
-0.001953
-0.000366
-0.001465
-0.001221
-0.000122
-0.000854
-0.000732
-0.000854
-0.001099
-0.000977
-0.000610
-0.002563
-0.001343
-0.000732
-0.002563
-0.002563
-0.002319
-0.001709
-0.001465
0.000366
-0.002319
-0.000244
-0.000610
-0.001709
-0.001221
-0.002075
-0.000854
-0.001831
-0.001099
-0.002075
-0.000854
-0.000244
0.000122
-0.000732
-0.002197
-0.001953
-0.002441
-0.002441
-0.000244
-0.002319
-0.001221
-0.003174
-0.001953
-0.000366
-0.002686
-0.000488
-0.001831
-0.002319
-0.001465
-0.001221
-0.001221
-0.000854
-0.001465
-0.001343
-0.002563
-0.001465
-0.001465
-0.002197
-0.001709
-0.002075
-0.001343
-0.001709
-0.001709
-0.002075
-0.002319
-0.002808
-0.001221
-0.001831
-0.001465
-0.001709
0.000122
-0.000854
-0.001831
-0.001587
-0.000854
-0.001099
-0.002075
-0.001709
-0.003418
-0.002075
-0.001343
-0.001709
-0.000610
-0.001221
-0.002197
-0.001465
-0.001099
-0.001465
-0.001465
-0.001465
-0.001099
-0.001831
-0.001953
-0.001221
-0.002441
-0.001587
-0.001831
-0.000366
-0.000977
-0.001953
-0.001709
-0.001709
-0.001099
-0.000977
-0.001587
-0.001587
-0.001831
-0.000854
-0.001587
-0.001465
-0.000244
-0.000610
-0.002075
-0.002563
-0.000732
-0.000732
-0.000488
-0.001465
-0.001465
-0.001709
-0.001831
-0.001587
-0.001343
-0.000610
-0.000488
-0.000122
-0.001465
-0.001465
-0.000610
-0.000244
-0.001221
-0.001343
-0.001953
-0.001709
-0.001343
-0.001831
-0.001709
-0.001343
-0.001831
-0.001221
-0.001099
-0.000244
-0.001343
-0.001587
-0.001709
-0.001587
-0.002197
-0.001221
-0.001221
-0.001953
-0.001099
-0.000732
-0.001465
-0.000977
-0.001343
-0.001831
-0.002563
-0.000854
-0.000610
-0.002441
-0.001099
-0.001221
-0.001953
-0.001221
-0.001221
-0.001587
-0.001587
-0.001709
-0.002075
-0.001953
-0.002075
-0.000122
-0.000977
-0.001831
-0.001709
-0.001709
-0.002197
-0.000732
-0.001831
-0.001587
-0.001099
-0.001953
-0.001709
-0.001221
-0.000488
-0.002563
-0.002075
-0.001465
-0.001953
-0.001343
-0.001831
-0.002441
-0.000610
-0.001099
-0.000854
-0.001465
-0.001465
-0.001587
-0.001587
-0.001831
-0.000244
-0.001221
-0.001831
-0.001221
-0.001709
-0.002197
-0.001709
-0.001709
-0.001099
-0.001953
-0.001465
-0.000610
-0.002319
-0.000854
-0.001465
-0.002197
-0.001953
-0.001465
-0.000854
-0.002319
-0.002075
-0.001709
-0.001221
-0.001099
-0.001099
-0.001465
-0.001343
-0.000977
-0.002197
-0.001709
-0.000854
-0.000977
-0.001221
-0.001709
-0.000244
-0.001587
-0.001343
-0.000977
-0.002686
-0.000732
-0.001465
-0.002197
-0.001709
-0.001953
-0.000854
-0.001099
-0.002441
-0.000610
-0.001587
-0.001831
-0.001221
-0.001099
-0.001465
-0.001343
-0.000732
-0.001953
-0.001709
-0.001465
-0.001587
-0.000732
-0.000854
-0.002930
-0.000732
-0.002319
-0.002075
-0.001465
-0.001343
-0.000854
-0.001953
-0.002808
-0.000366
-0.000488
-0.001343
-0.001343
0.000122
-0.001953
-0.000732
-0.001465
-0.002441
-0.001221
-0.001587
-0.000732
-0.000732
-0.001099
-0.001953
-0.002075
-0.001953
-0.000488
-0.000488
-0.001221
-0.001343
-0.000122
-0.001709
-0.001343
-0.002686
-0.001587
-0.001221
-0.001099
-0.000122
-0.001343
-0.000732
-0.002808
-0.000732
-0.000977
-0.001953
-0.001709
-0.001709
-0.001343
-0.003052
-0.000854
-0.001587
-0.001221
-0.001343
-0.001221
-0.000977
-0.001587
-0.001587
-0.000244
-0.000977
-0.001343
-0.000977
0.000000
-0.002319
-0.002197
-0.000244
-0.001831
-0.001099
-0.000610
-0.002075
-0.002197
-0.000244
-0.001343
-0.001465
-0.000977
-0.001221
-0.000610
-0.002686
-0.000854
-0.001465
-0.001587
-0.001709
-0.000244
-0.000854
-0.001587
-0.000977
-0.002563
-0.001953
-0.000854
-0.001587
-0.001343
-0.000977
-0.002563
-0.001709
-0.001099
-0.001099
-0.000732
-0.001465
-0.002197
-0.002197
-0.002563
-0.000610
-0.002319
-0.001465
-0.001221
-0.000732
-0.001465
0.000000
-0.000610
-0.002075
-0.002075
-0.001465
-0.000488
-0.002808
-0.001099
-0.000122
-0.002319
-0.002075
-0.002197
-0.001099
-0.001587
-0.001465
-0.001343
-0.001587
-0.002197
-0.001343
-0.001343
-0.001709
-0.001587
-0.001709
-0.002319
-0.001953
-0.001587
-0.002686
-0.001587
-0.000977
-0.000244
-0.000732
-0.001221
-0.000244
-0.001709
-0.000854
-0.000854
-0.001587
-0.001221
-0.001709
-0.001343
0.000122
-0.001831
-0.001709
-0.002075
-0.000854
-0.001099
-0.001953
-0.003174
-0.001465
-0.001465
-0.000854
-0.001709
-0.000977
-0.001953
-0.001709
-0.001953
-0.001099
-0.001709
-0.000732
-0.001953
-0.001953
-0.001709
-0.000854
-0.000854
-0.001953
-0.001465
-0.001099
-0.000244
-0.001587
-0.001343
-0.001831
-0.002319
-0.001099
-0.001587
-0.002441
-0.000854
-0.002075
-0.001465
-0.000977
-0.001343
-0.001099
-0.001465
-0.000610
-0.001343
-0.001831
-0.000366
-0.000244
-0.001831
-0.001709
-0.001587
-0.001831
-0.001343
-0.001221
-0.001099
-0.000854
-0.002319
-0.001343
-0.001099
-0.001343
-0.000732
-0.000732
-0.000610
-0.000854
-0.000488
-0.001099
-0.001099
-0.000977
-0.002686
-0.001709
-0.000854
-0.001587
-0.000732
-0.000488
-0.001221
-0.000854
-0.001709
-0.001953
-0.002075
-0.002441
-0.001099
-0.001221
-0.002075
-0.001465
-0.001099
-0.000854
-0.001221
-0.001587
-0.000854
-0.002319
-0.000732
-0.001831
-0.003052
-0.001465
-0.001709
-0.002197
-0.002319
0.000244
-0.001465
-0.000977
-0.002075
-0.001587
-0.001587
-0.001343
-0.001709
-0.001953
-0.000854
-0.000854
-0.001953
-0.001587
-0.000732
-0.000488
-0.001587
-0.001221
-0.001465
-0.001587
-0.001221
-0.001709
-0.000977
-0.000977
-0.002197
-0.001099
-0.000732
-0.001587
-0.001099
-0.002197
-0.002563
-0.001465
-0.001831
-0.001343
-0.001465
-0.000610
-0.000854
-0.000732
-0.001709
-0.002319
-0.001587
-0.001709
-0.001343
-0.002319
-0.000732
-0.000488
-0.001587
-0.001221
-0.001587
-0.001465
-0.001099
-0.001465
-0.000977
-0.001221
-0.000977
-0.001465
-0.000488
-0.001587
-0.002075
-0.001099
-0.000854
-0.001465
-0.000854
-0.001465
-0.001709
-0.001831
-0.002441
-0.001099
-0.002197
-0.000244
-0.000854
-0.001953
-0.001221
-0.001587
-0.002075
-0.001343
-0.000488
-0.001709
-0.001953
-0.001709
-0.000732
-0.002808
-0.000610
-0.001953
-0.001465
-0.001587
-0.002197
-0.001587
-0.003052
-0.001587
-0.002075
-0.001099
-0.002441
-0.001953
-0.002319
-0.002441
-0.000610
-0.001587
-0.001587
-0.002075
-0.000854
-0.000854
-0.001953
-0.002563
-0.000854
-0.002563
-0.000488
-0.001831
-0.001953
-0.002075
-0.001953
-0.001343
-0.001709
-0.001343
-0.000977
-0.001099
-0.001221
-0.002197
-0.001099
-0.001221
-0.000977
-0.002686
-0.000854
-0.001831
-0.001465
-0.000610
-0.001099
-0.000122
-0.001465
-0.001953
-0.001709
-0.000854
-0.002319
-0.000244
-0.001709
-0.001099
-0.002441
-0.001343
-0.001465
-0.000854
-0.001465
-0.001587
-0.001221
-0.000854
-0.001587
-0.001221
-0.000977
-0.000977
-0.001099
-0.001831
-0.001221
-0.001831
-0.001587
-0.001465
-0.002441
-0.001953
-0.001953
-0.000732
-0.000732
-0.001221
-0.001587
-0.000977
-0.001953
-0.001587
-0.001587
-0.001099
-0.002197
-0.000244
-0.002075
-0.000244
-0.001587
-0.000122
-0.002686
-0.002319
0.000000
-0.001831
-0.002075
-0.001953
-0.001587
-0.001343
-0.001099
-0.001465
-0.001099
0.000000
-0.000732
-0.001221
-0.000854
-0.001099
-0.001343
-0.001709
-0.000366
-0.000977
-0.002197
-0.001709
-0.002197
-0.001953
-0.001465
-0.001831
-0.000488
-0.001465
-0.001831
-0.001221
-0.001099
-0.002197
-0.001953
-0.000854
-0.000977
-0.001465
-0.000854
-0.001587
-0.001953
-0.001221
-0.000488
-0.001587
-0.000366
-0.001221
-0.001831
-0.001099
-0.001343
-0.000854
-0.001953
-0.002075
-0.001709
-0.000366
-0.000488
-0.001099
-0.001709
-0.002197
-0.000854
-0.001587
-0.000977
-0.001587
-0.001099
-0.001587
-0.002808
-0.000366
-0.001221
-0.001709
-0.000488
-0.001831
-0.001709
-0.001709
-0.000488
-0.001099
-0.000854
-0.001343
-0.001587
-0.001587
0.000122
-0.000854
-0.001587
-0.001465
-0.000977
-0.000732
-0.001343
-0.001953
-0.002197
-0.000366
-0.001953
-0.001587
-0.000854
-0.000732
-0.000610
-0.001831
-0.000732
-0.001953
-0.002075
-0.001587
-0.000610
-0.001587
-0.000610
-0.000732
-0.001221
-0.000366
-0.001099
-0.001465
-0.001343
-0.000732
-0.001465
-0.001465
-0.002197
-0.002075
-0.001587
-0.000488
-0.001465
-0.000732
-0.001343
-0.001465
-0.000854
-0.001831
-0.000488
-0.000977
-0.001587
-0.001465
-0.001709
-0.000977
-0.001465
-0.001099
-0.000732
-0.001831
-0.002563
0.000366
-0.000732
-0.000610
-0.001099
-0.001709
-0.001465
-0.002075
-0.000610
-0.001831
-0.001465
-0.000854
-0.000732
-0.001953
-0.000854
-0.001343
-0.001221
-0.001343
-0.001099
-0.001221
-0.001221
-0.002197
-0.001465
-0.001099
-0.001465
-0.001343
-0.000488
-0.000244
-0.001709
-0.001465
-0.001465
-0.001709
-0.001953
-0.002563
-0.000610
-0.002197
-0.001343
-0.001099
-0.002563
-0.001953
-0.001221
-0.000488
-0.001709
-0.001587
-0.000488
-0.000854
-0.000366
-0.001465
-0.002197
-0.001587
-0.001831
-0.000488
0.000122
-0.001587
-0.002197
-0.000854
-0.000854
-0.002319
-0.001587
-0.001343
-0.001465
-0.000977
-0.002319
-0.002319
0.000000
-0.001465
-0.000732
-0.001709
-0.001099
-0.000732
-0.001343
-0.001709
-0.001099
-0.001343
-0.002686
-0.001953
-0.000610
-0.002441
-0.001587
-0.001099
-0.002197
-0.000854
-0.001587
-0.000854
-0.001587
-0.000977
-0.000488
-0.001953
-0.002930
-0.001587
-0.001587
-0.000977
-0.001099
-0.002686
-0.002197
-0.002563
-0.001709
-0.000854
-0.000977
-0.001221
-0.001953
-0.002075
-0.001709
-0.000854
-0.000610
-0.001953
-0.000854
-0.001343
-0.000732
-0.000977
-0.001099
-0.001343
-0.001099
-0.001343
-0.001465
-0.002197
-0.002441
-0.002808
-0.000732
-0.001953
-0.001465
-0.000366
-0.002075
-0.000610
-0.001953
-0.000854
-0.000977
-0.001587
-0.000977
-0.001099
-0.000854
-0.001953
-0.001709
-0.002197
-0.001709
-0.001099
-0.001099
-0.000488
-0.001099
-0.001343
-0.001953
-0.000366
-0.002686
-0.000732
0.000000
-0.001831
-0.000854
-0.001221
-0.001831
-0.001587
-0.002075
-0.000488
-0.001953
-0.000854
-0.000488
-0.001343
-0.001465
-0.001465
0.000000
-0.000122
-0.002197
-0.000610
-0.000732
-0.002319
-0.002319
-0.000488
-0.001953
-0.001587
-0.001465
-0.000732
-0.000732
-0.000977
-0.002075
-0.000854
-0.000732
-0.001343
0.000000
-0.000610
-0.001709
-0.001465
-0.001587
-0.001831
-0.001465
-0.000610
-0.001465
-0.002197
-0.002319
-0.000366
-0.002197
-0.001465
-0.001221
-0.001343
-0.001099
-0.002563
-0.000854
-0.002563
-0.002319
-0.000732
-0.001831
-0.001221
-0.001465
-0.001587
-0.000488
-0.001831
-0.002197
-0.000854
-0.001221
-0.002075
-0.001221
-0.001709
-0.002197
-0.002197
-0.000732
-0.000854
-0.001099
-0.000977
-0.001221
-0.001465
-0.001709
-0.001465
-0.001831
-0.001953
-0.002441
-0.001953
-0.001587
-0.001831
-0.001953
-0.001587
-0.000732
-0.001587
-0.001587
-0.001221
-0.001587
-0.000732
-0.001465
-0.001953
-0.001099
-0.001465
-0.001465
-0.000122
-0.001465
-0.002686
-0.001343
-0.000977
-0.001343
-0.003052
-0.000366
-0.001465
-0.001587
-0.000244
-0.001953
-0.000122
-0.001221
-0.000488
-0.001953
-0.001709
-0.001343
-0.000977
-0.000854
-0.001587
-0.001953
-0.000732
-0.001587
-0.001099
-0.001953
-0.000854
-0.001465
-0.001221
-0.000732
-0.001587
-0.001831
-0.002808
-0.001343
-0.001465
-0.001465
-0.001099
-0.000854
-0.001953
-0.001465
-0.001709
-0.001953
0.000000
-0.001831
-0.001099
-0.001587
-0.001221
-0.000122
-0.001953
-0.000854
-0.001099
-0.000977
-0.001343
-0.000977
-0.001709
-0.002075
-0.000732
-0.001953
-0.001343
-0.000732
-0.002686
-0.002197
-0.000854
-0.001465
-0.002686
-0.002319
-0.001465
-0.001099
-0.000488
-0.001831
-0.001709
-0.001465
-0.001709
-0.001221
-0.001099
-0.001953
-0.002319
-0.000488
-0.001343
-0.001831
-0.000854
-0.002197
-0.001587
-0.001099
-0.001953
-0.001343
-0.001465
-0.001465
-0.001587
-0.001465
-0.000488
-0.001343
-0.000732
-0.001465
-0.001221
-0.002197
-0.001465
-0.002197
-0.000610
-0.001343
-0.002197
-0.000854
-0.001709
-0.001343
-0.000732
-0.000366
-0.001343
-0.000488
-0.001831
-0.002319
-0.001221
-0.001343
-0.002319
-0.000732
-0.001343
-0.001099
-0.000854
-0.001587
-0.000488
-0.000977
-0.000610
-0.001831
-0.001221
-0.002075
-0.001953
-0.000854
-0.001953
-0.001709
-0.001343
-0.001221
-0.001221
0.000000
-0.001587
-0.001343
-0.002441
-0.000488
-0.001343
-0.000977
-0.001953
-0.002441
-0.000488
-0.000366
-0.002075
-0.001953
-0.000366
-0.001343
-0.002563
-0.001099
-0.001465
-0.002686
-0.001709
-0.000854
-0.001831
-0.002075
-0.001709
-0.002563
0.000244
-0.000977
-0.002808
-0.000732
-0.002441
-0.001709
-0.001343
-0.001465
-0.002075
-0.001343
-0.001099
-0.001221
-0.002686
-0.001587
-0.002075
-0.000854
-0.000977
-0.000732
-0.001465
-0.001953
-0.000854
-0.000732
-0.002808
-0.001709
-0.001953
-0.001465
-0.001343
-0.001587
-0.001709
-0.000244
-0.001465
-0.000854
-0.001465
-0.000732
-0.001343
-0.001953
-0.002075
-0.000244
-0.001221
-0.001587
-0.000366
-0.002563
-0.000610
-0.001343
-0.001953
-0.002563
-0.002808
-0.000610
-0.001465
-0.002563
-0.001343
-0.002075
-0.000854
-0.001587
-0.002197
-0.001953
-0.000610
-0.001953
-0.001709
-0.002563
-0.001709
-0.001831
-0.000854
-0.001953
-0.002563
-0.002075
-0.001587
-0.000244
-0.001587
-0.001099
-0.002319
-0.001343
-0.001099
-0.000610
-0.001465
-0.001953
0.000122
-0.000122
-0.001709
-0.001709
-0.001099
-0.000488
-0.000977
-0.002197
-0.002197
-0.002075
0.000000
-0.001587
-0.001343
-0.001099
-0.001221
0.000000
-0.001465
-0.000977
-0.000732
-0.001221
-0.001099
-0.001587
-0.002563
-0.001587
-0.001465
-0.000732
-0.000488
-0.001587
-0.001221
-0.000854
-0.000977
-0.001343
-0.001709
-0.001343
-0.000122
-0.000977
-0.001587
-0.002197
-0.001099
-0.000732
-0.001343
-0.001587
-0.000732
-0.002808
-0.001343
-0.001465
-0.001465
-0.001099
-0.000610
-0.000488
-0.002319
-0.001221
-0.001831
-0.001221
-0.000854
-0.001343
-0.000244
-0.001709
-0.001465
-0.000366
-0.000732
-0.001221
-0.000488
-0.001099
-0.001953
-0.000732
-0.002075
-0.001953
-0.001709
-0.000854
-0.000732
-0.001465
-0.001099
-0.000488
-0.000732
-0.002075
-0.001099
-0.001587
-0.002075
-0.001465
-0.001465
-0.000977
-0.001221
-0.001221
-0.001465
-0.001587
-0.000732
-0.000488
-0.002441
-0.002197
-0.000854
-0.002197
-0.001709
-0.002075
-0.001099
-0.000977
-0.001587
-0.000854
-0.001343
-0.001709
-0.001953
-0.002319
-0.001587
-0.000854
-0.000854
-0.002197
-0.000610
-0.001099
-0.001221
-0.001099
-0.002319
-0.001343
-0.000122
-0.001709
-0.001587
-0.000854
-0.002075
-0.000854
-0.001465
-0.000244
-0.000854
-0.001709
-0.001465
-0.001099
-0.000977
-0.001221
-0.001465
-0.002197
-0.001221
-0.001221
-0.002075
-0.001099
-0.001831
-0.001953
-0.001587
-0.002441
0.000122
-0.000610
-0.002075
-0.002075
-0.001709
-0.001099
-0.000732
-0.002441
-0.001709
-0.001709
-0.000732
-0.000610
-0.000488
-0.001709
-0.000977
-0.001221
-0.002197
-0.000854
-0.000244
0.000000
-0.000610
-0.000977
-0.000854
-0.001831
-0.002075
-0.000854
-0.001465
-0.000854
-0.001465
-0.001221
-0.000977
-0.001465
0.000366
-0.002075
-0.000122
-0.000610
-0.001953
-0.001221
-0.001587
-0.000977
-0.002319
-0.002563
-0.001587
-0.002563
-0.001343
-0.001343
-0.002197
-0.001099
-0.000854
-0.000977
-0.001831
-0.000854
-0.001831
-0.001343
-0.000488
-0.001343
-0.000732
-0.000854
-0.001465
-0.002075
-0.000244
-0.001343
-0.001343
-0.001709
-0.000854
-0.000244
-0.002197
-0.000610
-0.002197
-0.001221
-0.001221
-0.000610
-0.000488
-0.001221
-0.001221
-0.000732
-0.001221
-0.001221
-0.000610
-0.001953
-0.002197
-0.000854
-0.000854
-0.000732
-0.002319
-0.001221
-0.001953
-0.001709
-0.001831
-0.001587
-0.001587
-0.001099
-0.001343
-0.000732
-0.000854
-0.001587
-0.001587
-0.001221
-0.001587
-0.001709
-0.001831
-0.001343
-0.001099
-0.001099
-0.001709
-0.001587
-0.001221
-0.001343
-0.001221
-0.001465
-0.001587
-0.002563
-0.001343
-0.000488
-0.000854
-0.001221
-0.001587
-0.001587
-0.002197
-0.001709
-0.000854
-0.000610
-0.001709
-0.002197
-0.001953
-0.000732
-0.002441
-0.000854
0.000000
-0.001831
-0.001587
-0.002197
-0.000366
-0.001465
-0.001343
-0.001465
-0.001343
-0.001709
-0.001465
-0.001465
-0.001953
-0.002075
-0.001709
-0.001099
-0.001465
-0.002319
-0.002075
-0.000732
-0.000854
-0.001343
-0.001221
-0.000854
-0.000732
-0.001099
-0.001221
-0.000977
-0.001709
-0.001465
-0.001465
-0.001953
-0.002075
-0.001709
-0.001831
-0.000732
-0.001587
-0.001465
-0.001343
-0.000488
-0.001343
-0.001099
-0.001343
-0.001831
-0.001953
-0.001587
0.000000
-0.002197
-0.000854
-0.000977
-0.001343
-0.000854
-0.001221
-0.000488
-0.001099
-0.000122
-0.000732
-0.000854
-0.001221
-0.001465
-0.002808
-0.001099
-0.000977
-0.001587
-0.000732
-0.002075
-0.000488
-0.001343
-0.002319
-0.000854
-0.000977
-0.001099
-0.001831
-0.001099
-0.001465
-0.001465
-0.001343
-0.001343
-0.000244
-0.001587
-0.002563
-0.001587
-0.001099
-0.001343
-0.000977
-0.001099
-0.001099
-0.001953
-0.001953
-0.001343
-0.001831
-0.001709
-0.001465
-0.001221
0.000488
-0.000366
-0.001709
-0.001709
-0.002686
-0.002197
-0.000854
-0.001709
-0.001831
-0.000732
-0.001953
-0.001221
-0.000488
-0.001831
-0.001221
-0.001831
-0.000732
0.000000
-0.000977
-0.002075
-0.001099
-0.001831
-0.002075
-0.001465
-0.000488
0.000122
-0.000854
-0.001221
-0.002441
-0.000244
-0.001221
-0.000488
-0.001343
-0.002197
-0.000488
-0.001221
-0.001221
-0.001831
-0.002197
-0.001099
-0.001343
-0.000732
-0.001709
-0.001221
-0.001099
-0.001099
-0.001343
-0.002075
-0.002197
-0.001709
-0.001953
-0.000732
-0.001343
-0.000977
-0.000610
-0.001465
-0.001831
-0.000854
-0.001221
-0.001221
-0.000854
-0.001709
-0.001099
-0.000854
-0.002197
-0.001709
-0.001221
-0.001465
-0.000732
-0.000854
-0.001099
-0.001343
-0.001221
-0.000977
-0.001221
-0.000610
-0.001221
-0.001831
-0.001221
-0.002441
-0.001465
-0.001221
0.000366
-0.000366
-0.001953
-0.001343
-0.000122
-0.001099
-0.002075
-0.001343
-0.001343
-0.001343
-0.001221
-0.001343
-0.001221
-0.001221
-0.001831
-0.001587
-0.002197
-0.001953
-0.001099
-0.000977
-0.001587
-0.001587
-0.001099
-0.001709
-0.000977
-0.001709
-0.000977
-0.001343
-0.001587
-0.001221
-0.001465
-0.000488
-0.002563
-0.000244
-0.000977
-0.001465
-0.001221
-0.001953
0.000000
-0.001831
-0.001709
-0.001221
-0.002197
-0.001465
-0.001465
-0.000854
-0.002197
-0.001587
-0.001099
-0.001953
-0.002197
-0.000610
-0.000732
-0.001709
-0.000488
-0.001099
-0.001953
-0.001465
-0.001221
-0.001587
-0.001831
-0.001465
-0.000244
-0.002197
-0.000854
-0.001709
-0.001221
-0.000610
-0.000244
-0.000488
-0.001221
-0.001343
-0.001099
-0.001099
-0.000977
-0.001343
-0.001221
-0.000732
-0.001221
-0.001587
-0.001953
-0.001587
-0.001221
-0.000488
-0.000732
-0.002075
-0.001099
-0.000610
-0.001221
-0.001465
-0.000977
-0.001831
-0.001587
-0.001221
-0.001343
-0.000854
-0.001465
-0.001587
-0.002197
-0.000854
-0.000732
-0.001343
-0.001831
-0.000732
-0.000732
-0.001709
-0.001221
-0.002930
-0.001709
-0.001343
-0.002441
-0.000488
-0.000488
-0.001221
-0.000977
-0.001343
-0.000732
-0.001587
-0.001709
-0.002319
-0.000854
-0.001709
-0.002319
-0.001099
-0.001465
-0.002319
-0.002075
-0.001953
-0.001709
-0.001709
-0.000244
-0.001831
-0.000732
-0.000732
-0.001099
-0.002563
-0.000854
-0.001221
-0.000366
-0.001343
-0.001099
-0.000854
-0.001221
-0.000488
-0.001953
-0.001709
-0.001465
0.000244
-0.002197
-0.001343
-0.000122
-0.001465
-0.001343
-0.000854
-0.000488
-0.001465
-0.002441
-0.002075
-0.001709
-0.001709
-0.000977
-0.001343
-0.001587
-0.001465
-0.002075
-0.001465
-0.001099
-0.002563
-0.000854
-0.000122
-0.001221
-0.001587
-0.000977
-0.000732
-0.000610
-0.001343
-0.001587
-0.002319
-0.002319
-0.000854
-0.001465
-0.001099
-0.001221
-0.001587
-0.001709
-0.001465
-0.000732
-0.001221
-0.001831
-0.001221
-0.001587
-0.001953
-0.001587
-0.000977
-0.001221
-0.000244
-0.001709
-0.001587
-0.001465
-0.001221
-0.000488
-0.001343
-0.000977
-0.002075
-0.001343
-0.001099
-0.000732
-0.000366
-0.001343
-0.001831
-0.002075
-0.001099
-0.000732
-0.001099
-0.001099
-0.001587
-0.000610
-0.002319
-0.001709
-0.001587
-0.000977
-0.000732
-0.000732
-0.002075
-0.002808
-0.001099
-0.000977
-0.001587
-0.001953
-0.001709
-0.001465
-0.001343
-0.001343
-0.001221
-0.002319
-0.001221
-0.000732
-0.001587
-0.001587
0.000122
-0.001465
-0.002563
-0.001709
-0.001953
-0.000488
-0.002319
-0.002075
-0.001953
-0.001953
-0.001587
-0.001343
-0.002441
-0.001221
-0.001953
-0.000488
-0.001099
-0.002930
-0.000854
-0.001221
-0.003052
-0.001221
-0.001587
-0.001831
-0.002319
-0.001587
-0.000977
-0.002075
-0.001465
-0.002808
-0.002808
-0.000488
-0.002197
-0.000610
-0.001953
-0.001709
-0.002075
-0.001587
-0.001343
-0.000854
-0.001709
-0.002197
-0.001709
-0.000854
-0.000854
-0.002319
-0.001587
-0.001587
-0.001953
-0.001709
-0.002075
-0.001343
-0.001343
-0.002319
-0.001343
-0.000488
-0.002808
-0.001709
-0.000854
-0.001831
-0.000854
-0.001465
-0.000977
-0.000610
-0.001221
-0.001587
-0.001587
-0.001587
-0.001099
-0.000977
-0.001709
-0.001221
-0.001953
-0.001465
-0.001221
-0.001221
-0.001709
-0.001953
-0.001465
-0.002441
-0.001587
-0.001587
-0.002441
-0.000122
-0.001953
-0.000854
-0.003174
-0.001709
-0.002075
-0.001099
-0.001465
-0.001831
-0.001099
-0.001831
-0.000854
-0.001709
-0.001831
-0.002075
-0.001221
-0.000854
-0.000977
-0.001221
-0.002441
-0.001221
-0.001953
-0.002197
-0.001465
-0.001709
-0.001343
-0.002319
-0.001709
-0.001099
-0.001465
-0.001953
-0.002197
-0.001953
-0.001709
-0.001221
-0.000366
-0.000366
-0.001709
-0.002197
-0.001221
-0.000977
-0.001587
-0.001343
-0.001099
-0.001465
-0.000610
-0.001587
-0.001587
-0.001221
-0.001221
-0.001709
-0.001953
-0.001587
-0.001221
-0.001465
-0.002197
-0.001343
-0.000977
-0.001831
-0.002197
-0.001221
-0.002197
-0.001953
-0.002075
-0.000732
-0.000977
-0.001587
-0.000244
-0.000977
-0.001221
-0.001587
-0.001099
0.000122
-0.001221
-0.001465
-0.001099
-0.001709
-0.000244
-0.001831
-0.001709
-0.001099
-0.001953
-0.002319
-0.001953
-0.002808
-0.001953
-0.002563
-0.002075
-0.000366
-0.002197
-0.001221
-0.001587
-0.002686
-0.001343
-0.001343
-0.000977
-0.001587
-0.000610
-0.000854
-0.000122
-0.001587
-0.002197
-0.001953
-0.002930
-0.001465
-0.002319
-0.002075
-0.002930
-0.002075
-0.002319
-0.002075
-0.001709
-0.001831
-0.001587
-0.001831
-0.003052
-0.002930
-0.000610
-0.001709
-0.001343
-0.001587
-0.002075
-0.001709
-0.001587
-0.001831
-0.001587
-0.001831
-0.001343
-0.001831
-0.002197
-0.001343
-0.001953
-0.002075
-0.001587
-0.001343
-0.000488
-0.002563
-0.000854
-0.002197
-0.000854
-0.001343
-0.002197
-0.000732
-0.000854
-0.002197
-0.002075
-0.001587
-0.001587
-0.002319
-0.001343
-0.000488
-0.001831
-0.002563
-0.000854
-0.000122
-0.002075
-0.001221
-0.000977
-0.001465
-0.001953
-0.000854
-0.001221
-0.001953
-0.001343
-0.000122
-0.001587
-0.000244
-0.001953
-0.000610
-0.002563
-0.001099
-0.001465
-0.001587
-0.000977
-0.002441
-0.001343
-0.002808
-0.001343
-0.001465
-0.001465
-0.001099
-0.001099
-0.001221
-0.001465
-0.001099
-0.000854
-0.002319
-0.001709
-0.001587
-0.000366
-0.000732
-0.001831
-0.001099
-0.001099
-0.002075
-0.001465
-0.002197
-0.001709
-0.000122
-0.000977
-0.000977
-0.000854
-0.000854
-0.001099
-0.000488
-0.000854
-0.001587
-0.001587
-0.000122
-0.000244
-0.001831
-0.002563
-0.001343
-0.001099
-0.000610
-0.001465
-0.001343
-0.001465
-0.002075
-0.002075
-0.002319
-0.001465
-0.001953
-0.000366
-0.001465
-0.001099
-0.001587
-0.001099
-0.001953
-0.001587
-0.000122
-0.001465
-0.000732
-0.002441
-0.002197
-0.001099
-0.001587
-0.001221
-0.003174
-0.002441
-0.002563
-0.002808
-0.001343
-0.000854
-0.001587
-0.000732
-0.000366
-0.001709
-0.001587
-0.001953
-0.001221
-0.001221
-0.002563
-0.002319
-0.001099
-0.000732
-0.001709
-0.000854
-0.000977
-0.000977
-0.001221
-0.001221
-0.000732
-0.001587
-0.002563
-0.001587
-0.000854
-0.001099
-0.001831
-0.001587
-0.001831
-0.002319
-0.001465
-0.002075
-0.001587
-0.000610
-0.000244
-0.000854
-0.001953
-0.001587
-0.000977
-0.001953
-0.000244
-0.001221
-0.001587
-0.001831
-0.001465
-0.001343
-0.001465
-0.002319
-0.002441
-0.001099
-0.001465
-0.002319
-0.001343
-0.001709
-0.002075
-0.001221
-0.000488
-0.001465
-0.000854
-0.002686
-0.001465
-0.001709
-0.001587
-0.000854
-0.001221
-0.000732
-0.001465
-0.000977
-0.001709
-0.001953
-0.001465
-0.000732
-0.002075
-0.002197
-0.001221
-0.001587
-0.001953
-0.000854
-0.001465
-0.001465
-0.001587
-0.000732
-0.001465
-0.001465
-0.001221
-0.000977
-0.000366
-0.001343
-0.000977
-0.001953
-0.000854
-0.000488
-0.002808
-0.000610
-0.002197
-0.002441
-0.001709
-0.002319
-0.000610
-0.000977
-0.002319
-0.000732
-0.001465
-0.000366
-0.001709
-0.001099
-0.001953
-0.001587
-0.000610
-0.001587
-0.001465
-0.002075
-0.000854
-0.000977
-0.001343
-0.002075
-0.001953
-0.001953
-0.001709
-0.001709
-0.002075
-0.001709
-0.001709
-0.002441
-0.001099
-0.000610
-0.000732
-0.002319
-0.001587
-0.001465
-0.001099
-0.001099
-0.000488
-0.001099
-0.002075
-0.001709
-0.001343
-0.000977
-0.001343
0.000244
-0.001587
-0.001953
-0.002319
-0.000610
-0.001465
-0.000244
-0.000488
-0.002563
-0.001709
-0.001953
-0.000854
-0.001831
-0.001099
-0.001587
-0.000732
-0.000977
-0.000854
-0.000854
-0.002563
-0.001587
-0.000244
-0.001587
-0.002075
-0.001221
-0.001099
-0.000732
-0.001465
-0.001465
-0.001099
-0.002319
-0.000732
-0.001465
-0.001953
-0.001465
-0.001831
-0.001343
-0.000488
-0.001221
-0.001709
-0.001709
-0.002197
-0.001099
-0.001099
-0.002197
-0.001465
-0.001587
-0.001831
-0.000366
-0.002075
-0.002808
-0.000122
-0.001587
-0.001587
-0.000732
-0.001465
-0.002808
-0.001465
-0.000977
-0.002319
-0.002808
-0.000610
-0.001465
-0.000977
-0.000610
-0.001465
-0.003052
-0.000732
-0.001465
-0.000854
-0.002197
-0.003174
-0.000244
-0.000488
-0.000977
-0.000977
-0.001465
-0.002075
-0.002441
-0.001587
-0.001099
-0.002319
-0.001587
-0.001343
-0.000244
-0.000977
-0.001465
-0.001099
-0.001709
-0.001465
-0.002197
-0.001099
-0.001953
-0.001099
-0.001587
-0.001099
-0.001343
-0.002808
-0.001221
-0.000854
-0.002197
-0.001709
-0.001099
-0.001221
-0.001221
-0.001953
-0.001343
-0.001343
-0.001587
-0.000244
-0.000610
-0.001465
-0.001343
-0.000854
-0.002441
-0.001709
-0.000977
-0.001709
-0.001709
-0.001221
-0.001587
-0.001953
-0.001587
-0.001221
-0.000854
-0.002563
-0.001343
-0.002075
-0.001709
-0.002563
-0.001099
-0.001465
-0.001709
-0.002441
-0.001099
-0.001587
-0.000854
-0.001465
-0.000610
-0.001709
-0.001343
-0.001221
-0.001221
-0.001587
-0.002319
-0.001221
-0.001343
-0.001587
-0.001099
-0.002075
-0.001587
-0.001709
-0.001831
-0.001343
-0.001709
-0.000977
-0.000488
-0.001831
-0.001221
-0.001099
-0.001221
-0.001709
-0.002563
-0.001587
-0.001221
-0.001221
-0.000977
-0.001221
-0.000610
-0.001831
-0.000854
-0.001099
-0.001465
-0.001221
-0.001587
-0.001953
-0.002197
-0.001587
-0.000610
-0.001465
-0.001587
-0.002808
-0.002197
-0.001709
-0.000854
-0.001953
-0.001099
-0.000610
-0.001099
-0.000977
-0.001587
-0.001465
-0.003540
-0.001465
-0.000977
-0.002075
0.000000
-0.001709
-0.001953
-0.001709
-0.003052
0.000488
-0.001709
-0.000610
-0.001587
-0.001831
-0.001221
-0.001465
-0.001221
-0.002686
-0.000732
-0.000122
-0.001221
-0.001587
-0.001221
-0.001221
-0.001587
-0.002197
-0.001221
-0.002319
-0.001709
-0.001099
-0.001343
-0.001831
-0.001465
-0.000977
-0.001099
-0.000977
-0.001099
-0.002319
-0.001709
-0.001343
-0.001953
-0.002075
-0.001099
-0.001709
-0.000488
-0.001831
-0.002319
-0.001709
-0.001587
-0.001343
-0.001343
-0.001709
-0.001465
-0.001221
-0.001953
-0.002075
-0.001221
-0.000854
-0.002563
-0.001099
-0.001221
-0.002563
-0.000610
-0.001221
-0.000366
-0.001709
-0.000610
-0.000854
-0.002563
-0.001465
-0.000977
-0.001831
-0.003052
-0.001221
-0.000977
-0.001953
-0.002075
-0.001709
-0.001953
-0.002075
-0.000610
-0.001465
-0.002563
-0.001465
-0.001465
-0.001831
-0.001465
-0.002930
-0.001709
-0.001953
-0.000366
-0.001221
-0.000122
-0.001465
-0.001709
-0.001831
-0.000732
-0.002686
-0.001465
-0.000732
-0.000488
-0.000854
-0.001831
-0.001587
-0.000854
-0.001953
-0.001099
-0.001709
-0.000488
-0.001953
-0.000488
-0.001221
-0.002197
-0.002075
-0.000854
-0.001465
-0.001465
-0.001221
-0.002441
-0.000854
-0.001343
-0.001221
-0.001587
-0.001099
-0.000977
-0.001099
-0.002319
-0.001587
-0.001099
-0.001587
-0.001343
-0.001099
-0.000977
-0.001221
0.009888
0.047119
0.104736
0.146240
0.189453
0.237549
0.279297
0.324585
0.366577
0.409180
0.450806
0.486938
0.529053
0.564575
0.601562
0.635498
0.666870
0.698730
0.726807
0.753540
0.780029
0.803345
0.824829
0.843628
0.859619
0.876343
0.888550
0.898804
0.908203
0.913330
0.916748
0.916992
0.916748
0.913696
0.907471
0.900146
0.889404
0.876953
0.861816
0.844482
0.825439
0.807007
0.781982
0.757080
0.730225
0.700806
0.671875
0.638428
0.603394
0.568481
0.532715
0.493774
0.454346
0.413330
0.373169
0.328003
0.283569
0.240967
0.197510
0.151489
0.105957
0.059692
0.012817
-0.030884
-0.077148
-0.123901
-0.168823
-0.213989
-0.258423
-0.301025
-0.344360
-0.387817
-0.428589
-0.469116
-0.507324
-0.544067
-0.581299
-0.615356
-0.648560
-0.679443
-0.708252
-0.736694
-0.762085
-0.784790
-0.809204
-0.829590
-0.845703
-0.862305
-0.876709
-0.888550
-0.897217
-0.903809
-0.910156
-0.913452
-0.912109
-0.911255
-0.906128
-0.899780
-0.891357
-0.880493
-0.866577
-0.851929
-0.834229
-0.814819
-0.793579
-0.769043
-0.742554
-0.716064
-0.686646
-0.655884
-0.622559
-0.588501
-0.553101
-0.514648
-0.476318
-0.436401
-0.395874
-0.352905
-0.309448
-0.265625
-0.221680
-0.176147
-0.131592
-0.085449
-0.038086
0.007202
0.053711
0.100220
0.144653
0.191162
0.235229
0.281128
0.325195
0.367188
0.408813
0.449829
0.487183
0.526367
0.565918
0.600220
0.634155
0.668213
0.698853
0.726807
0.753906
0.778320
0.802246
0.824341
0.843628
0.860107
0.875610
0.889160
0.898804
0.905640
0.912964
0.916870
0.917603
0.916138
0.913574
0.907349
0.898926
0.889038
0.876953
0.861816
0.845215
0.826538
0.806519
0.781860
0.756958
0.729736
0.701172
0.669556
0.636597
0.603760
0.567627
0.531616
0.493408
0.453613
0.412354
0.371460
0.327759
0.284424
0.242554
0.195435
0.149536
0.105103
0.058838
0.013184
-0.032837
-0.078857
-0.123901
-0.169067
-0.213989
-0.259155
-0.301392
-0.345581
-0.387939
-0.427246
-0.468994
-0.508301
-0.545288
-0.581177
-0.616333
-0.648315
-0.682495
-0.710327
-0.739502
-0.765747
-0.788940
-0.812744
-0.832275
-0.850830
-0.866943
-0.879150
-0.890869
-0.900391
-0.908447
-0.912109
-0.914429
-0.914795
-0.913086
-0.908081
-0.902466
-0.893555
-0.881836
-0.868164
-0.853638
-0.836914
-0.816772
-0.794800
-0.770874
-0.743896
-0.717896
-0.687744
-0.657593
-0.624634
-0.588745
-0.553345
-0.513550
-0.476929
-0.436157
-0.394531
-0.352783
-0.310181
-0.267212
-0.221680
-0.175659
-0.132080
-0.085449
-0.038452
0.007568
0.054565
0.100342
0.145264
0.191895
0.234131
0.280396
0.324585
0.365356
0.408936
0.449829
0.489624
0.528198
0.564331
0.601440
0.635620
0.667114
0.698486
0.725952
0.754517
0.780273
0.803833
0.824585
0.843384
0.860107
0.875122
0.887939
0.897705
0.906006
0.912476
0.916992
0.918335
0.915894
0.912476
0.908081
0.899414
0.889648
0.876709
0.862061
0.843628
0.825806
0.805542
0.780884
0.756714
0.729370
0.701416
0.670654
0.637817
0.602539
0.567993
0.532227
0.492554
0.451782
0.412964
0.370605
0.328369
0.284546
0.240845
0.196045
0.151367
0.106323
0.059692
0.011963
-0.032959
-0.079590
-0.124023
-0.169189
-0.216187
-0.259399
-0.303223
-0.346436
-0.388184
-0.429321
-0.469482
-0.508423
-0.546021
-0.582275
-0.616089
-0.650269
-0.679932
-0.710938
-0.739502
-0.766235
-0.790405
-0.813232
-0.833496
-0.850220
-0.866821
-0.880981
-0.891846
-0.901489
-0.908691
-0.913208
-0.916016
-0.916626
-0.913574
-0.910034
-0.902466
-0.894287
-0.882812
-0.869995
-0.853760
-0.837158
-0.816528
-0.794678
-0.770752
-0.744873
-0.716919
-0.688354
-0.657104
-0.622437
-0.588501
-0.553589
-0.514282
-0.476807
-0.437134
-0.394531
-0.352661
-0.311523
-0.268066
-0.222168
-0.176025
-0.132446
-0.084351
-0.039062
-0.004272
0.004639
-0.006104
-0.002319
-0.000366
-0.004150
-0.001465
-0.002930
-0.002319
-0.002197
-0.002319
-0.001831
-0.002075
-0.001953
-0.003418
-0.001465
-0.001831
-0.000854
-0.002686
-0.001099
-0.001587
-0.001953
-0.001831
-0.000732
-0.002808
-0.003540
-0.001465
-0.002075
-0.002808
-0.001709
-0.001709
-0.001953
-0.002563
-0.001343
-0.002686
-0.002075
-0.001953
-0.002808
-0.001953
-0.003418
-0.002563
-0.001953
-0.001709
-0.001953
-0.001831
-0.001221
-0.002197
-0.002563
-0.001465
-0.001709
-0.002197
-0.001709
-0.001709
-0.001709
-0.001709
-0.002563
-0.002563
-0.001831
-0.002563
-0.002197
-0.002563
-0.002075
-0.002563
-0.002197
-0.002197
-0.002075
-0.003540
-0.001465
-0.002563
-0.001465
-0.001099
-0.002686
-0.002319
-0.001465
-0.002075
-0.002197
-0.002563
-0.001709
-0.001709
-0.002319
-0.001953
-0.002563
-0.001831
-0.002197
-0.001953
-0.002930
-0.000854
-0.001709
-0.002930
-0.001953
-0.001831
-0.002075
-0.001465
-0.002441
-0.000854
-0.001953
-0.001953
-0.003418
-0.001953
-0.002686
-0.002686
-0.001831
-0.002686
-0.001221
-0.002441
-0.001099
-0.001831
-0.002563
-0.000977
-0.001709
-0.002563
-0.001953
-0.001831
-0.003418
-0.001709
-0.002075
-0.003052
-0.000854
-0.002563
-0.002319
-0.000488
-0.001831
-0.002197
-0.001221
-0.001343
-0.002563
-0.001709
-0.001831
-0.001831
-0.001831
-0.002319
-0.001953
-0.001831
-0.001831
-0.001343
-0.000977
-0.001953
-0.000977
-0.002441
-0.002563
-0.002563
-0.002808
-0.001709
-0.002319
-0.002319
-0.001343
-0.002563
-0.002197
-0.002563
-0.003540
-0.002441
-0.001831
-0.000854
-0.002808
-0.001709
-0.002075
-0.002808
-0.002197
-0.002808
-0.001709
-0.001709
-0.002563
-0.001465
-0.002075
-0.001099
-0.001343
-0.002563
-0.002930
-0.002075
-0.002319
-0.002563
-0.002563
-0.002563
-0.001709
-0.002441
-0.002319
-0.000854
-0.001709
-0.001953
-0.001709
-0.001953
-0.002686
-0.001709
-0.001709
-0.001343
-0.002563
-0.000854
-0.001587
-0.001709
-0.002197
-0.003174
-0.002075
-0.001709
-0.001221
-0.000854
-0.003052
-0.001709
-0.001709
-0.000244
-0.002563
-0.002563
-0.001709
-0.002441
-0.001465
-0.001587
-0.002075
-0.002686
-0.002808
-0.003418
-0.001099
-0.001709
-0.000977
-0.001953
-0.001709
-0.002319
-0.001709
-0.001953
-0.001831
-0.002319
-0.002563
-0.000854
-0.001587
-0.003296
-0.001221
-0.001587
-0.001099
-0.000610
-0.001343
-0.002197
-0.002563
-0.002686
-0.001831
-0.003784
-0.002197
-0.002563
-0.001831
-0.003174
-0.002197
-0.003052
-0.002808
-0.001709
-0.003662
-0.001587
-0.001343
-0.001831
-0.002686
-0.001709
-0.002808
-0.001465
-0.002197
-0.002563
-0.001953
-0.001465
-0.001709
-0.001709
-0.001221
-0.001709
-0.002930
-0.002808
-0.001343
-0.002563
-0.002563
-0.001465
-0.002686
-0.001709
-0.003174
-0.002075
-0.001831
-0.002319
-0.002075
-0.002808
-0.002930
-0.003052
-0.002686
-0.002075
-0.001465
-0.003540
-0.002197
-0.001953
-0.002319
-0.002197
-0.001709
-0.002563
-0.002808
-0.001831
-0.003418
-0.002808
-0.002686
-0.001831
-0.002563
-0.001465
-0.001099
-0.001953
-0.003540
-0.003174
-0.002563
-0.001709
-0.002075
-0.002686
-0.001221
-0.001709
-0.001343
-0.001709
-0.002930
-0.002075
-0.002563
-0.002075
-0.001831
-0.001709
-0.001221
-0.002075
-0.001343
-0.001709
-0.002930
-0.002563
-0.001709
-0.001465
-0.002441
-0.003540
-0.001831
-0.001709
-0.002075
-0.002197
-0.003052
-0.001343
-0.001953
-0.002319
-0.001953
-0.001709
-0.002075
-0.000854
-0.001709
-0.002441
-0.002197
-0.000854
-0.003418
-0.002563
-0.000977
-0.003540
-0.001953
-0.001709
-0.002075
-0.001953
-0.001465
-0.002441
-0.001709
-0.003174
-0.002808
-0.001221
-0.000366
-0.001343
-0.001221
-0.002197
-0.001953
-0.002075
-0.001221
-0.001587
-0.001709
-0.002075
-0.001343
-0.003052
-0.002563
-0.002563
-0.002930
-0.001221
-0.002075
-0.002563
-0.001709
-0.002686
-0.001709
-0.001709
-0.001831
-0.001831
-0.002563
-0.002197
-0.001099
-0.001587
-0.002441
-0.002075
-0.001465
-0.002563
-0.000122
-0.001709
-0.003174
-0.001953
-0.002319
-0.001465
-0.001343
-0.001831
-0.001709
-0.003174
-0.001953
-0.003052
-0.001343
-0.002441
-0.001709
-0.001221
-0.001953
-0.002563
-0.001465
-0.002808
-0.001709
-0.001831
-0.002930
-0.001831
-0.002563
-0.001831
-0.001343
-0.002075
-0.002563
-0.003662
-0.002075
-0.002930
-0.001709
-0.002808
-0.001221
-0.001831
-0.002686
-0.001831
-0.001831
-0.001709
-0.002930
-0.001953
-0.002686
-0.001709
-0.002197
-0.001465
-0.002441
-0.002319
-0.002808
-0.002075
-0.001831
-0.002930
-0.001343
-0.002441
-0.001709
-0.001831
-0.001709
-0.001953
-0.002563
-0.002563
-0.002686
-0.001343
-0.003296
-0.001465
-0.001587
-0.001587
-0.002075
-0.001831
-0.001953
-0.002563
-0.003174
-0.002563
-0.001343
-0.002197
-0.002808
-0.003174
-0.002563
-0.001099
-0.001709
-0.003052
-0.002930
-0.001709
-0.002808
-0.002319
-0.002197
-0.002319
-0.001343
-0.002686
-0.001953
-0.001709
-0.002197
-0.002075
-0.002319
-0.001953
-0.002808
-0.002197
-0.002563
-0.001465
-0.002441
-0.001709
-0.002930
-0.001831
-0.001099
-0.002075
-0.000977
-0.002075
-0.001709
-0.002686
-0.002808
-0.001953
-0.002930
-0.000732
-0.002563
-0.002319
-0.001953
-0.002197
-0.002075
-0.001465
-0.001587
-0.002808
-0.001465
-0.002563
-0.002686
-0.002319
-0.003174
-0.001831
-0.002563
-0.001831
-0.001709
-0.003052
-0.001831
-0.002197
-0.000854
-0.001099
-0.002563
-0.001709
-0.001953
-0.002197
-0.002197
-0.002319
-0.002075
-0.001709
-0.002075
-0.002563
-0.002686
-0.002197
-0.001953
-0.001953
-0.002319
-0.002197
-0.002930
-0.002197
-0.002319
-0.001953
-0.002563
-0.002563
-0.001953
-0.000854
-0.001953
-0.001709
-0.002197
-0.003662
-0.002319
-0.002563
-0.001221
-0.001831
-0.001831
-0.000732
-0.002563
-0.001099
-0.001709
-0.003418
-0.001831
-0.002563
-0.001709
-0.002563
-0.001099
-0.002808
-0.001831
-0.002075
-0.001831
-0.001953
-0.002197
-0.001343
-0.001343
-0.002441
-0.001953
-0.001953
-0.001709
-0.001221
-0.002197
-0.001831
-0.002563
-0.002319
-0.001709
-0.001953
-0.002808
-0.002075
-0.001831
-0.002197
-0.002319
-0.002808
-0.002319
-0.001831
-0.002075
-0.002319
-0.002563
-0.001709
-0.003052
-0.001953
-0.001709
-0.001709
-0.001831
-0.002197
-0.001709
-0.001953
-0.002319
-0.000488
-0.003296
-0.002075
-0.002197
-0.003662
-0.001953
-0.001465
-0.002441
-0.001709
-0.001709
-0.002563
-0.002319
-0.002930
-0.001709
-0.002686
-0.001465
-0.001709
-0.001831
-0.001343
-0.002075
-0.001953
-0.001953
-0.001709
-0.002563
-0.000366
-0.001221
-0.001221
-0.002075
-0.002808
-0.002197
-0.001343
-0.001709
-0.001953
-0.002563
-0.002686
-0.001709
-0.002075
-0.002563
-0.001831
-0.001709
-0.002930
-0.001709
-0.002075
-0.003052
-0.001099
-0.000366
-0.002930
-0.002319
-0.002686
-0.001953
-0.003052
-0.001831
-0.002197
-0.002075
-0.001099
-0.002563
-0.001709
-0.001343
-0.002686
-0.002686
-0.001099
-0.002441
-0.002075
-0.002563
-0.000854
-0.001831
-0.002563
-0.002930
-0.001343
-0.001221
-0.002563
-0.002563
-0.002563
-0.001343
-0.002563
-0.001709
-0.002686
-0.002197
-0.001709
-0.001709
-0.001343
-0.002563
-0.002563
-0.001709
-0.002563
-0.003418
-0.001221
-0.002563
-0.002930
-0.002686
-0.001343
-0.002197
-0.001709
-0.002075
-0.002563
-0.001343
-0.000977
-0.002930
-0.001709
-0.001709
-0.001709
-0.002075
-0.002319
-0.001709
-0.001709
-0.001953
-0.001709
-0.002686
-0.001953
-0.001953
-0.002319
-0.001221
-0.002686
-0.001221
-0.003296
-0.002563
-0.002197
-0.001709
-0.001709
-0.001953
-0.002319
-0.002197
-0.001831
-0.002197
-0.000854
-0.001831
-0.002930
-0.002197
-0.001221
-0.002563
-0.002197
-0.000366
-0.001953
-0.002563
-0.001709
-0.002563
-0.002930
-0.001709
-0.002563
-0.001709
-0.002075
-0.002197
-0.001709
-0.000854
-0.000244
-0.000977
-0.002075
-0.003418
-0.000977
-0.001221
-0.001709
-0.002808
-0.001953
-0.002197
-0.002563
-0.001221
-0.001709
-0.002808
-0.002563
-0.002563
-0.002563
-0.001831
-0.001465
-0.002930
-0.001465
-0.002075
-0.002563
-0.001831
-0.002197
-0.001221
-0.002441
-0.001953
-0.001709
-0.002563
-0.002563
-0.002075
-0.001831
-0.002686
-0.002197
-0.002319
-0.002808
-0.003784
-0.002319
-0.002197
-0.001099
-0.001831
-0.002563
-0.002075
-0.001709
-0.001953
-0.002808
-0.001831
-0.001953
-0.001953
-0.002319
-0.002075
-0.002075
-0.002686
-0.001831
-0.002930
-0.002686
-0.002197
-0.002319
-0.002563
-0.001709
-0.002563
-0.001953
-0.002563
-0.002197
-0.003174
-0.001709
-0.002563
-0.000488
-0.000977
-0.003296
-0.001709
-0.001709
-0.001831
-0.001953
-0.001465
-0.001709
-0.001709
-0.001953
-0.001831
-0.002808
-0.002075
-0.001831
-0.002197
-0.001465
-0.002197
-0.001953
-0.001831
-0.002319
-0.002563
-0.002319
-0.001709
-0.003296
-0.001953
-0.001953
-0.003052
-0.003418
-0.003540
-0.002197
-0.001343
-0.001709
-0.002319
-0.002075
-0.001709
-0.002075
-0.001709
-0.001709
-0.002075
-0.001343
-0.002563
-0.001831
-0.002197
-0.001099
-0.002563
-0.002075
-0.001953
-0.002197
-0.001221
-0.002441
-0.000854
-0.001709
-0.002319
-0.001465
-0.000977
-0.001709
-0.001709
-0.002075
-0.001831
-0.002808
-0.003540
-0.000977
-0.001831
-0.002075
-0.001953
-0.002197
-0.002563
-0.002563
-0.001221
-0.002075
-0.001465
-0.002563
-0.001831
-0.001953
-0.001953
-0.002197
-0.002563
-0.001709
-0.002563
-0.003052
-0.001221
-0.001343
-0.001221
-0.001221
-0.001709
-0.001587
-0.002563
-0.002319
-0.001831
-0.002197
-0.003418
-0.000977
-0.001587
-0.001831
-0.001709
-0.002563
-0.003418
-0.001709
-0.001831
-0.001953
-0.000854
-0.001831
-0.003052
-0.002197
-0.001831
-0.001709
-0.001709
-0.001343
-0.002563
-0.001221
-0.001709
-0.002563
-0.002563
-0.001831
-0.002319
-0.002319
-0.001953
-0.002930
-0.003418
-0.001465
-0.001709
-0.001709
-0.001953
-0.001953
-0.000854
-0.001831
-0.002686
-0.001831
-0.002563
-0.002563
-0.002197
-0.001221
-0.002197
-0.000854
-0.001343
-0.002075
-0.001709
-0.001831
-0.002930
-0.002563
-0.002197
-0.002686
-0.001709
-0.000854
-0.002197
-0.001709
-0.000977
-0.002441
-0.001343
-0.002563
-0.001709
-0.001343
-0.002441
-0.001953
-0.001343
-0.001709
-0.002075
-0.002808
-0.000854
-0.001953
-0.002075
-0.000977
-0.002075
-0.002075
-0.002563
-0.002563
-0.002197
-0.002930
-0.001831
-0.002197
-0.001709
-0.003174
-0.001831
-0.003052
-0.001831
-0.002563
-0.002563
-0.001953
-0.002319
-0.001953
-0.001953
-0.001709
-0.001099
-0.001709
-0.002808
-0.000854
-0.001831
-0.001709
-0.002075
-0.001343
-0.001831
-0.002808
-0.002563
-0.002075
-0.001709
-0.003174
-0.001709
-0.002563
-0.001953
-0.000977
-0.002563
-0.002197
-0.001709
-0.001831
-0.002686
-0.001099
-0.002686
-0.001953
-0.001465
-0.002197
-0.002563
-0.002197
-0.002197
-0.002319
-0.001709
-0.002075
-0.002075
-0.002686
-0.002563
-0.001709
-0.001099
-0.001587
-0.001831
-0.001709
-0.001831
-0.002930
-0.002197
-0.000122
-0.001831
-0.000977
-0.001831
-0.001343
-0.002808
-0.003052
-0.001831
-0.002563
-0.002686
-0.002197
-0.002808
-0.002930
-0.001709
-0.002563
-0.001709
-0.001709
-0.002686
-0.002563
-0.001831
-0.001221
-0.001709
-0.002563
-0.001465
-0.002686
-0.001343
-0.001953
-0.001465
-0.003052
-0.001709
-0.000977
-0.003296
-0.001343
-0.002075
-0.002075
-0.001831
-0.002563
-0.002930
-0.001099
-0.002197
-0.001343
-0.001831
-0.001831
-0.002563
-0.001709
-0.001953
-0.001953
-0.001465
-0.000854
-0.002563
-0.001709
-0.001221
-0.001831
-0.002319
-0.001831
-0.001831
-0.001343
-0.001587
-0.003052
-0.000977
-0.001953
-0.002319
-0.001221
-0.003296
-0.002319
-0.000244
-0.001953
-0.003662
-0.001831
-0.002075
-0.002563
-0.001099
-0.000977
-0.001587
-0.001221
-0.002441
-0.000854
-0.002441
-0.002197
-0.001221
-0.001587
-0.002197
-0.001709
-0.002197
-0.000977
-0.002197
-0.001465
-0.001953
-0.001953
-0.002563
-0.002197
-0.002075
-0.002319
-0.001221
-0.003418
-0.002319
-0.002563
-0.000977
-0.002075
-0.001709
-0.002197
-0.001953
-0.002686
-0.002075
-0.001343
-0.000977
-0.001221
-0.000854
-0.002441
-0.001343
-0.000977
-0.002930
-0.002075
-0.001953
-0.002319
-0.002197
-0.002930
-0.002075
-0.002319
-0.001953
-0.001099
-0.002563
-0.003052
-0.001709
-0.002686
-0.002930
-0.003052
-0.001953
-0.002075
-0.001709
-0.001343
-0.001831
-0.000854
-0.002075
-0.001221
-0.001343
-0.001221
-0.003052
-0.001953
-0.001709
-0.001221
-0.001953
-0.001831
-0.001831
-0.002563
-0.001953
-0.002563
-0.001831
-0.002930
-0.001709
-0.002563
-0.002563
-0.001709
-0.001465
-0.001709
-0.003052
-0.002563
-0.001831
-0.001465
-0.002441
-0.001465
-0.002686
-0.002563
-0.001343
-0.001343
-0.001587
-0.001709
-0.002930
-0.001221
-0.001709
-0.001465
-0.002808
-0.001343
-0.002075
-0.000122
-0.001953
-0.002319
-0.001709
-0.000977
-0.001709
-0.001221
-0.002197
-0.002075
-0.001709
-0.001587
-0.001709
-0.002441
-0.002319
-0.001709
-0.001953
-0.002563
-0.002563
-0.003174
-0.001709
-0.001709
-0.001709
-0.001465
-0.003418
-0.002441
-0.002563
-0.002197
-0.002075
-0.001099
-0.002808
-0.002808
-0.001709
-0.002808
-0.001465
-0.003052
-0.002930
-0.001099
-0.001709
-0.001465
-0.001831
-0.002686
-0.000854
-0.001953
-0.001709
-0.001709
-0.002563
-0.000732
-0.001709
-0.001953
-0.003052
-0.002563
-0.001831
-0.001953
-0.002686
-0.002075
-0.001221
-0.001343
-0.003540
-0.002197
-0.001709
-0.002563
-0.002075
-0.001221
-0.002441
-0.002563
-0.002563
-0.001465
-0.001709
-0.002197
-0.001465
-0.003296
-0.001343
-0.002563
-0.002075
-0.000977
-0.002563
-0.000854
-0.002563
-0.002319
-0.001099
-0.001831
-0.002197
-0.002563
-0.002197
-0.002686
-0.000977
-0.000977
-0.001709
-0.002563
-0.001831
-0.001709
-0.001709
-0.002075
-0.001831
-0.002197
-0.001709
-0.001709
-0.002075
-0.002319
-0.001465
0.000000
-0.001709
-0.002075
-0.001953
-0.002075
-0.001953
-0.002563
-0.000488
-0.002441
-0.002808
-0.001831
-0.003052
-0.002563
-0.002075
-0.001831
-0.001221
-0.002686
-0.001831
-0.002808
-0.000854
0.000000
-0.002319
-0.001831
-0.002808
-0.002075
-0.001709
-0.001709
-0.001099
-0.002563
-0.002563
-0.001709
-0.001831
-0.002930
-0.001709
-0.002075
-0.001953
-0.002197
-0.001709
-0.000854
-0.001709
-0.002441
-0.001709
-0.002563
-0.000366
-0.001221
-0.001831
-0.003418
-0.001831
-0.001709
-0.003174
-0.001099
-0.002808
-0.002563
-0.002563
-0.001343
-0.001587
-0.002441
-0.001831
-0.001343
-0.002075
-0.002197
-0.001099
-0.001709
-0.001343
-0.001343
-0.003418
-0.002197
-0.003174
-0.000977
-0.001587
-0.001343
-0.002686
-0.002563
-0.002075
-0.002197
-0.001709
-0.002563
-0.002197
-0.001953
-0.000854
-0.001953
-0.001831
-0.001221
-0.001709
-0.001709
-0.001587
-0.001831
-0.001465
-0.003418
-0.002075
-0.002197
-0.001709
-0.002808
-0.001831
-0.002319
-0.002075
-0.002563
-0.001099
-0.001343
-0.001709
-0.000977
-0.001831
-0.002808
-0.002563
-0.001343
-0.001709
-0.002441
-0.002075
-0.001831
-0.003052
-0.001831
-0.002075
-0.002930
-0.002197
-0.002563
-0.001099
-0.002197
-0.001709
-0.002930
-0.001831
-0.001953
-0.001709
-0.002075
-0.001709
-0.001343
-0.001709
-0.001343
-0.002563
-0.002319
-0.001709
-0.002197
-0.001709
-0.002808
-0.000854
-0.002686
-0.002563
-0.001953
-0.002075
-0.003052
-0.000977
-0.000610
-0.001709
-0.002197
-0.001709
-0.001343
-0.001343
-0.001953
-0.001709
-0.002075
-0.001953
-0.001831
-0.001709
-0.001221
-0.000977
-0.002563
-0.002319
-0.001465
-0.002563
-0.001953
-0.002563
-0.001709
-0.001465
-0.002563
-0.001709
-0.001831
-0.002319
-0.002319
-0.002563
-0.001831
-0.002197
-0.001709
-0.002563
-0.002197
-0.001709
-0.003174
-0.002075
-0.001831
-0.002808
-0.002563
-0.001099
-0.001953
-0.001953
-0.002197
-0.002075
-0.002930
-0.002075
-0.002197
-0.002930
-0.002686
-0.001831
-0.001099
-0.001953
-0.002319
-0.002319
-0.001831
-0.002197
-0.001953
-0.001709
-0.002075
-0.001831
-0.001343
-0.002686
-0.001953
-0.003052
-0.002197
-0.000488
-0.002197
-0.003052
-0.002563
-0.001709
-0.003540
-0.001831
-0.000732
-0.002441
-0.001099
-0.001709
-0.001099
-0.001709
-0.002563
-0.001709
-0.001709
-0.002075
-0.002563
-0.002075
-0.002563
-0.001221
-0.001953
-0.001221
-0.001709
-0.001709
-0.001831
-0.001465
-0.001343
-0.001099
-0.001831
-0.001953
-0.001953
-0.002563
-0.001953
-0.000977
-0.001221
-0.003418
-0.002075
-0.002319
-0.003174
-0.001831
-0.001343
-0.001709
-0.002441
-0.002075
-0.001831
-0.002563
-0.000977
-0.002686
-0.002563
-0.001221
-0.002075
-0.002319
-0.001221
-0.001953
-0.001831
-0.001709
-0.000977
-0.001953
-0.002563
-0.002075
-0.001099
-0.000732
-0.001953
-0.002075
-0.001709
-0.001709
-0.001831
-0.002319
-0.001831
-0.001709
-0.003052
-0.001343
-0.001587
-0.001831
-0.002930
-0.002563
-0.001343
-0.001343
-0.001953
-0.001709
-0.001709
-0.002808
-0.001709
-0.001709
-0.001831
-0.003174
-0.001465
-0.002686
-0.002075
-0.001953
-0.001831
-0.002563
-0.003174
-0.001465
-0.002197
-0.003052
-0.002075
-0.001953
-0.001709
-0.001709
-0.002075
-0.000854
-0.002686
-0.002197
-0.002319
-0.003418
-0.001099
-0.002197
-0.002563
-0.002075
-0.002197
-0.000366
-0.002197
-0.002319
-0.001221
-0.001831
-0.001831
-0.001221
-0.001343
-0.001221
-0.002441
-0.002563
-0.002563
-0.002075
-0.001953
-0.001953
-0.003174
-0.001709
-0.000977
-0.001343
-0.001831
-0.002563
-0.001343
-0.002563
-0.001709
-0.001953
-0.002075
-0.001709
-0.002197
-0.002808
-0.002930
-0.002197
-0.001953
-0.002319
-0.001465
-0.002075
-0.002319
-0.001099
-0.002197
-0.002563
-0.001953
-0.002197
-0.001953
-0.002563
-0.002075
-0.001709
-0.002563
-0.002563
-0.001709
-0.002563
-0.003418
-0.001465
-0.001709
-0.001953
-0.002197
-0.001221
-0.001709
-0.001709
-0.001831
-0.001221
-0.002441
-0.002197
-0.001343
-0.001831
-0.001465
-0.002075
-0.001831
-0.000854
-0.001709
-0.002563
-0.002930
-0.000977
-0.002686
-0.002197
-0.003052
-0.001953
-0.001465
-0.003296
-0.001831
-0.000854
-0.001709
-0.001709
-0.001831
-0.001831
-0.001465
-0.002197
-0.002197
-0.001709
-0.002319
-0.002197
-0.001099
-0.000122
-0.001221
-0.002563
-0.002075
-0.002808
-0.001221
-0.000977
-0.000854
-0.001831
-0.002319
-0.001953
-0.001343
-0.001831
-0.002563
-0.002563
-0.001709
0.000122
-0.002686
-0.001709
-0.000854
-0.001709
-0.001221
-0.001953
-0.002563
-0.002686
-0.001953
-0.002197
-0.001953
-0.001831
-0.001709
-0.002808
-0.001953
-0.001953
-0.002563
-0.001709
-0.001221
-0.002563
-0.003418
-0.001465
-0.001953
-0.003418
-0.002686
-0.001953
-0.002319
-0.001465
-0.002563
-0.001465
-0.001831
-0.002197
-0.001953
-0.002075
-0.001953
-0.000488
-0.002563
-0.001831
-0.001831
-0.001709
-0.002075
-0.001099
-0.002686
-0.003052
0.000000
-0.001709
-0.002197
-0.000854
-0.001709
-0.002197
-0.002075
-0.002686
-0.002686
-0.002319
-0.001831
-0.001831
-0.002930
-0.000854
-0.002563
-0.002319
-0.002686
-0.002197
-0.000244
-0.002441
-0.001099
-0.002563
-0.002686
-0.001953
-0.002075
-0.001953
-0.000977
-0.002808
-0.001099
-0.001953
-0.001953
-0.001343
-0.001831
-0.001953
-0.001465
-0.001953
-0.002197
-0.002563
-0.002686
-0.001099
-0.001709
-0.001709
-0.000854
-0.002808
-0.001343
-0.002441
-0.002075
-0.001221
-0.003052
-0.002197
-0.002930
-0.001709
-0.001709
-0.002441
-0.002197
-0.002319
-0.001343
-0.001709
-0.003174
-0.000732
-0.002563
-0.002075
-0.003418
-0.002197
-0.000122
-0.001709
-0.002930
-0.002075
-0.002075
-0.001709
-0.001709
-0.001953
-0.001343
-0.002930
-0.002808
-0.001831
-0.001709
-0.002686
-0.001343
-0.001343
-0.001343
-0.002197
-0.001831
-0.001831
-0.003052
-0.002197
-0.002563
-0.002075
-0.001343
-0.001709
-0.002930
-0.002563
-0.002319
-0.001953
-0.002197
-0.001953
-0.001343
-0.001831
-0.002075
-0.002930
-0.002686
-0.002563
-0.001831
-0.002808
-0.001099
-0.000977
-0.002197
-0.001343
-0.002441
-0.001221
-0.003418
-0.001953
-0.002319
-0.001709
-0.002808
-0.002075
-0.000732
-0.001221
-0.001709
-0.002563
-0.001709
-0.000854
-0.001221
-0.001709
-0.001709
-0.002075
-0.001099
-0.001831
-0.001709
-0.002197
-0.002563
-0.001465
-0.002930
-0.001343
-0.001221
-0.001953
-0.001465
-0.002930
-0.002319
-0.002563
-0.001465
-0.000854
-0.000977
-0.001587
-0.002075
-0.001465
-0.002686
-0.002930
0.000000
-0.001831
-0.001953
-0.000977
-0.001709
-0.001709
-0.002686
-0.002686
-0.001343
-0.003418
-0.001709
-0.001343
-0.002075
-0.001709
-0.001831
-0.001465
-0.002686
-0.000732
-0.001709
-0.001953
-0.000732
-0.002075
-0.001709
-0.002197
-0.003418
-0.000610
-0.003052
-0.002075
-0.001709
-0.001831
-0.002563
-0.002319
-0.001343
-0.002563
-0.002808
-0.001953
-0.001831
-0.001953
-0.002319
-0.002197
-0.001709
-0.002563
-0.002686
-0.002197
-0.002319
-0.003174
-0.001709
-0.002563
-0.001343
-0.002197
0.000000
-0.002075
-0.001709
-0.000732
-0.001343
-0.002930
-0.002197
-0.002075
-0.001953
-0.000366
-0.001709
-0.002563
-0.001099
-0.001709
-0.001709
-0.002808
-0.000977
-0.001221
-0.002441
-0.002075
-0.000977
-0.000854
-0.003662
-0.002930
-0.002075
-0.002563
-0.002319
-0.002686
-0.002197
-0.002930
-0.001953
-0.003174
-0.001953
-0.001953
-0.002563
-0.002563
-0.002075
-0.001709
-0.002808
-0.001953
-0.002197
-0.001465
-0.001709
-0.002686
-0.002563
-0.001953
-0.001465
-0.002563
-0.001465
-0.002441
-0.002075
-0.001465
-0.001221
-0.001831
-0.001099
-0.001221
-0.002441
-0.001709
-0.001465
-0.001953
-0.000977
-0.002441
-0.001709
-0.001831
-0.002319
-0.001221
-0.002075
-0.001709
-0.002563
-0.002197
-0.002563
-0.001831
-0.001709
-0.001343
-0.001221
-0.002197
-0.001343
-0.001953
-0.002319
-0.001465
-0.000854
-0.001709
-0.002563
-0.002075
-0.002563
-0.001709
-0.002441
-0.002563
-0.001831
-0.002075
-0.001099
-0.001709
-0.001343
-0.001709
-0.003052
-0.001465
-0.002563
-0.001465
-0.001831
-0.002075
-0.001709
-0.002563
-0.001465
-0.001709
-0.002441
-0.002075
-0.001953
-0.002808
-0.002197
-0.002197
-0.001709
-0.002075
-0.002319
-0.002319
-0.002563
-0.002563
-0.001221
-0.001709
-0.001221
-0.002441
-0.001709
-0.001343
-0.001221
-0.002563
-0.002686
-0.001343
-0.003052
-0.001831
-0.002563
-0.001221
-0.002563
-0.003418
-0.002075
-0.001953
-0.002563
-0.001953
-0.002197
-0.001831
-0.001343
-0.002808
-0.002563
-0.002197
-0.002075
-0.001831
-0.000488
-0.002075
-0.002563
-0.001465
-0.001831
-0.001831
-0.001343
-0.003418
-0.003418
-0.000854
-0.001831
-0.001709
-0.002563
-0.002563
-0.001831
-0.002563
-0.003174
-0.002075
-0.001343
-0.001709
-0.001343
-0.002075
-0.002563
-0.002563
-0.000977
-0.001221
-0.002686
-0.002075
-0.002319
-0.002075
-0.001831
-0.001953
-0.001465
-0.002441
-0.001953
-0.001709
-0.002563
-0.000488
-0.001709
-0.003418
-0.000854
-0.001221
-0.002441
-0.003052
-0.002197
-0.002197
-0.001953
-0.001709
-0.001587
-0.001953
-0.001831
-0.002197
-0.002930
-0.000854
-0.001709
-0.002686
-0.001953
-0.002197
-0.001221
-0.001709
-0.001343
-0.001953
-0.001953
-0.002930
-0.002563
-0.002075
-0.002075
-0.001709
-0.002075
-0.002808
-0.002686
-0.001831
-0.001465
-0.001221
-0.001099
-0.001709
-0.001709
0.000122
-0.002075
-0.001831
-0.001709
-0.001953
-0.000366
-0.002930
-0.002319
-0.000977
-0.002686
-0.002075
-0.003418
-0.002075
-0.001099
-0.001709
-0.002563
-0.001465
-0.002441
-0.002075
-0.001953
-0.002563
-0.000977
-0.002441
-0.001953
-0.001831
-0.002563
-0.001831
-0.001709
-0.001953
-0.002197
-0.002808
-0.001709
-0.002075
-0.002563
-0.002563
-0.000854
-0.001099
-0.001831
-0.002197
-0.002563
-0.000854
-0.002197
-0.001709
-0.001343
-0.001343
-0.001343
-0.001587
-0.001709
-0.001709
-0.001099
-0.002075
-0.001831
-0.002319
-0.002075
-0.002686
-0.002319
-0.001221
-0.002563
-0.002563
-0.002930
-0.001953
-0.002197
-0.002563
-0.002563
-0.002930
-0.002075
-0.001221
-0.001953
-0.002319
-0.001953
-0.001221
-0.001953
-0.002197
-0.002563
-0.003052
-0.001709
-0.001953
-0.001709
-0.001831
-0.002075
-0.003418
-0.001709
-0.000610
-0.002808
-0.002197
-0.001465
-0.001831
-0.002197
-0.000854
-0.001221
-0.002686
-0.002319
-0.001831
-0.001831
-0.002197
-0.001221
-0.001709
-0.001709
-0.002808
-0.001953
-0.002075
-0.002197
-0.000977
-0.002808
-0.002319
-0.001221
-0.001587
-0.003296
-0.001709
-0.002563
-0.003052
-0.001099
-0.001343
-0.000977
-0.001953
-0.001709
-0.001099
-0.001099
-0.002930
-0.002563
-0.001831
-0.002319
-0.001831
-0.001099
-0.001099
-0.001953
-0.001709
-0.002686
-0.001953
-0.001221
-0.001709
-0.002930
-0.001709
-0.002075
-0.001099
-0.001221
-0.001709
-0.001953
-0.002563
-0.002319
-0.002563
-0.001831
-0.001709
-0.002563
-0.002808
-0.002075
-0.001709
-0.001221
-0.002686
-0.001709
-0.002075
-0.002563
-0.000488
-0.002563
-0.002563
-0.001709
-0.001709
-0.002075
-0.002197
-0.001709
-0.002563
-0.000854
-0.003296
-0.002686
-0.001709
-0.001099
-0.001343
-0.002075
-0.002075
-0.002319
-0.001709
-0.002075
-0.002075
-0.001953
-0.001831
-0.001831
-0.001831
-0.001953
-0.001465
-0.001831
-0.001099
-0.001953
-0.002075
-0.001465
-0.002075
-0.001343
-0.002075
-0.001343
-0.001831
-0.002808
-0.002197
-0.001465
-0.002075
-0.001953
-0.002563
-0.002197
-0.000854
-0.001709
-0.001831
-0.002563
-0.002563
-0.002319
-0.001831
-0.002197
-0.001709
-0.001709
-0.001831
-0.001343
-0.001343
-0.002808
-0.001953
-0.001831
-0.002319
-0.001221
-0.001953
-0.002075
-0.002563
-0.001099
-0.001831
-0.002075
-0.002563
-0.001831
-0.001099
-0.002563
-0.002197
-0.001709
-0.001831
-0.002808
-0.000732
-0.001831
-0.002319
-0.000854
-0.003418
-0.001953
-0.000854
-0.002197
-0.001709
-0.001343
-0.001953
-0.001953
-0.002197
-0.002563
-0.000977
-0.000854
-0.001831
-0.002930
-0.002319
-0.002319
-0.001709
-0.002563
-0.001465
-0.001709
-0.001465
-0.001953
-0.002197
-0.001709
-0.001709
-0.001343
-0.002075
-0.002319
-0.002319
-0.001831
-0.002319
-0.002319
-0.002930
-0.000732
-0.000854
-0.000854
-0.001343
-0.001099
-0.002808
-0.002197
-0.001953
-0.002563
-0.002197
-0.002197
-0.001465
-0.002075
-0.002197
-0.002197
-0.001831
-0.002563
-0.002197
-0.000977
-0.002930
-0.002319
-0.001465
-0.003052
-0.001831
-0.002197
-0.001343
-0.002075
-0.002563
-0.001709
-0.002075
-0.001709
-0.001709
-0.001953
-0.001099
-0.001831
-0.000488
-0.002808
-0.002075
-0.001221
-0.001221
-0.002075
-0.002197
-0.001709
-0.002563
-0.001953
-0.001709
-0.002808
-0.001831
-0.000854
-0.001953
-0.001953
-0.001953
-0.001709
-0.002808
-0.001343
-0.002075
-0.001831
-0.001953
-0.003052
-0.002563
-0.001709
-0.001221
-0.002808
-0.002808
-0.002075
-0.001709
-0.001465
-0.001587
-0.001709
-0.002563
-0.001709
-0.002075
-0.002808
-0.001953
-0.002197
-0.003052
-0.002319
-0.002319
-0.002197
-0.000977
-0.002197
-0.001465
-0.002808
-0.002686
-0.000854
-0.001831
-0.001953
-0.002563
-0.001709
-0.001709
-0.001709
-0.001709
-0.001099
-0.001953
-0.002075
-0.001465
-0.001587
-0.001709
-0.002075
-0.002075
-0.001709
-0.000732
-0.002563
-0.002319
-0.001831
-0.002197
-0.003906
-0.002075
-0.001099
-0.002075
-0.002075
-0.000732
-0.001953
-0.002808
-0.002563
-0.002075
-0.001465
-0.002441
-0.001831
-0.001465
-0.001343
-0.002197
-0.001221
-0.002197
-0.002197
-0.002319
-0.001831
-0.002075
-0.001953
-0.002197
-0.001709
-0.001831
-0.000732
-0.002563
-0.002563
-0.001343
-0.001953
-0.000977
-0.002197
-0.001953
-0.001831
-0.001953
-0.001831
-0.001953
-0.002319
-0.002319
-0.000854
-0.001587
-0.001953
-0.002319
-0.001465
-0.002563
-0.002686
-0.001709
-0.002319
-0.000854
-0.001709
-0.001099
-0.002197
-0.001831
-0.000366
-0.002197
-0.001709
-0.001221
-0.001953
-0.002563
-0.001709
-0.002563
-0.001953
-0.001221
-0.002563
-0.001709
-0.001587
-0.001831
-0.002563
-0.002686
-0.002075
-0.002075
-0.001709
-0.001221
-0.002563
-0.001709
-0.001221
-0.001587
-0.002075
-0.000977
-0.001587
-0.002563
-0.001953
-0.002197
-0.002075
-0.003174
-0.001709
-0.001465
-0.002441
-0.002563
-0.002319
-0.002563
-0.002686
-0.002563
-0.002808
-0.001709
-0.002563
-0.001343
-0.002075
-0.002319
-0.003052
-0.002197
-0.000854
-0.002075
-0.001709
-0.001953
-0.002563
-0.001709
-0.000610
-0.001709
-0.001221
-0.000977
-0.002075
-0.002563
-0.003052
-0.002563
-0.001953
-0.003052
-0.001343
-0.001953
-0.001465
-0.002197
-0.002563
-0.001709
-0.002197
-0.002075
-0.001709
-0.001343
-0.002686
-0.002319
-0.000854
-0.002563
-0.002197
-0.002563
-0.003174
-0.001343
-0.001709
-0.002075
-0.000122
-0.001953
-0.001831
-0.002808
-0.002563
-0.001343
-0.002563
-0.002075
-0.002930
-0.001709
-0.002930
-0.002808
-0.001099
-0.003418
-0.001709
-0.001709
-0.001709
-0.003174
-0.003052
-0.002563
-0.000977
-0.002563
-0.002808
-0.000854
-0.000854
-0.003052
-0.001099
-0.001099
-0.002563
-0.001709
-0.001587
-0.000732
-0.001587
-0.001343
-0.003296
-0.002197
-0.000488
-0.002808
-0.002197
-0.001953
-0.001709
-0.001709
-0.003418
-0.001709
-0.002075
-0.001953
-0.002075
-0.002563
-0.002563
-0.002319
-0.001831
-0.002197
-0.002563
-0.002563
-0.002075
-0.001099
-0.002441
-0.003052
-0.001709
-0.002197
-0.001709
-0.002808
-0.001709
-0.001831
-0.002197
-0.002563
-0.001709
-0.002563
-0.001465
-0.002563
-0.002930
-0.001709
-0.001953
-0.001099
-0.001709
-0.001343
-0.001709
-0.003052
-0.001343
-0.002441
-0.001465
-0.002563
-0.002319
-0.002075
-0.002075
-0.000732
-0.002563
-0.001831
-0.001831
-0.002930
-0.002563
-0.000732
-0.001953
-0.003662
-0.002808
-0.001465
-0.002808
-0.001465
-0.001221
-0.001953
-0.002808
-0.002319
-0.001465
-0.001221
-0.000854
-0.002075
-0.001953
-0.002563
-0.002075
-0.002563
-0.002197
-0.000366
-0.001709
-0.001221
-0.001709
-0.002075
-0.001465
-0.002563
-0.001953
-0.002075
-0.002563
-0.001709
-0.001709
-0.000977
-0.002563
-0.000854
-0.002075
-0.002319
-0.001831
-0.002808
-0.002686
-0.001709
-0.002686
-0.001831
-0.002197
-0.001953
-0.001953
-0.001709
-0.002563
-0.001953
-0.001343
-0.001587
-0.001953
-0.002808
-0.001465
-0.001831
-0.002319
-0.001831
-0.002930
-0.000854
-0.001099
-0.002563
-0.001709
-0.002563
-0.002808
-0.001831
-0.002075
-0.002808
-0.001831
-0.001953
-0.002197
-0.001709
-0.002075
-0.001953
-0.002075
-0.002808
-0.001709
-0.001221
-0.002808
-0.002075
-0.000977
-0.001953
-0.001831
-0.001465
-0.002197
-0.001709
-0.002075
-0.002197
-0.000732
-0.001709
-0.002563
-0.002197
-0.001953
-0.001953
-0.001831
-0.001953
-0.002686
-0.002197
-0.002686
-0.001221
-0.001709
-0.002197
-0.002075
-0.002808
-0.000732
-0.001343
-0.001709
-0.001587
-0.000854
-0.001953
-0.003418
-0.001465
-0.001709
-0.000977
-0.001221
-0.001709
-0.001709
-0.001831
-0.001465
-0.001831
-0.001709
-0.002075
-0.001465
-0.002563
-0.002686
-0.000854
-0.001709
-0.003052
-0.002563
-0.001343
-0.002441
-0.001953
-0.002197
-0.002563
-0.001709
-0.002563
-0.001709
-0.002808
-0.001709
-0.001099
-0.001831
-0.002563
-0.001099
-0.001709
-0.001709
-0.002563
-0.002686
-0.002686
-0.001709
-0.002563
-0.001709
-0.001343
-0.002930
-0.002808
-0.002319
-0.002930
-0.002563
-0.000732
-0.001587
-0.001831
-0.002686
-0.002686
-0.001465
-0.001709
-0.001709
-0.001831
-0.001343
-0.002197
-0.001465
-0.002808
-0.001221
-0.000854
-0.001709
-0.002075
-0.002563
-0.002563
-0.001831
-0.001709
-0.003418
-0.001099
-0.000977
-0.002075
-0.002563
-0.001953
-0.001953
-0.001709
-0.001709
-0.002197
-0.002075
-0.002075
-0.003540
-0.001953
-0.001953
-0.002686
-0.002808
-0.001831
-0.003052
-0.001709
-0.001343
-0.001831
-0.002930
-0.002075
-0.002808
-0.001831
-0.001709
-0.002075
-0.001465
-0.002808
-0.001343
-0.002563
-0.001709
-0.002075
-0.001831
-0.003418
-0.002441
-0.002197
-0.001465
-0.002441
-0.001465
-0.001221
-0.001831
-0.002563
-0.002075
-0.000977
-0.002197
-0.002319
-0.002686
-0.001709
-0.001709
-0.001953
-0.000854
-0.003052
-0.002563
-0.001709
-0.002563
-0.002319
-0.001953
-0.002686
-0.002075
-0.001465
-0.001709
-0.001831
-0.003052
-0.001831
-0.001709
-0.000732
-0.001831
-0.001953
-0.001465
-0.001831
-0.001953
-0.002930
-0.001831
-0.001953
-0.003052
-0.002197
-0.001709
-0.000854
-0.002808
-0.002197
-0.001465
-0.001709
-0.001099
-0.000732
-0.002197
-0.001465
-0.002197
-0.001831
-0.001709
-0.001953
-0.001709
-0.002930
-0.002197
-0.001465
-0.002197
-0.001831
-0.001221
-0.001953
-0.001099
-0.002441
-0.001709
-0.001709
-0.002075
-0.002075
-0.001953
-0.002319
-0.001953
-0.000854
-0.001709
-0.001953
-0.002197
-0.001343
-0.002563
-0.001343
-0.001587
-0.002930
-0.002319
-0.002563
-0.001953
-0.001709
-0.002930
-0.003418
-0.002563
-0.001343
-0.001953
-0.000854
-0.001831
-0.002686
-0.001831
-0.002319
-0.002930
-0.000244
-0.002075
-0.001831
-0.001953
-0.002808
-0.001831
-0.002075
-0.002686
-0.002075
-0.003052
-0.002686
-0.000854
-0.002686
-0.002930
-0.002686
-0.002563
-0.001953
-0.002930
-0.002563
-0.002319
-0.002319
-0.002563
-0.001343
-0.001831
-0.003052
-0.001709
-0.001709
-0.002197
-0.002563
-0.001709
-0.000854
-0.002930
-0.000854
-0.001953
-0.001709
-0.000854
-0.002075
-0.001099
-0.003418
-0.002930
-0.002319
-0.001465
-0.001709
-0.001831
-0.002075
-0.002808
-0.002930
-0.001831
-0.001709
-0.001099
-0.002808
-0.002563
-0.001709
-0.001343
-0.002686
-0.002563
-0.001953
-0.002930
-0.001709
-0.001709
-0.002563
-0.001831
-0.002808
-0.002319
-0.003052
-0.000854
-0.001953
-0.001953
-0.002563
-0.001343
-0.000244
-0.001953
-0.001831
-0.001465
-0.001709
-0.001221
-0.002808
-0.001953
-0.002075
-0.001343
-0.001831
-0.002808
-0.001221
-0.001953
-0.002197
-0.000977
-0.001709
-0.002563
-0.001831
-0.002319
-0.003174
-0.002808
-0.001221
-0.001953
-0.000854
-0.002686
-0.003418
-0.000977
-0.003418
-0.001953
-0.002319
-0.002563
-0.001465
-0.002441
-0.001465
-0.001587
-0.002563
-0.002563
-0.001221
-0.002075
-0.002075
-0.001221
-0.000854
-0.002441
-0.001953
-0.001953
-0.003418
-0.002197
-0.001831
-0.001465
-0.002197
-0.001343
-0.002563
-0.001831
-0.001221
-0.002930
-0.002563
-0.002197
-0.001099
-0.001953
-0.002808
-0.001709
-0.002075
-0.002930
-0.000854
-0.003052
-0.001709
-0.002075
-0.002197
-0.002319
-0.001099
-0.001953
-0.001709
-0.001831
-0.001831
-0.000854
-0.002563
-0.001953
-0.000977
-0.002563
-0.001221
-0.002075
-0.001709
-0.001709
-0.003418
-0.000854
-0.001709
-0.002563
-0.003052
-0.001953
-0.001099
-0.002808
-0.002197
-0.001709
-0.001831
-0.002563
-0.001465
-0.002197
-0.002075
-0.002075
-0.001709
-0.001709
-0.002075
-0.002686
-0.001831
-0.001709
-0.001709
-0.001221
-0.002563
-0.002930
-0.001709
-0.001343
-0.001343
-0.002686
-0.001831
-0.001221
-0.001587
-0.002808
-0.001221
-0.002075
-0.003052
-0.001953
-0.001831
-0.001465
-0.001709
-0.001831
-0.001709
-0.003906
-0.002197
-0.002075
-0.002686
-0.002319
-0.001953
-0.001343
-0.001709
-0.002197
-0.002563
-0.002563
-0.001953
-0.000977
-0.002808
-0.002930
-0.001953
-0.002686
-0.002075
-0.002319
-0.002686
-0.001953
-0.002686
-0.001831
-0.000854
-0.001343
-0.002563
-0.002563
-0.002319
-0.002563
-0.001709
-0.001831
-0.001343
-0.001709
-0.001953
-0.002197
-0.001831
-0.002319
-0.001953
-0.001953
-0.000977
-0.002808
-0.002319
-0.001465
-0.001831
-0.001953
-0.003418
-0.002197
-0.002319
-0.001953
-0.002686
-0.001953
-0.002075
-0.001221
-0.001221
-0.001831
-0.001709
-0.001343
-0.000610
-0.001953
-0.001465
-0.001709
-0.002197
-0.000977
-0.002075
-0.002930
-0.000854
-0.001953
-0.001831
-0.001709
-0.002563
-0.002563
-0.002075
-0.003174
-0.001953
-0.001465
-0.002563
-0.001953
-0.002075
-0.001831
-0.002319
-0.002197
-0.001709
-0.001953
-0.001221
-0.002686
-0.002075
-0.001465
-0.002075
-0.002197
-0.001709
-0.002075
-0.002075
-0.001831
-0.001465
-0.001587
-0.000977
-0.002808
-0.003052
-0.001831
-0.002197
-0.001831
-0.001831
-0.001831
-0.002075
-0.003906
-0.002319
-0.001709
-0.002441
-0.001709
-0.001953
-0.001953
-0.002197
-0.001709
-0.001709
-0.001953
-0.002563
-0.001465
-0.002075
-0.003052
-0.002075
-0.003052
-0.001953
-0.002197
-0.002319
-0.001343
-0.001953
-0.002930
-0.002930
-0.001709
-0.001709
-0.001831
-0.001831
-0.001831
-0.002075
-0.001953
-0.002197
-0.001953
-0.002563
-0.003174
-0.001709
-0.001709
-0.001709
-0.001221
-0.001709
-0.002563
-0.001709
-0.001831
-0.002930
-0.001465
-0.003052
-0.002075
-0.001709
-0.002075
-0.002319
-0.001709
-0.002686
-0.002686
-0.001953
-0.002563
-0.003662
-0.001587
-0.001953
-0.003662
-0.002686
-0.001953
-0.001953
-0.002808
-0.002808
-0.002075
-0.001709
-0.001831
-0.002686
-0.003418
-0.002563
-0.001953
-0.001099
-0.003906
-0.003540
-0.001709
-0.002075
-0.002075
-0.002197
-0.002197
-0.002197
-0.002319
-0.001709
-0.001953
-0.003174
-0.001709
-0.001953
-0.002808
-0.001709
-0.002197
-0.002075
-0.002197
-0.001221
-0.001099
-0.001587
-0.001099
-0.002563
-0.001709
-0.002563
-0.001831
-0.002075
-0.003906
-0.002075
-0.003052
-0.002075
-0.002930
-0.001953
-0.001465
-0.002197
-0.002563
-0.001831
-0.001343
-0.002075
-0.001221
-0.002563
-0.001709
-0.002075
-0.002075
-0.001221
-0.000977
-0.002808
-0.000488
-0.002563
-0.001831
-0.001343
-0.002686
-0.002075
-0.001709
-0.002319
-0.001709
-0.001831
-0.003052
-0.002563
-0.002686
-0.003174
-0.002563
-0.001831
-0.002686
-0.002686
-0.002197
-0.001343
-0.001709
-0.002075
-0.002075
-0.001709
-0.001709
-0.002197
-0.001099
-0.000854
-0.002563
-0.001465
-0.002808
-0.001709
-0.001831
-0.002563
-0.000854
-0.002808
-0.002563
-0.002808
-0.002197
-0.001953
-0.001465
-0.002197
-0.001709
-0.002563
-0.001343
-0.002441
-0.003418
-0.001709
-0.001709
-0.001099
-0.001709
-0.002197
-0.002075
-0.001831
-0.003540
-0.003052
-0.001831
-0.001709
-0.001587
-0.002686
-0.001099
-0.002197
-0.003540
-0.000854
-0.001953
-0.002563
-0.002075
-0.001465
-0.001953
-0.001099
-0.002197
-0.001709
-0.002075
-0.002686
-0.001709
-0.002075
-0.001831
-0.001221
-0.003296
-0.001953
-0.002808
-0.001099
-0.003052
-0.002563
-0.001465
-0.002563
-0.001953
-0.001709
-0.002563
-0.002075
-0.002563
-0.003662
-0.002808
-0.001465
-0.001953
-0.001709
-0.002197
-0.001831
-0.002563
-0.002563
-0.002563
-0.002319
-0.002075
-0.002075
-0.002563
-0.002563
-0.002563
-0.001953
-0.002319
-0.002319
-0.002563
-0.001709
-0.001343
-0.001099
-0.001709
-0.002197
-0.001465
-0.001099
-0.001587
-0.000854
-0.001099
-0.001709
-0.002563
-0.002319
-0.002563
-0.002319
-0.001953
-0.002930
-0.000854
-0.003296
-0.001709
-0.001221
-0.000854
-0.002563
-0.002319
-0.002563
-0.002930
-0.002563
-0.001831
-0.001831
-0.002563
-0.001709
-0.000854
-0.002563
-0.001221
-0.002075
-0.001709
-0.001221
-0.002563
-0.002808
-0.000854
-0.001831
-0.001709
-0.001831
-0.003174
-0.000854
-0.002075
-0.002563
-0.001709
-0.002930
-0.001709
-0.001831
-0.001831
-0.001953
-0.003174
-0.001709
-0.001831
-0.002319
-0.002319
-0.002686
-0.001343
-0.003906
-0.003296
-0.002563
-0.002563
-0.001465
-0.002563
-0.001953
-0.001831
-0.002686
-0.000854
-0.001953
-0.002075
-0.002197
-0.002319
-0.001953
-0.001953
-0.001953
-0.001831
-0.001953
-0.002319
-0.002563
-0.002808
-0.002075
-0.001953
-0.001831
-0.002563
-0.002075
-0.001831
-0.001709
-0.001343
-0.002563
-0.002686
-0.002197
-0.002319
-0.001221
-0.001587
-0.002441
-0.002197
-0.002563
-0.002563
-0.001709
-0.002563
-0.001953
-0.002075
-0.002563
-0.002686
-0.002319
-0.002563
-0.002808
-0.001831
-0.002075
-0.002563
-0.002075
-0.001831
-0.000854
-0.002197
-0.001709
-0.003418
-0.002075
-0.002808
-0.001099
-0.003052
-0.002563
-0.001953
-0.001465
-0.001709
-0.002563
-0.002686
-0.001831
-0.002319
-0.002075
-0.002197
-0.001465
-0.002075
-0.002075
-0.001465
-0.001709
-0.002075
-0.001465
-0.002563
-0.003052
-0.001709
-0.000854
-0.003052
-0.002075
-0.000977
-0.003418
-0.003418
-0.001343
-0.001221
-0.001587
-0.001831
-0.002563
-0.001709
-0.001465
-0.001953
-0.003418
-0.000244
-0.002441
-0.002563
-0.001465
-0.001953
-0.001953
-0.002686
-0.002930
-0.003174
-0.002930
-0.001831
-0.002563
-0.001709
-0.001709
-0.002563
-0.001465
-0.001221
-0.002686
-0.001709
-0.002197
-0.002075
-0.002686
-0.001343
-0.002563
-0.002563
-0.001831
-0.001831
-0.002197
-0.002808
-0.001465
-0.002563
-0.002686
-0.002563
-0.002686
-0.002197
-0.001953
-0.003174
-0.002197
-0.002563
-0.001831
-0.001709
-0.000366
-0.002563
-0.002075
-0.002197
-0.001221
-0.001953
-0.003418
-0.002563
-0.001953
-0.001709
-0.001953
-0.001465
-0.002686
-0.001343
-0.002563
-0.002075
-0.001343
-0.003052
-0.001953
-0.002686
-0.000366
-0.002075
-0.002319
-0.001099
-0.002686
-0.002197
-0.002563
-0.002075
-0.001709
-0.001465
-0.000854
-0.001831
-0.002319
-0.002197
-0.002075
-0.002197
-0.001709
-0.001343
-0.002563
-0.000854
-0.000610
-0.001709
-0.002563
-0.002197
-0.001831
-0.002563
-0.001343
-0.002197
-0.002930
-0.001709
-0.000854
-0.000977
-0.002930
-0.002319
-0.002563
-0.002808
-0.000366
-0.002441
-0.001709
-0.001343
-0.002197
-0.002319
-0.002319
-0.001099
-0.001953
-0.002686
-0.000854
-0.002686
-0.002686
-0.001465
-0.001709
-0.001831
-0.002197
-0.002319
-0.003052
-0.001953
-0.002563
-0.002563
-0.001953
-0.002197
-0.001953
-0.001709
-0.001099
-0.002563
-0.002686
-0.001465
-0.002197
-0.001343
-0.001953
-0.002563
-0.001465
-0.001709
-0.001953
-0.002319
-0.002563
-0.001953
-0.001953
-0.001831
-0.001709
-0.001709
-0.001709
-0.001709
-0.002563
-0.002930
-0.000977
-0.001831
-0.002075
-0.002319
-0.001831
-0.002197
-0.002197
-0.001831
-0.002563
-0.001709
-0.002197
-0.002808
-0.001831
-0.001953
-0.001831
-0.002563
-0.001953
-0.003052
-0.001465
-0.002075
-0.002075
-0.000854
-0.002075
-0.002563
-0.001343
-0.002441
-0.001709
-0.001831
-0.002197
-0.002563
-0.001709
-0.001831
-0.001831
-0.001831
-0.002930
-0.001831
-0.001831
-0.002563
-0.001465
-0.001953
-0.002563
-0.001709
-0.001709
-0.002075
-0.002075
-0.003662
-0.002930
-0.002563
-0.002197
-0.001343
-0.000854
-0.002441
-0.001831
-0.001953
-0.001709
-0.001343
-0.001831
-0.002197
-0.001465
-0.002563
-0.001709
-0.001099
-0.002808
-0.002075
-0.001343
-0.003052
-0.001709
-0.002075
-0.001953
-0.002930
-0.002197
-0.002319
-0.001709
-0.001953
-0.002808
-0.001343
-0.001709
-0.001709
-0.000610
-0.002563
-0.002075
-0.001953
-0.001709
-0.002930
-0.002319
-0.001465
-0.001099
-0.002075
-0.001709
-0.001953
-0.001465
-0.001587
-0.002441
-0.002808
-0.001465
-0.001343
-0.000854
-0.001831
-0.003418
-0.002686
-0.002075
-0.002563
-0.001343
-0.001709
-0.001831
-0.002563
-0.002197
-0.001953
-0.001953
-0.002808
-0.001831
-0.002686
-0.001709
-0.001953
-0.002686
-0.001709
-0.003296
-0.001343
-0.002930
-0.001343
-0.002563
-0.003174
-0.002075
-0.001221
-0.000977
-0.001709
-0.002563
-0.001709
-0.001099
-0.001099
-0.001831
-0.001953
-0.001953
-0.001953
-0.002686
-0.001831
-0.001831
-0.001465
-0.001587
-0.002808
-0.002563
-0.000488
-0.002930
-0.002686
-0.000854
-0.000854
-0.002075
-0.002075
-0.002197
-0.002197
-0.001709
-0.001953
-0.001953
-0.001953
-0.002563
-0.002808
-0.001709
-0.002441
-0.002197
-0.001221
-0.001709
-0.002075
-0.001465
-0.001587
-0.000854
-0.002563
-0.000977
-0.002441
-0.001831
-0.002197
-0.002686
-0.001953
-0.001099
-0.000977
-0.001709
-0.002319
-0.002930
-0.001831
-0.001099
-0.001709
-0.001465
-0.001099
-0.002075
-0.002563
-0.001343
-0.002808
-0.002319
-0.002319
-0.000854
-0.002441
-0.001709
-0.001709
-0.003052
-0.001831
-0.002563
-0.000488
-0.001343
-0.002563
-0.001831
-0.001831
-0.001953
-0.001831
-0.001709
-0.001831
-0.002563
-0.001221
-0.002441
-0.002075
-0.002563
-0.002686
-0.002686
-0.001709
-0.001465
-0.002686
-0.002197
-0.002075
-0.002075
-0.001221
-0.002563
-0.002197
-0.002563
-0.002075
-0.001343
-0.001953
-0.002563
-0.001709
-0.002197
-0.001953
-0.001465
-0.001953
-0.001709
-0.002197
-0.002319
-0.000854
-0.001709
-0.002563
-0.001709
-0.001953
-0.001465
-0.002808
-0.001221
-0.002563
-0.002319
-0.001709
-0.002930
-0.001343
-0.001953
-0.002319
-0.002319
-0.001831
-0.002075
-0.002930
-0.001099
-0.001709
-0.002563
-0.001221
-0.001221
-0.002686
-0.002563
-0.001465
-0.001587
-0.001343
-0.001709
-0.002197
-0.001831
-0.000732
-0.002808
-0.002075
-0.002197
-0.003418
-0.000854
-0.002686
-0.002075
-0.002197
-0.002197
-0.001953
-0.002075
-0.001831
-0.002197
-0.002930
-0.001221
-0.001953
-0.003052
-0.001709
-0.002563
-0.000854
-0.002930
-0.002563
-0.002197
-0.002075
-0.001343
-0.002563
-0.002197
-0.001221
-0.000732
-0.001831
-0.002563
-0.002075
-0.001709
-0.001831
-0.000977
-0.002197
-0.003174
-0.001709
-0.001831
-0.003052
-0.002075
-0.001099
-0.002686
-0.002319
-0.001709
-0.001831
-0.002197
-0.001831
-0.001709
-0.002197
-0.001709
-0.002686
-0.001709
-0.002563
-0.001099
-0.000854
-0.002075
-0.002563
-0.001465
-0.002197
-0.000854
-0.002686
-0.002563
-0.003052
-0.002197
-0.001831
-0.001709
-0.001221
-0.001831
-0.002563
-0.002563
-0.001465
-0.001709
-0.001953
-0.001953
-0.002197
-0.002075
-0.002197
-0.003418
-0.002563
-0.001709
-0.000854
-0.002563
-0.002319
-0.001709
-0.002563
-0.002197
-0.001221
-0.000854
-0.001709
-0.003540
-0.002197
-0.001343
-0.002441
-0.001099
-0.001709
-0.002197
-0.001831
-0.001831
-0.001953
-0.001709
-0.002563
-0.001953
-0.001709
-0.002563
-0.001953
-0.002319
-0.002563
-0.002563
-0.001953
-0.000977
-0.001831
-0.002197
-0.002563
-0.001953
-0.001831
-0.002808
-0.002563
-0.001709
-0.001831
-0.002686
-0.002075
-0.001831
-0.002319
-0.001831
-0.002075
-0.002197
-0.002319
-0.001953
-0.002319
-0.001709
-0.002441
-0.002686
-0.001953
-0.002686
-0.001343
-0.001831
-0.002075
-0.001465
-0.001709
-0.002075
-0.000977
-0.002441
-0.001831
-0.002197
-0.001709
-0.001953
-0.001709
-0.001709
-0.002197
-0.002319
-0.002563
-0.001465
-0.002686
-0.001709
-0.002075
-0.001953
-0.002197
-0.002686
-0.002075
-0.002197
-0.002563
-0.001343
-0.001343
-0.001953
-0.002075
-0.001831
-0.001709
-0.002075
-0.001831
-0.002197
-0.001953
-0.001465
-0.001831
-0.002319
-0.002197
-0.001099
-0.002197
-0.002563
-0.002075
-0.000854
-0.001709
-0.001831
-0.002075
-0.001709
-0.002563
-0.002197
-0.001953
-0.001343
-0.001831
-0.001709
-0.002197
-0.002563
-0.002563
-0.002686
-0.002075
-0.002563
-0.001343
-0.001343
-0.001587
-0.001221
-0.001709
-0.003418
-0.001709
-0.001709
-0.002075
-0.001099
-0.003540
-0.001465
-0.001831
-0.002075
-0.001709
-0.002319
-0.001953
-0.003174
-0.002197
-0.001709
-0.003418
-0.001099
-0.001709
-0.002808
-0.002075
-0.002808
-0.001343
-0.001709
-0.002563
-0.002075
-0.002563
-0.002808
-0.001099
-0.002075
-0.001709
-0.001099
-0.000366
-0.001831
-0.002563
-0.001831
-0.001831
-0.001709
-0.002197
-0.002319
-0.002075
-0.002686
-0.001221
-0.001343
-0.001587
-0.001587
-0.002563
-0.001221
-0.001343
-0.002808
-0.003052
-0.002319
-0.002197
-0.001465
-0.002075
-0.003174
-0.001709
-0.003784
-0.001953
-0.002197
-0.002930
-0.001221
-0.001587
-0.002197
-0.002319
-0.001953
-0.002563
-0.002808
-0.002563
-0.002197
-0.002075
-0.001709
-0.001221
-0.001709
-0.000977
-0.001221
-0.001709
-0.001831
-0.002319
-0.002319
-0.002563
-0.002319
-0.000488
-0.002686
-0.002563
-0.002808
-0.002319
-0.002197
-0.002563
-0.001465
-0.002686
-0.001831
-0.002563
-0.002563
-0.002686
-0.001831
-0.002319
-0.001099
-0.003296
-0.002319
-0.001953
-0.001099
-0.001709
-0.001343
-0.000732
-0.001831
-0.001709
-0.001709
-0.002197
-0.001709
-0.001221
-0.001831
-0.001831
-0.001709
-0.001709
-0.001709
-0.003174
-0.001343
-0.001343
-0.001953
-0.001465
-0.001709
-0.001953
-0.001343
-0.000977
-0.001587
-0.001953
-0.002197
-0.002075
-0.002075
-0.000854
-0.001343
-0.001343
-0.003296
-0.002197
-0.002075
-0.001709
-0.002563
-0.002808
-0.001709
-0.003540
-0.002319
-0.002808
-0.001831
-0.002075
-0.002563
-0.001465
-0.001099
-0.002441
-0.001465
-0.002808
-0.002563
-0.001221
-0.001221
-0.001709
-0.002563
-0.002197
-0.001831
-0.001953
-0.001953
-0.001465
-0.000977
-0.002563
-0.002075
-0.001343
-0.001953
-0.001953
-0.002808
-0.001831
-0.002808
-0.002563
-0.002686
-0.001953
-0.002930
-0.002808
-0.001709
-0.002319
-0.002319
-0.000854
-0.001587
-0.001587
-0.001953
-0.000732
-0.001221
-0.001099
-0.001953
-0.001709
-0.003174
-0.002075
-0.002563
-0.001465
-0.002563
-0.002075
-0.001709
-0.001953
-0.001221
-0.001709
-0.002563
-0.001709
-0.002075
-0.003662
-0.002197
-0.001465
-0.001953
-0.001953
-0.002197
-0.002563
-0.001831
-0.000854
-0.001587
-0.002075
-0.001709
-0.002197
-0.001709
-0.000854
-0.002197
-0.003052
-0.001465
-0.001343
-0.001831
-0.000488
-0.001709
-0.001709
-0.001709
-0.001831
-0.003174
-0.001709
-0.001831
-0.002563
-0.001709
-0.001587
-0.001953
-0.001831
-0.001099
-0.002075
-0.002197
-0.001953
-0.001099
-0.002563
-0.002197
-0.001343
-0.003296
-0.001221
-0.000732
-0.002197
-0.001465
-0.001709
-0.002319
-0.000366
-0.002441
-0.002075
-0.001953
-0.001953
-0.002808
-0.000977
-0.001831
-0.001953
-0.001709
-0.002197
-0.003418
-0.002930
-0.001709
-0.002075
-0.000732
-0.003052
-0.002563
-0.002319
-0.002197
-0.002563
-0.002197
-0.001099
-0.002441
-0.002563
-0.001709
-0.001587
-0.002930
-0.001709
-0.002197
-0.001709
-0.001343
-0.002808
-0.001343
-0.001709
-0.002563
-0.002808
-0.001831
-0.002563
-0.002563
-0.002075
-0.001343
-0.001709
-0.002563
-0.001953
-0.000488
-0.002441
-0.001831
-0.001343
-0.002930
-0.001831
-0.002808
-0.002930
-0.002563
-0.001953
-0.002319
-0.003174
-0.002075
-0.001953
-0.002563
-0.003052
-0.002808
-0.002197
-0.002319
-0.001831
-0.002319
-0.002563
-0.002319
-0.002563
-0.001465
-0.002563
-0.002075
-0.001343
-0.003052
-0.001465
-0.001587
-0.002075
-0.001831
-0.002563
-0.001221
-0.002563
-0.002075
-0.001709
-0.002563
-0.001221
-0.002808
-0.001343
-0.001709
-0.002563
-0.002197
-0.002808
-0.002563
-0.002075
-0.001465
-0.001831
-0.001953
-0.002197
-0.002563
-0.000488
-0.001831
-0.003418
-0.000854
-0.001709
-0.001587
-0.001831
-0.001465
-0.002441
-0.002930
-0.001221
-0.002686
-0.001831
-0.001831
-0.001953
-0.001221
-0.002075
-0.001709
-0.002563
-0.002319
-0.002197
-0.002197
-0.001099
-0.003296
-0.002197
-0.001221
-0.001709
-0.000977
-0.001587
-0.002930
-0.001465
-0.001709
-0.002441
-0.002319
-0.002319
-0.001465
-0.002075
-0.001709
-0.001709
-0.002563
-0.001953
-0.001709
-0.003052
-0.002686
-0.001953
-0.003418
-0.002075
-0.001709
-0.002930
-0.002563
-0.002197
-0.001953
-0.000244
-0.002563
-0.004028
-0.001709
-0.002319
-0.001343
-0.002930
-0.001709
-0.001709
-0.001587
-0.001831
-0.002197
-0.001465
-0.002075
-0.001953
-0.002319
-0.002075
-0.002563
-0.002319
-0.001221
-0.002075
-0.001831
-0.001709
-0.001587
-0.002686
-0.001099
-0.001709
-0.002563
-0.001709
-0.002563
-0.002808
-0.002075
-0.001953
-0.001831
-0.002075
-0.002197
-0.001709
-0.002808
-0.000977
-0.001953
-0.001953
-0.002319
-0.001221
-0.001587
-0.001709
-0.001953
-0.003052
-0.001099
-0.002563
-0.001343
-0.001953
-0.002319
-0.001221
-0.001709
-0.000854
-0.001587
-0.001831
-0.000854
-0.000977
-0.002441
-0.002197
-0.001343
-0.001099
-0.001709
-0.001709
-0.001099
-0.002441
-0.001709
-0.002075
-0.001343
-0.002441
-0.002563
-0.001831
-0.002197
-0.001465
-0.001099
-0.002563
-0.001831
-0.001709
-0.002563
-0.001709
-0.001831
-0.002563
-0.000854
-0.002686
-0.001953
-0.002563
-0.002930
-0.003174
-0.001099
-0.001831
-0.001709
-0.001343
-0.001099
-0.001709
-0.001953
-0.001709
-0.002686
-0.002930
-0.002197
-0.001831
-0.002075
-0.002197
-0.002686
-0.002319
-0.001221
-0.001709
-0.003418
-0.002075
-0.002075
-0.000854
-0.001709
-0.000732
-0.001099
-0.002563
-0.002930
-0.001221
-0.000977
-0.002441
-0.003418
-0.001953
-0.001709
-0.001221
-0.000854
-0.001953
-0.002686
-0.001831
-0.003052
-0.001221
-0.002563
-0.001709
-0.002197
-0.002319
-0.001709
-0.002563
-0.002563
-0.002319
-0.000488
-0.001099
-0.002075
-0.001709
-0.000977
-0.001709
-0.001709
-0.001343
-0.001709
-0.000854
-0.002563
-0.001831
-0.001953
-0.002563
-0.001709
-0.000854
-0.001953
-0.003662
-0.002319
-0.001953
-0.002319
-0.001709
-0.001953
-0.002075
-0.001465
-0.001709
-0.001709
-0.001953
-0.000977
-0.003418
-0.001953
-0.001343
-0.002441
-0.002319
-0.002319
-0.003418
-0.002319
-0.000977
-0.002075
-0.002075
-0.001709
-0.001099
-0.002075
-0.002319
-0.002075
-0.002319
-0.001221
-0.001953
-0.001465
-0.000977
-0.002075
-0.002808
-0.001343
-0.003418
-0.001465
-0.001953
-0.001953
-0.001709
-0.002563
-0.001953
-0.002075
-0.002808
-0.000732
-0.001587
-0.001709
-0.001343
-0.001709
-0.001465
-0.001587
-0.001587
-0.001953
-0.002197
-0.001343
-0.001709
-0.001831
-0.002197
-0.000854
-0.001709
-0.002563
-0.002075
-0.001343
-0.001709
-0.001709
-0.001953
-0.002197
-0.002075
-0.002686
-0.001831
-0.002686
-0.000977
-0.002563
-0.002319
-0.000488
-0.001709
-0.001953
-0.002808
-0.002808
-0.002686
-0.001709
-0.002563
-0.001831
-0.001709
-0.001831
-0.001953
-0.001831
-0.001465
-0.003296
-0.002563
-0.003418
-0.001953
-0.002563
-0.002319
-0.000854
-0.002197
-0.001465
-0.002075
-0.002075
-0.001343
-0.002075
-0.002563
-0.002197
-0.002563
-0.002563
-0.000977
-0.001343
-0.001221
-0.002563
-0.002075
-0.001709
-0.001831
-0.002319
-0.001831
-0.002686
-0.001953
-0.001343
-0.001831
-0.001709
-0.002930
-0.001709
-0.002075
-0.000977
-0.002563
-0.002686
-0.002075
-0.001709
-0.002319
-0.002563
-0.001709
-0.002808
-0.001709
-0.002808
-0.002686
-0.003418
-0.003052
-0.002197
-0.002686
-0.001709
-0.002197
-0.003418
-0.002808
-0.002930
-0.001953
-0.002075
-0.001709
-0.001709
-0.000854
-0.001953
-0.003418
-0.002075
-0.001709
-0.001221
-0.001709
-0.001709
-0.001099
-0.002563
-0.002930
-0.001343
-0.002441
-0.001953
-0.002686
-0.003418
-0.003174
-0.001099
-0.002441
-0.001465
-0.000854
-0.002563
-0.002075
-0.001343
-0.002563
-0.002319
-0.000977
-0.002930
-0.002563
-0.002197
-0.001953
-0.001465
-0.002075
-0.002075
-0.003052
-0.002075
-0.002686
-0.001831
-0.001831
-0.002197
-0.003052
-0.002930
-0.003052
-0.001831
-0.001709
-0.001343
-0.001953
-0.002075
-0.002197
-0.002808
-0.001709
-0.001953
-0.002197
-0.002563
-0.002075
-0.001953
-0.001221
-0.000977
-0.002197
-0.001221
-0.001831
-0.002686
-0.002319
-0.003418
-0.001465
-0.001953
-0.003174
-0.002075
-0.000366
-0.000854
-0.001343
-0.002808
-0.002319
-0.000244
-0.002563
-0.001831
-0.002197
-0.001709
-0.002808
-0.000732
-0.000854
-0.000732
-0.002930
-0.002075
-0.002686
-0.001465
-0.001709
-0.002563
-0.001465
-0.001709
-0.001709
-0.002563
-0.002808
-0.002563
-0.002563
-0.001953
-0.002197
-0.001343
-0.000854
-0.002563
-0.001343
-0.002075
-0.001709
-0.002686
-0.002563
-0.002686
-0.003418
-0.002075
-0.002319
-0.003418
-0.001343
-0.002930
-0.000977
-0.001953
-0.003418
-0.002197
-0.001709
-0.000977
-0.002197
-0.003052
-0.001099
-0.002686
-0.002930
-0.003052
-0.001709
-0.002075
-0.002197
-0.002075
-0.002930
-0.002808
-0.003052
-0.001953
-0.002075
-0.001343
-0.003540
-0.003418
-0.002441
-0.001709
-0.001709
-0.001343
-0.002441
-0.003418
-0.002563
-0.001343
-0.000610
-0.001709
-0.001953
-0.001953
-0.002563
-0.002563
-0.001343
-0.002563
-0.001343
-0.002441
-0.002563
-0.001099
-0.003296
-0.001465
-0.001709
-0.002686
-0.001221
-0.002563
-0.002563
-0.001831
-0.001831
-0.002075
-0.002563
-0.001953
-0.000732
-0.001709
-0.001709
-0.000732
-0.001953
-0.002197
-0.002686
-0.002808
-0.002319
-0.001465
-0.001221
-0.002197
-0.002197
-0.001221
-0.001587
-0.002075
-0.002319
-0.002808
-0.002563
-0.001831
-0.001953
-0.002686
-0.002319
-0.002808
-0.001465
-0.002441
-0.002563
-0.001465
-0.002441
-0.002319
-0.001709
-0.002075
-0.001831
-0.001465
-0.002563
-0.002563
-0.001099
-0.003296
-0.001831
-0.002563
-0.002319
-0.001831
-0.001343
-0.002075
-0.001831
-0.001465
-0.001709
-0.002197
-0.002319
-0.001709
-0.002075
-0.003418
-0.002319
-0.002563
-0.002197
-0.002319
-0.000854
-0.001953
-0.002563
-0.001709
-0.001343
-0.002441
-0.001831
-0.001953
-0.001221
-0.001709
-0.001831
-0.002686
-0.002563
-0.001709
-0.001465
-0.001587
-0.002563
-0.001709
-0.001953
-0.002319
-0.002808
-0.001831
-0.002563
-0.000854
-0.001831
-0.003540
-0.001343
-0.002808
-0.002319
-0.002686
-0.003174
-0.002563
-0.002197
-0.002563
-0.002319
-0.002686
-0.002319
-0.001465
-0.002563
-0.002197
-0.001831
-0.002808
-0.002075
-0.002075
-0.002197
-0.001099
-0.001831
-0.002808
-0.002197
-0.002563
-0.002563
-0.002197
-0.001099
-0.001709
-0.002686
-0.002686
-0.001831
-0.002075
-0.002563
-0.002686
-0.002319
-0.000854
-0.000977
-0.000122
-0.001831
-0.001831
-0.002319
-0.001709
-0.001465
-0.002930
-0.002563
-0.001953
-0.002563
-0.001099
-0.002563
-0.001831
-0.003418
-0.001709
-0.001953
-0.002686
-0.001831
-0.002197
-0.001831
-0.002319
-0.001099
-0.001587
-0.002808
-0.003418
-0.001709
-0.001709
-0.002563
-0.001709
-0.001709
-0.001709
-0.001831
-0.002808
-0.001709
-0.002441
-0.002563
-0.002075
-0.002319
-0.003418
-0.003174
-0.001953
-0.002197
-0.001709
-0.000977
-0.002563
-0.000977
-0.002197
-0.003052
-0.002075
-0.001465
-0.001953
-0.001831
-0.002197
-0.002686
-0.002319
-0.002930
-0.001343
-0.001343
-0.001099
-0.002808
-0.002197
-0.002319
-0.002319
-0.001099
-0.001709
-0.002563
-0.001831
-0.002930
-0.001709
-0.002197
-0.001709
-0.002686
-0.002563
-0.000732
-0.002441
-0.002075
-0.002075
-0.003052
-0.002319
-0.002075
-0.001709
-0.001343
-0.000732
-0.001831
-0.001465
-0.001953
-0.002808
-0.001221
-0.001709
-0.002808
-0.001709
-0.002075
-0.002563
-0.002075
-0.002319
-0.002686
-0.002197
-0.002808
-0.002075
-0.002319
-0.001343
-0.001343
-0.003052
-0.003418
-0.002319
-0.001709
-0.002686
-0.001221
-0.002808
-0.002563
-0.002686
-0.002930
-0.001221
-0.001221
-0.001831
-0.002197
-0.001465
-0.002441
-0.002563
-0.001953
-0.002563
-0.002686
-0.001343
-0.001709
-0.001099
-0.000610
-0.001709
-0.002197
-0.002319
-0.001343
-0.001831
-0.002197
-0.002563
-0.002075
-0.001953
-0.001465
-0.002197
-0.002197
-0.002319
-0.002563
-0.001343
-0.000610
-0.001709
-0.001221
-0.000977
-0.002441
-0.001099
-0.000854
-0.002075
-0.003052
-0.002075
-0.002319
-0.001709
-0.001953
-0.003662
-0.001221
-0.000854
-0.002563
-0.001709
-0.001343
-0.001709
-0.001953
-0.003662
-0.001465
-0.002563
-0.001709
-0.001831
-0.002686
-0.001709
-0.002319
-0.002197
-0.002319
-0.001709
-0.001831
-0.002686
-0.002686
-0.001221
-0.003418
-0.002075
-0.000244
-0.002075
-0.002563
-0.003418
-0.002808
-0.001831
-0.003174
-0.003174
-0.002319
-0.002197
-0.002319
-0.001221
-0.002441
-0.002686
-0.002686
-0.001099
-0.002075
-0.001953
-0.002319
-0.002075
-0.002319
-0.002686
-0.001709
-0.002441
-0.001709
-0.002197
-0.002319
-0.000732
-0.002930
-0.002808
-0.001709
-0.000977
-0.001587
-0.002441
-0.001221
-0.002075
-0.002563
-0.001709
-0.002686
-0.001709
-0.002808
-0.001831
-0.001709
-0.002686
-0.002563
-0.002563
-0.001343
-0.001099
-0.001587
-0.001709
-0.001953
-0.001221
-0.001831
-0.002563
-0.002075
-0.002075
-0.002197
-0.002319
-0.001953
-0.000854
-0.002930
-0.002319
-0.003052
-0.003418
-0.002075
-0.000854
-0.000732
-0.000854
-0.001587
-0.001343
-0.001831
-0.002075
-0.002686
-0.002686
-0.001831
-0.001709
-0.001953
-0.002563
-0.002075
-0.001953
-0.001831
-0.001709
-0.000977
-0.001831
-0.001343
-0.002563
-0.001831
-0.002197
-0.002319
-0.002686
-0.001953
-0.001953
-0.000732
-0.000977
-0.000977
-0.002075
-0.002197
-0.002197
-0.002563
-0.001709
-0.003418
-0.002197
-0.002197
-0.001465
-0.001709
-0.002563
-0.003052
-0.001465
-0.001709
-0.000854
-0.001709
-0.001709
-0.001709
-0.001831
-0.001709
-0.000854
-0.002441
-0.001709
-0.002197
-0.002075
-0.002319
-0.002563
-0.002075
-0.003418
-0.001953
-0.001465
-0.001831
-0.002563
-0.002319
-0.003174
-0.002319
-0.002197
-0.001953
-0.000854
-0.001221
-0.002441
-0.001831
-0.002319
-0.001709
-0.002563
-0.002319
-0.002563
-0.002686
-0.003174
-0.002563
-0.002075
-0.002563
-0.002808
-0.002563
-0.002930
-0.002808
-0.001221
-0.001953
-0.001831
-0.001953
-0.001831
-0.003052
-0.002930
-0.001099
-0.001709
-0.002197
-0.002563
-0.002808
-0.001343
-0.001709
-0.003174
-0.001465
-0.002441
-0.002686
-0.002197
-0.001831
-0.001953
-0.001343
-0.002930
-0.002686
-0.002563
-0.001709
-0.001343
-0.002563
-0.002686
-0.001953
-0.001953
-0.001709
-0.001709
-0.002197
-0.001709
-0.001099
-0.003296
-0.000732
-0.000732
-0.002441
-0.002075
-0.001709
-0.001709
-0.002441
-0.001709
-0.002563
-0.001953
-0.002686
-0.001709
-0.001709
-0.001587
-0.001099
-0.002441
-0.003052
-0.001099
-0.002075
-0.001709
-0.003784
-0.002075
-0.003052
-0.001831
-0.000854
-0.002197
-0.001953
-0.002563
-0.001953
-0.002686
-0.003174
-0.000732
-0.001953
-0.001709
-0.001343
-0.001709
-0.001831
-0.001831
-0.002686
-0.002075
-0.002686
-0.001709
-0.001221
-0.001953
-0.001709
-0.001221
-0.002808
-0.001465
-0.001709
-0.001709
-0.002441
-0.001831
-0.001709
-0.003052
-0.001953
-0.001465
-0.003662
-0.002686
-0.002197
-0.001709
-0.002563
-0.001465
-0.000244
-0.001099
-0.002075
-0.001343
-0.002197
-0.002563
-0.001343
-0.002197
-0.001709
-0.001221
-0.001831
-0.002930
-0.001465
-0.001709
-0.002197
-0.002563
-0.003418
-0.002075
-0.001343
-0.003296
-0.001953
-0.001221
-0.002197
-0.002563
-0.001343
-0.001099
-0.002075
-0.002930
-0.000977
-0.002197
-0.001953
-0.001221
-0.002808
-0.001465
-0.002075
-0.001343
-0.002197
-0.003418
-0.001099
-0.001221
-0.001099
-0.001343
-0.002563
-0.002319
-0.001953
-0.002197
-0.000854
-0.002075
-0.001831
-0.002197
-0.001709
-0.001953
-0.002197
-0.002197
-0.002197
-0.001831
-0.001465
-0.001709
-0.001709
-0.001831
-0.003418
-0.001465
-0.001831
-0.002563
-0.001709
-0.002075
-0.002686
-0.001343
-0.001099
-0.001099
-0.001343
-0.001831
-0.002197
-0.002319
-0.001709
-0.002075
-0.001709
-0.001953
-0.002808
-0.002197
-0.001221
-0.002441
-0.001465
-0.001099
-0.002197
-0.001709
-0.002563
-0.002075
-0.002197
-0.001831
-0.001099
-0.002197
-0.001221
-0.001099
-0.001099
-0.002197
-0.002075
-0.002930
-0.002197
-0.002563
-0.003418
-0.002563
-0.001953
-0.001465
-0.001709
-0.001953
-0.000854
-0.001587
-0.002441
-0.002686
-0.001709
-0.001953
-0.001709
-0.001831
-0.001831
-0.002686
-0.002563
-0.001343
-0.001343
-0.002808
-0.002686
-0.000977
-0.002075
-0.002563
-0.002075
-0.001709
-0.002563
-0.003052
-0.002686
-0.001343
-0.002808
-0.002197
-0.001343
-0.002075
-0.001831
-0.001709
-0.001953
-0.000977
-0.002563
-0.001343
-0.001709
-0.001953
-0.002319
-0.001343
-0.001953
-0.002563
-0.001221
-0.001831
-0.002563
-0.001343
-0.003418
-0.001343
-0.002075
-0.002075
-0.001221
-0.001343
-0.001831
-0.001709
-0.002808
-0.002563
-0.000854
-0.002441
-0.000488
-0.002808
-0.001709
-0.001709
-0.000854
-0.001709
-0.001709
-0.001709
-0.002563
-0.002319
-0.001709
-0.002075
-0.001709
-0.003784
-0.001709
-0.001831
-0.001343
-0.002197
-0.002197
-0.001465
-0.001831
-0.001221
-0.001587
-0.001953
-0.001831
-0.001831
-0.001953
-0.001099
-0.003052
-0.001465
-0.002563
-0.001953
-0.002563
-0.002319
-0.002563
-0.000977
-0.003052
-0.002197
-0.000854
-0.001587
-0.001709
-0.002197
-0.001953
-0.002686
-0.001831
-0.002563
-0.001221
-0.002075
-0.002563
-0.001709
-0.001343
-0.002686
-0.002197
-0.001831
-0.001221
-0.001587
-0.002563
-0.001099
-0.001709
-0.002808
-0.002075
-0.003418
-0.002075
-0.001709
-0.001831
-0.000977
-0.001953
-0.001465
-0.001709
-0.001587
-0.001221
-0.001831
-0.002563
-0.001831
-0.002563
-0.002563
-0.002563
-0.001465
-0.001587
-0.001831
-0.002197
-0.001831
-0.001709
-0.002930
-0.001709
-0.002563
-0.002930
-0.001709
-0.001831
-0.002686
-0.001953
-0.001709
-0.001343
-0.001831
-0.001709
-0.002197
-0.000854
-0.001587
-0.001587
-0.001953
-0.002563
-0.001953
-0.003906
-0.001465
-0.000854
-0.001953
-0.001831
-0.001465
-0.002197
-0.002563
-0.001831
-0.001343
-0.002686
-0.001831
-0.001709
-0.002686
-0.002563
-0.002075
-0.002197
-0.001831
-0.003174
-0.001465
-0.001831
-0.002075
-0.002319
-0.001953
-0.002075
-0.002075
-0.000366
-0.002197
-0.002319
-0.001465
-0.002441
-0.001831
-0.001465
-0.002563
-0.001465
-0.001831
-0.002686
-0.001221
-0.001099
-0.002930
-0.001709
-0.001709
-0.001709
-0.002686
-0.002563
-0.002197
-0.002563
-0.002075
-0.001953
-0.001953
-0.001709
-0.001465
-0.002686
-0.002075
-0.001709
-0.001343
-0.001953
-0.000977
-0.002197
-0.003052
-0.002319
-0.000854
-0.001343
-0.002075
-0.002075
-0.001831
-0.001831
-0.001953
-0.002197
-0.002563
-0.001099
-0.002563
-0.001709
-0.002075
-0.001831
-0.001831
-0.001343
-0.001343
-0.002930
-0.001953
-0.001709
-0.002197
-0.001953
-0.001953
-0.001709
-0.001709
-0.001465
-0.002197
-0.001099
-0.002075
-0.003052
-0.001465
-0.002441
-0.002563
-0.002075
-0.002563
-0.001953
-0.002563
-0.001953
-0.001099
-0.001587
-0.002197
-0.000854
-0.002197
-0.003906
-0.001343
-0.002441
-0.002197
-0.002686
-0.001343
-0.001953
-0.002319
-0.001953
-0.002563
-0.001709
-0.002075
-0.002075
-0.002563
-0.002563
-0.002686
-0.001709
-0.001709
-0.001953
-0.002930
-0.001709
-0.001709
-0.001831
-0.001953
-0.001099
-0.000732
-0.002197
-0.001831
-0.001099
-0.001831
-0.001221
-0.002197
-0.002563
-0.002197
-0.001465
-0.002563
-0.001953
-0.001831
-0.001831
-0.002563
-0.002319
-0.001709
-0.003052
-0.001831
-0.002319
-0.003418
-0.001831
-0.001831
-0.001221
-0.002808
-0.002197
-0.001465
-0.002563
-0.001221
-0.002930
-0.001709
-0.001953
-0.001709
-0.001221
-0.003052
-0.002563
-0.001221
-0.002808
-0.002319
-0.001221
-0.001831
-0.001831
-0.002319
-0.002686
-0.001953
-0.002563
-0.001953
-0.002930
-0.003052
-0.001709
-0.002197
-0.001953
-0.001709
-0.000732
-0.003052
-0.001831
-0.001221
-0.002075
-0.001831
-0.002686
-0.002930
-0.001343
-0.001831
-0.001709
-0.002441
-0.001831
-0.002075
-0.001465
-0.001831
-0.002197
-0.001831
-0.000854
-0.002075
-0.001709
-0.001709
-0.002930
-0.001709
-0.002075
-0.001831
-0.002930
-0.001709
-0.001831
-0.001709
-0.000732
-0.001831
-0.002319
-0.001953
-0.001709
-0.002563
-0.002319
-0.000488
-0.002441
-0.001953
-0.001221
-0.002075
-0.001953
-0.002319
-0.001831
-0.002686
-0.001709
-0.002930
-0.002319
-0.001709
-0.001465
-0.002441
-0.002319
-0.002075
-0.001831
-0.001831
-0.001953
-0.002808
-0.002319
-0.002197
-0.002319
-0.001343
-0.001587
-0.002563
-0.002075
-0.001343
-0.001221
-0.001831
-0.002808
-0.002563
-0.001343
-0.002563
-0.002563
-0.002563
-0.002563
-0.001709
-0.001709
-0.001953
-0.001709
-0.001953
-0.002563
-0.001465
-0.000244
-0.001831
-0.002075
-0.001221
-0.001953
-0.001221
-0.001343
-0.002563
-0.002686
-0.001953
-0.000366
-0.003296
-0.001831
-0.002197
-0.001709
-0.000732
-0.002563
-0.001953
-0.001709
-0.001343
-0.001587
-0.000610
-0.001587
-0.001587
-0.001587
-0.001343
-0.000854
-0.001099
-0.000610
-0.001343
-0.001831
-0.002075
-0.002075
-0.001709
-0.001831
-0.002075
-0.002075
-0.002197
-0.000854
-0.002197
-0.002319
-0.002563
-0.002563
-0.001831
-0.002563
-0.000854
-0.000610
-0.001343
-0.002563
-0.001099
-0.002563
-0.002197
-0.001465
-0.002197
-0.001953
-0.003418
-0.001831
-0.002319
-0.002197
-0.001709
-0.003418
-0.002197
-0.003052
-0.001953
-0.001709
-0.001099
-0.001709
-0.003174
-0.002563
-0.001221
-0.003418
-0.002563
-0.000244
-0.001709
-0.001343
-0.001953
-0.003662
-0.001709
-0.002075
-0.001709
-0.001465
-0.001709
-0.002197
-0.003540
-0.001831
-0.003418
-0.001831
-0.001709
-0.001709
-0.001709
-0.003052
-0.001221
-0.001343
-0.002563
-0.002563
-0.002197
-0.003052
-0.002319
-0.001099
-0.002197
-0.003418
-0.001953
-0.001709
-0.001831
-0.001343
-0.000854
-0.002197
-0.002563
-0.001709
-0.001953
-0.001343
-0.001221
-0.001587
-0.000977
-0.000854
-0.001343
-0.003418
-0.001953
-0.001343
-0.001709
-0.002197
-0.002563
-0.001709
-0.003418
-0.002441
-0.002075
-0.002319
-0.001343
-0.001831
-0.002197
-0.001953
-0.001953
-0.002686
-0.002319
-0.002808
-0.002319
-0.001099
-0.001831
-0.002075
-0.002319
-0.000977
-0.002930
-0.001099
-0.001221
-0.001831
-0.000854
-0.002075
-0.002319
-0.001465
-0.001709
-0.001709
-0.001953
-0.001099
-0.002197
-0.001953
-0.002197
-0.003418
-0.002197
-0.001343
-0.002808
-0.001831
-0.001465
-0.001587
-0.001709
-0.001709
-0.000244
-0.001709
-0.001099
-0.002441
-0.001953
-0.001343
-0.001709
-0.001831
-0.003174
-0.001343
-0.001587
-0.001587
-0.001831
-0.001465
-0.001709
-0.001953
-0.001709
-0.002075
-0.002075
-0.002075
-0.002319
-0.002563
-0.001709
-0.001953
-0.001709
-0.002197
-0.001465
-0.001221
-0.002075
-0.002563
-0.002563
-0.001099
-0.002808
-0.003174
-0.002197
-0.000977
-0.001709
-0.003174
-0.001953
-0.002563
-0.002075
-0.001221
-0.001709
-0.002075
-0.001709
-0.002075
-0.002197
-0.001099
-0.001709
-0.001831
-0.002319
-0.002563
-0.002563
-0.001831
-0.001343
-0.001343
-0.002197
-0.000854
-0.002441
-0.001343
-0.001587
-0.002808
-0.002930
-0.001343
-0.001709
-0.001953
-0.001709
-0.002197
-0.002563
-0.003540
-0.001831
-0.001709
-0.001221
-0.002197
-0.001831
-0.001953
-0.002808
-0.000854
-0.002441
-0.001709
-0.002075
-0.002319
-0.001953
-0.001465
-0.001831
-0.001099
-0.001831
-0.001099
-0.001709
-0.002197
-0.001953
-0.000854
-0.002441
-0.002197
-0.001953
-0.002319
-0.001709
-0.001709
-0.001953
-0.001465
-0.001709
-0.001831
-0.001953
-0.002197
-0.002075
-0.001709
-0.001709
-0.002563
-0.001709
-0.002686
-0.002563
-0.000854
-0.001831
-0.001709
-0.000854
-0.002441
-0.000854
-0.002197
-0.002686
-0.001099
-0.002197
-0.002563
-0.002075
-0.002197
-0.002930
-0.001831
-0.001465
-0.001709
-0.001465
-0.000977
-0.001709
-0.001343
-0.002075
-0.003174
-0.000732
-0.002197
-0.002930
-0.003540
-0.001953
-0.001709
-0.002808
-0.003418
-0.001953
-0.001953
-0.002319
-0.002197
-0.001709
-0.002930
-0.002563
-0.001709
-0.002075
-0.002319
-0.002686
-0.001221
-0.002441
-0.002197
-0.002563
-0.002563
-0.002075
-0.001221
-0.001587
-0.002563
-0.001831
-0.002319
-0.002563
-0.002319
-0.002563
-0.002197
-0.001709
-0.001953
-0.001831
-0.001343
-0.002197
-0.001953
-0.002197
-0.001953
-0.000977
-0.002197
-0.001831
-0.001831
-0.001831
-0.001343
-0.002930
-0.002686
-0.001953
-0.002563
-0.001343
-0.001831
-0.001099
-0.000854
-0.001343
-0.001099
-0.002075
-0.002319
-0.001465
-0.001953
-0.002075
-0.001343
-0.001709
-0.002563
-0.001709
-0.001343
-0.002563
-0.002319
-0.001465
-0.003296
-0.002319
-0.002319
-0.001831
-0.002075
-0.001953
-0.001709
-0.001709
-0.001709
-0.002808
-0.002319
-0.001709
-0.001709
-0.000854
-0.000854
-0.002075
-0.001953
-0.001709
-0.001709
-0.002808
-0.001953
-0.002197
-0.002563
-0.002563
-0.002319
-0.001831
-0.000977
-0.001709
-0.002563
-0.002319
-0.001709
-0.003174
-0.002563
-0.002319
-0.001709
-0.001709
-0.001343
-0.001587
-0.000366
-0.002441
-0.001953
-0.001953
-0.002808
-0.001343
-0.001587
-0.000610
-0.000244
-0.001709
-0.002808
-0.002197
-0.001831
-0.002563
-0.002563
-0.001709
-0.001221
-0.001831
-0.002686
-0.001709
-0.002563
-0.002808
-0.002197
-0.001099
-0.002197
-0.001953
-0.001343
-0.001587
-0.001221
-0.001099
-0.001343
-0.003052
-0.000854
-0.002441
-0.002197
-0.001709
-0.002563
-0.002319
-0.002075
-0.002197
-0.001709
-0.001831
-0.001709
-0.002197
-0.002563
-0.000854
-0.001587
-0.002075
-0.001221
-0.001221
-0.002563
-0.001831
-0.001221
-0.001709
-0.002319
-0.002197
-0.001465
-0.002808
-0.001831
-0.002197
-0.002563
-0.002319
-0.001831
-0.000977
-0.002441
-0.001709
-0.002441
-0.001831
-0.001953
-0.001343
-0.001099
-0.001709
-0.001709
-0.000854
-0.002075
-0.002563
-0.001709
-0.002441
-0.001831
-0.001953
-0.001709
-0.000854
-0.002563
-0.002563
-0.001709
-0.002075
-0.002563
-0.002563
-0.001343
-0.001831
-0.001465
-0.002686
-0.003418
-0.000977
-0.003052
-0.002808
-0.000732
-0.001953
-0.002563
-0.001953
-0.002075
-0.001343
-0.001953
-0.001709
-0.000854
-0.001709
-0.002930
-0.001709
-0.000977
-0.003052
-0.001831
-0.001343
-0.002808
-0.002197
-0.000854
-0.000854
-0.001953
-0.002075
-0.002075
-0.002075
-0.001831
-0.002075
-0.000854
-0.001221
-0.002441
-0.000977
-0.002075
-0.002686
-0.001099
-0.001343
-0.002075
-0.001343
-0.002075
-0.002319
-0.002686
-0.002197
-0.002808
-0.000854
-0.001709
-0.001953
-0.002563
-0.002686
-0.001465
-0.002197
-0.001343
-0.002563
-0.002563
-0.002563
-0.002686
-0.002563
-0.001465
-0.002075
-0.001953
-0.002563
-0.002197
-0.002686
-0.002930
-0.001709
-0.002563
-0.002075
-0.000732
-0.002686
-0.000854
-0.001709
-0.002808
-0.001465
-0.002197
-0.002563
-0.002563
-0.000854
-0.002563
-0.002319
-0.002808
-0.000977
-0.002441
-0.001831
-0.001831
-0.001709
-0.002319
-0.002686
-0.002075
-0.002808
-0.002319
-0.001709
-0.001953
-0.001709
-0.000854
-0.002075
-0.002319
-0.001343
-0.000977
-0.002563
-0.001831
-0.001709
-0.001709
-0.002319
-0.002686
-0.002808
-0.001221
-0.002075
-0.001709
-0.002197
-0.003418
-0.000854
-0.001709
-0.003052
-0.001709
-0.002075
-0.001343
-0.001831
-0.002563
-0.001709
-0.002808
-0.001953
-0.001953
-0.001709
-0.001709
-0.000854
-0.002563
-0.001709
-0.001709
-0.000122
-0.001709
-0.003052
-0.001709
-0.000854
-0.001953
-0.002319
-0.001709
-0.002563
-0.001709
-0.001709
-0.001831
-0.003540
-0.001953
-0.001709
-0.002563
-0.002319
-0.002686
-0.001831
-0.001953
-0.002319
-0.002563
-0.002563
-0.002930
-0.002075
-0.002563
-0.000732
-0.002441
-0.001709
-0.001831
-0.002197
-0.001831
-0.001709
-0.003174
-0.002808
-0.002563
-0.002075
-0.002197
-0.001709
-0.001221
-0.001709
-0.001099
-0.001343
-0.002197
-0.002930
-0.001221
-0.001221
-0.001587
-0.001099
-0.002075
-0.000854
-0.002075
-0.002197
-0.002075
-0.002319
-0.001221
-0.001587
-0.003052
-0.001709
-0.001221
-0.001709
-0.001953
-0.002197
-0.000977
-0.002197
-0.002197
-0.002075
-0.001343
-0.000977
-0.001953
-0.001953
-0.001099
-0.001831
-0.002563
-0.002319
-0.002319
-0.002686
-0.002563
-0.001831
-0.001709
-0.001343
-0.001709
-0.001831
-0.002319
-0.001099
-0.002075
-0.002563
-0.001465
-0.002197
-0.002197
-0.001221
-0.001099
-0.002563
-0.001343
-0.001831
-0.001831
-0.002319
-0.002319
-0.001831
-0.002319
-0.002319
-0.002197
-0.001221
-0.002075
-0.001465
-0.001953
-0.002197
-0.001953
-0.002563
-0.001831
-0.001709
-0.001709
-0.002441
-0.001343
-0.001343
-0.001587
-0.003052
-0.002563
-0.002563
-0.002075
-0.001709
-0.002808
-0.000977
-0.001953
-0.001709
-0.002563
-0.002197
-0.001953
-0.002930
-0.002075
-0.003418
-0.001831
-0.001221
-0.002563
-0.000488
-0.001709
-0.001709
-0.001953
-0.002197
-0.002563
-0.001709
-0.002563
-0.002075
-0.001953
-0.003418
-0.002075
-0.002563
-0.001953
-0.001953
-0.001343
-0.002563
-0.002563
-0.000854
-0.002197
-0.000854
-0.001587
-0.003906
-0.001465
-0.002441
-0.001343
-0.002075
-0.002930
-0.001831
-0.002075
-0.002319
-0.003418
-0.002808
-0.001343
-0.001343
-0.002441
-0.002075
-0.002197
-0.001953
-0.001953
-0.001709
-0.002075
-0.002563
-0.002563
-0.001953
-0.002563
-0.003052
-0.002197
-0.001831
-0.002319
-0.002563
-0.001221
-0.002197
-0.002075
-0.002075
-0.001831
-0.002075
-0.001709
-0.001343
-0.002563
-0.001465
-0.001953
-0.002075
-0.002319
-0.002319
-0.002319
-0.001709
-0.002319
-0.001953
-0.001953
-0.002319
-0.003052
-0.002930
-0.001953
-0.001831
-0.000977
-0.003296
-0.001709
-0.002075
-0.003418
-0.002441
-0.002197
-0.003174
-0.002319
-0.002197
-0.001099
-0.001953
-0.003418
-0.001343
-0.001709
-0.001587
-0.001831
-0.002075
-0.001465
-0.003296
-0.001465
-0.001831
-0.002319
-0.001221
-0.001709
-0.001099
-0.001709
-0.001709
-0.001709
-0.002563
-0.001709
-0.001343
-0.001709
-0.001709
-0.001709
-0.001953
-0.001953
-0.002075
-0.002319
-0.002563
-0.002197
-0.001709
-0.001587
-0.002563
-0.001343
-0.001953
-0.001221
-0.000977
-0.002563
-0.001953
-0.002686
-0.002930
-0.001709
-0.002075
-0.001221
-0.001953
-0.002563
-0.002075
-0.001953
-0.001709
-0.001709
-0.001343
-0.000854
-0.002075
-0.002319
-0.002319
-0.001709
-0.001465
-0.001587
-0.001953
-0.001709
-0.001709
-0.001343
-0.001221
-0.002563
-0.002563
-0.001709
-0.002441
-0.002563
-0.002686
-0.001465
-0.002197
-0.002563
-0.001709
-0.001343
-0.001343
-0.001221
-0.001709
-0.001953
-0.001465
-0.001953
-0.000366
-0.001709
-0.001709
-0.002197
-0.001343
-0.001953
-0.001221
-0.001709
-0.002075
-0.002075
-0.001709
-0.002075
-0.002197
-0.002197
-0.001831
-0.001343
-0.001709
-0.001709
-0.002441
-0.001953
-0.002075
-0.002197
-0.000854
-0.001831
-0.001343
-0.002563
-0.001831
-0.001709
-0.002075
-0.001831
-0.002563
-0.001221
-0.002197
-0.002319
-0.000977
-0.002686
-0.001709
-0.002075
-0.001709
-0.003418
-0.002563
-0.001831
-0.001465
-0.001709
-0.001709
-0.001709
-0.001343
-0.001831
-0.002563
-0.002197
-0.001343
-0.001709
-0.002563
-0.001953
-0.001343
-0.001953
-0.002563
-0.001343
-0.002686
-0.001343
-0.001221
-0.001953
-0.002930
-0.001831
-0.001709
-0.001709
-0.001099
-0.002563
-0.001465
-0.001709
-0.002808
-0.001099
-0.001221
-0.002441
-0.002197
-0.001709
-0.003418
-0.002197
-0.002563
-0.002930
-0.002319
-0.002319
-0.001099
-0.001343
-0.001953
-0.001343
-0.002197
-0.002319
-0.001221
-0.002197
-0.002075
-0.001221
-0.001709
-0.001953
-0.002197
-0.001953
-0.000732
-0.002563
-0.001709
-0.001953
-0.001831
-0.000977
-0.000977
-0.001587
-0.000244
-0.002686
-0.001221
-0.002930
-0.000854
-0.000854
-0.002197
-0.000732
-0.001831
-0.002563
-0.001343
-0.002563
-0.001709
-0.001221
-0.002075
-0.001709
-0.001709
-0.002441
-0.001831
-0.001709
-0.002197
-0.002563
-0.001343
-0.002075
-0.002563
-0.001221
-0.000732
-0.001709
-0.001587
-0.000977
-0.001221
-0.001953
-0.001831
-0.003418
-0.001831
-0.003174
-0.001953
-0.001343
-0.001221
-0.001709
-0.001953
-0.001099
-0.001831
-0.000854
-0.002563
-0.001831
-0.002319
-0.003174
-0.001099
-0.002563
-0.002808
-0.001709
-0.002075
-0.002075
-0.002075
-0.002075
-0.001709
-0.001831
-0.001953
-0.001831
-0.001709
-0.002075
-0.001709
-0.002563
-0.000854
-0.001831
-0.002563
-0.000488
-0.002808
-0.003418
-0.002686
-0.001465
-0.001709
-0.002319
-0.002686
-0.001343
-0.002563
-0.002686
-0.001709
-0.001221
-0.002197
-0.001343
-0.001709
-0.001709
-0.000610
-0.001709
-0.002075
-0.001343
-0.001099
-0.001587
-0.001953
-0.002686
-0.000854
-0.001831
-0.002197
-0.001709
-0.002563
-0.002563
-0.000488
-0.001831
-0.002563
-0.001221
-0.001587
-0.002563
-0.002319
-0.002686
-0.001343
-0.001953
-0.002319
-0.001221
-0.001709
-0.003296
-0.002563
-0.001709
-0.001709
-0.002075
-0.001221
-0.000854
-0.002563
-0.001953
-0.001465
-0.001709
-0.002075
-0.002563
-0.001709
-0.001587
-0.001709
-0.001831
-0.001831
-0.002686
-0.002075
-0.001953
-0.002075
-0.002075
-0.002808
-0.001953
-0.001709
-0.003174
-0.002563
-0.001709
-0.001831
-0.002197
-0.002075
-0.001465
-0.001953
-0.000977
-0.001587
-0.001709
-0.002075
-0.001831
-0.003052
-0.002075
-0.000854
-0.001709
-0.001343
-0.002441
-0.002197
-0.002197
-0.001831
-0.001221
-0.001709
-0.002563
-0.003052
-0.002197
-0.002075
-0.001099
-0.003296
-0.001709
-0.002197
-0.002197
-0.002319
-0.002319
-0.001709
-0.002441
-0.000244
-0.001221
-0.002563
-0.001709
-0.002075
-0.002197
-0.002075
-0.002686
-0.002197
-0.002930
-0.000366
-0.002563
-0.001099
-0.002563
-0.001465
-0.002563
-0.004028
-0.001953
-0.001953
-0.001709
-0.003052
-0.002075
-0.002075
-0.002563
-0.001709
-0.001831
-0.002197
-0.002075
-0.001221
-0.002686
-0.002686
-0.002686
-0.002563
-0.001831
-0.002075
-0.002075
-0.002563
-0.002563
-0.002563
-0.002563
-0.002563
-0.001709
-0.002563
-0.001221
-0.002563
-0.002563
-0.001465
-0.000854
-0.002075
-0.002563
-0.002197
-0.001953
-0.002563
-0.002930
-0.001099
-0.002441
-0.001953
-0.000977
-0.001587
-0.002441
-0.002075
-0.002808
-0.003052
-0.001099
-0.002563
-0.002075
-0.002686
-0.001831
-0.001953
-0.002319
-0.002197
-0.002563
-0.001953
-0.001099
-0.001587
-0.001587
-0.002441
-0.001709
-0.002319
-0.001465
-0.001587
-0.002808
-0.002930
-0.002563
-0.001953
-0.001709
-0.001953
-0.002930
-0.001343
-0.002686
-0.002808
-0.001343
-0.001709
-0.002808
-0.001343
-0.001831
-0.002319
-0.001831
-0.001709
-0.002075
-0.002808
-0.002563
-0.001343
-0.002563
-0.002197
-0.001465
-0.002563
-0.001221
-0.002441
-0.001709
-0.001709
-0.002563
-0.001831
-0.001709
-0.001709
-0.001709
-0.002197
-0.002563
-0.002075
-0.001953
-0.001953
-0.001465
-0.001953
-0.001831
-0.000977
-0.001953
-0.001099
-0.002075
-0.001465
-0.001221
-0.002197
-0.001709
-0.003174
-0.001831
-0.002563
-0.003418
-0.001953
-0.001221
-0.001099
-0.002441
-0.001709
-0.001099
-0.001709
-0.001953
-0.001831
-0.002808
-0.002319
-0.001709
-0.001709
-0.001709
-0.001709
-0.001343
-0.001709
-0.001709
-0.002563
-0.002563
-0.001709
-0.001709
-0.002563
-0.001099
-0.002075
-0.002197
-0.001343
-0.001709
-0.001709
-0.001831
-0.001709
-0.000977
-0.000977
-0.003052
-0.002686
-0.002197
-0.001709
-0.002075
-0.002075
-0.001709
-0.001709
-0.002075
-0.002319
-0.002686
-0.001465
-0.000854
-0.001709
-0.002686
-0.002075
-0.002197
-0.001221
-0.000732
-0.001099
-0.001831
-0.001709
-0.001709
-0.002808
-0.001465
-0.001343
-0.001587
-0.002075
-0.001709
-0.001709
-0.001953
-0.002563
-0.001343
-0.001587
-0.002197
-0.001221
-0.001831
-0.003418
-0.002197
-0.001709
-0.003052
-0.002197
-0.002808
-0.001709
-0.002197
-0.001465
-0.001709
-0.003784
