Frequency (Hz), ch0 (dB), ch1 (dB)
0.00, -83.13, -82.16
7629.39, -83.13, -82.16
15258.79, -83.13, -82.16
22888.18, -81.87, -80.63
30517.58, -81.64, -83.52
38146.97, -80.81, -83.04
45776.37, -78.56, -78.51
53405.76, -79.18, -76.76
61035.16, -75.83, -75.79
68664.55, -75.70, -78.86
76293.95, -80.41, -83.11
83923.34, -82.33, -83.99
91552.73, -79.20, -80.96
99182.12, -80.71, -82.26
106811.52, -82.16, -85.05
114440.92, -83.07, -81.38
122070.31, -81.84, -80.57
129699.70, -85.16, -87.53
137329.09, -82.71, -86.56
144958.50, -86.12, -84.36
152587.89, -84.38, -85.23
160217.28, -84.11, -87.04
167846.69, -84.16, -87.20
175476.08, -85.63, -86.29
183105.47, -86.02, -87.71
190734.86, -88.79, -84.52
198364.25, -87.39, -85.36
205993.66, -90.41, -88.61
213623.05, -88.33, -90.83
221252.44, -89.49, -91.36
228881.84, -88.16, -88.39
236511.23, -89.53, -87.32
244140.62, -89.31, -88.47
251770.02, -89.46, -89.15
259399.41, -87.90, -90.63
267028.81, -90.18, -91.36
274658.19, -90.86, -90.38
282287.59, -89.68, -90.03
289917.00, -89.96, -91.40
297546.38, -90.69, -90.25
305175.78, -89.30, -89.73
312805.19, -88.57, -90.91
320434.56, -91.36, -88.90
328063.97, -91.36, -88.24
335693.38, -89.71, -89.07
343322.75, -91.66, -91.28
350952.16, -88.96, -90.87
358581.53, -91.11, -91.14
366210.94, -93.77, -93.53
373840.34, -91.27, -91.31
381469.72, -90.34, -90.82
389099.12, -90.67, -88.40
396728.50, -93.74, -93.36
404357.91, -87.54, -91.03
411987.31, -88.97, -90.63
419616.69, -91.49, -90.59
427246.09, -89.31, -90.69
434875.50, -89.81, -89.22
442504.88, -89.95, -92.16
450134.28, -89.93, -93.30
457763.69, -89.36, -89.81
465393.06, -89.16, -89.53
473022.47, -88.86, -88.48
480651.84, -89.73, -90.47
488281.25, -89.25, -91.81
495910.66, -91.64, -92.18
503540.03, -90.32, -91.68
511169.44, -89.06, -91.46
518798.81, -90.15, -93.25
526428.25, -92.00, -90.89
534057.62, -91.28, -88.93
541687.00, -90.06, -89.85
549316.38, -89.87, -94.91
556945.81, -92.10, -90.96
564575.19, -90.70, -92.44
572204.56, -90.33, -91.84
579834.00, -92.32, -93.10
587463.38, -92.64, -91.33
595092.75, -90.50, -89.44
602722.19, -91.36, -90.98
610351.56, -94.07, -90.40
617980.94, -91.35, -89.54
625610.38, -90.74, -88.49
633239.75, -92.59, -90.55
640869.12, -94.43, -89.47
648498.56, -93.63, -89.85
656127.94, -93.46, -89.19
663757.31, -91.76, -90.73
671386.75, -90.17, -92.75
679016.12, -90.46, -92.58
686645.50, -91.30, -94.29
694274.88, -94.29, -92.90
701904.31, -89.91, -89.76
709533.69, -90.79, -93.10
717163.06, -92.49, -91.34
724792.50, -91.37, -90.24
732421.88, -90.26, -89.60
740051.25, -90.00, -90.12
747680.69, -93.92, -90.06
755310.06, -93.29, -92.05
762939.44, -93.14, -91.04
770568.88, -91.16, -92.06
778198.25, -88.91, -91.56
785827.62, -87.55, -91.77
793457.00, -89.97, -89.00
801086.44, -90.07, -91.12
808715.81, -91.35, -93.21
816345.19, -90.25, -92.41
823974.62, -92.45, -90.97
831604.00, -94.09, -90.67
839233.38, -94.84, -91.09
846862.81, -90.13, -93.40
854492.19, -91.90, -95.29
862121.56, -88.22, -92.27
869751.00, -90.98, -92.93
877380.38, -92.35, -94.32
885009.75, -92.62, -93.44
892639.19, -90.06, -91.47
900268.56, -91.15, -92.19
907897.94, -88.74, -91.19
915527.38, -89.78, -91.09
923156.75, -91.18, -94.52
930786.12, -91.04, -97.47
938415.50, -91.73, -90.84
946044.94, -90.87, -89.89
953674.31, -90.48, -92.99
961303.69, -92.76, -95.11
968933.12, -93.66, -90.32
976562.50, -90.69, -91.21
984191.88, -91.17, -89.51
991821.31, -90.35, -92.07
999450.69, -95.71, -95.89
1007080.06, -92.62, -92.10
1014709.50, -92.21, -89.43
1022338.88, -90.24, -89.47
1029968.25, -91.11, -94.79
1037597.62, -91.61, -94.90
1045227.06, -92.56, -93.31
1052856.50, -91.95, -90.27
1060485.88, -91.35, -91.61
1068115.25, -92.78, -92.18
1075744.62, -91.95, -89.53
1083374.00, -91.88, -90.62
1091003.38, -95.43, -95.26
1098632.75, -89.98, -93.34
1106262.25, -91.06, -91.49
1113891.62, -91.42, -93.07
1121521.00, -90.21, -95.54
1129150.38, -92.91, -93.38
1136779.75, -95.73, -92.14
1144409.12, -92.34, -92.22
1152038.62, -91.87, -91.14
1159668.00, -94.15, -91.67
1167297.38, -92.28, -93.71
1174926.75, -89.92, -91.71
1182556.12, -89.20, -93.43
1190185.50, -91.68, -94.02
1197815.00, -93.34, -90.60
1205444.38, -94.92, -88.95
1213073.75, -88.90, -90.85
1220703.12, -91.73, -92.05
1228332.50, -90.38, -92.46
1235961.88, -90.64, -92.52
1243591.25, -92.26, -92.46
1251220.75, -94.08, -89.67
1258850.12, -90.65, -91.32
1266479.50, -91.79, -90.60
1274108.88, -93.16, -89.51
1281738.25, -92.05, -90.37
1289367.62, -90.82, -90.20
1296997.12, -90.90, -94.21
1304626.50, -95.10, -91.49
1312255.88, -91.61, -89.76
1319885.25, -91.93, -92.94
1327514.62, -93.15, -94.67
1335144.00, -92.45, -96.45
1342773.50, -92.93, -94.61
1350402.88, -92.26, -94.14
1358032.25, -91.18, -93.21
1365661.62, -90.04, -93.08
1373291.00, -93.92, -91.40
1380920.38, -94.86, -91.00
1388549.75, -91.77, -97.11
1396179.25, -91.24, -91.96
1403808.62, -92.07, -91.06
1411438.00, -93.83, -91.36
1419067.38, -91.98, -90.00
1426696.75, -89.93, -89.34
1434326.12, -91.76, -89.32
1441955.62, -90.74, -91.42
1449585.00, -88.81, -89.63
1457214.38, -91.93, -93.00
1464843.75, -91.57, -95.39
1472473.12, -91.26, -92.05
1480102.50, -94.75, -94.62
1487731.88, -93.43, -93.72
1495361.38, -88.80, -91.65
1502990.75, -91.05, -91.01
1510620.12, -92.89, -88.95
1518249.50, -91.36, -92.55
1525878.88, -89.87, -91.42
1533508.25, -92.35, -93.35
1541137.75, -92.35, -91.98
1548767.12, -90.51, -93.62
1556396.50, -93.18, -94.55
1564025.88, -92.68, -90.32
1571655.25, -88.48, -87.53
1579284.62, -91.04, -96.23
1586914.00, -90.76, -90.12
1594543.50, -88.35, -91.01
1602172.88, -91.17, -89.48
1609802.25, -91.07, -93.57
1617431.62, -90.62, -93.39
1625061.00, -91.79, -89.90
1632690.38, -89.53, -91.67
1640319.88, -92.46, -93.86
1647949.25, -92.01, -93.06
1655578.62, -88.76, -90.91
1663208.00, -90.74, -91.67
1670837.38, -90.76, -93.57
1678466.75, -91.10, -93.05
1686096.25, -93.85, -91.77
1693725.62, -94.39, -92.76
1701355.00, -91.93, -92.59
1708984.38, -90.98, -93.42
1716613.75, -90.00, -91.16
1724243.12, -89.01, -92.13
1731872.50, -89.22, -91.25
1739502.00, -92.33, -90.86
1747131.38, -95.68, -92.55
1754760.75, -90.17, -89.85
1762390.12, -91.64, -90.27
1770019.50, -92.49, -93.77
1777648.88, -91.11, -90.65
1785278.38, -90.58, -90.41
1792907.75, -90.79, -92.77
1800537.12, -91.39, -93.98
1808166.50, -88.20, -90.87
1815795.88, -90.03, -91.20
1823425.25, -91.16, -91.73
1831054.75, -92.02, -93.72
1838684.12, -91.90, -94.00
1846313.50, -90.55, -91.29
1853942.88, -90.73, -91.11
1861572.25, -93.10, -95.19
1869201.62, -94.02, -90.10
1876831.00, -94.71, -88.66
1884460.50, -94.24, -90.88
1892089.88, -90.63, -97.99
1899719.25, -93.22, -90.97
1907348.62, -92.47, -90.64
1914978.00, -93.93, -89.58
1922607.38, -90.55, -90.21
1930236.88, -94.35, -91.81
1937866.25, -92.06, -91.49
1945495.62, -91.44, -94.42
1953125.00, -91.77, -92.38
1960754.38, -90.25, -92.66
1968383.75, -90.50, -95.58
1976013.12, -93.05, -95.93
1983642.62, -90.07, -94.29
1991272.00, -92.00, -93.26
1998901.38, -92.50, -94.35
2006530.75, -92.68, -92.12
2014160.12, -92.67, -91.64
2021789.50, -93.21, -91.22
2029419.00, -91.97, -92.09
2037048.38, -93.47, -89.46
2044677.75, -91.54, -89.74
2052307.12, -91.59, -91.02
2059936.50, -91.99, -92.95
2067565.88, -89.77, -92.05
2075195.25, -93.27, -91.57
2082824.75, -93.55, -91.78
2090454.12, -92.84, -91.63
2098083.50, -93.36, -91.70
2105713.00, -91.53, -91.06
2113342.25, -87.97, -90.52
2120971.75, -88.70, -93.26
2128601.00, -91.17, -93.56
2136230.50, -91.32, -91.77
2143859.75, -92.38, -92.32
2151489.25, -91.23, -91.24
2159118.75, -93.22, -93.03
2166748.00, -95.82, -92.22
2174377.50, -91.06, -91.91
2182006.75, -91.74, -92.98
2189636.25, -91.81, -92.52
2197265.50, -90.41, -92.17
2204895.00, -90.51, -89.45
2212524.50, -95.44, -91.71
2220153.75, -94.41, -90.89
2227783.25, -91.74, -90.03
2235412.50, -92.12, -93.82
2243042.00, -92.28, -93.60
2250671.50, -90.62, -89.03
2258300.75, -90.48, -88.89
2265930.25, -90.72, -92.50
2273559.50, -93.10, -91.34
2281189.00, -92.65, -91.16
2288818.25, -90.57, -91.90
2296447.75, -92.47, -91.83
2304077.25, -92.12, -88.65
2311706.50, -93.69, -90.51
2319336.00, -94.94, -93.30
2326965.25, -92.31, -92.29
2334594.75, -92.55, -95.11
2342224.00, -94.94, -96.16
2349853.50, -93.50, -92.94
2357483.00, -90.87, -91.72
2365112.25, -92.17, -89.44
2372741.75, -91.20, -88.73
2380371.00, -92.59, -91.98
2388000.50, -91.69, -90.29
2395630.00, -92.91, -92.72
2403259.25, -94.05, -94.97
2410888.75, -90.11, -94.96
2418518.00, -88.64, -94.88
2426147.50, -89.54, -94.03
2433776.75, -90.24, -91.59
2441406.25, -90.93, -93.79
2449035.75, -93.72, -90.63
2456665.00, -92.35, -91.48
2464294.50, -92.51, -93.71
2471923.75, -93.19, -91.26
2479553.25, -93.75, -92.06
2487182.50, -94.36, -94.71
2494812.00, -89.30, -93.53
2502441.50, -90.90, -93.33
2510070.75, -92.28, -90.74
2517700.25, -92.45, -91.78
2525329.50, -91.97, -90.68
2532959.00, -95.51, -93.03
2540588.50, -91.60, -92.30
2548217.75, -91.62, -88.91
2555847.25, -91.06, -88.69
2563476.50, -89.34, -89.27
2571106.00, -89.63, -90.79
2578735.25, -90.19, -90.26
2586364.75, -90.56, -89.86
2593994.25, -92.90, -92.88
2601623.50, -92.40, -92.70
2609253.00, -95.08, -91.66
2616882.25, -91.52, -89.54
2624511.75, -91.72, -93.30
2632141.00, -91.67, -94.84
2639770.50, -96.68, -93.27
2647400.00, -93.77, -91.58
2655029.25, -93.44, -91.97
2662658.75, -94.51, -91.71
2670288.00, -92.95, -92.64
2677917.50, -90.26, -92.04
2685547.00, -89.32, -96.26
2693176.25, -89.69, -92.10
2700805.75, -89.76, -90.37
2708435.00, -89.94, -94.22
2716064.50, -89.38, -92.41
2723693.75, -90.12, -93.65
2731323.25, -90.68, -93.30
2738952.75, -91.78, -93.22
2746582.00, -92.77, -90.30
2754211.50, -88.42, -92.78
2761840.75, -90.46, -96.00
2769470.25, -89.32, -93.25
2777099.50, -90.02, -90.78
2784729.00, -90.08, -90.10
2792358.50, -89.48, -93.17
2799987.75, -87.64, -92.13
2807617.25, -88.12, -91.34
2815246.50, -90.90, -91.71
2822876.00, -94.44, -91.53
2830505.25, -93.95, -91.43
2838134.75, -91.14, -91.01
2845764.25, -92.38, -92.46
2853393.50, -92.48, -93.83
2861023.00, -94.18, -92.89
2868652.25, -88.77, -91.69
2876281.75, -90.56, -90.61
2883911.25, -93.98, -90.56
2891540.50, -92.46, -90.19
2899170.00, -95.87, -89.76
2906799.25, -91.81, -91.57
2914428.75, -92.33, -92.46
2922058.00, -92.18, -94.80
2929687.50, -91.76, -92.25
2937317.00, -92.39, -90.31
2944946.25, -90.33, -94.30
2952575.75, -90.80, -91.37
2960205.00, -92.68, -93.56
2967834.50, -92.18, -94.95
2975463.75, -92.97, -91.70
2983093.25, -91.67, -91.78
2990722.75, -91.06, -92.05
2998352.00, -91.39, -95.26
3005981.50, -91.81, -89.41
3013610.75, -89.13, -88.96
3021240.25, -91.23, -90.56
3028869.75, -90.86, -92.09
3036499.00, -93.08, -90.70
3044128.50, -93.69, -89.97
3051757.75, -90.41, -91.30
3059387.25, -89.00, -94.14
3067016.50, -90.62, -92.74
3074646.00, -91.83, -93.63
3082275.50, -92.74, -93.12
3089904.75, -91.68, -90.87
3097534.25, -93.51, -92.83
3105163.50, -91.63, -93.16
3112793.00, -94.59, -92.91
3120422.25, -90.85, -91.92
3128051.75, -92.39, -92.54
3135681.25, -93.77, -92.15
3143310.50, -90.41, -88.89
3150940.00, -92.87, -91.28
3158569.25, -90.73, -93.84
3166198.75, -92.73, -91.76
3173828.00, -92.01, -92.80
3181457.50, -90.90, -90.54
3189087.00, -90.76, -90.69
3196716.25, -90.58, -91.02
3204345.75, -93.98, -92.37
3211975.00, -91.54, -90.25
3219604.50, -91.06, -90.20
3227234.00, -91.53, -94.63
3234863.25, -91.43, -96.16
3242492.75, -91.95, -96.71
3250122.00, -92.25, -93.64
3257751.50, -94.11, -92.27
3265380.75, -91.91, -93.68
3273010.25, -95.23, -93.28
3280639.75, -92.54, -90.33
3288269.00, -93.52, -92.34
3295898.50, -92.79, -92.23
3303527.75, -90.61, -93.59
3311157.25, -96.61, -89.94
3318786.50, -91.58, -92.76
3326416.00, -90.82, -93.46
3334045.50, -91.65, -95.93
3341674.75, -94.17, -91.28
3349304.25, -89.64, -91.37
3356933.50, -92.84, -93.64
3364563.00, -95.06, -94.25
3372192.50, -94.75, -91.04
3379821.75, -90.75, -92.64
3387451.25, -91.53, -90.53
3395080.50, -96.91, -91.54
3402710.00, -94.88, -90.29
3410339.25, -93.29, -90.95
3417968.75, -94.27, -91.43
3425598.25, -92.18, -92.93
3433227.50, -92.34, -96.14
3440857.00, -92.32, -94.67
3448486.25, -91.28, -92.05
3456115.75, -91.13, -95.63
3463745.00, -89.81, -91.02
3471374.50, -91.94, -95.18
3479004.00, -91.96, -91.46
3486633.25, -89.90, -91.22
3494262.75, -93.84, -93.76
3501892.00, -89.92, -93.11
3509521.50, -89.47, -96.25
3517151.00, -96.14, -95.34
3524780.25, -91.48, -93.63
3532409.75, -91.26, -92.02
3540039.00, -92.53, -91.64
3547668.50, -90.50, -91.65
3555297.75, -90.74, -91.27
3562927.25, -89.42, -89.69
3570556.75, -90.55, -91.59
3578186.00, -93.79, -91.32
3585815.50, -92.22, -93.61
3593444.75, -92.81, -93.34
3601074.25, -93.44, -91.37
3608703.50, -92.45, -90.13
3616333.00, -93.86, -93.86
3623962.50, -94.37, -92.19
3631591.75, -93.54, -91.43
3639221.25, -90.93, -92.58
3646850.50, -90.39, -94.11
3654480.00, -92.19, -92.75
3662109.50, -91.55, -88.85
3669738.75, -91.53, -92.75
3677368.25, -94.94, -90.63
3684997.50, -92.62, -90.48
3692627.00, -95.85, -94.80
3700256.25, -92.50, -91.16
3707885.75, -92.44, -95.49
3715515.25, -91.18, -93.61
3723144.50, -90.76, -92.49
3730774.00, -94.10, -92.60
3738403.25, -92.83, -92.83
3746032.75, -92.80, -95.75
3753662.00, -91.09, -92.48
3761291.50, -89.94, -91.60
3768921.00, -93.46, -92.44
3776550.25, -91.85, -93.81
3784179.75, -94.16, -94.40
3791809.00, -91.22, -90.57
3799438.50, -93.32, -94.27
3807067.75, -94.14, -94.94
3814697.25, -92.14, -96.13
3822326.75, -89.99, -94.26
3829956.00, -90.42, -93.97
3837585.50, -90.15, -90.60
3845214.75, -92.22, -91.99
3852844.25, -89.29, -90.71
3860473.75, -90.89, -95.65
3868103.00, -91.00, -89.63
3875732.50, -91.88, -90.55
3883361.75, -93.75, -92.04
3890991.25, -93.84, -94.00
3898620.50, -90.30, -91.47
3906250.00, -90.21, -91.18
3913879.50, -90.32, -91.22
3921508.75, -91.20, -93.24
3929138.25, -90.99, -91.63
3936767.50, -93.92, -90.45
3944397.00, -93.91, -91.37
3952026.25, -91.30, -90.11
3959655.75, -90.43, -91.20
3967285.25, -90.51, -97.72
3974914.50, -91.47, -94.16
3982544.00, -91.46, -93.58
3990173.25, -90.96, -92.73
3997802.75, -93.95, -90.39
4005432.25, -94.82, -92.94
4013061.50, -94.94, -95.57
4020691.00, -89.78, -94.16
4028320.25, -89.11, -91.03
4035949.75, -93.12, -91.82
4043579.00, -93.26, -90.51
4051208.50, -91.18, -94.59
4058838.00, -95.11, -95.24
4066467.25, -92.08, -94.22
4074096.75, -95.21, -92.80
4081726.00, -93.45, -93.77
4089355.50, -89.64, -94.91
4096984.75, -90.07, -94.87
4104614.25, -91.48, -90.90
4112243.75, -93.24, -93.51
4119873.00, -92.81, -88.58
4127502.50, -90.23, -89.70
4135131.75, -93.55, -91.61
4142761.25, -92.55, -91.11
4150390.50, -94.77, -95.20
4158020.00, -94.27, -94.09
4165649.50, -90.15, -93.19
4173278.75, -90.61, -93.38
4180908.25, -92.55, -94.97
4188537.50, -90.66, -91.51
4196167.00, -90.24, -90.18
4203796.50, -92.87, -89.73
4211426.00, -92.35, -88.71
4219055.00, -90.86, -89.66
4226684.50, -95.10, -91.20
4234314.00, -92.96, -94.61
4241943.50, -94.19, -93.45
4249573.00, -94.30, -92.41
4257202.00, -92.36, -91.05
4264831.50, -91.54, -90.71
4272461.00, -95.06, -90.36
4280090.50, -93.38, -92.91
4287719.50, -92.79, -90.91
4295349.00, -96.68, -91.04
4302978.50, -91.58, -91.43
4310608.00, -93.98, -92.64
4318237.50, -90.81, -92.41
4325866.50, -90.47, -88.58
4333496.00, -91.88, -89.30
4341125.50, -94.91, -90.92
4348755.00, -93.50, -91.93
4356384.50, -91.60, -90.97
4364013.50, -90.51, -92.10
4371643.00, -89.49, -92.62
4379272.50, -93.82, -95.00
4386902.00, -90.31, -95.19
4394531.00, -92.65, -90.82
4402160.50, -93.68, -90.84
4409790.00, -92.39, -95.53
4417419.50, -92.66, -91.33
4425049.00, -90.28, -90.13
4432678.00, -93.80, -93.95
4440307.50, -93.62, -92.07
4447937.00, -92.06, -93.60
4455566.50, -90.74, -91.23
4463196.00, -90.77, -90.27
4470825.00, -90.05, -90.89
4478454.50, -89.88, -91.31
4486084.00, -87.22, -92.14
4493713.50, -91.34, -98.62
4501343.00, -91.86, -93.73
4508972.00, -90.31, -92.53
4516601.50, -90.02, -91.25
4524231.00, -94.70, -95.33
4531860.50, -91.59, -93.72
4539489.50, -89.86, -95.46
4547119.00, -89.80, -92.94
4554748.50, -94.71, -92.99
4562378.00, -97.57, -92.64
4570007.50, -92.76, -90.16
4577636.50, -92.94, -91.82
4585266.00, -90.99, -91.60
4592895.50, -88.88, -91.40
4600525.00, -87.74, -93.11
4608154.50, -88.56, -93.77
4615783.50, -87.32, -90.72
4623413.00, -90.61, -91.04
4631042.50, -92.42, -89.78
4638672.00, -93.40, -94.29
4646301.50, -94.77, -94.31
4653930.50, -93.19, -90.43
4661560.00, -93.93, -92.33
4669189.50, -95.21, -92.79
4676819.00, -98.21, -96.94
4684448.00, -91.99, -90.82
4692077.50, -95.36, -89.38
4699707.00, -90.95, -91.75
4707336.50, -89.87, -89.56
4714966.00, -90.08, -90.78
4722595.00, -94.02, -89.57
4730224.50, -92.17, -91.50
4737854.00, -91.32, -95.33
4745483.50, -91.10, -92.37
4753113.00, -89.97, -92.04
4760742.00, -92.44, -92.55
4768371.50, -92.60, -96.03
4776001.00, -92.30, -93.12
4783630.50, -90.12, -93.51
4791260.00, -92.96, -94.72
4798889.00, -92.57, -94.58
4806518.50, -90.29, -94.16
4814148.00, -89.96, -93.41
4821777.50, -90.09, -94.44
4829406.50, -91.20, -95.86
4837036.00, -92.78, -93.71
4844665.50, -95.15, -92.08
4852295.00, -93.67, -94.40
4859924.50, -95.25, -92.77
4867553.50, -92.79, -91.94
4875183.00, -89.91, -92.13
4882812.50, -90.81, -90.65
4890442.00, -91.31, -90.17
4898071.50, -91.53, -90.99
4905700.50, -92.86, -89.75
4913330.00, -90.22, -90.27
4920959.50, -90.20, -90.63
4928589.00, -89.37, -90.59
4936218.50, -89.23, -96.33
4943847.50, -90.27, -92.03
4951477.00, -91.56, -91.49
4959106.50, -89.78, -91.21
4966736.00, -92.03, -89.49
4974365.00, -89.85, -91.21
4981994.50, -91.32, -92.35
4989624.00, -92.46, -90.87
4997253.50, -92.57, -91.15
5004883.00, -90.28, -95.33
5012512.00, -93.27, -96.47
5020141.50, -93.61, -93.93
5027771.00, -92.45, -92.07
5035400.50, -93.88, -94.16
5043030.00, -95.05, -94.73
5050659.00, -92.92, -90.99
5058288.50, -92.97, -92.06
5065918.00, -89.21, -93.58
5073547.50, -90.70, -93.68
5081177.00, -92.01, -92.88
5088806.00, -91.50, -92.43
5096435.50, -91.74, -90.82
5104065.00, -95.49, -88.61
5111694.50, -95.19, -90.95
5119323.50, -90.63, -93.11
5126953.00, -90.41, -92.48
5134582.50, -92.31, -93.95
5142212.00, -91.62, -94.72
5149841.50, -92.26, -95.17
5157470.50, -91.28, -94.73
5165100.00, -92.92, -94.02
5172729.50, -91.88, -95.72
5180359.00, -92.85, -92.27
5187988.50, -92.75, -90.81
5195617.50, -91.62, -92.02
5203247.00, -90.62, -90.47
5210876.50, -90.92, -94.03
5218506.00, -92.83, -91.48
5226135.50, -91.11, -92.70
5233764.50, -91.65, -95.18
5241394.00, -91.82, -94.79
5249023.50, -90.11, -92.08
5256653.00, -89.36, -93.39
5264282.00, -90.44, -93.80
5271911.50, -92.00, -95.01
5279541.00, -91.02, -92.34
5287170.50, -92.92, -92.53
5294800.00, -94.90, -92.84
5302429.00, -92.92, -91.05
5310058.50, -93.53, -90.70
5317688.00, -91.23, -91.99
5325317.50, -89.45, -94.52
5332947.00, -90.18, -97.90
5340576.00, -94.23, -90.18
5348205.50, -91.89, -92.07
5355835.00, -90.68, -92.65
5363464.50, -94.28, -94.92
5371094.00, -94.49, -93.05
5378723.00, -91.48, -89.54
5386352.50, -92.39, -91.00
5393982.00, -93.52, -92.94
5401611.50, -90.12, -92.82
5409240.50, -89.92, -93.18
5416870.00, -92.07, -92.45
5424499.50, -93.19, -92.28
5432129.00, -90.57, -91.92
5439758.50, -93.79, -92.53
5447387.50, -92.30, -90.35
5455017.00, -90.79, -91.66
5462646.50, -93.20, -93.17
5470276.00, -91.46, -90.54
5477905.50, -91.76, -91.79
5485534.50, -90.19, -91.81
5493164.00, -92.49, -89.03
5500793.50, -94.48, -89.45
5508423.00, -91.42, -93.03
5516052.00, -92.50, -91.42
5523681.50, -93.19, -95.62
5531311.00, -91.48, -98.89
5538940.50, -89.66, -93.64
5546570.00, -90.49, -93.18
5554199.00, -90.45, -90.57
5561828.50, -89.53, -89.87
5569458.00, -90.14, -91.87
5577087.50, -95.50, -95.03
5584717.00, -94.06, -91.20
5592346.00, -94.31, -89.55
5599975.50, -96.18, -91.90
5607605.00, -94.15, -93.11
5615234.50, -90.71, -90.95
5622864.00, -91.38, -91.94
5630493.00, -95.70, -92.50
5638122.50, -93.68, -93.68
5645752.00, -90.18, -93.89
5653381.50, -88.82, -92.51
5661010.50, -91.82, -91.43
5668640.00, -93.48, -90.29
5676269.50, -90.88, -91.43
5683899.00, -89.56, -93.85
5691528.50, -88.81, -90.17
5699157.50, -93.50, -92.34
5706787.00, -94.17, -91.61
5714416.50, -93.95, -90.99
5722046.00, -90.39, -91.65
5729675.50, -90.72, -91.69
5737304.50, -90.41, -91.48
5744934.00, -91.37, -91.85
5752563.50, -93.53, -93.12
5760193.00, -91.64, -93.49
5767822.50, -93.42, -91.89
5775451.50, -91.99, -94.97
5783081.00, -92.37, -93.71
5790710.50, -91.42, -92.62
5798340.00, -91.20, -92.46
5805969.00, -94.04, -96.10
5813598.50, -93.91, -91.13
5821228.00, -94.71, -91.30
5828857.50, -92.20, -93.76
5836487.00, -91.42, -92.82
5844116.00, -90.85, -92.27
5851745.50, -91.18, -90.11
5859375.00, -90.07, -90.57
5867004.50, -92.90, -90.15
5874634.00, -92.66, -91.90
5882263.00, -92.32, -93.44
5889892.50, -93.94, -95.27
5897522.00, -89.91, -94.03
5905151.50, -92.40, -91.84
5912781.00, -93.92, -93.11
5920410.00, -92.47, -94.24
5928039.50, -89.90, -91.42
5935669.00, -93.77, -89.80
5943298.50, -93.64, -90.32
5950927.50, -92.36, -91.70
5958557.00, -92.06, -92.18
5966186.50, -91.96, -91.29
5973816.00, -93.33, -89.67
5981445.50, -93.25, -90.02
5989074.50, -90.52, -89.94
5996704.00, -90.45, -92.93
6004333.50, -89.95, -93.94
6011963.00, -92.01, -90.38
6019592.50, -92.35, -91.10
6027221.50, -95.15, -91.27
6034851.00, -94.73, -93.54
6042480.50, -92.95, -93.01
6050110.00, -92.30, -91.68
6057739.50, -90.90, -90.91
6065368.50, -91.40, -90.11
6072998.00, -89.33, -92.44
6080627.50, -89.53, -89.94
6088257.00, -93.14, -91.14
6095886.00, -89.55, -89.96
6103515.50, -90.11, -93.35
6111145.00, -93.88, -96.68
6118774.50, -94.81, -94.26
6126404.00, -93.60, -92.01
6134033.00, -91.91, -91.86
6141662.50, -90.41, -91.44
6149292.00, -90.11, -92.12
6156921.50, -89.50, -90.02
6164551.00, -88.81, -92.48
6172180.00, -88.63, -92.26
6179809.50, -89.77, -91.30
6187439.00, -90.16, -93.38
6195068.50, -91.70, -91.92
6202698.00, -94.73, -90.80
6210327.00, -90.39, -93.24
6217956.50, -90.58, -90.70
6225586.00, -93.41, -89.96
6233215.50, -93.07, -90.16
6240844.50, -93.72, -89.40
6248474.00, -91.50, -91.87
6256103.50, -91.03, -91.06
6263733.00, -92.53, -95.48
6271362.50, -90.62, -91.62
6278991.50, -91.38, -88.57
6286621.00, -90.55, -91.96
6294250.50, -91.09, -93.39
6301880.00, -90.55, -93.31
6309509.50, -90.74, -94.43
6317138.50, -89.78, -93.03
6324768.00, -91.11, -92.76
6332397.50, -90.93, -94.31
6340027.00, -92.39, -93.46
6347656.00, -92.22, -93.93
6355285.50, -91.89, -94.05
6362915.00, -95.54, -95.94
6370544.50, -93.38, -93.08
6378174.00, -90.19, -91.32
6385803.00, -90.94, -91.22
6393432.50, -91.53, -89.90
6401062.00, -91.25, -90.45
6408691.50, -92.97, -93.56
6416321.00, -91.91, -97.29
6423950.00, -90.24, -93.43
6431579.50, -94.38, -91.14
6439209.00, -95.06, -91.21
6446838.50, -94.46, -88.27
6454468.00, -89.61, -90.90
6462097.00, -91.53, -89.28
6469726.50, -92.44, -88.65
6477356.00, -92.79, -88.79
6484985.50, -90.74, -89.30
6492614.50, -91.91, -91.57
6500244.00, -93.60, -90.36
6507873.50, -94.33, -91.60
6515503.00, -90.53, -92.24
6523132.50, -92.40, -91.96
6530761.50, -92.76, -93.34
6538391.00, -90.58, -92.20
6546020.50, -89.91, -94.39
6553650.00, -91.58, -92.95
6561279.50, -95.48, -94.12
6568908.50, -93.80, -92.98
6576538.00, -93.21, -90.69
6584167.50, -92.93, -91.37
6591797.00, -93.30, -93.83
6599426.50, -90.87, -92.80
6607055.50, -90.79, -90.26
6614685.00, -89.97, -93.83
6622314.50, -92.81, -93.30
6629944.00, -93.84, -91.27
6637573.00, -92.08, -94.23
6645202.50, -92.21, -93.69
6652832.00, -91.30, -91.41
6660461.50, -90.59, -88.58
6668091.00, -89.80, -90.94
6675720.00, -90.75, -91.57
6683349.50, -92.48, -90.42
6690979.00, -95.83, -93.84
6698608.50, -94.22, -94.10
6706238.00, -91.50, -91.82
6713867.00, -91.68, -90.98
6721496.50, -91.98, -92.65
6729126.00, -91.15, -96.95
6736755.50, -89.72, -91.99
6744385.00, -90.98, -94.65
6752014.00, -90.68, -95.47
6759643.50, -90.63, -91.72
6767273.00, -94.01, -91.52
6774902.50, -94.94, -93.05
6782531.50, -95.48, -95.22
6790161.00, -93.53, -92.06
6797790.50, -91.96, -93.92
6805420.00, -91.28, -92.65
6813049.50, -94.79, -92.57
6820678.50, -93.00, -94.32
6828308.00, -91.26, -91.30
6835937.50, -90.23, -90.19
6843567.00, -92.12, -91.19
6851196.50, -93.85, -93.07
6858825.50, -92.25, -91.77
6866455.00, -91.51, -94.37
6874084.50, -94.03, -93.87
6881714.00, -92.67, -91.51
6889343.50, -93.08, -91.58
6896972.50, -94.09, -90.79
6904602.00, -93.04, -91.97
6912231.50, -91.98, -92.02
6919861.00, -91.72, -90.94
6927490.00, -92.59, -89.18
6935119.50, -90.55, -91.23
6942749.00, -93.00, -92.52
6950378.50, -95.71, -90.87
6958008.00, -92.26, -91.68
6965637.00, -92.03, -94.18
6973266.50, -93.78, -95.99
6980896.00, -91.56, -91.91
6988525.50, -93.01, -91.06
6996155.00, -92.13, -90.14
7003784.00, -91.72, -91.63
7011413.50, -90.10, -91.40
7019043.00, -89.75, -90.55
7026672.50, -92.98, -90.55
7034302.00, -94.38, -92.25
7041931.00, -93.35, -93.43
7049560.50, -92.12, -93.60
7057190.00, -91.30, -91.55
7064819.50, -92.45, -90.81
7072448.50, -87.21, -91.92
7080078.00, -92.32, -94.16
7087707.50, -92.63, -94.21
7095337.00, -94.22, -92.19
7102966.50, -93.53, -91.42
7110595.50, -91.11, -91.53
7118225.00, -94.27, -90.52
7125854.50, -94.60, -90.62
7133484.00, -95.65, -94.59
7141113.50, -92.80, -94.01
7148742.50, -92.95, -93.29
7156372.00, -92.35, -94.87
7164001.50, -92.41, -93.19
7171631.00, -91.49, -93.29
7179260.50, -90.43, -92.57
7186889.50, -91.92, -93.74
7194519.00, -90.60, -93.35
7202148.50, -90.30, -91.67
7209778.00, -94.32, -90.56
7217407.00, -94.43, -91.41
7225036.50, -91.81, -91.71
7232666.00, -91.44, -93.65
7240295.50, -92.25, -92.72
7247925.00, -91.01, -91.30
7255554.00, -93.10, -88.95
7263183.50, -91.34, -92.32
7270813.00, -90.99, -90.73
7278442.50, -92.09, -93.36
7286072.00, -90.42, -92.99
7293701.00, -92.44, -94.52
7301330.50, -90.36, -94.33
7308960.00, -90.80, -92.20
7316589.50, -92.24, -91.68
7324219.00, -90.79, -95.25
7331848.00, -92.32, -92.66
7339477.50, -94.07, -91.60
7347107.00, -97.74, -91.43
7354736.50, -93.04, -94.86
7362365.50, -91.57, -96.11
7369995.00, -92.29, -89.73
7377624.50, -92.08, -89.96
7385254.00, -91.99, -91.03
7392883.50, -90.87, -92.77
7400512.50, -91.44, -92.87
7408142.00, -90.52, -90.06
7415771.50, -93.48, -94.01
7423401.00, -92.68, -94.18
7431030.50, -91.63, -94.50
7438659.50, -89.60, -94.47
7446289.00, -90.45, -92.85
7453918.50, -89.89, -93.15
7461548.00, -96.72, -91.71
7469177.00, -94.31, -95.49
7476806.50, -94.72, -94.66
7484436.00, -93.41, -96.01
7492065.50, -93.43, -91.91
7499695.00, -90.23, -90.76
7507324.00, -90.96, -90.90
7514953.50, -89.97, -90.75
7522583.00, -92.62, -90.79
7530212.50, -90.46, -92.04
7537842.00, -93.50, -92.55
7545471.00, -92.14, -91.38
7553100.50, -90.86, -92.89
7560730.00, -93.68, -91.46
7568359.50, -94.04, -92.40
7575989.00, -91.72, -92.51
7583618.00, -91.45, -92.48
7591247.50, -94.71, -93.85
7598877.00, -94.06, -92.08
7606506.50, -92.52, -91.65
7614135.50, -94.40, -93.03
7621765.00, -89.87, -90.96
7629394.50, -91.42, -92.62
7637024.00, -92.85, -91.41
7644653.50, -94.73, -93.42
7652282.50, -90.25, -93.43
7659912.00, -91.17, -93.03
7667541.50, -92.40, -92.06
7675171.00, -89.90, -89.67
7682800.50, -91.94, -90.64
7690429.50, -91.44, -90.41
7698059.00, -90.89, -93.58
7705688.50, -90.46, -92.47
7713318.00, -90.23, -90.77
7720947.50, -91.96, -91.36
7728576.50, -91.38, -91.51
7736206.00, -91.93, -92.84
7743835.50, -89.51, -92.48
7751465.00, -90.90, -93.78
7759094.00, -94.99, -93.21
7766723.50, -95.35, -94.33
7774353.00, -89.97, -94.26
7781982.50, -92.79, -93.13
7789612.00, -93.92, -89.97
7797241.00, -93.24, -91.23
7804870.50, -92.45, -90.40
7812500.00, -91.70, -89.22
7820129.50, -98.42, -90.01
7827759.00, -92.50, -91.98
7835388.00, -90.84, -92.08
7843017.50, -93.60, -95.78
7850647.00, -88.95, -95.25
7858276.50, -92.25, -92.12
7865906.00, -92.97, -91.31
7873535.00, -90.36, -95.19
7881164.50, -90.32, -92.53
7888794.00, -91.44, -92.00
7896423.50, -93.80, -94.27
7904052.50, -93.90, -92.95
7911682.00, -92.31, -95.65
7919311.50, -92.92, -91.45
7926941.00, -94.22, -92.46
7934570.50, -92.16, -91.94
7942199.50, -92.68, -93.04
7949829.00, -91.29, -89.41
7957458.50, -90.88, -88.62
7965088.00, -93.47, -90.16
7972717.50, -92.72, -91.04
7980346.50, -92.73, -90.12
7987976.00, -90.83, -90.84
7995605.50, -91.81, -93.82
8003235.00, -93.77, -91.43
8010864.50, -90.75, -93.17
8018493.50, -88.34, -91.53
8026123.00, -94.15, -91.41
8033752.50, -91.30, -92.01
8041382.00, -91.99, -94.25
8049011.00, -92.52, -91.90
8056640.50, -92.79, -92.99
8064270.00, -93.61, -91.25
8071899.50, -90.45, -91.94
8079529.00, -91.82, -94.08
8087158.00, -90.48, -91.91
8094787.50, -92.01, -92.93
8102417.00, -93.45, -94.66
8110046.50, -90.90, -95.09
8117676.00, -92.37, -91.67
8125305.00, -89.49, -92.81
8132934.50, -93.39, -94.88
8140564.00, -93.65, -95.38
8148193.50, -91.77, -96.01
8155823.00, -92.09, -92.52
8163452.00, -91.26, -93.43
8171081.50, -91.48, -92.79
8178711.00, -92.23, -89.91
8186340.50, -93.11, -92.42
8193969.50, -93.84, -89.15
8201599.00, -92.30, -90.60
8209228.50, -90.66, -92.14
8216858.00, -89.78, -92.91
8224487.50, -91.66, -94.04
8232116.50, -92.58, -92.72
8239746.00, -90.95, -89.85
8247375.50, -93.40, -91.97
8255005.00, -96.08, -91.34
8262634.50, -93.72, -92.05
8270263.50, -92.67, -90.63
8277893.00, -93.39, -93.78
8285522.50, -92.60, -91.41
8293152.00, -91.62, -91.36
8300781.00, -94.51, -93.38
8308410.50, -96.03, -92.69
8316040.00, -92.30, -89.96
8323669.50, -90.81, -90.16
8331299.00, -90.77, -90.94
8338928.00, -91.74, -90.26
8346557.50, -93.76, -92.10
8354187.00, -91.82, -89.73
8361816.50, -88.69, -90.12
8369446.00, -90.03, -95.80
8377075.00, -94.64, -92.65
8384704.50, -91.24, -91.66
8392334.00, -93.54, -88.22
8399963.00, -98.49, -90.70
8407593.00, -92.96, -92.72
8415222.00, -90.03, -92.70
8422852.00, -89.99, -93.37
8430481.00, -94.41, -95.05
8438110.00, -91.37, -94.93
8445740.00, -91.77, -92.29
8453369.00, -94.73, -91.15
8460999.00, -92.47, -92.89
8468628.00, -92.89, -94.17
8476257.00, -91.33, -92.46
8483887.00, -93.59, -93.79
8491516.00, -91.15, -90.77
8499146.00, -91.69, -90.11
8506775.00, -91.15, -91.35
8514404.00, -90.25, -91.77
8522034.00, -92.16, -92.33
8529663.00, -89.01, -91.31
8537292.00, -88.60, -90.47
8544922.00, -90.97, -91.78
8552551.00, -89.95, -90.36
8560181.00, -88.38, -90.43
8567810.00, -91.63, -90.92
8575439.00, -91.26, -95.60
8583069.00, -93.61, -93.94
8590698.00, -91.88, -92.26
8598328.00, -89.88, -92.65
8605957.00, -92.11, -93.00
8613586.00, -91.89, -89.80
8621216.00, -90.36, -91.12
8628845.00, -91.77, -91.35
8636475.00, -90.65, -90.75
8644104.00, -92.16, -88.86
8651733.00, -92.85, -91.28
8659363.00, -91.97, -92.97
8666992.00, -96.09, -92.60
8674622.00, -91.83, -89.70
8682251.00, -92.27, -89.48
8689880.00, -91.96, -92.90
8697510.00, -91.44, -89.26
8705139.00, -92.79, -89.64
8712769.00, -93.37, -94.61
8720398.00, -91.99, -91.76
8728027.00, -93.58, -95.78
8735657.00, -90.04, -93.67
8743286.00, -92.07, -93.84
8750916.00, -92.90, -90.35
8758545.00, -91.96, -91.77
8766174.00, -90.30, -93.80
8773804.00, -90.91, -91.11
8781433.00, -94.20, -92.13
8789062.00, -92.01, -94.17
8796692.00, -94.72, -93.79
8804321.00, -92.40, -90.45
8811951.00, -92.84, -92.19
8819580.00, -92.83, -91.39
8827209.00, -90.41, -95.65
8834839.00, -90.55, -92.35
8842468.00, -92.59, -95.63
8850098.00, -93.03, -92.96
8857727.00, -90.47, -91.04
8865356.00, -89.94, -93.73
8872986.00, -92.12, -93.95
8880615.00, -93.38, -93.12
8888245.00, -91.99, -90.82
8895874.00, -90.82, -92.78
8903503.00, -92.03, -95.46
8911133.00, -89.51, -89.26
8918762.00, -90.32, -90.68
8926392.00, -92.41, -91.18
8934021.00, -91.05, -92.74
8941650.00, -91.67, -90.14
8949280.00, -92.20, -92.05
8956909.00, -93.42, -90.80
8964539.00, -96.80, -90.19
8972168.00, -93.77, -89.44
8979797.00, -91.64, -90.66
8987427.00, -91.94, -90.65
8995056.00, -89.64, -95.23
9002686.00, -89.95, -93.38
9010315.00, -93.05, -89.78
9017944.00, -91.65, -92.23
9025574.00, -91.59, -90.39
9033203.00, -92.31, -92.34
9040833.00, -92.31, -90.48
9048462.00, -93.03, -89.13
9056091.00, -92.25, -90.59
9063721.00, -93.60, -91.68
9071350.00, -90.24, -93.60
9078979.00, -90.09, -93.85
9086609.00, -93.83, -91.82
9094238.00, -94.04, -91.08
9101868.00, -91.10, -90.84
9109497.00, -92.00, -92.39
9117126.00, -90.96, -92.61
9124756.00, -91.35, -90.36
9132385.00, -90.79, -92.67
9140015.00, -91.95, -93.85
9147644.00, -93.96, -94.71
9155273.00, -93.40, -91.98
9162903.00, -92.73, -94.41
9170532.00, -91.01, -95.62
9178162.00, -92.46, -96.62
9185791.00, -90.93, -91.46
9193420.00, -91.67, -90.11
9201050.00, -94.84, -94.02
9208679.00, -94.59, -91.92
9216309.00, -92.69, -92.71
9223938.00, -91.79, -90.75
9231567.00, -94.52, -92.08
9239197.00, -93.10, -93.16
9246826.00, -93.99, -90.30
9254456.00, -91.18, -91.62
9262085.00, -91.65, -92.53
9269714.00, -95.63, -92.50
9277344.00, -92.70, -94.18
9284973.00, -92.58, -91.31
9292603.00, -95.29, -95.12
9300232.00, -93.46, -91.69
9307861.00, -94.16, -89.69
9315491.00, -94.02, -91.23
9323120.00, -94.93, -96.48
9330750.00, -91.22, -94.49
9338379.00, -92.17, -92.19
9346008.00, -91.65, -94.56
9353638.00, -94.88, -91.74
9361267.00, -92.05, -96.37
9368896.00, -91.15, -94.26
9376526.00, -95.16, -94.08
9384155.00, -92.84, -91.85
9391785.00, -93.08, -95.05
9399414.00, -95.12, -91.53
9407043.00, -91.02, -92.37
9414673.00, -92.32, -92.19
9422302.00, -93.08, -92.77
9429932.00, -96.67, -93.30
9437561.00, -92.87, -91.47
9445190.00, -89.07, -91.66
9452820.00, -91.80, -93.08
9460449.00, -92.41, -92.33
9468079.00, -90.37, -92.30
9475708.00, -90.78, -94.71
9483337.00, -91.19, -87.97
9490967.00, -91.67, -87.51
9498596.00, -95.08, -90.74
9506226.00, -92.66, -92.16
9513855.00, -90.67, -90.28
9521484.00, -91.28, -90.80
9529114.00, -93.78, -91.55
9536743.00, -92.36, -91.48
9544373.00, -95.50, -93.94
9552002.00, -93.49, -92.21
9559631.00, -95.21, -90.93
9567261.00, -94.72, -91.77
9574890.00, -90.67, -92.03
9582520.00, -90.39, -90.67
9590149.00, -91.73, -90.21
9597778.00, -95.37, -87.94
9605408.00, -94.02, -91.16
9613037.00, -92.03, -89.82
9620667.00, -96.40, -88.79
9628296.00, -91.67, -93.29
9635925.00, -92.43, -91.26
9643555.00, -92.68, -93.53
9651184.00, -91.39, -93.35
9658813.00, -91.36, -93.96
9666443.00, -90.67, -92.06
9674072.00, -97.03, -93.32
9681702.00, -92.04, -94.03
9689331.00, -91.26, -94.43
9696960.00, -95.14, -91.80
9704590.00, -91.77, -92.63
9712219.00, -95.80, -92.82
9719849.00, -94.03, -93.29
9727478.00, -91.80, -89.83
9735107.00, -91.57, -89.03
9742737.00, -91.78, -92.22
9750366.00, -92.38, -91.15
9757996.00, -91.44, -92.79
9765625.00, -93.56, -92.48
9773254.00, -89.84, -93.04
9780884.00, -91.22, -93.04
9788513.00, -93.46, -90.92
9796143.00, -93.44, -91.28
9803772.00, -94.01, -92.96
9811401.00, -90.78, -92.99
9819031.00, -92.02, -94.84
9826660.00, -94.94, -91.76
9834290.00, -95.45, -94.75
9841919.00, -90.80, -94.17
9849548.00, -91.37, -93.81
9857178.00, -94.38, -89.95
9864807.00, -92.78, -90.52
9872437.00, -93.03, -91.59
9880066.00, -93.91, -91.34
9887695.00, -93.74, -90.11
9895325.00, -92.11, -89.99
9902954.00, -91.19, -91.32
9910583.00, -91.30, -92.70
9918213.00, -91.92, -91.32
9925842.00, -90.56, -90.19
9933472.00, -90.20, -91.35
9941101.00, -93.74, -90.42
9948730.00, -94.29, -90.71
9956360.00, -97.25, -92.50
9963989.00, -93.40, -92.38
9971619.00, -92.00, -92.49
9979248.00, -89.99, -92.49
9986877.00, -92.98, -93.18
9994507.00, -93.21, -92.25
10002136.00, -96.55, -91.23
10009766.00, -91.44, -93.37
10017395.00, -91.60, -91.97
10025024.00, -92.81, -92.32
10032654.00, -92.35, -93.43
10040283.00, -93.82, -96.84
10047913.00, -92.02, -96.14
10055542.00, -92.15, -94.24
10063171.00, -94.22, -91.60
10070801.00, -93.65, -90.48
10078430.00, -93.06, -88.03
10086060.00, -92.76, -89.43
10093689.00, -93.08, -91.66
10101318.00, -89.67, -90.53
10108948.00, -90.40, -90.83
10116577.00, -93.65, -89.55
10124207.00, -93.63, -92.02
10131836.00, -92.62, -91.66
10139465.00, -90.40, -90.37
10147095.00, -94.65, -94.17
10154724.00, -89.59, -90.93
10162354.00, -90.97, -90.06
10169983.00, -93.04, -91.46
10177612.00, -90.81, -92.14
10185242.00, -88.61, -93.02
10192871.00, -91.14, -93.38
10200500.00, -95.76, -91.13
10208130.00, -94.97, -89.62
10215759.00, -91.24, -94.29
10223389.00, -91.16, -92.78
10231018.00, -92.60, -89.84
10238647.00, -92.70, -88.61
10246277.00, -89.42, -90.04
10253906.00, -92.72, -93.30
10261536.00, -90.74, -92.60
10269165.00, -90.64, -93.58
10276794.00, -91.87, -92.67
10284424.00, -90.86, -92.46
10292053.00, -92.18, -92.59
10299683.00, -93.72, -90.86
10307312.00, -92.64, -92.87
10314941.00, -92.85, -91.88
10322571.00, -92.63, -91.23
10330200.00, -91.49, -93.39
10337830.00, -89.66, -89.92
10345459.00, -92.09, -91.93
10353088.00, -94.42, -95.07
10360718.00, -91.83, -92.48
10368347.00, -91.24, -92.15
10375977.00, -92.01, -93.41
10383606.00, -93.47, -91.15
10391235.00, -92.95, -88.53
10398865.00, -90.97, -93.24
10406494.00, -95.79, -92.20
10414124.00, -94.46, -94.02
10421753.00, -93.78, -91.13
10429382.00, -88.44, -89.62
10437012.00, -88.38, -92.36
10444641.00, -91.01, -93.23
10452271.00, -91.41, -91.28
10459900.00, -93.10, -89.98
10467529.00, -93.17, -90.77
10475159.00, -92.04, -90.07
10482788.00, -92.67, -89.11
10490417.00, -90.93, -93.55
10498047.00, -91.55, -94.26
10505676.00, -92.59, -91.98
10513306.00, -95.16, -92.11
10520935.00, -92.87, -95.22
10528564.00, -91.52, -93.93
10536194.00, -94.51, -91.33
10543823.00, -90.86, -92.64
10551453.00, -90.82, -92.54
10559082.00, -92.07, -91.08
10566711.00, -90.99, -90.10
10574341.00, -91.20, -88.12
10581970.00, -95.35, -88.83
10589600.00, -94.55, -90.52
10597229.00, -96.36, -96.74
10604858.00, -90.31, -95.03
10612488.00, -91.30, -92.72
10620117.00, -89.21, -91.82
10627747.00, -89.64, -95.92
10635376.00, -92.88, -92.83
10643005.00, -90.96, -90.01
10650635.00, -89.58, -92.23
10658264.00, -93.38, -92.85
10665894.00, -93.90, -92.53
10673523.00, -92.77, -91.07
10681152.00, -90.73, -91.62
10688782.00, -91.69, -92.42
10696411.00, -92.70, -91.53
10704041.00, -90.93, -91.68
10711670.00, -91.19, -93.44
10719299.00, -92.36, -93.01
10726929.00, -91.30, -93.97
10734558.00, -89.35, -93.38
10742188.00, -91.26, -94.21
10749817.00, -93.63, -93.25
10757446.00, -92.08, -92.58
10765076.00, -93.18, -92.16
10772705.00, -91.73, -95.34
10780334.00, -91.95, -94.50
10787964.00, -92.23, -95.06
10795593.00, -94.45, -90.79
10803223.00, -94.50, -89.42
10810852.00, -91.86, -89.52
10818481.00, -90.68, -93.75
10826111.00, -90.35, -94.22
10833740.00, -92.04, -90.63
10841370.00, -94.02, -90.56
10848999.00, -92.21, -92.99
10856628.00, -93.13, -91.90
10864258.00, -95.20, -90.91
10871887.00, -94.12, -91.20
10879517.00, -92.51, -91.41
10887146.00, -93.78, -94.31
10894775.00, -90.93, -91.88
10902405.00, -90.18, -90.59
10910034.00, -92.52, -92.15
10917664.00, -91.85, -91.92
10925293.00, -90.49, -93.87
10932922.00, -94.51, -91.59
10940552.00, -88.21, -92.86
10948181.00, -90.30, -90.72
10955811.00, -93.25, -91.08
10963440.00, -94.75, -91.58
10971069.00, -92.06, -91.45
10978699.00, -93.36, -92.48
10986328.00, -93.18, -93.99
10993958.00, -92.23, -92.02
11001587.00, -91.59, -90.28
11009216.00, -92.30, -90.12
11016846.00, -92.77, -90.81
11024475.00, -94.16, -91.87
11032104.00, -91.69, -92.81
11039734.00, -89.41, -88.48
11047363.00, -91.48, -87.76
11054993.00, -91.48, -91.71
11062622.00, -93.01, -90.30
11070251.00, -92.92, -88.43
11077881.00, -90.67, -91.65
11085510.00, -91.47, -92.22
11093140.00, -93.24, -92.44
11100769.00, -92.29, -90.50
11108398.00, -93.09, -91.18
11116028.00, -91.22, -94.85
11123657.00, -92.15, -93.38
11131287.00, -91.32, -96.58
11138916.00, -90.97, -94.60
11146545.00, -90.30, -91.52
11154175.00, -93.99, -90.72
11161804.00, -91.94, -91.14
11169434.00, -91.73, -92.72
11177063.00, -91.37, -89.91
11184692.00, -92.36, -91.88
11192322.00, -91.71, -94.18
11199951.00, -92.20, -94.30
11207581.00, -92.46, -92.61
11215210.00, -95.10, -91.18
11222839.00, -92.50, -95.49
11230469.00, -91.62, -91.05
11238098.00, -93.12, -88.73
11245728.00, -92.64, -92.59
11253357.00, -92.77, -91.96
11260986.00, -94.24, -92.71
11268616.00, -92.60, -91.80
11276245.00, -91.50, -91.12
11283875.00, -91.49, -93.80
11291504.00, -89.75, -92.10
11299133.00, -92.80, -90.96
11306763.00, -89.11, -90.88
11314392.00, -90.63, -89.88
11322021.00, -92.37, -91.14
11329651.00, -90.80, -92.97
11337280.00, -89.71, -92.52
11344910.00, -92.50, -92.72
11352539.00, -92.97, -95.23
11360168.00, -91.00, -94.37
11367798.00, -90.19, -91.58
11375427.00, -91.05, -89.55
11383057.00, -90.03, -92.54
11390686.00, -91.46, -92.47
11398315.00, -93.98, -93.67
11405945.00, -91.47, -95.26
11413574.00, -93.96, -90.53
11421204.00, -92.25, -90.82
11428833.00, -89.77, -94.12
11436462.00, -93.10, -90.59
11444092.00, -92.28, -92.76
11451721.00, -93.09, -91.50
11459351.00, -93.12, -91.49
11466980.00, -94.92, -88.63
11474609.00, -91.16, -91.38
11482239.00, -93.07, -91.64
11489868.00, -92.75, -92.73
11497498.00, -88.13, -94.83
11505127.00, -90.45, -94.31
11512756.00, -98.05, -92.24
11520386.00, -94.36, -90.38
11528015.00, -93.38, -92.31
11535645.00, -92.45, -90.47
11543274.00, -94.77, -90.13
11550903.00, -91.68, -90.75
11558533.00, -89.30, -93.03
11566162.00, -90.37, -94.61
11573792.00, -95.05, -96.28
11581421.00, -90.24, -91.86
11589050.00, -90.42, -91.54
11596680.00, -91.45, -92.71
11604309.00, -92.35, -95.22
11611938.00, -91.73, -92.39
11619568.00, -93.36, -94.21
11627197.00, -90.75, -91.47
11634827.00, -92.29, -91.14
11642456.00, -90.72, -92.39
11650085.00, -94.73, -90.35
11657715.00, -90.24, -92.92
11665344.00, -91.70, -94.25
11672974.00, -91.14, -93.04
11680603.00, -93.33, -91.28
11688232.00, -92.48, -90.38
11695862.00, -92.57, -90.90
11703491.00, -91.66, -95.48
11711121.00, -92.91, -94.50
11718750.00, -94.98, -92.64
11726379.00, -94.56, -91.43
11734009.00, -93.10, -91.39
11741638.00, -90.90, -90.43
11749268.00, -90.99, -96.81
11756897.00, -90.42, -90.75
11764526.00, -91.00, -92.01
11772156.00, -90.62, -92.52
11779785.00, -90.79, -90.08
11787415.00, -91.94, -90.13
11795044.00, -91.14, -90.68
11802673.00, -90.98, -93.94
11810303.00, -93.74, -89.79
11817932.00, -94.92, -90.25
11825562.00, -90.97, -92.27
11833191.00, -91.35, -94.19
11840820.00, -91.09, -94.25
11848450.00, -93.16, -94.83
11856079.00, -92.21, -91.74
11863708.00, -89.72, -92.20
11871338.00, -91.99, -95.56
11878967.00, -92.11, -96.24
11886597.00, -92.33, -95.07
11894226.00, -90.98, -93.43
11901855.00, -92.40, -91.45
11909485.00, -92.40, -92.34
11917114.00, -92.92, -94.61
11924744.00, -89.38, -95.92
11932373.00, -90.41, -90.88
11940002.00, -92.69, -89.60
11947632.00, -91.77, -91.14
11955261.00, -91.88, -90.62
11962891.00, -92.00, -93.69
11970520.00, -91.77, -91.37
11978149.00, -91.31, -89.34
11985779.00, -93.62, -91.46
11993408.00, -90.30, -92.87
12001038.00, -91.39, -95.18
12008667.00, -93.84, -93.87
12016296.00, -93.95, -91.76
12023926.00, -94.44, -90.09
12031555.00, -94.30, -88.99
12039185.00, -91.76, -93.98
12046814.00, -92.28, -91.16
12054443.00, -90.20, -88.79
12062073.00, -93.05, -88.88
12069702.00, -92.61, -91.62
12077332.00, -91.37, -94.00
12084961.00, -92.94, -91.77
12092590.00, -91.05, -90.79
12100220.00, -90.50, -93.56
12107849.00, -90.32, -94.61
12115479.00, -92.89, -92.06
12123108.00, -90.11, -89.22
12130737.00, -90.48, -87.85
12138367.00, -91.33, -91.04
12145996.00, -91.62, -93.00
12153625.00, -96.67, -95.01
12161255.00, -92.39, -93.60
12168884.00, -90.45, -92.88
12176514.00, -90.97, -92.86
12184143.00, -94.69, -92.09
12191772.00, -93.55, -92.42
12199402.00, -93.03, -91.01
12207031.00, -91.53, -92.92
12214661.00, -89.39, -95.07
12222290.00, -89.96, -90.01
12229919.00, -91.62, -91.04
12237549.00, -90.39, -94.05
12245178.00, -90.86, -94.09
12252808.00, -90.06, -92.03
12260437.00, -88.70, -90.85
12268066.00, -88.71, -91.91
12275696.00, -91.23, -89.60
12283325.00, -89.97, -90.18
12290955.00, -90.50, -89.84
12298584.00, -91.66, -89.87
12306213.00, -93.38, -93.66
12313843.00, -97.27, -93.86
12321472.00, -95.24, -96.71
12329102.00, -94.50, -93.00
12336731.00, -89.91, -92.11
12344360.00, -92.51, -91.69
12351990.00, -94.68, -92.55
12359619.00, -92.67, -92.12
12367249.00, -95.76, -92.88
12374878.00, -94.41, -92.53
12382507.00, -91.70, -89.51
12390137.00, -91.93, -91.76
12397766.00, -92.04, -91.43
12405396.00, -96.74, -90.10
12413025.00, -91.36, -88.87
12420654.00, -93.41, -89.68
12428284.00, -92.97, -88.88
12435913.00, -91.29, -88.13
12443542.00, -90.46, -91.72
12451172.00, -93.27, -91.14
12458801.00, -94.18, -92.55
12466431.00, -92.47, -93.82
12474060.00, -94.34, -92.94
12481689.00, -91.89, -91.93
12489319.00, -94.99, -91.06
12496948.00, -95.93, -92.86
12504578.00, -93.29, -91.96
12512207.00, -90.80, -94.04
12519836.00, -92.92, -93.69
12527466.00, -89.76, -94.23
12535095.00, -89.43, -95.41
12542725.00, -93.58, -91.58
12550354.00, -93.29, -88.21
12557983.00, -91.68, -91.87
12565613.00, -91.78, -94.22
12573242.00, -92.86, -96.25
12580872.00, -91.16, -93.56
12588501.00, -90.96, -93.19
12596130.00, -89.86, -93.12
12603760.00, -95.01, -91.25
12611389.00, -91.57, -93.23
12619019.00, -95.83, -94.93
12626648.00, -92.56, -95.11
12634277.00, -92.41, -93.34
12641907.00, -92.67, -92.43
12649536.00, -91.15, -91.55
12657166.00, -94.63, -91.29
12664795.00, -91.48, -91.03
12672424.00, -94.12, -95.56
12680054.00, -96.30, -94.65
12687683.00, -92.24, -91.44
12695312.00, -92.54, -91.75
12702942.00, -94.76, -92.07
12710571.00, -90.99, -92.88
12718201.00, -90.16, -95.23
12725830.00, -90.89, -93.00
12733459.00, -92.91, -89.77
12741089.00, -91.51, -91.71
12748718.00, -89.51, -92.34
12756348.00, -91.01, -91.83
12763977.00, -91.25, -91.71
12771606.00, -90.43, -91.70
12779236.00, -90.50, -91.30
12786865.00, -92.59, -90.20
12794495.00, -97.77, -94.57
12802124.00, -92.00, -91.01
12809753.00, -90.37, -90.98
12817383.00, -92.75, -91.72
12825012.00, -90.82, -92.98
12832642.00, -91.19, -93.22
12840271.00, -93.38, -93.63
12847900.00, -91.73, -90.88
12855530.00, -90.98, -92.24
12863159.00, -92.59, -94.71
12870789.00, -92.88, -91.64
12878418.00, -93.79, -91.09
12886047.00, -92.35, -94.67
12893677.00, -91.08, -95.35
12901306.00, -94.57, -92.96
12908936.00, -93.41, -92.96
12916565.00, -91.79, -93.17
12924194.00, -91.57, -91.92
12931824.00, -89.37, -93.44
12939453.00, -92.30, -91.27
12947083.00, -94.82, -92.10
12954712.00, -94.54, -91.26
12962341.00, -92.75, -91.86
12969971.00, -92.75, -91.80
12977600.00, -90.57, -93.56
12985229.00, -91.93, -92.75
12992859.00, -95.83, -90.48
13000488.00, -96.47, -91.62
13008118.00, -91.78, -94.09
13015747.00, -91.61, -93.83
13023376.00, -92.97, -92.78
13031006.00, -90.35, -92.03
13038635.00, -94.83, -91.88
13046265.00, -95.36, -91.18
13053894.00, -90.79, -91.27
13061523.00, -90.07, -89.79
13069153.00, -91.05, -91.30
13076782.00, -89.91, -90.65
13084412.00, -92.36, -90.92
13092041.00, -91.25, -91.47
13099670.00, -95.08, -91.94
13107300.00, -91.59, -91.72
13114929.00, -91.63, -94.22
13122559.00, -92.00, -90.68
13130188.00, -93.40, -90.80
13137817.00, -92.45, -88.82
13145447.00, -90.71, -90.35
13153076.00, -89.40, -89.63
13160706.00, -89.97, -91.35
13168335.00, -91.82, -93.67
13175964.00, -90.33, -93.98
13183594.00, -91.46, -91.35
13191223.00, -91.21, -90.88
13198853.00, -90.46, -92.68
13206482.00, -94.44, -89.87
13214111.00, -89.85, -90.82
13221741.00, -94.22, -90.49
13229370.00, -93.83, -92.07
13237000.00, -91.58, -92.70
13244629.00, -93.72, -92.64
13252258.00, -94.14, -92.51
13259888.00, -93.89, -92.65
13267517.00, -93.40, -92.37
13275146.00, -91.96, -89.83
13282776.00, -93.27, -90.52
13290405.00, -91.35, -89.58
13298035.00, -91.11, -90.82
13305664.00, -95.42, -90.32
13313293.00, -90.38, -94.88
13320923.00, -92.18, -93.57
13328552.00, -91.86, -89.36
13336182.00, -93.40, -92.86
13343811.00, -93.64, -91.22
13351440.00, -94.03, -91.01
13359070.00, -93.25, -94.34
13366699.00, -91.86, -94.58
13374329.00, -92.02, -94.38
13381958.00, -90.05, -91.52
13389587.00, -90.45, -92.28
13397217.00, -92.88, -94.43
13404846.00, -92.51, -94.73
13412476.00, -93.54, -92.01
13420105.00, -94.96, -91.72
13427734.00, -94.03, -92.63
13435364.00, -91.60, -90.68
13442993.00, -89.67, -91.63
13450623.00, -92.01, -94.38
13458252.00, -92.80, -96.14
13465881.00, -91.44, -92.07
13473511.00, -91.60, -90.91
13481140.00, -92.53, -91.88
13488770.00, -90.96, -89.82
13496399.00, -90.84, -92.41
13504028.00, -94.50, -91.52
13511658.00, -92.88, -88.31
13519287.00, -94.10, -90.03
13526917.00, -92.54, -91.62
13534546.00, -92.74, -91.21
13542175.00, -90.39, -95.57
13549805.00, -92.00, -92.82
13557434.00, -89.46, -88.93
13565063.00, -89.15, -87.69
13572693.00, -94.43, -91.39
13580322.00, -95.07, -91.77
13587952.00, -92.44, -92.77
13595581.00, -90.33, -91.63
13603210.00, -90.41, -91.93
13610840.00, -91.18, -97.63
13618469.00, -94.31, -91.18
13626099.00, -90.70, -90.86
13633728.00, -91.02, -93.66
13641357.00, -93.89, -96.29
13648987.00, -91.07, -91.09
13656616.00, -91.41, -91.56
13664246.00, -90.99, -96.26
13671875.00, -93.11, -91.01
13679504.00, -91.61, -91.16
13687134.00, -93.02, -89.90
13694763.00, -98.88, -91.71
13702393.00, -96.62, -90.24
13710022.00, -93.75, -89.94
13717651.00, -91.73, -92.77
13725281.00, -95.16, -92.25
13732910.00, -91.59, -93.78
13740540.00, -93.58, -91.53
13748169.00, -91.86, -92.05
13755798.00, -90.57, -90.22
13763428.00, -90.67, -90.59
13771057.00, -90.87, -91.78
13778687.00, -94.01, -90.96
13786316.00, -91.89, -90.21
13793945.00, -89.33, -93.80
13801575.00, -95.37, -93.76
13809204.00, -93.15, -91.60
13816833.00, -93.01, -92.51
13824463.00, -94.65, -94.23
13832092.00, -91.76, -91.92
13839722.00, -92.71, -95.65
13847351.00, -93.30, -93.04
13854980.00, -91.11, -91.36
13862610.00, -90.95, -92.90
13870239.00, -89.06, -91.10
13877869.00, -90.41, -91.65
13885498.00, -92.71, -91.78
13893127.00, -92.65, -92.87
13900757.00, -93.98, -91.76
13908386.00, -94.82, -90.89
13916016.00, -91.39, -92.48
13923645.00, -93.35, -91.77
13931274.00, -92.62, -90.39
13938904.00, -90.94, -93.46
13946533.00, -91.65, -90.24
13954163.00, -93.25, -91.06
13961792.00, -92.15, -93.17
13969421.00, -92.78, -92.16
13977051.00, -92.49, -91.19
13984680.00, -91.73, -90.59
13992310.00, -93.08, -93.54
13999939.00, -92.69, -95.39
14007568.00, -94.17, -93.08
14015198.00, -92.57, -95.21
14022827.00, -91.40, -93.81
14030457.00, -93.90, -92.65
14038086.00, -92.85, -94.59
14045715.00, -96.38, -90.46
14053345.00, -93.11, -92.61
14060974.00, -91.89, -95.12
14068604.00, -92.32, -93.67
14076233.00, -93.19, -93.92
14083862.00, -92.85, -90.16
14091492.00, -93.37, -89.85
14099121.00, -93.31, -90.80
14106750.00, -90.36, -94.53
14114380.00, -89.32, -91.28
14122009.00, -89.84, -93.49
14129639.00, -88.23, -92.69
14137268.00, -90.13, -90.56
14144897.00, -91.42, -88.91
14152527.00, -93.48, -89.23
14160156.00, -96.22, -90.88
14167786.00, -96.54, -93.10
14175415.00, -92.98, -90.50
14183044.00, -93.78, -92.81
14190674.00, -90.69, -89.85
14198303.00, -91.39, -89.17
14205933.00, -94.13, -89.91
14213562.00, -94.07, -94.60
14221191.00, -91.65, -92.75
14228821.00, -92.19, -91.41
14236450.00, -92.47, -89.34
14244080.00, -92.13, -89.42
14251709.00, -91.73, -93.92
14259338.00, -92.05, -95.64
14266968.00, -92.05, -96.55
14274597.00, -90.97, -96.32
14282227.00, -91.50, -94.92
14289856.00, -92.24, -91.68
14297485.00, -90.39, -88.69
14305115.00, -92.69, -92.26
14312744.00, -91.68, -90.99
14320374.00, -93.50, -94.68
14328003.00, -93.99, -94.80
14335632.00, -90.65, -93.00
14343262.00, -91.55, -93.72
14350891.00, -92.89, -92.55
14358521.00, -92.38, -94.13
14366150.00, -90.84, -93.20
14373779.00, -92.86, -94.13
14381409.00, -92.21, -93.57
14389038.00, -95.36, -91.90
14396667.00, -91.95, -91.91
14404297.00, -92.93, -91.86
14411926.00, -91.62, -90.80
14419556.00, -91.51, -89.95
14427185.00, -93.51, -94.46
14434814.00, -92.75, -92.30
14442444.00, -91.02, -93.59
14450073.00, -90.38, -95.56
14457703.00, -94.29, -93.16
14465332.00, -91.00, -94.12
14472961.00, -91.97, -94.13
14480591.00, -94.56, -94.24
14488220.00, -93.25, -91.38
14495850.00, -89.97, -90.77
14503479.00, -90.74, -96.58
14511108.00, -89.99, -95.19
14518738.00, -90.28, -90.07
14526367.00, -94.06, -91.14
14533997.00, -91.79, -95.27
14541626.00, -90.51, -94.34
14549255.00, -90.73, -91.15
14556885.00, -88.86, -90.45
14564514.00, -91.45, -93.79
14572144.00, -97.17, -92.29
14579773.00, -93.22, -91.24
14587402.00, -91.71, -93.69
14595032.00, -92.77, -91.53
14602661.00, -93.74, -92.75
14610291.00, -95.49, -94.44
14617920.00, -93.42, -92.76
14625549.00, -93.78, -93.64
14633179.00, -91.89, -91.84
14640808.00, -90.39, -90.56
14648438.00, -90.31, -92.09
14656067.00, -90.48, -93.43
14663696.00, -92.51, -91.70
14671326.00, -92.44, -91.29
14678955.00, -89.56, -92.51
14686584.00, -91.28, -90.56
14694214.00, -94.31, -89.28
14701843.00, -90.94, -89.17
14709473.00, -91.61, -92.27
14717102.00, -91.82, -91.73
14724731.00, -91.28, -92.78
14732361.00, -92.67, -92.76
14739990.00, -93.41, -95.63
14747620.00, -94.29, -94.47
14755249.00, -89.89, -93.61
14762878.00, -89.98, -92.46
14770508.00, -90.84, -96.08
14778137.00, -92.93, -94.82
14785767.00, -95.03, -97.45
14793396.00, -92.27, -91.62
14801025.00, -91.12, -89.55
14808655.00, -93.05, -89.78
14816284.00, -90.76, -92.75
14823914.00, -91.46, -91.94
14831543.00, -93.40, -90.11
14839172.00, -93.89, -89.75
14846802.00, -92.27, -95.54
14854431.00, -93.45, -92.20
14862061.00, -89.75, -91.69
14869690.00, -89.17, -92.22
14877319.00, -91.09, -91.99
14884949.00, -88.92, -92.22
14892578.00, -88.62, -94.08
14900208.00, -89.47, -89.82
14907837.00, -91.07, -90.43
14915466.00, -92.54, -92.87
14923096.00, -94.27, -93.30
14930725.00, -89.42, -93.86
14938354.00, -91.01, -92.89
14945984.00, -96.08, -91.21
14953613.00, -94.17, -93.49
14961243.00, -94.26, -93.02
14968872.00, -93.01, -93.26
14976501.00, -94.63, -94.39
14984131.00, -94.26, -93.68
14991760.00, -92.98, -92.32
14999390.00, -96.10, -92.66
15007019.00, -91.36, -93.04
15014648.00, -90.39, -96.23
15022278.00, -89.85, -91.07
15029907.00, -93.46, -90.66
15037537.00, -92.55, -90.88
15045166.00, -93.94, -90.27
15052795.00, -93.44, -90.70
15060425.00, -92.60, -92.99
15068054.00, -91.50, -91.28
15075684.00, -89.69, -91.81
15083313.00, -90.94, -90.86
15090942.00, -94.22, -90.55
15098572.00, -93.16, -93.42
15106201.00, -92.21, -93.99
15113831.00, -92.90, -92.54
15121460.00, -92.88, -91.45
15129089.00, -95.38, -91.68
15136719.00, -93.19, -92.80
15144348.00, -93.45, -91.81
15151978.00, -92.82, -92.57
15159607.00, -90.04, -88.27
15167236.00, -89.26, -90.34
15174866.00, -90.81, -92.92
15182495.00, -90.32, -93.01
15190125.00, -91.13, -90.97
15197754.00, -91.77, -94.83
15205383.00, -89.29, -92.62
15213013.00, -92.99, -91.27
15220642.00, -93.78, -91.21
15228271.00, -92.84, -90.18
15235901.00, -92.97, -88.78
15243530.00, -92.04, -90.63
15251160.00, -91.11, -93.23
15258789.00, -92.59, -94.12
15266418.00, -93.64, -92.35
15274048.00, -95.30, -89.11
15281677.00, -92.15, -90.97
15289307.00, -93.84, -91.04
15296936.00, -93.35, -93.81
15304565.00, -93.40, -94.65
15312195.00, -92.16, -92.07
15319824.00, -91.98, -90.71
15327454.00, -91.74, -91.15
15335083.00, -91.19, -91.73
15342712.00, -93.54, -92.65
15350342.00, -93.54, -92.89
15357971.00, -93.26, -94.34
15365601.00, -89.88, -95.09
15373230.00, -91.91, -93.24
15380859.00, -91.51, -92.10
15388489.00, -91.11, -92.61
15396118.00, -88.87, -90.69
15403748.00, -90.60, -90.27
15411377.00, -94.59, -91.33
15419006.00, -92.72, -91.84
15426636.00, -91.75, -91.58
15434265.00, -94.09, -93.03
15441895.00, -92.06, -95.95
15449524.00, -92.08, -90.30
15457153.00, -94.23, -92.67
15464783.00, -91.82, -92.78
15472412.00, -91.41, -90.75
15480042.00, -93.35, -91.00
15487671.00, -93.53, -91.15
15495300.00, -90.33, -92.80
15502930.00, -92.56, -92.45
15510559.00, -93.82, -92.90
15518188.00, -94.41, -93.01
15525818.00, -90.92, -93.27
15533447.00, -91.54, -90.31
15541077.00, -91.47, -93.40
15548706.00, -93.85, -89.44
15556335.00, -93.61, -90.71
15563965.00, -92.89, -93.95
15571594.00, -93.55, -90.32
15579224.00, -97.60, -90.17
15586853.00, -90.21, -90.73
15594482.00, -88.60, -90.70
15602112.00, -90.06, -95.33
15609741.00, -90.24, -92.21
15617371.00, -90.75, -93.66
15625000.00, -91.34, -90.87
15632629.00, -90.90, -90.78
15640259.00, -89.96, -92.09
15647888.00, -93.65, -98.10
15655518.00, -90.35, -95.07
15663147.00, -90.07, -91.23
15670776.00, -90.30, -91.95
15678406.00, -93.03, -90.78
15686035.00, -88.58, -93.27
15693665.00, -89.38, -94.05
15701294.00, -90.55, -95.52
15708923.00, -91.23, -90.81
15716553.00, -89.99, -89.50
15724182.00, -90.35, -89.68
15731812.00, -90.01, -93.51
15739441.00, -92.31, -94.68
15747070.00, -91.06, -93.24
15754700.00, -89.45, -94.75
15762329.00, -90.81, -90.26
15769958.00, -90.79, -92.07
15777588.00, -93.07, -93.94
15785217.00, -92.85, -99.21
15792847.00, -93.93, -95.59
15800476.00, -94.22, -92.64
15808105.00, -96.38, -93.01
15815735.00, -94.68, -93.51
15823364.00, -92.46, -93.48
15830994.00, -94.21, -94.15
15838623.00, -92.36, -90.27
15846252.00, -91.27, -90.25
15853882.00, -92.56, -91.31
15861511.00, -93.32, -90.78
15869141.00, -95.58, -95.97
15876770.00, -92.53, -93.23
15884399.00, -91.53, -92.23
15892029.00, -92.04, -93.44
15899658.00, -93.97, -92.41
15907288.00, -92.36, -92.30
15914917.00, -90.98, -94.86
15922546.00, -92.26, -90.74
15930176.00, -90.00, -90.81
15937805.00, -91.38, -92.71
15945435.00, -93.76, -91.48
15953064.00, -90.93, -92.40
15960693.00, -87.76, -89.17
15968323.00, -88.53, -91.55
15975952.00, -93.15, -93.57
15983582.00, -93.46, -94.44
15991211.00, -91.56, -92.85
15998840.00, -91.14, -92.66
16006470.00, -90.03, -89.28
16014099.00, -91.49, -91.17
16021729.00, -94.37, -92.88
16029358.00, -90.53, -89.71
16036987.00, -92.91, -88.39
16044617.00, -93.51, -88.82
16052246.00, -91.63, -88.05
16059875.00, -94.18, -90.76
16067505.00, -92.59, -91.55
16075134.00, -91.69, -91.17
16082764.00, -90.85, -89.72
16090393.00, -89.28, -95.02
16098022.00, -90.91, -92.39
16105652.00, -93.63, -91.11
16113281.00, -95.48, -95.07
16120911.00, -89.06, -92.15
16128540.00, -90.55, -91.24
16136169.00, -90.92, -92.00
16143799.00, -94.69, -91.46
16151428.00, -89.94, -91.56
16159058.00, -90.92, -93.82
16166687.00, -89.91, -90.60
16174316.00, -91.06, -89.75
16181946.00, -96.75, -91.15
16189575.00, -91.06, -92.38
16197205.00, -88.34, -90.91
16204834.00, -90.75, -90.42
16212463.00, -90.11, -90.84
16220093.00, -95.54, -93.32
16227722.00, -94.83, -94.22
16235352.00, -92.84, -91.80
16242981.00, -91.32, -91.85
16250610.00, -91.19, -91.24
16258240.00, -90.08, -90.97
16265869.00, -90.40, -89.43
16273499.00, -93.88, -89.54
16281128.00, -93.04, -90.55
16288757.00, -92.55, -91.58
16296387.00, -91.12, -94.71
16304016.00, -91.05, -95.08
16311646.00, -96.36, -89.52
16319275.00, -94.68, -90.58
16326904.00, -92.22, -95.71
16334534.00, -92.09, -97.86
16342163.00, -90.27, -93.48
16349792.00, -90.63, -90.41
16357422.00, -91.03, -91.46
16365051.00, -91.16, -93.36
16372681.00, -91.66, -95.55
16380310.00, -92.49, -92.80
16387939.00, -92.65, -91.67
16395569.00, -92.34, -92.69
16403198.00, -92.37, -92.06
16410828.00, -90.47, -93.08
16418457.00, -92.52, -93.61
16426086.00, -93.21, -90.64
16433716.00, -91.49, -89.52
16441345.00, -90.79, -92.68
16448975.00, -94.14, -92.83
16456604.00, -91.07, -90.37
16464233.00, -90.46, -92.13
16471863.00, -94.91, -92.30
16479492.00, -94.05, -90.72
16487122.00, -93.19, -91.37
16494751.00, -93.08, -92.42
16502380.00, -93.27, -92.12
16510010.00, -89.57, -91.52
16517639.00, -90.56, -93.23
16525269.00, -93.77, -93.87
16532898.00, -96.76, -95.40
16540527.00, -94.98, -91.79
16548157.00, -96.95, -91.16
16555786.00, -91.92, -91.40
16563416.00, -92.01, -90.99
16571045.00, -91.24, -91.74
16578674.00, -92.37, -92.96
16586304.00, -92.22, -92.18
16593933.00, -93.98, -89.69
16601562.00, -95.14, -91.54
16609192.00, -92.58, -92.00
16616821.00, -91.45, -90.66
16624451.00, -88.99, -92.36
16632080.00, -90.61, -92.30
16639709.00, -90.31, -92.23
16647339.00, -90.84, -94.17
16654968.00, -93.11, -94.23
16662598.00, -94.14, -94.10
16670227.00, -96.30, -90.96
16677856.00, -96.54, -91.46
16685486.00, -95.34, -91.44
16693115.00, -93.52, -91.89
16700745.00, -97.34, -89.96
16708374.00, -94.74, -91.05
16716003.00, -93.32, -91.41
16723633.00, -94.99, -90.25
16731262.00, -95.20, -89.51
16738892.00, -92.52, -90.67
16746521.00, -91.22, -90.06
16754150.00, -90.03, -93.58
16761780.00, -91.29, -91.83
16769409.00, -91.65, -94.01
16777039.00, -91.69, -90.82
16784668.00, -93.20, -90.59
16792298.00, -92.20, -92.09
16799926.00, -91.21, -90.15
16807556.00, -92.70, -89.71
16815186.00, -91.44, -92.60
16822814.00, -95.80, -91.40
16830444.00, -93.88, -93.74
16838074.00, -92.96, -91.17
16845704.00, -92.82, -91.08
16853332.00, -92.14, -93.46
16860962.00, -93.26, -92.87
16868592.00, -93.49, -90.83
16876220.00, -92.38, -93.34
16883850.00, -91.73, -91.01
16891480.00, -92.53, -93.26
16899108.00, -93.15, -93.22
16906738.00, -90.19, -90.07
16914368.00, -89.79, -90.20
16921998.00, -87.04, -93.33
16929626.00, -90.45, -90.96
16937256.00, -93.59, -95.33
16944886.00, -94.63, -93.31
16952514.00, -91.81, -90.45
16960144.00, -94.43, -90.70
16967774.00, -90.73, -91.05
16975402.00, -91.16, -89.24
16983032.00, -89.66, -91.26
16990662.00, -92.64, -89.31
16998292.00, -92.32, -89.52
17005920.00, -92.07, -93.40
17013550.00, -93.44, -92.23
17021180.00, -93.96, -93.23
17028808.00, -93.71, -91.67
17036438.00, -91.93, -94.19
17044068.00, -93.74, -95.00
17051696.00, -95.74, -93.07
17059326.00, -94.15, -90.85
17066956.00, -90.06, -91.86
17074584.00, -89.79, -90.95
17082214.00, -91.72, -92.17
17089844.00, -95.03, -95.17
17097474.00, -92.80, -91.05
17105102.00, -91.36, -89.89
17112732.00, -92.41, -94.18
17120362.00, -90.67, -94.83
17127990.00, -89.17, -91.89
17135620.00, -89.85, -94.31
17143250.00, -90.42, -91.56
17150878.00, -91.07, -92.38
17158508.00, -90.90, -91.42
17166138.00, -93.42, -91.81
17173768.00, -94.24, -90.15
17181396.00, -93.13, -88.98
17189026.00, -95.47, -91.11
17196656.00, -92.64, -89.79
17204284.00, -91.87, -90.35
17211914.00, -92.74, -92.95
17219544.00, -89.87, -91.62
17227172.00, -89.75, -91.89
17234802.00, -90.03, -92.43
17242432.00, -92.35, -91.71
17250062.00, -92.64, -90.49
17257690.00, -92.37, -91.93
17265320.00, -93.47, -89.84
17272950.00, -93.15, -90.80
17280578.00, -91.93, -93.00
17288208.00, -93.38, -92.57
17295838.00, -92.52, -89.52
17303466.00, -91.84, -92.53
17311096.00, -90.03, -90.15
17318726.00, -90.86, -90.81
17326354.00, -92.28, -94.01
17333984.00, -91.91, -91.63
17341614.00, -89.74, -92.67
17349244.00, -94.19, -91.17
17356872.00, -91.33, -92.63
17364502.00, -91.79, -91.89
17372132.00, -92.11, -91.12
17379760.00, -92.56, -91.36
17387390.00, -88.90, -93.68
17395020.00, -91.92, -90.64
17402648.00, -91.50, -90.21
17410278.00, -92.05, -92.21
17417908.00, -92.25, -92.03
17425538.00, -92.16, -95.17
17433166.00, -90.32, -92.47
17440796.00, -91.39, -92.07
17448426.00, -90.66, -94.24
17456054.00, -89.98, -91.64
17463684.00, -93.34, -91.48
17471314.00, -91.76, -91.33
17478942.00, -91.69, -90.83
17486572.00, -92.80, -91.82
17494202.00, -95.31, -90.50
17501832.00, -92.27, -92.72
17509460.00, -91.82, -92.76
17517090.00, -92.55, -94.57
17524720.00, -92.26, -93.49
17532348.00, -92.02, -96.14
17539978.00, -97.62, -95.40
17547608.00, -94.62, -93.03
17555236.00, -91.12, -92.33
17562866.00, -90.65, -89.59
17570496.00, -93.24, -90.03
17578124.00, -92.95, -90.07
17585754.00, -90.39, -93.32
17593384.00, -89.16, -91.72
17601014.00, -90.01, -91.61
17608642.00, -90.41, -93.89
17616272.00, -91.64, -92.86
17623902.00, -91.95, -90.16
17631530.00, -94.82, -92.24
17639160.00, -93.50, -91.47
17646790.00, -90.23, -92.34
17654418.00, -93.46, -95.31
17662048.00, -94.21, -95.35
17669678.00, -93.87, -95.50
17677308.00, -94.57, -91.75
17684936.00, -93.39, -92.30
17692566.00, -94.46, -94.08
17700196.00, -93.92, -92.93
17707824.00, -90.78, -90.63
17715454.00, -93.46, -92.33
17723084.00, -90.33, -91.02
17730712.00, -91.86, -91.06
17738342.00, -92.85, -92.35
17745972.00, -91.39, -94.94
17753602.00, -91.16, -94.93
17761230.00, -93.72, -92.44
17768860.00, -95.24, -92.04
17776490.00, -94.42, -93.88
17784118.00, -90.41, -94.14
17791748.00, -90.89, -92.30
17799378.00, -93.95, -92.25
17807006.00, -93.79, -90.77
17814636.00, -89.22, -90.62
17822266.00, -89.74, -92.45
17829896.00, -95.17, -96.17
17837524.00, -92.49, -93.15
17845154.00, -93.05, -91.50
17852784.00, -92.06, -92.30
17860412.00, -90.74, -95.24
17868042.00, -91.72, -93.74
17875672.00, -92.81, -91.46
17883300.00, -90.35, -94.90
17890930.00, -89.88, -93.35
17898560.00, -89.76, -92.37
17906188.00, -94.41, -91.97
17913818.00, -90.22, -93.95
17921448.00, -92.72, -91.93
17929078.00, -89.63, -91.09
17936706.00, -92.38, -92.62
17944336.00, -92.37, -91.47
17951966.00, -93.50, -90.67
17959594.00, -92.23, -89.90
17967224.00, -90.60, -90.38
17974854.00, -90.50, -91.01
17982482.00, -90.74, -93.52
17990112.00, -92.06, -91.07
17997742.00, -91.16, -90.91
18005372.00, -92.02, -92.05
18013000.00, -90.74, -92.50
18020630.00, -92.52, -95.63
18028260.00, -93.68, -90.94
18035888.00, -94.91, -92.53
18043518.00, -92.03, -93.75
18051148.00, -92.02, -92.75
18058776.00, -90.57, -92.04
18066406.00, -90.41, -93.37
18074036.00, -90.96, -89.89
18081666.00, -92.15, -92.21
18089294.00, -91.67, -90.16
18096924.00, -89.62, -91.42
18104554.00, -92.75, -93.80
18112182.00, -94.72, -91.43
18119812.00, -93.27, -90.60
18127442.00, -93.66, -91.05
18135070.00, -91.59, -92.10
18142700.00, -92.31, -92.63
18150330.00, -90.02, -93.19
18157958.00, -89.89, -91.56
18165588.00, -90.81, -91.18
18173218.00, -93.70, -90.72
18180848.00, -92.86, -92.40
18188476.00, -93.89, -94.21
18196106.00, -90.73, -91.75
18203736.00, -95.56, -89.37
18211364.00, -91.22, -92.29
18218994.00, -90.71, -92.87
18226624.00, -92.56, -91.16
18234252.00, -91.25, -92.04
18241882.00, -91.46, -91.16
18249512.00, -90.93, -93.74
18257142.00, -91.33, -93.36
18264770.00, -94.46, -91.41
18272400.00, -92.78, -96.07
18280030.00, -90.98, -91.41
18287658.00, -94.14, -89.25
18295288.00, -94.74, -90.26
18302918.00, -92.64, -92.10
18310546.00, -91.17, -92.66
18318176.00, -89.56, -91.54
18325806.00, -93.61, -89.42
18333436.00, -91.23, -93.88
18341064.00, -94.21, -92.96
18348694.00, -93.41, -91.51
18356324.00, -94.34, -93.00
18363952.00, -96.23, -94.32
18371582.00, -93.68, -93.74
18379212.00, -93.09, -91.72
18386840.00, -92.91, -91.95
18394470.00, -90.21, -92.71
18402100.00, -88.60, -89.94
18409730.00, -90.83, -89.43
18417358.00, -95.22, -91.21
18424988.00, -93.84, -90.29
18432618.00, -92.46, -93.34
18440246.00, -92.74, -93.75
18447876.00, -93.00, -95.84
18455506.00, -90.51, -92.85
18463134.00, -90.80, -90.12
18470764.00, -90.63, -92.27
18478394.00, -91.02, -93.98
18486022.00, -94.00, -92.72
18493652.00, -91.24, -91.46
18501282.00, -90.96, -90.60
18508912.00, -92.51, -91.09
18516540.00, -92.28, -92.42
18524170.00, -93.47, -94.52
18531800.00, -90.94, -95.64
18539428.00, -92.65, -94.79
18547058.00, -98.13, -91.87
18554688.00, -91.85, -91.67
18562316.00, -91.23, -90.00
18569946.00, -94.05, -95.85
18577576.00, -92.00, -94.28
18585206.00, -91.61, -92.40
18592834.00, -92.58, -92.31
18600464.00, -94.84, -93.77
18608094.00, -94.63, -95.21
18615722.00, -93.32, -92.65
18623352.00, -91.75, -92.87
18630982.00, -90.04, -93.79
18638610.00, -90.67, -92.11
18646240.00, -93.75, -89.56
18653870.00, -92.11, -92.30
18661500.00, -91.60, -94.69
18669128.00, -91.63, -94.22
18676758.00, -90.24, -93.91
18684388.00, -90.82, -92.69
18692016.00, -91.97, -91.13
18699646.00, -91.07, -92.62
18707276.00, -92.05, -93.78
18714904.00, -94.35, -91.16
18722534.00, -91.51, -89.85
18730164.00, -90.86, -89.55
18737792.00, -92.03, -91.21
18745422.00, -93.88, -90.87
18753052.00, -91.29, -91.14
18760682.00, -92.81, -95.70
18768310.00, -94.02, -94.22
18775940.00, -92.51, -94.60
18783570.00, -93.95, -93.51
18791198.00, -90.85, -93.10
18798828.00, -88.48, -91.52
18806458.00, -91.58, -92.09
18814086.00, -94.92, -92.43
18821716.00, -93.74, -90.86
18829346.00, -88.98, -95.51
18836976.00, -90.02, -91.65
18844604.00, -90.13, -93.80
18852234.00, -90.12, -92.14
18859864.00, -92.24, -92.09
18867492.00, -91.31, -93.61
18875122.00, -93.01, -96.87
18882752.00, -93.53, -93.67
18890380.00, -90.73, -93.38
18898010.00, -92.99, -93.46
18905640.00, -92.02, -95.37
18913270.00, -92.67, -94.37
18920898.00, -92.42, -93.61
18928528.00, -94.26, -91.39
18936158.00, -91.48, -90.30
18943786.00, -93.39, -90.89
18951416.00, -92.58, -94.26
18959046.00, -90.45, -93.86
18966674.00, -91.31, -90.64
18974304.00, -92.95, -89.41
18981934.00, -93.43, -89.34
18989562.00, -91.54, -88.28
18997192.00, -90.71, -90.39
19004822.00, -91.40, -92.11
19012452.00, -91.15, -91.23
19020080.00, -93.56, -91.26
19027710.00, -90.64, -93.95
19035340.00, -92.10, -94.67
19042968.00, -89.56, -92.01
19050598.00, -89.19, -91.02
19058228.00, -90.53, -91.64
19065856.00, -90.97, -91.42
19073486.00, -89.21, -90.62
19081116.00, -92.10, -91.88
19088746.00, -92.45, -93.12
19096374.00, -90.13, -91.97
19104004.00, -92.19, -91.70
19111634.00, -89.87, -90.32
19119262.00, -92.89, -93.47
19126892.00, -90.75, -92.94
19134522.00, -91.71, -92.62
19142150.00, -92.40, -91.48
19149780.00, -96.32, -94.54
19157410.00, -92.55, -93.27
19165040.00, -93.28, -93.75
19172668.00, -92.22, -93.34
19180298.00, -91.84, -92.27
19187928.00, -91.35, -94.26
19195556.00, -90.26, -93.90
19203186.00, -89.88, -92.52
19210816.00, -91.94, -91.62
19218444.00, -90.73, -93.15
19226074.00, -90.84, -92.65
19233704.00, -93.42, -92.47
19241334.00, -94.54, -93.54
19248962.00, -92.59, -93.82
19256592.00, -91.71, -92.58
19264222.00, -94.81, -91.14
19271850.00, -92.28, -93.82
19279480.00, -92.08, -91.48
19287110.00, -95.06, -89.98
19294738.00, -95.17, -89.89
19302368.00, -94.06, -89.41
19309998.00, -91.37, -93.51
19317626.00, -91.73, -92.51
19325256.00, -91.32, -91.25
19332886.00, -91.38, -92.86
19340516.00, -93.02, -91.12
19348144.00, -92.54, -90.73
19355774.00, -91.01, -91.35
19363404.00, -91.21, -90.68
19371032.00, -91.58, -93.43
19378662.00, -93.68, -92.32
19386292.00, -94.96, -94.26
19393920.00, -93.06, -92.63
19401550.00, -91.52, -90.83
19409180.00, -94.36, -89.84
19416810.00, -92.44, -91.75
19424438.00, -91.13, -94.84
19432068.00, -91.42, -91.28
19439698.00, -92.83, -92.62
19447326.00, -92.60, -93.29
19454956.00, -91.98, -90.56
19462586.00, -90.07, -91.96
19470214.00, -90.29, -93.31
19477844.00, -91.14, -91.41
19485474.00, -92.95, -96.05
19493104.00, -94.41, -93.55
19500732.00, -92.67, -94.17
19508362.00, -92.07, -93.65
19515992.00, -95.74, -91.21
19523620.00, -95.35, -89.87
19531250.00, -97.23, -93.75
19538880.00, -90.86, -95.20
19546508.00, -90.37, -94.89
19554138.00, -90.08, -94.68
19561768.00, -94.89, -92.45
19569396.00, -93.92, -91.66
19577026.00, -94.78, -91.54
19584656.00, -93.09, -90.56
19592286.00, -90.47, -88.79
19599914.00, -89.82, -89.28
19607544.00, -90.41, -92.06
19615174.00, -92.51, -92.77
19622802.00, -92.37, -89.68
19630432.00, -91.91, -90.95
19638062.00, -91.05, -93.36
19645690.00, -90.84, -92.41
19653320.00, -91.71, -90.51
19660950.00, -92.07, -95.26
19668580.00, -90.84, -90.88
19676208.00, -93.55, -92.77
19683838.00, -94.79, -93.29
19691468.00, -92.63, -92.19
19699096.00, -91.91, -91.15
19706726.00, -92.07, -92.50
19714356.00, -93.08, -94.07
19721984.00, -95.63, -91.44
19729614.00, -91.41, -91.07
19737244.00, -92.20, -91.04
19744874.00, -88.93, -93.86
19752502.00, -91.30, -93.44
19760132.00, -92.35, -91.38
19767762.00, -91.35, -92.20
19775390.00, -92.19, -90.93
19783020.00, -89.95, -91.65
19790650.00, -88.84, -95.32
19798278.00, -91.29, -92.62
19805908.00, -92.69, -89.56
19813538.00, -92.51, -90.78
19821166.00, -94.01, -92.35
19828796.00, -93.92, -91.11
19836426.00, -91.73, -91.63
19844056.00, -90.76, -92.34
19851684.00, -90.81, -93.09
19859314.00, -91.34, -92.89
19866944.00, -96.53, -91.11
19874572.00, -91.78, -91.30
19882202.00, -95.24, -91.50
19889832.00, -92.22, -90.35
19897460.00, -91.47, -92.17
19905090.00, -93.01, -91.90
19912720.00, -94.06, -93.93
19920350.00, -93.53, -90.69
19927978.00, -93.60, -92.23
19935608.00, -95.14, -91.63
19943238.00, -92.62, -91.29
19950866.00, -95.66, -90.93
19958496.00, -91.06, -91.53
19966126.00, -93.30, -90.39
19973754.00, -93.45, -88.22
19981384.00, -93.86, -92.55
19989014.00, -90.96, -91.82
19996644.00, -92.58, -92.14
20004272.00, -90.49, -90.92
20011902.00, -91.03, -90.53
20019532.00, -93.70, -92.54
20027160.00, -91.22, -92.37
20034790.00, -90.77, -90.77
20042420.00, -92.46, -91.26
20050048.00, -92.87, -94.06
20057678.00, -91.11, -92.08
20065308.00, -91.80, -92.45
20072938.00, -92.30, -89.79
20080566.00, -92.66, -92.45
20088196.00, -95.35, -89.33
20095826.00, -93.92, -90.01
20103454.00, -91.88, -90.22
20111084.00, -91.92, -89.16
20118714.00, -91.60, -89.79
20126342.00, -92.02, -89.53
20133972.00, -94.53, -88.49
20141602.00, -93.10, -91.65
20149230.00, -96.02, -94.06
20156860.00, -90.80, -93.74
20164490.00, -88.61, -90.77
20172120.00, -87.88, -89.75
20179748.00, -90.40, -90.78
20187378.00, -90.74, -91.52
20195008.00, -92.00, -91.41
20202636.00, -90.87, -95.68
20210266.00, -89.62, -92.08
20217896.00, -88.83, -92.69
20225524.00, -89.04, -93.95
20233154.00, -92.20, -93.88
20240784.00, -92.59, -92.92
20248414.00, -93.42, -91.05
20256042.00, -90.11, -92.48
20263672.00, -89.84, -93.33
20271302.00, -90.35, -93.72
20278930.00, -90.89, -91.57
20286560.00, -91.30, -94.32
20294190.00, -90.80, -93.47
20301818.00, -89.70, -93.33
20309448.00, -90.63, -92.67
20317078.00, -89.20, -93.49
20324708.00, -89.61, -91.86
20332336.00, -89.93, -92.94
20339966.00, -91.06, -90.47
20347596.00, -93.54, -90.24
20355224.00, -91.16, -92.12
20362854.00, -90.71, -91.53
20370484.00, -93.82, -87.46
20378112.00, -93.57, -86.96
20385742.00, -95.91, -89.25
20393372.00, -91.84, -92.72
20401000.00, -95.03, -94.77
20408630.00, -93.68, -91.13
20416260.00, -91.66, -90.19
20423890.00, -90.13, -90.36
20431518.00, -91.05, -91.46
20439148.00, -91.85, -92.29
20446778.00, -94.14, -93.42
20454406.00, -92.95, -92.60
20462036.00, -96.40, -89.69
20469666.00, -91.55, -91.31
20477294.00, -90.52, -93.38
20484924.00, -93.38, -93.60
20492554.00, -90.46, -91.24
20500184.00, -90.74, -92.35
20507812.00, -94.35, -92.27
20515442.00, -92.42, -92.99
20523072.00, -91.09, -92.38
20530700.00, -89.91, -90.27
20538330.00, -89.92, -93.48
20545960.00, -94.90, -96.03
20553588.00, -91.13, -93.32
20561218.00, -91.61, -96.07
20568848.00, -91.10, -92.41
20576478.00, -90.57, -94.35
20584106.00, -92.49, -96.41
20591736.00, -91.46, -92.01
20599366.00, -94.84, -90.76
20606994.00, -92.94, -92.68
20614624.00, -92.04, -97.36
20622254.00, -93.48, -94.28
20629882.00, -91.23, -94.05
20637512.00, -89.75, -95.49
20645142.00, -90.16, -93.81
20652770.00, -89.49, -94.20
20660400.00, -90.15, -91.34
20668030.00, -92.13, -91.91
20675660.00, -94.09, -90.43
20683288.00, -93.52, -88.37
20690918.00, -90.57, -90.69
20698548.00, -91.90, -91.17
20706176.00, -93.98, -91.26
20713806.00, -94.15, -95.92
20721436.00, -92.86, -92.16
20729064.00, -91.00, -91.52
20736694.00, -93.31, -90.21
20744324.00, -94.55, -90.16
20751954.00, -90.92, -92.03
20759582.00, -91.33, -93.26
20767212.00, -91.73, -93.48
20774842.00, -90.61, -91.22
20782470.00, -92.28, -90.52
20790100.00, -92.55, -92.81
20797730.00, -90.83, -93.42
20805358.00, -89.37, -93.23
20812988.00, -94.29, -89.81
20820618.00, -90.17, -89.13
20828248.00, -91.57, -91.42
20835876.00, -94.47, -92.66
20843506.00, -90.80, -93.38
20851136.00, -92.09, -91.61
20858764.00, -89.66, -92.40
20866394.00, -94.73, -93.02
20874024.00, -90.96, -92.55
20881652.00, -89.04, -90.77
20889282.00, -91.75, -93.10
20896912.00, -93.93, -93.35
20904542.00, -92.60, -92.52
20912170.00, -92.88, -92.92
20919800.00, -90.98, -91.16
20927430.00, -89.69, -90.22
20935058.00, -93.69, -93.58
20942688.00, -91.42, -93.31
20950318.00, -91.19, -90.70
20957946.00, -94.96, -90.82
20965576.00, -90.15, -91.56
20973206.00, -93.32, -92.08
20980834.00, -93.59, -90.20
20988464.00, -92.80, -90.56
20996094.00, -91.97, -91.23
21003724.00, -92.16, -91.51
21011352.00, -92.69, -92.30
21018982.00, -90.60, -92.76
21026612.00, -90.41, -88.72
21034240.00, -97.86, -89.23
21041870.00, -93.63, -92.55
21049500.00, -92.56, -91.94
21057128.00, -92.99, -95.29
21064758.00, -90.14, -93.20
21072388.00, -92.92, -93.27
21080018.00, -88.81, -93.52
21087646.00, -92.59, -93.52
21095276.00, -91.85, -90.30
21102906.00, -93.99, -93.10
21110534.00, -89.05, -90.62
21118164.00, -90.53, -90.83
21125794.00, -93.00, -91.07
21133422.00, -95.81, -91.00
21141052.00, -92.74, -91.31
21148682.00, -90.91, -90.62
21156312.00, -92.25, -89.05
21163940.00, -92.43, -91.26
21171570.00, -91.45, -94.82
21179200.00, -94.39, -93.99
21186828.00, -95.72, -93.38
21194458.00, -94.91, -93.13
21202088.00, -91.85, -92.58
21209716.00, -90.48, -91.66
21217346.00, -93.43, -91.48
21224976.00, -93.43, -90.82
21232604.00, -93.96, -89.65
21240234.00, -89.50, -90.30
21247864.00, -91.43, -92.67
21255494.00, -91.07, -91.33
21263122.00, -89.71, -90.83
21270752.00, -91.42, -93.36
21278382.00, -90.97, -93.36
21286010.00, -91.30, -92.57
21293640.00, -93.18, -91.20
21301270.00, -94.18, -91.90
21308898.00, -97.21, -92.14
21316528.00, -96.24, -94.54
21324158.00, -93.54, -95.30
21331788.00, -91.15, -90.87
21339416.00, -89.50, -91.97
21347046.00, -91.73, -92.00
21354676.00, -94.18, -90.14
21362304.00, -90.37, -89.84
21369934.00, -92.32, -91.63
21377564.00, -92.11, -93.48
21385192.00, -94.83, -91.48
21392822.00, -93.82, -91.96
21400452.00, -91.96, -93.04
21408082.00, -93.60, -90.49
21415710.00, -92.49, -91.36
21423340.00, -89.13, -95.03
21430970.00, -93.72, -92.97
21438598.00, -93.31, -91.70
21446228.00, -92.26, -92.20
21453858.00, -93.53, -90.90
21461486.00, -97.36, -91.43
21469116.00, -91.56, -91.26
21476746.00, -92.43, -93.14
21484376.00, -95.37, -92.21
21492004.00, -89.73, -91.81
21499634.00, -91.10, -92.59
21507264.00, -91.84, -93.36
21514892.00, -94.35, -91.64
21522522.00, -92.35, -91.00
21530152.00, -93.45, -91.39
21537780.00, -92.64, -92.73
21545410.00, -93.84, -89.70
21553040.00, -92.50, -92.50
21560668.00, -93.69, -90.67
21568298.00, -91.90, -93.37
21575928.00, -92.51, -92.48
21583558.00, -92.86, -92.40
21591186.00, -90.43, -94.45
21598816.00, -90.39, -94.14
21606446.00, -92.60, -93.43
21614074.00, -92.11, -90.81
21621704.00, -91.30, -90.59
21629334.00, -93.65, -89.71
21636962.00, -92.29, -91.66
21644592.00, -93.59, -91.43
21652222.00, -94.44, -92.39
21659852.00, -90.81, -93.16
21667480.00, -88.30, -92.27
21675110.00, -89.52, -91.15
21682740.00, -91.19, -91.92
21690368.00, -90.10, -91.61
21697998.00, -91.63, -93.51
21705628.00, -91.99, -93.44
21713256.00, -89.44, -94.13
21720886.00, -90.28, -91.02
21728516.00, -89.75, -91.38
21736146.00, -91.05, -91.69
21743774.00, -92.65, -91.06
21751404.00, -92.23, -93.23
21759034.00, -93.98, -91.91
21766662.00, -91.88, -90.82
21774292.00, -91.80, -90.47
21781922.00, -93.72, -88.97
21789550.00, -94.61, -91.75
21797180.00, -91.78, -91.84
21804810.00, -90.38, -92.70
21812438.00, -91.88, -93.58
21820068.00, -91.37, -91.76
21827698.00, -94.49, -95.42
21835328.00, -90.68, -96.37
21842956.00, -90.49, -94.33
21850586.00, -90.90, -93.33
21858216.00, -94.16, -91.88
21865844.00, -93.15, -92.62
21873474.00, -93.28, -93.85
21881104.00, -91.70, -92.35
21888732.00, -94.83, -91.82
21896362.00, -90.01, -90.76
21903992.00, -91.25, -90.94
21911622.00, -92.28, -92.53
21919250.00, -93.46, -95.94
21926880.00, -93.18, -94.01
21934510.00, -91.63, -94.79
21942138.00, -94.78, -94.10
21949768.00, -93.93, -92.72
21957398.00, -93.74, -90.35
21965026.00, -93.84, -95.17
21972656.00, -92.97, -90.95
21980286.00, -90.99, -89.86
21987916.00, -91.41, -91.50
21995544.00, -93.22, -91.05
22003174.00, -91.03, -90.02
22010804.00, -90.63, -91.02
22018432.00, -93.48, -92.97
22026062.00, -90.96, -95.96
22033692.00, -90.87, -92.10
22041320.00, -92.92, -90.86
22048950.00, -90.40, -92.78
22056580.00, -94.69, -91.36
22064208.00, -94.81, -90.04
22071838.00, -93.94, -88.85
22079468.00, -92.69, -93.39
22087098.00, -90.69, -94.42
22094726.00, -94.25, -92.00
22102356.00, -91.82, -93.90
22109986.00, -89.66, -92.66
22117614.00, -93.88, -89.87
22125244.00, -92.13, -88.52
22132874.00, -93.19, -91.29
22140502.00, -91.62, -93.37
22148132.00, -91.99, -89.09
22155762.00, -92.53, -90.91
22163392.00, -92.87, -90.77
22171020.00, -92.49, -90.49
22178650.00, -92.41, -94.09
22186280.00, -94.07, -93.14
22193908.00, -93.63, -93.66
22201538.00, -93.34, -92.87
22209168.00, -93.01, -93.73
22216796.00, -94.11, -91.62
22224426.00, -91.51, -91.40
22232056.00, -91.22, -88.99
22239686.00, -90.78, -90.67
22247314.00, -89.97, -93.99
22254944.00, -90.45, -90.89
22262574.00, -91.91, -90.28
22270202.00, -92.16, -91.43
22277832.00, -92.05, -91.09
22285462.00, -95.76, -90.93
22293090.00, -92.85, -90.49
22300720.00, -92.38, -93.61
22308350.00, -92.59, -92.33
22315980.00, -91.97, -93.62
22323608.00, -92.19, -92.55
22331238.00, -94.54, -95.34
22338868.00, -93.88, -91.59
22346496.00, -91.83, -94.58
22354126.00, -92.85, -90.62
22361756.00, -90.67, -90.07
22369384.00, -91.31, -91.03
22377014.00, -92.24, -97.22
22384644.00, -90.34, -97.36
22392272.00, -91.44, -91.47
22399902.00, -91.57, -92.07
22407532.00, -91.68, -92.10
22415162.00, -90.42, -91.18
22422790.00, -90.25, -90.93
22430420.00, -92.14, -91.86
22438050.00, -93.95, -90.83
22445678.00, -93.95, -90.72
22453308.00, -91.49, -89.71
22460938.00, -93.41, -89.98
22468566.00, -91.32, -90.86
22476196.00, -89.12, -92.66
22483826.00, -89.83, -92.70
22491456.00, -92.05, -94.37
22499084.00, -91.01, -92.60
22506714.00, -90.21, -93.38
22514344.00, -92.55, -92.68
22521972.00, -91.44, -91.16
22529602.00, -92.87, -91.24
22537232.00, -91.75, -92.71
22544860.00, -95.24, -92.43
22552490.00, -93.26, -91.25
22560120.00, -92.87, -91.50
22567750.00, -92.02, -91.55
22575378.00, -91.94, -92.46
22583008.00, -92.31, -93.07
22590638.00, -92.00, -92.47
22598266.00, -89.92, -94.95
22605896.00, -92.71, -95.51
22613526.00, -89.31, -93.64
22621154.00, -92.36, -94.92
22628784.00, -90.62, -96.15
22636414.00, -92.27, -92.69
22644042.00, -92.64, -91.38
22651672.00, -92.60, -91.24
22659302.00, -94.15, -94.71
22666932.00, -93.58, -92.06
22674560.00, -94.42, -91.23
22682190.00, -93.01, -91.16
22689820.00, -91.83, -94.44
22697448.00, -92.14, -93.87
22705078.00, -90.97, -94.77
22712708.00, -91.74, -94.01
22720336.00, -92.78, -92.92
22727966.00, -92.77, -94.39
22735596.00, -91.96, -91.74
22743226.00, -90.36, -90.65
22750854.00, -90.78, -91.29
22758484.00, -93.19, -89.98
22766114.00, -89.87, -90.41
22773742.00, -90.05, -91.95
22781372.00, -91.13, -93.49
22789002.00, -90.48, -90.62
22796630.00, -92.04, -90.70
22804260.00, -92.04, -94.36
22811890.00, -92.05, -92.58
22819520.00, -89.91, -96.08
22827148.00, -90.53, -92.71
22834778.00, -93.10, -90.81
22842408.00, -94.00, -89.21
22850036.00, -91.57, -91.34
22857666.00, -90.10, -91.95
22865296.00, -91.87, -90.95
22872924.00, -92.30, -92.36
22880554.00, -89.93, -91.74
22888184.00, -91.14, -88.82
22895812.00, -92.14, -91.46
22903442.00, -93.86, -90.20
22911072.00, -94.72, -92.70
22918702.00, -93.37, -94.34
22926330.00, -89.89, -89.58
22933960.00, -89.14, -90.84
22941590.00, -92.08, -93.58
22949218.00, -90.75, -95.52
22956848.00, -92.00, -89.22
22964478.00, -92.15, -89.29
22972106.00, -89.98, -92.05
22979736.00, -88.86, -91.78
22987366.00, -90.33, -93.23
22994996.00, -94.95, -93.96
23002624.00, -93.28, -92.97
23010254.00, -88.28, -92.49
23017884.00, -92.08, -89.20
23025512.00, -92.72, -92.17
23033142.00, -93.81, -88.92
23040772.00, -94.41, -91.17
23048400.00, -92.92, -90.29
23056030.00, -92.65, -91.20
23063660.00, -95.15, -89.96
23071290.00, -94.80, -91.96
23078918.00, -95.39, -92.05
23086548.00, -91.76, -93.78
23094178.00, -92.89, -92.42
23101806.00, -93.97, -93.55
23109436.00, -93.14, -94.95
23117066.00, -90.61, -93.24
23124694.00, -91.39, -93.19
23132324.00, -94.78, -91.08
23139954.00, -93.37, -89.25
23147584.00, -91.69, -91.21
23155212.00, -89.96, -91.20
23162842.00, -91.80, -91.52
23170472.00, -94.37, -93.51
23178100.00, -93.66, -91.77
23185730.00, -92.18, -93.22
23193360.00, -91.92, -90.99
23200988.00, -93.12, -92.76
23208618.00, -93.70, -93.04
23216248.00, -90.67, -94.73
23223876.00, -92.85, -91.37
23231506.00, -91.93, -92.11
23239136.00, -90.30, -93.85
23246766.00, -89.74, -91.82
23254394.00, -91.22, -91.29
23262024.00, -91.84, -97.09
23269654.00, -92.31, -94.30
23277282.00, -94.95, -90.67
23284912.00, -95.27, -91.96
23292542.00, -91.82, -92.28
23300170.00, -90.24, -90.42
23307800.00, -91.58, -92.40
23315430.00, -90.65, -94.16
23323060.00, -91.49, -93.60
23330688.00, -93.37, -95.45
23338318.00, -92.71, -91.09
23345948.00, -94.69, -92.26
23353576.00, -94.30, -91.05
23361206.00, -93.78, -91.59
23368836.00, -91.64, -93.01
23376464.00, -92.94, -91.22
23384094.00, -91.57, -90.68
23391724.00, -91.87, -90.61
23399354.00, -94.55, -91.69
23406982.00, -94.42, -91.44
23414612.00, -93.43, -92.58
23422242.00, -91.25, -90.68
23429870.00, -90.03, -91.72
23437500.00, -90.86, -91.89
23445130.00, -92.86, -91.89
23452758.00, -90.39, -94.38
23460388.00, -92.55, -94.19
23468018.00, -92.83, -95.15
23475646.00, -92.38, -93.03
23483276.00, -93.34, -92.76
23490906.00, -93.25, -94.42
23498536.00, -92.06, -93.15
23506164.00, -90.52, -95.51
23513794.00, -91.48, -92.09
23521424.00, -91.49, -90.31
23529052.00, -92.33, -89.37
23536682.00, -90.83, -91.61
23544312.00, -93.72, -99.56
23551940.00, -90.65, -92.48
23559570.00, -92.18, -95.42
23567200.00, -91.66, -95.05
23574830.00, -91.54, -87.97
23582458.00, -89.33, -90.90
23590088.00, -89.22, -90.04
23597718.00, -91.45, -90.01
23605346.00, -94.77, -92.86
23612976.00, -90.39, -91.45
23620606.00, -92.33, -92.56
23628234.00, -93.79, -89.56
23635864.00, -90.69, -94.75
23643494.00, -91.35, -94.22
23651124.00, -94.02, -92.09
23658752.00, -91.25, -91.42
23666382.00, -91.76, -91.80
23674012.00, -92.32, -91.63
23681640.00, -90.14, -92.38
23689270.00, -89.51, -92.10
23696900.00, -90.97, -88.86
23704528.00, -91.30, -89.72
23712158.00, -90.69, -92.00
23719788.00, -92.07, -92.21
23727416.00, -93.20, -90.00
23735046.00, -92.87, -89.34
23742676.00, -89.96, -91.02
23750306.00, -90.74, -90.00
23757934.00, -92.00, -90.27
23765564.00, -94.82, -88.45
23773194.00, -93.27, -90.91
23780822.00, -93.26, -92.30
23788452.00, -91.70, -90.86
23796082.00, -89.89, -91.57
23803710.00, -90.28, -91.18
23811340.00, -92.07, -90.70
23818970.00, -95.27, -92.72
23826600.00, -93.18, -94.01
23834228.00, -94.55, -94.11
23841858.00, -92.76, -89.39
23849488.00, -95.07, -92.20
23857116.00, -92.22, -92.86
23864746.00, -89.91, -91.78
23872376.00, -91.69, -94.11
23880004.00, -91.90, -91.42
23887634.00, -94.24, -90.98
23895264.00, -93.97, -94.43
23902894.00, -91.27, -90.89
23910522.00, -91.39, -91.87
23918152.00, -90.27, -90.97
23925782.00, -90.76, -89.81
23933410.00, -90.55, -93.14
23941040.00, -90.22, -95.02
23948670.00, -91.73, -90.62
23956298.00, -91.86, -92.34
23963928.00, -90.67, -94.62
23971558.00, -90.56, -92.02
23979188.00, -94.19, -91.43
23986816.00, -91.99, -92.60
23994446.00, -92.29, -91.93
24002076.00, -92.36, -90.93
24009704.00, -90.91, -92.29
24017334.00, -91.78, -94.09
24024964.00, -93.03, -92.24
24032592.00, -94.06, -94.07
24040222.00, -93.68, -90.90
24047852.00, -91.85, -91.97
24055480.00, -92.38, -91.84
24063110.00, -96.91, -90.35
24070740.00, -93.95, -90.07
24078370.00, -96.96, -91.72
24085998.00, -90.94, -94.24
24093628.00, -90.57, -90.28
24101258.00, -91.95, -93.23
24108886.00, -92.24, -89.68
24116516.00, -91.88, -89.49
24124146.00, -93.05, -92.58
24131774.00, -92.11, -93.83
24139404.00, -90.25, -92.64
24147034.00, -92.66, -88.64
24154664.00, -94.86, -91.81
24162292.00, -94.07, -91.30
24169922.00, -94.26, -91.87
24177552.00, -92.66, -92.97
24185180.00, -95.58, -94.44
24192810.00, -91.77, -92.39
24200440.00, -93.64, -93.02
24208068.00, -97.74, -92.50
24215698.00, -93.26, -93.57
24223328.00, -91.21, -93.27
24230958.00, -91.44, -90.11
24238586.00, -92.96, -89.93
24246216.00, -91.18, -92.85
24253846.00, -92.78, -89.40
24261474.00, -93.89, -89.91
24269104.00, -95.51, -90.62
24276734.00, -92.91, -92.12
24284362.00, -92.93, -91.62
24291992.00, -92.04, -91.91
24299622.00, -91.79, -92.51
24307250.00, -95.21, -93.10
24314880.00, -92.95, -90.11
24322510.00, -93.18, -92.42
24330140.00, -91.27, -96.66
24337768.00, -88.34, -93.22
24345398.00, -88.53, -89.59
24353028.00, -92.92, -91.16
24360656.00, -92.34, -92.20
24368286.00, -89.80, -88.79
24375916.00, -95.32, -88.83
24383544.00, -91.17, -91.37
24391174.00, -92.86, -89.98
24398804.00, -91.14, -95.72
24406434.00, -92.44, -93.37
24414062.00, -91.40, -91.22
24421692.00, -92.49, -93.96
24429322.00, -92.27, -93.75
24436950.00, -91.91, -91.98
24444580.00, -91.46, -94.07
24452210.00, -90.35, -93.97
24459838.00, -92.92, -93.70
24467468.00, -93.47, -92.39
24475098.00, -96.37, -92.45
24482728.00, -93.53, -91.06
24490356.00, -90.64, -92.08
24497986.00, -90.80, -94.58
24505616.00, -92.38, -93.20
24513244.00, -92.78, -91.44
24520874.00, -94.25, -90.46
24528504.00, -92.57, -89.85
24536132.00, -91.20, -93.88
24543762.00, -93.19, -91.21
24551392.00, -91.79, -89.19
24559020.00, -89.94, -90.65
24566650.00, -94.41, -88.38
24574280.00, -93.62, -90.49
24581910.00, -91.98, -94.34
24589538.00, -92.37, -91.46
24597168.00, -91.29, -91.52
24604798.00, -90.93, -92.08
24612426.00, -95.42, -89.84
24620056.00, -92.76, -90.94
24627686.00, -91.09, -90.54
24635314.00, -90.73, -91.05
24642944.00, -91.03, -90.66
24650574.00, -89.78, -90.98
24658204.00, -90.98, -93.80
24665832.00, -93.65, -90.54
24673462.00, -95.34, -92.45
24681092.00, -92.25, -97.04
24688720.00, -92.97, -94.42
24696350.00, -96.29, -89.71
24703980.00, -94.45, -90.87
24711608.00, -92.52, -89.96
24719238.00, -92.52, -89.15
24726868.00, -91.91, -90.77
24734498.00, -91.46, -91.27
24742126.00, -94.00, -89.71
24749756.00, -93.63, -88.61
24757386.00, -91.75, -93.38
24765014.00, -90.68, -90.61
24772644.00, -90.08, -91.90
24780274.00, -91.62, -92.50
24787902.00, -89.49, -95.93
24795532.00, -88.93, -95.09
24803162.00, -90.36, -93.42
24810792.00, -91.05, -91.56
24818420.00, -94.00, -92.18
24826050.00, -92.18, -92.88
24833680.00, -91.71, -94.52
24841308.00, -94.76, -91.53
24848938.00, -93.34, -90.49
24856568.00, -91.44, -94.76
24864196.00, -93.02, -91.94
24871826.00, -93.27, -92.12
24879456.00, -93.42, -94.24
24887084.00, -90.47, -92.42
24894714.00, -89.85, -90.12
24902344.00, -94.52, -90.62
24909974.00, -94.15, -94.62
24917602.00, -95.37, -94.13
24925232.00, -96.26, -91.18
24932862.00, -97.34, -92.73
24940490.00, -96.18, -93.44
24948120.00, -94.64, -98.36
24955750.00, -90.80, -92.91
24963378.00, -92.55, -91.16
24971008.00, -91.42, -89.95
24978638.00, -95.29, -90.67
24986268.00, -91.42, -94.50
24993896.00, -91.30, -95.35
25001526.00, -91.45, -94.57
25009156.00, -92.96, -91.59
25016784.00, -92.26, -91.67
25024414.00, -89.15, -93.24
25032044.00, -90.16, -92.92
25039672.00, -91.95, -91.03
25047302.00, -91.39, -93.06
25054932.00, -88.95, -92.50
25062562.00, -90.84, -88.77
25070190.00, -94.64, -90.36
25077820.00, -88.93, -90.15
25085450.00, -90.07, -93.32
25093078.00, -93.11, -92.75
25100708.00, -92.61, -92.15
25108338.00, -90.44, -92.90
25115966.00, -91.14, -96.62
25123596.00, -93.35, -95.82
25131226.00, -90.95, -93.43
25138854.00, -91.99, -91.95
25146484.00, -90.53, -91.75
25154114.00, -89.68, -90.32
25161744.00, -90.59, -92.99
25169372.00, -89.76, -94.06
25177002.00, -90.54, -92.17
25184632.00, -92.15, -92.65
25192260.00, -94.95, -92.53
25199890.00, -95.84, -91.75
25207520.00, -95.09, -92.67
25215148.00, -92.00, -92.96
25222778.00, -91.91, -92.21
25230408.00, -90.70, -90.01
25238038.00, -91.65, -91.68
25245666.00, -91.49, -92.24
25253296.00, -88.97, -92.69
25260926.00, -92.26, -91.64
25268554.00, -93.15, -94.59
25276184.00, -91.96, -92.53
25283814.00, -88.98, -88.96
25291442.00, -90.06, -90.65
25299072.00, -90.76, -93.16
25306702.00, -91.79, -93.78
25314332.00, -91.34, -94.54
25321960.00, -93.66, -92.60
25329590.00, -94.03, -88.40
25337220.00, -93.75, -88.28
25344848.00, -93.54, -89.71
25352478.00, -92.74, -93.29
25360108.00, -93.32, -89.94
25367736.00, -94.96, -90.77
25375366.00, -92.12, -95.89
25382996.00, -93.48, -91.54
25390624.00, -90.67, -89.59
25398254.00, -91.93, -90.51
25405884.00, -95.08, -90.06
25413514.00, -93.12, -88.71
25421142.00, -93.79, -88.24
25428772.00, -92.33, -92.29
25436402.00, -90.88, -90.41
25444030.00, -90.45, -91.93
25451660.00, -92.14, -91.73
25459290.00, -92.11, -91.47
25466918.00, -89.84, -93.21
25474548.00, -90.11, -93.20
25482178.00, -91.16, -90.83
25489808.00, -95.21, -93.23
25497436.00, -91.53, -90.98
25505066.00, -90.97, -92.92
25512696.00, -91.53, -90.03
25520324.00, -91.19, -91.58
25527954.00, -90.68, -95.63
25535584.00, -91.29, -91.46
25543212.00, -91.69, -89.96
25550842.00, -91.49, -91.61
25558472.00, -93.96, -92.66
25566102.00, -92.74, -93.58
25573730.00, -93.54, -88.60
25581360.00, -95.27, -90.71
25588990.00, -95.03, -91.21
25596618.00, -92.51, -92.73
25604248.00, -92.59, -91.63
25611878.00, -91.55, -89.54
25619506.00, -89.37, -92.27
25627136.00, -92.14, -92.67
25634766.00, -93.82, -93.32
25642396.00, -94.54, -92.44
25650024.00, -91.92, -93.36
25657654.00, -91.56, -90.06
25665284.00, -92.11, -91.64
25672912.00, -91.85, -89.22
25680542.00, -95.01, -90.48
25688172.00, -92.45, -91.51
25695800.00, -91.96, -93.27
25703430.00, -93.53, -90.73
25711060.00, -91.48, -91.64
25718688.00, -92.27, -90.32
25726318.00, -94.88, -94.19
25733948.00, -96.00, -95.43
25741578.00, -93.21, -92.98
25749206.00, -92.75, -91.87
25756836.00, -94.26, -90.61
25764466.00, -95.51, -90.71
25772094.00, -91.95, -93.45
25779724.00, -91.84, -90.64
25787354.00, -92.59, -93.03
25794982.00, -89.64, -95.37
25802612.00, -89.10, -91.76
25810242.00, -88.79, -90.65
25817872.00, -90.98, -90.58
25825500.00, -92.78, -92.85
25833130.00, -92.26, -94.00
25840760.00, -90.28, -92.16
25848388.00, -91.22, -92.57
25856018.00, -92.32, -93.66
25863648.00, -90.98, -89.40
25871276.00, -92.54, -89.80
25878906.00, -91.68, -92.27
25886536.00, -93.08, -93.10
25894166.00, -92.68, -94.91
25901794.00, -91.65, -96.50
25909424.00, -90.29, -94.08
25917054.00, -94.92, -92.64
25924682.00, -95.87, -93.19
25932312.00, -92.16, -92.12
25939942.00, -91.04, -91.71
25947570.00, -90.17, -91.89
25955200.00, -89.60, -93.55
25962830.00, -88.89, -97.37
25970458.00, -91.87, -92.73
25978088.00, -92.75, -93.29
25985718.00, -90.71, -90.48
25993348.00, -90.18, -91.30
26000976.00, -90.04, -91.96
26008606.00, -90.67, -93.94
26016236.00, -94.14, -95.19
26023864.00, -92.66, -89.96
26031494.00, -92.62, -92.09
26039124.00, -92.26, -89.33
26046752.00, -90.95, -92.57
26054382.00, -93.62, -90.87
26062012.00, -97.82, -88.06
26069642.00, -94.15, -90.45
26077270.00, -93.53, -91.67
26084900.00, -91.79, -95.50
26092530.00, -91.54, -93.77
26100158.00, -93.96, -90.14
26107788.00, -93.07, -91.75
26115418.00, -89.29, -94.13
26123046.00, -94.27, -96.14
26130676.00, -92.28, -96.60
26138306.00, -94.06, -90.97
26145936.00, -93.30, -92.79
26153564.00, -93.26, -92.56
26161194.00, -90.26, -93.94
26168824.00, -90.34, -93.73
26176452.00, -91.57, -94.90
26184082.00, -92.31, -93.62
26191712.00, -90.64, -90.91
26199340.00, -93.47, -90.59
26206970.00, -95.01, -93.85
26214600.00, -92.26, -94.63
26222230.00, -93.61, -89.76
26229858.00, -90.25, -90.58
26237488.00, -90.78, -90.42
26245118.00, -92.05, -94.05
26252746.00, -89.89, -92.72
26260376.00, -92.26, -95.85
26268006.00, -94.28, -91.78
26275634.00, -93.51, -90.75
26283264.00, -92.10, -91.54
26290894.00, -91.55, -90.87
26298522.00, -93.65, -90.90
26306152.00, -93.99, -96.00
26313782.00, -93.52, -94.92
26321412.00, -90.44, -96.08
26329040.00, -93.23, -94.36
26336670.00, -90.57, -90.97
26344300.00, -87.62, -88.84
26351928.00, -91.15, -93.78
26359558.00, -90.82, -91.36
26367188.00, -93.67, -91.22
26374816.00, -91.60, -92.50
26382446.00, -90.14, -92.90
26390076.00, -90.86, -90.77
26397706.00, -90.46, -90.95
26405334.00, -93.05, -90.76
26412964.00, -91.69, -93.75
26420594.00, -94.44, -95.82
26428222.00, -94.24, -94.06
26435852.00, -90.56, -95.79
26443482.00, -90.29, -92.68
26451110.00, -93.22, -92.52
26458740.00, -92.92, -93.00
26466370.00, -92.42, -92.72
26474000.00, -93.31, -89.03
26481628.00, -94.88, -89.54
26489258.00, -94.95, -90.62
26496888.00, -92.20, -92.83
26504516.00, -92.65, -90.42
26512146.00, -90.05, -90.65
26519776.00, -91.25, -89.90
26527404.00, -91.21, -88.85
26535034.00, -89.09, -92.26
26542664.00, -90.30, -92.69
26550292.00, -91.11, -91.78
26557922.00, -95.43, -94.08
26565552.00, -93.55, -90.63
26573182.00, -89.87, -91.37
26580810.00, -87.32, -92.65
26588440.00, -88.70, -91.77
26596070.00, -89.64, -92.10
26603698.00, -91.81, -92.83
26611328.00, -94.45, -93.48
26618958.00, -90.94, -92.09
26626586.00, -91.24, -94.77
26634216.00, -94.30, -91.28
26641846.00, -92.11, -90.71
26649476.00, -94.23, -91.27
26657104.00, -92.35, -90.42
26664734.00, -88.96, -92.01
26672364.00, -91.56, -93.14
26679992.00, -90.31, -91.36
26687622.00, -89.51, -92.29
26695252.00, -91.33, -91.31
26702880.00, -93.00, -91.09
26710510.00, -92.11, -90.37
26718140.00, -92.27, -90.59
26725770.00, -91.75, -91.83
26733398.00, -91.25, -92.96
26741028.00, -94.17, -94.18
26748658.00, -92.52, -90.74
26756286.00, -90.86, -89.35
26763916.00, -95.40, -90.38
26771546.00, -92.79, -94.26
26779174.00, -90.47, -89.60
26786804.00, -89.61, -89.13
26794434.00, -90.63, -91.19
26802062.00, -89.92, -91.24
26809692.00, -92.71, -93.50
26817322.00, -91.28, -91.77
26824952.00, -94.31, -89.76
26832580.00, -93.52, -91.14
26840210.00, -91.57, -92.57
26847840.00, -87.71, -95.95
26855468.00, -89.95, -93.93
26863098.00, -92.83, -91.19
26870728.00, -94.32, -92.19
26878356.00, -91.40, -91.27
26885986.00, -90.42, -89.31
26893616.00, -93.91, -87.48
26901246.00, -92.64, -90.81
26908874.00, -94.58, -92.65
26916504.00, -94.96, -90.36
26924134.00, -93.83, -92.93
26931762.00, -93.45, -91.26
26939392.00, -92.14, -94.66
26947022.00, -91.58, -93.91
26954650.00, -93.63, -96.84
26962280.00, -92.61, -92.42
26969910.00, -90.35, -91.78
26977540.00, -91.98, -93.69
26985168.00, -92.14, -88.99
26992798.00, -92.00, -89.60
27000428.00, -91.48, -92.16
27008056.00, -90.82, -91.72
27015686.00, -91.96, -91.70
27023316.00, -90.99, -94.29
27030944.00, -90.00, -91.68
27038574.00, -91.12, -92.32
27046204.00, -96.50, -90.75
27053834.00, -91.99, -94.75
27061462.00, -90.19, -91.35
27069092.00, -92.31, -88.99
27076722.00, -89.07, -93.56
27084350.00, -88.96, -92.72
27091980.00, -90.08, -90.47
27099610.00, -90.58, -91.57
27107238.00, -89.95, -93.31
27114868.00, -92.94, -93.50
27122498.00, -93.53, -91.06
27130126.00, -93.33, -92.52
27137756.00, -95.45, -93.01
27145386.00, -92.46, -95.17
27153016.00, -93.06, -96.03
27160644.00, -92.75, -91.73
27168274.00, -92.89, -91.45
27175904.00, -91.51, -90.76
27183532.00, -93.06, -90.29
27191162.00, -97.49, -92.16
27198792.00, -91.79, -92.16
27206420.00, -92.29, -91.42
27214050.00, -95.10, -93.53
27221680.00, -98.90, -93.31
27229310.00, -92.49, -89.78
27236938.00, -91.82, -90.47
27244568.00, -93.95, -92.64
27252198.00, -91.97, -90.30
27259826.00, -91.23, -90.43
27267456.00, -91.13, -92.18
27275086.00, -91.60, -92.94
27282714.00, -93.05, -93.65
27290344.00, -92.02, -93.13
27297974.00, -93.37, -92.19
27305604.00, -92.85, -91.36
27313232.00, -93.93, -93.33
27320862.00, -93.52, -91.49
27328492.00, -91.69, -91.11
27336120.00, -94.83, -91.14
27343750.00, -95.29, -92.93
27351380.00, -93.61, -91.24
27359008.00, -94.14, -91.54
27366638.00, -93.84, -91.20
27374268.00, -91.16, -92.54
27381896.00, -90.16, -89.39
27389526.00, -92.93, -94.06
27397156.00, -91.32, -91.46
27404786.00, -93.40, -90.66
27412414.00, -94.01, -92.77
27420044.00, -94.05, -89.61
27427674.00, -92.10, -94.25
27435302.00, -92.38, -93.06
27442932.00, -91.90, -91.17
27450562.00, -90.46, -91.72
27458190.00, -90.78, -92.65
27465820.00, -89.21, -92.36
27473450.00, -91.25, -91.66
27481080.00, -93.26, -90.58
27488708.00, -90.96, -91.53
27496338.00, -90.59, -92.75
27503968.00, -89.11, -92.35
27511596.00, -91.03, -91.20
27519226.00, -93.16, -92.37
27526856.00, -90.91, -91.50
27534484.00, -90.59, -91.29
27542114.00, -91.94, -93.29
27549744.00, -91.09, -94.23
27557374.00, -95.63, -94.26
27565002.00, -89.66, -93.01
27572632.00, -92.75, -89.73
27580262.00, -92.03, -89.39
27587890.00, -89.56, -92.04
27595520.00, -90.85, -91.25
27603150.00, -92.81, -94.82
27610778.00, -95.89, -91.94
27618408.00, -93.36, -90.04
27626038.00, -91.04, -91.99
27633666.00, -91.23, -95.39
27641296.00, -91.00, -94.07
27648926.00, -93.65, -92.29
27656556.00, -94.59, -91.84
27664184.00, -92.94, -93.53
27671814.00, -95.41, -96.82
27679444.00, -92.89, -93.24
27687072.00, -91.33, -92.30
27694702.00, -91.32, -92.71
27702332.00, -92.50, -91.96
27709960.00, -91.51, -90.76
27717590.00, -91.15, -90.70
27725220.00, -91.33, -89.70
27732850.00, -94.04, -91.99
27740478.00, -91.76, -92.89
27748108.00, -92.32, -90.63
27755738.00, -92.14, -89.67
27763366.00, -91.06, -91.33
27770996.00, -91.06, -90.82
27778626.00, -92.49, -90.79
27786254.00, -92.37, -92.88
27793884.00, -90.79, -93.56
27801514.00, -91.66, -93.37
27809144.00, -95.32, -91.68
27816772.00, -93.03, -91.24
27824402.00, -93.71, -91.74
27832032.00, -89.61, -91.01
27839660.00, -90.96, -92.82
27847290.00, -89.06, -95.50
27854920.00, -90.80, -92.10
27862548.00, -91.49, -94.54
27870178.00, -92.71, -94.88
27877808.00, -93.61, -91.80
27885438.00, -92.67, -91.01
27893066.00, -92.84, -89.36
27900696.00, -90.78, -93.77
27908326.00, -87.59, -88.49
27915954.00, -90.39, -89.32
27923584.00, -90.84, -90.16
27931214.00, -91.22, -89.79
27938842.00, -88.41, -92.25
27946472.00, -91.66, -92.86
27954102.00, -93.29, -94.79
27961730.00, -96.45, -93.13
27969360.00, -94.06, -92.98
27976990.00, -91.96, -93.26
27984620.00, -94.10, -94.76
27992248.00, -96.38, -89.71
27999878.00, -90.19, -93.87
28007508.00, -90.38, -93.66
28015136.00, -96.82, -91.05
28022766.00, -92.24, -90.16
28030396.00, -95.66, -91.50
28038024.00, -90.21, -90.96
28045654.00, -88.65, -91.33
28053284.00, -93.65, -94.45
28060914.00, -94.94, -92.36
28068542.00, -92.43, -93.79
28076172.00, -93.93, -93.70
28083802.00, -92.98, -97.04
28091430.00, -94.51, -92.61
28099060.00, -95.35, -91.89
28106690.00, -94.22, -91.57
28114318.00, -91.53, -92.49
28121948.00, -91.31, -92.79
28129578.00, -90.47, -91.95
28137208.00, -90.57, -91.39
28144836.00, -91.24, -91.75
28152466.00, -91.13, -95.69
28160096.00, -91.56, -95.75
28167724.00, -89.28, -94.01
28175354.00, -90.75, -92.89
28182984.00, -92.07, -93.09
28190612.00, -94.14, -88.67
28198242.00, -91.92, -91.31
28205872.00, -89.97, -90.73
28213500.00, -92.30, -89.39
28221130.00, -94.85, -92.96
28228760.00, -92.59, -91.61
28236390.00, -92.42, -90.68
28244018.00, -95.55, -92.82
28251648.00, -96.82, -91.41
28259278.00, -96.60, -89.26
28266906.00, -92.31, -93.41
28274536.00, -89.63, -94.58
28282166.00, -90.21, -95.58
28289794.00, -92.26, -90.14
28297424.00, -92.76, -92.40
28305054.00, -94.85, -96.04
28312684.00, -94.15, -92.35
28320312.00, -95.89, -94.16
28327942.00, -94.00, -91.41
28335572.00, -91.79, -93.75
28343200.00, -94.12, -92.14
28350830.00, -92.88, -91.02
28358460.00, -93.76, -92.36
28366088.00, -93.60, -93.55
28373718.00, -92.52, -94.18
28381348.00, -91.71, -91.67
28388978.00, -89.76, -92.93
28396606.00, -90.49, -92.33
28404236.00, -92.36, -94.63
28411866.00, -94.65, -94.78
28419494.00, -94.51, -93.14
28427124.00, -92.14, -91.91
28434754.00, -92.59, -89.96
28442382.00, -91.94, -94.34
28450012.00, -93.98, -90.71
28457642.00, -91.90, -91.45
28465270.00, -93.57, -91.69
28472900.00, -90.72, -90.81
28480530.00, -92.20, -91.29
28488160.00, -91.25, -91.15
28495788.00, -93.69, -92.74
28503418.00, -92.65, -94.50
28511048.00, -93.18, -91.75
28518676.00, -93.11, -91.88
28526306.00, -91.86, -90.89
28533936.00, -93.02, -93.62
28541564.00, -92.89, -95.69
28549194.00, -95.44, -89.41
28556824.00, -97.51, -92.49
28564454.00, -94.48, -90.60
28572082.00, -92.55, -88.84
28579712.00, -93.15, -89.82
28587342.00, -91.99, -91.78
28594970.00, -92.01, -93.90
28602600.00, -93.41, -92.62
28610230.00, -91.71, -94.68
28617858.00, -92.63, -94.00
28625488.00, -93.78, -93.44
28633118.00, -95.32, -91.92
28640748.00, -95.80, -91.17
28648376.00, -94.94, -88.25
28656006.00, -93.71, -88.99
28663636.00, -90.67, -92.64
28671264.00, -92.09, -95.01
28678894.00, -92.48, -92.64
28686524.00, -92.21, -91.58
28694152.00, -91.51, -89.49
28701782.00, -94.89, -91.45
28709412.00, -92.27, -95.59
28717042.00, -92.26, -91.49
28724670.00, -92.50, -90.70
28732300.00, -90.85, -93.08
28739930.00, -93.74, -92.17
28747558.00, -94.21, -90.47
28755188.00, -95.46, -90.52
28762818.00, -95.52, -89.49
28770446.00, -93.00, -90.24
28778076.00, -90.54, -89.39
28785706.00, -93.21, -94.81
28793334.00, -91.72, -91.77
28800964.00, -92.75, -92.13
28808594.00, -91.63, -90.77
28816224.00, -93.42, -91.48
28823852.00, -94.37, -91.87
28831482.00, -92.09, -91.90
28839112.00, -92.26, -90.51
28846740.00, -91.72, -91.07
28854370.00, -90.64, -90.27
28862000.00, -94.56, -92.10
28869628.00, -91.97, -90.37
28877258.00, -91.51, -90.31
28884888.00, -91.94, -89.67
28892518.00, -92.47, -89.72
28900146.00, -91.82, -92.37
28907776.00, -91.87, -94.89
28915406.00, -93.72, -92.75
28923034.00, -91.46, -94.19
28930664.00, -96.31, -92.19
28938294.00, -91.45, -93.23
28945922.00, -91.29, -90.99
28953552.00, -94.95, -91.70
28961182.00, -90.70, -98.04
28968812.00, -91.35, -95.91
28976440.00, -89.14, -91.61
28984070.00, -90.94, -93.00
28991700.00, -90.14, -90.83
28999328.00, -93.22, -93.01
29006958.00, -92.04, -94.01
29014588.00, -94.26, -93.51
29022216.00, -92.59, -93.48
29029846.00, -91.99, -89.23
29037476.00, -93.20, -88.92
29045104.00, -91.94, -88.67
29052734.00, -93.16, -91.06
29060364.00, -90.46, -92.46
29067994.00, -90.50, -91.67
29075622.00, -93.42, -89.83
29083252.00, -95.59, -89.06
29090882.00, -94.58, -94.36
29098510.00, -93.56, -91.26
29106140.00, -91.75, -91.97
29113770.00, -91.02, -94.51
29121398.00, -91.41, -92.68
29129028.00, -93.18, -91.75
29136658.00, -91.90, -90.66
29144288.00, -92.93, -89.94
29151916.00, -92.73, -96.14
29159546.00, -93.24, -92.97
29167176.00, -95.37, -93.18
29174804.00, -92.38, -91.16
29182434.00, -91.94, -90.89
29190064.00, -91.23, -93.69
29197692.00, -90.96, -95.45
29205322.00, -94.94, -92.75
29212952.00, -92.89, -89.79
29220582.00, -90.78, -92.86
29228210.00, -90.70, -93.20
29235840.00, -91.55, -90.93
29243470.00, -91.77, -93.57
29251098.00, -91.03, -92.85
29258728.00, -89.05, -93.90
29266358.00, -90.97, -94.66
29273986.00, -91.34, -95.27
29281616.00, -93.00, -93.75
29289246.00, -94.38, -94.12
29296876.00, -91.78, -91.03
29304504.00, -90.76, -92.61
29312134.00, -89.79, -94.69
29319764.00, -89.75, -96.25
29327392.00, -93.17, -91.17
29335022.00, -93.88, -92.70
29342652.00, -92.74, -94.11
29350280.00, -89.21, -91.39
29357910.00, -90.37, -91.62
29365540.00, -91.07, -92.16
29373168.00, -92.08, -92.68
29380798.00, -91.45, -91.62
29388428.00, -93.40, -90.87
29396058.00, -91.04, -90.66
29403686.00, -93.39, -90.99
29411316.00, -92.19, -92.82
29418946.00, -90.72, -93.31
29426574.00, -97.16, -91.80
29434204.00, -94.26, -93.52
29441834.00, -94.68, -93.96
29449462.00, -92.60, -93.34
29457092.00, -89.92, -91.50
29464722.00, -89.57, -90.11
29472352.00, -92.43, -94.77
29479980.00, -90.72, -93.72
29487610.00, -93.34, -91.06
29495240.00, -92.51, -93.92
29502868.00, -92.67, -90.54
29510498.00, -93.82, -90.70
29518128.00, -91.85, -93.93
29525756.00, -93.88, -94.66
29533386.00, -92.85, -94.19
29541016.00, -92.72, -92.58
29548646.00, -92.91, -94.25
29556274.00, -92.22, -92.53
29563904.00, -91.50, -96.79
29571534.00, -92.50, -96.08
29579162.00, -90.03, -92.52
29586792.00, -90.04, -90.37
29594422.00, -95.98, -91.03
29602050.00, -94.30, -92.06
29609680.00, -94.45, -92.35
29617310.00, -93.47, -93.15
29624938.00, -90.65, -90.38
29632568.00, -94.94, -93.34
29640198.00, -91.64, -91.61
29647828.00, -91.11, -92.77
29655456.00, -92.69, -93.29
29663086.00, -96.81, -91.72
29670716.00, -92.69, -92.18
29678344.00, -97.21, -93.45
29685974.00, -92.10, -93.11
29693604.00, -92.92, -92.66
29701232.00, -92.35, -92.26
29708862.00, -94.67, -90.15
29716492.00, -93.17, -90.87
29724122.00, -95.65, -93.00
29731750.00, -91.23, -94.01
29739380.00, -90.42, -91.01
29747010.00, -91.30, -92.03
29754638.00, -91.31, -91.67
29762268.00, -92.03, -93.09
29769898.00, -94.61, -94.84
29777526.00, -92.46, -95.66
29785156.00, -92.16, -92.33
29792786.00, -89.84, -92.06
29800416.00, -91.26, -93.90
29808044.00, -91.08, -92.25
29815674.00, -93.24, -94.78
29823304.00, -91.38, -90.27
29830932.00, -93.30, -91.69
29838562.00, -93.28, -99.49
29846192.00, -90.73, -95.18
29853820.00, -92.15, -94.59
29861450.00, -91.25, -95.51
29869080.00, -90.33, -90.15
29876708.00, -94.28, -92.97
29884338.00, -94.33, -93.17
29891968.00, -95.33, -94.35
29899598.00, -93.17, -91.72
29907226.00, -91.42, -89.20
29914856.00, -91.91, -90.03
29922486.00, -94.32, -92.61
29930114.00, -93.62, -94.08
29937744.00, -90.48, -94.96
29945374.00, -91.35, -92.42
29953002.00, -91.21, -93.85
29960632.00, -92.11, -95.84
29968262.00, -94.25, -94.86
29975892.00, -94.01, -91.57
29983520.00, -91.53, -88.65
29991150.00, -89.85, -90.58
29998780.00, -90.68, -91.07
30006408.00, -93.54, -92.97
30014038.00, -91.76, -93.64
30021668.00, -91.47, -93.32
30029296.00, -92.80, -89.33
30036926.00, -90.67, -89.55
30044556.00, -91.26, -89.75
30052186.00, -92.78, -92.87
30059814.00, -90.00, -93.64
30067444.00, -89.43, -92.61
30075074.00, -96.86, -93.78
30082702.00, -95.62, -93.13
30090332.00, -91.09, -97.08
30097962.00, -92.88, -89.91
30105590.00, -91.52, -90.78
30113220.00, -92.58, -91.40
30120850.00, -93.48, -91.07
30128480.00, -92.19, -92.52
30136108.00, -91.84, -91.89
30143738.00, -90.76, -90.42
30151368.00, -92.80, -89.87
30158996.00, -91.17, -91.50
30166626.00, -88.90, -94.99
30174256.00, -90.37, -93.80
30181884.00, -93.29, -92.19
30189514.00, -91.51, -89.33
30197144.00, -91.20, -91.01
30204772.00, -92.86, -91.70
30212402.00, -93.01, -88.88
30220032.00, -93.30, -89.41
30227662.00, -91.11, -90.91
30235290.00, -95.25, -93.17
30242920.00, -91.04, -93.94
30250550.00, -92.09, -93.82
30258178.00, -92.53, -93.39
30265808.00, -95.80, -91.95
30273438.00, -91.39, -89.24
30281066.00, -89.89, -89.45
30288696.00, -91.89, -92.29
30296326.00, -94.43, -90.97
30303956.00, -90.19, -89.49
30311584.00, -89.13, -90.79
30319214.00, -92.56, -89.48
30326844.00, -92.37, -94.52
30334472.00, -94.36, -95.81
30342102.00, -91.48, -95.82
30349732.00, -92.73, -92.83
30357360.00, -91.68, -91.83
30364990.00, -92.11, -92.44
30372620.00, -93.07, -92.77
30380250.00, -90.37, -89.24
30387878.00, -92.52, -88.86
30395508.00, -91.06, -91.63
30403138.00, -90.53, -95.41
30410766.00, -91.26, -91.48
30418396.00, -92.01, -93.45
30426026.00, -90.57, -91.00
30433654.00, -91.77, -89.86
30441284.00, -92.47, -91.38
30448914.00, -92.13, -93.58
30456542.00, -90.73, -93.84
30464172.00, -91.28, -92.83
30471802.00, -90.30, -92.68
30479432.00, -89.66, -94.49
30487060.00, -89.78, -90.38
30494690.00, -91.95, -93.23
30502320.00, -93.48, -94.18
30509948.00, -94.01, -92.28
30517578.00, -91.27, -94.02
30525208.00, -91.05, -94.08
30532836.00, -92.45, -91.60
30540466.00, -93.79, -93.08
30548096.00, -92.10, -95.34
30555726.00, -90.23, -91.57
30563354.00, -90.98, -90.87
30570984.00, -91.54, -93.92
30578614.00, -91.27, -90.65
30586242.00, -96.25, -91.02
30593872.00, -89.97, -94.65
30601502.00, -89.82, -91.09
30609130.00, -89.26, -92.02
30616760.00, -89.37, -92.87
30624390.00, -92.85, -91.88
30632020.00, -91.96, -92.23
30639648.00, -90.59, -93.50
30647278.00, -91.27, -91.47
30654908.00, -91.51, -92.15
30662536.00, -91.71, -90.83
30670166.00, -89.95, -90.71
30677796.00, -90.39, -90.15
30685424.00, -88.53, -89.88
30693054.00, -88.13, -90.83
30700684.00, -90.46, -91.93
30708312.00, -92.43, -93.99
30715942.00, -92.80, -91.37
30723572.00, -91.44, -88.24
30731202.00, -91.08, -90.34
30738830.00, -91.53, -94.45
30746460.00, -92.49, -93.96
30754090.00, -92.44, -91.32
30761718.00, -90.79, -91.05
30769348.00, -89.59, -90.48
30776978.00, -92.07, -93.70
30784606.00, -95.52, -92.97
30792236.00, -93.36, -91.76
30799866.00, -90.36, -90.89
30807496.00, -91.80, -91.43
30815124.00, -91.55, -91.53
30822754.00, -92.34, -92.89
30830384.00, -94.38, -90.98
30838012.00, -92.02, -93.21
30845642.00, -91.18, -94.42
30853272.00, -92.80, -93.12
30860900.00, -90.99, -90.73
30868530.00, -91.72, -91.02
30876160.00, -92.45, -93.86
30883790.00, -90.44, -94.06
30891418.00, -93.99, -93.20
30899048.00, -89.18, -95.25
30906678.00, -89.98, -91.05
30914306.00, -92.14, -91.31
30921936.00, -91.61, -94.30
30929566.00, -92.70, -94.26
30937194.00, -96.47, -93.23
30944824.00, -92.35, -96.29
30952454.00, -91.59, -92.14
30960084.00, -88.90, -93.97
30967712.00, -93.45, -94.56
30975342.00, -91.82, -94.15
30982972.00, -93.89, -91.64
30990600.00, -92.71, -90.11
30998230.00, -89.83, -92.31
31005860.00, -91.48, -92.37
31013488.00, -90.12, -92.41
31021118.00, -90.81, -91.24
31028748.00, -91.71, -93.11
31036376.00, -90.96, -93.57
31044006.00, -92.82, -94.79
31051636.00, -92.71, -93.61
31059266.00, -93.12, -92.13
31066894.00, -93.86, -93.48
31074524.00, -90.79, -95.23
31082154.00, -91.02, -97.40
31089782.00, -88.35, -95.80
31097412.00, -91.40, -92.50
31105042.00, -92.44, -92.49
31112670.00, -90.64, -92.11
31120300.00, -92.26, -93.46
31127930.00, -93.91, -92.04
31135560.00, -90.06, -90.28
31143188.00, -92.58, -91.60
31150818.00, -90.86, -91.36
31158448.00, -89.76, -96.84
31166076.00, -91.84, -96.03
31173706.00, -93.75, -98.38
31181336.00, -92.34, -93.37
31188964.00, -94.02, -93.06
31196594.00, -93.96, -90.27
31204224.00, -90.23, -91.28
31211854.00, -92.86, -94.31
31219482.00, -89.52, -90.04
31227112.00, -93.94, -92.47
31234742.00, -94.94, -92.19
31242370.00, -92.19, -91.06
31250000.00, -92.03, -92.10
31257630.00, -90.45, -95.57
31265258.00, -91.24, -90.36
31272888.00, -92.28, -91.37
31280518.00, -93.83, -91.57
31288146.00, -94.14, -91.83
31295776.00, -91.63, -90.99
31303406.00, -91.67, -89.86
31311036.00, -94.22, -94.07
31318664.00, -90.13, -92.63
31326294.00, -92.77, -96.73
31333924.00, -91.47, -94.13
31341552.00, -93.82, -92.99
31349182.00, -93.68, -92.31
31356812.00, -92.26, -94.22
31364440.00, -93.70, -90.87
31372070.00, -94.96, -93.26
31379700.00, -92.17, -90.94
31387330.00, -92.34, -90.88
31394958.00, -96.10, -90.40
31402588.00, -94.23, -91.92
31410218.00, -92.89, -92.40
31417846.00, -92.91, -90.54
31425476.00, -95.95, -90.51
31433106.00, -92.18, -90.64
31440734.00, -95.61, -90.62
31448364.00, -95.47, -88.51
31455994.00, -91.79, -93.47
31463624.00, -90.25, -90.57
31471252.00, -92.69, -88.73
31478882.00, -92.39, -92.32
31486512.00, -88.12, -89.45
31494140.00, -92.03, -91.62
31501770.00, -91.18, -91.13
31509400.00, -88.92, -91.22
31517028.00, -95.02, -91.90
31524658.00, -92.20, -92.18
31532288.00, -92.80, -94.47
31539916.00, -89.23, -94.00
31547546.00, -88.45, -92.13
31555176.00, -91.11, -92.34
31562806.00, -93.10, -94.48
31570434.00, -90.21, -94.15
31578064.00, -89.48, -93.32
31585694.00, -92.13, -94.53
31593322.00, -91.43, -95.39
31600952.00, -92.02, -92.10
31608582.00, -92.70, -90.99
31616210.00, -94.42, -93.03
31623840.00, -94.88, -93.87
31631470.00, -93.70, -92.48
31639100.00, -90.87, -90.31
31646728.00, -90.91, -92.77
31654358.00, -89.42, -89.94
31661988.00, -92.61, -90.68
31669616.00, -92.77, -90.81
31677246.00, -92.85, -91.10
31684876.00, -90.34, -90.66
31692504.00, -91.31, -88.02
31700134.00, -93.43, -90.17
31707764.00, -91.38, -92.50
31715394.00, -93.59, -91.86
31723022.00, -93.07, -90.96
31730652.00, -93.06, -91.14
31738282.00, -92.21, -88.18
31745910.00, -93.83, -89.82
31753540.00, -93.79, -94.08
31761170.00, -91.22, -94.15
31768798.00, -90.75, -90.62
31776428.00, -90.24, -90.97
31784058.00, -91.53, -89.87
31791688.00, -93.46, -91.67
31799316.00, -92.41, -95.22
31806946.00, -92.85, -93.49
31814576.00, -91.60, -91.58
31822204.00, -93.89, -89.43
31829834.00, -91.08, -90.78
31837464.00, -91.61, -91.57
31845092.00, -91.23, -93.31
31852722.00, -91.88, -96.03
31860352.00, -94.07, -93.62
31867980.00, -92.83, -91.52
31875610.00, -92.63, -89.67
31883240.00, -92.30, -89.67
31890870.00, -92.47, -93.21
31898498.00, -91.44, -91.57
31906128.00, -92.65, -91.69
31913758.00, -90.99, -92.06
31921386.00, -91.20, -95.93
31929016.00, -91.43, -94.70
31936646.00, -93.97, -93.76
31944274.00, -93.36, -89.54
31951904.00, -91.69, -88.79
31959534.00, -90.97, -91.17
31967164.00, -90.54, -91.02
31974792.00, -92.56, -92.17
31982422.00, -95.46, -91.42
31990052.00, -94.30, -90.68
31997680.00, -92.34, -89.78
32005310.00, -93.42, -90.60
32012940.00, -90.32, -93.31
32020568.00, -92.14, -93.04
32028198.00, -94.32, -90.44
32035828.00, -93.42, -88.69
32043458.00, -94.29, -91.22
32051086.00, -92.31, -91.59
32058716.00, -91.74, -94.83
32066346.00, -93.69, -91.75
32073974.00, -94.24, -92.73
32081604.00, -94.46, -89.79
32089234.00, -91.67, -92.47
32096862.00, -92.63, -92.35
32104492.00, -90.69, -91.04
32112122.00, -91.59, -91.13
32119750.00, -91.03, -95.21
32127380.00, -91.97, -90.44
32135010.00, -91.75, -90.93
32142640.00, -94.94, -94.64
32150268.00, -94.41, -94.17
32157898.00, -91.91, -93.58
32165528.00, -92.65, -93.93
32173156.00, -90.02, -89.73
32180786.00, -91.37, -92.41
32188416.00, -93.44, -89.64
32196044.00, -93.73, -91.41
32203674.00, -90.65, -91.03
32211304.00, -91.65, -92.99
32218934.00, -93.62, -92.77
32226562.00, -94.23, -92.16
32234192.00, -95.03, -94.76
32241822.00, -95.70, -91.07
32249450.00, -95.04, -94.47
32257080.00, -91.43, -93.65
32264710.00, -92.16, -91.63
32272338.00, -93.58, -92.20
32279968.00, -89.92, -93.49
32287598.00, -89.67, -92.61
32295228.00, -95.80, -90.62
32302856.00, -95.47, -91.99
32310486.00, -90.92, -93.74
32318116.00, -90.33, -93.74
32325744.00, -94.27, -91.39
32333374.00, -94.58, -89.40
32341004.00, -93.06, -89.36
32348632.00, -94.42, -92.81
32356262.00, -92.67, -92.00
32363892.00, -94.37, -93.50
32371520.00, -90.38, -90.28
32379150.00, -89.50, -91.53
32386780.00, -91.86, -92.37
32394410.00, -92.63, -92.85
32402038.00, -93.06, -90.92
32409668.00, -92.69, -89.21
32417298.00, -92.71, -93.46
32424926.00, -92.23, -90.33
32432556.00, -92.45, -89.38
32440186.00, -92.06, -89.16
32447814.00, -91.72, -89.93
32455444.00, -91.95, -91.54
32463074.00, -91.51, -90.46
32470704.00, -92.36, -89.26
32478332.00, -92.28, -91.09
32485962.00, -92.02, -90.63
32493592.00, -93.09, -90.48
32501220.00, -91.95, -94.16
32508850.00, -95.25, -94.25
32516480.00, -92.77, -91.41
32524108.00, -91.93, -92.80
32531738.00, -93.48, -97.04
32539368.00, -93.45, -91.65
32546998.00, -91.72, -91.12
32554626.00, -90.98, -92.29
32562256.00, -92.61, -89.93
32569886.00, -91.11, -92.53
32577514.00, -91.12, -92.35
32585144.00, -90.88, -92.93
32592774.00, -92.39, -92.27
32600402.00, -90.35, -89.98
32608032.00, -89.70, -91.41
32615662.00, -91.92, -92.12
32623292.00, -90.51, -93.03
32630920.00, -91.49, -92.60
32638550.00, -92.90, -93.67
32646180.00, -91.25, -91.01
32653808.00, -92.20, -93.84
32661438.00, -93.41, -89.50
32669068.00, -92.27, -92.27
32676696.00, -90.53, -93.95
32684326.00, -93.36, -93.47
32691956.00, -94.04, -92.40
32699584.00, -93.60, -92.48
32707214.00, -92.23, -92.18
32714844.00, -93.75, -92.06
32722474.00, -90.87, -99.04
32730102.00, -92.82, -92.58
32737732.00, -92.67, -91.46
32745362.00, -93.56, -93.23
32752990.00, -91.29, -91.27
32760620.00, -91.28, -90.41
32768250.00, -92.34, -90.64
32775878.00, -92.64, -91.76
32783508.00, -90.43, -91.99
32791138.00, -89.73, -93.50
32798768.00, -90.31, -89.17
32806396.00, -90.85, -88.96
32814026.00, -90.48, -91.70
32821656.00, -93.05, -92.99
32829284.00, -93.00, -91.25
32836914.00, -92.11, -91.65
32844544.00, -90.27, -93.24
32852172.00, -91.34, -92.21
32859802.00, -91.32, -92.43
32867432.00, -91.34, -90.38
32875062.00, -95.03, -92.70
32882690.00, -91.98, -96.98
32890320.00, -92.95, -93.28
32897950.00, -95.21, -93.85
32905578.00, -90.46, -92.46
32913208.00, -93.92, -94.35
32920838.00, -94.35, -94.07
32928466.00, -93.49, -96.00
32936096.00, -92.63, -93.85
32943726.00, -93.13, -95.47
32951354.00, -89.49, -90.99
32958984.00, -89.22, -88.24
32966614.00, -91.55, -89.71
32974244.00, -95.13, -90.18
32981872.00, -96.80, -93.86
32989502.00, -93.99, -93.67
32997132.00, -92.52, -93.18
33004760.00, -93.19, -90.26
33012390.00, -92.03, -91.00
33020020.00, -93.48, -91.44
33027648.00, -92.17, -91.54
33035278.00, -91.21, -92.55
33042908.00, -95.69, -92.89
33050538.00, -92.53, -93.47
33058166.00, -92.14, -94.37
33065796.00, -90.43, -89.33
33073426.00, -93.78, -91.08
33081054.00, -91.04, -93.77
33088684.00, -89.43, -93.65
33096314.00, -92.08, -93.97
33103942.00, -92.50, -91.91
33111572.00, -92.02, -93.08
33119202.00, -93.67, -92.74
33126832.00, -91.01, -93.29
33134460.00, -89.59, -91.24
33142090.00, -89.82, -90.72
33149720.00, -92.16, -91.58
33157348.00, -91.86, -90.76
33164978.00, -98.39, -89.95
33172608.00, -91.02, -90.01
33180236.00, -89.76, -90.39
33187866.00, -89.46, -91.70
33195496.00, -91.22, -88.83
33203124.00, -91.03, -93.66
33210754.00, -90.93, -90.49
33218384.00, -93.20, -90.11
33226014.00, -93.69, -93.69
33233642.00, -94.56, -93.45
33241272.00, -96.53, -95.10
33248902.00, -91.30, -92.75
33256530.00, -94.84, -91.59
33264160.00, -92.01, -93.17
33271790.00, -90.88, -98.37
33279418.00, -90.43, -93.61
33287048.00, -91.89, -95.06
33294678.00, -93.05, -95.21
33302308.00, -92.46, -93.61
33309936.00, -90.18, -94.14
33317566.00, -92.02, -93.64
33325196.00, -93.22, -90.86
33332824.00, -93.15, -91.53
33340454.00, -90.78, -90.47
33348084.00, -92.53, -90.26
33355712.00, -91.95, -92.15
33363342.00, -91.14, -93.33
33370972.00, -90.13, -92.52
33378602.00, -90.69, -89.82
33386230.00, -93.81, -93.36
33393860.00, -92.52, -91.26
33401490.00, -90.77, -88.63
33409118.00, -89.59, -92.22
33416748.00, -91.38, -91.15
33424378.00, -92.95, -89.18
33432006.00, -93.96, -91.84
33439636.00, -93.70, -93.24
33447266.00, -92.91, -91.98
33454896.00, -92.68, -91.04
33462524.00, -94.10, -92.27
33470154.00, -92.03, -92.36
33477784.00, -91.65, -90.93
33485412.00, -91.21, -91.92
33493042.00, -93.40, -92.98
33500672.00, -94.02, -92.05
33508300.00, -94.75, -91.72
33515930.00, -89.77, -91.32
33523560.00, -88.68, -92.82
33531188.00, -90.51, -94.31
33538818.00, -91.24, -93.96
33546448.00, -91.89, -90.20
33554078.00, -91.67, -91.40
33561708.00, -93.87, -92.24
33569336.00, -92.84, -91.05
33576964.00, -90.34, -92.34
33584596.00, -93.33, -91.66
33592224.00, -94.11, -91.16
33599852.00, -94.80, -91.79
33607484.00, -89.91, -94.36
33615112.00, -92.60, -94.03
33622740.00, -94.57, -91.57
33630372.00, -94.09, -91.56
33638000.00, -90.97, -94.77
33645628.00, -91.52, -94.28
33653260.00, -90.07, -95.23
33660888.00, -92.53, -95.01
33668520.00, -92.53, -95.09
33676148.00, -91.32, -88.59
33683776.00, -90.82, -91.47
33691408.00, -91.80, -93.25
33699036.00, -93.69, -93.66
33706664.00, -92.59, -90.51
33714296.00, -90.99, -90.33
33721924.00, -91.67, -93.84
33729552.00, -91.09, -90.29
33737184.00, -93.46, -92.63
33744812.00, -91.92, -94.20
33752440.00, -91.65, -91.16
33760072.00, -92.11, -91.54
33767700.00, -90.15, -91.28
33775328.00, -91.18, -91.19
33782960.00, -91.96, -90.33
33790588.00, -91.10, -94.06
33798216.00, -92.78, -92.02
33805848.00, -94.04, -92.16
33813476.00, -93.71, -95.99
33821104.00, -92.37, -91.55
33828736.00, -93.24, -91.44
33836364.00, -91.35, -89.66
33843996.00, -90.07, -90.30
33851624.00, -90.26, -92.03
33859252.00, -91.27, -92.19
33866884.00, -93.32, -95.45
33874512.00, -92.72, -91.79
33882140.00, -92.52, -94.15
33889772.00, -92.60, -91.61
33897400.00, -92.02, -90.88
33905028.00, -95.38, -94.69
33912660.00, -94.54, -90.70
33920288.00, -90.99, -90.45
33927916.00, -92.49, -91.22
33935548.00, -94.14, -92.97
33943176.00, -92.54, -97.52
33950804.00, -89.06, -94.19
33958436.00, -91.69, -94.95
33966064.00, -90.97, -96.06
33973692.00, -93.10, -92.45
33981324.00, -92.87, -89.73
33988952.00, -90.58, -88.84
33996584.00, -92.21, -89.53
34004212.00, -92.91, -88.24
34011840.00, -92.28, -88.30
34019472.00, -90.99, -93.45
34027100.00, -91.87, -94.61
34034728.00, -91.03, -94.58
34042360.00, -91.95, -92.34
34049988.00, -91.85, -90.84
34057616.00, -91.95, -93.14
34065248.00, -89.75, -93.44
34072876.00, -90.75, -93.62
34080504.00, -91.74, -91.86
34088136.00, -93.69, -90.47
34095764.00, -92.55, -92.51
34103392.00, -91.89, -93.01
34111024.00, -92.88, -92.17
34118652.00, -91.84, -92.06
34126280.00, -92.34, -91.99
34133912.00, -91.43, -92.72
34141540.00, -93.06, -91.76
34149168.00, -93.08, -91.83
34156800.00, -91.64, -94.42
34164428.00, -90.79, -90.69
34172060.00, -93.30, -93.91
34179688.00, -93.41, -95.79
34187316.00, -92.63, -95.81
34194948.00, -91.13, -92.01
34202576.00, -89.80, -92.37
34210204.00, -94.00, -91.79
34217836.00, -91.23, -90.94
34225464.00, -90.72, -90.33
34233092.00, -91.90, -93.54
34240724.00, -90.96, -93.87
34248352.00, -89.87, -92.49
34255980.00, -91.24, -92.95
34263612.00, -90.59, -94.38
34271240.00, -92.31, -91.22
34278868.00, -90.65, -93.85
34286500.00, -92.07, -93.32
34294128.00, -90.02, -91.67
34301756.00, -91.53, -95.43
34309388.00, -92.20, -90.01
34317016.00, -89.00, -91.57
34324644.00, -89.11, -93.43
34332276.00, -90.51, -89.43
34339904.00, -90.45, -91.49
34347536.00, -91.71, -93.08
34355164.00, -90.40, -94.18
34362792.00, -88.48, -90.20
34370424.00, -89.62, -91.73
34378052.00, -88.13, -92.05
34385680.00, -90.07, -89.29
34393312.00, -92.68, -90.46
34400940.00, -92.13, -91.16
34408568.00, -94.65, -92.30
34416200.00, -93.16, -92.98
34423828.00, -91.74, -93.05
34431456.00, -92.58, -93.08
34439088.00, -91.09, -93.06
34446716.00, -89.25, -92.25
34454344.00, -91.17, -90.05
34461976.00, -92.80, -96.27
34469604.00, -94.70, -91.65
34477232.00, -91.28, -90.49
34484864.00, -94.07, -92.81
34492492.00, -89.32, -96.30
34500124.00, -89.26, -94.64
34507752.00, -93.71, -95.79
34515380.00, -93.30, -92.19
34523012.00, -91.72, -90.70
34530640.00, -90.22, -90.14
34538268.00, -89.87, -91.59
34545900.00, -91.56, -94.86
34553528.00, -92.82, -92.16
34561156.00, -91.73, -89.99
34568788.00, -92.35, -92.61
34576416.00, -91.98, -90.06
34584044.00, -93.81, -95.75
34591676.00, -91.92, -95.82
34599304.00, -92.80, -92.67
34606932.00, -91.77, -92.01
34614564.00, -90.66, -96.90
34622192.00, -92.98, -95.23
34629820.00, -92.87, -92.85
34637452.00, -89.62, -94.84
34645080.00, -90.94, -89.45
34652708.00, -92.19, -91.23
34660340.00, -93.89, -92.86
34667968.00, -90.69, -93.02
34675600.00, -90.43, -93.94
34683228.00, -92.89, -94.77
34690856.00, -93.55, -93.05
34698488.00, -90.38, -93.48
34706116.00, -90.98, -91.37
34713744.00, -96.26, -89.97
34721376.00, -94.22, -92.37
34729004.00, -92.64, -93.57
34736632.00, -93.33, -91.08
34744264.00, -94.49, -91.18
34751892.00, -91.51, -91.60
34759520.00, -90.23, -95.45
34767152.00, -94.62, -95.43
34774780.00, -92.36, -92.06
34782408.00, -93.71, -90.28
34790040.00, -91.37, -91.77
34797668.00, -93.09, -92.89
34805296.00, -90.78, -89.01
34812928.00, -90.80, -92.82
34820556.00, -91.64, -93.32
34828188.00, -92.93, -91.58
34835816.00, -94.19, -95.92
34843444.00, -92.40, -93.46
34851076.00, -92.35, -91.10
34858704.00, -92.34, -93.48
34866332.00, -88.90, -93.12
34873964.00, -90.85, -91.38
34881592.00, -92.36, -90.01
34889220.00, -91.29, -93.52
34896852.00, -95.07, -93.82
34904480.00, -95.98, -92.39
34912108.00, -91.55, -93.86
34919740.00, -94.15, -93.81
34927368.00, -91.49, -95.81
34934996.00, -88.20, -95.15
34942628.00, -90.33, -91.03
34950256.00, -91.31, -91.22
34957884.00, -89.44, -92.91
34965516.00, -94.38, -94.93
34973144.00, -95.47, -92.71
34980772.00, -95.16, -92.62
34988404.00, -92.49, -91.06
34996032.00, -92.77, -89.61
35003664.00, -91.43, -91.50
35011292.00, -92.49, -93.34
35018920.00, -89.93, -91.14
35026552.00, -91.30, -89.62
35034180.00, -92.09, -90.17
35041808.00, -93.75, -89.66
35049440.00, -93.41, -94.42
35057068.00, -92.63, -91.32
35064696.00, -92.59, -93.10
35072328.00, -92.38, -90.90
35079956.00, -92.39, -92.87
35087584.00, -88.14, -92.46
35095216.00, -92.85, -91.87
35102844.00, -92.71, -91.57
35110472.00, -92.72, -96.84
35118104.00, -91.49, -91.77
35125732.00, -91.06, -90.83
35133360.00, -91.92, -91.39
35140992.00, -90.85, -91.75
35148620.00, -91.36, -93.42
35156248.00, -92.56, -92.40
35163880.00, -90.30, -95.49
35171508.00, -90.47, -96.00
35179140.00, -93.60, -92.25
35186768.00, -91.71, -93.07
35194396.00, -91.07, -94.56
35202028.00, -92.70, -93.31
35209656.00, -94.43, -93.18
35217284.00, -92.60, -94.90
35224916.00, -91.46, -92.86
35232544.00, -89.64, -95.19
35240172.00, -91.28, -92.22
35247804.00, -90.44, -94.55
35255432.00, -89.81, -91.18
35263060.00, -93.47, -91.23
35270692.00, -93.17, -90.74
35278320.00, -91.35, -91.87
35285948.00, -89.15, -94.71
35293580.00, -92.52, -91.78
35301208.00, -93.57, -91.57
35308836.00, -92.17, -92.67
35316468.00, -92.50, -91.91
35324096.00, -94.02, -93.99
35331728.00, -91.32, -93.25
35339356.00, -91.24, -91.23
35346984.00, -93.09, -92.76
35354616.00, -95.61, -92.90
35362244.00, -93.29, -91.20
35369872.00, -90.05, -91.08
35377504.00, -88.93, -93.36
35385132.00, -91.76, -93.40
35392760.00, -94.72, -91.47
35400392.00, -94.33, -93.43
35408020.00, -92.05, -93.34
35415648.00, -92.62, -91.27
35423280.00, -90.22, -90.72
35430908.00, -91.01, -93.34
35438536.00, -91.72, -98.13
35446168.00, -92.46, -92.52
35453796.00, -91.93, -90.88
35461424.00, -92.00, -90.65
35469056.00, -94.61, -93.71
35476684.00, -92.47, -91.19
35484312.00, -91.14, -93.88
35491944.00, -89.93, -92.93
35499572.00, -91.57, -94.28
35507204.00, -92.92, -94.73
35514832.00, -91.82, -96.83
35522460.00, -91.03, -90.54
35530092.00, -93.53, -89.33
35537720.00, -94.24, -91.31
35545348.00, -93.74, -91.35
35552980.00, -90.61, -92.27
35560608.00, -91.03, -93.79
35568236.00, -92.95, -91.04
35575868.00, -90.62, -90.71
35583496.00, -90.71, -93.95
35591124.00, -95.03, -89.38
35598756.00, -91.66, -89.16
35606384.00, -92.64, -93.89
35614012.00, -92.52, -94.41
35621644.00, -93.03, -92.54
35629272.00, -93.26, -93.40
35636900.00, -91.59, -94.00
35644532.00, -92.38, -95.05
35652160.00, -91.40, -92.56
35659792.00, -91.69, -91.52
35667420.00, -93.58, -92.19
35675048.00, -90.63, -92.29
35682680.00, -91.60, -93.22
35690308.00, -92.48, -90.75
35697936.00, -93.71, -94.39
35705568.00, -91.89, -92.69
35713196.00, -93.25, -93.39
35720824.00, -95.06, -91.32
35728456.00, -94.93, -92.79
35736084.00, -91.44, -92.51
35743712.00, -91.97, -91.98
35751344.00, -91.81, -90.07
35758972.00, -90.27, -94.64
35766600.00, -94.75, -98.04
35774232.00, -92.50, -96.57
35781860.00, -90.22, -90.50
35789488.00, -89.05, -88.94
35797120.00, -90.70, -89.97
35804748.00, -91.80, -93.19
35812376.00, -94.48, -91.84
35820008.00, -93.79, -92.05
35827636.00, -92.49, -92.41
35835268.00, -92.01, -91.56
35842896.00, -92.31, -91.09
35850524.00, -93.51, -91.32
35858156.00, -90.80, -91.84
35865784.00, -93.49, -92.96
35873412.00, -91.12, -92.31
35881044.00, -91.53, -93.72
35888672.00, -92.41, -93.32
35896300.00, -91.03, -92.81
35903932.00, -91.46, -96.01
35911560.00, -95.11, -90.79
35919188.00, -94.58, -91.92
35926820.00, -92.45, -93.55
35934448.00, -92.86, -92.79
35942076.00, -94.17, -93.44
35949708.00, -93.66, -93.86
35957336.00, -93.91, -92.58
35964964.00, -94.30, -92.88
35972596.00, -93.88, -93.14
35980224.00, -91.91, -94.97
35987856.00, -92.44, -90.99
35995484.00, -92.10, -93.40
36003112.00, -92.18, -93.16
36010744.00, -90.50, -94.36
36018372.00, -91.23, -92.40
36026000.00, -89.72, -91.13
36033632.00, -89.34, -96.18
36041260.00, -90.50, -90.50
36048888.00, -88.58, -92.41
36056520.00, -91.06, -89.52
36064148.00, -90.27, -90.30
36071776.00, -88.34, -89.22
36079408.00, -89.19, -90.90
36087036.00, -90.68, -91.70
36094664.00, -90.83, -93.28
36102296.00, -91.82, -92.30
36109924.00, -92.63, -93.26
36117552.00, -91.17, -93.28
36125184.00, -88.36, -93.15
36132812.00, -88.79, -90.97
36140440.00, -92.21, -91.69
36148072.00, -96.97, -91.99
36155700.00, -92.13, -91.89
36163332.00, -93.10, -92.01
36170960.00, -93.86, -94.02
36178588.00, -91.40, -93.21
36186220.00, -89.19, -89.76
36193848.00, -92.67, -90.77
36201476.00, -92.94, -93.45
36209108.00, -94.13, -90.03
36216736.00, -92.85, -88.22
36224364.00, -91.87, -90.34
36231996.00, -91.47, -91.34
36239624.00, -90.86, -93.07
36247252.00, -90.36, -92.12
36254884.00, -90.05, -92.61
36262512.00, -92.16, -96.30
36270140.00, -90.70, -93.40
36277772.00, -91.02, -92.70
36285400.00, -94.45, -91.17
36293028.00, -91.69, -91.56
36300660.00, -92.21, -91.64
36308288.00, -94.35, -92.06
36315916.00, -91.85, -93.74
36323548.00, -91.67, -95.75
36331176.00, -91.29, -93.10
36338808.00, -92.54, -94.89
36346436.00, -91.99, -91.29
36354064.00, -98.13, -89.67
36361696.00, -92.86, -92.57
36369324.00, -94.03, -94.84
36376952.00, -89.28, -92.65
36384584.00, -89.26, -90.46
36392212.00, -91.83, -89.30
36399840.00, -91.26, -92.45
36407472.00, -89.64, -92.19
36415100.00, -90.80, -91.56
36422728.00, -90.95, -93.55
36430360.00, -90.63, -91.00
36437988.00, -94.20, -90.89
36445616.00, -93.81, -89.59
36453248.00, -92.44, -90.03
36460876.00, -94.89, -94.29
36468504.00, -94.60, -92.41
36476136.00, -93.74, -90.08
36483764.00, -94.53, -91.63
36491396.00, -94.47, -93.09
36499024.00, -92.45, -91.55
36506652.00, -92.10, -91.13
36514284.00, -93.05, -91.97
36521912.00, -97.60, -90.96
36529540.00, -91.83, -90.54
36537172.00, -92.26, -96.65
36544800.00, -90.55, -93.49
36552428.00, -87.67, -93.66
36560060.00, -89.34, -93.95
36567688.00, -92.07, -92.06
36575316.00, -91.62, -93.96
36582948.00, -92.79, -91.91
36590576.00, -95.05, -89.97
36598204.00, -93.65, -90.11
36605836.00, -95.03, -94.44
36613464.00, -94.66, -90.53
36621092.00, -93.53, -91.15
36628724.00, -90.47, -89.65
36636352.00, -95.45, -91.27
36643980.00, -91.37, -92.87
36651612.00, -89.11, -90.74
36659240.00, -92.00, -90.88
36666872.00, -92.04, -91.57
36674500.00, -92.41, -90.77
36682128.00, -91.06, -93.63
36689760.00, -91.28, -91.76
36697388.00, -94.74, -92.23
36705016.00, -93.08, -93.77
36712648.00, -88.84, -93.46
36720276.00, -90.07, -90.92
36727904.00, -91.52, -93.54
36735536.00, -94.26, -92.64
36743164.00, -90.61, -95.03
36750792.00, -91.89, -93.05
36758424.00, -91.76, -91.13
36766052.00, -90.03, -92.72
36773680.00, -91.25, -90.83
36781312.00, -89.67, -91.74
36788940.00, -93.61, -90.02
36796568.00, -92.22, -90.71
36804200.00, -92.15, -92.84
36811828.00, -91.26, -90.15
36819460.00, -92.69, -88.80
36827088.00, -90.07, -91.22
36834716.00, -91.51, -91.58
36842348.00, -97.69, -92.46
36849976.00, -93.18, -92.87
36857604.00, -93.53, -93.00
36865236.00, -90.69, -91.67
36872864.00, -93.05, -90.48
36880492.00, -90.29, -94.22
36888124.00, -91.95, -92.04
36895752.00, -94.48, -92.80
36903380.00, -92.63, -94.74
36911012.00, -91.47, -92.25
36918640.00, -93.21, -89.98
36926268.00, -93.37, -92.04
36933900.00, -92.05, -89.05
36941528.00, -91.82, -90.88
36949156.00, -93.48, -90.65
36956788.00, -90.78, -91.71
36964416.00, -90.24, -95.70
36972044.00, -91.68, -98.48
36979676.00, -89.67, -95.15
36987304.00, -90.92, -92.95
36994936.00, -89.64, -91.14
37002564.00, -92.13, -91.72
37010192.00, -93.14, -93.08
37017824.00, -91.04, -93.00
37025452.00, -90.39, -92.53
37033080.00, -88.65, -94.37
37040712.00, -90.56, -90.25
37048340.00, -97.68, -92.11
37055968.00, -91.89, -90.21
37063600.00, -92.85, -91.62
37071228.00, -92.09, -90.88
37078856.00, -91.17, -92.10
37086488.00, -91.80, -91.53
37094116.00, -91.68, -91.98
37101744.00, -91.00, -92.69
37109376.00, -89.56, -92.15
37117004.00, -91.65, -89.41
37124632.00, -92.42, -93.08
37132264.00, -92.12, -92.62
37139892.00, -92.10, -92.59
37147520.00, -89.25, -91.74
37155152.00, -87.97, -92.24
37162780.00, -91.55, -92.62
37170412.00, -95.12, -91.01
37178040.00, -92.29, -91.38
37185668.00, -91.77, -93.02
37193300.00, -88.95, -94.78
37200928.00, -88.39, -92.02
37208556.00, -90.21, -91.06
37216188.00, -89.86, -89.82
37223816.00, -89.32, -88.82
37231444.00, -89.59, -89.65
37239076.00, -91.09, -89.86
37246704.00, -93.94, -92.91
37254332.00, -91.78, -91.04
37261964.00, -91.94, -93.40
37269592.00, -90.60, -91.67
37277220.00, -88.92, -91.81
37284852.00, -91.97, -92.11
37292480.00, -91.86, -90.15
37300108.00, -91.69, -93.17
37307740.00, -91.30, -91.96
37315368.00, -92.51, -92.25
37323000.00, -90.28, -94.15
37330628.00, -88.74, -90.04
37338256.00, -93.55, -90.57
37345888.00, -92.33, -96.62
37353516.00, -93.33, -91.11
37361144.00, -91.70, -92.61
37368776.00, -90.04, -91.88
37376404.00, -91.00, -92.19
37384032.00, -90.72, -91.78
37391664.00, -91.14, -91.77
37399292.00, -90.28, -91.42
37406920.00, -90.37, -92.07
37414552.00, -90.23, -91.44
37422180.00, -88.45, -92.64
37429808.00, -90.79, -92.79
37437440.00, -93.28, -92.41
37445068.00, -91.89, -90.06
37452696.00, -93.01, -90.86
37460328.00, -92.41, -91.23
37467956.00, -93.88, -92.97
37475584.00, -89.99, -93.52
37483216.00, -91.32, -91.52
37490844.00, -91.55, -90.20
37498476.00, -89.81, -89.81
37506104.00, -93.27, -91.62
37513732.00, -96.87, -92.86
37521364.00, -94.22, -89.35
37528992.00, -92.29, -90.54
37536620.00, -91.29, -94.42
37544252.00, -95.26, -93.39
37551880.00, -94.65, -94.16
37559508.00, -93.09, -93.91
37567140.00, -91.42, -92.87
37574768.00, -90.20, -92.39
37582396.00, -91.64, -92.46
37590028.00, -89.68, -92.18
37597656.00, -91.58, -93.69
37605284.00, -93.96, -90.96
37612916.00, -93.80, -90.28
37620544.00, -94.27, -92.73
37628172.00, -94.14, -93.65
37635804.00, -93.29, -92.41
37643432.00, -93.28, -91.02
37651064.00, -91.47, -89.21
37658692.00, -91.18, -92.94
37666320.00, -89.62, -93.44
37673952.00, -89.74, -90.11
37681580.00, -92.06, -88.65
37689208.00, -92.00, -92.47
37696840.00, -90.97, -92.02
37704468.00, -92.61, -91.36
37712096.00, -91.65, -91.62
37719728.00, -93.10, -90.15
37727356.00, -89.56, -90.14
37734984.00, -92.19, -92.25
37742616.00, -93.46, -93.01
37750244.00, -91.42, -89.72
37757872.00, -90.79, -90.12
37765504.00, -93.27, -93.82
37773132.00, -91.84, -90.67
37780760.00, -89.63, -93.36
37788392.00, -93.31, -90.54
37796020.00, -97.24, -89.92
37803648.00, -91.53, -93.10
37811280.00, -89.80, -93.96
37818908.00, -93.26, -92.58
37826540.00, -90.74, -90.74
37834168.00, -92.32, -90.96
37841796.00, -92.92, -91.38
37849428.00, -94.02, -89.38
37857056.00, -92.98, -89.30
37864684.00, -90.07, -89.26
37872316.00, -91.61, -91.38
37879944.00, -94.65, -92.98
37887572.00, -90.13, -93.28
37895204.00, -89.91, -91.72
37902832.00, -88.44, -92.03
37910460.00, -90.48, -90.48
37918092.00, -89.16, -91.04
37925720.00, -89.22, -93.84
37933348.00, -92.25, -91.36
37940980.00, -92.19, -89.65
37948608.00, -88.54, -91.84
37956236.00, -89.63, -92.47
37963868.00, -90.74, -92.17
37971496.00, -94.33, -91.01
37979124.00, -92.60, -91.81
37986756.00, -90.45, -91.79
37994384.00, -90.38, -94.06
38002016.00, -92.37, -89.95
38009644.00, -91.62, -89.97
38017272.00, -92.12, -93.61
38024904.00, -89.48, -91.12
38032532.00, -93.55, -93.17
38040160.00, -94.55, -93.07
38047792.00, -94.98, -94.47
38055420.00, -92.53, -93.63
38063048.00, -91.51, -90.58
38070680.00, -92.18, -90.32
38078308.00, -90.38, -91.94
38085936.00, -91.29, -93.26
38093568.00, -90.49, -92.82
38101196.00, -93.18, -92.81
38108824.00, -88.28, -93.40
38116456.00, -89.44, -92.90
38124084.00, -91.83, -94.56
38131712.00, -92.43, -91.97
38139344.00, -90.88, -92.29
38146972.00, -91.98, -93.26
38154604.00, -90.96, -93.77
38162232.00, -92.30, -94.85
38169860.00, -91.94, -92.74
38177492.00, -89.84, -96.52
38185120.00, -88.58, -91.35
38192748.00, -93.61, -89.92
38200380.00, -94.31, -92.07
38208008.00, -94.23, -88.84
38215636.00, -90.84, -89.73
38223268.00, -91.54, -92.54
38230896.00, -91.54, -93.38
38238524.00, -89.79, -89.29
38246156.00, -91.71, -93.43
38253784.00, -96.77, -92.12
38261412.00, -94.54, -92.94
38269044.00, -89.60, -91.80
38276672.00, -92.26, -93.23
38284300.00, -91.95, -94.40
38291932.00, -95.39, -91.74
38299560.00, -92.18, -91.92
38307188.00, -92.39, -94.86
38314820.00, -96.11, -95.12
38322448.00, -90.28, -93.04
38330080.00, -90.63, -90.43
38337708.00, -93.72, -92.78
38345336.00, -91.45, -93.75
38352968.00, -92.92, -93.44
38360596.00, -92.22, -95.85
38368224.00, -94.21, -93.30
38375856.00, -89.02, -89.17
38383484.00, -92.66, -90.46
38391112.00, -92.87, -92.56
38398744.00, -91.03, -91.27
38406372.00, -91.55, -93.29
38414000.00, -91.35, -93.95
38421632.00, -90.60, -92.59
38429260.00, -91.63, -91.82
38436888.00, -90.98, -95.97
38444520.00, -89.19, -92.77
38452148.00, -90.18, -90.65
38459776.00, -92.90, -92.79
38467408.00, -93.60, -91.03
38475036.00, -96.17, -91.59
38482668.00, -95.23, -89.23
38490296.00, -93.36, -89.25
38497924.00, -95.51, -90.93
38505556.00, -95.10, -91.54
38513184.00, -90.50, -91.52
38520812.00, -91.18, -93.08
38528444.00, -92.08, -90.42
38536072.00, -91.11, -91.29
38543700.00, -89.63, -95.16
38551332.00, -90.69, -90.05
38558960.00, -93.71, -89.43
38566588.00, -92.28, -93.46
38574220.00, -92.55, -92.75
38581848.00, -90.95, -92.74
38589476.00, -90.11, -93.13
38597108.00, -87.86, -93.50
38604736.00, -87.64, -88.72
38612364.00, -91.59, -91.80
38619996.00, -94.32, -91.71
38627624.00, -91.48, -90.16
38635252.00, -89.29, -93.52
38642884.00, -90.80, -91.59
38650512.00, -95.89, -90.67
38658144.00, -91.41, -91.57
38665772.00, -91.18, -93.43
38673400.00, -93.02, -91.60
38681032.00, -91.55, -93.95
38688660.00, -90.68, -91.93
38696288.00, -92.42, -93.59
38703920.00, -93.03, -90.06
38711548.00, -91.29, -91.21
38719176.00, -90.56, -90.90
38726808.00, -93.71, -93.70
38734436.00, -95.49, -91.82
38742064.00, -92.09, -94.71
38749696.00, -92.28, -90.14
38757324.00, -92.56, -92.38
38764952.00, -92.90, -90.94
38772584.00, -92.40, -94.32
38780212.00, -94.43, -92.56
38787840.00, -92.16, -94.02
38795472.00, -92.32, -92.19
38803100.00, -90.62, -91.41
38810728.00, -89.91, -90.30
38818360.00, -91.32, -92.35
38825988.00, -91.24, -94.48
38833620.00, -88.53, -91.32
38841248.00, -92.80, -91.99
38848876.00, -94.71, -91.64
38856508.00, -93.36, -90.14
38864136.00, -91.93, -89.31
38871764.00, -91.46, -91.75
38879396.00, -91.66, -93.32
38887024.00, -90.40, -92.90
38894652.00, -90.61, -91.33
38902284.00, -92.04, -92.49
38909912.00, -93.79, -91.62
38917540.00, -92.38, -90.70
38925172.00, -89.55, -90.93
38932800.00, -91.46, -90.80
38940428.00, -92.82, -92.40
38948060.00, -95.19, -91.94
38955688.00, -90.98, -90.97
38963316.00, -93.18, -91.52
38970948.00, -92.73, -91.01
38978576.00, -95.26, -93.29
38986208.00, -92.32, -91.63
38993836.00, -93.78, -94.32
39001464.00, -89.29, -94.81
39009096.00, -89.59, -94.42
39016724.00, -88.81, -90.78
39024352.00, -90.46, -91.77
39031984.00, -93.17, -91.30
39039612.00, -95.23, -91.43
39047240.00, -92.96, -89.56
39054872.00, -94.22, -91.27
39062500.00, -93.20, -91.93
39070128.00, -93.91, -89.85
39077760.00, -90.67, -90.41
39085388.00, -90.75, -91.09
39093016.00, -92.03, -92.90
39100648.00, -95.24, -95.46
39108276.00, -93.77, -92.19
39115904.00, -93.35, -96.15
39123536.00, -91.90, -95.02
39131164.00, -94.98, -93.98
39138792.00, -94.13, -96.04
39146424.00, -91.02, -92.51
39154052.00, -90.77, -89.92
39161684.00, -92.80, -92.13
39169312.00, -92.21, -94.41
39176940.00, -87.86, -92.21
39184572.00, -88.49, -90.81
39192200.00, -93.86, -90.50
39199828.00, -92.98, -91.12
39207460.00, -92.44, -93.35
39215088.00, -93.66, -91.74
39222716.00, -91.21, -90.38
39230348.00, -89.32, -91.24
39237976.00, -91.56, -92.90
39245604.00, -91.71, -93.84
39253236.00, -94.87, -91.64
39260864.00, -91.16, -90.63
39268492.00, -97.37, -93.22
39276124.00, -94.93, -93.02
39283752.00, -90.67, -93.37
39291380.00, -93.42, -92.41
39299012.00, -95.49, -92.95
39306640.00, -94.71, -93.62
39314272.00, -96.24, -94.14
39321900.00, -93.82, -91.98
39329528.00, -95.74, -92.92
39337160.00, -96.76, -89.79
39344788.00, -98.01, -91.03
39352416.00, -92.72, -91.74
39360048.00, -91.98, -94.86
39367676.00, -94.80, -94.16
39375304.00, -94.98, -89.90
39382936.00, -90.05, -89.95
39390564.00, -90.61, -92.49
39398192.00, -94.00, -92.05
39405824.00, -93.99, -92.14
39413452.00, -94.54, -92.56
39421080.00, -95.29, -90.22
39428712.00, -93.48, -90.17
39436340.00, -89.62, -94.43
39443968.00, -91.12, -93.03
39451600.00, -91.70, -89.94
39459228.00, -95.90, -90.73
39466856.00, -89.11, -91.39
39474488.00, -89.31, -90.44
39482116.00, -91.59, -96.15
39489748.00, -92.21, -93.16
39497376.00, -93.41, -91.85
39505004.00, -94.30, -89.75
39512636.00, -92.93, -89.94
39520264.00, -92.15, -93.06
39527892.00, -93.30, -91.87
39535524.00, -90.21, -89.98
39543152.00, -92.24, -91.07
39550780.00, -92.50, -94.11
39558412.00, -90.98, -94.56
39566040.00, -89.38, -92.81
39573668.00, -89.12, -90.97
39581300.00, -90.18, -91.30
39588928.00, -92.11, -90.86
39596556.00, -94.04, -93.50
39604188.00, -90.82, -92.79
39611816.00, -92.10, -91.07
39619444.00, -91.41, -92.05
39627076.00, -89.98, -92.02
39634704.00, -92.50, -90.91
39642332.00, -91.38, -90.07
39649964.00, -90.87, -92.27
39657592.00, -89.82, -92.86
39665224.00, -89.65, -94.28
39672852.00, -90.14, -90.36
39680480.00, -89.75, -91.52
39688112.00, -89.01, -91.34
39695740.00, -89.66, -92.06
39703368.00, -88.61, -92.89
39711000.00, -90.62, -92.15
39718628.00, -90.96, -92.56
39726256.00, -90.22, -95.16
39733888.00, -89.96, -92.07
39741516.00, -91.91, -90.60
39749144.00, -92.03, -93.19
39756776.00, -90.90, -96.79
39764404.00, -90.29, -95.11
39772032.00, -91.61, -91.42
39779664.00, -93.27, -91.80
39787292.00, -91.97, -89.39
39794920.00, -94.22, -91.98
39802552.00, -92.87, -93.24
39810180.00, -91.73, -92.82
39817812.00, -90.56, -91.72
39825440.00, -90.18, -94.66
39833068.00, -91.42, -92.71
39840700.00, -91.35, -93.11
39848328.00, -90.42, -95.31
39855956.00, -92.98, -95.75
39863588.00, -95.65, -91.00
39871216.00, -90.78, -90.37
39878844.00, -89.19, -89.75
39886476.00, -90.04, -92.27
39894104.00, -92.15, -95.17
39901732.00, -93.59, -93.22
39909364.00, -94.19, -95.34
39916992.00, -92.86, -95.84
39924620.00, -91.83, -96.46
39932252.00, -92.30, -97.21
39939880.00, -92.73, -91.80
39947508.00, -91.98, -94.15
39955140.00, -91.01, -96.50
39962768.00, -88.66, -92.05
39970396.00, -92.48, -91.60
39978028.00, -94.17, -90.81
39985656.00, -93.45, -93.92
39993288.00, -94.66, -92.09
40000916.00, -90.99, -93.00
40008544.00, -89.74, -91.75
40016176.00, -90.59, -92.72
40023804.00, -94.81, -91.94
40031432.00, -93.15, -91.74
40039064.00, -93.26, -90.15
40046692.00, -92.37, -88.52
40054320.00, -92.94, -89.74
40061952.00, -91.88, -91.35
40069580.00, -93.44, -91.67
40077208.00, -91.91, -92.66
40084840.00, -91.94, -94.39
40092468.00, -94.43, -91.32
40100096.00, -95.89, -90.94
40107728.00, -93.17, -96.17
40115356.00, -92.65, -89.19
40122984.00, -94.70, -88.52
40130616.00, -93.28, -91.33
40138244.00, -90.55, -92.91
40145876.00, -88.94, -88.46
40153504.00, -92.68, -89.40
40161132.00, -91.72, -91.73
40168764.00, -93.74, -92.95
40176392.00, -90.53, -91.63
40184020.00, -92.09, -90.93
40191652.00, -92.62, -92.55
40199280.00, -88.08, -92.58
40206908.00, -91.75, -91.88
40214540.00, -90.11, -92.64
40222168.00, -91.79, -93.09
40229796.00, -89.90, -93.13
40237428.00, -91.90, -92.41
40245056.00, -90.56, -89.45
40252684.00, -90.32, -89.89
40260316.00, -92.93, -91.56
40267944.00, -91.00, -93.34
40275572.00, -89.89, -90.32
40283204.00, -91.85, -89.09
40290832.00, -91.26, -91.50
40298460.00, -90.58, -91.83
40306092.00, -91.85, -93.89
40313720.00, -94.06, -90.66
40321352.00, -96.66, -90.48
40328980.00, -98.50, -91.51
40336608.00, -92.51, -90.65
40344240.00, -91.58, -90.28
40351868.00, -91.27, -91.09
40359496.00, -91.29, -93.37
40367128.00, -93.54, -93.27
40374756.00, -91.40, -93.17
40382384.00, -92.64, -91.88
40390016.00, -92.10, -91.26
40397644.00, -92.69, -90.22
40405272.00, -90.08, -92.99
40412904.00, -92.97, -93.46
40420532.00, -92.25, -94.98
40428160.00, -96.02, -92.50
40435792.00, -91.06, -92.02
40443420.00, -93.98, -89.71
40451048.00, -92.72, -91.92
40458680.00, -92.33, -97.11
40466308.00, -91.73, -93.22
40473936.00, -91.66, -93.90
40481568.00, -89.10, -90.59
40489196.00, -88.87, -90.66
40496828.00, -90.57, -91.78
40504456.00, -91.96, -91.95
40512084.00, -92.84, -90.83
40519716.00, -93.07, -90.69
40527344.00, -93.27, -91.90
40534972.00, -91.15, -90.85
40542604.00, -94.25, -95.95
40550232.00, -92.18, -90.71
40557860.00, -91.68, -95.47
40565492.00, -90.05, -93.51
40573120.00, -89.80, -90.10
40580748.00, -88.37, -91.67
40588380.00, -90.31, -90.20
40596008.00, -92.01, -90.72
40603636.00, -90.84, -93.69
40611268.00, -88.93, -92.92
40618896.00, -92.14, -93.69
40626524.00, -90.93, -92.10
40634156.00, -88.41, -91.43
40641784.00, -89.89, -90.95
40649416.00, -90.44, -90.31
40657044.00, -90.07, -92.35
40664672.00, -89.54, -90.61
40672304.00, -89.64, -90.19
40679932.00, -92.38, -88.56
40687560.00, -92.06, -88.24
40695192.00, -90.72, -90.54
40702820.00, -93.33, -90.82
40710448.00, -90.71, -90.21
40718080.00, -89.73, -89.19
40725708.00, -93.41, -90.78
40733336.00, -94.21, -91.28
40740968.00, -91.61, -93.29
40748596.00, -89.20, -93.53
40756224.00, -90.76, -93.90
40763856.00, -96.37, -93.88
40771484.00, -92.17, -92.91
40779112.00, -88.92, -92.32
40786744.00, -90.48, -89.79
40794372.00, -90.73, -89.79
40802000.00, -91.96, -91.41
40809632.00, -95.91, -92.05
40817260.00, -91.77, -90.73
40824892.00, -92.25, -95.38
40832520.00, -92.40, -91.00
40840148.00, -90.24, -90.45
40847780.00, -87.86, -94.27
40855408.00, -91.11, -96.07
40863036.00, -91.34, -94.96
40870668.00, -90.62, -92.59
40878296.00, -90.84, -91.34
40885924.00, -93.31, -91.94
40893556.00, -93.57, -91.65
40901184.00, -90.56, -91.81
40908812.00, -89.74, -94.46
40916444.00, -92.23, -93.80
40924072.00, -91.86, -92.91
40931700.00, -93.67, -93.63
40939332.00, -90.45, -88.74
40946960.00, -91.26, -92.05
40954588.00, -92.19, -93.33
40962220.00, -91.11, -93.24
40969848.00, -90.69, -91.15
40977480.00, -94.07, -90.61
40985108.00, -92.39, -94.31
40992736.00, -90.76, -95.08
41000368.00, -91.59, -94.45
41007996.00, -92.63, -89.88
41015624.00, -93.56, -90.80
41023256.00, -92.36, -92.51
41030884.00, -93.74, -93.28
41038512.00, -91.51, -92.86
41046144.00, -91.46, -92.86
41053772.00, -91.38, -89.45
41061400.00, -93.44, -92.05
41069032.00, -92.66, -96.20
41076660.00, -92.45, -92.37
41084288.00, -92.23, -89.96
41091920.00, -93.40, -89.07
41099548.00, -91.93, -90.95
41107176.00, -95.89, -90.32
41114808.00, -91.35, -91.24
41122436.00, -94.83, -90.83
41130064.00, -91.79, -93.07
41137696.00, -94.61, -89.94
41145324.00, -93.67, -91.66
41152956.00, -90.57, -89.83
41160584.00, -88.45, -89.51
41168212.00, -89.60, -94.09
41175844.00, -90.90, -93.16
41183472.00, -91.22, -90.46
41191100.00, -90.17, -91.82
41198732.00, -89.65, -93.33
41206360.00, -91.30, -93.27
41213988.00, -91.71, -93.45
41221620.00, -93.80, -89.43
41229248.00, -90.24, -89.91
41236876.00, -90.60, -90.64
41244508.00, -90.44, -89.93
41252136.00, -90.54, -90.60
41259764.00, -92.46, -92.54
41267396.00, -95.49, -94.32
41275024.00, -95.83, -90.94
41282652.00, -93.05, -89.45
41290284.00, -94.79, -91.15
41297912.00, -93.93, -91.14
41305540.00, -92.84, -89.32
41313172.00, -91.03, -91.60
41320800.00, -92.38, -91.60
41328432.00, -93.36, -93.29
41336060.00, -92.28, -89.54
41343688.00, -90.01, -90.00
41351320.00, -92.93, -93.08
41358948.00, -93.95, -92.08
41366576.00, -92.34, -93.42
41374208.00, -91.40, -93.99
41381836.00, -92.56, -92.94
41389464.00, -93.01, -93.26
41397096.00, -92.44, -93.59
41404724.00, -90.81, -91.81
41412352.00, -94.21, -90.93
41419984.00, -93.68, -95.47
41427612.00, -93.51, -93.67
41435240.00, -91.13, -95.42
41442872.00, -92.15, -93.74
41450500.00, -91.80, -95.57
41458128.00, -89.81, -96.84
41465760.00, -92.19, -92.94
41473388.00, -90.41, -91.45
41481020.00, -90.13, -90.75
41488648.00, -92.92, -90.42
41496276.00, -92.07, -90.64
41503908.00, -91.07, -93.56
41511536.00, -92.10, -89.27
41519164.00, -91.77, -89.85
41526796.00, -90.39, -90.08
41534424.00, -88.86, -89.29
41542052.00, -90.17, -90.36
41549684.00, -91.99, -90.50
41557312.00, -90.85, -95.22
41564940.00, -90.91, -93.66
41572572.00, -88.30, -92.74
41580200.00, -90.39, -93.46
41587828.00, -92.12, -93.99
41595460.00, -90.13, -93.58
41603088.00, -93.05, -92.67
41610716.00, -92.77, -96.54
41618348.00, -88.58, -93.15
41625976.00, -88.91, -92.92
41633604.00, -90.32, -89.81
41641236.00, -93.07, -89.45
41648864.00, -89.46, -94.87
41656496.00, -89.26, -92.87
41664124.00, -95.01, -91.18
41671752.00, -93.60, -95.49
41679384.00, -92.16, -90.55
41687012.00, -92.75, -91.87
41694640.00, -92.17, -90.55
41702272.00, -89.02, -90.84
41709900.00, -89.75, -90.94
41717528.00, -90.96, -93.52
41725160.00, -92.18, -94.76
41732788.00, -91.84, -90.11
41740416.00, -91.39, -88.81
41748048.00, -94.43, -89.73
41755676.00, -93.42, -91.82
41763304.00, -91.38, -90.63
41770936.00, -90.99, -91.34
41778564.00, -89.95, -93.76
41786192.00, -93.11, -89.69
41793824.00, -95.32, -91.33
41801452.00, -91.95, -94.41
41809084.00, -92.79, -91.24
41816712.00, -92.65, -91.34
41824340.00, -90.81, -91.62
41831972.00, -90.04, -92.79
41839600.00, -92.84, -92.84
41847228.00, -90.95, -92.73
41854860.00, -93.60, -92.96
41862488.00, -90.70, -92.53
41870116.00, -89.65, -95.55
41877748.00, -90.29, -94.24
41885376.00, -89.64, -92.54
41893004.00, -91.78, -93.88
41900636.00, -95.73, -95.69
41908264.00, -91.70, -90.13
41915892.00, -89.59, -88.49
41923524.00, -92.13, -92.29
41931152.00, -93.06, -91.51
41938780.00, -90.19, -90.78
41946412.00, -91.97, -89.43
41954040.00, -94.73, -89.07
41961668.00, -90.87, -92.95
41969300.00, -90.70, -91.78
41976928.00, -90.88, -89.80
41984560.00, -91.76, -89.37
41992188.00, -92.41, -91.11
41999816.00, -90.70, -90.99
42007448.00, -89.82, -93.14
42015076.00, -91.83, -91.41
42022704.00, -92.85, -90.02
42030336.00, -90.34, -90.25
42037964.00, -90.33, -94.13
42045592.00, -88.93, -92.99
42053224.00, -91.99, -93.39
42060852.00, -96.55, -94.09
42068480.00, -94.76, -89.06
42076112.00, -94.78, -90.35
42083740.00, -92.40, -88.91
42091368.00, -93.08, -88.65
42099000.00, -92.06, -93.89
42106628.00, -89.79, -92.63
42114256.00, -90.40, -89.81
42121888.00, -92.66, -90.52
42129516.00, -94.22, -90.38
42137144.00, -90.38, -91.59
42144776.00, -91.06, -91.93
42152404.00, -91.67, -94.31
42160036.00, -92.39, -89.52
42167664.00, -94.45, -88.74
42175292.00, -91.44, -93.64
42182924.00, -91.40, -91.87
42190552.00, -91.91, -91.25
42198180.00, -88.70, -91.51
42205812.00, -88.88, -90.32
42213440.00, -89.46, -89.70
42221068.00, -90.15, -90.18
42228700.00, -92.85, -93.29
42236328.00, -90.41, -94.32
42243956.00, -92.40, -92.20
42251588.00, -95.17, -92.07
42259216.00, -93.81, -93.95
42266844.00, -90.48, -91.51
42274476.00, -90.70, -90.44
42282104.00, -88.85, -92.61
42289732.00, -92.81, -91.45
42297364.00, -92.05, -93.42
42304992.00, -88.84, -94.06
42312624.00, -88.26, -92.60
42320252.00, -89.58, -92.43
42327880.00, -91.72, -91.46
42335512.00, -95.38, -92.13
42343140.00, -95.40, -91.48
42350768.00, -89.95, -88.71
42358400.00, -93.98, -91.31
42366028.00, -91.14, -93.60
42373656.00, -90.26, -94.41
42381288.00, -92.84, -92.36
42388916.00, -92.37, -88.84
42396544.00, -91.69, -88.79
42404176.00, -90.51, -91.31
42411804.00, -92.47, -92.68
42419432.00, -93.55, -90.79
42427064.00, -92.83, -91.58
42434692.00, -92.01, -91.35
42442320.00, -90.23, -89.70
42449952.00, -92.40, -92.27
42457580.00, -97.54, -90.68
42465208.00, -91.34, -91.66
42472840.00, -91.47, -89.23
42480468.00, -89.84, -89.89
42488100.00, -90.26, -90.84
42495728.00, -92.98, -93.71
42503356.00, -92.84, -92.03
42510988.00, -92.37, -91.85
42518616.00, -92.57, -92.62
42526244.00, -93.31, -90.33
42533876.00, -94.61, -90.04
42541504.00, -91.26, -94.41
42549132.00, -89.20, -93.03
42556764.00, -94.38, -90.58
42564392.00, -93.50, -92.32
42572020.00, -90.82, -89.10
42579652.00, -90.89, -90.65
42587280.00, -92.72, -90.74
42594908.00, -89.26, -92.88
42602540.00, -91.51, -94.89
42610168.00, -90.74, -91.79
42617796.00, -94.06, -91.51
42625428.00, -91.98, -91.29
42633056.00, -91.34, -88.93
42640688.00, -92.54, -92.83
42648316.00, -91.91, -93.37
42655944.00, -91.04, -89.62
42663576.00, -91.49, -91.46
42671204.00, -92.21, -92.29
42678832.00, -91.92, -91.11
42686464.00, -92.17, -91.49
42694092.00, -93.22, -89.89
42701720.00, -94.83, -90.68
42709352.00, -90.47, -92.66
42716980.00, -90.05, -93.38
42724608.00, -91.15, -92.76
42732240.00, -94.20, -93.25
42739868.00, -93.83, -91.66
42747496.00, -93.68, -94.05
42755128.00, -90.51, -93.58
42762756.00, -90.29, -93.94
42770384.00, -90.02, -91.01
42778016.00, -93.01, -91.43
42785644.00, -92.95, -93.91
42793272.00, -90.90, -94.05
42800904.00, -90.43, -94.25
42808532.00, -92.01, -97.38
42816164.00, -92.55, -95.12
42823792.00, -90.78, -94.51
42831420.00, -94.81, -93.43
42839052.00, -92.31, -92.33
42846680.00, -94.32, -91.00
42854308.00, -92.72, -92.69
42861940.00, -90.97, -89.80
42869568.00, -92.02, -90.10
42877196.00, -91.61, -93.16
42884828.00, -89.98, -90.20
42892456.00, -91.45, -91.67
42900084.00, -89.64, -94.99
42907716.00, -92.41, -92.80
42915344.00, -91.09, -93.16
42922972.00, -89.65, -96.14
42930604.00, -91.30, -97.10
42938232.00, -93.17, -93.55
42945860.00, -90.44, -91.21
42953492.00, -88.29, -91.41
42961120.00, -89.29, -88.69
42968752.00, -90.76, -90.12
42976380.00, -90.12, -89.21
42984008.00, -92.79, -91.66
42991640.00, -94.59, -93.75
42999268.00, -91.28, -93.28
43006896.00, -91.97, -92.42
43014528.00, -91.55, -90.58
43022156.00, -93.08, -90.04
43029784.00, -92.69, -90.21
43037416.00, -88.81, -90.45
43045044.00, -91.31, -89.77
43052672.00, -95.83, -91.80
43060304.00, -94.26, -89.28
43067932.00, -93.01, -90.89
43075560.00, -93.19, -93.35
43083192.00, -91.72, -89.02
43090820.00, -91.46, -90.13
43098448.00, -94.51, -90.68
43106080.00, -92.58, -88.87
43113708.00, -96.40, -89.88
43121336.00, -91.98, -90.16
43128968.00, -94.04, -91.52
43136596.00, -93.70, -90.84
43144228.00, -91.92, -90.78
43151856.00, -91.32, -90.90
43159484.00, -90.09, -92.64
43167116.00, -93.40, -94.24
43174744.00, -92.46, -92.93
43182372.00, -93.82, -94.21
43190004.00, -91.49, -91.70
43197632.00, -90.17, -93.99
43205260.00, -92.10, -92.62
43212892.00, -89.58, -91.71
43220520.00, -88.76, -90.46
43228148.00, -92.36, -91.18
43235780.00, -92.41, -91.15
43243408.00, -89.82, -94.45
43251036.00, -93.65, -93.98
43258668.00, -91.94, -93.74
43266296.00, -91.47, -91.39
43273924.00, -93.23, -89.35
43281556.00, -91.45, -93.42
43289184.00, -92.96, -92.68
43296812.00, -93.06, -93.61
43304444.00, -92.08, -92.81
43312072.00, -90.85, -91.16
43319704.00, -91.69, -93.14
43327332.00, -92.36, -92.69
43334960.00, -91.30, -91.76
43342592.00, -93.12, -95.07
43350220.00, -91.85, -93.44
43357848.00, -94.56, -91.63
43365480.00, -96.64, -88.92
43373108.00, -94.10, -88.46
43380736.00, -91.11, -90.71
43388368.00, -94.31, -90.21
43395996.00, -90.29, -94.28
43403624.00, -91.18, -92.19
43411256.00, -90.54, -92.06
43418884.00, -92.45, -89.30
43426512.00, -92.82, -90.59
43434144.00, -91.57, -91.29
43441772.00, -92.85, -90.41
43449400.00, -90.68, -89.25
43457032.00, -89.40, -92.75
43464660.00, -92.55, -95.02
43472292.00, -93.39, -93.65
43479920.00, -92.60, -92.36
43487548.00, -94.22, -91.82
43495180.00, -95.72, -92.87
43502808.00, -90.51, -90.78
43510436.00, -91.76, -91.86
43518068.00, -90.29, -94.05
43525696.00, -88.92, -89.50
43533324.00, -88.80, -87.75
43540956.00, -91.06, -90.30
43548584.00, -94.36, -92.44
43556212.00, -93.68, -91.22
43563844.00, -92.65, -89.99
43571472.00, -90.15, -92.26
43579100.00, -90.43, -92.41
43586732.00, -92.72, -92.26
43594360.00, -90.88, -92.58
43601988.00, -93.01, -89.73
43609620.00, -92.43, -91.95
43617248.00, -93.62, -92.67
43624876.00, -93.25, -93.18
43632508.00, -93.70, -92.22
43640136.00, -93.75, -90.41
43647768.00, -96.04, -88.23
43655396.00, -93.41, -94.74
43663024.00, -92.98, -89.19
43670656.00, -91.08, -92.34
43678284.00, -94.29, -91.34
43685912.00, -91.64, -92.83
43693544.00, -93.54, -92.84
43701172.00, -92.08, -90.47
43708800.00, -90.23, -91.24
43716432.00, -92.96, -90.40
43724060.00, -91.42, -92.21
43731688.00, -87.71, -91.71
43739320.00, -91.51, -90.54
43746948.00, -91.51, -91.80
43754576.00, -91.96, -91.48
43762208.00, -92.01, -91.63
43769836.00, -91.51, -88.85
43777464.00, -95.06, -90.86
43785096.00, -92.54, -90.15
43792724.00, -89.41, -93.88
43800356.00, -88.65, -91.35
43807984.00, -91.27, -91.82
43815612.00, -92.40, -93.21
43823244.00, -91.72, -91.43
43830872.00, -92.09, -89.86
43838500.00, -92.11, -90.07
43846132.00, -89.69, -90.95
43853760.00, -93.64, -92.06
43861388.00, -95.69, -91.46
43869020.00, -90.93, -89.69
43876648.00, -89.23, -92.75
43884276.00, -93.67, -89.62
43891908.00, -91.56, -89.78
43899536.00, -90.64, -91.13
43907164.00, -91.17, -91.14
43914796.00, -94.41, -92.22
43922424.00, -92.91, -94.43
43930052.00, -89.56, -91.71
43937684.00, -89.56, -91.01
43945312.00, -89.99, -92.23
43952940.00, -95.33, -94.05
43960572.00, -91.38, -95.31
43968200.00, -95.84, -93.14
43975832.00, -90.86, -90.84
43983460.00, -92.42, -93.05
43991088.00, -91.20, -92.86
43998720.00, -91.13, -92.95
44006348.00, -91.89, -94.76
44013976.00, -92.45, -92.08
44021608.00, -92.08, -90.19
44029236.00, -91.78, -88.44
44036864.00, -91.17, -90.31
44044496.00, -90.46, -93.43
44052124.00, -91.36, -90.96
44059752.00, -90.39, -91.08
44067384.00, -90.70, -93.06
44075012.00, -90.88, -92.49
44082640.00, -90.70, -92.90
44090272.00, -88.91, -93.81
44097900.00, -89.50, -95.16
44105528.00, -92.87, -91.91
44113160.00, -94.18, -91.73
44120788.00, -93.78, -92.80
44128416.00, -91.18, -91.28
44136048.00, -89.00, -92.37
44143676.00, -92.17, -92.19
44151308.00, -92.67, -91.61
44158936.00, -91.87, -91.85
44166564.00, -94.16, -93.82
44174196.00, -92.28, -92.25
44181824.00, -88.63, -90.60
44189452.00, -90.79, -88.82
44197084.00, -92.10, -93.67
44204712.00, -91.69, -92.40
44212340.00, -93.90, -94.10
44219972.00, -94.26, -91.61
44227600.00, -88.87, -93.52
44235228.00, -88.95, -92.20
44242860.00, -91.03, -90.62
44250488.00, -88.33, -91.54
44258116.00, -88.05, -91.17
44265748.00, -90.30, -90.52
44273376.00, -91.25, -89.81
44281004.00, -90.91, -92.20
44288636.00, -96.37, -93.83
44296264.00, -95.28, -91.65
44303896.00, -94.29, -90.12
44311524.00, -91.63, -92.35
44319152.00, -93.33, -91.36
44326784.00, -95.33, -90.85
44334412.00, -94.36, -89.80
44342040.00, -91.25, -90.75
44349672.00, -91.13, -92.56
44357300.00, -91.83, -91.92
44364928.00, -92.12, -91.00
44372560.00, -92.27, -88.21
44380188.00, -93.06, -89.43
44387816.00, -91.85, -91.58
44395448.00, -90.33, -89.14
44403076.00, -90.99, -92.20
44410704.00, -91.44, -93.21
44418336.00, -93.09, -92.42
44425964.00, -94.49, -94.50
44433592.00, -94.69, -95.79
44441224.00, -92.21, -93.76
44448852.00, -91.23, -93.00
44456480.00, -95.31, -90.72
44464112.00, -94.12, -91.09
44471740.00, -91.25, -91.49
44479372.00, -88.34, -90.82
44487000.00, -90.64, -90.11
44494628.00, -91.17, -90.76
44502260.00, -93.86, -92.80
44509888.00, -93.37, -91.71
44517516.00, -91.63, -90.01
44525148.00, -90.81, -89.19
44532776.00, -91.71, -90.66
44540404.00, -89.88, -92.38
44548036.00, -88.85, -90.93
44555664.00, -90.50, -90.53
44563292.00, -90.68, -90.40
44570924.00, -90.28, -91.04
44578552.00, -90.41, -94.04
44586180.00, -90.15, -91.72
44593812.00, -91.41, -89.39
44601440.00, -93.24, -92.08
44609068.00, -92.88, -93.31
44616700.00, -92.16, -90.44
44624328.00, -92.76, -89.69
44631960.00, -93.27, -90.61
44639588.00, -92.78, -93.63
44647216.00, -94.99, -92.80
44654848.00, -91.89, -92.58
44662476.00, -91.97, -92.02
44670104.00, -92.53, -94.34
44677736.00, -93.74, -92.85
44685364.00, -95.95, -91.66
44692992.00, -91.02, -90.89
44700624.00, -90.33, -93.23
44708252.00, -92.62, -93.21
44715880.00, -92.36, -91.79
44723512.00, -91.38, -92.97
44731140.00, -92.67, -97.99
44738768.00, -89.31, -91.24
44746400.00, -87.18, -92.95
44754028.00, -90.40, -95.06
44761656.00, -96.55, -92.14
44769288.00, -92.23, -93.25
44776916.00, -91.89, -88.52
44784544.00, -92.42, -88.11
44792176.00, -93.58, -94.21
44799804.00, -91.75, -90.75
44807436.00, -93.02, -89.89
44815064.00, -91.13, -97.29
44822692.00, -89.88, -91.07
44830324.00, -89.80, -90.73
44837952.00, -93.75, -94.89
44845580.00, -93.34, -89.89
44853212.00, -95.05, -90.35
44860840.00, -93.41, -90.76
44868468.00, -91.32, -93.79
44876100.00, -91.22, -93.04
44883728.00, -93.35, -89.69
44891356.00, -92.97, -88.89
44898988.00, -91.65, -91.48
44906616.00, -92.21, -91.01
44914244.00, -91.51, -91.04
44921876.00, -91.92, -91.79
44929504.00, -93.48, -90.75
44937132.00, -93.29, -91.84
44944764.00, -89.62, -90.31
44952392.00, -89.62, -91.16
44960020.00, -89.82, -90.64
44967652.00, -93.10, -94.52
44975280.00, -91.47, -90.09
44982912.00, -92.69, -89.45
44990540.00, -89.41, -92.38
44998168.00, -91.43, -92.05
45005800.00, -90.71, -90.75
45013428.00, -90.99, -92.16
45021056.00, -92.25, -91.04
45028688.00, -92.01, -90.72
45036316.00, -92.67, -92.45
45043944.00, -92.12, -92.08
45051576.00, -90.72, -96.46
45059204.00, -94.13, -92.36
45066832.00, -90.99, -92.41
45074464.00, -92.33, -93.02
45082092.00, -91.66, -92.53
45089720.00, -96.06, -89.34
45097352.00, -93.97, -93.04
45104980.00, -92.42, -93.17
45112608.00, -91.82, -93.76
45120240.00, -90.54, -94.93
45127868.00, -90.64, -91.37
45135500.00, -89.22, -89.78
45143128.00, -90.57, -91.00
45150756.00, -93.20, -93.98
45158388.00, -91.56, -95.18
45166016.00, -91.02, -89.94
45173644.00, -89.90, -91.13
45181276.00, -92.89, -90.24
45188904.00, -90.12, -93.35
45196532.00, -90.46, -92.69
45204164.00, -93.24, -92.72
45211792.00, -94.79, -90.23
45219420.00, -91.02, -92.82
45227052.00, -90.43, -91.85
45234680.00, -92.36, -91.59
45242308.00, -91.10, -89.71
45249940.00, -89.94, -92.08
45257568.00, -90.98, -94.31
45265196.00, -93.22, -93.76
45272828.00, -95.09, -93.65
45280456.00, -91.75, -90.31
45288084.00, -92.43, -90.94
45295716.00, -93.17, -92.39
45303344.00, -87.19, -90.66
45310976.00, -90.20, -87.61
45318604.00, -93.91, -89.02
45326232.00, -90.95, -91.01
45333864.00, -89.95, -93.48
45341492.00, -89.23, -92.10
45349120.00, -91.69, -90.21
45356752.00, -89.61, -91.68
45364380.00, -92.57, -89.84
45372008.00, -92.73, -87.13
45379640.00, -89.62, -90.73
45387268.00, -91.24, -95.49
45394896.00, -92.30, -92.71
45402528.00, -94.10, -93.27
45410156.00, -91.05, -91.17
45417784.00, -90.55, -90.94
45425416.00, -90.11, -92.00
45433044.00, -93.60, -94.24
45440672.00, -91.35, -91.48
45448304.00, -90.19, -90.22
45455932.00, -90.40, -88.67
45463564.00, -92.51, -88.46
45471192.00, -93.59, -92.56
45478820.00, -93.00, -95.14
45486452.00, -91.08, -90.33
45494080.00, -89.92, -90.87
45501708.00, -89.60, -90.36
45509340.00, -92.36, -93.39
45516968.00, -92.42, -91.83
45524596.00, -92.55, -91.74
45532228.00, -94.29, -90.69
45539856.00, -89.06, -91.98
45547484.00, -94.99, -90.15
45555116.00, -89.51, -90.39
45562744.00, -87.66, -90.02
45570372.00, -88.53, -91.54
45578004.00, -93.48, -97.47
45585632.00, -92.97, -91.73
45593260.00, -91.70, -91.21
45600892.00, -95.84, -93.77
45608520.00, -94.15, -91.24
45616148.00, -94.43, -94.00
45623780.00, -89.31, -90.79
45631408.00, -91.28, -90.39
45639040.00, -92.93, -93.68
45646668.00, -91.76, -90.80
45654296.00, -92.59, -91.98
45661928.00, -93.71, -91.69
45669556.00, -96.72, -93.51
45677184.00, -94.83, -91.89
45684816.00, -90.75, -92.01
45692444.00, -91.99, -93.72
45700072.00, -91.48, -94.85
45707704.00, -89.79, -93.59
45715332.00, -91.58, -95.94
45722960.00, -92.87, -92.27
45730592.00, -92.89, -92.80
45738220.00, -93.14, -94.90
45745848.00, -93.64, -92.19
45753480.00, -91.72, -90.67
45761108.00, -92.75, -90.13
45768736.00, -90.89, -91.08
45776368.00, -92.87, -94.22
45783996.00, -93.43, -89.36
45791624.00, -93.43, -92.62
45799256.00, -92.06, -94.21
45806884.00, -93.45, -93.80
45814516.00, -91.44, -90.20
45822144.00, -91.22, -89.93
45829772.00, -92.48, -91.19
45837404.00, -92.93, -90.78
45845032.00, -93.09, -92.16
45852660.00, -88.50, -95.03
45860292.00, -91.17, -91.18
45867920.00, -91.25, -92.40
45875548.00, -92.63, -89.81
45883180.00, -90.07, -91.22
45890808.00, -92.09, -92.23
45898436.00, -90.54, -92.97
45906068.00, -90.62, -92.62
45913696.00, -93.26, -93.21
45921324.00, -90.28, -92.19
45928956.00, -90.29, -93.27
45936584.00, -90.34, -91.51
45944212.00, -89.44, -91.33
45951844.00, -94.91, -90.51
45959472.00, -93.65, -89.50
45967104.00, -91.03, -91.09
45974732.00, -93.22, -88.93
45982360.00, -90.60, -90.81
45989992.00, -94.66, -92.25
45997620.00, -92.68, -94.06
46005248.00, -91.23, -94.36
46012880.00, -90.25, -93.42
46020508.00, -94.53, -92.55
46028136.00, -90.45, -93.94
46035768.00, -89.62, -93.45
46043396.00, -91.27, -90.21
46051024.00, -91.75, -89.44
46058656.00, -95.08, -92.89
46066284.00, -93.59, -93.11
46073912.00, -91.09, -92.04
46081544.00, -90.28, -94.60
46089172.00, -90.32, -91.55
46096800.00, -93.70, -88.11
46104432.00, -91.40, -92.85
46112060.00, -90.63, -93.98
46119688.00, -91.41, -97.95
46127320.00, -95.59, -91.01
46134948.00, -96.44, -88.16
46142580.00, -90.92, -92.67
46150208.00, -90.03, -89.27
46157836.00, -89.17, -90.08
46165468.00, -88.76, -92.90
46173096.00, -92.44, -92.59
46180724.00, -91.36, -90.43
46188356.00, -91.34, -92.09
46195984.00, -92.15, -93.51
46203612.00, -91.41, -90.50
46211244.00, -90.73, -91.00
46218872.00, -90.11, -91.15
46226500.00, -89.01, -89.97
46234132.00, -90.81, -90.69
46241760.00, -88.98, -90.39
46249388.00, -93.32, -90.82
46257020.00, -92.55, -89.34
46264648.00, -91.03, -92.69
46272276.00, -91.86, -93.41
46279908.00, -91.58, -93.87
46287536.00, -88.46, -94.42
46295168.00, -90.04, -91.42
46302796.00, -90.93, -90.00
46310424.00, -88.58, -90.57
46318056.00, -90.77, -91.40
46325684.00, -90.39, -91.61
46333312.00, -91.48, -89.88
46340944.00, -94.35, -92.62
46348572.00, -91.94, -92.98
46356200.00, -91.39, -93.38
46363832.00, -94.26, -94.67
46371460.00, -93.73, -89.37
46379088.00, -89.82, -90.01
46386720.00, -90.00, -90.57
46394348.00, -94.09, -94.48
46401976.00, -92.80, -93.76
46409608.00, -93.90, -91.94
46417236.00, -95.37, -90.80
46424864.00, -91.49, -95.92
46432496.00, -91.47, -91.02
46440124.00, -91.84, -94.21
46447752.00, -90.55, -95.36
46455384.00, -91.16, -94.29
46463012.00, -92.21, -89.42
46470644.00, -93.65, -88.06
46478272.00, -94.56, -88.58
46485900.00, -91.93, -90.39
46493532.00, -92.50, -92.47
46501160.00, -92.43, -91.18
46508788.00, -90.84, -89.38
46516420.00, -92.25, -87.19
46524048.00, -92.29, -88.14
46531676.00, -92.79, -89.77
46539308.00, -92.90, -88.33
46546936.00, -90.07, -88.98
46554564.00, -89.32, -93.06
46562196.00, -90.44, -88.82
46569824.00, -88.99, -90.53
46577452.00, -91.96, -95.20
46585084.00, -91.06, -94.34
46592712.00, -93.93, -92.09
46600340.00, -91.65, -88.95
46607972.00, -90.62, -93.24
46615600.00, -91.74, -93.02
46623228.00, -92.13, -91.61
46630860.00, -92.68, -95.43
46638488.00, -90.84, -93.65
46646120.00, -89.56, -90.86
46653748.00, -89.74, -89.53
46661376.00, -91.24, -90.49
46669008.00, -91.49, -91.77
46676636.00, -97.10, -89.53
46684264.00, -93.56, -91.74
46691896.00, -89.98, -93.97
46699524.00, -92.80, -92.10
46707152.00, -94.35, -91.61
46714784.00, -94.59, -92.25
46722412.00, -93.43, -90.03
46730040.00, -93.90, -89.53
46737672.00, -93.31, -90.65
46745300.00, -94.18, -92.03
46752928.00, -92.74, -93.57
46760560.00, -93.28, -95.14
46768188.00, -92.37, -91.32
46775816.00, -91.03, -93.06
46783448.00, -94.99, -93.07
46791076.00, -97.07, -90.33
46798708.00, -93.32, -91.75
46806336.00, -89.84, -90.26
46813964.00, -94.84, -91.37
46821596.00, -92.55, -92.71
46829224.00, -93.00, -93.04
46836852.00, -91.96, -93.55
46844484.00, -89.99, -93.70
46852112.00, -90.65, -91.62
46859740.00, -91.08, -93.60
46867372.00, -91.24, -92.26
46875000.00, -90.30, -90.78
46882628.00, -91.03, -89.82
46890260.00, -91.08, -89.03
46897888.00, -91.67, -92.51
46905516.00, -92.64, -92.05
46913148.00, -92.44, -90.95
46920776.00, -91.85, -91.75
46928404.00, -91.32, -89.13
46936036.00, -90.52, -89.83
46943664.00, -91.92, -90.61
46951292.00, -92.00, -91.30
46958924.00, -90.96, -90.97
46966552.00, -92.53, -93.77
46974184.00, -93.75, -92.33
46981812.00, -95.47, -90.41
46989440.00, -94.30, -91.58
46997072.00, -88.66, -93.01
47004700.00, -90.50, -91.30
47012328.00, -96.26, -91.71
47019960.00, -94.07, -92.82
47027588.00, -93.73, -92.57
47035216.00, -90.77, -91.51
47042848.00, -89.52, -89.28
47050476.00, -90.06, -92.40
47058104.00, -92.40, -91.86
47065736.00, -88.25, -89.98
47073364.00, -89.59, -89.67
47080992.00, -91.22, -90.67
47088624.00, -90.95, -91.05
47096252.00, -91.20, -93.35
47103880.00, -91.76, -89.39
47111512.00, -92.55, -90.08
47119140.00, -94.25, -90.42
47126772.00, -93.96, -93.85
47134400.00, -92.80, -92.30
47142028.00, -89.97, -90.63
47149660.00, -90.30, -91.19
47157288.00, -92.32, -93.03
47164916.00, -94.19, -89.81
47172548.00, -92.40, -90.13
47180176.00, -90.29, -89.25
47187804.00, -91.51, -91.54
47195436.00, -92.47, -91.12
47203064.00, -92.28, -94.00
47210692.00, -91.72, -93.08
47218324.00, -88.67, -90.92
47225952.00, -89.67, -91.90
47233580.00, -92.17, -92.11
47241212.00, -95.54, -90.43
47248840.00, -89.62, -89.35
47256468.00, -90.25, -93.87
47264100.00, -90.25, -94.75
47271728.00, -95.02, -93.44
47279356.00, -93.80, -90.04
47286988.00, -93.96, -90.31
47294616.00, -93.09, -92.13
47302248.00, -97.46, -94.93
47309876.00, -91.85, -94.30
47317504.00, -91.18, -92.15
47325136.00, -93.03, -94.77
47332764.00, -90.59, -96.28
47340392.00, -91.37, -90.16
47348024.00, -89.41, -90.66
47355652.00, -91.49, -92.01
47363280.00, -90.41, -92.34
47370912.00, -92.59, -94.09
47378540.00, -92.46, -91.95
47386168.00, -92.80, -89.75
47393800.00, -93.61, -92.87
47401428.00, -91.54, -94.60
47409056.00, -91.93, -93.22
47416688.00, -95.12, -89.21
47424316.00, -91.85, -89.11
47431944.00, -90.79, -89.03
47439576.00, -89.49, -89.69
47447204.00, -90.31, -92.94
47454832.00, -91.27, -93.01
47462464.00, -91.31, -95.29
47470092.00, -93.28, -96.87
47477724.00, -95.96, -95.18
47485352.00, -91.40, -90.69
47492980.00, -93.39, -92.31
47500612.00, -91.80, -91.93
47508240.00, -92.20, -92.40
47515868.00, -91.52, -90.16
47523500.00, -90.67, -93.92
47531128.00, -92.14, -91.93
47538756.00, -94.17, -93.57
47546388.00, -92.97, -94.95
47554016.00, -90.26, -93.47
47561644.00, -88.60, -91.40
47569276.00, -91.34, -91.22
47576904.00, -95.34, -90.71
47584532.00, -93.25, -93.38
47592164.00, -91.93, -93.74
47599792.00, -91.67, -90.80
47607420.00, -91.83, -92.85
47615052.00, -92.07, -94.79
47622680.00, -89.52, -93.57
47630312.00, -88.92, -92.98
47637940.00, -89.58, -91.02
47645568.00, -95.03, -90.20
47653200.00, -98.09, -92.33
47660828.00, -95.10, -91.61
47668456.00, -91.40, -93.40
47676088.00, -92.53, -91.36
47683716.00, -90.41, -90.78
47691344.00, -88.97, -91.30
47698976.00, -89.34, -91.56
47706604.00, -89.14, -91.76
47714232.00, -93.22, -91.24
47721864.00, -93.79, -90.34
47729492.00, -89.80, -89.25
47737120.00, -89.14, -90.39
47744752.00, -91.07, -93.43
47752380.00, -91.00, -93.61
47760008.00, -90.30, -90.70
47767640.00, -89.74, -91.77
47775268.00, -90.76, -90.98
47782896.00, -92.50, -91.38
47790528.00, -93.50, -91.23
47798156.00, -90.67, -93.16
47805788.00, -89.84, -89.76
47813416.00, -90.50, -89.51
47821044.00, -92.06, -93.03
47828676.00, -91.17, -89.02
47836304.00, -89.81, -91.76
47843932.00, -90.21, -92.29
47851564.00, -91.48, -92.75
47859192.00, -94.12, -94.64
47866820.00, -93.47, -94.53
47874452.00, -93.33, -97.28
47882080.00, -93.83, -93.00
47889708.00, -90.86, -91.90
47897340.00, -92.23, -96.13
47904968.00, -90.64, -96.69
47912596.00, -90.52, -91.35
47920228.00, -90.83, -89.02
47927856.00, -92.39, -90.62
47935484.00, -93.08, -91.51
47943116.00, -90.99, -93.14
47950744.00, -89.79, -94.86
47958376.00, -91.26, -90.84
47966004.00, -91.33, -91.30
47973632.00, -93.07, -96.83
47981264.00, -89.46, -94.98
47988892.00, -91.51, -92.47
47996520.00, -93.97, -93.95
48004152.00, -90.92, -97.68
48011780.00, -89.84, -92.94
48019408.00, -92.34, -90.38
48027040.00, -89.37, -89.72
48034668.00, -92.59, -90.18
48042296.00, -90.65, -90.38
48049928.00, -89.16, -91.25
48057556.00, -93.37, -90.95
48065184.00, -91.11, -92.97
48072816.00, -91.64, -91.24
48080444.00, -93.73, -91.82
48088072.00, -90.49, -92.29
48095704.00, -91.46, -92.83
48103332.00, -92.16, -93.13
48110960.00, -97.30, -93.88
48118592.00, -92.74, -93.01
48126220.00, -90.44, -93.19
48133852.00, -95.17, -91.56
48141480.00, -93.36, -87.60
48149108.00, -90.79, -89.11
48156740.00, -93.53, -92.16
48164368.00, -93.94, -94.06
48171996.00, -90.38, -94.42
48179628.00, -91.70, -92.56
48187256.00, -95.77, -94.35
48194884.00, -93.12, -93.38
48202516.00, -92.03, -89.67
48210144.00, -92.30, -88.46
48217772.00, -91.81, -89.69
48225404.00, -91.15, -92.14
48233032.00, -89.22, -90.41
48240660.00, -90.73, -92.16
48248292.00, -91.46, -90.10
48255920.00, -89.87, -90.81
48263548.00, -91.02, -90.53
48271180.00, -95.48, -92.46
48278808.00, -91.55, -92.84
48286436.00, -92.36, -92.16
48294068.00, -92.55, -92.29
48301696.00, -93.56, -91.83
48309328.00, -92.02, -94.19
48316956.00, -92.58, -95.64
48324584.00, -91.43, -93.29
48332216.00, -90.52, -89.87
48339844.00, -91.60, -91.84
48347472.00, -91.78, -92.16
48355104.00, -94.73, -92.38
48362732.00, -91.75, -91.26
48370360.00, -92.34, -90.35
48377992.00, -93.56, -93.56
48385620.00, -94.09, -94.15
48393248.00, -94.21, -94.44
48400880.00, -94.61, -92.50
48408508.00, -92.90, -92.69
48416136.00, -92.42, -91.19
48423768.00, -92.81, -93.61
48431396.00, -90.90, -92.51
48439024.00, -93.79, -89.76
48446656.00, -91.67, -90.49
48454284.00, -90.83, -97.80
48461916.00, -92.64, -91.51
48469544.00, -92.61, -91.74
48477172.00, -90.48, -94.11
48484804.00, -91.10, -90.21
48492432.00, -89.82, -91.80
48500060.00, -93.20, -92.32
48507692.00, -91.72, -92.24
48515320.00, -91.99, -92.65
48522948.00, -93.44, -90.24
48530580.00, -92.41, -89.59
48538208.00, -92.73, -89.39
48545836.00, -91.98, -92.84
48553468.00, -92.89, -92.41
48561096.00, -91.35, -90.71
48568724.00, -89.50, -91.29
48576356.00, -90.16, -92.58
48583984.00, -95.62, -97.41
48591612.00, -89.49, -94.02
48599244.00, -91.21, -90.44
48606872.00, -92.01, -88.78
48614500.00, -93.84, -89.08
48622132.00, -91.85, -91.01
48629760.00, -89.76, -92.23
48637392.00, -90.24, -92.43
48645020.00, -91.09, -90.14
48652648.00, -94.62, -91.54
48660280.00, -92.86, -90.99
48667908.00, -89.66, -90.86
48675536.00, -92.20, -91.78
48683168.00, -91.56, -91.23
48690796.00, -91.66, -89.94
48698424.00, -91.86, -90.88
48706056.00, -93.83, -90.63
48713684.00, -90.14, -92.19
48721312.00, -87.36, -90.73
48728944.00, -90.22, -90.30
48736572.00, -96.19, -89.86
48744200.00, -92.05, -88.57
48751832.00, -91.51, -94.38
48759460.00, -90.71, -95.53
48767088.00, -90.75, -91.90
48774720.00, -96.99, -92.49
48782348.00, -90.77, -93.28
48789980.00, -91.46, -93.85
48797608.00, -92.90, -91.35
48805236.00, -91.88, -91.30
48812868.00, -90.30, -93.52
48820496.00, -89.70, -92.92
48828124.00, -91.70, -93.77
48835756.00, -93.05, -91.16
48843384.00, -90.81, -92.42
48851012.00, -93.26, -94.79
48858644.00, -91.43, -90.42
48866272.00, -91.38, -90.29
48873900.00, -92.97, -92.68
48881532.00, -94.23, -91.21
48889160.00, -93.83, -91.38
48896788.00, -90.74, -91.72
48904420.00, -90.60, -91.12
48912048.00, -92.20, -89.86
48919676.00, -91.35, -91.82
48927308.00, -93.74, -92.65
48934936.00, -94.70, -94.67
48942564.00, -91.70, -92.76
48950196.00, -88.59, -89.72
48957824.00, -89.61, -89.78
48965456.00, -91.86, -91.49
48973084.00, -92.76, -92.64
48980712.00, -93.48, -92.20
48988344.00, -94.26, -91.97
48995972.00, -88.78, -90.98
49003600.00, -92.45, -90.87
49011232.00, -91.90, -91.41
49018860.00, -92.51, -90.56
49026488.00, -93.95, -92.39
49034120.00, -91.00, -91.01
49041748.00, -92.03, -91.90
49049376.00, -95.96, -90.44
49057008.00, -95.82, -93.46
49064636.00, -93.12, -91.07
49072264.00, -91.12, -92.84
49079896.00, -93.23, -92.86
49087524.00, -92.19, -93.23
49095152.00, -94.53, -91.60
49102784.00, -95.80, -92.34
49110412.00, -94.63, -89.83
49118040.00, -93.39, -93.21
49125672.00, -94.40, -92.80
49133300.00, -93.55, -94.56
49140932.00, -94.46, -91.75
49148560.00, -94.55, -88.42
49156188.00, -92.82, -89.82
49163820.00, -92.61, -93.30
49171448.00, -94.61, -91.48
49179076.00, -92.16, -95.31
49186708.00, -89.54, -92.42
49194336.00, -86.71, -92.43
49201964.00, -88.59, -91.46
49209596.00, -88.80, -91.80
49217224.00, -92.03, -91.12
49224852.00, -97.07, -90.47
49232484.00, -92.82, -94.04
49240112.00, -94.18, -93.55
49247740.00, -92.58, -94.33
49255372.00, -92.91, -92.36
49263000.00, -92.51, -89.13
49270628.00, -91.77, -91.70
49278260.00, -90.12, -91.60
49285888.00, -92.62, -88.35
49293520.00, -90.95, -89.87
49301148.00, -90.36, -92.80
49308776.00, -95.44, -91.72
49316408.00, -93.59, -91.87
49324036.00, -91.95, -90.75
49331664.00, -92.64, -93.71
49339296.00, -92.97, -91.64
49346924.00, -92.46, -90.96
49354552.00, -93.76, -93.36
49362184.00, -91.72, -92.66
49369812.00, -91.01, -89.87
49377440.00, -91.67, -90.70
49385072.00, -95.90, -92.21
49392700.00, -93.44, -91.37
49400328.00, -90.62, -92.75
49407960.00, -90.63, -90.89
49415588.00, -94.32, -91.91
49423216.00, -94.64, -89.40
49430848.00, -98.33, -89.58
49438476.00, -92.19, -94.01
49446104.00, -90.82, -94.31
49453736.00, -91.52, -94.60
49461364.00, -91.47, -93.54
49468996.00, -91.10, -92.37
49476624.00, -91.20, -90.57
49484252.00, -93.87, -93.08
49491884.00, -92.14, -88.51
49499512.00, -94.94, -89.33
49507140.00, -92.98, -91.38
49514772.00, -91.99, -90.69
49522400.00, -92.38, -92.47
49530028.00, -90.46, -91.81
49537660.00, -91.53, -91.82
49545288.00, -90.61, -91.86
49552916.00, -91.12, -93.45
49560548.00, -89.45, -91.80
49568176.00, -93.23, -93.96
49575804.00, -92.37, -93.61
49583436.00, -90.88, -90.93
49591064.00, -94.07, -90.69
49598692.00, -91.05, -90.94
49606324.00, -92.65, -89.62
49613952.00, -92.47, -89.18
49621584.00, -93.76, -92.05
49629212.00, -90.65, -91.73
49636840.00, -93.44, -94.50
49644472.00, -94.63, -90.25
49652100.00, -92.00, -90.84
49659728.00, -91.35, -91.79
49667360.00, -90.13, -91.07
49674988.00, -91.89, -93.54
49682616.00, -91.44, -94.07
49690248.00, -91.65, -89.74
49697876.00, -91.68, -91.53
49705504.00, -95.46, -92.59
49713136.00, -90.97, -91.78
49720764.00, -93.75, -90.66
49728392.00, -93.69, -91.39
49736024.00, -92.35, -91.05
49743652.00, -91.60, -92.29
49751280.00, -91.56, -89.83
49758912.00, -92.75, -90.44
49766540.00, -92.35, -91.00
49774168.00, -88.44, -91.41
49781800.00, -91.91, -92.81
49789428.00, -92.17, -92.83
49797060.00, -94.09, -94.36
49804688.00, -92.35, -96.63
49812316.00, -90.56, -91.19
49819948.00, -92.42, -92.00
49827576.00, -92.36, -93.40
49835204.00, -94.14, -90.08
49842836.00, -91.73, -92.67
49850464.00, -92.01, -90.45
49858092.00, -91.47, -92.10
49865724.00, -92.25, -92.38
49873352.00, -92.29, -93.99
49880980.00, -93.72, -91.94
49888612.00, -93.98, -97.05
49896240.00, -92.34, -93.24
49903868.00, -91.52, -95.12
49911500.00, -91.63, -95.38
49919128.00, -91.05, -92.72
49926756.00, -92.12, -92.52
49934388.00, -91.39, -91.93
49942016.00, -91.62, -91.27
49949644.00, -92.48, -91.81
49957276.00, -92.02, -90.76
49964904.00, -91.25, -92.23
49972536.00, -95.25, -91.66
49980164.00, -94.63, -93.90
49987792.00, -92.60, -92.16
49995424.00, -88.77, -90.98
