g++ cpp_feedback_loop.cpp -Wall -std=c++20  -I/opt/redpitaya/include -L/opt/redpitaya/lib -static -lrp-hw-can -lrp -lrp-hw-calib -lrp-hw-profiles -lrp-gpio -lrp-i2c -lrp-hw -lm -lstdc++ -lpthread -li2c -lsocketcan -o cpp_feedback_loop
-0.002197
0.000000
-0.001099
-0.002441
-0.000854
-0.001343
-0.001831
-0.002197
-0.001343
-0.002075
-0.001465
-0.000977
-0.002197
-0.001709
-0.000732
-0.002441
0.000000
-0.001343
-0.001221
-0.001343
-0.002075
-0.000610
-0.001587
-0.000488
-0.001221
-0.002686
-0.002319
-0.002441
-0.000488
-0.000854
-0.002075
-0.001587
-0.001709
-0.002319
-0.001343
-0.002197
-0.001221
-0.000732
-0.001343
-0.001709
-0.001465
-0.002441
-0.001953
-0.000854
-0.001831
-0.001709
-0.001099
-0.001465
-0.001709
-0.002563
-0.000244
-0.001831
-0.000854
-0.001587
-0.001831
-0.001587
-0.000122
-0.001343
-0.001831
-0.001099
-0.002563
-0.002441
-0.000854
-0.001343
-0.000854
-0.001831
-0.002197
-0.000854
-0.001465
-0.002930
-0.001709
-0.001465
-0.002197
-0.002319
-0.000732
-0.001831
-0.001221
-0.000488
-0.001587
-0.000854
-0.002197
-0.001465
-0.001099
-0.001221
-0.000854
-0.000854
-0.002197
-0.001221
-0.001953
-0.001465
-0.001831
-0.002075
-0.001709
-0.001099
-0.000977
-0.001831
-0.001343
-0.000366
-0.000732
-0.001831
-0.000854
-0.000732
-0.000610
-0.000732
-0.002319
-0.001709
-0.001343
-0.001221
-0.002075
-0.001709
-0.000610
-0.002319
-0.000488
-0.001953
-0.000732
-0.002197
-0.002563
-0.000854
-0.000244
-0.001099
-0.001343
0.000122
-0.002563
-0.001465
-0.002075
-0.001709
-0.001221
-0.001709
-0.000244
-0.001709
-0.001465
-0.001709
-0.001831
-0.002319
0.000610
-0.002197
-0.001709
-0.000244
-0.002075
-0.001099
-0.001831
-0.001343
0.000244
-0.000610
-0.002075
-0.002197
-0.001099
-0.001587
-0.000488
-0.001343
-0.000488
-0.001099
-0.000122
-0.001465
-0.001343
-0.001099
-0.001099
-0.001343
-0.001465
-0.001099
-0.001465
-0.001465
-0.001221
-0.001099
-0.001465
-0.002075
-0.000854
-0.001831
-0.000732
-0.000610
-0.001831
-0.001099
-0.001221
-0.001221
-0.001099
-0.001465
-0.001831
-0.001465
-0.002197
-0.001099
-0.000732
-0.001953
-0.001709
-0.001221
-0.002319
-0.001953
-0.002563
-0.002197
-0.000854
-0.001221
-0.001465
-0.001587
-0.001709
-0.000488
-0.001221
-0.002075
-0.001709
-0.001343
-0.001587
-0.002319
-0.001343
-0.000732
-0.001587
-0.000977
-0.000244
-0.001343
-0.001953
-0.001099
-0.000732
-0.002075
-0.001953
-0.001465
-0.001221
-0.001953
-0.000732
-0.000854
-0.001709
-0.000488
-0.001953
-0.002441
-0.001709
-0.001099
-0.001831
-0.001709
-0.002075
-0.001587
-0.001221
-0.001831
-0.001953
-0.001221
-0.000854
-0.002197
-0.001343
-0.000610
-0.002686
-0.002197
-0.002441
-0.002319
-0.001709
-0.002075
-0.001709
-0.000732
-0.001587
-0.001587
-0.001465
-0.000732
-0.001221
-0.002075
-0.001587
-0.000610
-0.001099
-0.001953
-0.001343
-0.001709
-0.000854
-0.000977
-0.000977
-0.001221
-0.001099
-0.000854
-0.001587
0.000000
-0.000366
-0.001099
-0.000488
-0.000977
-0.000732
-0.002319
-0.001953
-0.001099
-0.001709
-0.001221
-0.000488
-0.001587
-0.001831
-0.001709
-0.001587
-0.001709
-0.001221
-0.002075
-0.000122
-0.002319
-0.000732
-0.000854
-0.001587
-0.001099
-0.001709
-0.001709
-0.002441
-0.001099
-0.000977
-0.001099
-0.001343
-0.001831
-0.001465
-0.001343
-0.001343
-0.002197
-0.001587
-0.001343
-0.000977
-0.000854
-0.001465
-0.002075
-0.001343
-0.001221
-0.001465
-0.001343
-0.002319
-0.001709
-0.001343
-0.000366
-0.001343
-0.001709
-0.001221
-0.001221
-0.001343
-0.000854
-0.001099
-0.000610
-0.000732
-0.000977
-0.001709
-0.001099
-0.001953
-0.002441
-0.001221
-0.000854
-0.001221
-0.002075
-0.002197
-0.000610
-0.001831
-0.001709
-0.001221
-0.000610
-0.002075
-0.000732
-0.002441
-0.002319
-0.001221
-0.001709
-0.001221
-0.000977
-0.002319
-0.001099
-0.001953
-0.001709
-0.000854
-0.001709
-0.001343
-0.001221
-0.001465
-0.002319
-0.001465
-0.000854
-0.001465
-0.002563
-0.001343
-0.001221
-0.002075
-0.001465
-0.000977
-0.000488
-0.002686
-0.001709
-0.002197
-0.001953
-0.001709
-0.001587
-0.001221
-0.001099
-0.000977
-0.002563
-0.001099
-0.000977
-0.001831
-0.001587
-0.001587
-0.000488
-0.001343
0.000610
-0.001221
-0.000610
-0.000854
-0.002319
-0.000610
-0.002441
-0.001465
-0.000610
-0.001343
-0.001709
-0.000732
-0.001099
-0.001831
-0.001953
-0.001465
-0.000732
0.000488
-0.001099
-0.001465
-0.001465
-0.001709
-0.000610
-0.001099
-0.001343
-0.001343
-0.001953
-0.000366
-0.001099
-0.001343
-0.001221
-0.001099
-0.001099
-0.002686
-0.001709
-0.001831
-0.002197
-0.000732
-0.002441
-0.000610
-0.001099
-0.001343
-0.001099
-0.001587
-0.000610
-0.000977
-0.001465
-0.000854
-0.001343
-0.002197
-0.000488
-0.001953
-0.001343
0.000122
-0.001099
-0.001221
-0.000610
-0.001465
-0.001343
-0.000977
-0.002075
-0.001221
-0.000854
0.000366
-0.001099
-0.001587
-0.002563
-0.001099
-0.001221
-0.001709
-0.001587
-0.001587
-0.001221
-0.002319
-0.001953
-0.000366
-0.001221
-0.002441
-0.000488
-0.002441
-0.001221
-0.001831
-0.002319
-0.001343
-0.001587
-0.001831
-0.001709
-0.000244
-0.000854
-0.002197
-0.001709
-0.002197
-0.002197
-0.002319
-0.000854
-0.002197
-0.001343
-0.000610
-0.000854
-0.001831
-0.001465
-0.001587
-0.001831
-0.002197
-0.002930
-0.001465
-0.000610
-0.001587
-0.001343
-0.000366
-0.001343
-0.001099
-0.001343
-0.001587
-0.001709
-0.001953
-0.001709
-0.001099
-0.001465
-0.001221
-0.000610
-0.002197
-0.001709
-0.000244
-0.001465
-0.002075
-0.002563
-0.001343
-0.002441
-0.001465
-0.001831
-0.002075
-0.001709
-0.001709
-0.001221
-0.001343
-0.001343
-0.001343
-0.001587
-0.000977
-0.001343
-0.002930
-0.001343
-0.001465
-0.001953
-0.001465
-0.000488
-0.002197
-0.001709
-0.000732
-0.000854
-0.000977
-0.001953
-0.001099
-0.001587
-0.001953
-0.002319
-0.000854
-0.000977
-0.001465
-0.001343
-0.002441
-0.001953
-0.001953
-0.000732
-0.002319
-0.001099
-0.001709
-0.000610
-0.001465
-0.002197
-0.001465
-0.001465
-0.001831
-0.001587
-0.002808
-0.002563
-0.001099
-0.000732
-0.000610
-0.000854
-0.001709
-0.002197
-0.000854
-0.000610
-0.002808
-0.002319
-0.001587
-0.001221
-0.000732
-0.000244
-0.002075
-0.000854
-0.000977
-0.000366
-0.001221
-0.000854
-0.000488
-0.001953
-0.000732
-0.000610
-0.000977
-0.000977
-0.002808
-0.002563
-0.001587
-0.000732
-0.001221
-0.002197
-0.001953
-0.001343
-0.001221
-0.001587
-0.000854
-0.000977
-0.001099
-0.000488
-0.001099
-0.001099
-0.001099
-0.000610
-0.000122
-0.001343
-0.001465
-0.000977
-0.000366
-0.002075
-0.002808
-0.003174
-0.001465
-0.000488
-0.001221
-0.000244
-0.002563
-0.001221
-0.001221
-0.001709
-0.000732
-0.001221
-0.001465
-0.001099
-0.000732
-0.001221
-0.001709
-0.001099
-0.000366
-0.000977
-0.000854
-0.001099
-0.001343
-0.001343
-0.001953
-0.001465
-0.001099
0.000000
-0.000366
-0.002441
-0.001343
-0.001587
-0.001221
-0.001099
-0.001831
-0.001343
-0.000732
-0.000977
-0.001953
-0.000854
-0.000366
-0.001221
-0.000854
-0.000488
-0.001587
-0.001099
-0.000244
-0.002808
-0.001465
-0.000122
-0.001465
-0.000366
-0.002075
-0.001953
-0.000610
-0.001953
-0.001221
-0.001465
-0.001221
-0.000610
-0.002319
-0.001709
-0.002319
-0.000854
-0.002075
-0.002319
-0.000366
-0.000977
-0.000244
-0.000854
-0.001587
-0.001343
-0.001465
-0.001221
-0.000732
-0.000977
-0.000122
-0.000610
-0.001831
-0.002808
-0.001709
-0.001465
-0.001587
-0.000366
0.000122
-0.001709
-0.002075
-0.001465
-0.001221
-0.001343
-0.001343
-0.000854
-0.001831
-0.001709
-0.002319
-0.001953
0.000000
-0.001587
-0.000854
-0.001465
-0.002197
-0.001343
-0.001465
-0.001465
-0.001221
-0.001221
-0.001221
-0.001343
-0.001953
-0.001221
-0.000732
-0.001831
-0.001465
-0.000977
-0.000977
-0.000977
-0.000366
-0.001831
-0.000488
0.000122
-0.000122
-0.000854
-0.001099
-0.002930
-0.001465
-0.000977
-0.000488
-0.001099
-0.002441
-0.001465
-0.001221
-0.001465
-0.001343
-0.001099
-0.001099
-0.001709
-0.001465
-0.001221
-0.001709
-0.001831
-0.001221
-0.001587
-0.001465
-0.001343
-0.001587
-0.000977
-0.000977
-0.000854
-0.000732
-0.000977
-0.001953
-0.001709
0.000000
-0.001099
-0.000854
-0.001221
-0.002197
-0.000854
-0.000854
-0.001709
-0.001221
-0.000488
-0.001343
-0.001099
-0.001221
-0.000977
-0.000610
-0.002075
-0.001099
-0.001465
-0.001831
-0.002319
-0.001343
-0.001831
-0.001343
-0.000610
-0.001953
-0.001709
-0.000732
-0.000732
-0.000977
-0.001343
-0.001709
-0.000244
-0.001709
-0.001465
-0.000854
-0.000854
-0.001831
-0.001587
0.000000
-0.002075
-0.001099
-0.001343
-0.000488
-0.000854
-0.002075
-0.000366
-0.000977
-0.000854
-0.000488
-0.000977
-0.001465
-0.000366
-0.002075
-0.000610
-0.000732
-0.001221
-0.001343
-0.000488
-0.000854
-0.001343
-0.001953
-0.000732
-0.001465
-0.000977
-0.001099
-0.001465
-0.002197
-0.002319
-0.001221
-0.000977
-0.001099
-0.001343
-0.001099
-0.001953
-0.001343
-0.000732
-0.001221
-0.001343
-0.001709
-0.001099
-0.000488
-0.002075
-0.001587
-0.001343
-0.000732
-0.001831
-0.000854
-0.000977
-0.000977
-0.001221
-0.000854
-0.001709
-0.000854
-0.000977
-0.001221
-0.000122
-0.000244
-0.001221
-0.002075
-0.001709
-0.002319
-0.002075
-0.001587
-0.000854
-0.001343
-0.001465
-0.001831
-0.000854
-0.001465
-0.001587
-0.001221
-0.002441
-0.000854
-0.001343
-0.000977
-0.001099
-0.000732
-0.000732
-0.001587
-0.001831
-0.001709
-0.000488
-0.001465
-0.001831
-0.000854
-0.001465
-0.001587
-0.001343
-0.001465
-0.001099
-0.001221
0.000122
-0.000854
-0.001587
-0.001343
-0.001099
-0.000854
-0.001709
-0.001587
-0.001221
-0.000244
-0.002686
-0.001709
-0.000732
-0.002319
-0.001465
-0.002197
-0.001587
-0.001099
-0.001221
-0.002930
-0.001709
-0.001831
-0.001953
-0.002075
-0.001465
-0.001831
-0.001587
-0.000977
-0.001709
-0.001221
-0.001343
-0.001099
-0.001221
-0.002563
-0.001343
-0.002197
-0.001343
-0.000977
-0.002808
-0.001099
-0.000977
-0.001709
-0.001587
-0.001709
-0.001709
-0.001709
-0.000977
-0.001099
-0.002441
-0.001343
-0.001465
-0.002319
-0.000854
-0.000977
-0.001953
-0.001465
-0.002319
-0.001953
-0.002441
-0.001343
-0.001343
-0.000854
-0.000854
-0.001099
-0.001465
-0.000610
-0.001221
-0.000977
-0.000366
-0.000244
-0.001099
-0.001465
-0.000610
-0.000122
-0.001099
-0.001465
-0.001343
-0.001343
-0.000366
-0.000366
-0.002319
-0.001709
-0.002197
-0.002075
-0.001953
-0.001587
-0.000732
-0.000610
-0.000854
-0.001099
-0.000977
-0.001465
-0.000854
-0.001953
-0.001343
-0.000244
-0.001465
-0.001099
-0.001343
-0.001465
-0.001465
-0.001465
-0.001221
-0.001953
-0.001953
-0.000732
-0.002808
-0.001099
-0.000122
-0.001587
-0.001099
-0.001343
-0.001709
-0.002197
-0.002197
-0.001221
-0.001709
-0.000610
-0.000610
-0.000244
-0.001099
-0.001831
-0.001099
-0.001221
-0.000977
-0.001343
-0.001831
-0.001587
-0.002075
-0.000732
-0.000977
-0.001953
-0.000488
-0.002075
-0.000854
-0.000977
-0.001343
-0.000977
-0.000488
-0.001953
-0.001587
-0.000854
-0.002441
-0.001709
-0.001953
-0.001709
-0.001831
-0.002075
-0.001709
-0.002075
0.000122
-0.002319
-0.002808
-0.001709
0.000000
-0.001587
-0.001953
-0.001587
-0.001953
-0.001953
-0.000610
-0.001831
-0.000854
-0.000732
-0.001831
-0.001587
-0.000366
-0.001343
-0.000488
-0.001099
-0.002075
-0.002075
-0.001343
-0.001709
-0.000366
-0.000122
-0.000854
-0.002319
-0.001465
-0.000732
-0.001343
-0.001221
-0.002075
-0.000122
-0.001831
-0.001587
-0.001221
-0.001709
-0.000610
-0.001465
-0.001221
-0.000610
-0.000977
-0.001465
-0.002197
-0.002197
-0.001221
-0.001709
-0.001587
0.000244
-0.001343
-0.002319
-0.001099
-0.002319
-0.002441
-0.002197
-0.001343
-0.001343
-0.001953
-0.001221
-0.001221
-0.000854
-0.001587
-0.002686
-0.001221
-0.000854
-0.002441
-0.001709
-0.001465
-0.001953
-0.000732
-0.001587
-0.000610
-0.000610
-0.001709
-0.001709
-0.001099
-0.001587
-0.001953
-0.001953
-0.000732
-0.000610
-0.001587
-0.000977
-0.001343
-0.002441
-0.001709
-0.001953
-0.000854
-0.001465
-0.001709
-0.001587
-0.001587
-0.000854
-0.001587
-0.001587
-0.000854
0.000366
-0.001343
-0.001221
-0.002075
-0.001465
-0.001465
-0.001465
-0.001099
-0.001709
-0.000610
-0.001221
-0.001343
-0.001709
-0.001831
-0.001465
-0.002441
-0.001587
-0.001465
-0.002319
-0.001221
-0.001221
-0.001587
-0.001953
-0.001709
-0.000610
-0.001465
-0.001343
-0.000854
-0.002319
-0.001587
-0.001465
-0.000732
-0.001465
-0.002686
-0.001221
-0.000977
-0.002441
-0.001709
-0.001221
-0.000610
-0.002075
-0.001709
-0.002197
-0.001099
-0.001465
-0.002686
-0.001221
-0.001221
-0.001465
-0.001099
-0.001099
0.000000
-0.002686
-0.001587
-0.001465
-0.002197
-0.001465
-0.001587
-0.001953
-0.000732
-0.001709
-0.001465
-0.000977
-0.000610
-0.001587
-0.002075
-0.002197
-0.001709
-0.000854
-0.000977
-0.002319
-0.000732
-0.000488
-0.001709
-0.001221
-0.000977
-0.000122
-0.001465
-0.001465
-0.001587
-0.001343
-0.000732
-0.002319
-0.001953
-0.001099
-0.002808
-0.000244
-0.001465
-0.001709
-0.000854
-0.001587
-0.001465
-0.001343
-0.001343
-0.001343
-0.001221
0.000244
-0.001831
-0.001465
-0.001587
-0.001709
-0.001099
-0.001587
-0.001465
-0.001099
-0.002197
-0.000610
-0.000122
-0.001221
-0.001465
-0.001221
-0.000488
-0.000977
-0.001953
-0.000854
-0.002563
-0.001709
-0.001221
-0.001343
-0.001709
-0.001465
-0.001465
-0.001221
-0.001953
-0.000854
-0.000977
-0.001343
-0.002197
-0.002075
-0.001709
-0.001099
-0.000732
-0.002563
0.000000
-0.001709
-0.002563
-0.000854
-0.001709
-0.001709
-0.000488
-0.001587
-0.001831
-0.000122
-0.001343
-0.001709
-0.000977
-0.001953
-0.002197
-0.001709
-0.002075
-0.000488
-0.002319
-0.000122
-0.001221
-0.002319
-0.001465
-0.001587
-0.001099
-0.000610
-0.000732
-0.001709
0.000000
-0.002563
-0.002075
-0.001099
-0.001343
-0.002686
-0.001221
-0.001587
-0.000244
-0.002197
-0.001709
-0.001099
-0.001465
-0.000488
-0.001099
-0.000610
-0.001221
-0.000610
-0.001221
-0.000488
-0.000732
-0.001343
-0.002197
-0.003174
-0.001099
-0.000610
-0.000977
-0.001099
-0.000977
-0.002075
-0.002319
-0.001343
-0.002075
-0.001709
-0.000977
-0.001099
-0.001953
-0.001953
-0.002441
-0.001587
-0.001099
-0.001343
-0.001221
-0.001953
-0.001343
-0.001587
-0.001465
-0.000244
-0.000977
-0.002319
-0.000488
-0.001587
-0.001099
-0.001221
-0.001709
-0.001831
-0.000854
-0.001831
-0.001953
-0.000244
-0.000244
-0.001831
-0.001709
-0.001831
-0.002075
-0.001221
-0.000244
-0.001343
-0.002197
-0.001709
-0.000122
-0.000732
-0.001221
-0.001465
-0.001831
-0.001221
-0.002686
-0.001587
-0.000732
-0.001343
-0.001343
-0.000488
-0.002075
-0.001709
-0.001587
-0.001465
-0.000854
-0.002075
-0.001099
-0.001099
-0.001221
-0.001099
-0.001587
-0.000854
-0.002563
-0.001465
-0.001465
-0.001465
-0.001953
-0.001709
-0.001709
-0.001465
-0.001953
-0.000854
-0.001221
-0.001953
-0.000732
-0.001953
-0.002197
-0.000854
-0.001465
-0.001465
-0.000854
-0.001587
-0.001953
-0.001587
0.000122
-0.001953
-0.001099
-0.001587
-0.001831
-0.000854
-0.002319
-0.000854
-0.001831
-0.001465
-0.000977
-0.001953
-0.000610
-0.002808
-0.001587
-0.001587
-0.002686
-0.002075
-0.001221
-0.001953
-0.001953
-0.000732
-0.001587
-0.001953
-0.001221
-0.002319
-0.002197
-0.001221
-0.001587
-0.001099
-0.001953
-0.000610
-0.001465
-0.001831
-0.001709
-0.002075
-0.001587
-0.001099
-0.000610
-0.002197
-0.000854
-0.002075
-0.001587
-0.001343
-0.001343
-0.001221
-0.002441
-0.002319
-0.001587
-0.001709
-0.002319
-0.000610
-0.002197
-0.002563
-0.002441
-0.001465
-0.001221
-0.001343
-0.001465
-0.000977
-0.000732
-0.002686
-0.001221
-0.001343
-0.001709
-0.001953
-0.001099
-0.000610
-0.000977
-0.001587
-0.002319
-0.000854
-0.001709
-0.002197
-0.002075
-0.001709
-0.001709
-0.001099
-0.002197
-0.000122
-0.001099
-0.002563
-0.000732
-0.000854
-0.000732
-0.000977
-0.002319
0.000244
-0.000854
-0.002319
-0.001709
-0.002563
-0.001709
-0.001221
-0.002563
-0.000610
-0.001465
-0.001587
-0.002075
-0.001099
-0.002197
-0.002075
-0.001709
-0.000610
-0.002441
-0.002319
-0.002197
-0.002563
-0.001709
-0.002075
-0.001221
-0.001099
-0.002319
-0.001465
-0.001465
-0.001221
-0.001587
-0.000610
-0.001465
-0.002808
-0.001709
-0.001465
-0.002319
-0.001221
-0.001587
-0.000488
-0.003174
-0.001465
-0.001221
-0.002197
-0.002441
-0.002563
-0.000854
-0.000366
-0.001343
-0.000854
-0.002808
-0.002319
-0.001343
-0.001099
-0.001953
-0.001343
-0.001221
-0.001343
-0.000854
-0.002319
-0.002563
-0.001709
-0.001953
-0.001221
-0.001465
-0.000732
-0.003174
-0.001221
-0.000854
-0.002197
-0.000854
-0.001465
-0.001465
-0.002197
-0.001953
-0.001709
-0.001221
-0.000977
-0.001953
-0.000610
-0.000732
-0.001221
-0.001953
-0.001709
-0.000732
-0.002319
-0.001953
-0.002075
-0.001465
-0.000977
-0.002808
-0.002563
-0.001709
-0.001099
-0.001831
-0.001587
-0.000977
-0.002197
-0.000854
-0.002563
-0.001221
-0.001953
-0.001953
-0.001465
-0.001587
-0.001953
-0.001709
-0.000488
-0.002808
-0.001709
-0.002563
-0.001587
-0.001221
-0.002197
-0.000854
-0.001709
-0.002075
-0.001465
-0.001587
-0.002930
-0.001587
-0.001465
-0.000977
-0.002197
-0.001099
-0.001709
-0.000977
-0.001709
-0.000977
-0.001709
-0.001709
-0.001343
-0.001831
-0.002075
-0.001221
-0.001831
-0.001343
-0.001953
-0.001709
-0.002808
-0.000854
-0.000610
-0.000854
-0.000732
-0.000732
-0.001953
-0.000854
-0.001587
-0.002686
-0.001221
-0.002075
-0.002319
-0.001953
-0.001709
-0.001465
-0.000732
0.000244
-0.002441
-0.001343
-0.000610
-0.001587
-0.000854
-0.000977
-0.001099
-0.001099
-0.001343
-0.002075
-0.001099
-0.002197
-0.001953
-0.001099
-0.002075
-0.001587
-0.001587
-0.001099
-0.001221
-0.002075
-0.001343
-0.002686
-0.002197
-0.000610
-0.000610
-0.002930
-0.002319
-0.001953
-0.001343
-0.002319
-0.000854
-0.001099
-0.002197
-0.002808
-0.001587
-0.002441
-0.001221
-0.000122
-0.000366
-0.000977
-0.002197
-0.001587
-0.000732
-0.001709
-0.001465
-0.001221
-0.001953
-0.002075
-0.002319
-0.000854
-0.001709
-0.001221
-0.003052
-0.001587
-0.000122
-0.002075
-0.000854
-0.003052
-0.002441
-0.000610
-0.001099
-0.002319
-0.001709
-0.000977
-0.001099
-0.001099
-0.001587
-0.002319
-0.001587
-0.001587
-0.000977
-0.002441
-0.002075
-0.001465
-0.002197
-0.001709
-0.001099
-0.001099
-0.001953
-0.002930
-0.000366
-0.001343
-0.002441
-0.001953
-0.001587
-0.002808
-0.001343
-0.001587
-0.001099
-0.001953
-0.002319
-0.001343
-0.001221
-0.001099
-0.001709
-0.001709
-0.001221
-0.001587
-0.002075
-0.002075
-0.002563
-0.002930
-0.002563
-0.001709
-0.000610
-0.000977
-0.001465
-0.002075
-0.001343
-0.001343
-0.000854
-0.001831
-0.001465
0.000244
-0.000610
-0.001343
-0.001465
-0.001831
-0.001587
-0.001587
-0.000977
-0.001465
-0.001831
-0.001465
-0.001465
-0.000977
-0.000488
-0.000488
-0.001221
-0.001221
-0.001221
-0.001709
-0.001221
-0.001343
-0.001831
-0.001343
-0.000610
-0.001831
-0.001587
-0.000366
-0.001221
-0.001465
-0.001709
-0.001221
-0.001953
-0.002075
-0.002197
-0.002197
-0.001953
-0.001465
-0.002197
-0.001587
-0.000854
-0.002441
-0.000854
-0.001221
-0.001099
-0.001709
-0.002075
-0.001953
-0.001709
-0.001099
-0.001709
-0.001831
-0.001465
-0.001343
-0.000488
-0.002197
-0.002197
-0.001709
-0.000366
-0.001709
-0.002075
-0.001343
-0.001831
-0.002563
-0.000854
-0.003052
-0.002563
-0.001709
-0.000610
-0.000854
-0.001953
-0.001465
-0.002197
-0.000732
-0.002197
-0.001465
-0.001465
-0.001831
-0.000732
-0.002197
-0.003052
-0.001953
-0.003296
-0.001587
-0.000977
-0.002930
-0.001587
-0.001831
-0.001343
-0.001465
-0.001465
-0.001587
-0.000732
-0.000488
-0.001343
-0.002319
-0.001465
-0.000732
-0.000244
-0.001343
-0.001343
-0.001709
-0.001465
-0.000366
-0.002686
-0.000854
-0.002441
-0.001465
-0.001099
-0.001221
-0.001587
-0.001343
-0.000488
-0.001465
-0.002686
-0.001221
-0.000854
-0.002197
-0.001709
-0.000854
-0.001587
-0.001587
-0.001709
-0.001709
-0.000854
-0.002319
-0.002197
-0.000854
-0.000854
-0.002686
-0.001221
-0.001831
-0.001709
-0.000122
-0.001343
-0.001221
-0.001709
-0.001465
0.000000
-0.001221
-0.000854
-0.001465
-0.001953
-0.001099
-0.000244
-0.002075
-0.001465
-0.000854
-0.000488
-0.001221
-0.000488
-0.001099
-0.001343
-0.001831
-0.002441
-0.001587
-0.000854
-0.000488
-0.001587
-0.001343
-0.001465
-0.001221
-0.000977
-0.001465
-0.001587
-0.000977
-0.001099
-0.001587
-0.001709
-0.000732
-0.000854
-0.000244
-0.000488
-0.001953
-0.001587
-0.002197
-0.001709
-0.001221
-0.002563
-0.000366
-0.001465
-0.001831
-0.001953
-0.002197
-0.002197
-0.001221
-0.000488
-0.001831
-0.002075
-0.001221
-0.001953
-0.001709
-0.000244
-0.000977
-0.001221
-0.001099
-0.001343
-0.001343
-0.000977
-0.001953
-0.001587
-0.001221
-0.000977
-0.001343
-0.001953
-0.001953
-0.002563
-0.001709
-0.001221
-0.001221
-0.000977
-0.001587
-0.002197
-0.001099
-0.001343
-0.001831
-0.001709
-0.001343
-0.000977
-0.002319
-0.001099
-0.001465
-0.002197
-0.001953
-0.002197
-0.002075
-0.001465
-0.000732
-0.002075
-0.000854
-0.000732
-0.001343
-0.001953
-0.001221
-0.000977
-0.001221
-0.002197
-0.001709
-0.001221
-0.001587
-0.000854
-0.000610
-0.000854
-0.002441
-0.001953
-0.001099
-0.001099
-0.000977
-0.001221
-0.001221
-0.000977
-0.001343
-0.000610
-0.000732
-0.000610
-0.000854
-0.000854
-0.001221
-0.001465
-0.001221
-0.001465
-0.001587
-0.000732
-0.000732
-0.001099
-0.002197
-0.001099
-0.000732
-0.002319
-0.000610
-0.002319
-0.001709
-0.000122
-0.002686
-0.001953
-0.002075
-0.002075
-0.000854
-0.002319
-0.001465
-0.001465
-0.001099
-0.001343
-0.001221
-0.002075
-0.001953
-0.002075
-0.001953
-0.001953
-0.001221
-0.001099
-0.001831
-0.001343
-0.001831
-0.002563
-0.001221
-0.001465
-0.002075
-0.002075
-0.000488
-0.002808
-0.002075
-0.000122
-0.001953
-0.001709
-0.000732
-0.003296
-0.002563
-0.001465
-0.001953
0.000244
-0.000854
-0.000977
-0.002075
-0.001709
-0.001709
-0.001587
-0.001343
-0.002319
-0.001709
-0.001221
-0.001953
-0.001953
-0.000854
-0.002808
-0.001343
-0.002075
-0.002563
-0.001709
-0.001587
-0.001343
-0.001953
-0.001709
-0.001343
-0.001343
-0.001465
-0.001465
-0.001221
-0.000610
-0.002808
-0.001709
-0.001343
-0.001587
-0.001587
-0.001343
-0.001465
-0.002441
-0.001343
-0.000854
-0.002930
-0.002197
-0.001343
-0.000854
-0.001709
-0.001831
-0.001099
-0.001709
-0.000977
-0.001831
-0.002197
-0.001465
-0.001221
-0.001953
0.000244
-0.001709
-0.001587
-0.001709
-0.001953
-0.002197
-0.001343
-0.002319
-0.001099
-0.001831
-0.001709
-0.001953
-0.002197
-0.001343
-0.001099
-0.000732
-0.001953
-0.002197
-0.001099
-0.002319
-0.002197
-0.002075
-0.002563
-0.001343
-0.000610
-0.001343
-0.002563
-0.001465
-0.001465
-0.000732
-0.001221
-0.002441
-0.001343
0.000122
-0.001465
-0.000244
-0.001953
-0.000854
-0.002319
-0.001099
-0.000854
-0.001709
-0.001343
-0.001587
-0.000244
-0.001343
-0.001587
-0.000977
-0.001709
-0.001587
-0.000732
-0.001465
-0.001953
-0.001465
-0.000488
-0.001099
-0.001099
-0.002319
-0.001709
-0.001465
-0.002441
-0.001465
-0.002075
-0.000610
-0.001343
-0.000244
-0.001465
-0.000977
-0.001221
-0.001343
-0.001587
-0.000732
-0.002197
-0.002319
-0.001343
-0.001099
-0.001465
-0.001221
-0.003296
-0.002563
-0.002319
-0.001709
-0.001465
-0.001465
-0.000732
-0.002075
-0.001465
-0.001709
-0.000732
-0.001221
-0.002075
-0.002197
-0.000854
-0.002808
-0.002563
-0.001587
-0.001221
-0.001587
-0.001709
-0.001465
-0.000610
-0.001099
-0.001587
-0.002319
-0.001343
-0.002441
-0.000854
-0.001465
-0.002075
-0.000854
-0.002319
-0.000122
-0.002075
-0.002808
-0.001221
-0.002319
-0.001709
-0.001221
-0.001709
-0.001343
-0.001099
-0.000854
-0.001221
-0.001465
-0.000732
-0.001709
-0.000244
-0.001221
-0.000977
-0.001953
-0.002563
-0.001709
-0.002197
-0.000854
-0.000732
-0.001221
-0.001465
-0.002319
-0.001343
-0.001831
-0.003418
-0.000610
-0.001587
-0.001465
-0.001709
-0.001709
-0.001587
-0.001831
-0.001587
-0.001343
-0.001709
-0.000732
-0.000732
-0.001953
-0.000366
-0.001709
-0.001709
-0.000610
-0.001953
-0.001099
-0.001953
-0.001709
-0.000732
-0.001953
-0.001221
-0.001099
-0.000977
-0.000732
-0.002319
-0.001709
-0.002441
-0.002563
-0.002319
-0.001953
-0.001465
-0.000854
-0.002197
-0.001221
-0.001099
-0.000732
-0.001709
-0.001587
-0.001221
-0.001831
-0.001465
-0.001221
-0.000854
-0.001587
-0.000977
-0.001221
-0.001709
-0.002075
-0.001343
-0.002930
-0.001709
0.000122
-0.001709
-0.001221
-0.001587
-0.000732
-0.001587
-0.001587
-0.001465
-0.001465
-0.001221
-0.000488
-0.001709
-0.002197
-0.001465
-0.000488
-0.001831
-0.000854
-0.001709
-0.000854
-0.001221
-0.001953
-0.002075
-0.001221
-0.001831
-0.001099
-0.000732
-0.002075
-0.001953
-0.001953
-0.001709
-0.000854
-0.001953
-0.001465
-0.001709
-0.001953
-0.001709
-0.000854
-0.000977
-0.002197
-0.001099
-0.001221
-0.001709
-0.001709
-0.000488
-0.001831
-0.000366
-0.001465
-0.000977
-0.000610
-0.002075
-0.001465
-0.001709
-0.001587
-0.001465
-0.002197
-0.001953
-0.001343
-0.002319
-0.002441
0.000122
-0.000854
-0.000610
-0.001587
-0.000488
-0.000977
-0.001343
-0.000488
-0.001221
-0.001221
-0.002075
-0.000854
-0.000977
-0.000610
-0.001099
-0.001465
-0.001343
-0.001709
-0.000977
-0.001587
-0.000854
-0.001709
-0.001465
-0.001343
-0.002441
-0.001099
-0.001343
-0.001343
-0.002075
-0.001343
-0.000610
-0.001831
-0.001953
-0.001587
-0.000977
-0.001587
-0.001343
-0.000610
-0.000854
-0.001099
-0.001099
-0.000732
-0.001587
-0.001099
-0.001221
-0.001343
-0.001343
-0.001587
-0.000488
-0.001587
-0.000732
-0.001953
-0.000854
-0.001709
-0.000610
-0.000732
-0.002441
-0.000610
-0.001465
-0.000854
-0.000732
-0.001831
-0.001221
-0.003418
-0.001709
-0.000854
-0.002441
-0.000732
-0.001221
-0.000977
-0.002075
-0.001343
-0.000977
-0.000977
-0.001587
-0.001099
-0.001099
-0.002808
-0.000488
-0.001953
-0.001221
-0.000488
-0.002319
-0.000488
-0.002441
-0.001709
-0.000610
-0.000977
-0.001465
-0.001465
-0.000610
-0.001587
-0.001587
-0.001099
-0.000977
-0.001465
-0.001343
-0.001221
-0.000977
-0.002075
-0.001343
-0.000977
-0.000977
-0.000488
-0.000977
-0.002197
-0.002319
-0.001709
0.000122
-0.001099
-0.001465
-0.002075
-0.002197
-0.001465
-0.001221
-0.001831
-0.001709
-0.002686
-0.002441
-0.001221
-0.001709
-0.001831
-0.001587
-0.000610
-0.001831
-0.000732
-0.001709
-0.001343
-0.001343
-0.001587
-0.001831
-0.001465
-0.001709
-0.001343
-0.001221
-0.002075
-0.001709
-0.002197
-0.003418
-0.002563
-0.001099
-0.001221
-0.002075
-0.001953
-0.001587
-0.001343
-0.001221
-0.001343
-0.002075
-0.002319
-0.000854
-0.001343
-0.000732
-0.001343
-0.000488
-0.000732
-0.002441
-0.001099
-0.001221
-0.001587
-0.000854
-0.001953
-0.000854
-0.002441
-0.001953
-0.000854
-0.000610
-0.001221
-0.001221
-0.001465
-0.001221
-0.001831
-0.000854
-0.000366
-0.001953
-0.000854
-0.000854
-0.001099
-0.001343
-0.001953
-0.001465
-0.001343
-0.000366
-0.002197
-0.001465
-0.001709
-0.002808
-0.000854
-0.001587
-0.000854
-0.000732
-0.001587
-0.001709
-0.000366
-0.000977
-0.001953
-0.002808
-0.001709
-0.000854
-0.001709
-0.001953
-0.001709
-0.002075
-0.000854
-0.002075
-0.001709
-0.002563
-0.001099
-0.001465
-0.001465
-0.001221
-0.000977
-0.001831
-0.001709
-0.001709
-0.002075
0.000000
-0.001465
-0.002075
-0.001221
-0.002319
-0.000122
-0.001465
-0.001831
-0.001343
-0.001709
-0.001221
-0.001587
-0.000977
-0.001343
-0.002197
0.000488
-0.002075
-0.001343
-0.000854
-0.001587
-0.001099
-0.001831
-0.000732
-0.001709
-0.000854
-0.001465
-0.001343
-0.001587
-0.002319
-0.001099
-0.001953
-0.001587
-0.001099
-0.001465
-0.001953
-0.002563
-0.002197
-0.002563
-0.000854
0.000000
-0.001221
-0.002075
-0.001221
-0.001587
-0.001343
-0.001343
-0.001953
-0.000854
-0.001099
-0.001099
-0.002075
-0.000854
-0.001343
-0.001709
-0.001099
-0.001343
-0.001343
-0.001709
-0.001221
-0.001709
-0.001343
-0.001709
-0.000122
-0.000854
-0.000854
-0.000977
-0.001587
-0.001099
-0.001465
-0.000854
-0.001831
-0.000854
-0.001221
-0.001465
-0.002197
-0.001343
-0.002319
-0.001953
-0.000610
-0.001953
-0.000244
-0.000732
-0.001343
-0.002075
-0.001587
-0.001831
-0.002197
-0.001953
-0.001709
-0.001465
-0.001221
-0.001465
-0.001099
0.000122
-0.001099
-0.002319
-0.000854
-0.001709
-0.000977
-0.001587
-0.001831
-0.001465
-0.000488
-0.000488
-0.000977
-0.001343
-0.002441
-0.001587
-0.000977
-0.001587
-0.001831
-0.001587
-0.001953
-0.001587
-0.001831
-0.001221
-0.002319
-0.000366
-0.001343
-0.001221
-0.000854
-0.001099
-0.001587
-0.001709
-0.000610
-0.001709
-0.001831
-0.001709
-0.001587
-0.001221
-0.001221
-0.002075
-0.001953
-0.000366
-0.001709
-0.001587
-0.002075
-0.001953
-0.002197
-0.000488
-0.001343
-0.001587
-0.000977
-0.000610
-0.000854
-0.002686
-0.001587
-0.000977
-0.001709
-0.001343
-0.002319
-0.000366
-0.001099
-0.002197
-0.000854
-0.003296
-0.001465
-0.002319
-0.002075
-0.000854
-0.002197
-0.002930
-0.001953
-0.001221
-0.001831
-0.001343
-0.000610
-0.001587
-0.002563
-0.001587
-0.002075
-0.001709
-0.001709
-0.000854
-0.001465
-0.001221
-0.001343
-0.001099
-0.001099
-0.001343
-0.002075
-0.002197
-0.002563
-0.001709
-0.002563
-0.000366
-0.001465
-0.000854
-0.000122
-0.001953
-0.002319
-0.001709
-0.002075
-0.002930
-0.001465
-0.001587
-0.001709
-0.001343
-0.001343
-0.001953
-0.002441
-0.001221
-0.001343
-0.000732
-0.000610
-0.001221
-0.002441
-0.001343
-0.000977
-0.001831
-0.001953
-0.001953
-0.001953
-0.002441
-0.000854
-0.001221
-0.001831
-0.001709
-0.001953
-0.002075
-0.000854
-0.001465
-0.001099
-0.001221
-0.001465
-0.001831
-0.001465
-0.001587
-0.002563
-0.001221
-0.001831
-0.000732
-0.001465
-0.001587
-0.001465
-0.002319
-0.000366
-0.001587
-0.001587
-0.001709
-0.001343
-0.000854
-0.000977
-0.001709
-0.001343
-0.001343
-0.001465
-0.001343
-0.002563
-0.001343
-0.001221
-0.002075
-0.001709
-0.002075
-0.001221
-0.001099
-0.001587
-0.001587
-0.002075
-0.001465
-0.002197
-0.001099
-0.001831
-0.001343
-0.001831
-0.000732
-0.001465
-0.001465
-0.000244
-0.001953
-0.002441
-0.000488
-0.001953
-0.001953
-0.001343
-0.001465
-0.001587
-0.000977
-0.000854
-0.001343
-0.001587
-0.001831
-0.001099
-0.001221
-0.001587
-0.000977
-0.001343
-0.001099
-0.001221
-0.001953
-0.000854
-0.001099
-0.002319
-0.000488
-0.000122
-0.000732
-0.001709
-0.001465
-0.001343
-0.002197
-0.001221
-0.001831
-0.001099
-0.001953
-0.001709
-0.000610
-0.001709
-0.001343
-0.001709
-0.001831
-0.001587
-0.001465
-0.001709
-0.001831
-0.002197
-0.002441
-0.000610
-0.001587
-0.001343
-0.002197
-0.001953
-0.001465
-0.001953
-0.001099
-0.001343
-0.001465
-0.001953
-0.001343
-0.002197
-0.000854
-0.001465
-0.001465
-0.001221
-0.000488
-0.001343
-0.001099
-0.002075
-0.000854
-0.002319
-0.001465
-0.001221
-0.001709
-0.000977
-0.001465
-0.001343
-0.002319
-0.000488
-0.001343
-0.001465
-0.001587
-0.001465
-0.001099
-0.001465
-0.002563
-0.002319
-0.000366
-0.001221
-0.001343
-0.000977
-0.001831
-0.001465
-0.001221
-0.001831
-0.000854
-0.000244
-0.001465
-0.000854
-0.001831
-0.002441
-0.002075
-0.001709
-0.001709
-0.001709
-0.001953
-0.001587
-0.001831
-0.001465
-0.001587
-0.002563
-0.002563
-0.001221
-0.002075
-0.000854
-0.000488
-0.001465
-0.000610
-0.001099
-0.000732
-0.000854
-0.001099
-0.001099
-0.001221
-0.001099
-0.002197
-0.000610
-0.001343
-0.001099
-0.001709
-0.002075
-0.001465
-0.001099
-0.001831
-0.002441
-0.001221
-0.001221
-0.000977
-0.001953
-0.002808
-0.001221
-0.000488
-0.001709
-0.001831
-0.001709
-0.001587
-0.001343
-0.002319
-0.001343
-0.002319
-0.002563
-0.000244
-0.001587
-0.001953
-0.002075
-0.001953
-0.002075
-0.001099
-0.001709
-0.001343
-0.001343
-0.001221
-0.001465
-0.001587
-0.002319
-0.000488
0.000122
-0.001343
-0.000732
-0.002075
-0.000488
-0.000488
-0.001221
-0.000732
-0.002563
-0.001099
-0.000244
-0.001831
-0.001709
-0.002930
-0.001709
-0.000366
-0.000854
-0.002075
-0.001709
-0.002075
-0.001587
-0.001587
-0.001587
-0.002441
-0.002075
-0.000854
-0.001831
-0.001953
0.000000
-0.002197
-0.001587
-0.002319
-0.000854
-0.001343
-0.000977
-0.002319
-0.002319
-0.001709
-0.002319
-0.001709
-0.001099
-0.001099
-0.001221
-0.001343
-0.001709
-0.001343
-0.002930
-0.001221
-0.001221
-0.001709
-0.000732
-0.001709
-0.001709
-0.001465
-0.000854
-0.002319
-0.000854
-0.001953
-0.001953
-0.002075
-0.001099
-0.002319
-0.001343
-0.001221
0.000000
-0.002441
-0.001709
-0.001343
-0.001465
-0.001221
-0.001709
-0.001343
-0.001099
-0.001587
-0.000732
-0.001465
-0.001953
-0.001221
-0.001831
-0.001221
-0.000610
-0.002563
-0.001587
-0.000977
-0.001465
-0.002075
-0.001587
0.000122
-0.001343
-0.002319
-0.001221
-0.002075
-0.001465
-0.001709
-0.001953
-0.001221
-0.002563
-0.001709
-0.000732
-0.002197
-0.001343
-0.000366
-0.002197
-0.001099
-0.000244
-0.001343
-0.002319
-0.001465
-0.001953
-0.001221
-0.001099
-0.003174
-0.001343
-0.000244
-0.001587
-0.001343
-0.001465
-0.002930
-0.001587
-0.001709
-0.002075
-0.002075
-0.001709
-0.001587
-0.001221
-0.000977
-0.001099
-0.001465
-0.001221
-0.001221
-0.001709
-0.000854
-0.001587
-0.001953
-0.002563
-0.002075
-0.001709
-0.001099
-0.001953
-0.001465
-0.001343
-0.001953
-0.000610
-0.000977
-0.000122
-0.001099
-0.001099
-0.000732
-0.001587
-0.001343
-0.000366
-0.000854
-0.001465
-0.001465
-0.000977
-0.001709
-0.001709
-0.000244
-0.001465
-0.002197
-0.002441
-0.000854
-0.001221
-0.001465
-0.002197
-0.000488
-0.001709
-0.000977
-0.001709
-0.001099
-0.001465
-0.001831
-0.001221
-0.001465
-0.001709
-0.000732
-0.001465
-0.001099
-0.001465
-0.002075
-0.002197
-0.001221
-0.001709
-0.002197
-0.000854
-0.001953
-0.002075
-0.003296
-0.002563
-0.001221
-0.002319
-0.001709
-0.001953
-0.000854
-0.001831
-0.001709
-0.001465
-0.001221
-0.001099
-0.001831
-0.001221
-0.001343
-0.002075
-0.003052
-0.000244
-0.001343
-0.002075
-0.001465
-0.001831
-0.001099
-0.000122
-0.001587
-0.002075
-0.002075
-0.001221
-0.002319
-0.001221
-0.001953
-0.001709
-0.001953
-0.002808
-0.000854
-0.001343
-0.002563
-0.000610
-0.002075
-0.001099
-0.000610
-0.001587
-0.001343
-0.000732
-0.000854
-0.001343
-0.001831
-0.001465
-0.002319
-0.000854
-0.001587
-0.001831
-0.001587
-0.001465
-0.000366
-0.001099
-0.001709
-0.001099
-0.000854
-0.000122
-0.001465
-0.002075
-0.000854
-0.001953
-0.001465
-0.001587
-0.002075
-0.001221
-0.000732
-0.001831
-0.001343
-0.000977
-0.000488
-0.001587
-0.001831
-0.000854
-0.001587
-0.002075
-0.000610
-0.001343
-0.001587
-0.001465
-0.000366
0.000000
-0.001465
-0.000854
-0.002197
-0.000610
-0.000977
-0.002075
-0.001343
-0.001465
-0.000122
-0.001221
-0.001709
-0.001465
-0.001709
-0.001465
-0.001343
-0.001953
-0.000854
-0.000366
-0.002319
-0.001343
-0.000977
-0.002075
-0.001465
-0.001221
-0.002808
-0.002197
-0.001465
-0.001953
-0.002563
-0.001587
-0.000977
-0.001099
-0.002075
-0.001343
-0.002319
-0.001953
-0.001587
-0.001221
-0.001709
-0.001465
-0.000366
-0.001953
-0.001221
-0.001709
-0.000977
-0.002563
-0.002197
-0.001587
-0.000610
-0.002075
-0.001709
-0.001587
-0.001465
-0.000854
-0.002319
-0.000854
-0.001099
-0.001709
-0.000977
-0.000977
-0.000610
-0.002197
-0.001709
-0.001587
-0.002319
-0.002319
-0.001221
-0.001221
-0.001831
-0.001221
-0.002563
-0.000732
-0.002075
-0.002563
-0.000610
-0.001221
-0.001465
-0.001099
-0.001343
-0.000977
-0.001953
-0.001709
-0.000854
-0.001221
-0.001831
-0.000732
-0.000610
-0.002075
-0.000732
-0.001709
-0.001465
-0.000732
-0.001587
-0.001343
-0.001709
-0.002075
-0.001221
-0.002563
-0.001221
-0.001587
-0.002686
-0.001709
-0.000244
-0.002197
-0.002930
-0.001587
-0.001343
-0.001099
-0.001099
-0.001831
-0.001221
-0.001587
-0.001343
-0.002563
-0.001587
-0.001099
-0.001587
-0.001221
-0.001587
-0.002075
-0.001099
-0.001587
-0.000977
-0.002441
-0.001953
-0.000732
-0.002075
-0.002319
0.000366
-0.001343
-0.001831
-0.000854
-0.001099
-0.001465
-0.000488
-0.002075
-0.001587
-0.000732
-0.001221
-0.002563
-0.000244
-0.000854
-0.000732
-0.000610
-0.001587
-0.000854
-0.000854
-0.002075
-0.001709
-0.000610
-0.000854
-0.002319
-0.000854
-0.002197
-0.001343
-0.002197
-0.002075
-0.002319
-0.002197
-0.001587
-0.000977
-0.001587
-0.000244
-0.002197
-0.001709
-0.001709
-0.001709
-0.002808
-0.000732
-0.001465
-0.001343
-0.000732
-0.001709
-0.002319
-0.002563
-0.001465
-0.001099
-0.000732
-0.000122
-0.000732
-0.000854
-0.001953
-0.001343
-0.001587
-0.002197
-0.002319
-0.001587
-0.001099
-0.002441
-0.002197
-0.002075
-0.001953
-0.002563
-0.001587
-0.001343
-0.002197
-0.002319
-0.001587
-0.001587
-0.002319
-0.002197
-0.002075
-0.002197
-0.002075
-0.001709
-0.001465
-0.002197
-0.001709
-0.001343
-0.001587
-0.001465
-0.001221
-0.001343
-0.000854
0.000366
-0.000732
-0.002075
-0.001099
-0.001831
-0.001343
-0.001465
-0.001099
-0.000732
-0.001953
-0.002197
-0.000854
-0.002197
-0.000610
-0.001465
-0.002808
-0.002075
-0.002441
-0.001465
-0.002441
-0.002563
-0.001587
-0.001953
-0.002197
-0.001465
-0.000854
-0.001465
-0.001221
-0.001221
-0.001709
-0.001099
-0.000610
-0.001343
-0.002075
-0.000854
-0.002319
-0.000854
-0.003174
-0.000610
-0.001099
-0.002563
-0.001343
-0.002197
-0.002441
-0.000732
-0.002319
-0.001587
-0.000854
-0.002075
-0.001221
-0.001343
-0.001953
-0.000610
-0.001099
-0.001831
-0.001343
-0.000977
-0.001221
-0.001953
-0.000854
-0.001099
-0.002197
-0.001221
0.000366
-0.002563
-0.001709
-0.001953
-0.002197
-0.002563
-0.002319
-0.001221
-0.001465
-0.001709
-0.001709
-0.000854
-0.002197
-0.001221
-0.000977
-0.002686
-0.001953
-0.001953
-0.001465
-0.000854
-0.001831
-0.002441
-0.002808
-0.001099
-0.002197
-0.000488
-0.001465
-0.001099
-0.000244
-0.002563
-0.001709
-0.001099
-0.002319
-0.001221
-0.001465
-0.001953
-0.000610
-0.001099
-0.001343
-0.001099
-0.001953
-0.000610
-0.001831
-0.001587
-0.001221
-0.001221
-0.001953
-0.001465
-0.000122
-0.001587
-0.001709
-0.001587
-0.002319
-0.001343
-0.001343
-0.001099
-0.002075
-0.001587
-0.000854
-0.001953
-0.001099
-0.000610
-0.001099
-0.001343
-0.002197
-0.001709
-0.000488
-0.002075
-0.001343
0.000366
-0.002075
-0.001221
-0.000488
-0.000732
-0.001221
-0.000366
-0.000977
-0.002197
-0.000854
-0.000732
-0.001831
-0.002197
-0.000854
-0.001099
-0.000854
-0.002563
-0.002075
-0.002197
-0.001709
-0.001587
-0.000977
-0.001831
-0.000854
-0.001465
-0.002075
-0.001587
-0.002197
-0.001465
-0.002197
-0.001953
-0.000488
-0.001831
-0.001343
-0.001221
-0.001831
-0.001099
-0.001221
-0.001587
-0.001953
-0.002075
-0.000854
-0.000854
-0.000488
-0.001709
-0.000854
-0.001465
-0.001831
-0.000854
-0.001343
-0.001587
-0.001099
-0.001587
-0.001709
-0.001953
-0.000854
-0.001221
-0.001221
-0.002441
-0.000244
-0.001221
-0.001465
-0.001221
-0.000977
-0.000854
-0.000977
-0.001709
-0.001221
-0.000854
-0.001831
-0.000244
-0.000732
-0.001343
-0.001465
-0.001709
-0.000732
-0.001587
-0.001709
-0.001465
-0.001099
-0.000854
-0.001099
-0.000244
-0.000854
-0.001831
-0.001099
-0.001587
-0.001465
-0.001343
-0.001221
-0.001587
-0.000610
-0.002197
-0.002197
-0.000854
-0.001953
-0.001099
-0.000854
-0.002075
-0.002319
-0.000854
-0.001099
-0.003174
-0.000854
-0.001343
-0.000977
-0.001343
-0.002441
-0.000732
-0.002686
-0.001709
-0.000854
-0.002075
-0.000488
-0.001343
-0.000977
-0.001953
-0.001221
-0.001099
-0.001953
-0.000854
-0.001465
-0.001953
-0.002930
-0.001709
-0.001587
-0.000854
-0.001343
-0.001099
-0.002319
-0.000732
-0.001221
-0.001587
-0.001953
-0.000854
-0.001587
-0.001953
-0.001709
-0.000977
-0.001343
-0.000732
-0.000732
-0.001221
-0.000488
-0.000488
-0.002686
-0.000854
-0.001953
-0.001709
-0.002075
-0.002075
-0.000488
-0.001709
-0.002441
-0.000244
-0.002319
-0.001099
-0.001221
-0.001709
-0.002197
-0.002075
-0.001465
-0.001709
-0.000977
-0.000854
-0.002075
-0.001953
-0.001465
-0.001343
-0.000610
-0.002197
-0.001953
-0.001709
-0.001587
-0.000854
-0.001953
-0.001465
-0.000610
-0.001465
-0.001465
-0.002075
-0.000610
-0.001099
-0.001953
-0.001587
-0.000732
-0.002075
-0.000854
-0.002197
-0.000366
-0.001099
-0.002808
-0.000854
-0.002075
-0.001709
-0.001343
-0.001831
-0.001709
-0.002441
-0.001343
-0.001343
-0.001465
-0.000732
-0.001465
-0.000854
-0.000610
-0.001465
-0.001831
-0.002197
-0.000122
-0.001343
-0.002075
-0.001099
-0.001831
-0.000854
-0.001587
-0.000977
-0.000732
-0.001587
-0.000732
-0.002197
-0.001709
-0.000854
-0.001221
-0.001465
-0.001465
-0.000854
-0.001953
-0.001709
-0.001221
-0.000732
-0.001465
-0.000854
-0.001587
-0.001465
-0.002075
-0.001221
-0.001099
-0.001465
-0.001343
-0.001099
-0.000488
-0.001099
-0.000732
0.000366
-0.002075
-0.001343
-0.001465
-0.001587
-0.001953
-0.001953
-0.001221
-0.001099
-0.000977
-0.000854
-0.001709
-0.001343
-0.001343
-0.001221
-0.002563
-0.001343
-0.000854
-0.002075
-0.000854
-0.000854
-0.002197
-0.001587
-0.001587
-0.001709
-0.002808
-0.001953
-0.001221
-0.000488
-0.001343
-0.001587
-0.001953
-0.001465
-0.002319
-0.001221
-0.000854
-0.002197
-0.000610
-0.001465
-0.001587
-0.001831
-0.000854
-0.001099
-0.002319
-0.001953
-0.001709
-0.002075
-0.000732
-0.002686
-0.000854
-0.001221
-0.002197
-0.001709
-0.001221
-0.001953
-0.001709
-0.000488
-0.001953
-0.002075
-0.001465
-0.001099
-0.001465
-0.001953
-0.000610
-0.002075
-0.002563
-0.001587
-0.000732
-0.001343
-0.002197
-0.001221
-0.002075
-0.001709
-0.001221
-0.002197
-0.001587
-0.001831
-0.001465
-0.002563
-0.001587
-0.000610
-0.001221
-0.001709
-0.001953
-0.001709
-0.001587
-0.001587
-0.001343
-0.001587
-0.001343
-0.001465
-0.001465
-0.002563
-0.001221
-0.000122
-0.002930
-0.002441
-0.000854
-0.002075
-0.001953
-0.002441
-0.001221
-0.001099
-0.001587
-0.000610
-0.000977
-0.000977
-0.001709
-0.002563
-0.001221
-0.001221
-0.002319
-0.002563
-0.002441
-0.001953
-0.001099
-0.001099
-0.002441
-0.000854
-0.000977
-0.001343
-0.003296
-0.001953
-0.001343
-0.002075
-0.001221
-0.000610
-0.001953
-0.001709
-0.000854
-0.001587
-0.002075
-0.001587
-0.001831
-0.002808
-0.001465
-0.001099
-0.000366
-0.001099
-0.000244
-0.000366
-0.000122
-0.000366
-0.001831
-0.000854
-0.000977
-0.001099
-0.001587
-0.000732
-0.001953
-0.002319
-0.000854
-0.001343
-0.001343
-0.001587
-0.001343
-0.000977
-0.001465
-0.002075
-0.000732
-0.002319
-0.001587
-0.001709
-0.001221
-0.001343
-0.002319
-0.002075
-0.001099
-0.001465
-0.001465
-0.001709
-0.001465
-0.001099
-0.001709
-0.001099
-0.001831
-0.002075
-0.000854
-0.002808
-0.002197
-0.000854
-0.000122
-0.000366
-0.002075
-0.000854
-0.001221
-0.000977
-0.002197
-0.001709
-0.001221
-0.001587
-0.000610
-0.001343
-0.001343
-0.002197
-0.001709
-0.000122
-0.001099
-0.001709
-0.000977
-0.000854
-0.001831
-0.001709
-0.002808
-0.001343
-0.001099
-0.002197
-0.000854
-0.001221
0.000000
-0.000366
-0.001221
-0.000977
-0.001953
-0.001953
-0.000854
-0.001953
-0.002808
-0.000732
-0.002319
-0.001709
-0.002197
-0.001343
-0.001953
-0.002075
-0.003174
-0.001709
-0.001221
-0.002075
-0.001099
0.000366
-0.001587
-0.000610
-0.001099
-0.002319
-0.001587
-0.001831
-0.002319
-0.001953
-0.001465
-0.000977
-0.001465
-0.001831
-0.001953
-0.002319
-0.001099
-0.001099
-0.001831
-0.001343
0.000366
-0.000854
-0.001343
-0.002075
-0.001953
-0.001709
-0.002197
-0.001587
-0.001587
-0.002808
-0.001465
-0.001099
-0.001343
-0.001099
-0.001221
-0.000977
-0.001099
-0.001831
-0.001343
-0.001099
-0.000366
-0.001831
-0.000732
-0.001099
-0.002563
-0.000732
-0.002319
-0.001343
-0.001709
-0.000854
-0.001343
-0.001709
-0.001221
-0.000488
-0.001099
-0.002075
-0.001465
-0.001343
-0.000366
-0.001221
-0.001587
-0.002319
-0.001587
-0.001465
-0.002686
-0.001343
-0.001465
-0.000366
-0.002075
-0.002197
-0.002197
-0.000854
-0.001221
-0.002075
-0.002075
-0.001709
-0.000610
-0.001099
-0.001953
-0.002563
-0.001465
-0.001465
-0.000854
-0.000488
-0.002075
-0.002319
-0.002563
-0.000854
-0.002441
-0.000610
-0.001099
-0.002563
-0.000610
-0.001343
-0.001099
-0.001465
-0.000244
-0.000732
-0.000854
-0.001831
-0.002197
-0.001465
-0.000854
-0.001465
-0.002197
-0.002075
-0.001099
-0.001831
-0.000366
-0.002563
-0.002075
-0.001221
-0.000854
-0.000610
-0.001221
-0.001465
-0.001099
-0.001099
-0.002075
-0.002075
-0.000854
-0.001587
-0.001343
-0.001587
-0.001709
-0.000854
-0.001221
-0.000244
-0.001343
-0.001343
-0.001465
-0.001587
-0.000977
-0.002197
-0.001709
-0.001099
-0.001465
-0.000977
-0.001709
-0.000854
-0.001831
-0.002319
-0.001465
-0.002441
-0.001465
-0.001831
-0.002563
-0.001953
-0.000366
-0.002319
-0.001709
-0.001343
-0.003174
-0.002441
-0.001343
-0.001343
-0.001831
-0.001099
-0.001343
-0.000244
-0.001221
-0.002197
-0.000854
-0.001465
-0.001953
-0.002441
-0.002075
-0.001099
-0.001831
-0.000244
-0.001343
-0.002808
-0.001221
-0.001221
-0.001831
-0.000244
-0.001343
-0.001221
-0.002808
-0.001709
-0.001099
-0.001221
-0.002686
-0.001587
-0.000977
-0.001587
-0.001587
-0.001831
-0.002319
-0.002075
-0.001953
-0.002319
-0.001221
-0.002441
-0.002319
-0.001343
-0.001221
-0.001465
-0.000854
-0.001709
-0.000854
-0.001221
-0.001465
-0.001099
-0.001953
-0.001587
-0.001465
-0.000244
-0.001953
-0.000610
-0.002319
-0.000854
-0.000488
-0.002197
-0.001343
-0.002441
-0.001465
-0.002319
-0.001343
-0.000610
-0.003052
-0.000732
-0.001709
-0.001953
-0.000732
-0.002441
-0.002930
-0.001709
-0.002441
-0.001709
-0.001221
-0.001343
-0.002563
-0.001709
-0.000854
-0.002319
-0.002075
-0.001587
-0.001465
-0.000854
-0.001099
-0.002563
-0.001587
-0.000732
-0.001953
-0.000854
-0.001831
-0.000854
-0.001099
-0.001953
-0.001953
-0.001953
-0.001587
-0.002319
-0.002441
-0.000122
-0.001343
-0.000488
-0.001831
-0.002197
-0.002563
-0.001465
-0.001221
-0.000854
-0.001343
-0.001465
-0.001221
-0.001343
-0.002319
-0.001221
-0.001343
-0.000122
-0.001953
-0.002075
-0.001587
-0.001831
-0.000610
-0.001099
0.000122
-0.000366
-0.001221
-0.002075
-0.001343
-0.001465
-0.000732
-0.001099
-0.000977
-0.002319
-0.001465
-0.001343
-0.001343
-0.001343
-0.001343
-0.001831
-0.001709
-0.002319
0.000488
-0.001587
-0.001709
-0.001221
-0.000977
-0.001831
-0.002197
-0.000732
-0.002075
-0.002563
-0.000854
-0.001221
-0.002441
-0.001343
-0.001465
-0.001709
-0.001221
-0.001465
-0.001221
-0.001343
-0.001343
-0.001221
-0.000977
-0.002075
-0.001709
-0.001343
-0.001221
-0.001221
-0.001343
-0.001831
-0.002808
-0.001709
-0.001709
-0.001831
-0.000732
-0.002075
-0.002563
-0.001709
-0.000854
-0.001343
-0.000488
-0.001343
-0.002197
-0.001709
-0.000732
0.000000
-0.002197
-0.002441
-0.001221
-0.002197
-0.002075
-0.001709
-0.001709
-0.002441
-0.002075
-0.001465
-0.000244
-0.001465
-0.001587
-0.000732
-0.002075
-0.001465
-0.000732
-0.002563
-0.000854
-0.001831
-0.001465
-0.000977
-0.001709
-0.001953
-0.001953
-0.001465
-0.001831
-0.002197
-0.000854
-0.001953
-0.001953
-0.001709
-0.002075
0.000000
-0.001587
-0.001099
-0.000854
-0.002563
-0.000854
-0.002197
-0.002319
-0.001709
-0.001221
-0.001831
-0.001465
-0.001831
-0.002319
-0.000854
-0.001343
-0.001099
-0.000854
-0.001831
-0.000854
-0.001099
-0.000366
-0.002441
-0.001587
-0.001587
-0.000732
-0.003052
-0.001709
-0.000732
-0.001953
-0.001343
-0.001221
-0.002075
-0.001343
-0.001953
-0.001709
-0.000610
-0.001343
-0.002075
-0.002441
-0.001709
-0.001587
-0.001831
-0.001709
-0.000732
-0.002319
-0.001709
-0.001221
-0.001099
-0.001709
-0.001465
-0.000977
-0.000854
-0.002808
-0.002075
-0.001709
-0.002441
-0.002075
-0.002197
-0.001953
-0.000854
-0.000854
-0.000122
-0.002686
-0.002075
-0.001465
-0.002808
-0.000854
-0.002441
-0.002197
-0.000854
-0.001587
-0.001831
-0.002319
-0.001953
-0.000488
-0.001587
-0.001343
-0.001465
-0.001587
-0.001465
-0.001709
-0.001465
-0.000854
-0.001343
-0.000732
-0.000488
-0.001831
-0.001709
-0.000854
-0.002319
0.000244
-0.001709
-0.002197
-0.001099
-0.001465
-0.001465
-0.002441
-0.002197
-0.001099
-0.000610
-0.001465
-0.000854
-0.000244
-0.000854
-0.001709
-0.002319
-0.001221
-0.000977
-0.000366
-0.002075
-0.000854
-0.001221
-0.002075
-0.001221
-0.001709
-0.001709
-0.001465
-0.000854
-0.001221
-0.001343
-0.001831
-0.001709
-0.001099
-0.000977
-0.001953
-0.001465
-0.001465
-0.000732
-0.003296
-0.000854
-0.001343
-0.001465
-0.000977
-0.002197
-0.001709
-0.001099
-0.002197
-0.001953
-0.002075
-0.000854
-0.001709
-0.001099
-0.001343
-0.001831
-0.000732
-0.000488
-0.001587
-0.001709
-0.001221
-0.001831
-0.002075
-0.002319
-0.000122
-0.000610
-0.001831
-0.000854
-0.001953
-0.000854
-0.000854
-0.001465
-0.000610
-0.002808
-0.000854
-0.001099
-0.000977
-0.001953
-0.001587
-0.000366
-0.000977
-0.000610
-0.000854
-0.001099
-0.001953
-0.002197
-0.000488
-0.001709
-0.001587
-0.001709
-0.001953
-0.001587
-0.001831
-0.000854
-0.001831
-0.000854
-0.000610
-0.001343
-0.001343
-0.001221
-0.001343
-0.001099
-0.000977
-0.001465
-0.000977
-0.001587
-0.002441
-0.002930
-0.001587
-0.002075
-0.001099
-0.001343
-0.000732
-0.002319
-0.001587
-0.001709
-0.001709
-0.002319
-0.001465
-0.000488
-0.001343
-0.001465
-0.000122
-0.001343
-0.001465
-0.000854
-0.001587
-0.001465
-0.002686
-0.001953
-0.001709
-0.000977
-0.001343
-0.001099
-0.001587
-0.001099
-0.001465
-0.001221
-0.001953
-0.002075
-0.000732
-0.001343
-0.001099
-0.001221
-0.002075
-0.001465
-0.001465
-0.001221
-0.001831
-0.000854
-0.001709
-0.001343
-0.000488
-0.002075
-0.001709
0.000000
-0.001709
-0.000854
-0.001465
-0.001831
-0.000732
-0.001709
-0.001831
-0.001221
-0.001709
-0.002075
-0.000610
-0.001831
-0.001953
-0.002441
-0.002441
-0.000366
-0.001099
-0.002197
-0.001221
-0.000977
-0.002563
-0.001465
-0.001099
-0.000854
-0.001587
-0.001831
-0.000610
-0.001099
-0.001221
-0.000244
-0.001709
-0.002197
-0.001953
-0.001587
-0.001343
-0.001709
-0.001587
-0.001221
-0.001953
-0.001709
-0.001343
-0.000610
-0.001831
-0.001099
-0.002197
-0.002319
-0.001221
-0.001587
-0.001221
-0.000610
-0.000977
-0.001099
-0.000977
-0.000854
-0.001343
-0.000977
-0.002563
-0.001587
-0.001587
-0.001221
-0.000977
-0.000488
-0.001343
-0.000732
-0.001221
-0.002197
-0.000854
-0.001465
-0.000977
-0.001709
-0.001709
-0.001343
-0.001587
-0.001465
-0.003296
-0.001587
-0.001953
-0.003296
-0.001709
-0.001831
-0.002075
-0.001709
-0.000610
-0.000977
-0.000610
-0.002197
-0.001343
-0.001587
-0.000854
-0.001831
-0.001709
-0.002075
-0.001587
-0.000732
-0.001831
-0.000488
-0.002075
-0.002197
-0.001953
-0.001709
-0.001709
-0.002197
-0.001465
-0.000488
-0.002441
-0.002563
-0.001099
-0.002197
-0.001709
-0.001099
-0.000610
-0.002441
-0.000488
-0.000610
-0.002075
-0.001465
-0.000488
-0.002075
-0.002197
-0.003296
-0.001099
0.000000
-0.001099
-0.001953
-0.001099
-0.002197
-0.002563
-0.001587
-0.000366
-0.000610
-0.000610
-0.002441
-0.001221
-0.002319
-0.002319
-0.000854
-0.002075
-0.002319
-0.001343
-0.000488
-0.001953
-0.001709
-0.000732
-0.002075
-0.001587
-0.001343
-0.002319
-0.000854
-0.002441
-0.002075
-0.001709
-0.002930
-0.002319
-0.000854
-0.000488
-0.002197
-0.001587
-0.001099
-0.000732
-0.002075
-0.001221
-0.002319
-0.002197
-0.000854
-0.001709
-0.002075
-0.001099
-0.001099
-0.000977
-0.001587
-0.000854
-0.002197
-0.001343
-0.001465
-0.001221
-0.001221
-0.000977
-0.001465
-0.001465
-0.002075
-0.001709
-0.001587
-0.001709
-0.001343
-0.001099
-0.001587
-0.001831
-0.000854
-0.001587
-0.001465
-0.002197
-0.001465
-0.000732
-0.002075
-0.002197
-0.000488
-0.002075
-0.001343
-0.001465
-0.000977
-0.002075
-0.001465
0.000366
-0.001831
-0.000854
-0.001709
-0.000977
-0.000977
-0.001465
-0.000854
-0.002441
-0.000488
-0.001709
-0.001465
-0.000122
-0.002441
-0.001465
-0.001465
-0.000977
-0.001831
-0.001953
-0.000732
-0.001831
-0.002075
0.000000
-0.002563
-0.002075
-0.002319
-0.002075
-0.001099
-0.000488
-0.002319
-0.000854
-0.001221
-0.002319
-0.001587
-0.000854
-0.000732
-0.000732
-0.000732
-0.001099
-0.002197
-0.001587
-0.001831
-0.002075
-0.001343
-0.001343
-0.000732
-0.001709
-0.001953
-0.000854
-0.001709
-0.001587
-0.001099
-0.002075
-0.000854
-0.001831
-0.001587
-0.001221
-0.001831
-0.002197
-0.001221
-0.001831
-0.002563
-0.001587
-0.000854
-0.002563
-0.000854
-0.000366
-0.001587
-0.001465
-0.000854
-0.001587
-0.001709
-0.001831
-0.001709
-0.001709
-0.000977
-0.001465
-0.002686
-0.002197
-0.001709
-0.001953
-0.000244
-0.001465
-0.001831
-0.001587
-0.001709
-0.001953
-0.000854
-0.001099
-0.000732
-0.001343
-0.001587
-0.001221
-0.002197
-0.002319
-0.000854
-0.000977
-0.000854
-0.002319
-0.002197
-0.003174
-0.002197
-0.000854
-0.001953
-0.001343
-0.001709
-0.000732
-0.001465
-0.000977
-0.000732
-0.001831
-0.001221
-0.001587
-0.002197
-0.002075
-0.000488
-0.000488
-0.001343
-0.001099
-0.002563
-0.001709
-0.000488
-0.000122
-0.001587
-0.001465
-0.001953
-0.001343
-0.002075
-0.000610
-0.000244
-0.001831
-0.001709
-0.001465
-0.001343
-0.001465
-0.001465
-0.001465
-0.001221
-0.001709
-0.001343
-0.000977
-0.001831
-0.002930
-0.001099
-0.000854
-0.001831
-0.001465
-0.001587
0.000122
-0.003052
-0.002441
-0.001465
-0.001465
-0.002441
-0.001099
-0.001831
-0.001709
-0.001587
-0.001953
-0.002075
-0.001099
-0.001587
-0.002197
-0.001221
-0.000488
-0.001831
-0.001709
-0.001953
-0.001587
-0.000854
-0.002441
-0.001465
-0.001465
-0.001099
-0.000977
-0.001587
-0.001831
-0.001709
-0.000854
-0.001953
-0.002075
-0.001709
-0.002319
-0.001221
-0.000488
-0.001099
-0.001831
-0.001953
-0.001709
-0.001587
-0.001221
-0.000732
-0.001343
-0.000977
-0.001221
-0.001953
-0.001221
-0.002197
-0.000732
-0.001953
-0.002319
-0.002197
-0.001709
-0.001465
-0.000854
-0.001709
-0.002319
-0.001587
-0.002197
-0.001587
-0.001221
-0.001953
-0.001465
-0.001465
-0.000610
-0.001343
-0.002441
-0.001343
-0.002319
-0.000610
-0.000488
-0.001465
-0.002075
-0.003174
-0.000854
-0.001221
-0.000854
-0.000122
-0.001953
-0.001099
-0.000732
-0.001831
-0.001587
-0.001221
-0.001953
-0.000610
-0.001221
-0.001221
-0.000854
-0.001099
-0.001221
-0.000610
-0.000977
-0.001709
-0.001221
-0.000488
-0.000488
-0.002075
-0.002808
-0.001709
-0.001709
-0.002197
-0.002441
-0.001709
-0.001465
-0.002441
-0.001465
-0.001709
-0.001831
-0.002319
-0.000732
-0.002319
-0.001465
-0.001709
-0.002441
-0.001709
-0.001709
-0.001709
-0.001099
-0.001343
-0.001587
-0.001221
-0.001709
-0.001831
-0.000610
-0.001465
-0.000732
-0.002441
-0.002197
-0.002930
-0.002563
-0.001709
-0.002197
-0.000854
-0.001465
-0.002075
-0.001465
-0.001099
-0.001343
-0.001465
-0.000610
-0.002075
-0.002197
-0.002563
-0.001099
-0.001953
-0.001221
-0.000732
-0.001465
-0.000488
-0.001343
-0.001221
-0.003174
-0.002808
-0.002197
-0.000854
-0.001343
-0.001953
-0.000610
-0.001099
-0.001343
-0.001099
-0.002197
-0.001709
-0.001709
-0.001099
-0.001099
-0.001709
-0.001099
-0.001221
-0.001953
-0.000610
-0.001831
-0.001221
-0.002441
-0.001465
-0.002441
-0.000854
0.000000
-0.001709
-0.001587
-0.001099
-0.002686
-0.002441
-0.001099
-0.001831
-0.001953
-0.002197
-0.001343
-0.001587
-0.002441
-0.000854
-0.001953
-0.001709
-0.001709
-0.001953
-0.000854
-0.001587
-0.000854
-0.002563
-0.001709
-0.001587
-0.001465
-0.001953
-0.001953
-0.001953
-0.001587
-0.001953
-0.001953
-0.001709
-0.001953
-0.002075
-0.001465
-0.001709
-0.000977
-0.002197
-0.001099
-0.001953
-0.001465
-0.001953
-0.003296
-0.001099
-0.000977
-0.003174
-0.000854
-0.000366
-0.001831
-0.001709
-0.001343
-0.002808
-0.001953
-0.001343
-0.002075
-0.001709
-0.001099
-0.001343
-0.001709
-0.000122
-0.000854
-0.002197
-0.000854
-0.000854
-0.001221
-0.000854
-0.001587
-0.000854
-0.001709
-0.002808
-0.002441
-0.001221
-0.002563
-0.001953
-0.000854
-0.001709
-0.001465
-0.001465
-0.001831
-0.000366
-0.000366
-0.002319
-0.001465
-0.001709
-0.001709
-0.001465
-0.001587
-0.000732
-0.001465
0.000122
-0.001953
-0.001099
-0.001221
-0.001953
-0.001099
-0.001221
-0.001221
-0.000854
-0.001343
-0.000732
-0.000854
-0.001343
-0.002075
-0.001221
-0.001099
-0.001465
-0.001343
-0.001831
-0.001709
-0.002319
-0.001343
-0.001099
-0.000610
-0.001953
-0.002563
-0.001953
-0.001709
-0.002075
-0.000854
-0.001099
-0.000854
-0.001831
-0.001465
-0.000244
-0.001221
-0.001953
-0.002319
-0.001587
-0.002197
-0.001221
-0.001343
-0.001831
-0.001221
-0.000610
-0.001709
-0.001099
-0.002441
-0.001587
-0.001465
-0.000122
-0.002197
-0.002075
-0.001587
-0.001465
-0.001953
-0.001709
-0.002808
-0.001465
-0.001343
-0.001953
-0.001709
-0.002197
-0.000732
-0.001953
-0.002319
-0.002075
-0.000610
-0.000610
-0.001831
-0.003052
-0.000732
-0.001465
-0.000977
-0.001465
-0.002319
-0.001709
-0.001953
-0.001465
-0.002930
-0.001709
-0.000732
-0.002808
-0.001099
-0.000244
-0.001709
-0.001099
-0.001099
-0.000977
-0.001831
-0.001709
-0.002075
-0.002441
-0.001953
-0.001221
-0.001465
-0.000977
-0.001343
-0.002075
-0.002930
-0.001587
-0.000732
-0.000610
0.000000
-0.002319
-0.002563
-0.000488
-0.001587
-0.002808
-0.001343
-0.002075
-0.000854
-0.001587
-0.002563
-0.002441
-0.000854
-0.002075
-0.002441
-0.001465
-0.002197
-0.001587
-0.001343
-0.001709
-0.000977
-0.001953
-0.001709
-0.001465
-0.000854
-0.001709
-0.000732
-0.001343
-0.002197
-0.000854
-0.001465
-0.002686
-0.001587
-0.000977
-0.002319
-0.001587
-0.000366
0.000977
-0.000977
-0.001343
-0.002441
-0.001953
-0.001343
-0.000854
-0.000732
-0.002930
-0.002197
-0.002075
-0.002441
-0.001343
-0.000977
-0.001343
-0.000977
-0.001343
-0.001099
-0.000977
-0.001343
-0.001343
-0.001465
-0.000610
-0.001953
-0.002075
-0.000854
-0.000854
-0.000732
-0.002075
-0.001709
-0.001099
-0.000977
-0.000732
-0.001831
-0.001709
-0.002441
-0.001221
-0.000488
-0.000977
-0.000977
-0.002441
-0.001343
-0.000854
-0.001343
-0.000732
-0.000977
-0.001953
-0.001221
-0.001465
-0.002075
-0.001465
-0.002197
-0.001221
-0.001343
-0.002930
-0.001343
-0.000732
-0.001343
-0.000488
-0.001099
-0.001953
-0.002563
-0.001709
-0.000488
-0.001831
-0.000488
-0.002319
-0.001709
-0.002441
-0.002075
-0.001343
-0.002075
-0.001465
-0.002563
-0.000854
-0.001587
-0.002686
-0.001099
-0.001465
-0.000732
0.000000
-0.001587
-0.001221
-0.002441
-0.001343
-0.001587
-0.001099
-0.001343
-0.000732
-0.000854
-0.000488
-0.000732
-0.002441
-0.002197
-0.001709
-0.002441
-0.001709
-0.001587
-0.000244
-0.001343
-0.001221
-0.001465
-0.002441
-0.000122
-0.001465
-0.001343
-0.000488
-0.000854
-0.001099
-0.000610
-0.001953
-0.001587
-0.001953
-0.000610
-0.001953
-0.001587
-0.001465
-0.001587
-0.001831
-0.001343
-0.000244
-0.001465
-0.001587
-0.000854
-0.002319
-0.000854
-0.000732
-0.001831
-0.001099
-0.001099
-0.001343
-0.002197
-0.001709
-0.000977
-0.000732
-0.002319
-0.001465
-0.000488
-0.001221
-0.003052
-0.001587
0.000000
-0.002075
-0.001221
-0.001099
-0.002686
-0.002441
-0.001099
-0.001953
-0.001709
-0.001587
-0.001343
-0.000610
-0.001587
-0.001709
-0.001953
-0.001709
-0.001099
-0.002197
-0.001587
-0.000610
-0.001465
-0.000610
-0.001587
-0.001343
-0.000122
-0.003174
-0.001709
-0.000854
-0.002075
-0.001953
-0.001709
-0.002075
-0.001587
-0.001343
-0.001709
-0.001099
-0.001587
-0.001709
-0.000854
-0.002197
-0.001953
-0.002563
-0.001221
-0.001099
-0.001343
-0.001221
-0.001099
-0.002197
-0.002930
-0.000854
-0.001465
-0.000732
-0.001465
-0.001099
-0.000977
-0.001099
-0.002075
-0.002075
-0.000732
-0.000732
-0.002197
-0.002075
-0.001465
-0.002075
-0.000854
-0.002075
-0.001221
0.000122
-0.000854
-0.000977
-0.001465
-0.001343
-0.001831
-0.001221
-0.001221
-0.001709
-0.000977
-0.000366
-0.001587
-0.001343
-0.001831
-0.002075
-0.001709
-0.001221
-0.001587
-0.001465
-0.000977
-0.001099
-0.002197
-0.001343
-0.002441
-0.002441
-0.001343
-0.001831
-0.000854
-0.001587
-0.001221
-0.001953
-0.002197
-0.001587
-0.001953
-0.000732
-0.001587
-0.002563
-0.001709
-0.002075
-0.001099
-0.001465
-0.002441
-0.002563
-0.001953
-0.002197
-0.001343
-0.001465
0.000366
-0.000854
-0.001099
-0.001343
-0.001587
-0.000977
-0.002075
-0.001709
-0.000854
-0.001953
-0.001099
-0.001831
-0.002563
-0.001343
-0.002686
-0.001343
-0.001709
-0.000854
-0.001099
-0.001953
-0.001221
-0.000732
-0.002808
-0.001709
-0.001221
-0.001465
-0.002563
-0.001099
-0.001587
0.000122
-0.000732
-0.000732
-0.001587
-0.000977
-0.000732
-0.001343
-0.000977
-0.000854
-0.001953
-0.002319
-0.001099
-0.001465
-0.001831
-0.002197
-0.001709
0.000122
-0.001343
-0.000854
-0.001587
-0.001099
-0.001465
-0.000977
-0.001831
-0.001587
-0.000610
-0.001221
-0.001465
0.000122
-0.001343
-0.000732
-0.001587
-0.001831
-0.001953
-0.001587
-0.001709
0.000000
-0.001953
-0.003052
-0.001099
-0.001953
-0.001709
-0.001587
0.000000
-0.001587
-0.001953
-0.001587
-0.000488
-0.001343
-0.000854
-0.002563
-0.000854
-0.001099
-0.001587
-0.002686
-0.001587
-0.001465
-0.001587
-0.000854
-0.000732
-0.001587
-0.000244
-0.000732
-0.000732
-0.001587
-0.001709
-0.000366
-0.002686
-0.001587
-0.001587
-0.001709
-0.001221
-0.002563
-0.000122
-0.000732
-0.000732
-0.000488
-0.002930
-0.001465
-0.003052
-0.001343
-0.001221
-0.002075
-0.000122
-0.001221
-0.002319
-0.002075
-0.001465
-0.001953
-0.001953
-0.001709
-0.000854
-0.002441
-0.001709
-0.001465
-0.000610
-0.000610
-0.000610
-0.001343
-0.001953
-0.002563
-0.001099
-0.001587
-0.001343
-0.001221
-0.001465
-0.001099
-0.002319
-0.002197
-0.001587
-0.002075
-0.000732
-0.000732
-0.001343
-0.001831
-0.001221
-0.000854
-0.001587
-0.001953
-0.000610
-0.002686
-0.001099
-0.000854
-0.000610
-0.000977
-0.001709
-0.001343
-0.001709
-0.001587
-0.001343
-0.001221
-0.002197
-0.001221
-0.000366
-0.003052
-0.001465
-0.001709
-0.000977
-0.002197
-0.001343
-0.000854
-0.001099
-0.001465
-0.002075
-0.001709
-0.000732
-0.001831
-0.001343
-0.001099
-0.000244
-0.000488
-0.001343
-0.000366
-0.001953
-0.001099
0.000366
-0.001343
-0.001587
-0.000244
-0.000610
-0.002930
-0.000610
-0.000610
-0.000122
-0.001221
-0.001587
-0.000854
-0.002319
-0.001343
-0.001709
-0.000244
-0.001465
-0.001831
-0.002563
-0.001343
-0.001709
-0.001221
-0.000977
-0.000488
-0.001221
-0.001343
-0.000854
-0.001465
-0.000732
-0.001221
-0.001587
-0.001953
-0.001953
-0.001709
-0.001587
-0.002075
-0.000610
-0.002075
-0.001953
-0.000732
-0.002197
-0.000854
-0.000977
-0.001587
-0.002319
-0.000488
-0.001099
-0.000977
-0.001587
-0.001221
-0.001831
-0.001465
-0.000244
-0.001831
-0.001343
-0.001343
-0.001465
-0.001953
-0.000854
-0.002808
-0.002197
-0.000854
-0.001221
-0.001465
-0.001709
-0.002197
-0.001709
-0.001465
-0.001953
0.000244
-0.001465
-0.001343
-0.001465
-0.002075
-0.001465
-0.001099
-0.001465
-0.000977
-0.002075
-0.002197
-0.000366
-0.002197
-0.001587
-0.002441
-0.000244
-0.001343
-0.002197
-0.002075
-0.000854
-0.001221
-0.001709
-0.001831
-0.001953
-0.001465
-0.001343
-0.001587
-0.000732
-0.002441
-0.000854
-0.002197
-0.001709
-0.002075
-0.001465
-0.001099
-0.000488
-0.000854
-0.001709
0.000244
-0.001099
-0.001343
-0.000977
-0.002075
-0.001465
-0.002441
-0.001709
-0.002075
-0.001221
-0.000977
-0.002808
-0.001465
-0.001831
-0.000366
-0.001953
-0.002197
-0.001587
-0.001831
-0.000854
-0.001709
-0.000488
-0.001953
-0.002441
-0.002319
-0.001221
-0.001343
-0.001831
-0.002319
-0.001587
-0.001099
-0.000122
-0.001221
-0.001953
-0.001465
-0.000244
-0.002197
-0.002441
-0.001343
-0.001099
-0.001221
-0.001221
-0.001343
-0.001465
-0.002441
-0.001221
-0.002563
-0.001465
-0.001099
-0.001221
-0.001465
-0.000366
-0.000977
-0.001465
-0.000122
-0.000854
-0.001587
-0.001831
-0.001587
-0.001343
-0.001953
-0.001465
-0.002075
-0.002075
-0.001709
-0.002563
-0.001343
-0.000977
-0.001831
-0.000610
-0.002197
-0.001587
-0.001099
-0.001587
-0.001343
-0.001953
-0.001953
-0.001221
-0.001953
-0.001953
-0.001221
-0.002441
-0.001221
-0.001343
-0.001587
-0.001465
-0.001099
0.000000
-0.001831
-0.001343
-0.000610
-0.002075
-0.002075
-0.001953
-0.001587
-0.002075
-0.002319
-0.001587
-0.002197
-0.000854
-0.000977
-0.000854
-0.001221
-0.001831
-0.001587
-0.001221
-0.000977
-0.000854
-0.001099
-0.001709
-0.001953
-0.001343
-0.000977
-0.001709
0.000000
-0.002075
-0.001953
-0.001709
-0.000732
-0.002197
-0.001953
-0.001221
-0.002563
-0.000854
-0.000244
-0.001587
-0.001221
-0.002319
-0.001465
-0.002075
-0.001099
-0.001221
-0.002686
0.000000
-0.002686
-0.001099
-0.000610
-0.000732
-0.001587
-0.002075
-0.002197
-0.001465
-0.001587
-0.001465
-0.002075
0.000000
-0.001221
-0.001221
-0.000122
-0.001587
-0.001465
-0.001709
-0.000854
-0.001587
-0.001831
-0.001587
-0.002075
-0.001221
-0.001953
-0.001709
-0.001221
-0.002197
-0.001953
-0.001709
-0.000854
-0.001343
-0.001221
-0.001465
-0.002075
-0.001953
-0.001221
-0.001953
-0.001953
-0.000854
-0.001221
-0.001221
-0.001831
-0.001953
-0.000854
-0.001587
-0.002319
-0.001709
-0.001709
-0.001587
-0.001953
-0.000122
-0.001221
-0.002197
-0.000854
-0.000732
-0.002075
-0.002319
-0.001465
-0.003418
-0.002197
-0.000854
-0.002197
-0.000366
-0.000610
-0.001831
-0.001343
-0.001465
-0.001709
-0.002075
-0.000366
-0.002563
-0.002197
-0.001221
-0.001465
-0.001587
-0.000977
-0.001465
-0.002563
-0.001099
-0.002197
-0.001343
-0.001831
-0.000732
-0.001099
-0.002075
-0.000244
-0.000732
-0.002319
-0.002197
-0.001953
-0.001587
-0.000854
-0.001343
-0.002075
-0.000854
-0.002441
-0.001221
-0.001587
-0.001099
-0.001709
-0.000854
-0.000122
-0.000610
-0.001831
-0.003418
-0.001709
-0.002075
-0.002930
-0.000610
-0.000977
-0.002686
-0.001221
-0.001343
-0.001343
-0.000366
-0.001587
-0.001587
-0.001709
-0.002075
-0.002075
-0.001465
-0.001953
-0.002319
-0.001587
-0.001709
-0.000488
-0.001709
-0.002686
-0.002441
-0.001709
-0.000977
-0.001099
-0.000488
-0.001465
-0.002441
-0.001709
-0.001465
-0.001099
-0.001099
-0.001465
-0.000610
-0.001709
-0.001343
-0.000366
-0.002075
-0.001221
-0.000977
-0.002075
-0.000854
-0.000854
-0.001709
-0.001587
-0.000977
-0.001221
-0.001587
-0.001221
-0.000854
-0.000854
-0.002197
-0.001709
-0.001709
-0.001709
-0.002686
-0.001343
-0.001343
-0.001587
-0.002075
-0.000488
-0.000610
-0.001221
-0.002563
-0.001343
-0.001953
-0.002563
-0.000854
-0.001587
-0.000854
-0.002075
-0.000610
-0.001587
-0.002197
-0.002441
-0.001343
-0.001343
-0.001221
-0.001221
-0.001465
-0.002197
-0.000854
-0.000977
-0.001831
-0.001465
-0.001465
-0.001221
-0.001343
-0.001465
-0.001221
-0.000854
-0.002075
-0.002563
-0.001221
-0.000610
-0.001953
-0.001587
-0.001343
-0.002808
-0.000366
-0.000610
-0.001221
-0.000854
-0.002197
-0.002319
-0.000732
-0.001831
-0.001343
-0.002075
-0.002808
-0.000854
-0.001465
-0.000366
-0.001953
-0.001709
-0.001831
-0.001343
-0.001221
-0.001953
-0.002563
-0.000610
-0.002319
-0.002075
-0.002563
-0.001221
-0.001953
-0.002441
-0.001465
-0.002441
-0.002441
-0.000854
-0.001465
-0.001465
-0.001465
-0.001099
-0.000610
-0.001587
-0.000488
-0.002808
-0.001221
-0.000854
-0.002808
-0.001587
-0.001465
-0.002319
-0.001221
-0.000977
-0.000610
-0.002319
-0.001221
-0.000610
-0.001465
-0.001221
-0.000732
-0.001099
-0.002319
-0.001709
-0.001953
-0.002563
-0.001465
-0.001953
-0.001587
-0.002930
-0.000244
-0.001221
-0.001221
-0.001953
-0.001343
-0.000610
-0.001343
0.000122
-0.001465
-0.001831
-0.001343
-0.000732
-0.000732
-0.000366
-0.001953
-0.002075
-0.000244
-0.001831
-0.001709
-0.000854
-0.001099
-0.001587
-0.002197
-0.001221
-0.000854
-0.000122
-0.002808
-0.000854
-0.000122
-0.000977
-0.001587
-0.001953
-0.001343
-0.001099
-0.001343
-0.001587
-0.001587
-0.001831
-0.001221
-0.001221
-0.001831
-0.001343
-0.002075
-0.002563
-0.001587
-0.000854
-0.001709
-0.002197
-0.001343
-0.001709
-0.000732
-0.002075
-0.001587
-0.001709
-0.002441
-0.003174
-0.001343
-0.001465
-0.001831
-0.001343
-0.001709
-0.001343
-0.001343
-0.000732
-0.002075
-0.001709
-0.001953
-0.000854
-0.001343
-0.001709
-0.000732
-0.002319
-0.001099
-0.001465
-0.002441
-0.000854
-0.001465
-0.002075
-0.002075
-0.001221
-0.002563
-0.001953
-0.000854
-0.000488
-0.000732
-0.001465
-0.001099
-0.000732
-0.001953
-0.000610
-0.001221
-0.001831
-0.001343
-0.001709
-0.002686
-0.001465
-0.000610
-0.001831
-0.001343
-0.000610
-0.001709
-0.001465
-0.001709
-0.002075
-0.001709
-0.001953
-0.002197
-0.001099
-0.000977
-0.001465
-0.001221
-0.001465
-0.002441
-0.001587
-0.001343
-0.000977
-0.001953
-0.001221
-0.001709
-0.001343
-0.000732
-0.001953
-0.001709
-0.001709
-0.001587
-0.001343
-0.002441
-0.000732
-0.001099
-0.001831
-0.001709
-0.002441
-0.000610
-0.000732
-0.001709
-0.000488
-0.001221
-0.002441
-0.001465
-0.001709
-0.001465
-0.000977
-0.000488
-0.001465
-0.002197
-0.001709
-0.001465
-0.001221
-0.001221
-0.001221
-0.001709
-0.001221
-0.000366
-0.002197
-0.001587
-0.001465
-0.001099
-0.001465
-0.001831
-0.001343
-0.001953
-0.001587
-0.002441
-0.001221
-0.001099
-0.002197
-0.002075
-0.001709
-0.002319
-0.001587
-0.001587
-0.000977
-0.001709
-0.001465
-0.002930
-0.001709
-0.000610
-0.000854
-0.001465
-0.001587
-0.001221
-0.000977
-0.001099
-0.002319
-0.002197
-0.001587
-0.002197
-0.001099
-0.002319
-0.001709
-0.001099
-0.000610
-0.000854
-0.001709
-0.001343
-0.001709
-0.001953
-0.001709
-0.001099
-0.000977
-0.001343
-0.001343
-0.001953
-0.000854
-0.000977
-0.001221
-0.001099
-0.001221
-0.000732
-0.001831
-0.002197
-0.000244
-0.001709
-0.000977
-0.001465
-0.001587
-0.001099
-0.001099
-0.001099
-0.000122
-0.001587
-0.001221
-0.001587
-0.001465
-0.001343
-0.000977
-0.001465
-0.000732
-0.001099
-0.001221
-0.001465
-0.001587
-0.000610
-0.002686
-0.000854
-0.000977
-0.000366
-0.000122
-0.002075
-0.001221
-0.001099
-0.001953
-0.000610
-0.001465
-0.002319
-0.001099
-0.002075
-0.002075
-0.001099
-0.000854
-0.000977
-0.001709
-0.001099
-0.000488
-0.002441
-0.002075
-0.001221
-0.001953
-0.001709
-0.000977
-0.001953
-0.001221
-0.001099
-0.001465
-0.000977
-0.000610
-0.001465
-0.000366
-0.000977
-0.002808
-0.000854
-0.000244
-0.001221
-0.001465
0.000000
-0.000977
-0.002441
-0.001465
-0.001465
-0.002319
-0.000732
-0.001343
-0.002197
-0.001221
-0.001831
-0.001587
0.000122
-0.002441
-0.000854
-0.001221
-0.001465
-0.000610
-0.001343
-0.000610
-0.001587
-0.001221
-0.001465
-0.000854
-0.000488
-0.001221
-0.000244
-0.001343
-0.001465
-0.001221
-0.000610
-0.001465
-0.001465
-0.001587
-0.001709
-0.000488
-0.001587
-0.001465
-0.001953
-0.001953
-0.001709
-0.001465
-0.001587
-0.000977
-0.001587
-0.000977
-0.002075
-0.002075
-0.000244
-0.002197
-0.001953
-0.001709
-0.001221
-0.000122
-0.001465
-0.001465
-0.002075
-0.001099
-0.002075
-0.001709
-0.001587
-0.000732
-0.001587
-0.001709
-0.000610
-0.001831
-0.000854
-0.000732
-0.000244
-0.001709
-0.002319
-0.001221
-0.000488
-0.000488
-0.001099
-0.001709
-0.000732
-0.001343
-0.002319
-0.001221
-0.001953
-0.001709
-0.000244
-0.001953
-0.002075
-0.000732
-0.001099
-0.000977
-0.000977
-0.001343
-0.000244
-0.001587
-0.002686
-0.000854
-0.001831
-0.001709
-0.001587
-0.001587
-0.002075
-0.001465
-0.001099
-0.000610
-0.001831
-0.001709
-0.001221
-0.001465
-0.001343
-0.000732
-0.002563
-0.001099
-0.002319
-0.001465
-0.000977
-0.002197
-0.002197
-0.002563
-0.001343
-0.002808
-0.001953
-0.002563
-0.001709
-0.001221
-0.000732
-0.001221
-0.001343
-0.001099
-0.001831
-0.002197
-0.000610
-0.000732
-0.001343
-0.001343
-0.000732
-0.002075
-0.000854
-0.002563
-0.002075
-0.000854
-0.001587
-0.001099
-0.001099
-0.001221
-0.000854
-0.000366
-0.001831
-0.001709
-0.002808
-0.000854
-0.000488
-0.001953
-0.001953
-0.001343
-0.001709
-0.001587
-0.000854
-0.002686
-0.002075
-0.001099
-0.002441
-0.000488
-0.001709
-0.001099
-0.000732
-0.002686
-0.000854
-0.000732
-0.002075
0.000366
-0.001465
-0.001587
-0.000610
-0.001465
-0.001587
-0.001709
-0.002319
-0.000244
-0.002441
-0.001099
-0.000244
-0.002075
-0.000244
-0.001221
-0.002075
-0.002319
-0.001587
-0.002319
-0.002808
-0.001953
-0.000854
-0.001709
-0.001953
-0.001099
-0.000977
-0.002075
-0.001465
-0.001465
-0.001709
-0.002319
-0.000732
-0.002197
-0.000854
-0.001831
-0.001465
-0.001099
-0.002075
-0.001953
-0.001343
-0.002075
-0.002197
-0.001587
-0.002930
-0.001465
-0.001465
-0.000854
-0.001953
-0.001099
-0.001587
-0.001343
-0.001099
-0.001221
-0.000854
-0.002808
-0.001221
-0.000610
-0.001221
-0.001587
-0.001099
-0.001953
-0.001099
-0.000732
-0.001465
-0.001221
-0.001465
-0.001343
-0.001831
-0.001465
-0.001343
-0.001221
-0.001953
-0.001709
-0.001343
-0.000977
-0.001831
-0.002075
-0.000732
-0.001709
-0.001465
-0.000854
-0.001099
-0.001587
-0.000366
-0.002197
-0.000854
-0.001587
-0.002197
-0.002808
-0.001343
-0.001465
-0.001099
-0.000244
-0.000732
-0.002319
-0.001343
-0.001587
-0.000610
-0.000977
-0.002197
-0.001587
-0.001221
-0.001587
-0.001953
-0.001343
-0.001953
-0.002319
-0.001587
-0.001343
-0.001099
-0.001099
-0.001953
-0.001953
-0.001221
-0.001099
-0.001099
-0.001465
-0.002563
-0.001343
-0.000610
-0.001465
-0.001953
-0.001953
-0.001953
-0.001709
-0.001831
-0.001953
-0.001953
-0.002197
-0.001953
-0.000732
-0.001465
-0.001465
-0.000977
-0.000977
-0.002319
-0.001099
-0.001465
-0.001587
-0.000977
-0.000732
-0.001831
-0.002319
-0.002197
-0.001709
-0.000488
-0.002441
-0.000854
-0.001099
-0.000610
-0.001465
-0.000610
-0.002075
-0.001465
-0.001221
-0.001587
-0.001099
-0.001587
-0.000732
-0.002197
-0.001709
-0.000122
-0.002441
-0.000610
-0.001343
-0.001587
-0.001953
-0.001099
-0.001465
-0.001831
-0.001953
-0.002075
-0.001587
-0.000610
-0.001831
-0.001099
-0.002686
-0.001709
-0.001587
-0.001953
-0.001709
-0.002197
-0.001709
-0.001221
-0.001587
-0.001343
-0.002319
-0.001099
-0.001831
-0.001709
-0.002319
-0.001343
-0.001343
-0.001953
-0.001099
-0.001587
-0.001099
-0.002075
-0.002930
-0.001099
-0.001465
-0.001099
-0.001587
-0.001587
-0.000488
-0.001831
-0.002563
-0.000732
-0.001587
-0.000610
-0.001831
-0.002197
-0.000366
-0.001587
-0.002075
-0.001953
-0.001221
-0.000366
-0.002808
-0.000366
-0.001465
-0.001709
-0.002075
-0.002441
-0.000854
-0.001709
-0.001099
-0.001099
-0.001343
-0.002075
-0.001587
-0.001831
-0.002075
-0.001343
-0.000977
-0.001099
-0.000977
-0.001465
-0.000977
-0.001465
-0.000488
-0.003418
-0.000854
-0.000854
-0.001587
-0.000977
-0.001343
-0.002197
-0.001465
-0.001221
-0.001953
-0.000854
-0.001831
-0.001465
-0.000977
-0.002075
-0.001709
-0.001343
-0.002075
-0.001343
-0.003052
-0.000854
-0.002075
-0.001343
-0.001343
-0.001343
-0.000244
-0.000732
-0.000732
-0.001465
-0.000732
-0.001343
-0.000244
-0.000854
-0.001465
-0.002075
-0.001221
-0.002563
-0.002075
-0.002441
-0.000732
-0.001221
-0.002197
-0.000610
-0.001587
-0.002197
-0.000854
-0.000122
-0.001831
0.000610
-0.001709
-0.001709
0.000122
-0.001831
-0.001587
-0.000610
-0.002441
-0.002197
-0.000854
-0.001343
-0.001343
-0.000977
-0.000977
-0.001953
-0.001221
-0.000488
-0.002197
-0.000610
-0.001709
-0.001587
-0.000977
-0.000488
-0.002563
-0.001221
-0.001099
-0.001465
-0.001221
-0.001587
-0.001221
-0.000610
-0.001099
-0.001465
-0.001953
-0.002197
-0.001221
-0.000610
-0.000977
-0.001709
-0.001831
-0.000854
-0.000122
-0.001587
-0.000854
-0.002075
-0.000122
-0.002319
-0.001099
-0.001465
-0.001465
-0.001587
-0.000732
-0.001953
-0.000854
-0.001099
-0.001587
-0.001343
-0.001953
-0.001587
-0.001709
-0.002563
-0.000244
-0.000732
-0.001465
-0.000977
-0.001953
-0.001709
-0.001221
-0.001709
-0.000488
-0.001831
-0.001343
-0.001099
-0.002319
-0.001709
-0.001587
-0.001465
-0.001709
-0.001709
-0.001709
-0.001587
-0.001953
-0.001709
-0.001221
-0.002930
-0.000732
-0.001221
-0.000732
-0.001221
-0.001587
-0.001465
-0.001221
-0.000610
-0.001343
-0.001465
-0.000732
-0.001831
-0.002441
-0.001709
-0.001587
-0.001343
-0.002563
-0.001953
-0.001709
-0.001709
-0.001465
-0.001099
-0.002197
-0.000732
-0.000977
-0.002441
-0.002075
-0.001465
-0.002197
-0.001465
-0.000488
-0.001221
-0.000854
-0.000732
-0.000977
-0.001343
-0.002197
-0.001221
-0.002441
-0.000732
-0.001099
-0.001343
-0.001099
-0.000488
-0.001587
-0.001465
-0.001831
-0.001587
-0.001587
-0.001099
-0.001709
-0.001709
-0.001587
-0.001343
-0.002319
-0.000732
-0.000854
-0.002563
0.000244
-0.002075
-0.001465
-0.000977
-0.002319
-0.001465
-0.001221
-0.001221
-0.001831
-0.001709
-0.000610
-0.002686
-0.001465
-0.000977
-0.002563
-0.001709
-0.001709
-0.001587
-0.001221
-0.001831
-0.000854
0.000122
-0.001221
-0.001709
-0.000854
-0.000977
-0.001831
-0.001587
-0.000977
-0.001831
-0.001465
-0.001221
-0.002197
-0.001709
-0.001099
-0.001221
-0.000610
-0.002319
-0.002075
-0.002197
-0.001953
-0.001099
-0.001709
-0.002441
-0.002197
-0.002075
-0.002197
-0.001587
-0.002075
-0.000244
-0.000854
-0.001831
-0.002563
-0.001343
-0.000488
-0.002563
-0.001221
-0.001831
-0.001709
-0.001587
-0.001343
-0.001343
-0.001953
-0.001465
-0.001343
-0.000488
-0.001587
-0.001709
-0.001099
-0.001587
-0.001953
-0.001587
-0.000977
-0.000977
-0.001953
-0.002075
-0.001221
-0.001831
-0.001587
0.000244
-0.001465
-0.001953
-0.002075
-0.001709
-0.000244
-0.001709
-0.001099
-0.001099
-0.000977
-0.001709
-0.001465
-0.001465
-0.000854
-0.001953
-0.001953
-0.002075
-0.001221
-0.001099
-0.000854
-0.001343
-0.000732
-0.001221
-0.000977
-0.000732
-0.001221
-0.000244
-0.001343
-0.001343
-0.001343
-0.001221
-0.001221
-0.000732
-0.002808
-0.001099
-0.000366
-0.000488
-0.000854
-0.001709
-0.001831
-0.002197
-0.001099
-0.001709
-0.001953
-0.000854
-0.001831
-0.000488
-0.002686
-0.001099
0.000000
-0.000977
-0.000122
-0.001099
-0.001343
-0.002197
-0.001465
-0.000366
-0.001709
-0.002197
-0.002197
-0.000488
-0.001343
-0.001831
-0.001465
-0.002197
-0.001587
-0.001953
-0.001587
-0.000977
-0.002197
0.000366
-0.000732
-0.001709
-0.000366
-0.002686
-0.001099
-0.001587
-0.000977
-0.001709
-0.002319
-0.002075
-0.001099
-0.001465
-0.001221
-0.002075
-0.001709
-0.000122
-0.000732
-0.001465
-0.001709
-0.001709
-0.000244
-0.002075
-0.000732
-0.002075
-0.001709
-0.001953
-0.001221
-0.001465
-0.001465
-0.001587
-0.001343
-0.000488
-0.001709
-0.001709
-0.001343
-0.001465
-0.000732
-0.001465
-0.001831
-0.000854
-0.001709
-0.001709
-0.000488
-0.001465
-0.002075
-0.001465
-0.002319
-0.001953
-0.001465
-0.000854
-0.001709
-0.000732
-0.001099
-0.001221
-0.001709
-0.000977
-0.000977
-0.001465
-0.001343
-0.002075
-0.002197
-0.001587
-0.001465
-0.002075
-0.000854
-0.002075
-0.001221
-0.000732
-0.002563
-0.001099
-0.000610
-0.001831
-0.001709
-0.001343
-0.001953
-0.000610
-0.001221
-0.001831
-0.002075
-0.001465
-0.001465
-0.000488
-0.002563
-0.000122
-0.000610
-0.002075
-0.000854
-0.000854
-0.000977
-0.001709
-0.001587
-0.001709
-0.000488
-0.000854
-0.001587
-0.002075
-0.001709
-0.001953
-0.001099
-0.001221
-0.002197
-0.001709
-0.001343
-0.000732
-0.000977
-0.000854
-0.001709
-0.000977
-0.001343
-0.001465
-0.001221
-0.000732
-0.001343
-0.001221
-0.000488
-0.000854
-0.001953
-0.001465
-0.001831
-0.000854
-0.001099
-0.002441
-0.001587
0.000122
-0.001343
-0.001465
-0.002686
-0.001343
-0.001587
-0.001831
-0.001587
-0.001587
-0.002563
-0.001709
-0.000732
-0.001221
-0.001709
-0.000854
-0.001099
-0.001709
-0.000488
-0.001587
-0.002319
-0.001221
-0.000977
-0.001221
-0.001221
-0.000854
-0.002075
-0.002197
-0.001587
-0.000488
-0.001709
-0.001343
-0.001709
-0.001221
0.000000
-0.001465
-0.000854
0.000244
-0.002197
-0.000244
-0.001465
-0.001343
-0.000977
-0.002197
-0.002075
-0.001709
-0.000610
-0.001709
-0.001221
-0.001343
-0.001709
-0.001831
-0.001953
-0.001709
-0.002441
-0.002808
-0.002197
-0.001587
-0.000732
-0.002197
-0.001709
-0.001465
-0.001099
-0.000854
-0.002319
-0.000732
-0.001953
-0.001343
-0.001709
-0.001465
-0.001465
-0.001221
-0.002075
-0.001221
-0.001343
-0.001587
-0.000854
-0.002319
-0.002808
-0.001099
-0.000854
-0.001343
-0.001343
-0.001587
-0.002197
-0.000366
-0.001221
-0.002319
-0.000244
-0.001221
-0.001587
-0.001221
-0.001953
-0.000854
-0.001709
-0.000977
-0.000977
-0.001587
-0.001099
-0.001831
-0.001465
-0.000732
-0.001343
-0.002563
-0.001343
-0.000854
-0.001221
-0.001831
-0.001953
-0.002319
-0.000732
-0.001587
-0.000488
-0.001343
-0.000854
-0.001831
-0.002075
-0.001099
-0.001465
-0.001587
-0.002319
-0.001709
-0.001221
-0.001831
-0.001465
-0.001465
-0.001709
-0.002197
-0.001709
-0.001221
-0.000732
-0.002075
-0.001953
-0.001343
-0.002075
-0.001953
-0.001221
-0.002563
-0.001587
-0.001343
-0.000854
-0.001343
-0.002197
-0.001465
-0.000732
-0.001221
-0.001831
-0.000854
-0.001221
-0.001099
-0.001709
-0.001099
-0.000366
-0.000732
-0.002075
-0.000732
-0.001465
-0.000977
-0.000610
-0.001587
-0.001343
-0.002563
-0.003174
-0.001343
-0.002563
-0.001221
-0.001465
-0.000854
-0.002319
-0.001343
-0.001343
-0.000854
-0.001465
-0.001221
-0.001953
-0.001343
-0.002075
-0.001221
-0.001831
-0.001465
-0.000244
-0.001465
-0.001343
-0.000488
-0.001831
-0.001709
-0.001953
-0.000854
-0.001465
-0.001709
-0.002075
-0.002563
-0.002075
-0.001221
-0.000244
-0.001953
-0.001709
-0.002563
-0.000854
-0.000610
-0.001709
-0.001099
-0.002686
-0.000854
-0.001587
-0.001831
-0.000854
-0.001587
-0.001221
-0.001953
-0.001099
-0.000732
-0.000854
-0.001221
-0.001831
-0.001709
0.000122
-0.001221
-0.000122
-0.002197
-0.002319
-0.001587
-0.001221
-0.000854
-0.002319
-0.003174
-0.000610
-0.001465
-0.000854
-0.000122
-0.001343
-0.001343
-0.000732
-0.001221
-0.001099
-0.002441
-0.001587
-0.000977
-0.001831
-0.001587
-0.000610
-0.000977
-0.002075
-0.002197
-0.002563
-0.001709
-0.001709
-0.001709
-0.002319
-0.002197
0.000122
-0.002319
-0.001587
-0.000977
-0.001465
-0.001709
-0.002930
-0.001099
-0.001953
-0.001587
-0.001465
-0.000854
-0.001709
-0.001465
-0.000244
-0.002930
-0.001587
-0.001953
-0.002441
0.000610
-0.001831
-0.002319
-0.001099
-0.001709
-0.001465
-0.001587
-0.001709
-0.001343
-0.002197
-0.001221
-0.000854
-0.001831
-0.001709
-0.002197
-0.001587
-0.001831
-0.002319
-0.001709
-0.001099
-0.000977
-0.001099
-0.001709
-0.002075
-0.002808
-0.002197
-0.001465
-0.001465
-0.001099
-0.000732
-0.002930
-0.002441
-0.002197
-0.001709
-0.001953
-0.003052
-0.001221
-0.001953
-0.002075
-0.001587
-0.000610
-0.002075
-0.001709
-0.001343
-0.002197
-0.001343
-0.001343
-0.001343
-0.001953
-0.000366
-0.001221
-0.002686
-0.001709
-0.000610
-0.001953
-0.001221
-0.001953
-0.001099
-0.001099
-0.001709
-0.001831
-0.000244
-0.002319
-0.002075
-0.001221
-0.002197
-0.001343
-0.001343
-0.001099
-0.001099
-0.000366
-0.000977
-0.002319
-0.001099
-0.002197
-0.001465
-0.000122
-0.000610
-0.001221
-0.001343
-0.000244
-0.001465
-0.000244
-0.000732
-0.002197
-0.001587
-0.000854
-0.001831
-0.000732
-0.000977
-0.000854
-0.002441
-0.001221
-0.001953
-0.001709
-0.001099
-0.001831
-0.002319
-0.001953
-0.000854
-0.001709
-0.001465
-0.000977
-0.000977
-0.001587
-0.001465
-0.001953
-0.001709
-0.001343
-0.002319
-0.001587
-0.001221
-0.002563
-0.000732
-0.001343
-0.000854
-0.000854
-0.001953
-0.002197
-0.001709
-0.001221
-0.001709
-0.001343
-0.001099
-0.000610
-0.001221
-0.000488
-0.000732
-0.001465
-0.001343
-0.001465
-0.000732
-0.001953
-0.002075
-0.002563
-0.000854
-0.001099
-0.002197
-0.000732
-0.000977
-0.001099
-0.001587
-0.000244
-0.000244
-0.001831
-0.001221
-0.002075
-0.002563
-0.001343
0.000366
-0.001709
-0.002563
-0.002930
-0.001343
-0.002563
-0.001099
-0.000610
-0.001587
-0.002075
-0.001099
-0.001709
-0.000488
-0.000610
-0.002319
-0.000854
-0.000977
-0.001587
-0.001343
-0.000366
-0.001465
-0.001465
-0.001465
-0.000977
-0.001343
-0.001099
-0.001099
-0.000977
-0.001587
-0.000854
-0.001465
-0.001465
-0.001953
-0.001953
-0.001709
-0.001587
-0.000488
-0.000977
-0.001587
-0.000610
-0.000732
-0.001831
-0.000732
-0.001953
-0.002563
-0.002930
-0.000854
-0.001709
-0.002686
-0.002563
-0.001099
-0.000854
-0.001343
-0.001587
-0.000977
-0.001709
-0.002686
-0.000854
-0.001587
-0.000977
-0.001465
-0.000732
-0.001343
-0.000366
-0.001465
-0.001221
-0.001465
-0.000977
-0.001831
-0.000366
-0.000366
-0.001343
-0.000854
-0.000122
-0.001343
-0.000610
-0.000977
-0.002563
-0.001221
-0.001343
-0.001221
-0.001221
-0.002075
-0.001953
-0.000854
-0.002441
-0.001709
-0.000244
-0.000977
-0.000854
-0.001221
-0.001099
-0.001831
-0.001343
-0.001099
-0.001465
-0.000977
-0.001587
-0.001099
-0.001587
-0.002197
-0.002197
-0.001221
-0.000488
-0.001465
-0.001587
-0.001221
-0.002930
-0.000854
-0.002319
-0.001465
-0.000488
-0.001221
-0.001343
-0.001343
-0.000977
-0.000122
-0.002319
-0.002197
-0.001343
-0.001221
-0.002075
-0.002563
-0.000610
-0.001831
-0.001953
-0.001343
-0.002686
-0.001587
-0.001587
-0.001709
-0.000732
-0.000854
-0.002075
-0.002319
-0.002319
-0.001709
-0.000854
-0.001099
-0.001587
-0.000732
-0.000854
-0.001343
-0.001221
-0.001831
-0.001099
-0.002075
-0.001709
-0.001343
-0.000732
-0.001221
-0.001465
-0.000854
-0.001343
-0.000610
-0.001221
-0.001709
-0.001465
-0.001221
-0.001953
-0.002563
-0.001709
-0.000244
-0.001099
-0.000732
-0.001343
-0.002197
-0.001709
-0.001465
-0.000854
-0.001587
-0.000854
-0.001587
-0.001587
-0.001343
-0.002197
-0.002563
-0.000854
-0.000854
-0.002319
-0.001709
-0.001465
-0.000732
-0.002441
-0.001099
-0.002197
-0.001343
-0.002686
-0.001099
-0.001221
-0.002686
-0.001099
-0.002808
-0.002075
-0.001465
-0.001099
-0.001953
-0.001709
-0.001099
-0.000610
-0.001587
-0.001343
-0.001709
-0.001831
-0.001099
-0.001343
-0.000854
-0.001221
-0.001587
-0.000854
0.000000
0.009888
0.047363
0.103882
0.145630
0.189453
0.237671
0.279053
0.326294
0.366211
0.408325
0.450928
0.487549
0.528320
0.566406
0.600098
0.634155
0.667847
0.698730
0.726440
0.754395
0.780029
0.802979
0.825195
0.844116
0.860596
0.874268
0.888062
0.897949
0.906860
0.912964
0.917603
0.917847
0.916748
0.912964
0.908203
0.901123
0.889771
0.876953
0.860474
0.845215
0.826294
0.804810
0.781372
0.756470
0.729126
0.700562
0.671265
0.637817
0.603760
0.568115
0.533325
0.493896
0.453857
0.412354
0.372070
0.329834
0.284912
0.241699
0.196899
0.151001
0.106567
0.059937
0.011841
-0.030273
-0.077271
-0.124146
-0.167480
-0.214478
-0.258911
-0.301758
-0.345337
-0.388062
-0.427856
-0.468994
-0.508179
-0.544312
-0.582153
-0.614624
-0.646851
-0.680176
-0.708740
-0.735962
-0.762695
-0.786377
-0.809570
-0.828735
-0.845703
-0.863770
-0.876465
-0.887451
-0.897827
-0.904053
-0.909058
-0.913208
-0.912354
-0.910889
-0.907227
-0.900024
-0.892090
-0.880981
-0.867310
-0.851318
-0.834839
-0.815063
-0.793335
-0.769897
-0.744263
-0.715698
-0.687500
-0.655884
-0.621948
-0.588623
-0.551758
-0.515259
-0.476685
-0.436157
-0.393921
-0.353149
-0.309570
-0.266113
-0.220947
-0.175903
-0.131470
-0.084839
-0.038208
0.007324
0.053711
0.100342
0.144897
0.191284
0.234863
0.279419
0.324707
0.365601
0.408691
0.450073
0.488403
0.527344
0.564575
0.600830
0.635132
0.667725
0.698730
0.727417
0.755737
0.779419
0.803101
0.824707
0.842651
0.859985
0.874878
0.888672
0.899536
0.906982
0.913208
0.916260
0.918457
0.916748
0.913452
0.907349
0.899658
0.890137
0.876587
0.862671
0.845093
0.827271
0.806519
0.782837
0.756958
0.730103
0.700684
0.670776
0.637573
0.604492
0.568115
0.531616
0.492920
0.453003
0.413452
0.371582
0.328735
0.284424
0.240601
0.196045
0.150757
0.106812
0.058960
0.013428
-0.032104
-0.079346
-0.124634
-0.167725
-0.214722
-0.259521
-0.302124
-0.346069
-0.387695
-0.428955
-0.468262
-0.509277
-0.544922
-0.581909
-0.618530
-0.649170
-0.682007
-0.711792
-0.738647
-0.766235
-0.788574
-0.811646
-0.833130
-0.849243
-0.866455
-0.879517
-0.890869
-0.901123
-0.906738
-0.912598
-0.915527
-0.914429
-0.913940
-0.909180
-0.903320
-0.892578
-0.881836
-0.869141
-0.853149
-0.837036
-0.815552
-0.794678
-0.770874
-0.744263
-0.716553
-0.688965
-0.657715
-0.623535
-0.589600
-0.553711
-0.515381
-0.476685
-0.435913
-0.394531
-0.353027
-0.310059
-0.268066
-0.220093
-0.176392
-0.130493
-0.084839
-0.038940
0.008301
0.054565
0.099854
0.145874
0.190430
0.235718
0.279297
0.324097
0.366089
0.407715
0.449951
0.489136
0.527588
0.564453
0.601318
0.634521
0.667236
0.698242
0.726685
0.753784
0.779541
0.803101
0.824951
0.843262
0.859131
0.875854
0.887939
0.898071
0.906494
0.912476
0.917603
0.917725
0.916748
0.913452
0.907349
0.898315
0.889648
0.876343
0.861450
0.844971
0.825806
0.806030
0.780884
0.756714
0.730713
0.699341
0.669922
0.637817
0.602051
0.568726
0.531494
0.492432
0.452637
0.414062
0.371216
0.328247
0.284302
0.241089
0.196411
0.149658
0.104736
0.059326
0.013550
-0.032959
-0.078247
-0.124146
-0.168945
-0.215088
-0.259277
-0.302979
-0.347046
-0.387695
-0.429565
-0.469360
-0.508301
-0.546509
-0.581909
-0.616333
-0.648804
-0.681152
-0.710693
-0.739136
-0.765259
-0.790405
-0.811890
-0.832520
-0.851074
-0.867798
-0.881226
-0.892944
-0.901489
-0.908203
-0.913452
-0.916626
-0.916016
-0.914185
-0.910278
-0.903687
-0.894531
-0.883789
-0.869873
-0.854492
-0.836670
-0.816528
-0.795044
-0.771606
-0.745483
-0.717896
-0.688354
-0.657104
-0.623779
-0.588867
-0.552856
-0.513550
-0.475952
-0.436646
-0.395630
-0.353027
-0.310791
-0.266724
-0.221069
-0.177856
-0.132446
-0.084351
-0.039307
-0.003784
0.005005
-0.005615
-0.001587
-0.000122
-0.004150
-0.000122
-0.002563
-0.002319
-0.002563
-0.002563
-0.000854
-0.001221
-0.001587
-0.001953
-0.000854
-0.001953
-0.002808
-0.002686
-0.002686
-0.002075
-0.002075
-0.002319
-0.002319
-0.002075
-0.002075
-0.002563
-0.002808
-0.000977
-0.002197
-0.002686
-0.002563
-0.001709
-0.002563
-0.002197
-0.001953
-0.001465
-0.002441
-0.001343
-0.001343
-0.002563
-0.002563
-0.001709
-0.002075
-0.001709
-0.002075
-0.002197
-0.002197
-0.000732
-0.002075
-0.002930
-0.002075
-0.002197
-0.002075
-0.002197
-0.002563
-0.002563
-0.001831
-0.002075
-0.000488
-0.001831
-0.002808
-0.002930
-0.003052
-0.001709
-0.001709
-0.003174
-0.001465
-0.002563
-0.001709
-0.002197
-0.003052
-0.002808
-0.002686
-0.001709
-0.002808
-0.002075
-0.001953
-0.002563
-0.001953
-0.002808
-0.002686
-0.001099
-0.002075
-0.001709
-0.002075
-0.001343
-0.001099
-0.001831
-0.002197
-0.002808
-0.002197
-0.002075
-0.002319
-0.001709
-0.001099
-0.001709
-0.001343
-0.002808
-0.001465
-0.003540
-0.001343
-0.001587
-0.001709
-0.001709
-0.001831
-0.001831
-0.002075
-0.002808
-0.002563
-0.001831
-0.002319
-0.001831
-0.002686
-0.002075
-0.002563
-0.001465
-0.002441
-0.002075
-0.001953
-0.003418
-0.001221
-0.000977
-0.001709
-0.001709
-0.001953
-0.001221
-0.002197
-0.002563
-0.002563
-0.002075
-0.000977
-0.003418
-0.001953
-0.002197
-0.003174
-0.002197
-0.001709
-0.002563
-0.000977
-0.002563
-0.001953
-0.000977
-0.003784
-0.001465
-0.002686
-0.001953
-0.001709
-0.003052
-0.002563
-0.001709
-0.000854
-0.003052
-0.002563
-0.002197
-0.002808
-0.002686
-0.001831
-0.002075
-0.002197
-0.002930
-0.001709
-0.001709
-0.001709
-0.002563
-0.002686
-0.002319
-0.002075
-0.002563
-0.001465
-0.002197
-0.001709
-0.002441
-0.002197
-0.002930
-0.001343
-0.002563
-0.002197
-0.001221
-0.001587
-0.001709
-0.001953
-0.002563
-0.001953
-0.002808
-0.002563
-0.001709
-0.001953
-0.002563
-0.000854
-0.001831
-0.001831
-0.002563
-0.002563
-0.001709
-0.001587
-0.001587
-0.001709
-0.002808
-0.001709
-0.003418
-0.000732
-0.001831
-0.002319
-0.002075
-0.002319
-0.002686
-0.001709
-0.002563
-0.003052
-0.001709
-0.001099
-0.001953
-0.001709
-0.001221
-0.000854
-0.001221
-0.002686
-0.001709
-0.002686
-0.002075
-0.002075
-0.002563
-0.001465
-0.002441
-0.002563
-0.002808
-0.001099
-0.002441
-0.000854
-0.001953
-0.002075
-0.001831
-0.000488
-0.001709
-0.001953
-0.002808
-0.001709
-0.002930
-0.001953
-0.001953
-0.001709
-0.001709
-0.001465
-0.003052
-0.002563
-0.002075
-0.001465
-0.001953
-0.002563
-0.000488
-0.002563
-0.002319
-0.000854
-0.002563
-0.001221
-0.001831
-0.003052
-0.002319
-0.001953
-0.001831
-0.002563
-0.002808
-0.001709
-0.002319
-0.001709
-0.001709
-0.001099
-0.000977
-0.001709
-0.001709
-0.002563
-0.001831
-0.002563
-0.002197
-0.001465
-0.001709
-0.002563
-0.002686
-0.002563
-0.002686
-0.001709
-0.002808
-0.001831
-0.002563
-0.001709
-0.001709
-0.003296
-0.002563
-0.003418
-0.002075
-0.000732
-0.002075
-0.002930
-0.001831
-0.001099
-0.002563
-0.001465
-0.001343
-0.001099
-0.002075
-0.002808
-0.002563
-0.002319
-0.001831
-0.000977
-0.001953
-0.001709
-0.001465
-0.002686
-0.002930
-0.001709
-0.003052
-0.001953
-0.002075
-0.003174
-0.003418
-0.001831
-0.000977
-0.002197
-0.003418
-0.001099
-0.002441
-0.002563
-0.001831
-0.001099
-0.001953
-0.002930
-0.001221
-0.003296
-0.002197
-0.001709
-0.001709
-0.001587
-0.002563
-0.002930
-0.001221
-0.002563
-0.001831
-0.002075
-0.001709
-0.001343
-0.002075
-0.002563
-0.001953
-0.001831
-0.001465
-0.001831
-0.001709
-0.002075
-0.002075
-0.002319
-0.001343
-0.001953
-0.003418
-0.002319
-0.003052
-0.001709
-0.002319
-0.002930
-0.001709
-0.001953
-0.001343
-0.001953
-0.002197
-0.001709
-0.002808
-0.001343
-0.002197
-0.002563
-0.002075
-0.002686
-0.001953
-0.002197
-0.002197
-0.003174
-0.001099
-0.001221
-0.001343
-0.002441
-0.002563
-0.002808
-0.002686
-0.002563
-0.002197
-0.002563
-0.001709
-0.002563
-0.003418
-0.001953
-0.002563
-0.002686
-0.002319
-0.001831
-0.002075
-0.001221
-0.002563
-0.002563
-0.001709
-0.002197
-0.001709
-0.003784
-0.002197
-0.002563
-0.002319
-0.001099
-0.002075
-0.002930
-0.001831
-0.002319
-0.002197
-0.002686
-0.002930
-0.002319
-0.001953
-0.001709
-0.001709
-0.002441
-0.001953
-0.002563
-0.002319
-0.002563
-0.003540
-0.003052
-0.003174
-0.002686
-0.001099
-0.001221
-0.001587
-0.001099
-0.001709
-0.002197
-0.002563
-0.002563
-0.002075
-0.000244
-0.001953
-0.002686
-0.001343
-0.001831
-0.002808
-0.001831
-0.002319
-0.002197
-0.002808
-0.001709
-0.001709
-0.002930
-0.002197
-0.001953
-0.001831
-0.001709
-0.001221
-0.001221
-0.002808
-0.001465
-0.001953
-0.001953
-0.001465
-0.002075
-0.000854
-0.002808
-0.002563
-0.002686
-0.002930
-0.001953
-0.001465
-0.001221
-0.002197
-0.002075
-0.002075
-0.002930
-0.003052
-0.002686
-0.002075
-0.002319
-0.002319
-0.002563
-0.002563
-0.002075
-0.002319
-0.002075
-0.002808
-0.002563
-0.002563
-0.002930
-0.002197
-0.001343
-0.003052
-0.001343
-0.000610
-0.002075
-0.003052
-0.002808
-0.002319
-0.003418
-0.002686
-0.001709
-0.001709
-0.001953
-0.001953
-0.001709
-0.002563
-0.002075
-0.001465
-0.002075
-0.002808
-0.001221
-0.001831
-0.001343
-0.002563
-0.001831
-0.002319
-0.002808
-0.002197
-0.002319
-0.002930
-0.001953
-0.001221
-0.001953
-0.002808
-0.001831
-0.002563
-0.003052
-0.001709
-0.002319
-0.003418
-0.001709
-0.002075
-0.000977
-0.002808
-0.001953
-0.001099
-0.002563
-0.001953
-0.001343
-0.002563
-0.002563
-0.002563
-0.001709
-0.001221
-0.001709
-0.001953
-0.002686
-0.002075
-0.001953
-0.002563
-0.002686
-0.002563
-0.002808
-0.001343
-0.001953
-0.001465
-0.001709
-0.000977
-0.002563
-0.003418
-0.001465
-0.001587
-0.001953
-0.002563
-0.000732
-0.002197
-0.000977
-0.003052
-0.002563
-0.001831
-0.002563
-0.001953
-0.002930
-0.002930
-0.000854
-0.001709
-0.002563
-0.002563
-0.000977
-0.002563
-0.002319
-0.001831
-0.002563
-0.001343
-0.002075
-0.002563
-0.002197
-0.002197
-0.001953
-0.001465
-0.002686
-0.001709
-0.002563
-0.002563
-0.002075
-0.001343
-0.002441
-0.002319
-0.002563
-0.001221
-0.002808
-0.001953
-0.002563
-0.002075
-0.002319
-0.003418
-0.002075
-0.003052
-0.002563
-0.001221
-0.002075
-0.003174
-0.001709
-0.001587
-0.001831
-0.002075
-0.001709
-0.001709
-0.003662
-0.001465
-0.002075
-0.002930
-0.002197
-0.002075
-0.001831
-0.001465
-0.000977
-0.002075
-0.002563
-0.002563
-0.001709
-0.002075
-0.001709
-0.001343
-0.001953
-0.001465
-0.002808
-0.002197
-0.001953
-0.002319
-0.002686
-0.002075
-0.000854
-0.004272
-0.001587
-0.001709
-0.002686
-0.001343
-0.002075
-0.002930
0.000000
-0.001831
-0.003052
-0.001709
-0.001465
-0.002197
-0.002930
-0.001831
-0.001953
-0.002319
-0.002563
-0.004028
-0.002686
-0.002563
-0.001953
-0.001709
-0.002563
-0.002563
-0.002808
-0.002686
-0.002319
-0.002197
-0.001099
-0.001831
-0.001831
-0.001343
-0.002197
-0.001953
-0.002808
-0.001709
-0.001709
-0.002197
-0.001465
-0.001709
-0.000854
-0.002808
-0.001831
-0.003418
-0.001953
-0.001709
-0.001831
-0.000854
-0.002563
-0.002563
-0.001953
-0.001099
-0.001831
-0.003418
-0.001953
-0.001831
-0.003052
-0.001831
-0.001831
-0.002075
-0.001099
-0.001953
-0.001099
-0.002686
-0.002930
-0.002563
-0.002563
-0.001343
-0.001709
-0.002197
-0.002075
-0.002930
-0.001831
-0.002563
-0.003662
-0.002197
-0.002563
-0.003418
-0.001953
-0.001221
-0.002197
-0.002563
-0.001709
-0.001709
-0.001831
-0.001465
-0.002686
-0.001831
-0.002319
-0.000854
-0.002075
-0.001953
-0.001709
-0.001221
-0.003052
-0.001709
-0.001709
-0.001709
-0.001953
-0.002563
-0.001831
-0.002075
-0.003174
-0.002686
-0.001709
-0.001953
-0.001465
-0.003052
-0.000854
-0.001831
-0.001831
-0.001831
-0.001709
-0.002686
-0.002563
-0.001465
-0.003540
-0.002197
-0.002686
-0.002197
-0.001099
-0.001831
-0.002563
-0.001221
-0.002441
-0.001343
-0.002686
-0.002686
-0.002075
-0.002563
-0.002808
-0.001343
-0.001953
-0.002197
-0.001709
-0.002441
-0.001953
-0.002197
-0.002197
-0.001099
-0.001709
-0.002075
-0.001953
-0.001953
-0.001221
-0.001709
-0.002686
-0.001221
-0.002441
-0.000854
-0.001953
-0.001953
-0.002197
-0.001953
-0.002563
-0.001953
-0.002808
-0.002563
-0.002930
-0.003662
-0.001709
-0.002686
-0.002197
-0.002075
-0.002686
-0.002319
-0.002563
-0.002319
-0.002563
-0.002563
-0.001099
-0.002808
-0.002563
-0.002808
-0.001221
-0.001953
-0.002563
-0.002686
-0.002197
-0.001709
-0.001343
-0.002441
-0.002808
-0.001831
-0.001953
-0.001465
-0.002075
-0.003418
-0.001709
-0.002563
-0.002930
-0.002686
-0.001709
-0.002197
-0.001221
-0.001587
-0.002441
-0.001831
-0.000854
-0.002563
-0.001709
-0.001587
-0.001831
-0.001709
-0.001831
-0.002319
-0.001831
-0.002563
-0.001953
-0.001709
-0.002930
-0.001953
-0.003418
-0.002563
-0.003052
-0.002930
-0.001099
-0.002075
-0.002930
-0.002563
-0.002075
-0.001953
-0.001709
-0.002563
-0.002075
-0.002197
-0.002686
-0.002197
-0.002075
-0.002197
-0.001465
-0.002808
-0.001831
-0.001465
-0.002075
-0.001953
-0.001709
-0.001709
-0.002441
-0.001343
-0.001221
-0.002197
-0.003174
-0.002563
-0.002563
-0.002197
-0.000732
-0.000854
-0.002197
-0.002075
-0.002319
-0.001709
-0.002563
-0.000732
-0.002563
-0.002930
-0.002319
-0.002563
-0.002197
-0.001343
-0.001587
-0.002563
-0.002075
-0.003174
-0.002075
-0.001465
-0.002075
-0.003052
-0.002075
-0.002197
-0.003418
-0.003540
-0.002563
-0.001953
-0.002075
-0.001953
-0.002930
-0.003052
-0.001221
-0.001953
-0.002075
-0.001709
-0.001709
-0.002197
-0.002686
-0.001465
-0.002563
-0.003662
-0.001831
-0.002808
-0.002197
-0.002563
-0.002930
-0.001709
-0.002930
-0.002563
-0.002319
-0.001953
-0.001709
-0.002808
-0.002319
-0.001099
-0.002930
-0.003052
-0.003540
-0.001709
-0.001831
-0.002197
-0.002319
-0.001831
-0.000977
-0.002686
-0.001709
-0.001099
-0.001953
-0.002319
-0.000732
-0.001953
-0.002563
-0.001831
-0.001221
-0.001709
-0.002563
-0.002075
-0.001831
-0.000366
-0.001709
-0.001709
-0.002563
-0.000854
-0.000854
-0.002686
-0.001465
-0.001343
-0.002441
-0.000488
-0.002808
-0.002075
-0.002808
-0.001831
-0.001831
-0.001709
-0.001343
-0.002075
-0.002563
-0.002319
-0.002075
-0.003174
-0.002197
-0.000854
-0.002686
-0.001343
-0.001099
-0.000610
-0.002441
-0.002197
-0.002563
-0.002319
-0.002075
-0.002808
-0.001953
-0.002930
-0.002563
-0.002319
-0.001221
-0.001221
-0.002686
-0.002686
-0.003052
-0.001953
-0.002563
-0.003418
-0.001221
-0.002075
-0.001831
-0.002563
-0.002075
-0.002563
-0.001099
-0.002197
-0.000854
-0.002197
-0.001709
-0.002319
-0.002197
-0.002197
-0.002808
-0.001221
-0.001343
-0.001831
-0.002319
-0.002563
-0.002075
-0.002075
-0.002197
-0.001831
-0.001831
-0.002930
-0.001099
-0.002441
-0.001221
-0.001221
-0.002808
-0.001221
-0.003296
-0.002319
-0.001831
-0.002808
-0.002563
-0.001221
-0.002686
-0.001953
-0.000854
-0.002563
-0.001953
-0.002197
-0.002563
-0.001709
-0.001465
-0.001709
-0.001953
-0.002563
-0.003052
-0.000854
-0.002197
-0.001709
-0.002075
-0.002930
-0.000854
-0.001831
-0.003052
-0.002808
-0.003174
-0.002075
-0.002686
-0.002197
-0.002319
-0.001709
-0.002075
-0.001709
-0.002563
-0.002075
-0.001343
-0.000854
-0.001709
-0.001953
-0.000854
-0.000732
-0.002441
-0.002075
-0.001953
-0.002197
-0.002075
-0.002319
-0.002197
-0.001709
-0.001343
-0.003906
-0.002197
-0.001709
-0.003418
-0.001343
-0.001953
-0.002075
-0.002563
-0.002930
-0.001343
-0.002075
-0.002930
-0.002563
0.000000
-0.003296
-0.002930
-0.002563
-0.002319
-0.001831
-0.001709
-0.002075
-0.002686
-0.001709
-0.002319
-0.001343
-0.002441
-0.001953
-0.001709
-0.003784
-0.000610
-0.002808
-0.001343
-0.002441
-0.003418
-0.001587
-0.001587
-0.001709
-0.002686
-0.002319
-0.001709
-0.001221
-0.001709
-0.001099
-0.002441
-0.001465
-0.001099
-0.001831
-0.002197
-0.002319
-0.002808
-0.001099
-0.001709
-0.002319
-0.003174
-0.000854
-0.002563
-0.001709
-0.001709
-0.002563
-0.000854
-0.002075
-0.003052
-0.002197
-0.003174
-0.002075
-0.001953
-0.002930
-0.002563
-0.002197
-0.002563
-0.002930
-0.001099
-0.001343
-0.002686
-0.001953
-0.002319
-0.002075
-0.002197
-0.001709
-0.001831
-0.002197
-0.001709
-0.001953
-0.001709
-0.001953
-0.001831
-0.001465
-0.001953
-0.002563
-0.001343
-0.001953
-0.002075
-0.001953
-0.000977
-0.002441
-0.002197
-0.002563
-0.001221
-0.001831
-0.003418
-0.001709
-0.001831
-0.003540
-0.002930
-0.001953
-0.002197
-0.001709
-0.002075
-0.001831
-0.001709
-0.001831
-0.001343
-0.002075
-0.001709
-0.002686
-0.001709
-0.001587
-0.002197
-0.001831
-0.001343
-0.003296
-0.002563
-0.001831
-0.002563
-0.001831
-0.001709
-0.001709
-0.004272
-0.001465
-0.001221
-0.001953
-0.003662
-0.001953
-0.001709
-0.002563
-0.001831
-0.001953
-0.001709
-0.001953
-0.001465
-0.001587
-0.000366
-0.002930
-0.002075
-0.001709
-0.002075
-0.002075
-0.003662
-0.002808
-0.001221
-0.002075
-0.002319
-0.002563
-0.002930
-0.000244
-0.001831
-0.002075
-0.000977
-0.002808
-0.001709
-0.001465
-0.002563
-0.001709
-0.002808
-0.002808
-0.002808
-0.002197
-0.001709
-0.003418
-0.002319
-0.002319
-0.002808
-0.002319
-0.001343
-0.002075
-0.001343
-0.001953
-0.001709
-0.002563
-0.001831
-0.002197
-0.001953
-0.002197
-0.002319
-0.002563
-0.001709
-0.001709
-0.002075
-0.001709
-0.001587
-0.000732
-0.002197
-0.002686
-0.001831
-0.002075
-0.002686
-0.002319
-0.001709
-0.001831
-0.002808
-0.002563
-0.001831
-0.002075
-0.001465
-0.002075
-0.002563
-0.002197
-0.001465
-0.002075
-0.002930
-0.001953
-0.002197
-0.001709
-0.002075
-0.001099
-0.002808
-0.002319
-0.001831
-0.001953
-0.002197
-0.001465
-0.002563
-0.002563
-0.001831
-0.002686
-0.000854
-0.001831
-0.002197
-0.001709
-0.001465
-0.001343
-0.002197
-0.002563
-0.001709
-0.002563
-0.001709
-0.002563
-0.002075
-0.002319
-0.000854
-0.001587
-0.002808
-0.001099
-0.001953
-0.002563
-0.002563
-0.002563
-0.001953
-0.001709
-0.002930
-0.001709
-0.001709
-0.001099
-0.001099
-0.003052
-0.002563
-0.001343
-0.000244
-0.002075
-0.001465
-0.001709
-0.002563
-0.002930
-0.002197
-0.002563
-0.002319
-0.001343
-0.003418
-0.002075
-0.002197
-0.001709
-0.002075
-0.001953
-0.000854
-0.003296
-0.002197
-0.000854
-0.001343
-0.001709
-0.001343
-0.002075
-0.002563
-0.003418
-0.001343
-0.001709
-0.002319
-0.000854
-0.001221
-0.001953
-0.002563
-0.001831
-0.000977
-0.002197
-0.002563
-0.001709
-0.002930
-0.001831
-0.000854
-0.001343
-0.001709
-0.002075
-0.002075
-0.001221
-0.002563
-0.001709
-0.002563
-0.002686
-0.000977
-0.001709
-0.002563
-0.001465
-0.002563
-0.002563
-0.002075
-0.002563
-0.001709
-0.002563
-0.002563
-0.002319
-0.002563
-0.001221
-0.001709
-0.002319
-0.001953
-0.002686
-0.001465
-0.002197
-0.003052
-0.002075
-0.000122
-0.002563
-0.001953
-0.002563
-0.002075
-0.001709
-0.001831
-0.001465
-0.001343
-0.001709
-0.001953
-0.001831
-0.000854
-0.002075
-0.002686
-0.003052
-0.001709
-0.002075
-0.002686
-0.002563
-0.001221
-0.001953
-0.002686
-0.001099
-0.001343
-0.001831
-0.001831
-0.002075
-0.001465
-0.001343
-0.001831
-0.002075
-0.001709
-0.002686
-0.001465
-0.003296
-0.002563
-0.002319
-0.003784
-0.002808
-0.001221
-0.002686
-0.001953
-0.000977
-0.000854
-0.001587
-0.001221
-0.001709
-0.001099
-0.001709
-0.002563
-0.002075
-0.001709
-0.002563
-0.002686
-0.002197
-0.001831
-0.001221
-0.002686
-0.001831
-0.002197
-0.001709
-0.001343
-0.001831
-0.002686
-0.001953
-0.001953
-0.001953
-0.001221
-0.001953
-0.001221
-0.001953
-0.003418
-0.003540
-0.001343
-0.002563
-0.002075
-0.001953
-0.001709
-0.000977
-0.003052
-0.001465
-0.002563
-0.002808
-0.001709
-0.001709
-0.002075
-0.001831
-0.002075
-0.001709
-0.002563
-0.001465
-0.002441
-0.002197
-0.001953
-0.002686
-0.001953
-0.002075
-0.002563
-0.002075
-0.001831
-0.001099
-0.001343
-0.001709
-0.002563
-0.002563
-0.002563
-0.002075
-0.001709
-0.001953
-0.002197
-0.001831
-0.001953
-0.001343
-0.002075
-0.001953
-0.001953
-0.002686
-0.001709
-0.002197
-0.002197
-0.001831
-0.001221
-0.002808
-0.002808
-0.002075
-0.002563
-0.002563
-0.002075
-0.002930
-0.002197
-0.002319
-0.002197
-0.001831
-0.002075
-0.000488
-0.001709
-0.001099
-0.001831
-0.001709
-0.000244
-0.001831
-0.001465
-0.001709
-0.001709
-0.001587
-0.002441
-0.002808
-0.002319
-0.002563
-0.002808
-0.002197
-0.002563
-0.001465
-0.002563
-0.001709
-0.001343
-0.001221
-0.001099
-0.002197
-0.001831
-0.001953
-0.001099
-0.002441
-0.002686
-0.002075
-0.001953
-0.002319
-0.001709
-0.001343
-0.001587
-0.002197
-0.002563
-0.001953
-0.001343
-0.002563
-0.002075
-0.001953
-0.001221
-0.000610
-0.002075
-0.001953
-0.002197
-0.001709
-0.001709
-0.002563
-0.002075
-0.002563
-0.000854
-0.002563
-0.001831
-0.002197
-0.002319
-0.001831
-0.001953
-0.003418
-0.001587
-0.001709
-0.001343
-0.002563
-0.001953
-0.001465
-0.002441
-0.001709
-0.002197
-0.002563
-0.001343
-0.002686
-0.002563
-0.001953
-0.002319
-0.002930
-0.001221
-0.002197
-0.002197
-0.003540
-0.000854
-0.002197
-0.001709
-0.001709
-0.001953
-0.001831
-0.000854
-0.002808
-0.003418
-0.002197
-0.002808
-0.001953
-0.001709
-0.001465
-0.002563
-0.002197
-0.002197
-0.002563
-0.001709
-0.001343
-0.002075
-0.001709
-0.001343
-0.002686
-0.001709
-0.001221
-0.002197
-0.001465
-0.000854
-0.002197
-0.001465
-0.001831
-0.001709
-0.002563
-0.001831
-0.002686
-0.002075
-0.001953
-0.000732
-0.001709
-0.002319
-0.000854
-0.001343
-0.001343
-0.001587
-0.002197
-0.001343
-0.001709
-0.001465
-0.001831
-0.001709
-0.000732
-0.001831
-0.003174
-0.003784
-0.001221
-0.002563
-0.002563
-0.002197
-0.002319
-0.002563
-0.002686
-0.001709
-0.001343
-0.002197
-0.000732
-0.002197
-0.001709
-0.002075
-0.003052
-0.002075
-0.001709
-0.001709
-0.003052
-0.002563
-0.002930
-0.003418
-0.001465
-0.000977
-0.001709
-0.001831
-0.002319
-0.002930
-0.001953
-0.002808
-0.002808
-0.002197
-0.002319
-0.002930
-0.001709
-0.001099
-0.001709
-0.003174
-0.002075
-0.001709
-0.002441
-0.001831
-0.003418
-0.002686
-0.002197
-0.002686
-0.001221
-0.002441
-0.001953
-0.003418
-0.001709
-0.002563
-0.000854
-0.001953
-0.002563
-0.000854
-0.001709
-0.001831
-0.001831
-0.001221
-0.002075
-0.001343
-0.002075
-0.002686
-0.001465
-0.001953
-0.002686
-0.002563
-0.002075
-0.001953
-0.002075
-0.002930
-0.002075
-0.001831
-0.002563
-0.002319
-0.002930
-0.000854
-0.002563
-0.001709
-0.001831
-0.001709
-0.001709
-0.002808
-0.001709
-0.002319
-0.002563
-0.002319
-0.002319
-0.002197
-0.001709
-0.001953
-0.001465
-0.001709
-0.002686
-0.001709
-0.001221
-0.001099
-0.002686
-0.002563
-0.001831
-0.001953
-0.002563
-0.000854
-0.002563
-0.001465
-0.001099
-0.003296
-0.001465
-0.001831
-0.001831
-0.001953
-0.002563
-0.001831
-0.001465
-0.003418
-0.002563
-0.002686
-0.002075
-0.002319
-0.001709
-0.001221
-0.001709
-0.000610
-0.002930
-0.001831
-0.002563
-0.002930
-0.002197
-0.002563
-0.001709
-0.001831
-0.001465
-0.001099
-0.002075
-0.001465
-0.003296
-0.002197
-0.003052
-0.002319
-0.000977
-0.001587
-0.001587
-0.002563
-0.000854
-0.001221
-0.003052
-0.001465
-0.000732
-0.001831
-0.001709
-0.001953
-0.001709
-0.001709
-0.001709
-0.001709
-0.002441
-0.002686
-0.001831
-0.002197
-0.000854
-0.001709
-0.001587
-0.001221
-0.001709
-0.001953
-0.001343
-0.002441
-0.000854
-0.002930
-0.002075
-0.001221
-0.001343
-0.002197
-0.001709
-0.002563
-0.002563
-0.001343
-0.001709
-0.002075
-0.002197
-0.001709
-0.001099
-0.000977
-0.002563
-0.002563
-0.002197
-0.003418
-0.001953
-0.002197
-0.002075
-0.002319
-0.002319
-0.001465
-0.002441
-0.002563
-0.002686
-0.002075
-0.002808
-0.002075
-0.001709
-0.001709
-0.002563
-0.001709
-0.002563
-0.001099
-0.002808
-0.002319
-0.002197
-0.002197
-0.002075
-0.002319
-0.002197
-0.001099
-0.002441
-0.001709
-0.001343
-0.001343
-0.001099
-0.002686
-0.002197
-0.001953
-0.002075
-0.002563
-0.001709
-0.002563
-0.002686
-0.000488
-0.002930
-0.002197
-0.001831
-0.001831
-0.001709
-0.001465
-0.001709
-0.002930
-0.001343
-0.001709
-0.002441
-0.002686
-0.003052
-0.001953
-0.001709
-0.002075
-0.002563
-0.002075
-0.002075
-0.000977
-0.003052
-0.001831
-0.001099
-0.002686
-0.002075
-0.002319
-0.002686
-0.001465
-0.001953
-0.001465
-0.002075
-0.001831
-0.001831
-0.002686
-0.002197
-0.002930
-0.001343
-0.001099
-0.002563
-0.002563
-0.001343
-0.003052
-0.002563
-0.001709
-0.002930
-0.003418
-0.001709
-0.001343
-0.001831
-0.003784
-0.001587
-0.001709
-0.003540
-0.002319
-0.002075
-0.002563
-0.002563
-0.002930
-0.002197
-0.001831
-0.002075
-0.002686
-0.001465
-0.001343
-0.002686
-0.001953
-0.002319
-0.000977
-0.001831
-0.001099
-0.001709
-0.001831
-0.002686
-0.000854
-0.002441
-0.002319
-0.000977
-0.001709
-0.002075
-0.002197
-0.002197
-0.002563
-0.002563
-0.001831
-0.002686
-0.003418
-0.002075
-0.002075
-0.003540
-0.001587
-0.002197
-0.002563
-0.001709
-0.001953
-0.002686
-0.002563
-0.003174
-0.002563
-0.002319
-0.002075
-0.002808
-0.001953
-0.001465
-0.001831
-0.002075
-0.001465
-0.001709
-0.002319
-0.002197
-0.001343
-0.001953
-0.002563
-0.001343
-0.001709
-0.003418
-0.002808
-0.002808
-0.001099
-0.001221
-0.001953
-0.002686
-0.003418
-0.002441
-0.001953
-0.002563
-0.002197
-0.002075
-0.002319
-0.001709
-0.002808
-0.001221
-0.002563
-0.001953
-0.003174
-0.002197
-0.002197
-0.002930
-0.001343
-0.001709
-0.001709
-0.001709
-0.000854
-0.001099
-0.001953
-0.001831
-0.002197
-0.002319
-0.002319
-0.001709
-0.001709
-0.001953
-0.002319
-0.003418
-0.001709
-0.003418
-0.002319
-0.002563
-0.002197
-0.001831
-0.001709
-0.002563
-0.002686
-0.001709
-0.000854
-0.002075
-0.002563
-0.001709
-0.001831
-0.002319
-0.002075
-0.001099
-0.001221
-0.002441
-0.001465
-0.001587
-0.001953
-0.002197
-0.002197
-0.002319
-0.002563
-0.002563
-0.001953
-0.001465
-0.002441
-0.001465
-0.002441
-0.002563
-0.001709
-0.002808
-0.001343
-0.001343
-0.002686
-0.002563
-0.002686
-0.002197
-0.002563
-0.001953
-0.001831
-0.002563
-0.001831
-0.002808
-0.002563
-0.001465
-0.001953
-0.002197
-0.003174
-0.002197
-0.001709
-0.003662
-0.002319
-0.001343
-0.001709
-0.002930
-0.002930
-0.002197
-0.002686
-0.002563
-0.001831
-0.002930
-0.001831
-0.003174
-0.001221
-0.002441
-0.001099
-0.001709
-0.002441
-0.001831
-0.002197
-0.001709
-0.001709
-0.002197
-0.002930
-0.000854
-0.002563
-0.002075
-0.000732
-0.002197
-0.001953
-0.001953
-0.002563
-0.001709
-0.002686
-0.002563
-0.000854
-0.001831
-0.002808
-0.002563
-0.002319
-0.002686
-0.001953
-0.001221
-0.001221
-0.002808
-0.001831
-0.001465
-0.002075
-0.001465
-0.002930
-0.001709
-0.001953
-0.002563
-0.001953
-0.001709
-0.001953
-0.002197
-0.002563
-0.002930
-0.001709
-0.002075
-0.001953
-0.002197
-0.002197
-0.001831
-0.001831
-0.001709
-0.000854
-0.001221
-0.002441
-0.002686
-0.001343
-0.003296
-0.003418
-0.001831
-0.001709
-0.003052
-0.001831
-0.002563
-0.002075
-0.002563
-0.001221
-0.001953
-0.002319
-0.001831
-0.002686
-0.002197
-0.001953
-0.002075
-0.001709
-0.003906
-0.001831
-0.001831
-0.003174
-0.001953
-0.000366
-0.002197
-0.002808
-0.001221
-0.002197
-0.002686
-0.002563
-0.000122
-0.002563
-0.000732
-0.001221
-0.001831
-0.002197
-0.002686
-0.001709
-0.002319
-0.002319
-0.002319
-0.002563
-0.001099
-0.002197
-0.001953
-0.001831
-0.002319
-0.001343
-0.000854
-0.002197
-0.001709
-0.002075
-0.001709
-0.002075
-0.002686
-0.003540
-0.001465
-0.002686
-0.001953
-0.001343
-0.002563
-0.000366
-0.003418
-0.001221
-0.002686
-0.001465
-0.002197
-0.001709
-0.002197
-0.001709
-0.002563
-0.001709
-0.001343
-0.003418
-0.001709
-0.001953
-0.001831
-0.002808
-0.001831
-0.001343
-0.002563
-0.002197
-0.002075
-0.002808
-0.001953
-0.001221
-0.001343
-0.002441
-0.000488
-0.001587
-0.001587
-0.001709
-0.002563
-0.002319
-0.000977
-0.001587
-0.001343
-0.001953
-0.002563
-0.002319
-0.001953
-0.001953
-0.002563
-0.000854
-0.001709
-0.001709
-0.002686
-0.002686
-0.001465
-0.002197
-0.000977
-0.002563
-0.002075
-0.002075
-0.002808
-0.002930
-0.000488
-0.002441
-0.000977
-0.002197
-0.001953
-0.002075
-0.002930
-0.002319
-0.001831
-0.001709
-0.002197
-0.002197
-0.001953
-0.002319
-0.002563
-0.001465
-0.002563
-0.002686
-0.002197
-0.000732
-0.001953
-0.001221
-0.001709
-0.001709
-0.002563
-0.001343
-0.002075
-0.000854
-0.000732
-0.003052
-0.001465
-0.002441
-0.002563
-0.001221
-0.001709
-0.001831
-0.002686
-0.003540
-0.003052
-0.001709
-0.001953
-0.002197
-0.002197
-0.001709
-0.002441
-0.002563
-0.001343
-0.001343
-0.002441
-0.002930
-0.002075
-0.002075
-0.002197
-0.001953
-0.001465
-0.002197
-0.002930
-0.001709
-0.003296
-0.001831
-0.002563
-0.002563
-0.001465
-0.001709
-0.002075
-0.002075
-0.002686
-0.002319
-0.001709
-0.001953
-0.001709
-0.002563
-0.000366
-0.003418
-0.001953
-0.001709
-0.002441
-0.000854
-0.001953
-0.002930
-0.002319
-0.001709
-0.002197
-0.002686
-0.001343
-0.002441
-0.002563
-0.002563
-0.002197
-0.001099
-0.002441
-0.002686
-0.002686
-0.002686
-0.002563
-0.002563
-0.002563
-0.001465
-0.000854
-0.001831
-0.001221
-0.002197
-0.003418
-0.001831
-0.000854
-0.001831
-0.002075
-0.002563
-0.001709
-0.002563
-0.001709
-0.001709
-0.001831
-0.001831
-0.002563
-0.001099
-0.000854
-0.002441
-0.001953
-0.002319
-0.002075
-0.001709
-0.002563
-0.002808
-0.001831
-0.002075
-0.003418
-0.002686
-0.002319
-0.001709
-0.001953
-0.001709
-0.002930
-0.001831
-0.001221
-0.002197
-0.002563
-0.002686
-0.002075
-0.002686
-0.002686
-0.001831
-0.002319
-0.001709
-0.001709
-0.002930
-0.001343
-0.001343
-0.002563
-0.001953
-0.001831
-0.002563
-0.002197
-0.002197
-0.002075
-0.002686
-0.001709
-0.001709
-0.001953
-0.001831
-0.002075
-0.001221
-0.002563
-0.002808
-0.002930
-0.002563
-0.002930
-0.003174
-0.002197
-0.002563
-0.001953
-0.002686
-0.001709
-0.003052
-0.002319
-0.002075
-0.002319
-0.001709
-0.001831
-0.002319
-0.002563
-0.002930
-0.001343
-0.002563
-0.001099
-0.002563
-0.002563
-0.001831
-0.002197
-0.001953
-0.001709
-0.000122
-0.001343
-0.001953
-0.001709
-0.002563
-0.002075
-0.002197
-0.002563
-0.001831
-0.002563
-0.002563
-0.002075
-0.001953
-0.000854
-0.002197
-0.002319
-0.002197
-0.002563
-0.001099
-0.002075
-0.001831
-0.000977
-0.000854
-0.002808
-0.002319
-0.002197
-0.001709
-0.001709
-0.001709
-0.001831
-0.002319
-0.002563
-0.001709
-0.002075
-0.003418
-0.001343
-0.001343
-0.002563
-0.002563
-0.002319
-0.002075
-0.001709
-0.001831
-0.001953
-0.002563
-0.001221
-0.001831
-0.002197
-0.001831
-0.002197
-0.003418
-0.002319
-0.003662
-0.001587
-0.002441
-0.002319
-0.001465
-0.001587
-0.001221
-0.001831
-0.003052
-0.002563
-0.002563
-0.001709
-0.001831
-0.001343
-0.001709
-0.002563
-0.002686
-0.001099
-0.001343
-0.002075
-0.001343
-0.001953
-0.002319
-0.002563
-0.002197
-0.001831
-0.001465
-0.003296
-0.001831
-0.000977
-0.001953
-0.002563
-0.003052
-0.001953
-0.001831
-0.002563
-0.002319
-0.001953
-0.001343
-0.002686
-0.002075
-0.002563
-0.001099
-0.002930
-0.001465
-0.002808
-0.002563
-0.001221
-0.002563
-0.001953
-0.001831
-0.002686
-0.001343
-0.001221
-0.003052
-0.003174
-0.002075
-0.001343
-0.001709
-0.001831
-0.001709
-0.002930
-0.002319
-0.003662
-0.002563
-0.003052
-0.002319
-0.001831
-0.002197
-0.001343
-0.002686
-0.001465
-0.001221
-0.002930
-0.002319
-0.002075
-0.002197
-0.002686
-0.002197
-0.002930
-0.001831
-0.001709
-0.002075
-0.001099
-0.001343
-0.001587
-0.001953
-0.002808
-0.001709
-0.003296
-0.001343
-0.001221
-0.002808
-0.001221
-0.001709
-0.001709
-0.002441
-0.000732
-0.000732
-0.001587
-0.001343
-0.000366
-0.002563
-0.001831
-0.001709
-0.002075
-0.002197
-0.002930
-0.002075
-0.002197
-0.002319
-0.002686
-0.002075
-0.001709
-0.001343
-0.002197
-0.001953
-0.001709
-0.003418
-0.001221
-0.002563
-0.003540
-0.001343
-0.001831
-0.002075
-0.001709
-0.001831
-0.001709
-0.002808
-0.002563
-0.000854
-0.001587
-0.001587
-0.001953
-0.002930
-0.001831
-0.001343
-0.002197
-0.001465
-0.001831
-0.002563
-0.002930
-0.002075
-0.001831
-0.001343
-0.001343
-0.002563
-0.002075
-0.002197
-0.002319
-0.001953
-0.002563
-0.002319
-0.001953
-0.001709
-0.002075
-0.003418
-0.003540
-0.002075
-0.002075
-0.000732
-0.002686
-0.001465
-0.001953
-0.001709
-0.001953
-0.001953
-0.001709
-0.001953
-0.001465
-0.001831
-0.001831
-0.001465
-0.001709
-0.002563
-0.001099
-0.002075
-0.002075
-0.001709
-0.002563
-0.001953
-0.002075
-0.002686
-0.002197
-0.002563
-0.002197
-0.002319
-0.002686
-0.002075
-0.002319
-0.001709
-0.001709
-0.003418
-0.001953
-0.001709
-0.002563
-0.003784
-0.002197
-0.001709
-0.001465
-0.001343
-0.001831
-0.002563
-0.001953
-0.002808
-0.002197
-0.002197
-0.002075
-0.002563
-0.001953
-0.002686
-0.001831
-0.001343
-0.002197
-0.003052
-0.001221
-0.003052
-0.001953
-0.002563
-0.001831
-0.002197
-0.002075
-0.002197
-0.002319
-0.001831
-0.002686
-0.001709
-0.002441
-0.001831
-0.001343
-0.002563
-0.003418
-0.002563
-0.001831
-0.003540
-0.002075
-0.003052
-0.001343
-0.000977
-0.000977
-0.001587
-0.002808
-0.001343
-0.002197
-0.002075
-0.002075
-0.001953
-0.001343
-0.002930
-0.001709
-0.001587
-0.002441
-0.002563
-0.002319
-0.001953
-0.002563
-0.002563
-0.002075
-0.001099
0.000000
-0.002441
-0.000854
-0.002441
-0.002686
-0.001831
-0.002563
-0.001831
-0.001831
-0.001953
-0.003052
-0.002686
-0.001831
-0.001221
-0.001343
-0.003418
-0.002563
-0.002075
-0.002197
-0.001465
-0.001587
-0.002930
-0.002319
-0.002319
-0.003418
-0.002686
-0.001831
-0.002563
-0.003540
-0.002563
-0.002563
-0.002563
-0.001099
-0.001343
-0.002563
-0.001709
-0.001343
-0.001221
-0.001221
-0.001709
-0.001953
-0.002197
-0.002930
-0.002319
-0.002197
-0.002075
-0.001221
-0.001831
-0.001953
-0.001465
-0.001343
-0.002075
-0.002930
-0.002686
-0.002197
-0.003174
-0.001465
-0.001831
-0.001953
-0.001465
-0.002563
-0.001709
-0.002441
-0.002319
-0.001221
-0.002075
-0.001465
-0.002563
-0.000854
-0.001709
-0.001709
-0.002930
-0.003418
-0.002563
-0.003174
-0.002197
-0.002563
-0.001221
-0.002686
-0.001709
-0.000977
-0.002075
-0.002563
-0.001709
-0.002563
-0.002808
-0.001465
-0.002563
-0.002075
-0.003906
-0.001953
-0.000977
-0.001831
-0.001709
-0.001953
-0.002563
-0.002563
-0.001831
-0.001831
-0.001831
-0.001709
-0.001831
-0.002808
-0.001953
-0.002197
-0.001709
-0.001953
-0.002075
-0.002319
-0.002319
-0.002930
-0.003418
-0.002563
-0.001709
-0.002808
-0.002563
-0.001831
-0.001099
-0.002563
-0.002197
-0.001831
-0.002686
-0.002686
-0.002686
-0.002075
-0.002563
-0.002197
-0.001953
-0.001465
-0.001709
-0.002686
-0.001709
-0.001709
-0.002808
-0.001221
-0.001709
-0.002075
-0.001709
-0.002686
-0.001221
-0.001099
-0.001343
-0.001343
-0.002197
-0.001831
-0.001831
-0.001221
-0.002930
-0.002563
-0.001343
-0.002686
-0.001221
-0.001343
-0.002197
-0.002075
-0.001709
-0.003540
-0.003174
-0.002563
-0.001953
-0.001099
-0.001953
-0.001221
-0.002563
-0.002808
-0.002808
-0.002808
-0.000732
-0.002075
-0.002563
-0.001709
-0.001831
-0.003418
-0.002075
-0.002197
-0.001831
-0.001953
-0.002563
-0.002075
-0.002563
-0.001709
-0.002563
-0.002319
-0.002563
-0.002197
-0.002075
-0.002075
-0.001343
-0.002563
-0.002319
-0.001709
-0.003052
-0.002319
-0.001831
-0.002563
-0.001343
-0.000977
-0.002441
-0.001953
-0.001953
-0.001465
-0.002197
-0.002319
-0.002075
-0.002197
-0.002075
-0.002808
-0.002075
-0.001831
-0.003174
-0.001709
-0.002563
-0.002075
-0.002197
-0.002930
-0.002197
-0.002319
-0.001343
-0.001709
-0.000732
-0.002563
-0.002197
-0.001221
-0.001953
-0.003418
-0.001221
-0.002075
-0.001709
-0.001587
-0.002197
-0.001831
-0.001831
-0.000854
-0.001831
-0.002563
-0.002563
-0.001709
-0.001709
-0.000854
-0.001709
-0.002319
-0.000244
-0.002563
-0.001709
-0.001953
-0.002563
-0.002197
-0.001709
-0.001953
-0.002808
-0.001465
-0.002563
-0.001953
-0.001221
-0.001953
-0.001709
-0.001343
-0.001709
-0.001099
-0.001221
-0.002441
-0.001465
-0.001953
-0.001709
-0.002197
-0.002197
-0.001831
-0.001709
-0.002441
-0.001831
-0.002197
-0.001953
-0.002197
-0.002686
-0.001953
-0.002075
-0.002563
-0.002197
-0.001831
-0.001709
-0.001465
-0.001343
-0.001587
-0.001709
-0.002563
-0.002075
-0.002197
-0.002563
-0.001831
-0.002563
-0.001709
-0.001709
-0.001221
-0.002563
-0.002808
-0.001465
-0.002563
-0.001709
-0.001221
-0.001709
-0.001709
-0.001221
-0.000244
-0.002930
-0.002319
-0.002563
-0.001099
-0.002075
-0.001953
-0.001221
-0.002563
-0.001831
-0.001343
-0.002197
-0.002319
-0.000977
-0.002441
-0.002808
-0.001953
-0.003052
-0.001709
-0.002808
-0.002563
-0.001953
-0.001709
-0.002930
-0.001831
-0.003418
-0.002563
-0.002563
-0.001953
-0.002563
-0.002563
-0.001709
-0.002563
-0.002319
-0.001709
-0.002319
-0.002563
-0.000732
-0.002808
-0.001953
-0.002197
-0.001709
-0.002075
-0.001953
-0.003052
-0.002563
-0.001465
-0.002441
-0.001343
-0.002441
-0.002197
-0.001709
-0.001953
-0.000977
-0.002563
-0.001221
-0.002563
-0.001709
-0.002075
-0.002808
-0.001709
-0.001587
-0.001343
-0.001221
-0.002075
-0.002075
-0.002563
-0.001831
-0.003784
-0.001953
-0.002563
-0.003052
-0.001953
-0.001709
-0.002563
-0.002197
-0.001343
-0.002075
-0.002075
-0.001343
-0.001831
-0.002319
-0.001343
-0.001709
-0.001343
-0.002563
-0.001465
-0.000977
-0.002686
-0.001709
-0.002075
-0.002197
-0.002563
-0.002563
-0.001709
-0.003662
-0.001587
-0.002808
-0.001953
-0.001343
-0.001709
-0.001709
-0.001221
-0.000977
-0.002686
-0.001465
-0.002441
-0.002686
-0.001953
-0.002197
-0.002075
-0.002197
-0.002197
-0.003174
-0.001221
-0.002930
-0.003052
-0.001465
-0.001709
-0.000977
-0.002930
-0.002563
-0.001709
-0.002197
-0.003418
-0.002075
-0.002563
-0.001831
-0.001221
-0.002197
-0.001709
-0.002686
-0.002319
-0.002075
-0.002197
-0.002197
-0.002197
-0.001709
-0.003052
-0.002319
-0.003174
-0.001465
-0.002197
-0.001709
-0.002686
-0.002930
-0.000977
-0.001953
-0.002197
-0.001953
-0.002563
-0.002563
-0.003052
-0.002075
-0.000977
-0.002686
-0.003418
-0.000977
-0.001587
-0.001831
-0.003662
-0.003052
-0.001465
-0.002441
-0.002808
-0.000854
-0.002563
-0.001343
-0.001953
-0.001709
-0.001465
-0.001343
-0.002441
-0.003906
-0.002319
-0.002075
-0.001343
-0.002563
-0.002075
-0.001709
-0.002075
-0.001709
-0.003540
-0.002563
-0.001953
-0.001709
-0.001709
-0.002319
-0.001709
-0.001953
-0.001953
-0.001831
-0.002197
-0.001831
-0.002808
-0.001709
-0.001953
-0.001709
-0.002563
-0.002197
-0.001099
-0.000732
-0.002808
-0.002197
-0.002197
-0.001831
-0.002808
-0.002075
-0.001099
-0.002563
-0.002563
-0.002686
-0.001709
-0.000244
-0.001831
-0.002686
-0.003418
-0.000366
-0.002441
-0.001953
-0.002563
-0.003052
-0.002197
-0.002075
-0.002075
-0.002808
-0.001221
-0.001831
-0.002319
-0.001953
-0.001709
-0.002319
-0.002319
-0.002563
-0.001831
-0.000488
-0.002563
-0.001709
-0.002197
-0.002075
-0.002075
-0.001709
-0.001831
-0.000854
-0.002075
-0.001953
-0.001343
-0.002563
-0.001343
-0.001709
-0.002808
-0.002930
-0.002563
-0.001953
-0.002930
-0.002197
-0.002808
-0.001831
-0.002197
-0.002197
-0.001953
-0.002075
-0.002197
-0.001709
-0.003296
-0.002930
-0.001465
-0.001953
-0.002197
-0.001953
-0.002319
-0.002686
-0.002563
-0.001709
-0.002197
-0.001831
-0.001465
-0.002563
-0.001831
-0.003418
-0.001709
-0.001343
-0.002563
-0.001709
-0.001953
-0.002197
-0.001953
-0.001343
-0.000977
-0.001587
-0.000977
-0.002563
-0.001343
-0.001831
-0.002808
-0.001831
-0.002563
-0.002563
-0.001709
-0.002319
-0.002197
-0.002686
-0.001343
-0.001221
-0.002930
-0.002075
-0.002197
-0.002808
-0.001709
-0.003296
-0.002563
-0.002930
-0.001709
-0.001831
-0.001099
-0.000977
-0.002441
-0.002686
-0.002563
-0.002197
-0.001709
-0.001709
-0.002686
-0.000854
-0.001709
-0.002075
-0.000488
-0.002930
-0.002686
-0.002319
-0.002563
-0.001953
-0.000977
-0.001099
-0.002441
-0.001709
-0.002563
-0.001221
-0.001831
-0.001709
-0.002075
-0.003662
-0.001709
-0.001465
-0.002563
-0.001343
-0.002197
-0.001099
-0.002686
-0.002808
-0.002319
-0.003174
-0.001099
-0.001221
-0.002686
-0.001953
-0.002563
-0.002930
-0.001831
-0.003418
-0.001953
-0.001465
-0.002686
-0.002197
-0.002075
-0.002686
-0.001465
-0.001587
-0.003418
-0.001709
-0.001709
-0.002930
-0.001953
-0.001343
-0.001831
-0.002563
-0.002075
-0.001709
-0.001709
-0.002808
-0.001709
-0.002808
-0.002563
-0.001709
-0.002808
-0.003052
-0.002319
-0.002930
-0.002197
-0.001709
-0.002686
-0.001953
-0.001953
-0.002686
-0.002075
-0.003052
-0.002319
-0.001831
-0.001343
-0.001709
-0.002686
-0.001465
-0.000854
-0.002075
-0.001221
-0.001709
-0.002197
-0.001709
-0.001221
-0.001709
-0.001953
-0.001709
-0.001709
-0.002075
-0.001831
-0.002197
-0.001831
-0.002075
-0.002075
-0.001953
-0.000488
-0.000977
-0.002075
-0.001709
-0.002441
-0.001465
-0.002075
-0.002075
-0.002197
-0.003174
-0.002930
-0.001099
-0.001953
-0.001709
-0.001831
-0.001831
-0.001343
-0.001709
-0.003540
-0.002441
-0.001709
-0.001953
-0.001343
-0.002197
-0.003418
-0.000854
-0.001709
-0.002563
-0.001343
-0.001709
-0.001709
-0.002441
-0.001709
-0.001221
-0.002686
-0.002197
-0.003052
-0.002808
-0.001221
-0.002441
-0.002197
-0.000854
-0.002197
-0.002686
-0.002075
-0.001953
-0.002197
-0.001831
-0.002808
-0.001831
-0.002197
-0.001709
-0.001953
-0.002075
-0.001953
-0.001953
-0.002197
-0.002563
-0.002808
-0.001953
-0.002075
-0.002563
-0.002563
-0.001343
-0.000854
-0.002441
-0.001709
-0.001709
-0.002319
-0.001831
-0.002075
-0.002563
-0.003418
-0.001831
-0.001953
-0.001831
-0.001465
-0.001587
-0.001099
-0.001587
-0.002075
-0.003418
-0.001343
-0.002563
-0.001709
-0.001831
-0.001343
-0.002563
-0.001709
-0.002319
-0.002686
-0.001831
-0.001953
-0.001709
-0.001709
-0.000732
-0.001343
-0.002197
-0.001709
-0.001709
-0.002075
-0.002563
-0.002075
-0.002563
-0.001709
-0.001343
-0.002197
-0.002808
-0.001465
-0.001709
-0.002319
-0.001953
-0.002686
-0.001709
-0.002197
-0.001953
-0.002930
-0.001099
-0.001221
-0.002563
-0.001953
-0.002930
-0.001953
-0.001953
-0.001831
-0.002197
-0.001709
-0.001709
-0.002075
-0.002808
-0.002319
-0.002563
-0.001709
-0.001953
-0.002686
-0.001953
-0.001709
-0.002563
-0.002319
-0.001709
-0.002197
-0.001953
-0.000977
-0.002563
-0.001953
-0.002563
-0.001953
-0.002075
-0.001709
-0.002441
-0.002075
-0.002319
-0.002075
-0.001709
-0.002563
-0.002075
-0.001953
-0.001709
-0.002197
-0.002319
-0.002808
-0.002197
-0.002563
-0.002808
-0.001709
-0.001221
-0.000854
-0.001221
-0.000854
-0.001953
-0.001831
-0.002563
-0.002319
-0.001831
-0.002930
-0.002808
-0.002075
-0.002686
-0.003418
-0.002197
-0.001221
-0.001709
-0.002686
-0.001831
-0.002808
-0.000977
-0.001709
-0.003662
-0.002197
-0.000977
-0.002930
-0.002686
-0.001953
-0.001709
-0.002075
-0.002808
-0.002197
-0.001221
-0.001709
-0.001465
-0.002686
-0.000732
-0.001953
-0.002075
-0.002075
-0.002319
-0.001465
-0.001709
-0.001953
-0.002563
-0.001709
-0.001709
-0.001709
-0.001831
-0.002075
-0.001831
-0.000854
-0.001709
-0.001953
-0.001709
-0.003174
-0.002686
-0.001343
-0.000732
-0.002441
-0.002319
-0.002319
-0.001709
-0.002563
-0.002319
-0.001831
-0.002197
-0.002075
-0.002319
-0.001343
-0.001343
-0.002441
-0.001709
-0.000854
-0.002563
-0.001709
-0.002075
-0.001709
-0.001831
-0.002930
-0.001831
-0.002686
-0.001343
-0.002563
-0.001953
-0.002197
-0.001709
-0.001343
-0.003296
-0.001465
-0.001709
-0.002197
-0.002930
-0.002197
-0.003662
-0.001831
-0.002563
-0.002319
-0.001709
-0.000854
-0.002197
-0.003662
-0.002441
-0.002319
-0.002197
-0.001709
-0.001831
-0.002319
-0.002075
-0.003174
-0.001221
-0.002075
-0.002563
-0.001953
-0.001709
-0.001953
-0.001465
-0.001099
-0.002563
-0.003174
-0.002319
-0.001831
-0.002563
-0.000366
-0.002563
-0.001831
-0.001831
-0.002319
-0.001343
-0.002075
-0.002930
-0.002930
-0.001465
-0.001831
-0.002808
-0.002075
-0.003052
-0.001709
-0.001221
-0.002808
-0.001709
-0.001831
-0.002563
-0.002686
-0.002563
-0.001709
-0.001953
-0.002563
-0.002563
-0.002319
-0.002686
-0.001465
-0.002197
-0.001099
-0.002441
-0.002075
-0.000488
-0.002930
-0.002197
-0.001343
-0.001953
-0.001953
-0.001343
-0.002563
-0.002686
-0.002686
-0.001953
-0.000854
-0.002075
-0.001831
-0.001953
-0.001953
-0.001953
-0.003418
-0.002808
-0.002563
-0.001099
-0.001221
-0.002075
-0.001831
-0.003784
-0.001587
-0.002075
-0.002930
-0.001709
-0.001587
-0.003540
-0.001709
-0.000244
-0.002075
-0.002563
-0.001709
-0.001709
-0.002563
-0.002197
-0.001953
-0.001953
-0.004272
-0.001465
-0.000977
-0.001953
-0.001343
-0.002197
-0.002075
-0.001709
-0.000854
-0.000854
-0.001221
-0.003052
-0.000244
-0.001831
-0.002563
-0.002686
-0.001709
-0.002563
-0.002319
-0.002563
-0.002808
-0.002075
-0.002197
-0.002808
-0.001831
-0.000977
-0.002197
-0.000854
-0.002930
-0.001709
-0.002563
-0.000488
-0.001831
-0.002563
-0.001343
-0.003296
-0.002319
-0.003052
-0.001831
-0.002563
-0.002563
-0.001343
-0.001343
-0.002197
-0.002808
-0.002563
-0.001343
-0.002197
-0.002563
-0.002197
-0.001709
-0.002930
-0.002563
-0.002197
-0.002075
-0.001953
-0.002930
-0.002686
-0.001465
-0.002930
-0.001343
-0.001587
-0.001709
-0.002930
-0.002808
-0.001465
-0.002075
-0.002197
-0.001953
-0.002197
-0.002197
-0.002197
-0.001221
-0.002808
-0.001709
-0.002563
-0.001831
-0.001343
-0.002563
-0.001221
-0.001831
-0.001953
-0.001221
-0.002075
-0.001709
-0.001587
-0.001831
-0.000854
-0.001953
-0.001953
-0.001831
-0.001709
-0.001953
-0.001099
-0.002563
-0.001465
-0.002197
-0.001953
-0.001099
-0.002563
-0.002197
-0.000854
-0.002563
-0.001831
-0.002563
-0.003418
-0.002563
-0.002930
-0.002319
-0.000854
-0.002197
-0.001221
-0.001953
-0.001709
-0.002808
-0.001709
-0.000610
-0.001709
-0.002563
-0.002075
-0.001831
-0.001831
-0.001465
-0.002197
-0.002319
-0.001831
-0.002563
-0.002563
-0.002197
-0.003418
-0.002808
-0.002563
-0.001953
-0.002319
-0.001953
-0.001831
-0.002319
-0.001953
-0.002197
-0.002808
-0.001221
-0.001953
-0.003052
-0.002563
-0.001465
-0.002563
-0.001953
-0.001709
-0.002563
-0.002686
-0.001709
-0.001099
-0.002563
-0.002197
-0.001709
-0.001343
-0.002075
-0.002319
-0.001709
-0.002197
-0.001709
-0.001831
-0.001343
-0.003418
-0.001465
-0.001831
-0.002930
-0.002686
-0.001221
-0.001831
-0.002197
-0.000854
-0.000854
-0.002808
-0.002563
-0.002686
-0.002930
-0.000854
-0.001953
-0.002930
-0.001343
-0.002197
-0.001953
-0.002075
-0.002563
-0.002197
-0.001831
-0.001465
-0.002441
-0.002808
-0.002197
-0.002563
-0.002686
-0.002197
-0.002319
-0.002197
-0.002319
-0.001831
-0.001953
-0.002563
-0.001709
-0.002563
-0.002686
-0.002319
-0.001465
-0.001587
-0.003296
-0.001343
-0.001343
-0.002075
-0.002319
-0.003418
-0.001587
-0.001099
-0.003052
-0.002563
-0.002930
-0.001953
-0.001831
-0.001465
-0.002563
-0.002319
-0.001831
-0.001831
-0.002319
-0.001953
-0.002075
-0.001709
-0.002563
-0.002197
-0.002075
-0.002319
-0.003418
-0.001465
-0.001709
-0.001465
-0.002075
-0.001221
-0.001343
-0.002808
-0.001709
-0.002319
-0.002197
-0.002563
-0.002686
-0.002319
-0.002197
-0.002319
-0.001709
-0.002563
-0.001709
-0.002075
-0.001221
-0.001221
-0.001587
-0.001709
-0.000366
-0.002197
-0.001953
-0.001953
-0.001221
-0.001953
-0.001831
-0.003174
-0.000977
-0.002563
-0.002686
0.000000
-0.001831
-0.001831
-0.001709
-0.002197
-0.001831
-0.001343
-0.002563
-0.002808
-0.002197
-0.002563
-0.002686
-0.002686
-0.002197
-0.002075
-0.002563
-0.001953
-0.001831
-0.002686
-0.002197
-0.002319
-0.001709
-0.002808
-0.000854
-0.002075
-0.002563
-0.002197
-0.002686
-0.001221
-0.002197
-0.002686
-0.001831
-0.002075
-0.001221
-0.001099
-0.001099
-0.002563
-0.001343
-0.001953
-0.002686
-0.002197
-0.001709
-0.001953
-0.002075
-0.001709
-0.002197
-0.001831
-0.002075
-0.001099
-0.001099
-0.003052
-0.002686
-0.001709
-0.002075
-0.002563
-0.002563
-0.001831
-0.001343
-0.001221
-0.001953
-0.001343
-0.001709
-0.001221
-0.001587
-0.002075
-0.001831
-0.003052
-0.002197
-0.002197
-0.002563
-0.001709
-0.001099
-0.002197
-0.002319
-0.002197
-0.002563
-0.002197
-0.002075
-0.001709
-0.001099
-0.002930
-0.002686
-0.002197
-0.002319
-0.001099
-0.002197
-0.002075
-0.003418
-0.002319
-0.002197
-0.001831
-0.001099
-0.002441
-0.001709
-0.001953
-0.001831
-0.002686
-0.002808
-0.000854
-0.002563
-0.001831
-0.002319
-0.001953
-0.001953
-0.002930
-0.002075
-0.001831
-0.001953
-0.003052
-0.001465
-0.002930
-0.001709
-0.001709
-0.002686
-0.002319
-0.001099
-0.001831
-0.002563
-0.001221
-0.001709
-0.002563
-0.001099
-0.002563
-0.002075
-0.002930
-0.002197
-0.002075
-0.001709
-0.001709
-0.002686
-0.001221
-0.002441
-0.001221
-0.001831
-0.003052
-0.001221
-0.003052
-0.001709
-0.001343
-0.002441
-0.000854
-0.001831
-0.002197
-0.001709
-0.001709
-0.002319
-0.002075
-0.002319
-0.002686
-0.003052
-0.002197
-0.002319
-0.001465
-0.001709
-0.000854
-0.002075
-0.002197
-0.002563
-0.001709
-0.002197
-0.002075
-0.002075
-0.002808
-0.001709
-0.003174
0.000000
-0.002075
-0.002319
-0.002075
-0.002563
-0.001831
-0.003052
-0.001709
-0.001831
-0.001343
-0.001343
-0.001099
-0.000854
-0.002197
-0.002197
-0.002563
-0.002319
-0.002563
-0.000854
-0.002197
-0.002075
-0.001831
-0.002563
-0.001709
-0.002197
-0.001343
-0.001953
-0.002563
-0.003174
-0.002563
-0.001709
-0.003174
-0.000854
-0.001953
-0.002075
-0.001831
-0.002808
-0.001465
-0.002075
-0.002563
-0.002563
-0.001831
-0.002075
-0.001343
-0.001953
-0.001465
-0.001709
-0.002075
-0.002563
-0.001831
-0.000854
-0.002563
-0.001831
-0.002319
-0.001953
-0.002075
-0.002563
-0.001953
-0.001709
-0.002319
-0.001953
-0.001831
-0.002563
-0.001709
-0.001709
-0.001221
-0.002563
-0.001953
-0.002686
-0.001465
-0.002441
-0.002075
-0.001953
-0.002563
-0.001709
-0.002197
-0.002197
-0.002075
-0.003418
-0.002808
-0.002808
-0.001831
-0.002563
-0.002686
-0.002197
-0.003052
-0.002686
-0.000854
-0.001343
-0.002197
-0.001831
-0.002563
-0.002563
-0.001343
-0.001953
-0.002563
-0.001343
-0.001709
-0.003052
-0.002808
-0.001831
-0.000854
-0.002563
-0.002686
-0.001953
-0.001099
-0.001709
-0.002563
-0.001831
-0.001709
-0.001831
-0.002686
-0.001953
-0.002197
-0.001709
-0.002686
-0.001709
-0.002319
-0.000488
-0.001831
-0.000977
-0.001099
-0.002441
-0.001709
-0.001343
-0.001953
-0.002563
-0.002197
-0.002686
-0.001831
-0.002686
-0.003418
-0.002075
-0.001343
-0.001221
-0.002563
-0.002563
-0.002075
-0.002930
-0.002319
-0.001831
-0.001343
-0.001221
-0.001343
-0.000854
-0.001953
-0.001465
-0.001831
-0.002319
-0.001953
-0.002808
-0.002686
-0.001709
-0.001831
-0.001709
-0.001953
-0.003418
-0.002197
-0.000854
-0.001221
-0.001587
-0.002441
-0.001465
-0.002808
-0.002075
-0.001465
-0.001831
-0.002197
-0.001465
-0.002808
-0.002197
-0.003052
-0.001709
-0.002563
-0.002686
-0.001099
-0.002075
-0.001953
-0.001465
-0.002930
-0.002563
-0.001221
-0.002441
-0.001343
-0.002075
-0.002686
-0.002319
-0.001953
-0.001831
-0.001709
-0.001831
-0.002563
-0.001831
-0.001465
-0.001831
-0.001709
-0.002930
-0.001953
-0.001709
-0.001221
-0.002441
-0.003174
-0.002319
-0.001953
-0.001343
-0.002563
-0.001343
-0.001587
-0.003052
-0.000732
-0.001953
-0.001099
-0.002563
-0.001831
-0.002930
-0.002075
-0.003052
-0.001709
-0.001343
-0.001953
-0.001343
-0.001709
-0.001709
-0.003052
-0.001465
-0.001709
-0.001465
-0.001709
-0.002075
-0.002075
-0.002075
-0.001343
-0.001831
-0.001465
-0.002197
-0.002075
-0.001343
-0.002563
-0.002197
-0.001709
-0.001587
-0.002197
-0.002319
-0.002319
-0.001465
-0.001709
-0.001953
-0.001831
-0.003418
-0.001343
-0.002197
-0.001709
-0.002686
-0.001953
-0.002563
-0.001709
-0.003052
-0.001221
-0.001831
-0.001709
-0.001709
-0.001221
-0.001221
-0.002441
-0.002075
-0.002686
-0.000977
-0.001709
-0.001343
-0.002563
-0.001831
-0.003418
-0.002075
-0.000854
-0.002075
-0.001465
-0.002075
-0.001709
-0.001831
-0.001709
-0.001953
-0.002808
-0.001831
-0.002075
-0.002075
-0.002563
-0.000854
-0.001831
-0.002075
-0.001343
-0.002808
-0.002808
-0.001831
-0.002075
-0.002686
-0.002319
-0.001709
-0.002075
-0.002930
-0.001099
-0.002808
-0.003174
-0.002075
-0.002563
-0.002563
-0.000854
-0.002930
-0.000977
-0.001587
-0.002075
-0.001831
-0.001221
-0.001831
-0.002563
-0.002563
-0.001709
-0.001221
-0.001343
-0.002808
-0.002563
-0.001343
-0.000977
-0.001221
-0.001709
-0.002563
-0.001953
-0.002686
-0.002075
-0.002075
-0.002563
-0.002686
-0.002563
-0.002563
-0.001709
-0.001465
-0.001709
-0.001831
-0.002319
-0.001465
-0.002930
-0.002808
-0.001709
-0.001221
-0.001587
-0.001831
-0.001953
-0.002563
-0.000732
-0.000854
-0.003296
-0.001709
-0.001953
-0.002808
-0.002930
-0.001709
-0.001709
-0.003296
-0.001709
-0.001831
-0.002686
-0.001831
-0.001831
-0.000854
-0.001587
-0.001953
-0.002563
-0.002563
-0.001465
-0.001709
-0.001709
-0.003052
-0.002319
-0.001953
-0.002930
-0.002197
-0.002197
-0.002686
-0.001953
-0.002197
-0.002319
-0.001343
-0.001709
-0.000977
-0.001709
-0.003418
-0.001831
-0.001709
-0.002197
-0.002563
-0.002319
-0.001831
-0.002319
-0.002563
-0.001709
-0.002686
-0.002930
-0.002563
-0.001099
-0.003052
-0.000854
-0.002441
-0.003174
-0.001831
-0.002319
-0.003418
-0.001709
-0.001099
-0.001587
-0.002563
-0.002563
-0.001831
-0.002197
-0.002686
-0.002686
-0.002197
-0.002319
-0.003418
-0.002930
-0.001709
-0.001953
-0.001709
-0.002197
-0.001343
-0.003296
-0.002563
-0.001709
-0.002197
-0.001343
-0.001709
-0.002197
-0.003052
-0.001343
-0.003052
-0.002563
-0.002075
-0.000854
-0.002563
-0.002197
-0.002075
-0.000244
-0.001221
-0.001831
-0.001709
-0.002441
-0.001221
-0.001953
-0.001953
-0.001343
-0.001343
-0.001709
-0.001221
-0.002686
-0.001831
-0.002075
-0.002075
-0.001343
-0.002075
-0.002197
-0.001709
-0.002563
-0.002319
-0.001831
-0.001709
-0.001953
-0.001831
-0.001953
-0.001831
-0.003174
-0.002563
-0.001343
-0.003418
-0.002197
-0.002197
-0.002075
-0.000854
-0.002441
-0.002563
-0.002197
-0.003052
-0.002075
-0.001465
-0.002686
-0.002075
-0.001221
-0.001953
-0.002563
-0.001953
-0.002686
-0.001709
-0.000977
-0.001709
-0.000854
-0.002075
-0.001709
-0.001587
-0.002441
-0.002563
-0.001709
-0.002197
-0.002075
-0.001709
-0.002563
-0.001465
-0.001221
-0.002686
-0.000122
-0.003784
-0.002563
-0.000854
-0.001709
-0.001831
-0.001709
-0.002563
-0.001953
-0.002563
-0.001099
-0.002686
-0.002563
-0.001343
-0.001343
-0.002197
-0.001953
-0.002563
-0.001709
-0.002197
-0.001953
-0.001709
-0.002197
-0.002563
-0.002075
-0.002563
-0.002197
-0.002930
-0.002563
-0.000854
-0.001343
-0.001709
-0.001343
-0.001709
-0.002563
-0.001953
-0.002197
-0.001709
-0.001831
-0.003418
-0.001831
-0.000854
-0.000977
-0.002197
-0.002808
-0.001953
-0.002197
-0.002197
-0.002563
-0.002319
-0.002563
-0.001465
-0.001587
-0.002075
-0.002197
-0.002075
-0.001465
-0.000854
-0.001587
-0.002075
-0.002075
-0.003540
-0.001709
-0.001831
-0.002075
-0.002808
-0.002563
-0.001343
-0.002075
-0.001465
-0.002563
-0.002197
-0.002197
-0.001709
-0.001831
-0.001465
-0.002075
-0.002319
-0.001953
-0.000488
-0.001099
-0.002930
-0.002808
-0.000977
-0.001221
-0.002075
-0.001831
-0.002930
-0.001953
-0.002075
-0.000854
-0.001709
-0.002075
-0.003418
-0.002075
-0.002319
-0.002319
-0.002686
-0.002319
-0.001709
-0.001831
-0.003174
-0.002563
-0.002563
-0.000854
-0.001953
-0.002808
-0.001831
-0.001831
-0.000854
-0.002808
-0.001831
-0.001465
-0.001953
-0.002075
-0.001465
-0.001221
-0.001709
-0.002197
-0.000977
-0.001709
-0.002930
-0.001709
-0.001831
-0.001709
-0.002563
-0.001953
-0.002075
-0.001953
-0.001709
-0.002441
-0.001831
-0.002686
-0.002563
-0.002197
-0.001709
-0.002319
-0.001709
-0.001343
-0.002441
-0.001953
-0.001709
-0.002563
-0.001343
-0.000854
-0.002197
-0.001831
-0.001221
-0.001953
-0.001709
-0.002075
-0.001343
-0.000854
-0.001953
-0.002563
-0.001709
-0.001465
-0.001709
-0.002563
-0.001221
-0.002075
-0.002563
-0.001831
-0.003174
-0.001709
-0.002563
-0.000488
-0.001709
-0.001343
-0.002441
-0.001709
-0.001709
-0.001709
-0.000854
-0.002563
-0.002075
-0.003174
-0.001709
-0.001709
-0.000977
-0.000732
-0.002563
-0.002075
-0.001343
-0.003052
-0.001831
-0.002930
-0.001709
-0.000122
-0.002563
-0.002930
-0.001465
-0.001953
-0.002686
-0.001709
-0.001953
-0.002319
-0.002075
-0.001465
-0.000610
-0.002197
-0.001831
-0.002686
-0.002075
-0.001465
-0.001587
-0.002197
-0.000732
-0.001221
-0.002930
-0.001953
-0.001465
-0.002563
-0.001709
-0.002197
-0.001831
-0.002930
-0.002075
-0.001709
-0.002197
-0.003174
-0.002075
-0.001709
-0.001709
-0.002563
-0.002563
-0.001465
-0.002930
-0.000366
-0.002563
-0.002075
-0.002319
-0.001465
-0.002075
-0.001709
-0.001709
-0.002563
-0.002319
-0.002075
-0.002319
-0.002075
-0.001831
-0.002197
-0.001099
-0.001709
-0.001099
-0.001343
-0.001953
-0.001709
-0.001099
-0.000977
-0.001099
-0.001221
-0.001709
-0.000854
-0.002563
-0.001465
-0.002686
-0.002319
-0.002319
-0.002808
-0.001831
-0.003052
-0.003784
-0.002686
-0.002197
-0.002686
-0.002197
-0.002563
-0.001099
-0.002686
-0.002930
-0.002563
-0.001831
-0.001709
-0.000854
-0.002563
-0.001465
-0.000977
-0.001953
-0.002563
-0.002930
-0.001465
-0.002075
-0.001709
-0.002563
-0.001709
-0.002563
-0.001709
-0.002197
-0.001221
-0.003418
-0.002563
-0.001465
-0.001343
-0.001343
-0.001709
-0.001709
-0.003052
-0.000854
-0.002686
-0.002563
-0.002563
-0.002808
-0.002197
-0.001343
-0.001709
-0.001709
-0.001831
-0.002319
-0.001953
-0.002197
-0.002197
-0.001953
-0.001465
-0.002563
-0.002686
-0.001831
-0.002563
-0.001221
-0.001343
-0.002808
-0.001831
-0.002808
-0.002563
-0.001709
-0.002075
-0.002563
-0.001709
-0.002319
-0.002563
-0.001709
-0.001343
-0.002075
-0.001343
-0.002197
-0.002930
-0.001953
-0.001221
-0.002075
-0.002075
-0.002075
-0.002075
-0.001831
-0.002563
-0.001343
-0.001831
-0.002197
-0.001831
-0.002075
-0.002563
-0.001709
-0.003418
-0.001587
-0.001709
-0.002563
-0.002563
-0.001709
-0.001587
-0.002563
-0.003052
-0.001953
-0.002563
-0.002563
-0.001465
-0.001709
-0.002563
-0.000854
-0.001953
-0.002930
-0.002930
-0.002075
-0.002197
-0.002563
-0.002686
-0.002563
-0.002563
-0.001709
-0.001587
-0.002563
-0.001709
-0.001953
-0.002808
-0.001465
-0.000854
-0.002441
-0.003540
-0.001465
-0.002563
-0.001709
-0.001953
-0.001709
-0.002563
-0.002197
-0.002808
-0.002930
-0.001709
-0.002197
-0.003418
-0.001953
-0.001221
-0.002808
-0.002930
-0.002197
-0.001831
-0.002563
-0.002075
-0.003052
-0.002563
-0.002075
-0.002319
-0.001953
-0.001953
-0.000854
-0.001709
-0.001709
-0.002319
-0.002563
-0.002075
-0.002563
-0.001343
-0.002808
-0.002197
-0.001831
-0.001953
-0.002319
-0.001831
-0.002319
-0.003052
-0.002808
-0.002563
-0.001099
-0.002441
-0.002686
-0.001953
-0.001343
-0.001709
-0.003052
-0.000854
-0.002563
-0.003418
-0.001953
-0.002319
-0.002563
-0.001099
-0.002563
-0.002075
-0.002930
-0.000854
-0.000732
-0.002686
-0.002197
-0.001953
-0.002075
-0.001465
-0.002808
-0.002563
-0.002197
-0.001709
-0.001709
-0.001709
-0.001953
-0.001953
-0.001953
-0.001953
-0.001709
-0.002686
-0.001465
-0.001831
-0.001221
-0.000854
-0.000854
-0.001831
-0.002075
-0.002075
-0.002319
-0.002319
-0.002075
-0.001709
-0.001709
-0.001221
-0.001221
-0.001709
-0.002441
-0.002563
-0.001831
-0.001831
-0.002808
-0.000854
-0.002686
-0.001343
-0.000977
-0.001343
-0.002686
-0.000854
-0.001709
-0.002319
-0.002686
-0.001953
-0.002319
-0.002930
-0.001221
-0.002686
-0.001709
-0.002197
-0.001709
-0.000854
-0.002563
-0.002075
-0.002319
-0.001953
-0.001343
-0.001709
-0.002075
-0.001953
-0.002197
-0.003052
-0.002686
-0.002197
-0.001465
-0.001709
-0.002563
-0.002197
-0.001221
-0.001709
-0.002686
-0.001221
-0.001099
-0.001709
-0.002075
-0.001221
-0.001709
-0.001953
-0.002563
-0.002563
-0.001953
-0.001343
-0.001953
-0.001709
-0.001953
-0.002808
-0.001465
-0.002563
-0.002197
-0.000854
-0.001709
-0.001709
-0.002930
-0.002319
-0.001709
-0.002563
-0.000732
-0.001709
-0.001953
-0.001709
-0.002563
-0.002319
-0.000854
-0.001099
-0.001709
-0.001709
-0.002441
-0.002319
-0.002563
-0.001953
-0.001953
-0.001831
-0.002319
-0.002197
-0.001953
-0.002563
-0.003052
-0.002563
-0.002197
-0.002197
-0.002075
-0.001465
-0.002441
-0.001465
-0.001953
-0.001953
-0.001221
-0.002686
-0.001709
-0.001953
-0.001343
-0.001343
-0.001709
-0.002319
-0.003174
-0.001709
-0.000977
-0.001343
-0.002808
-0.002563
-0.001099
-0.001953
-0.001709
-0.002075
-0.001953
-0.002930
-0.002075
-0.001831
-0.001953
-0.002930
-0.001465
-0.002075
-0.003174
-0.001709
-0.001831
-0.001465
-0.001343
-0.001709
-0.002075
-0.002686
-0.001953
-0.001953
-0.002686
-0.001709
-0.002441
-0.001343
-0.002563
-0.002075
-0.002930
-0.001831
-0.001709
-0.002197
-0.001709
-0.002808
-0.002686
-0.001831
-0.001831
-0.002319
-0.001343
-0.001221
-0.001709
-0.001343
-0.001709
-0.002197
-0.002930
-0.001709
-0.001831
-0.002808
-0.002563
-0.002563
-0.001831
-0.002686
-0.001709
-0.001587
-0.003052
-0.002319
-0.002075
-0.001831
-0.002197
-0.001343
-0.002563
-0.001709
-0.002563
-0.002686
-0.002075
-0.003174
-0.000977
-0.001343
-0.001709
-0.001343
-0.002197
-0.002563
-0.002808
-0.002930
-0.002197
-0.003418
-0.000854
-0.001709
-0.002319
-0.001465
-0.002563
-0.001465
-0.001221
-0.001099
-0.001709
-0.002563
-0.002075
-0.002319
-0.001953
-0.001465
-0.001709
-0.002686
-0.001831
-0.002563
-0.002563
-0.001709
-0.000732
-0.001709
-0.002563
-0.001465
-0.001709
-0.001709
-0.001953
-0.002197
-0.001953
-0.002686
-0.002686
-0.001709
-0.002563
-0.002563
-0.002075
-0.001831
-0.002319
-0.002563
-0.002075
-0.001343
-0.001709
-0.002075
-0.001831
-0.001831
-0.000488
-0.000610
-0.001953
-0.002319
-0.001831
-0.001953
-0.002197
-0.000854
-0.001709
-0.001709
-0.002563
-0.002930
-0.001831
-0.001953
-0.001953
-0.002686
-0.002563
-0.001831
-0.002563
-0.001099
-0.001099
-0.002441
-0.002563
-0.001831
-0.002197
-0.001221
-0.002563
-0.002563
-0.001343
-0.002075
-0.002319
-0.001831
-0.002075
-0.001709
-0.000854
-0.001709
-0.001343
-0.002197
-0.001709
-0.001709
-0.000854
-0.001709
-0.003052
-0.001465
-0.003418
-0.003418
-0.001343
-0.001709
-0.001709
-0.002197
-0.001953
-0.000854
-0.001709
-0.001709
-0.002563
-0.002319
-0.001465
-0.000854
-0.002197
-0.001831
-0.001953
-0.003418
-0.001221
-0.001709
-0.001953
-0.001831
-0.002319
-0.001465
-0.002563
-0.001099
-0.001831
-0.001099
-0.001343
-0.002563
-0.001831
-0.001465
-0.002808
-0.003052
-0.001709
-0.002319
-0.002930
-0.001709
-0.002075
-0.002930
-0.002197
-0.001831
-0.001709
-0.002686
-0.001831
-0.001343
-0.003296
-0.002563
-0.001709
-0.001465
-0.001587
-0.001587
-0.000977
-0.001709
-0.002075
-0.002319
-0.001953
-0.000854
-0.002441
-0.001831
-0.002686
-0.002686
-0.000854
-0.001587
-0.001709
-0.001953
-0.002563
-0.001831
-0.001709
-0.002441
-0.001221
-0.002441
-0.002930
-0.001465
-0.002075
-0.002075
-0.001953
-0.001953
-0.002563
-0.000977
-0.001587
-0.002563
-0.000854
-0.002563
-0.002075
-0.001343
-0.000854
-0.002441
-0.001221
-0.000854
-0.001709
-0.002197
-0.001343
-0.002075
-0.001099
-0.001343
-0.001587
-0.001831
-0.001709
-0.001953
-0.002686
-0.002319
-0.002686
-0.001953
-0.002930
-0.000977
-0.000732
-0.001953
-0.002197
-0.002563
-0.002930
-0.002808
-0.002563
-0.002075
-0.001221
-0.001099
-0.003784
-0.001465
-0.001953
-0.002319
-0.001953
-0.001831
-0.001953
-0.001953
-0.001343
-0.002563
-0.002686
-0.002930
-0.003052
-0.001831
-0.000854
-0.002930
-0.001709
-0.001953
-0.002563
-0.001953
-0.001465
-0.002441
-0.002563
-0.002075
-0.002930
-0.002808
-0.002197
-0.003174
-0.001099
-0.001709
-0.001709
-0.002808
-0.002197
-0.001709
-0.002075
-0.002930
-0.002686
-0.001953
-0.002686
-0.001953
-0.001831
-0.002319
-0.001831
-0.002808
-0.002563
-0.001953
-0.001831
-0.002686
-0.002686
-0.002686
-0.002563
-0.001343
-0.002075
-0.001709
-0.002686
-0.002563
-0.002319
-0.002197
-0.001465
-0.001709
-0.001831
-0.002075
-0.001709
-0.001343
-0.001587
-0.002563
-0.002563
-0.001953
-0.002319
-0.003052
-0.001831
-0.002197
-0.002563
-0.001953
-0.001709
-0.001709
-0.003052
-0.001953
-0.002075
-0.002563
-0.001709
-0.002686
-0.002930
-0.003174
-0.001709
-0.001709
-0.003052
-0.001465
-0.001831
-0.001709
-0.002563
-0.002319
-0.001831
-0.003052
-0.001831
-0.001343
-0.000854
-0.001709
-0.002075
-0.001709
-0.002075
-0.002686
-0.001709
-0.000854
-0.002075
-0.002686
-0.000854
-0.001221
-0.001099
-0.001099
-0.001709
-0.003418
-0.001465
-0.001831
-0.001099
-0.000977
-0.003052
-0.002197
-0.002563
-0.004028
-0.002197
-0.001709
-0.002075
-0.002197
-0.002319
-0.002319
-0.002075
-0.000854
-0.001709
-0.001953
-0.004028
-0.003174
-0.001953
-0.002319
-0.002563
-0.002563
-0.003418
-0.000977
-0.002441
-0.001709
-0.001343
-0.002930
-0.002197
-0.001343
-0.001343
-0.002563
-0.002563
-0.002197
-0.001831
-0.002319
-0.001221
-0.002563
-0.001709
-0.001709
-0.002686
-0.002197
-0.002319
-0.002563
-0.001709
-0.002197
-0.003174
-0.002075
-0.003540
-0.001343
-0.000854
-0.002441
-0.002686
-0.002319
-0.001831
-0.002686
-0.001953
-0.002563
-0.002197
-0.001343
-0.000610
-0.001587
-0.003052
-0.002319
-0.002197
-0.001709
-0.001587
-0.001953
-0.001953
-0.002686
-0.002319
-0.003052
-0.002563
-0.002563
-0.001709
-0.001343
-0.001221
-0.002197
-0.003052
-0.002319
-0.002563
-0.001221
-0.002441
-0.002197
-0.002686
-0.002563
-0.002563
-0.001953
-0.001831
-0.000977
-0.001953
-0.002563
-0.001465
-0.002563
-0.001221
-0.002075
-0.001465
-0.001587
-0.001221
-0.001831
-0.002808
-0.001709
-0.003174
-0.002563
-0.002197
-0.003174
-0.001465
-0.002197
-0.001343
-0.001099
-0.001709
-0.002686
-0.001465
-0.002075
-0.001221
-0.001221
-0.001709
-0.002197
-0.001709
-0.002808
-0.002319
-0.001709
-0.002197
-0.002319
-0.002197
-0.000977
-0.000977
-0.002075
-0.002808
-0.003418
-0.002930
-0.001709
-0.002075
-0.002930
-0.001099
-0.002563
-0.002930
-0.002197
-0.002075
-0.002686
-0.002075
-0.001465
-0.001343
-0.002563
-0.001831
-0.001709
-0.001953
-0.002197
-0.001709
-0.002075
-0.001221
-0.003418
-0.001709
-0.000244
-0.001953
-0.002808
-0.002197
-0.001831
-0.003418
-0.001709
-0.002563
-0.002075
-0.002563
-0.001709
-0.002563
-0.001465
-0.002563
-0.002075
-0.001709
-0.002075
-0.002197
-0.001953
-0.002197
-0.002319
-0.001465
-0.002563
-0.001953
-0.002563
-0.001465
-0.002930
-0.001465
-0.002441
-0.003540
-0.000977
-0.001953
-0.001953
-0.002197
-0.002686
-0.002197
-0.002319
-0.003418
-0.002197
-0.002319
-0.001099
-0.002808
-0.001709
-0.002686
-0.002319
-0.002319
-0.001465
-0.002075
-0.002197
-0.001221
-0.002197
-0.002808
-0.002563
-0.001709
-0.002075
-0.001709
-0.001831
-0.002319
-0.002563
-0.002563
-0.001953
-0.002563
-0.000854
-0.002686
-0.001831
-0.001709
-0.002563
-0.001709
-0.001221
-0.002563
-0.002563
-0.001709
-0.001709
-0.002197
-0.002563
-0.001831
-0.001221
-0.001709
-0.001221
-0.001831
-0.002197
-0.002075
-0.002808
-0.002319
-0.001953
-0.003418
-0.001953
-0.001831
-0.002686
-0.002197
-0.002686
-0.002563
-0.001709
-0.002563
-0.002930
-0.001831
-0.003052
-0.001831
-0.003418
-0.001465
-0.002563
-0.003418
-0.001953
-0.002197
-0.002075
-0.002563
-0.002563
-0.002563
-0.001953
-0.001099
-0.000977
-0.003296
-0.000732
-0.002686
-0.002563
-0.001221
-0.001831
-0.001709
-0.003418
-0.002686
-0.001831
-0.002197
-0.001709
-0.002686
-0.000854
-0.002808
-0.001343
-0.002686
-0.002319
-0.001465
-0.002563
-0.001709
-0.002441
-0.001465
-0.000977
-0.002563
-0.001343
-0.002075
-0.001465
-0.002930
-0.002075
-0.002197
-0.001831
-0.001709
-0.002563
-0.001709
-0.002930
-0.001831
-0.002563
-0.002075
-0.001953
-0.002197
-0.002563
-0.002563
-0.001831
-0.002930
-0.002930
-0.001831
-0.002197
-0.001953
-0.002075
-0.002075
-0.001221
-0.000244
-0.001831
-0.003662
-0.002563
-0.001465
-0.002441
-0.001709
-0.001831
-0.003052
-0.002319
-0.001831
-0.002197
-0.002686
-0.003052
-0.001099
-0.002441
-0.001709
-0.000488
-0.002808
-0.002319
-0.001709
-0.001953
-0.002075
-0.002075
-0.002197
-0.001831
-0.002686
-0.002686
-0.001831
-0.001709
-0.002197
-0.000488
-0.002563
-0.001465
-0.000977
-0.002197
-0.001953
-0.002197
-0.002563
-0.001953
-0.002686
-0.002319
-0.002197
-0.001831
-0.001343
-0.002563
-0.001709
-0.000977
-0.002563
-0.002197
-0.001831
-0.002197
-0.002563
-0.002075
-0.001709
-0.001709
-0.002563
-0.002319
-0.001709
-0.002197
-0.002808
-0.002563
-0.000854
-0.001953
-0.002197
-0.001465
-0.002197
-0.001709
-0.002686
-0.002808
-0.001953
-0.001465
-0.001709
-0.002441
-0.001709
-0.003540
-0.002197
-0.000854
-0.002075
-0.002075
-0.003174
-0.002563
-0.002563
-0.002075
-0.001465
-0.001831
-0.002563
-0.001343
-0.001709
-0.000854
-0.001709
-0.002441
-0.001709
-0.002686
-0.000854
-0.001709
-0.001953
-0.001831
-0.002563
-0.001343
-0.002075
-0.003418
-0.001465
-0.002197
-0.002197
-0.002197
-0.002563
-0.002075
-0.001709
-0.001831
-0.001465
-0.001709
-0.002563
-0.001343
-0.002563
-0.001099
-0.002563
-0.003418
-0.001587
-0.002441
-0.001953
-0.001221
-0.001953
-0.003418
-0.001831
-0.002686
-0.002075
-0.000854
-0.002075
-0.001709
-0.001221
-0.003296
-0.001831
-0.001343
-0.002686
-0.002563
-0.002563
-0.002319
-0.002930
-0.001709
-0.002075
-0.002808
-0.002197
-0.003052
-0.001831
-0.001709
-0.003052
-0.001343
-0.002563
-0.002808
-0.003662
-0.001831
-0.001831
-0.002563
-0.002686
-0.002686
-0.001709
-0.002441
-0.001709
-0.003418
-0.001343
-0.001831
-0.001831
-0.002930
-0.001465
-0.001343
-0.002563
-0.002197
-0.002563
-0.002319
-0.001709
-0.002197
-0.001465
-0.001221
-0.002075
-0.002197
-0.001343
-0.002441
-0.003540
-0.001953
-0.002563
-0.002563
-0.002686
-0.003418
-0.001343
-0.001587
-0.002075
-0.002075
-0.002197
-0.001831
-0.002563
-0.003784
-0.002808
-0.001709
-0.003418
-0.002808
-0.002197
-0.002075
-0.002075
-0.003540
-0.001343
-0.002075
-0.001343
-0.002075
-0.003418
-0.000488
-0.002686
-0.002930
-0.001709
-0.001221
-0.001831
-0.002686
-0.002686
-0.001709
-0.001343
-0.002197
-0.002197
-0.001465
-0.002563
-0.001831
-0.001709
-0.002686
-0.003052
-0.001953
-0.001831
-0.001709
-0.001587
-0.002441
-0.002930
-0.001953
-0.001343
-0.001709
-0.000977
-0.002441
-0.002075
-0.002563
-0.002319
-0.001953
-0.002563
-0.002563
-0.002563
-0.003418
-0.002197
-0.001099
-0.001953
-0.002686
-0.002319
-0.002319
-0.003540
-0.000977
-0.001587
-0.002808
-0.002197
-0.001831
-0.002808
-0.003174
-0.003540
-0.002441
-0.002075
-0.000854
-0.000977
-0.003418
-0.001709
-0.002319
-0.002563
-0.002808
-0.002075
-0.001709
-0.002197
-0.001953
-0.001831
-0.002197
-0.001343
-0.000854
-0.000610
-0.002563
-0.002563
-0.002563
-0.002686
-0.001099
-0.002563
-0.002563
-0.001953
-0.003418
-0.002319
-0.000854
-0.002930
-0.001465
-0.000854
-0.002808
-0.001953
-0.002563
-0.000977
-0.001587
-0.002686
-0.001709
-0.002197
-0.002075
-0.001953
-0.001343
-0.001953
-0.002075
-0.002808
-0.001953
-0.001709
-0.002686
-0.002686
-0.002075
-0.002197
-0.002075
-0.002319
-0.001709
-0.001831
-0.002319
-0.002563
-0.001465
-0.001831
-0.002319
-0.002686
-0.001099
-0.001831
-0.001831
-0.001709
-0.002197
-0.001709
-0.002563
-0.002563
-0.001099
-0.001953
-0.002197
-0.002563
-0.002075
0.000000
-0.001587
-0.001587
-0.002441
-0.002075
-0.002075
-0.002930
-0.001465
-0.001709
-0.001709
-0.003296
-0.002075
-0.001099
-0.002441
-0.002563
-0.000366
-0.002441
-0.002075
-0.001953
-0.002075
-0.002686
-0.003052
-0.002197
-0.002930
-0.002197
-0.000732
-0.001587
-0.000854
-0.002563
-0.002808
-0.001709
-0.001709
-0.002197
-0.001465
-0.002075
-0.002563
-0.001953
-0.001221
-0.002930
-0.002808
-0.002930
-0.002686
-0.002563
-0.001099
-0.000732
-0.002441
-0.001343
-0.002563
-0.001099
-0.002930
-0.003418
-0.001343
-0.002563
-0.002319
-0.002075
-0.002319
-0.002686
-0.001709
-0.002808
-0.000854
-0.001587
-0.002563
-0.002075
-0.002563
-0.001831
-0.000977
-0.000977
-0.002563
-0.001465
-0.002686
-0.001831
-0.002563
-0.001953
-0.000732
-0.003052
-0.001221
-0.001587
-0.002563
-0.001709
-0.001709
-0.001343
-0.002563
-0.001709
-0.001831
-0.002686
-0.002319
-0.001709
-0.002197
-0.001709
-0.002686
-0.002319
-0.003418
-0.002319
-0.001709
-0.002075
-0.001221
-0.001221
-0.002197
-0.003052
-0.002075
-0.000977
-0.001587
-0.002441
-0.001709
-0.001831
-0.003540
-0.002319
-0.002563
-0.001831
-0.002075
-0.002808
-0.002197
-0.002319
-0.002563
-0.002563
-0.001953
-0.002563
-0.002563
-0.002319
-0.002197
-0.001343
-0.001953
-0.002197
-0.002075
-0.001953
-0.001709
-0.003174
-0.001465
-0.002808
-0.001831
-0.001465
-0.002075
-0.001953
-0.002075
-0.002319
-0.002563
-0.001953
-0.001953
-0.002686
-0.001953
-0.001465
-0.001343
-0.001099
-0.000732
-0.001709
-0.002197
-0.002563
-0.001709
-0.001221
-0.001099
-0.002563
-0.002686
-0.002686
-0.001709
-0.002563
-0.002075
-0.001709
-0.003540
-0.002197
-0.001709
-0.001953
-0.002075
-0.001709
-0.002319
-0.001465
-0.001099
-0.001709
-0.001221
-0.002563
-0.001343
-0.001953
-0.001953
-0.000977
-0.001709
-0.003052
-0.001221
-0.001953
-0.002930
-0.001709
-0.001953
-0.001831
-0.001831
-0.002930
-0.001953
-0.001099
-0.002563
-0.002563
-0.000732
-0.001953
-0.001953
-0.002930
-0.002563
-0.002197
-0.002563
-0.002197
-0.001709
-0.001831
-0.001831
-0.002197
-0.003174
-0.000854
-0.002197
-0.002686
-0.000854
-0.000977
-0.001831
-0.001831
-0.001709
-0.002075
-0.002075
-0.001343
-0.002075
-0.001953
-0.001343
-0.001221
-0.002441
-0.001831
-0.001221
-0.001831
-0.002197
-0.003784
-0.002197
-0.001099
-0.001953
-0.001953
-0.001343
-0.001221
-0.001831
-0.003052
-0.002197
-0.001221
-0.002441
-0.002075
-0.001343
-0.001831
-0.002563
-0.001953
-0.002686
-0.001465
-0.002075
-0.002197
-0.002930
-0.001831
-0.002197
-0.001709
-0.001221
-0.002075
-0.001831
-0.001831
-0.002563
-0.001221
-0.001709
-0.001709
-0.001709
-0.002197
-0.001953
-0.001953
-0.001953
-0.002686
-0.001465
-0.000610
-0.002075
-0.000854
-0.001831
-0.002075
-0.002563
-0.001953
-0.001709
-0.001221
-0.002197
-0.001343
-0.001831
-0.001831
-0.002930
-0.001953
-0.002197
-0.002563
-0.001709
-0.002686
-0.002930
-0.001465
-0.001099
-0.001099
-0.001099
-0.002930
-0.001099
-0.001953
-0.002197
-0.001953
-0.001709
-0.001343
-0.001953
-0.001343
-0.003052
-0.000854
-0.001709
-0.002319
-0.002075
-0.001221
-0.001831
-0.001953
-0.001099
-0.002075
-0.001709
-0.002441
-0.002197
-0.001953
-0.002930
-0.002563
-0.002808
-0.002197
-0.001343
-0.003418
-0.001709
-0.002075
-0.002075
-0.001831
-0.002563
-0.003784
-0.001587
-0.002563
-0.002197
-0.001709
-0.003174
-0.001831
-0.001709
-0.001221
-0.003052
-0.002197
-0.002563
-0.002197
-0.002563
-0.001953
0.000000
-0.001709
-0.002563
-0.001953
-0.001831
-0.001831
-0.003418
-0.001343
-0.001587
-0.001709
-0.001831
-0.002563
-0.001709
-0.001709
-0.001953
-0.002686
-0.002319
-0.002563
-0.000854
-0.001709
-0.002686
-0.002930
-0.001709
-0.002563
-0.002563
-0.002563
-0.002686
-0.001953
-0.003052
-0.001831
-0.001953
-0.001831
-0.002686
-0.003174
-0.001831
-0.002075
-0.002075
-0.001953
-0.001099
-0.001953
-0.002075
-0.002563
-0.002319
-0.001953
-0.002686
-0.000366
-0.001953
-0.001831
-0.001099
-0.002563
-0.001953
-0.001709
-0.002197
-0.001343
-0.001709
-0.001953
-0.003418
-0.001709
-0.001709
-0.001343
-0.002075
-0.002563
-0.002563
-0.002563
-0.003540
-0.002197
-0.002197
-0.001953
-0.002197
-0.001221
-0.001709
-0.002075
-0.001709
-0.001221
-0.003296
-0.002319
-0.000488
-0.001709
-0.001953
-0.002563
-0.002563
-0.000977
-0.001709
-0.001587
-0.001221
-0.002563
-0.002197
-0.002686
-0.000854
-0.000732
-0.002197
-0.002930
-0.001465
-0.002075
-0.002563
-0.002808
-0.001831
-0.002197
-0.001465
-0.002563
-0.002563
-0.002808
-0.001465
-0.001709
-0.002686
-0.001343
-0.002563
-0.002563
-0.002075
-0.002686
-0.001831
-0.002808
-0.000977
-0.001953
-0.001099
-0.002441
-0.001953
-0.001709
-0.003418
-0.001465
-0.002075
-0.001099
-0.001709
-0.001953
-0.001709
-0.002563
-0.002686
-0.001831
-0.001709
-0.001831
-0.002319
-0.001831
-0.002075
-0.000732
-0.002075
-0.002563
-0.001465
-0.001709
-0.002563
-0.002197
-0.001709
-0.002686
-0.002197
-0.001831
-0.002319
-0.001953
-0.002563
-0.001953
-0.003052
-0.001953
-0.002075
-0.002197
-0.001831
-0.001099
-0.000732
-0.001709
-0.001343
-0.002563
-0.002808
-0.001709
-0.003296
-0.002197
-0.001831
-0.001953
-0.002075
-0.001465
-0.002441
-0.001831
-0.002197
-0.001831
-0.001709
-0.002686
-0.002075
-0.002563
-0.001465
-0.003296
-0.002197
-0.002197
-0.002686
-0.001709
-0.001709
-0.002441
-0.001709
-0.003540
-0.002563
-0.002563
-0.003174
-0.001953
-0.003174
-0.002563
-0.001709
-0.001587
-0.001587
-0.002563
-0.002197
-0.002075
-0.001953
-0.002197
-0.001099
-0.001831
-0.002197
-0.002563
-0.002197
-0.002563
-0.002686
-0.002197
-0.002563
-0.003052
-0.001709
-0.001831
-0.001709
-0.001953
-0.002075
-0.000854
-0.001343
-0.002441
-0.002197
-0.002197
-0.001343
-0.002197
-0.002563
-0.002319
-0.001709
-0.000854
-0.002930
-0.001709
-0.002563
-0.002319
-0.002197
-0.002197
-0.001709
-0.001709
-0.000732
-0.002197
-0.002563
-0.001465
-0.001099
-0.001831
-0.002075
-0.003174
-0.000854
-0.001709
-0.002686
-0.001831
-0.001709
-0.002075
-0.002930
-0.002563
-0.001343
-0.002563
-0.001831
-0.001709
-0.001831
-0.002563
-0.001709
-0.001953
-0.002319
-0.003174
-0.001709
-0.001709
-0.002319
-0.002075
-0.001831
-0.001953
-0.003052
-0.002075
-0.001831
-0.001953
-0.001709
-0.002563
-0.003174
-0.002075
-0.001709
-0.002197
-0.000977
-0.003296
-0.002686
-0.002075
-0.002319
-0.000366
-0.002197
-0.002808
-0.002563
-0.001709
-0.002319
-0.002563
-0.001831
-0.001709
-0.002197
-0.003418
-0.001465
-0.001343
-0.001709
-0.002075
-0.001343
-0.001343
-0.002197
-0.002197
-0.002319
-0.001709
-0.001465
-0.002441
-0.001831
-0.002563
-0.003418
-0.001099
-0.001953
-0.002808
-0.001343
-0.001831
-0.002319
-0.001831
-0.002686
-0.001343
-0.001221
-0.002441
-0.001709
-0.002319
-0.002563
-0.000854
-0.001709
-0.002563
-0.002563
-0.002930
-0.002319
-0.001099
-0.002563
-0.002075
-0.001343
-0.001709
-0.002563
-0.001343
-0.001831
-0.002563
-0.001099
-0.001953
-0.001709
-0.001953
-0.002197
-0.001099
-0.001953
-0.002319
-0.002686
-0.002563
-0.000854
-0.002930
-0.001099
-0.002075
-0.001709
-0.001587
-0.002441
-0.002197
-0.001465
-0.001709
-0.003662
-0.001709
-0.001343
-0.001709
-0.001709
-0.000854
-0.003784
-0.002319
-0.001831
-0.001343
-0.001953
-0.001953
-0.001953
-0.002930
-0.003418
-0.000854
-0.001343
-0.001709
-0.000977
-0.001099
-0.001709
-0.002319
-0.001099
-0.000854
-0.001709
-0.001343
-0.001953
-0.001953
-0.002197
-0.002075
-0.001953
-0.001953
-0.000244
-0.001221
-0.002930
-0.002197
-0.001953
-0.002808
-0.001709
-0.002686
-0.001465
-0.002197
-0.001343
-0.002563
-0.002686
-0.001831
-0.002197
-0.002319
-0.003418
-0.002197
-0.002075
-0.002563
-0.001099
-0.001709
-0.001709
-0.002686
-0.001343
-0.001343
-0.001709
-0.002563
-0.001465
-0.002075
-0.000854
-0.002441
-0.003174
-0.001953
-0.001709
-0.001709
-0.002563
-0.002563
-0.001099
-0.002563
-0.001709
-0.001953
-0.002075
-0.002563
-0.002075
-0.002075
-0.001709
-0.002930
-0.001343
-0.001953
-0.002197
-0.002197
-0.003052
-0.002686
-0.002563
-0.002563
-0.001709
-0.001343
-0.001587
-0.002563
-0.001953
-0.001953
-0.001709
-0.002563
-0.000488
-0.003052
-0.002075
-0.002075
-0.003418
-0.001465
-0.001953
-0.002563
-0.001343
-0.002563
-0.001099
-0.002441
-0.001831
-0.001465
-0.002686
-0.002563
-0.003174
-0.001465
-0.001953
-0.001099
-0.001709
-0.001709
-0.000854
-0.001831
-0.001953
-0.000854
-0.002808
-0.002319
-0.001831
-0.001465
-0.002075
-0.003174
-0.002319
-0.001221
-0.001587
-0.001953
-0.002197
-0.001709
-0.001587
-0.001709
-0.002075
-0.001221
-0.002563
-0.002197
-0.002075
-0.001953
-0.001709
-0.001343
-0.001709
-0.002563
-0.001831
-0.001709
-0.002563
-0.001709
-0.000732
-0.001709
-0.002319
-0.001709
-0.001465
-0.001221
-0.001831
-0.001221
-0.000977
-0.001709
-0.001953
-0.002197
-0.003052
-0.002686
-0.002319
-0.002808
-0.002319
-0.002319
-0.001953
-0.002197
-0.003174
-0.002075
-0.001465
-0.001709
-0.002197
-0.002075
-0.001953
-0.002563
-0.001099
-0.001099
-0.001709
-0.001465
-0.002563
-0.001953
-0.001709
-0.001831
-0.001831
-0.002319
-0.001099
-0.000977
-0.002441
-0.002686
-0.002686
-0.002319
-0.001831
-0.002563
-0.002563
-0.001953
-0.002686
-0.002075
-0.001465
-0.000977
-0.002563
-0.001953
-0.001343
-0.001953
-0.001953
-0.002686
-0.001831
-0.001709
-0.001831
-0.002197
-0.001221
-0.002075
-0.002197
-0.001465
-0.001587
-0.001831
-0.001831
-0.001709
-0.001221
-0.003052
-0.002319
-0.001709
-0.002686
-0.002563
-0.002197
-0.001709
-0.002197
-0.001099
-0.002197
-0.001099
-0.002808
-0.002075
-0.001831
-0.003662
-0.001465
-0.001831
-0.002808
-0.001953
-0.001709
-0.003418
-0.000488
-0.002075
-0.001953
-0.002563
-0.002563
-0.001465
-0.000977
-0.001831
-0.002319
-0.003174
-0.001465
-0.002808
-0.001465
-0.001709
-0.001465
-0.001831
-0.002319
-0.001709
-0.002197
-0.002563
-0.001709
-0.001831
-0.003052
-0.000732
-0.002686
-0.001709
-0.002075
-0.002563
-0.003418
-0.002441
-0.001709
-0.001831
-0.002075
-0.002197
-0.003174
-0.001953
-0.001221
-0.001831
-0.001465
-0.002930
-0.001465
-0.002075
-0.002075
-0.002563
-0.002075
-0.003418
-0.003540
-0.002441
-0.002197
-0.002808
-0.002075
-0.001221
-0.002075
-0.002075
-0.003052
-0.001465
-0.001709
-0.002441
-0.000732
-0.001831
-0.003174
-0.002319
-0.001953
-0.001465
-0.002075
-0.002563
-0.002930
-0.001465
-0.001709
-0.002563
-0.001953
-0.002075
-0.002686
-0.001831
-0.002319
-0.002319
0.000000
-0.002075
-0.002930
-0.002197
-0.003052
-0.001831
-0.002563
-0.001221
-0.002563
-0.001343
-0.001831
-0.003418
-0.001709
-0.002808
-0.002319
-0.001709
-0.001709
-0.002563
-0.001465
-0.001587
-0.002197
-0.002563
-0.002197
-0.001709
-0.002197
-0.002563
-0.001709
-0.002197
-0.001343
-0.002197
-0.001099
-0.001343
-0.002075
-0.001465
-0.001709
-0.001709
-0.003418
-0.002319
-0.001953
-0.002563
-0.002563
-0.002197
-0.002319
-0.002563
-0.000854
-0.002563
-0.001953
-0.002686
-0.002075
-0.001831
-0.002930
-0.003052
-0.001709
-0.002197
-0.002563
-0.001953
-0.002197
-0.002686
-0.002563
-0.001465
-0.002441
-0.002319
-0.002075
-0.002686
-0.001343
-0.002197
-0.001343
-0.001709
-0.000977
-0.001099
-0.002563
-0.001709
-0.001709
-0.000977
-0.002197
-0.001831
-0.002075
-0.002563
-0.001709
-0.001343
-0.000854
-0.002197
-0.001953
-0.001953
-0.002319
-0.002563
-0.001465
-0.001709
-0.001099
-0.003418
-0.002075
-0.001465
-0.002441
-0.002686
-0.002930
-0.001099
-0.002075
-0.003662
-0.001953
-0.001709
-0.002930
-0.002319
-0.002075
-0.001831
-0.001099
-0.001831
-0.002197
-0.002563
-0.002075
-0.002319
-0.001709
-0.002197
-0.001709
-0.002075
-0.002930
-0.001709
-0.000854
-0.000854
-0.002197
-0.001709
-0.001343
-0.002197
-0.002563
-0.002075
-0.002075
-0.001953
-0.002563
-0.001709
-0.002197
-0.003174
-0.001099
-0.002808
-0.001221
-0.001221
-0.002197
-0.002075
-0.002319
-0.002808
-0.002197
-0.000854
-0.001709
-0.002197
-0.002563
-0.002197
-0.001953
-0.001953
-0.002808
-0.001465
-0.001343
-0.002197
-0.002808
-0.002319
-0.002319
-0.002563
-0.001953
-0.001709
-0.002319
-0.001709
-0.002075
-0.002563
-0.002563
-0.002319
-0.001465
-0.002563
-0.002930
-0.001709
-0.002075
-0.002563
-0.001709
-0.001953
-0.002197
-0.001831
-0.001709
-0.003662
-0.001953
-0.002075
-0.002075
-0.002075
-0.001221
-0.002563
-0.002930
-0.001343
-0.002563
-0.002930
-0.001709
-0.002075
-0.000854
-0.001709
-0.001465
-0.001709
-0.002563
-0.003418
-0.000977
-0.001709
-0.001709
-0.001099
-0.003662
-0.001953
-0.002563
-0.002686
-0.002808
-0.001221
-0.001343
-0.001953
-0.002930
-0.003540
-0.002075
-0.001709
-0.000732
-0.001953
-0.002319
-0.001343
-0.002197
-0.002930
-0.001709
-0.002563
-0.002075
-0.001343
-0.002563
-0.003418
-0.002319
-0.001831
-0.002930
-0.000854
-0.001709
-0.002075
-0.002197
-0.001953
-0.002563
-0.002563
-0.001831
-0.002319
-0.002563
-0.003784
-0.002808
-0.002563
-0.002197
-0.001343
-0.002441
-0.002197
-0.001831
-0.001221
-0.002686
-0.002808
-0.001709
-0.001709
-0.001099
-0.001831
-0.002686
-0.000977
-0.002563
-0.002197
-0.002319
-0.003174
-0.001343
-0.003052
-0.002197
-0.001709
-0.002197
-0.002319
-0.001465
-0.002686
-0.001709
-0.001709
-0.002197
-0.000854
-0.001709
-0.002930
-0.002197
-0.001709
-0.002075
-0.002808
-0.001343
-0.001343
-0.001953
-0.001953
-0.002686
-0.003418
-0.002686
-0.002563
-0.002563
-0.002563
-0.002563
-0.002930
-0.002686
-0.001709
-0.001831
-0.001709
-0.001099
-0.001709
-0.002930
