g++ cpp_feedback_loop.cpp -Wall -std=c++20  -I/opt/redpitaya/include -L/opt/redpitaya/lib -static -lrp-hw-can -lrp -lrp-hw-calib -lrp-hw-profiles -lrp-gpio -lrp-i2c -lrp-hw -lm -lstdc++ -lpthread -li2c -lsocketcan -o cpp_feedback_loop
-0.001587
-0.001221
-0.001587
-0.001953
-0.001709
-0.001465
-0.001465
-0.001709
-0.001953
-0.002441
-0.001953
-0.001099
-0.002075
-0.002808
-0.000854
-0.001465
-0.001099
-0.001587
-0.000977
-0.002197
-0.002441
-0.001953
-0.001587
-0.001953
-0.001709
-0.000732
-0.001709
-0.002686
-0.000854
-0.001709
-0.000122
-0.001587
-0.001587
-0.002197
-0.001343
-0.002197
-0.000854
-0.001953
-0.001221
-0.000610
-0.002686
-0.001953
-0.001587
-0.000977
-0.000610
-0.001343
-0.002197
-0.000244
-0.001831
-0.001587
-0.000610
-0.002197
-0.002075
-0.001709
-0.001709
-0.002930
-0.002075
-0.001587
-0.000488
-0.001587
-0.001587
-0.000488
-0.001831
-0.000854
-0.001465
-0.001465
-0.001953
-0.001221
-0.001343
-0.001099
-0.001709
-0.000854
-0.000244
-0.001953
-0.000854
0.000122
-0.001099
-0.001465
-0.002197
-0.001343
-0.001465
-0.002319
-0.001221
-0.001831
-0.001465
-0.001221
-0.001465
-0.001831
-0.003052
-0.001709
-0.002197
-0.001221
-0.001953
-0.001709
-0.001953
-0.001953
-0.001953
-0.001709
-0.000610
-0.001099
-0.001953
-0.002808
-0.001587
-0.000977
-0.002808
-0.001343
-0.001953
-0.001221
-0.001465
-0.000854
-0.000732
-0.001831
-0.001587
0.000000
-0.002075
-0.002319
-0.000854
-0.002319
-0.000854
-0.001953
-0.000366
-0.001831
-0.002563
-0.002441
-0.001343
-0.002075
-0.002319
0.000000
-0.000854
-0.002563
-0.003174
-0.002563
-0.001343
-0.000366
-0.001465
-0.000732
-0.001587
-0.000488
-0.000488
-0.001465
-0.001709
-0.001221
-0.000732
-0.000977
-0.001831
-0.000732
-0.001221
-0.001099
-0.001831
-0.001587
-0.001343
-0.001221
-0.001587
-0.001221
-0.001343
-0.000977
-0.002075
-0.001465
-0.001221
-0.002197
-0.002563
-0.001099
-0.001343
-0.001953
-0.002319
-0.001465
-0.001099
-0.000366
-0.001831
-0.001221
-0.001343
-0.001587
-0.001953
-0.000854
-0.002319
-0.001709
-0.001343
-0.001099
-0.001099
-0.001465
-0.002319
-0.000854
-0.001221
-0.001831
-0.000122
-0.001465
-0.001953
-0.000366
-0.001953
-0.001709
-0.001465
-0.001587
-0.001831
-0.001343
-0.000977
-0.001465
-0.001099
-0.002075
-0.001343
-0.001831
-0.000610
-0.001587
-0.001831
-0.000244
-0.000610
-0.002686
-0.002197
-0.001587
-0.001099
-0.001465
-0.002075
-0.002319
-0.001465
-0.001709
-0.000610
-0.002197
-0.002075
-0.001709
-0.001343
-0.002075
-0.001709
-0.000366
-0.001221
-0.001709
-0.002563
-0.002197
-0.002075
-0.001587
-0.001831
-0.000732
-0.000122
-0.001465
-0.001099
-0.001709
-0.001343
-0.000732
0.000244
-0.001831
-0.000732
-0.001709
-0.001587
-0.000244
-0.000732
-0.001221
-0.001709
-0.000854
-0.001587
-0.001587
-0.001709
-0.001953
-0.001099
-0.001465
-0.001831
-0.001709
-0.001587
-0.000488
-0.000610
-0.001953
-0.002197
-0.001465
-0.001221
-0.001709
-0.001831
-0.001953
-0.001587
-0.000610
-0.002441
-0.002808
-0.000732
-0.001099
-0.001099
-0.000854
-0.001831
-0.001587
-0.000977
-0.001831
-0.001221
-0.000977
-0.001587
-0.001221
-0.001709
-0.001465
-0.001953
-0.001343
-0.000488
-0.001831
-0.002319
-0.001709
-0.002075
-0.000366
-0.000854
-0.001953
-0.001587
-0.001831
-0.001221
-0.001343
-0.003418
-0.002075
-0.000488
-0.002441
-0.001221
-0.001099
-0.002319
-0.001709
-0.002319
-0.000244
-0.002075
-0.001709
-0.000488
-0.001709
-0.001099
-0.001465
-0.001587
-0.001099
-0.001099
-0.001709
-0.000854
-0.001099
-0.002563
-0.001953
-0.000854
-0.001831
-0.001343
-0.000366
-0.001709
-0.002075
-0.001465
-0.000977
-0.002319
-0.001953
-0.002930
-0.001343
-0.001099
-0.000854
-0.001465
-0.002075
-0.002197
-0.002197
0.000244
-0.001709
-0.002075
-0.001709
-0.002197
-0.000854
-0.001587
-0.000732
-0.001709
-0.001465
-0.001221
-0.000610
-0.001221
-0.000854
-0.001709
-0.001099
-0.001221
-0.000977
-0.002563
-0.001221
-0.001099
-0.001587
-0.001953
-0.001587
-0.001953
-0.001709
-0.001099
-0.001953
-0.001709
-0.002197
-0.000488
-0.001221
-0.001587
-0.000732
-0.001587
-0.001465
-0.001709
-0.002319
-0.000854
-0.001831
-0.002441
-0.001709
-0.002441
-0.000854
-0.002075
-0.001709
-0.000977
-0.002197
-0.001343
-0.001099
-0.001709
-0.001099
-0.002441
-0.002808
-0.001587
-0.000488
-0.002075
-0.001465
-0.001343
-0.000854
-0.002197
-0.001343
-0.001587
-0.002075
-0.001465
-0.000854
-0.001953
-0.000122
-0.000488
-0.000977
-0.001587
-0.001709
-0.002319
-0.000854
-0.002930
-0.001221
-0.000610
-0.000732
-0.001343
-0.002808
-0.002197
-0.001221
-0.002808
-0.001587
-0.001465
-0.001343
-0.001343
-0.001343
-0.002563
-0.001343
-0.001343
-0.001831
-0.001709
-0.000854
-0.001221
-0.001831
-0.001343
-0.001831
-0.001709
-0.001709
-0.001221
-0.000610
-0.002441
-0.001221
-0.001465
-0.001465
-0.001465
-0.000122
-0.001831
-0.002075
-0.000610
-0.000732
-0.001343
-0.001953
-0.001709
-0.000610
-0.000732
-0.001465
-0.002075
-0.001343
-0.001343
-0.002075
-0.002441
-0.000854
-0.001221
-0.001343
-0.001465
-0.002075
-0.002563
-0.001953
-0.001709
-0.001709
-0.001465
-0.000977
-0.001099
-0.002197
-0.002563
-0.000610
-0.001099
-0.002197
-0.002563
-0.002930
-0.001587
-0.001343
-0.001953
-0.001587
-0.001221
-0.002319
-0.001587
-0.001831
-0.002563
-0.001099
-0.002441
-0.000732
-0.001099
-0.001099
-0.001099
-0.002197
-0.002197
-0.001465
-0.000977
-0.001831
-0.001587
-0.001831
-0.002075
-0.002197
-0.001587
-0.001587
-0.001465
-0.002441
-0.001343
-0.001465
-0.002563
-0.000488
-0.001831
-0.002197
-0.001709
-0.000977
-0.001709
-0.001343
-0.001465
-0.000977
-0.000122
-0.001099
-0.002197
-0.001343
-0.001587
-0.002930
-0.001953
-0.001587
-0.000488
-0.001099
-0.001221
-0.001343
-0.001099
-0.001587
-0.001831
-0.002319
-0.000854
-0.002075
-0.002197
-0.002075
-0.001221
-0.002319
-0.002563
-0.001099
-0.002686
-0.000854
-0.001587
-0.002930
-0.000854
-0.002197
-0.001953
-0.001221
-0.001465
-0.001099
-0.001587
-0.001709
-0.001587
-0.001587
-0.001831
-0.001099
-0.000977
-0.002319
-0.002075
-0.001709
-0.001709
-0.000732
-0.001953
-0.001099
-0.001831
-0.001343
-0.000854
-0.002075
-0.000488
-0.000610
-0.001709
-0.001221
-0.002075
-0.002197
-0.002197
-0.002197
-0.000854
-0.000977
-0.001709
-0.001221
-0.001709
-0.001831
-0.001221
-0.002319
-0.002319
-0.001709
-0.001953
-0.001587
-0.001587
-0.001953
-0.000488
-0.002197
-0.000122
-0.001465
0.000000
-0.001709
-0.000854
-0.001343
-0.002075
-0.000610
-0.001831
-0.000854
-0.001953
-0.001343
-0.001587
-0.001953
-0.000488
-0.002075
-0.002441
-0.001099
-0.000977
-0.001709
-0.002563
-0.001709
-0.002075
-0.001709
-0.001709
-0.001831
-0.003052
-0.001709
-0.003174
-0.000854
-0.001831
-0.001587
-0.000732
-0.001343
-0.002197
-0.002563
-0.001587
-0.001099
-0.001953
-0.001587
-0.001343
-0.000854
-0.001099
-0.002686
-0.001099
-0.001465
-0.001953
-0.001709
-0.001221
-0.001465
-0.001587
-0.000854
-0.002563
-0.001587
-0.001831
-0.001953
-0.002319
-0.001343
-0.002197
-0.001343
-0.001709
-0.001221
-0.000610
-0.002319
-0.001465
-0.002686
-0.002563
-0.000854
-0.000610
-0.001221
-0.000977
-0.002441
-0.001709
-0.000732
-0.002319
-0.000854
-0.002075
-0.002441
-0.001343
-0.001953
-0.000854
-0.002075
-0.002441
-0.001343
-0.000366
-0.001221
-0.001953
-0.000854
-0.002441
-0.001587
-0.001221
-0.002075
-0.001099
-0.001465
-0.002197
-0.002075
-0.001221
-0.001709
-0.002197
-0.002441
-0.002563
-0.001709
-0.001343
-0.001709
-0.002441
-0.001343
-0.002197
-0.002563
-0.001343
-0.003418
-0.002075
-0.001709
-0.001465
-0.001587
-0.002563
-0.001587
-0.002075
-0.001343
-0.000732
-0.001221
-0.001465
-0.002686
-0.002075
-0.003052
-0.002319
0.000122
-0.001709
-0.002075
-0.001587
-0.002563
-0.001587
-0.002563
-0.001221
-0.002197
-0.002197
-0.001709
-0.002686
-0.002441
-0.001709
-0.002441
-0.002563
-0.002563
-0.001343
-0.001343
-0.001099
-0.001465
-0.002686
-0.000854
-0.001831
-0.001953
-0.001709
-0.001221
-0.001099
-0.002319
-0.001587
-0.000732
-0.002075
-0.001343
-0.001587
-0.001587
-0.001343
-0.002808
-0.001343
-0.002686
-0.001465
-0.002075
-0.002808
-0.001953
-0.001709
-0.000366
-0.001831
-0.002075
-0.001953
-0.001953
-0.001953
-0.002197
-0.001221
-0.000854
-0.002563
-0.002075
-0.001953
-0.002563
-0.000854
-0.001221
-0.001831
-0.002441
-0.002075
-0.002319
-0.001709
-0.001709
-0.001099
-0.001831
-0.003052
-0.001465
-0.001221
-0.001709
-0.001587
-0.001587
-0.002319
-0.002563
-0.002075
-0.002319
-0.001709
-0.001343
-0.001953
-0.002930
-0.000488
-0.002319
-0.002197
-0.002930
-0.002319
-0.001953
-0.001465
-0.001831
-0.001953
-0.001221
-0.001953
-0.001709
-0.000732
-0.000610
-0.002930
-0.001099
-0.001831
-0.002319
-0.001709
-0.003174
-0.002930
-0.001221
-0.001953
-0.000854
-0.001465
-0.001709
-0.001831
-0.002441
-0.002197
-0.000610
-0.003174
-0.001099
-0.002441
-0.002197
-0.001221
-0.001953
-0.001953
-0.001709
-0.001831
-0.001343
-0.001831
-0.002441
-0.001709
-0.001709
-0.001709
-0.001709
-0.002808
-0.001465
-0.002930
-0.002197
-0.002441
-0.002075
-0.001465
-0.001953
-0.002197
-0.001587
-0.002686
-0.002197
-0.002319
-0.002197
-0.001587
-0.001709
-0.001221
-0.001831
-0.002563
-0.001343
-0.002319
-0.001709
-0.002441
-0.000854
-0.002319
-0.001587
-0.001953
-0.002075
-0.002197
-0.001099
-0.002075
-0.000732
-0.002319
-0.001343
-0.002197
-0.001709
-0.001709
-0.002319
-0.001099
0.000488
0.000244
-0.001587
-0.002441
-0.002197
-0.001709
-0.002319
-0.002930
-0.002197
-0.002563
-0.001709
-0.001587
-0.002075
-0.002930
-0.001587
-0.001831
-0.001709
-0.000977
-0.001831
-0.001221
-0.001465
-0.002075
-0.003296
-0.001343
-0.001465
-0.002197
-0.001343
-0.003052
-0.001099
-0.001831
-0.002319
-0.001709
-0.002563
-0.002563
-0.001709
-0.001343
-0.001587
-0.001221
-0.001343
-0.001465
-0.001953
-0.002075
-0.002319
0.000000
-0.001709
-0.002319
-0.002319
-0.002197
-0.002319
-0.001709
-0.001099
-0.002075
-0.002441
-0.000854
-0.002197
-0.001709
-0.000122
-0.002930
-0.002075
-0.002075
-0.002808
-0.002075
-0.002197
-0.001221
-0.001099
-0.003418
-0.002075
-0.000854
-0.003540
-0.001465
-0.001953
-0.001587
-0.001587
-0.002197
-0.002075
-0.001709
-0.001709
-0.002319
-0.002563
-0.002319
-0.001709
-0.001587
-0.001953
-0.001587
-0.001709
-0.001343
-0.000732
-0.002075
-0.002930
-0.001709
-0.001221
-0.002075
-0.002075
-0.001587
-0.001465
-0.001831
-0.001709
-0.000854
-0.000732
-0.000977
-0.001221
-0.001587
-0.002441
-0.002197
-0.001709
-0.001465
-0.001587
-0.002197
-0.002563
-0.001709
-0.001953
-0.002319
-0.001709
-0.000977
-0.001587
-0.002075
-0.001953
-0.001221
-0.001099
-0.001343
-0.001343
-0.001587
-0.002319
-0.002808
-0.001953
-0.001099
-0.001953
-0.002563
-0.001587
-0.000732
-0.002319
-0.001953
-0.002075
-0.002075
-0.001221
-0.002319
-0.002563
-0.000854
-0.002563
-0.001587
-0.001587
-0.000977
-0.001221
-0.001953
-0.002563
-0.002319
-0.000610
-0.002197
-0.001953
-0.002441
-0.002563
-0.001587
-0.001587
-0.001099
-0.000854
-0.001953
-0.002319
-0.001587
-0.001587
-0.002075
-0.001099
-0.002441
-0.001465
-0.001221
-0.001831
-0.001587
-0.003296
-0.002441
-0.001709
-0.000977
-0.001587
-0.001099
-0.000610
-0.002075
-0.002075
-0.002563
-0.001709
-0.001465
-0.001831
-0.001709
-0.000122
-0.001953
-0.002197
-0.000732
-0.000977
-0.001099
-0.002319
-0.002197
-0.000854
-0.002808
-0.002319
-0.001709
-0.001953
-0.001221
-0.002197
-0.002075
-0.001343
-0.000854
-0.001831
-0.002563
-0.001587
-0.002197
-0.002441
-0.002075
-0.001709
-0.001587
-0.002319
-0.002563
-0.000488
-0.001831
-0.001709
-0.001953
-0.002075
-0.001587
-0.002441
-0.001709
-0.001099
-0.002319
-0.001709
-0.002686
-0.003296
-0.000854
-0.002075
-0.001709
-0.000488
-0.000732
-0.002441
-0.002197
-0.001587
-0.001587
-0.003296
-0.002075
-0.003662
-0.000977
-0.000854
-0.002441
-0.000244
-0.002319
-0.002930
-0.002319
-0.002197
-0.002075
-0.002197
-0.001587
-0.002075
-0.001587
-0.001221
-0.000977
-0.001099
-0.003174
-0.000854
-0.001099
-0.001953
-0.001709
-0.002563
-0.001709
-0.000977
-0.001831
-0.000610
-0.003052
-0.001099
-0.001465
-0.001221
-0.001831
-0.001953
-0.002808
-0.000732
-0.001465
-0.001831
-0.002075
-0.001709
-0.002441
-0.002075
-0.002441
-0.001099
-0.001831
-0.001465
-0.001953
-0.002197
-0.001587
-0.001709
-0.002563
-0.000854
-0.000732
-0.001465
-0.001465
-0.002319
-0.001587
-0.001831
-0.001709
-0.002441
-0.001465
-0.002197
-0.001953
-0.002808
-0.002441
-0.000732
-0.002197
-0.001587
-0.002075
-0.002563
-0.000488
-0.001343
-0.001099
-0.000977
-0.002197
-0.001221
-0.001099
-0.001709
-0.002808
-0.001343
-0.001831
-0.002441
-0.001587
-0.000977
-0.002319
-0.001099
-0.003052
-0.001709
-0.001221
-0.002197
-0.002441
-0.001587
-0.001953
-0.001343
-0.002930
-0.001953
-0.001709
-0.002319
-0.002075
-0.001709
-0.001953
-0.001587
-0.001343
-0.001587
-0.000488
-0.001221
-0.001709
-0.002319
-0.001587
-0.002563
-0.001587
-0.000732
-0.002930
-0.001953
-0.000244
-0.002563
-0.000854
-0.001343
-0.001953
-0.001099
-0.002197
-0.001099
-0.002075
-0.002075
-0.000244
-0.001831
-0.002563
-0.000854
-0.001831
-0.001587
-0.001343
-0.001953
-0.002197
-0.001343
-0.001709
-0.000854
-0.001221
-0.001587
-0.001221
-0.002808
-0.001587
-0.001099
-0.000732
-0.000488
-0.001343
-0.001953
-0.001953
-0.000244
-0.001099
-0.001587
-0.001221
-0.002441
-0.002808
-0.001221
-0.001587
-0.001709
-0.001465
-0.001831
-0.001953
-0.002563
-0.001221
-0.001221
-0.001099
-0.001343
-0.000977
-0.001221
-0.001709
-0.002441
-0.001709
-0.002075
-0.002197
-0.001465
-0.001953
-0.001099
-0.001099
-0.001709
-0.002075
-0.001465
-0.000610
-0.001221
-0.002563
-0.001465
-0.001709
-0.001831
-0.001587
-0.001099
-0.000732
-0.000732
-0.001221
-0.000977
-0.001587
-0.002808
-0.002808
-0.001221
-0.001099
-0.002808
-0.000854
-0.001099
-0.001343
-0.002686
-0.001587
-0.001221
-0.001709
-0.000244
-0.002197
-0.001709
-0.000244
-0.001099
-0.002075
-0.001099
-0.002686
-0.000366
-0.001465
-0.002075
-0.001343
-0.000977
-0.001831
-0.001343
-0.003174
-0.001465
-0.000122
-0.001099
-0.001709
-0.001343
-0.001709
-0.000977
-0.001465
-0.001343
-0.002197
-0.002441
-0.001221
-0.001831
-0.001709
-0.001465
-0.002686
-0.001709
-0.001587
-0.002319
-0.000122
-0.001831
-0.001587
-0.000244
-0.002563
-0.001343
-0.001465
-0.002808
-0.002441
-0.001465
-0.001221
-0.002686
-0.001709
-0.002197
-0.001221
-0.001587
-0.002075
0.000122
-0.001221
-0.001953
-0.001587
-0.002319
-0.001343
-0.001465
-0.002441
-0.000854
-0.001831
-0.001343
-0.002197
-0.002075
-0.001099
-0.002686
-0.000122
-0.000977
-0.001587
-0.001587
-0.000366
-0.002808
-0.002197
-0.000732
-0.001465
-0.001465
-0.001587
-0.001831
-0.002563
-0.001465
-0.003052
-0.003052
-0.001709
-0.001465
-0.001465
-0.002686
-0.002075
-0.002319
-0.001587
-0.001465
-0.000610
-0.002319
-0.001587
-0.001221
-0.002930
-0.001953
-0.002808
-0.001953
-0.001953
-0.001221
-0.001587
-0.002075
-0.001709
-0.001831
-0.001709
-0.001587
-0.001343
-0.000854
-0.002686
-0.000854
-0.001709
-0.001465
-0.001099
-0.000854
-0.002930
-0.002197
-0.002197
-0.002319
-0.001343
-0.002197
-0.001709
-0.001709
-0.001709
-0.001953
-0.002808
-0.000732
-0.001221
-0.003784
-0.002563
-0.001709
-0.000854
-0.000977
-0.002808
-0.002319
-0.001099
-0.001221
-0.000244
-0.002197
-0.001953
-0.001587
-0.001587
-0.001709
-0.001221
-0.001587
-0.001831
-0.001221
-0.002075
-0.000244
-0.001709
-0.000977
-0.001465
-0.001709
-0.002441
-0.002563
-0.001221
-0.000366
-0.001587
-0.001953
-0.001343
-0.002075
-0.001465
-0.001099
-0.002319
-0.001099
-0.000732
-0.001221
-0.001465
-0.001099
-0.001221
-0.001221
-0.001831
-0.000854
-0.002808
-0.001709
-0.002563
-0.002563
-0.000854
-0.002930
-0.001709
-0.001099
-0.002686
-0.002563
-0.002075
-0.002197
-0.002075
-0.002075
-0.001709
-0.002441
-0.001221
-0.001465
-0.002319
-0.001221
-0.001221
-0.000977
-0.000977
-0.001953
-0.002319
-0.002197
-0.000366
-0.002319
-0.000854
-0.000854
-0.001709
0.000000
-0.001465
-0.001465
-0.001221
-0.001221
-0.001953
-0.001465
-0.001099
-0.001831
-0.001953
-0.001343
-0.001465
-0.001709
-0.001587
-0.002319
-0.002441
-0.002197
-0.001221
-0.002197
-0.001709
-0.001221
-0.002197
-0.001099
-0.001587
-0.001465
-0.001343
-0.001953
-0.001953
-0.002563
-0.002319
-0.002319
-0.001099
-0.000488
-0.001953
-0.001709
-0.000854
-0.001343
-0.001343
-0.001831
-0.001343
-0.001587
-0.002075
-0.001709
-0.001221
-0.002930
-0.002197
-0.001465
-0.000977
-0.002319
-0.002075
-0.001221
-0.001831
-0.000854
-0.001831
-0.002075
-0.001953
-0.002319
-0.001465
-0.002563
-0.001709
-0.000488
-0.001221
-0.002563
-0.002197
-0.001587
-0.001587
-0.001587
-0.002808
-0.001099
-0.002197
-0.002563
-0.001099
-0.001343
-0.001343
-0.001343
-0.001099
-0.002075
-0.002563
-0.002075
-0.002197
-0.001465
-0.001099
-0.001709
-0.001221
-0.000732
-0.001587
-0.002686
-0.000732
-0.002808
-0.002197
-0.000854
-0.001587
-0.002197
-0.001221
-0.001099
-0.001465
-0.001465
-0.002075
-0.001343
-0.001587
-0.002319
-0.000854
-0.000977
-0.001709
-0.001221
-0.001587
-0.001465
-0.001587
-0.002319
-0.000488
-0.001709
-0.001709
-0.001831
-0.001587
-0.002563
-0.001465
-0.001831
-0.000854
-0.000977
-0.000977
-0.001343
-0.001953
-0.001587
-0.000977
-0.001587
-0.001465
-0.000366
-0.001343
-0.000732
-0.000122
-0.002075
-0.002808
0.000000
-0.001465
-0.001831
-0.000122
-0.001099
-0.001465
-0.001709
-0.001953
-0.000854
-0.002197
-0.001221
-0.001831
-0.002319
-0.002319
-0.001465
-0.001953
-0.001465
-0.001709
-0.000977
0.000000
-0.001831
-0.001587
-0.000732
-0.001953
-0.001221
-0.002075
-0.001587
-0.001343
-0.000366
-0.001221
-0.001953
-0.002075
-0.001709
-0.001343
-0.001221
-0.002930
-0.001709
-0.002075
-0.001587
-0.000732
-0.000732
-0.002930
-0.002197
-0.001465
-0.001587
-0.001099
-0.000610
-0.002441
-0.001709
-0.001587
-0.001343
-0.001587
-0.001099
-0.002930
-0.001709
-0.001343
-0.002319
-0.000366
-0.001587
-0.001953
-0.002563
-0.001953
-0.000366
-0.002563
-0.002197
-0.002319
-0.002808
-0.001099
0.000000
-0.001343
-0.001221
-0.002319
-0.001587
-0.001953
-0.001099
-0.001465
-0.001465
-0.001343
-0.001221
-0.001465
-0.001343
-0.002319
-0.001099
-0.001221
-0.001953
-0.001709
-0.001587
-0.000488
-0.000244
-0.000732
-0.002197
-0.002075
-0.001221
-0.001587
-0.002075
-0.001709
-0.001343
-0.002319
-0.001221
-0.002075
-0.001465
-0.001343
-0.001587
-0.001831
-0.001709
-0.001221
-0.001343
-0.001953
-0.001343
-0.002197
-0.002563
-0.001465
-0.001343
-0.001587
-0.000488
-0.001221
-0.000488
-0.001587
-0.001953
-0.002075
-0.001953
-0.002441
-0.000488
-0.001953
-0.000366
-0.000610
-0.001221
-0.001343
-0.000610
-0.000732
-0.001953
-0.001587
-0.001465
-0.001587
-0.000977
-0.001709
-0.001587
-0.001953
-0.002808
-0.001587
-0.003052
-0.000854
0.000244
-0.000854
-0.001587
-0.001831
-0.002808
-0.000366
-0.001099
-0.002197
-0.002075
-0.000854
-0.000732
-0.001709
-0.000854
-0.001343
-0.001465
-0.001221
-0.001343
0.000000
-0.001221
-0.002441
-0.001953
-0.000488
-0.001831
-0.001709
-0.001953
-0.001465
-0.001099
-0.001221
-0.001221
-0.001587
-0.002075
-0.001953
-0.000244
-0.001831
-0.001587
-0.002441
-0.003052
-0.000854
-0.000977
-0.001953
-0.000854
-0.001099
-0.002075
-0.002319
-0.001709
-0.001221
-0.001587
-0.000854
-0.001953
-0.001587
-0.002197
-0.002319
-0.000610
-0.002075
-0.001953
-0.001221
-0.001465
-0.000610
-0.001465
-0.001465
-0.001343
-0.000977
-0.001343
-0.000732
-0.001343
-0.001343
-0.001221
-0.001587
-0.001343
-0.001465
-0.001465
-0.001953
-0.001709
-0.001709
-0.002563
-0.000854
-0.001343
-0.001343
-0.001465
-0.001831
-0.001221
-0.001465
-0.000732
-0.001953
-0.001099
-0.001099
-0.001221
-0.000488
-0.002075
-0.001709
-0.001587
-0.001953
-0.001099
-0.001343
-0.000366
-0.000977
-0.001831
-0.001587
-0.000977
-0.001221
-0.002197
-0.001343
-0.000732
-0.002319
-0.002563
-0.000854
-0.000244
-0.001343
-0.001465
-0.001221
-0.001709
-0.001831
-0.001465
-0.002197
-0.000732
-0.001953
-0.002930
-0.001099
-0.001343
-0.001709
-0.000854
-0.001221
-0.001831
-0.002441
-0.001465
-0.001221
-0.001953
-0.002075
-0.001587
-0.001465
-0.002441
-0.002441
-0.001587
-0.001831
-0.001221
-0.001709
-0.000977
-0.000732
-0.002075
0.000000
-0.001221
-0.001221
-0.001953
-0.001709
-0.000488
-0.002075
-0.002441
-0.000488
-0.001221
-0.002075
-0.001343
-0.002197
-0.001221
-0.001953
-0.002930
-0.002563
-0.001953
-0.002563
-0.003296
-0.000854
-0.002319
-0.001709
-0.002808
-0.001465
-0.001465
-0.001953
-0.000854
-0.002686
-0.001465
-0.001709
-0.001221
-0.001953
-0.001587
-0.001831
-0.001465
-0.001465
0.000122
-0.001587
-0.001099
0.000122
-0.002441
0.000122
-0.002319
-0.001953
-0.001465
-0.002319
-0.001221
-0.000977
-0.002808
-0.001709
-0.000732
-0.002563
-0.001953
-0.002441
-0.001709
-0.002197
-0.001587
-0.001709
-0.002197
-0.002075
-0.000854
-0.001953
-0.002563
0.000000
0.000366
-0.001709
-0.002808
0.000122
-0.000122
-0.001099
-0.000610
-0.001953
-0.001465
-0.001587
-0.002197
-0.000854
-0.000488
-0.001709
-0.001709
-0.001099
-0.001709
-0.002075
-0.001343
-0.001709
-0.000854
-0.000732
-0.002075
-0.000854
-0.001465
-0.001953
-0.001465
-0.000732
-0.000732
-0.000977
-0.001709
-0.001709
-0.001343
-0.002808
-0.001465
-0.001221
-0.001099
-0.001953
-0.001709
-0.001709
-0.002197
-0.001953
-0.001221
-0.001709
-0.000610
-0.001587
-0.001831
-0.002319
-0.001465
-0.000244
-0.000732
-0.000854
-0.001465
-0.001221
-0.000977
-0.001587
-0.002075
-0.001953
-0.001465
-0.002319
-0.001465
-0.001709
-0.001099
-0.001831
-0.001465
-0.000977
-0.002075
-0.001709
-0.000854
-0.001709
-0.001831
-0.001221
-0.001221
-0.000610
0.000000
-0.003418
-0.001709
-0.000610
-0.001831
-0.001343
-0.002197
-0.002441
-0.001465
-0.002686
-0.001953
-0.001221
-0.002197
-0.001587
-0.000977
-0.001465
-0.002075
-0.002197
-0.000488
-0.001221
-0.001099
-0.001099
-0.001465
-0.001465
-0.002075
-0.000854
-0.001343
-0.001465
-0.001099
-0.001831
-0.001709
-0.001709
-0.000854
-0.000854
-0.000854
-0.001343
-0.000977
-0.001587
-0.001221
-0.001709
-0.001587
-0.000732
-0.001465
-0.001221
-0.002197
-0.001343
-0.001465
-0.002197
-0.001221
-0.001709
-0.002319
-0.002197
-0.001953
-0.000854
-0.002319
-0.001709
-0.001709
-0.002319
-0.000854
-0.001709
-0.000488
-0.001953
-0.002563
-0.001709
-0.000732
-0.001831
-0.002319
-0.000854
-0.001099
-0.001709
-0.001221
-0.001587
-0.000732
-0.000977
-0.001709
-0.001587
-0.001343
-0.001221
-0.001587
-0.001099
-0.001587
-0.000610
-0.001465
-0.002563
-0.001587
-0.001831
-0.000854
-0.000244
-0.002197
-0.002563
-0.000244
-0.001587
-0.002319
-0.001587
-0.001343
-0.001343
-0.001221
-0.001831
-0.002319
-0.000854
-0.001343
-0.001831
-0.002319
-0.000854
-0.001831
-0.000854
-0.001221
-0.001831
-0.001587
-0.000977
-0.001221
-0.001831
-0.001587
-0.002808
-0.001221
-0.000854
-0.000488
-0.001831
-0.001587
-0.001221
-0.002319
-0.001099
-0.000977
-0.002563
-0.002075
-0.000488
-0.002075
-0.001099
-0.000732
-0.002563
-0.001099
-0.000854
-0.001099
-0.000977
-0.001709
-0.002319
-0.001221
-0.002197
-0.002075
-0.002197
-0.001465
-0.000732
-0.001831
-0.001099
-0.001587
-0.002075
-0.001709
-0.001099
-0.000488
-0.000732
-0.001953
-0.001709
-0.001343
-0.001587
-0.001221
-0.001831
-0.001709
-0.001709
-0.001221
-0.002075
-0.001587
-0.001221
-0.001099
-0.001343
-0.001465
-0.001953
-0.000854
-0.001343
-0.002441
-0.001465
-0.001099
-0.000488
-0.001465
-0.000488
-0.000610
-0.001709
-0.002197
-0.002075
-0.001953
-0.002075
-0.001343
-0.002808
-0.001709
-0.001221
-0.000977
-0.001709
-0.001587
-0.001099
-0.001709
-0.001587
-0.002441
-0.000732
-0.001343
-0.002197
-0.000366
-0.000122
-0.001587
-0.000488
-0.002075
-0.002319
-0.001465
-0.001831
-0.001587
-0.001831
-0.001709
-0.001587
-0.001343
-0.000732
-0.001343
-0.001343
-0.001099
-0.001953
-0.001343
-0.001709
-0.000977
-0.001953
-0.001221
-0.002075
-0.002319
-0.002197
-0.001221
-0.000610
-0.001465
-0.001343
-0.001343
-0.001343
-0.000977
-0.002319
-0.001709
-0.001099
-0.001831
-0.001221
-0.000977
-0.001709
-0.001221
-0.002441
-0.000854
-0.001953
-0.000732
-0.001099
-0.002319
-0.001465
-0.000977
-0.001343
-0.001221
-0.001709
-0.000732
-0.001221
-0.001953
-0.000854
-0.001465
-0.001221
-0.000977
-0.001465
-0.000977
-0.002319
-0.001221
-0.000732
-0.001587
-0.001343
-0.002075
-0.002197
-0.001099
-0.000977
-0.000977
-0.001465
-0.002197
-0.002197
-0.002319
-0.001709
-0.001709
-0.001099
-0.001831
-0.001221
-0.000488
-0.001465
-0.000732
-0.001953
-0.001709
-0.001099
-0.000610
-0.001343
-0.001221
-0.001221
-0.001221
-0.001221
-0.001465
-0.001831
-0.002075
-0.001709
-0.000854
-0.001831
-0.001465
-0.001221
-0.000977
-0.000488
-0.000977
-0.001709
-0.002441
-0.002441
-0.002441
-0.000610
-0.000732
-0.000732
-0.000488
-0.002197
-0.001587
-0.002075
-0.002808
-0.002197
-0.002441
-0.001587
-0.001587
-0.001953
0.000488
-0.001709
-0.003418
-0.002319
-0.001953
-0.000732
-0.001953
-0.001465
-0.001343
-0.002197
-0.001343
-0.001099
-0.002075
-0.001953
-0.002441
-0.001343
-0.001099
-0.001709
-0.001587
-0.003052
-0.001099
-0.001587
-0.001587
0.000366
-0.001953
-0.002563
-0.002563
-0.001343
-0.001099
-0.000244
-0.000610
-0.001099
-0.001953
-0.000610
-0.001465
-0.000366
-0.001221
-0.002075
-0.001343
-0.001343
-0.002319
-0.001221
-0.000610
-0.002075
-0.001221
-0.003052
-0.001465
-0.001831
-0.001709
-0.001221
-0.000977
-0.001343
-0.001831
-0.001709
-0.001465
-0.001831
-0.001587
-0.000854
-0.001953
-0.002441
0.000000
-0.001709
-0.001099
-0.000366
-0.000854
-0.001343
-0.002563
-0.002441
-0.001709
-0.001709
-0.001953
-0.001221
-0.001709
-0.001831
-0.002319
-0.001343
-0.001831
-0.001709
-0.001465
-0.002197
-0.001953
-0.001099
-0.002441
-0.001587
-0.002441
-0.000854
-0.000366
-0.001343
-0.000977
-0.000732
-0.001587
-0.001953
-0.001343
-0.000244
-0.000122
-0.001343
-0.000366
-0.002075
-0.001587
-0.000610
-0.002441
-0.002197
-0.001587
-0.002197
-0.002808
-0.001587
-0.001709
-0.000854
-0.001953
-0.001709
-0.002197
-0.001709
-0.001465
-0.001709
-0.001343
-0.000854
-0.002808
-0.001709
-0.001709
-0.001099
-0.001831
-0.001587
-0.001221
-0.002319
-0.001587
-0.001709
-0.002686
-0.000854
-0.000854
-0.000977
-0.001953
-0.002930
-0.002930
-0.000854
-0.001709
-0.002441
-0.000732
-0.000977
-0.001831
-0.001709
-0.001221
-0.001465
-0.001831
-0.000366
-0.002075
-0.002319
-0.001221
-0.001343
-0.002563
-0.002319
-0.001343
-0.002563
-0.002075
-0.002075
-0.000854
-0.001587
-0.000854
-0.001099
-0.002075
-0.001709
-0.001343
-0.001953
-0.001221
-0.001587
-0.000854
-0.001465
-0.001099
-0.002441
-0.001953
-0.000732
-0.002563
-0.001709
-0.001709
-0.001709
-0.001709
-0.001709
-0.001587
-0.001221
-0.000732
-0.001343
-0.002197
-0.001099
-0.000854
-0.001587
-0.001709
-0.001709
-0.001221
-0.000854
-0.000732
-0.001831
-0.001953
-0.000732
-0.002197
-0.002197
-0.001465
-0.000854
-0.001587
-0.002563
-0.001587
-0.002197
-0.002075
-0.001709
-0.000732
-0.001587
-0.001831
-0.001587
-0.001343
-0.000244
-0.001709
-0.001465
-0.000854
-0.001587
-0.000854
-0.000977
-0.001831
-0.001465
-0.001099
-0.001465
-0.001709
-0.001587
-0.000732
-0.001831
-0.001953
-0.001465
-0.001587
-0.001831
-0.001587
-0.001587
-0.002319
-0.001953
-0.001709
-0.001831
-0.001709
-0.000854
-0.001831
-0.001587
-0.001343
-0.002441
-0.002563
-0.001465
-0.001831
-0.001709
-0.001709
-0.001465
-0.002563
-0.001465
-0.002441
-0.001709
-0.001587
-0.002563
-0.000732
-0.002075
-0.000854
-0.001099
-0.001221
-0.000122
-0.001465
-0.001343
-0.001343
-0.000488
-0.001099
-0.001465
-0.001953
-0.001343
-0.000977
-0.001099
-0.001343
-0.002075
-0.001099
-0.001099
-0.002441
-0.002930
-0.001709
-0.001343
-0.000977
-0.000977
-0.001953
-0.001221
-0.002075
-0.002319
-0.002197
-0.001465
-0.000732
-0.000977
-0.002197
0.001099
-0.001465
-0.000366
-0.002319
-0.002441
-0.001709
-0.001709
-0.001709
-0.001953
-0.000854
-0.003906
-0.002930
-0.000854
-0.003052
-0.002319
-0.001587
-0.001587
-0.002197
-0.002075
-0.000854
-0.001709
-0.001953
-0.001709
-0.001587
-0.001343
-0.002197
-0.002197
-0.001343
-0.002075
-0.000854
-0.000366
-0.001221
-0.000122
-0.001953
-0.001709
0.000244
-0.002563
-0.001709
-0.000366
-0.002930
-0.001099
-0.002319
-0.001221
-0.001587
-0.001465
-0.001465
-0.002075
-0.001587
-0.001709
-0.002563
-0.001587
-0.000732
-0.000977
-0.000244
-0.001343
-0.001953
-0.001587
-0.001221
-0.002319
-0.000366
-0.001221
-0.001587
-0.001831
-0.001343
0.000366
-0.001587
-0.001465
-0.001465
-0.000854
-0.002075
-0.001709
-0.001465
-0.001221
-0.001587
-0.000977
-0.001465
-0.000610
-0.000488
-0.002441
-0.002319
-0.000854
-0.001465
-0.001831
-0.002075
-0.002075
-0.001465
-0.000488
-0.000366
-0.000854
-0.001221
-0.001831
-0.001709
-0.001709
-0.001587
-0.000732
-0.002319
-0.002197
-0.001099
-0.002319
-0.001465
-0.001221
-0.002319
-0.001953
-0.001709
-0.000610
-0.001099
-0.001709
-0.001099
-0.001831
-0.001343
-0.001343
-0.002197
-0.001709
-0.001343
-0.001709
-0.000488
-0.001465
-0.001465
-0.002686
-0.001221
-0.001831
-0.002319
-0.001953
-0.003418
-0.001709
-0.001709
-0.001831
-0.000854
-0.003662
-0.001831
-0.001465
-0.002075
-0.002197
-0.002197
-0.001709
-0.001953
-0.001465
-0.002319
-0.001343
-0.001465
-0.001099
-0.001709
-0.001465
-0.000244
-0.002075
-0.001953
-0.002075
-0.001221
-0.001831
-0.001709
-0.000732
-0.001709
-0.001343
-0.001465
-0.001099
-0.001343
-0.001099
-0.001465
-0.002075
-0.001099
-0.001831
-0.001587
-0.002686
-0.001587
-0.001709
-0.002441
-0.001343
-0.001465
-0.000610
-0.001709
-0.001343
-0.001953
-0.002197
-0.001343
-0.001587
-0.001343
-0.001587
-0.001953
-0.001709
-0.002441
-0.000610
-0.001465
-0.002075
-0.001465
-0.001953
-0.001221
-0.001831
-0.001709
-0.001465
-0.001099
-0.001465
-0.001343
-0.001465
-0.000854
-0.001343
-0.000977
-0.001831
-0.001343
-0.002441
-0.001953
-0.001343
-0.002319
-0.003174
-0.000854
-0.000732
-0.000488
-0.001709
-0.002686
-0.002075
-0.002197
-0.001343
-0.001831
-0.001709
-0.001587
-0.001221
-0.000977
-0.001587
-0.002319
-0.001587
-0.001099
-0.001709
-0.001465
-0.000977
-0.001709
-0.000732
-0.001099
-0.000977
-0.001465
-0.001587
-0.002930
-0.002808
-0.000854
-0.001587
-0.000366
-0.000854
-0.001709
-0.001587
-0.001343
-0.001465
-0.000977
-0.000977
-0.001465
-0.001953
-0.000854
-0.001709
-0.001587
-0.000732
-0.000977
-0.001221
-0.001953
-0.001709
-0.000977
-0.002441
-0.001221
-0.000610
-0.002075
-0.000366
-0.001343
-0.001709
-0.002808
-0.001709
-0.001953
-0.001221
-0.000977
-0.002197
-0.000854
-0.001709
0.000000
-0.001099
-0.000732
-0.001221
-0.002930
-0.002075
-0.001099
-0.003052
-0.001465
-0.001587
-0.001343
-0.001587
-0.001099
-0.001953
-0.001465
-0.002441
-0.001587
-0.001343
-0.000732
-0.002319
-0.001465
-0.001221
-0.001465
-0.001465
-0.001953
-0.002441
-0.001709
-0.000854
-0.000610
-0.001587
-0.002686
-0.000854
-0.001709
-0.002686
-0.002319
-0.001343
0.000000
-0.003052
-0.002441
-0.001465
-0.000488
-0.000610
-0.002563
-0.001587
-0.001953
-0.001587
-0.002808
-0.000610
-0.001953
-0.002197
-0.000854
-0.001221
-0.002075
-0.002197
-0.001587
-0.001709
-0.002197
-0.002075
-0.002075
-0.002197
-0.002319
-0.001099
-0.001465
-0.002075
-0.001953
-0.002441
-0.001465
-0.001709
-0.001709
-0.000610
-0.001343
-0.000732
-0.001099
-0.001343
-0.001587
-0.001465
-0.000977
-0.002075
-0.002075
-0.001343
-0.000977
-0.001831
-0.002563
-0.001709
-0.002075
-0.000854
-0.001709
-0.000854
-0.001587
-0.000854
-0.000854
-0.002075
-0.001953
-0.001343
-0.001831
-0.000854
-0.002319
-0.001343
-0.001587
-0.001953
-0.001709
-0.001953
-0.002441
-0.000854
-0.000610
-0.001099
-0.000977
-0.002319
-0.000854
-0.002441
-0.002075
-0.001587
-0.001343
-0.001099
-0.001953
-0.000732
-0.002563
-0.001953
-0.001465
-0.001831
-0.001709
-0.001587
-0.000977
-0.002197
-0.002075
-0.000732
-0.001831
-0.001465
-0.001099
-0.001099
-0.002197
-0.000732
-0.000610
-0.002075
-0.001099
-0.001465
-0.001465
-0.001465
-0.001587
-0.001831
-0.002808
-0.002441
-0.000854
-0.001099
-0.001953
-0.001587
-0.002930
-0.001709
-0.001709
-0.002197
-0.001709
-0.001343
-0.001465
-0.001465
-0.000732
-0.001099
-0.002319
-0.001709
-0.001709
-0.001831
-0.001465
-0.002319
-0.001953
-0.000854
-0.002197
-0.001221
-0.000732
-0.002319
-0.002563
-0.000854
-0.001099
-0.003052
-0.000854
-0.001709
-0.002319
-0.001587
-0.001709
-0.000977
-0.001709
-0.000732
-0.002075
-0.000488
-0.001587
-0.001831
-0.001953
-0.001953
-0.000488
-0.002319
-0.001709
-0.000732
-0.000854
-0.001709
-0.000732
-0.002075
-0.001343
-0.002075
-0.001465
-0.000854
-0.001709
-0.001099
-0.001221
-0.001831
-0.001587
-0.001465
-0.002197
-0.001465
-0.001709
-0.002075
-0.001709
-0.001465
-0.001343
-0.001709
-0.001953
-0.002563
-0.001343
-0.001465
-0.001465
-0.002075
-0.002197
-0.001221
-0.001953
-0.002197
-0.002075
-0.001709
-0.001343
-0.001831
-0.000366
-0.001953
-0.002930
-0.001953
-0.002197
-0.002441
-0.002075
-0.001465
-0.001465
-0.002075
-0.002563
-0.001953
-0.001587
-0.000488
-0.001221
-0.001709
-0.000977
-0.000366
-0.002319
-0.001465
-0.000977
-0.000366
-0.001953
-0.002197
-0.001587
-0.002075
-0.002197
-0.001465
-0.001587
-0.002197
-0.002441
-0.002563
-0.002441
-0.001099
-0.001953
-0.000854
-0.002686
-0.002197
-0.001953
-0.001709
-0.000366
-0.001709
-0.001709
-0.000610
-0.000854
-0.002075
-0.001221
-0.000854
-0.001709
-0.001099
-0.001343
-0.000488
-0.001099
-0.002075
-0.001709
-0.002075
-0.000854
-0.002808
-0.002808
-0.001953
-0.001709
-0.000366
-0.001587
-0.001831
-0.002319
-0.002563
-0.001221
-0.001221
-0.001099
-0.001221
-0.000854
-0.002319
-0.002319
-0.001343
-0.001221
-0.001099
-0.000610
-0.001953
-0.001709
-0.003052
-0.001709
-0.002197
-0.001099
-0.001953
-0.001221
-0.002319
-0.000854
-0.001099
-0.001709
-0.001465
-0.002441
-0.002319
-0.002197
-0.001465
-0.001099
-0.000854
-0.002686
-0.000854
-0.001465
-0.002075
-0.001587
-0.001587
-0.001953
-0.001465
-0.000977
-0.002075
-0.002441
-0.001709
-0.002197
-0.001953
-0.001099
-0.001587
-0.002197
-0.001709
-0.001343
-0.001587
-0.001343
-0.001465
-0.002441
-0.001953
-0.000244
-0.001099
-0.001465
-0.001099
-0.000977
-0.001343
0.000366
-0.002808
-0.002075
-0.000854
-0.001587
-0.002075
-0.000854
-0.001953
-0.000854
-0.001953
-0.001709
-0.000488
-0.002563
-0.001465
-0.001587
-0.002319
-0.002563
-0.002197
-0.001709
-0.001465
-0.001587
-0.001709
-0.001099
-0.002930
-0.002563
-0.001099
-0.000977
-0.002075
-0.002197
-0.002197
-0.001587
-0.001099
-0.001099
-0.000854
-0.002197
-0.002319
-0.001465
-0.001953
-0.001709
-0.002075
-0.002075
-0.001343
-0.001953
-0.002563
-0.002075
-0.002075
-0.001953
-0.001709
-0.001953
-0.001343
-0.001465
-0.002319
-0.000244
-0.002197
-0.001221
-0.003052
-0.002441
-0.001465
-0.001099
-0.001465
-0.001465
-0.001831
-0.002197
-0.002075
-0.001465
-0.001465
-0.002197
-0.001465
-0.000732
-0.001465
-0.000977
-0.000488
-0.002075
-0.001343
-0.001465
-0.001587
-0.001099
-0.000732
-0.000610
-0.000977
-0.001587
-0.001465
-0.001709
-0.001709
-0.001709
-0.001465
-0.002319
-0.001587
-0.000244
-0.002075
-0.001709
-0.001831
-0.001221
-0.001099
-0.002075
-0.001099
-0.002686
-0.001099
-0.001953
-0.001587
-0.001587
-0.000366
-0.000854
-0.001831
-0.002075
-0.002563
-0.000854
-0.001587
-0.001587
-0.000610
-0.000244
-0.001587
-0.002808
-0.001099
-0.002686
-0.000854
-0.001343
-0.001221
-0.000854
-0.001831
-0.002075
-0.001587
-0.001343
-0.000732
-0.001221
-0.002686
-0.001221
-0.002319
-0.002197
-0.000854
-0.000854
-0.001099
-0.001587
-0.002441
-0.001465
-0.002075
-0.001587
-0.001831
-0.002197
-0.001587
-0.000977
-0.001343
-0.001831
-0.000610
-0.000732
-0.002197
-0.002441
-0.000244
-0.001709
-0.002563
-0.000854
-0.001099
-0.001587
-0.001343
-0.002930
-0.000854
-0.001587
-0.002563
-0.000854
-0.002319
-0.001221
-0.000366
-0.002075
-0.000854
-0.001221
-0.001221
-0.000244
-0.002686
-0.002563
-0.001465
-0.001953
-0.000854
-0.001343
-0.001587
-0.002197
-0.001343
-0.002319
-0.002563
-0.001221
-0.001709
-0.002197
-0.001709
-0.001831
-0.002808
-0.001465
-0.001709
-0.001831
-0.001099
-0.002686
-0.002197
-0.001343
-0.002808
-0.000854
-0.001343
-0.001953
0.000122
-0.001953
-0.001587
-0.002075
-0.001587
-0.001587
-0.002075
-0.000854
-0.002197
-0.001465
-0.000977
-0.001831
-0.001465
-0.001221
-0.002075
-0.002075
-0.001465
-0.001709
-0.000610
-0.000977
-0.002197
-0.000732
-0.001587
-0.001343
-0.001221
-0.001709
-0.001953
-0.001709
-0.001465
-0.002319
-0.001709
-0.001343
-0.001709
-0.000977
-0.002075
-0.001221
-0.001587
-0.001587
-0.000732
-0.002075
-0.002441
-0.001587
-0.002075
-0.001709
-0.001465
-0.002319
-0.001343
-0.002319
-0.001343
-0.002197
-0.002441
-0.001709
-0.003052
-0.001587
-0.001709
-0.002075
-0.000854
-0.001709
-0.001587
-0.000244
-0.002075
-0.001343
-0.002319
-0.001709
-0.001343
-0.001221
-0.001587
-0.001709
-0.001343
-0.001465
-0.002319
-0.003174
-0.000854
-0.001099
-0.001831
-0.001587
-0.001221
-0.001831
-0.001343
-0.001465
-0.002075
-0.001709
-0.002319
-0.001587
-0.001221
-0.001099
-0.000366
-0.001465
-0.002563
-0.000854
-0.001343
-0.001953
-0.001221
-0.000610
-0.002441
-0.002808
0.000122
-0.001587
-0.001831
-0.001221
-0.000732
-0.001953
-0.001953
-0.001221
-0.001465
-0.001099
-0.002930
-0.000732
-0.001587
-0.001709
-0.001099
0.000122
-0.000610
-0.001221
-0.001221
-0.001831
-0.002075
-0.001953
-0.001465
-0.000732
-0.002686
-0.002197
-0.002319
-0.002563
-0.002563
-0.002563
-0.001221
-0.002075
-0.000854
-0.000977
-0.001953
-0.001709
-0.001831
-0.000854
-0.001953
-0.001465
-0.000244
-0.001465
-0.001343
-0.000732
-0.001587
-0.000610
-0.001465
-0.000732
-0.002686
-0.001099
-0.000977
-0.000977
-0.002197
-0.001221
-0.001587
-0.002563
-0.001709
-0.000366
-0.001831
-0.002075
-0.001465
-0.002197
-0.001709
-0.001221
-0.001465
-0.000610
-0.000488
-0.002563
-0.001709
-0.000854
-0.000488
-0.001099
-0.002075
-0.001709
-0.002319
-0.002197
-0.000610
-0.000488
-0.001587
-0.002319
-0.001343
-0.000488
-0.001953
-0.000854
-0.002441
-0.001953
-0.002319
-0.001953
-0.001221
-0.001587
-0.000854
-0.002075
-0.000732
-0.001587
-0.001465
-0.000977
-0.000854
-0.001221
-0.000977
-0.001709
-0.001587
-0.002075
-0.002197
-0.000366
-0.001343
-0.001709
-0.001709
-0.002930
-0.001587
-0.003174
-0.001099
-0.001221
-0.001831
-0.001343
-0.002441
-0.001465
-0.001587
-0.001099
-0.001587
-0.002197
-0.000854
-0.001831
-0.001953
-0.000732
-0.001587
-0.000977
-0.001709
-0.000854
-0.002319
-0.001221
-0.002075
-0.001221
-0.000854
-0.000610
-0.001221
-0.002197
0.000000
-0.001709
-0.001709
-0.001953
-0.001709
0.001099
-0.001221
-0.001221
-0.000732
-0.000977
-0.000732
-0.001831
-0.001465
-0.002075
-0.001709
-0.001587
-0.001831
-0.001465
-0.002441
-0.001343
-0.000732
-0.000732
-0.001831
-0.000854
-0.002197
-0.001953
-0.001587
-0.001343
-0.001099
-0.002441
-0.001709
-0.001709
-0.001465
-0.001099
-0.001709
-0.001587
-0.000488
-0.001587
-0.002197
-0.002319
-0.001343
-0.000977
-0.001831
-0.000732
-0.001953
-0.002808
-0.001221
-0.001831
-0.001099
-0.001221
-0.001831
-0.002197
-0.001709
-0.001709
-0.001953
-0.002075
-0.002075
-0.001709
-0.001343
-0.001343
-0.001221
-0.001587
-0.002197
-0.001465
-0.001221
-0.000610
-0.001343
-0.001709
-0.000854
-0.001831
-0.001587
-0.000488
-0.002319
-0.002075
-0.001709
-0.001099
-0.001221
-0.000732
-0.001343
-0.001831
-0.001465
-0.001709
-0.001343
-0.002441
-0.001221
-0.000854
-0.001465
-0.001587
-0.000977
-0.001465
-0.002319
-0.000854
-0.001099
-0.001465
-0.002075
-0.000854
-0.001343
-0.001831
-0.001343
-0.001709
-0.000488
-0.001831
-0.000854
-0.001587
-0.001343
-0.000244
-0.002319
-0.002319
-0.002563
-0.001099
-0.001831
-0.001587
-0.001099
-0.001953
-0.001465
-0.001831
-0.002441
-0.002319
-0.001465
-0.001465
-0.002075
-0.002197
-0.000488
-0.001465
-0.001221
-0.000488
-0.000732
-0.001831
-0.001587
-0.001343
-0.001587
-0.000854
-0.000854
-0.000610
-0.001587
-0.001465
-0.001587
-0.002441
-0.002197
-0.001221
-0.001587
-0.001831
-0.001587
-0.001099
-0.001099
-0.001587
-0.000732
-0.001587
-0.001953
-0.002441
-0.001587
-0.001099
-0.001465
-0.002075
-0.001221
-0.001709
-0.001465
-0.001465
-0.000977
-0.001953
-0.001953
-0.001587
-0.001099
-0.001465
-0.000732
-0.002075
-0.002075
-0.000854
-0.001953
-0.001709
-0.000854
-0.001221
-0.000854
-0.002441
-0.001709
-0.001953
-0.000854
-0.000732
-0.001831
-0.001343
-0.001831
-0.001587
-0.001465
-0.001709
-0.002075
-0.002197
-0.001465
-0.001343
-0.001343
-0.000366
-0.001099
-0.001587
-0.002930
-0.001343
-0.001343
-0.001465
-0.001343
-0.001953
-0.001709
-0.001587
-0.000122
-0.000977
-0.000977
-0.000732
-0.001465
-0.001953
-0.001709
-0.001587
-0.001465
-0.001587
-0.000610
-0.001099
-0.001831
-0.000732
-0.001831
-0.001099
-0.001953
-0.000732
-0.001587
-0.001099
-0.002075
-0.001221
-0.001343
-0.002441
-0.001465
-0.001343
-0.001465
-0.001709
-0.001465
-0.001587
-0.002441
-0.001709
-0.001709
-0.000732
-0.001465
-0.002075
-0.001099
-0.000977
-0.002319
-0.001465
-0.001465
-0.000488
-0.001587
-0.002686
-0.001709
-0.000732
-0.001221
-0.001587
-0.002563
-0.001465
-0.001343
-0.001709
-0.001343
-0.001587
-0.001465
-0.001099
-0.000977
-0.001953
-0.002808
-0.002563
-0.000854
-0.001587
-0.002686
-0.001587
-0.000366
-0.001953
-0.001465
-0.001587
-0.001709
-0.000366
-0.000977
-0.001343
-0.000977
-0.002197
-0.000854
-0.000977
-0.002197
-0.002075
-0.001587
-0.001465
-0.001587
-0.001587
-0.001709
-0.000732
-0.001953
-0.002075
-0.001343
-0.000488
-0.001953
-0.001221
-0.001221
-0.001343
-0.001953
-0.002563
-0.000732
-0.001465
-0.001953
-0.001709
-0.001343
-0.002075
-0.001709
-0.002075
-0.001099
-0.002075
-0.001709
-0.001587
-0.001099
-0.001343
-0.000732
-0.000977
-0.001953
-0.001343
-0.001221
-0.001221
-0.002563
-0.001587
-0.001709
-0.001953
-0.002808
-0.001465
-0.000854
-0.002441
-0.001709
-0.000854
-0.001343
-0.000610
-0.000488
-0.001099
-0.001831
-0.002319
-0.000366
-0.001099
-0.002197
-0.001099
-0.001465
-0.001953
-0.001709
-0.001465
-0.001465
-0.001343
-0.001465
-0.000854
-0.002319
-0.000854
-0.001831
-0.001587
-0.000977
-0.001099
-0.001465
-0.001709
-0.001831
-0.001587
-0.002808
-0.000488
-0.000488
-0.001343
-0.000244
-0.002319
-0.001221
-0.001587
-0.001587
-0.001953
-0.001587
0.000244
-0.001709
-0.002075
-0.001221
-0.001343
-0.002563
-0.001709
-0.000854
-0.001709
-0.001709
-0.001953
-0.002075
-0.002197
-0.000854
-0.001221
-0.001343
-0.001709
-0.001953
-0.001221
-0.001587
-0.001587
-0.002930
-0.001343
-0.001343
-0.001221
-0.001099
-0.001709
-0.001099
-0.001221
-0.001099
-0.000977
-0.000366
-0.001709
-0.001953
-0.000732
-0.001099
-0.001953
-0.001587
-0.002197
-0.001709
-0.001221
-0.001831
-0.002197
-0.001587
-0.000244
-0.000854
-0.001465
-0.001221
-0.001221
-0.000854
-0.001465
-0.001221
-0.000977
-0.001709
-0.000610
-0.002686
-0.002197
-0.001099
-0.001343
-0.001831
-0.001709
-0.000854
0.000244
-0.002319
-0.001099
-0.000854
-0.001465
-0.000488
-0.001709
-0.001343
-0.001587
-0.001587
-0.001709
-0.001587
-0.001099
-0.001953
-0.001709
-0.000977
-0.001709
-0.001587
-0.000977
-0.001709
-0.002197
-0.002197
-0.000854
-0.001831
-0.002197
-0.001709
-0.001221
-0.001343
-0.001709
-0.001221
-0.001343
-0.002075
-0.002930
-0.002441
-0.000854
-0.001465
-0.002441
-0.001343
-0.001099
-0.001587
-0.001343
-0.002441
-0.002197
-0.001465
-0.001465
-0.001709
-0.001465
-0.000977
-0.001221
-0.003052
-0.002319
-0.001221
-0.001343
-0.002319
-0.001709
-0.000244
-0.002075
-0.002441
-0.001709
-0.000977
-0.001343
-0.002686
-0.000366
-0.002441
-0.001709
-0.000122
-0.001587
-0.002319
0.000244
-0.000732
-0.002075
-0.002319
-0.001099
-0.000732
-0.001587
-0.001709
-0.002197
-0.001465
-0.001831
-0.001587
-0.001831
-0.002197
-0.001709
-0.001953
-0.001587
-0.001587
-0.001221
-0.001221
-0.001099
-0.001099
-0.001587
-0.001099
-0.001343
-0.000854
-0.001587
-0.001953
-0.001465
-0.000854
-0.001343
-0.001953
-0.001709
-0.001709
-0.001709
-0.000977
-0.001831
-0.002075
-0.001221
-0.001831
-0.001709
-0.001343
-0.000977
-0.001953
-0.001465
-0.002930
-0.001465
-0.001587
-0.001343
-0.001587
-0.001953
-0.001953
-0.002075
-0.001221
-0.002075
-0.002197
-0.001953
-0.003052
-0.001953
-0.001587
-0.000977
-0.002808
-0.001709
-0.000244
-0.001587
-0.002319
-0.000854
-0.002075
-0.001221
-0.001221
-0.002930
-0.001099
-0.000488
-0.002441
-0.001709
-0.001587
-0.001587
-0.000854
-0.001099
-0.001343
-0.001831
-0.001221
-0.000244
-0.002319
-0.000854
-0.000854
-0.001099
-0.000854
-0.001831
-0.001099
-0.001709
-0.000732
-0.001465
-0.001831
-0.001953
-0.001099
-0.001343
-0.002808
-0.001099
-0.001709
-0.000610
-0.002319
-0.001709
-0.001099
-0.001953
-0.000488
-0.001099
-0.001953
-0.001221
-0.001831
-0.001709
-0.002197
-0.002563
-0.001709
-0.002197
-0.001953
-0.001587
-0.000854
-0.000854
-0.001831
-0.000488
-0.001099
-0.001587
-0.002075
-0.002319
-0.002075
-0.001709
-0.000488
-0.001953
-0.001709
-0.002075
-0.001221
-0.001831
-0.002197
-0.001587
-0.001831
-0.002563
-0.002319
-0.000854
-0.001953
-0.000854
-0.001587
-0.000732
-0.001465
-0.002808
-0.001709
-0.000244
-0.002441
-0.001343
-0.001465
0.000000
-0.001343
-0.002441
-0.001343
-0.001099
-0.001709
-0.001099
-0.001343
-0.002441
-0.001221
-0.001465
-0.001831
-0.002319
-0.001709
-0.000854
-0.002197
-0.000854
-0.000977
-0.000854
-0.001099
-0.000977
-0.001953
-0.002563
-0.001709
-0.001099
-0.001221
-0.001953
-0.002563
-0.002197
-0.001709
-0.001587
-0.001709
-0.001099
-0.001465
-0.002686
-0.001953
-0.000854
-0.001709
-0.000610
-0.000977
-0.002075
-0.001343
-0.001587
-0.001953
-0.003174
-0.001587
-0.001953
-0.001709
-0.001587
-0.001221
-0.001465
-0.001953
-0.001343
-0.002197
-0.001465
-0.000977
-0.001465
-0.001343
-0.001343
-0.001465
-0.001587
-0.000854
-0.001587
-0.002319
-0.001099
-0.001831
-0.002563
-0.000610
-0.001343
-0.001343
-0.002441
-0.001221
-0.002441
-0.001465
-0.000244
-0.002441
-0.001343
-0.002930
-0.001465
-0.001221
-0.002441
-0.001343
-0.002441
-0.002197
-0.002563
-0.001709
-0.002319
-0.000610
-0.002197
-0.001709
-0.001465
-0.001343
-0.001953
-0.002197
-0.002319
-0.001221
0.000000
-0.001221
-0.001709
-0.002319
-0.001465
-0.001953
-0.001709
-0.000732
-0.001221
-0.002686
-0.001709
-0.002197
-0.000854
-0.000488
-0.001953
-0.001587
-0.001831
-0.001709
-0.001465
-0.001831
-0.000610
-0.001831
-0.001221
-0.000854
-0.002686
-0.001709
-0.002197
-0.002075
-0.000610
-0.001709
-0.001953
-0.001099
-0.001831
-0.002319
-0.001953
-0.002075
-0.000854
-0.001465
-0.001221
-0.000854
-0.001343
-0.001709
-0.000488
-0.001831
-0.002075
-0.001587
-0.001709
-0.002197
-0.001099
-0.000244
-0.002319
-0.001587
-0.001465
-0.002563
-0.001343
-0.001709
-0.002686
-0.000366
-0.000732
-0.002563
-0.001221
-0.001465
-0.000854
-0.000366
-0.001587
-0.000977
-0.001221
-0.001831
-0.002441
-0.002319
-0.001099
0.000122
-0.001587
-0.002075
-0.002441
-0.000366
-0.001343
-0.001953
-0.001099
-0.001343
-0.001587
-0.003540
-0.002441
-0.001587
-0.002563
-0.002075
-0.002563
-0.002075
-0.000854
-0.001953
-0.002075
-0.001099
-0.001709
-0.001465
-0.001953
-0.002441
-0.001343
-0.001953
-0.001709
-0.000854
-0.002197
-0.002075
-0.001465
-0.002319
-0.001465
-0.001343
-0.000854
0.000122
-0.002319
-0.001709
-0.001343
-0.000977
-0.001831
-0.001099
-0.001343
-0.000854
-0.001587
-0.001709
-0.001221
-0.001221
-0.000488
-0.002197
-0.001465
-0.001587
-0.002563
-0.002075
-0.001343
-0.002075
-0.002197
-0.000610
-0.002075
-0.002075
-0.001221
-0.002319
-0.001709
-0.001953
-0.002441
-0.002319
-0.001343
-0.001465
-0.000977
-0.002319
-0.001587
-0.001221
-0.002075
-0.001709
-0.001831
-0.000854
-0.002075
-0.002197
-0.000488
-0.002319
-0.002075
-0.001099
-0.002563
-0.001343
-0.000854
-0.000854
-0.002075
-0.002441
-0.001709
-0.001587
-0.001587
-0.001343
-0.000854
-0.000854
-0.001465
-0.002319
-0.002563
-0.000854
-0.001465
-0.001831
-0.001953
-0.001709
-0.000122
-0.001709
-0.001221
-0.001587
-0.001221
-0.000732
-0.001343
-0.001465
-0.001587
-0.001099
-0.001709
-0.002441
-0.001343
-0.000977
-0.002197
-0.001465
-0.001709
-0.001953
-0.000854
-0.001221
-0.001465
0.000000
-0.000122
-0.001465
-0.002075
-0.001465
-0.001221
-0.001709
-0.002319
-0.000854
-0.001099
-0.001709
-0.002075
-0.000854
-0.000977
-0.001343
-0.000366
-0.002319
-0.002441
-0.001587
-0.000732
-0.001831
-0.001099
-0.001709
-0.001465
-0.000854
-0.002075
-0.001953
-0.000610
-0.002197
-0.001099
-0.002441
-0.002197
-0.000732
-0.002197
-0.001587
-0.002808
-0.003662
-0.001587
-0.002197
-0.002197
-0.002075
-0.000610
-0.002441
-0.001953
-0.002197
-0.001221
-0.001221
-0.001465
-0.002563
-0.002808
-0.001465
-0.002319
-0.001953
-0.001953
-0.001587
-0.000122
-0.000854
-0.002563
-0.002197
-0.000732
-0.002075
-0.001221
-0.001343
-0.001831
-0.001221
-0.002441
-0.001221
-0.000977
-0.001709
-0.001587
-0.001953
-0.001709
-0.002319
-0.002563
-0.002930
-0.001221
-0.001221
-0.001099
-0.000977
-0.001831
-0.002075
-0.001221
-0.000732
-0.001709
-0.001343
-0.001709
-0.001587
-0.001587
-0.001343
-0.002075
-0.002441
-0.000610
-0.000366
-0.000977
-0.002441
-0.001221
-0.002319
-0.000854
-0.001343
-0.000610
-0.001465
-0.002319
-0.001465
-0.001343
-0.002075
-0.001221
-0.002441
-0.001709
-0.001099
-0.001099
-0.001831
-0.001587
-0.000977
-0.001221
-0.000854
-0.002441
-0.001953
-0.000732
-0.000610
-0.002075
-0.001709
-0.001465
-0.002319
-0.001099
-0.001953
0.000732
-0.001709
-0.001587
-0.000610
-0.002319
-0.001221
-0.001709
-0.003052
-0.001587
-0.000854
-0.002075
-0.002197
-0.000610
-0.001953
-0.001343
-0.001343
-0.001953
-0.001221
-0.001465
-0.001953
-0.002441
-0.000854
-0.002197
-0.000732
-0.001099
-0.002197
-0.001221
-0.000854
-0.001221
-0.002563
-0.002808
-0.001953
-0.002075
-0.001221
-0.001709
-0.001587
-0.002075
-0.000366
-0.001709
-0.002075
-0.001587
-0.002197
-0.000610
-0.002197
-0.001221
-0.001221
-0.002930
-0.001465
-0.001343
-0.002563
-0.001221
-0.001953
-0.001221
-0.001343
-0.000488
-0.001953
-0.000732
-0.000610
-0.001831
-0.000854
-0.001099
-0.002686
-0.001343
-0.001587
-0.001953
-0.001099
-0.000977
-0.002686
-0.002075
-0.002563
-0.001221
-0.001465
0.000000
-0.001099
-0.002319
-0.001221
-0.002563
-0.001099
-0.001343
-0.002197
-0.001343
-0.002808
-0.001587
-0.000122
-0.001587
-0.002441
-0.001709
-0.001343
-0.000366
-0.001709
-0.001343
-0.001465
-0.001709
-0.001831
-0.001099
-0.001953
-0.001709
-0.000366
-0.001465
-0.001709
-0.001221
-0.001587
-0.001465
-0.001465
-0.002319
-0.001465
-0.001587
-0.001099
-0.001831
-0.001953
-0.002197
-0.001709
-0.002075
-0.001953
-0.001465
-0.001831
-0.001953
-0.000732
-0.001709
-0.001953
-0.002441
-0.002319
-0.001709
-0.002197
-0.002075
-0.001465
-0.002319
-0.001343
-0.001709
-0.001221
-0.002075
-0.000610
-0.000977
-0.003174
-0.001953
-0.000488
-0.001831
-0.002197
-0.001587
-0.003296
-0.001709
-0.001587
-0.002563
-0.000610
-0.002441
-0.002563
-0.001343
-0.002075
-0.001099
-0.000610
-0.002930
-0.002197
-0.002075
-0.002808
-0.000854
-0.002686
-0.001587
-0.001953
-0.001709
-0.002197
-0.001343
-0.000977
-0.001831
-0.001587
-0.002686
-0.002075
-0.001587
-0.001099
-0.002441
-0.002197
-0.000854
-0.001953
-0.001709
-0.000122
-0.002075
-0.002563
-0.000854
-0.001465
-0.002197
-0.002197
-0.001709
-0.000732
-0.001953
-0.001953
-0.001587
-0.001709
-0.000977
-0.001099
-0.001953
-0.003174
-0.001465
-0.002563
-0.002075
-0.001343
-0.002197
-0.001587
-0.002441
-0.001465
-0.001587
-0.002441
-0.000854
-0.002075
-0.002319
-0.000854
-0.001221
-0.000610
-0.001465
-0.001831
-0.001953
-0.002075
-0.002075
-0.001953
-0.001953
-0.001343
-0.001953
-0.001587
-0.000732
-0.001099
-0.001099
-0.000732
-0.001465
-0.001465
-0.000732
-0.002075
-0.002319
-0.001587
-0.001221
-0.001343
-0.002441
-0.001709
-0.001221
-0.001953
-0.001709
-0.000610
-0.001099
-0.001465
-0.002319
-0.000854
-0.001709
-0.002441
-0.001465
-0.000977
-0.001831
-0.000610
-0.000977
-0.001343
-0.002563
-0.001099
-0.001343
-0.001465
-0.001465
-0.001587
-0.000854
-0.001587
-0.000977
-0.001221
-0.001953
-0.001221
-0.003296
-0.001099
-0.001465
-0.002686
-0.001709
-0.002075
-0.000854
-0.001343
-0.002319
-0.001953
-0.002075
-0.001587
-0.001221
-0.001709
-0.001587
-0.001343
-0.001587
-0.001343
-0.000610
-0.001221
-0.002197
-0.000854
-0.001953
-0.001465
-0.001343
-0.001221
-0.000366
-0.001587
-0.001221
-0.001221
-0.002197
-0.002197
-0.002563
-0.001099
-0.001709
-0.001587
-0.001587
-0.002075
-0.002441
-0.001709
-0.001343
-0.002197
-0.002563
-0.002441
-0.003296
-0.002441
-0.002197
-0.000610
-0.001709
-0.001465
-0.002075
-0.002075
-0.001709
-0.001953
-0.001221
-0.001099
-0.001953
-0.002319
-0.001465
-0.002075
-0.000854
-0.002075
-0.001099
-0.001831
-0.001709
-0.002441
-0.001953
-0.001587
-0.001221
-0.001099
-0.001465
-0.001343
-0.003174
-0.001343
-0.001709
-0.002319
-0.001221
-0.001953
-0.002197
-0.002319
-0.001343
-0.000610
-0.001831
-0.001709
-0.001953
-0.001709
-0.001465
-0.002075
-0.001465
-0.000610
-0.000610
-0.001465
-0.000854
-0.002075
-0.000854
-0.001221
-0.002808
-0.001953
-0.001465
-0.002075
-0.001709
-0.001953
-0.001709
-0.001099
-0.000854
-0.002319
-0.002441
-0.000854
-0.000732
-0.000610
-0.002930
-0.001709
-0.001587
-0.002075
-0.000732
-0.001831
-0.000732
-0.001221
-0.001953
-0.002930
-0.002075
-0.001709
-0.001343
-0.002686
-0.000244
-0.001953
-0.002319
-0.002075
-0.002197
-0.001465
-0.001587
-0.002197
-0.001343
-0.001709
-0.000854
-0.001953
-0.001587
-0.001221
-0.001465
-0.001343
-0.002197
-0.001709
-0.001465
-0.002563
-0.000122
-0.002197
-0.001221
-0.000854
-0.001709
-0.001709
-0.002197
-0.001465
-0.000488
-0.001709
-0.001343
-0.001587
-0.001831
-0.002563
-0.001587
-0.001099
-0.001221
-0.001465
-0.001953
-0.001221
-0.002563
0.000488
-0.002930
-0.002197
-0.000244
-0.001953
-0.001221
-0.001953
-0.001709
-0.001465
-0.001343
-0.001831
-0.002197
-0.002197
-0.000366
-0.001831
-0.000854
-0.001953
-0.002563
-0.001953
-0.001221
-0.001465
-0.002075
-0.002563
-0.001099
-0.001465
-0.001709
-0.002441
-0.002075
-0.000854
-0.001953
-0.001099
-0.000488
-0.002441
-0.001587
-0.002319
-0.001221
-0.001099
-0.002441
-0.001221
-0.001587
-0.001587
-0.001831
-0.002441
-0.001709
-0.000488
-0.002319
-0.002563
-0.001099
-0.001587
-0.002686
-0.001465
-0.000610
-0.002686
-0.000488
-0.001831
-0.001709
-0.002441
-0.002563
-0.001587
-0.002075
-0.001221
-0.002075
-0.001709
-0.001343
-0.002441
-0.001221
-0.001709
-0.001465
-0.000732
-0.002197
-0.001465
-0.000122
-0.001099
-0.002075
-0.001221
-0.001709
-0.001953
-0.001587
-0.001953
-0.001953
-0.002075
-0.000854
-0.001465
-0.001099
-0.001343
-0.001221
-0.001099
-0.002930
-0.001465
-0.000366
-0.001831
-0.002563
-0.000854
-0.001831
-0.002441
-0.000366
-0.001465
-0.002197
-0.001587
-0.001831
-0.001343
-0.000732
-0.002441
-0.002075
-0.001099
-0.001343
-0.001465
-0.001953
-0.000610
-0.002075
-0.001709
-0.000732
-0.002441
-0.001221
-0.001343
-0.000977
-0.000977
-0.001953
-0.001465
-0.001099
-0.001709
-0.001709
-0.001343
-0.002197
-0.002441
-0.001221
-0.000732
-0.002075
-0.001221
-0.001953
-0.001221
-0.000610
-0.003052
-0.001343
-0.000977
-0.001465
-0.001587
-0.000854
-0.001831
-0.002563
-0.001099
-0.001709
-0.001709
-0.001709
-0.001587
-0.000977
-0.002563
-0.001343
-0.001099
-0.001343
-0.001221
-0.000854
-0.000732
-0.000977
-0.001953
-0.002441
-0.002197
-0.001343
-0.001465
-0.001465
-0.001099
-0.001465
-0.001953
-0.002808
-0.002441
-0.001465
-0.000488
-0.002563
-0.001465
-0.001709
-0.003052
-0.001953
-0.002563
-0.001587
-0.001587
-0.001831
-0.002197
-0.001099
-0.001343
-0.001953
-0.000854
-0.001831
-0.002075
-0.001953
-0.001221
-0.001465
-0.001465
-0.002319
-0.001587
-0.001709
-0.002319
-0.000488
-0.001709
-0.002197
-0.001099
-0.001221
-0.002075
-0.001343
-0.001831
-0.001221
-0.001953
-0.001221
-0.001709
-0.001831
-0.001099
-0.002563
-0.002075
-0.001221
-0.001587
-0.001343
-0.001953
-0.001587
-0.002441
-0.002075
-0.001343
-0.002197
-0.001099
-0.002563
-0.002930
-0.001709
-0.001465
-0.001709
-0.001709
-0.000610
-0.001099
-0.001587
-0.001465
-0.001099
-0.001221
-0.002197
-0.001465
-0.002197
-0.001709
-0.001709
-0.002197
-0.001709
-0.001221
-0.002686
-0.002441
-0.001953
-0.002197
-0.001465
-0.002808
-0.001587
-0.001953
-0.000854
-0.001465
-0.001343
-0.000854
-0.001709
-0.002441
-0.001587
-0.001221
-0.001343
-0.001831
-0.001709
-0.000488
-0.002441
-0.000854
-0.001587
-0.002808
-0.001465
-0.001465
-0.001831
-0.001587
-0.000366
-0.001587
-0.001465
-0.001953
-0.000610
-0.000610
-0.001099
-0.001953
-0.003052
-0.001709
-0.002075
-0.000854
-0.000854
-0.001587
-0.001099
-0.001465
-0.002319
-0.001953
-0.001465
-0.001587
-0.000488
-0.002319
-0.001953
-0.002075
-0.000732
-0.000732
-0.000977
-0.001221
-0.000366
-0.001221
-0.002319
-0.001343
-0.001953
-0.001709
-0.001709
-0.001831
-0.002441
-0.001709
-0.000732
-0.002075
-0.001221
-0.000854
-0.001953
-0.002563
-0.001465
-0.001831
-0.001587
-0.002197
-0.001709
-0.000977
-0.001221
-0.000366
-0.000854
-0.002319
-0.002075
-0.000854
-0.001831
-0.002808
-0.000732
-0.002197
-0.003174
-0.002197
-0.002075
-0.001587
-0.001099
-0.001465
-0.001953
-0.001709
-0.001709
-0.001099
-0.001709
-0.001221
-0.001465
-0.000977
-0.000610
-0.000610
-0.001465
-0.001221
-0.001343
-0.001465
-0.002441
-0.001221
-0.001343
-0.001953
-0.000732
-0.001709
-0.001709
-0.001587
-0.002197
-0.001953
-0.002197
-0.002197
-0.000854
-0.001343
0.000244
-0.001465
-0.001709
-0.000977
-0.001587
-0.000610
-0.001221
-0.001465
-0.000732
-0.001831
-0.000366
-0.001099
-0.000977
-0.000977
-0.000977
-0.001831
-0.000854
-0.000610
-0.002197
-0.000854
-0.001587
-0.001465
-0.002075
-0.001221
-0.001343
-0.001099
-0.001831
-0.002930
-0.001709
-0.001465
-0.001831
-0.001343
-0.002930
-0.001099
-0.001587
-0.001709
0.000244
-0.001343
-0.002197
-0.000732
-0.001465
-0.000610
-0.001709
-0.000854
-0.002075
-0.001953
-0.002319
-0.002075
-0.001709
-0.000732
-0.001099
-0.001465
-0.001709
-0.001953
-0.001587
-0.001953
-0.001221
-0.000977
-0.001099
-0.001221
-0.001221
0.000122
-0.001221
-0.001831
-0.001465
-0.001587
-0.001221
-0.002197
-0.000244
-0.002075
-0.000854
-0.000610
-0.002075
-0.001953
-0.001709
-0.000854
-0.001221
-0.001099
-0.000977
-0.002930
-0.002441
-0.000244
-0.001343
-0.002075
-0.002075
-0.001709
-0.001099
-0.001709
-0.000610
-0.001831
-0.001709
-0.001099
-0.001831
-0.002563
-0.001465
-0.000854
-0.001099
-0.001953
-0.001465
-0.000610
-0.001831
-0.001709
-0.001221
-0.002197
-0.000854
-0.000244
-0.001709
-0.001465
-0.001953
-0.000854
-0.001343
-0.002197
-0.001221
-0.001343
-0.003174
-0.001343
-0.001465
-0.001343
-0.000977
-0.002563
-0.000732
-0.001953
-0.002930
-0.002808
-0.000854
-0.001587
-0.001221
-0.001709
-0.000854
-0.001465
-0.001709
-0.001831
-0.002075
-0.001099
-0.002075
-0.001587
-0.001587
-0.002686
-0.000488
-0.000610
-0.001587
-0.001221
-0.001099
-0.001465
-0.001587
-0.001587
0.000122
-0.001099
-0.002686
-0.000854
-0.001831
-0.001953
-0.001221
-0.001343
-0.001099
-0.001709
-0.001587
-0.000366
-0.000366
-0.001465
-0.001465
0.000366
-0.001221
-0.001831
-0.001587
-0.002686
0.000244
-0.000977
-0.001587
-0.002808
-0.001343
-0.002197
-0.001709
-0.001587
-0.002808
-0.001587
-0.001465
-0.000244
-0.001587
-0.000854
-0.002319
-0.001953
-0.000366
-0.001465
-0.001831
-0.000732
-0.002075
-0.001953
-0.001343
-0.001221
-0.001099
-0.002075
-0.001099
-0.002197
-0.001099
-0.001587
-0.001343
-0.001221
-0.001221
-0.001587
-0.001709
-0.001709
-0.001709
-0.000488
-0.001953
-0.001343
-0.002563
-0.000854
-0.001221
-0.001831
-0.001221
-0.002441
-0.002563
-0.000610
-0.001587
-0.001709
-0.001953
-0.001221
-0.001709
-0.002808
-0.001587
0.000366
-0.002197
-0.001587
-0.000244
-0.000977
-0.001587
-0.001709
-0.000610
-0.001587
-0.001343
-0.001343
-0.001221
-0.002441
-0.003052
-0.002319
-0.001343
-0.002319
-0.001343
-0.000488
-0.001831
-0.002563
-0.000732
-0.001831
-0.001465
-0.001465
-0.000610
-0.002319
-0.002197
-0.000854
-0.002197
-0.000854
-0.001221
-0.002075
-0.001343
-0.001587
-0.002319
-0.001465
-0.001099
-0.000977
0.000000
-0.002197
-0.001587
-0.001587
-0.001343
-0.001587
-0.000732
-0.001831
-0.002319
-0.000854
-0.000488
-0.001465
0.000122
-0.001343
-0.002075
-0.000854
-0.002075
-0.000244
-0.001221
-0.000854
-0.000854
-0.001709
-0.002197
-0.002563
-0.001587
-0.002197
-0.001343
-0.000244
-0.000977
-0.001709
-0.002075
-0.001343
-0.002075
-0.001709
-0.001831
-0.001099
-0.002197
-0.002075
-0.000854
-0.001221
-0.002319
-0.001709
-0.000854
-0.001221
-0.001587
-0.002197
-0.001343
-0.002075
-0.001953
-0.000854
-0.000854
-0.000977
-0.001831
-0.001221
-0.001465
0.000610
-0.000977
-0.001953
-0.001953
-0.001343
-0.000610
-0.000732
-0.001343
-0.002197
-0.002319
-0.002197
-0.000854
-0.001465
-0.002075
-0.001221
-0.000854
-0.002075
-0.000854
-0.001587
-0.001953
-0.000610
-0.001709
-0.002319
-0.000854
-0.001343
-0.001343
-0.001953
-0.002075
-0.002930
-0.000854
-0.001343
-0.001587
-0.002441
-0.001709
-0.001343
-0.002808
-0.001221
-0.001465
-0.002075
-0.001953
-0.001709
-0.001343
-0.000610
-0.001221
-0.000854
-0.001709
-0.002441
-0.001221
-0.002075
-0.001587
-0.001465
-0.002075
-0.000244
-0.000610
-0.001221
-0.001221
-0.002075
-0.001709
-0.001221
-0.001221
-0.001709
-0.001465
-0.001221
-0.002319
-0.000732
-0.000610
-0.001099
-0.000977
-0.001099
-0.000610
-0.001587
-0.001465
-0.001465
-0.000977
-0.001709
0.000122
-0.000977
-0.001221
-0.001221
-0.000610
-0.001709
-0.001343
-0.001709
-0.001099
-0.001831
-0.001099
-0.001709
-0.001465
-0.000854
-0.000488
-0.001587
-0.001099
-0.000977
-0.002686
-0.002197
-0.001709
-0.001343
-0.001587
-0.002563
-0.000366
-0.002197
-0.002197
-0.001099
-0.000366
-0.001343
-0.001587
-0.001099
-0.002441
-0.000854
-0.001587
-0.001343
-0.001831
-0.002197
-0.001709
-0.001343
-0.001587
-0.002686
-0.000610
-0.001221
-0.000854
-0.001709
-0.000977
-0.001587
-0.001587
-0.001465
-0.001831
-0.001953
-0.003052
-0.001099
-0.001587
-0.001221
-0.001221
-0.001709
-0.002197
-0.000854
-0.000732
-0.001465
-0.002075
0.000244
-0.002686
-0.001465
-0.001587
-0.001343
-0.000854
-0.000488
-0.001099
-0.001953
-0.001099
-0.001343
-0.001465
-0.000977
-0.001221
-0.001709
-0.001099
-0.002197
-0.001709
-0.001343
-0.001099
-0.001953
-0.001709
-0.000977
-0.002319
-0.001587
-0.001831
-0.002197
-0.002319
-0.001465
-0.002808
-0.000610
-0.001709
-0.002075
-0.000854
-0.000244
-0.001221
-0.000977
-0.001099
-0.001099
-0.001709
-0.000610
-0.001221
-0.000732
-0.002075
-0.002319
-0.000854
-0.001221
-0.000854
-0.000732
-0.002319
-0.001465
-0.002319
-0.001221
-0.000488
-0.002563
0.000610
-0.001221
-0.002197
-0.000244
-0.001709
-0.001099
-0.001831
-0.001221
-0.001709
-0.001343
-0.000977
-0.001587
-0.001831
-0.001099
-0.002075
-0.000732
-0.000854
-0.001831
-0.000732
-0.002808
-0.001465
-0.001221
-0.002319
-0.001343
-0.000732
-0.002441
-0.002197
-0.001343
-0.001831
-0.001221
-0.001221
-0.001953
-0.001953
-0.001587
-0.002319
-0.001587
-0.001831
-0.001221
-0.001831
-0.000854
-0.001709
-0.001465
-0.000488
-0.002075
-0.000854
-0.002808
-0.001709
-0.000732
-0.001343
-0.001221
-0.001709
-0.000610
-0.000977
-0.002808
-0.002319
-0.002563
-0.000854
-0.001953
-0.001343
-0.000977
-0.000854
-0.001831
-0.002441
-0.003784
-0.001465
-0.000854
-0.001709
-0.001343
-0.000854
-0.001465
-0.002197
-0.001709
-0.000244
-0.001465
-0.002075
-0.001709
-0.001465
-0.001343
-0.000610
-0.001221
-0.001709
-0.001953
-0.002441
-0.001709
-0.002563
-0.000488
-0.000977
-0.001709
-0.001709
-0.002441
-0.000854
-0.002686
-0.000854
-0.000854
-0.001587
-0.000732
-0.001099
-0.000854
-0.000977
-0.001099
-0.001831
-0.001465
-0.001343
-0.001709
-0.002563
-0.001465
-0.001831
-0.003296
0.000000
-0.000488
-0.001709
-0.001343
-0.001587
-0.000977
-0.001709
-0.001099
-0.003174
-0.000854
-0.000854
-0.000610
-0.000977
-0.001953
-0.001709
-0.002441
-0.002930
-0.000854
-0.001221
-0.000122
-0.001221
-0.001831
-0.002441
-0.000732
-0.001953
-0.000488
-0.000977
-0.002686
-0.002808
-0.001465
-0.001831
-0.001343
-0.001831
-0.001343
-0.001221
-0.001709
-0.001587
-0.001343
-0.001221
-0.002197
-0.000854
-0.001587
-0.001587
-0.002197
-0.002441
-0.001709
-0.000732
-0.002075
-0.000366
-0.001709
-0.003296
-0.002075
-0.000854
-0.001465
-0.001953
-0.001099
-0.000732
-0.001343
-0.002563
-0.001221
-0.000732
-0.002197
-0.001709
-0.002075
-0.001953
-0.001465
-0.000732
-0.002686
-0.001587
-0.001343
-0.001831
-0.001099
-0.001587
-0.001465
-0.000854
-0.001099
-0.000488
-0.001709
-0.001587
-0.001465
-0.001709
-0.001831
-0.001465
-0.001709
-0.001099
-0.001953
-0.001709
-0.001465
-0.000732
-0.002563
-0.001465
-0.001465
-0.000854
-0.001709
-0.001953
-0.000610
-0.001465
-0.001953
-0.001953
-0.001465
-0.002075
-0.000732
-0.001343
-0.001831
-0.000854
-0.002075
-0.001343
-0.000610
-0.000977
-0.001587
-0.001343
-0.000732
-0.002563
-0.001709
-0.001465
-0.002441
-0.001709
-0.000122
-0.002563
-0.001709
-0.001221
-0.001343
-0.000732
-0.001465
-0.001831
-0.000732
-0.000366
-0.001953
-0.002319
-0.002808
-0.001709
-0.001709
-0.001099
-0.001709
-0.002075
-0.001953
-0.001465
-0.001343
-0.001587
-0.001343
-0.001343
-0.002808
-0.000854
-0.001709
-0.001587
-0.002075
-0.002563
-0.001221
-0.001587
-0.000732
-0.001343
-0.001709
-0.001709
-0.002686
-0.001099
-0.000488
-0.002075
-0.002197
-0.002075
-0.001709
-0.001587
-0.001221
-0.002319
-0.001953
-0.002319
-0.002197
-0.001953
-0.001465
-0.000977
-0.002319
-0.001709
-0.002441
-0.001587
-0.001587
-0.001587
-0.001465
-0.002197
-0.001221
-0.002197
-0.002319
-0.001587
-0.001831
-0.001099
-0.001099
-0.001221
-0.001587
-0.000977
-0.000610
-0.001953
-0.001709
-0.001709
-0.002686
-0.001465
-0.001587
-0.002808
-0.001953
-0.002808
-0.001587
-0.001099
-0.001831
-0.002075
-0.002319
-0.001709
-0.002075
-0.001465
-0.001709
-0.001343
-0.001709
-0.001709
-0.001099
-0.001587
-0.002319
-0.001587
-0.001343
-0.001099
-0.001343
-0.002441
-0.002319
-0.002075
-0.002808
-0.001221
-0.001953
-0.002441
-0.001099
-0.002075
-0.002441
-0.001709
-0.002075
-0.002441
-0.001709
-0.001343
-0.001587
-0.001099
-0.001831
-0.002563
-0.001709
-0.002319
-0.001221
-0.001099
-0.001221
-0.001831
-0.001343
-0.000854
-0.002197
-0.002563
-0.002563
-0.001709
-0.001831
-0.002441
-0.002441
-0.002563
-0.001953
-0.001953
-0.001465
-0.000854
-0.002197
-0.001953
-0.001465
-0.002686
-0.002075
-0.001465
-0.000977
-0.001465
-0.001343
-0.002441
-0.000854
-0.002319
-0.001099
-0.001221
-0.002686
-0.001343
-0.001831
-0.002197
-0.002563
-0.001587
-0.001343
-0.002319
-0.002319
-0.002075
-0.001587
-0.001343
-0.001953
-0.001587
-0.001709
-0.001953
-0.001465
-0.000854
-0.001221
-0.001709
-0.001099
-0.002075
-0.001709
-0.001099
-0.001221
-0.002075
-0.001343
-0.001221
-0.002808
-0.001709
-0.000244
-0.002197
-0.001587
-0.001587
-0.001953
-0.001709
-0.001465
-0.002319
-0.000854
-0.002441
-0.001465
-0.000732
-0.001831
-0.001465
-0.001099
-0.001831
-0.001587
-0.001831
-0.001343
-0.001587
-0.001587
-0.001099
-0.000977
-0.001831
-0.002197
-0.001465
-0.001709
-0.000610
-0.001099
-0.001709
-0.001587
-0.001587
-0.001465
-0.000977
-0.001831
-0.003174
-0.001465
-0.002075
-0.002930
-0.001343
-0.001343
-0.001221
-0.002319
-0.001465
-0.001709
-0.001831
-0.001709
-0.001099
-0.000854
-0.003418
-0.002441
-0.001221
-0.002686
-0.001953
-0.000488
-0.002197
-0.001343
-0.002319
-0.000854
-0.001831
-0.001221
-0.001221
-0.001343
0.000122
-0.001953
-0.001343
-0.000610
-0.001587
-0.000854
-0.000610
-0.001953
-0.001709
-0.001099
-0.001099
-0.001953
-0.000854
-0.001587
-0.001343
-0.001343
-0.001709
-0.001831
-0.001709
-0.001221
-0.002075
-0.002441
-0.001953
-0.001343
-0.001953
-0.002563
-0.000854
-0.001953
-0.001953
-0.001465
-0.001587
-0.002319
-0.002197
-0.002563
-0.001221
-0.001343
-0.000732
-0.002808
-0.002197
-0.000488
-0.000244
-0.001465
-0.000732
-0.001099
-0.002319
-0.001709
-0.000122
-0.002075
-0.002563
-0.002808
-0.001953
-0.001953
-0.001709
-0.001465
-0.000977
-0.001465
-0.001343
-0.002197
-0.002197
-0.000488
-0.001587
-0.000488
-0.001465
-0.001221
-0.001221
-0.001953
-0.001953
-0.000854
-0.001587
-0.001953
-0.001953
-0.001709
-0.001709
-0.001709
-0.001343
-0.001465
-0.001587
-0.003296
-0.001587
-0.001465
-0.001465
-0.001221
-0.001709
-0.001465
-0.001343
-0.002319
-0.000732
-0.000854
-0.001953
-0.001221
-0.002075
-0.001221
-0.002319
-0.001465
-0.001099
-0.001709
-0.001343
-0.001831
-0.001953
-0.001953
-0.002563
-0.001221
-0.001709
-0.001831
-0.000488
-0.001709
-0.001831
-0.001343
-0.001343
-0.001709
-0.002075
-0.000854
-0.002563
-0.002930
-0.001221
-0.001221
-0.001221
-0.001587
-0.002075
-0.001465
-0.000610
-0.002319
-0.001221
-0.001465
-0.001953
-0.001709
-0.001099
-0.001099
-0.001831
-0.000854
-0.001709
-0.002441
-0.001343
-0.001343
-0.002075
-0.000854
-0.002563
-0.001709
-0.001099
-0.001465
-0.001465
-0.001709
-0.001831
-0.000854
-0.002075
-0.002441
-0.001953
-0.002930
-0.001465
-0.001587
-0.002075
-0.001587
-0.001343
-0.001099
-0.001343
-0.002197
-0.001221
-0.001343
-0.001709
-0.001465
-0.001221
-0.000977
-0.002563
-0.002075
-0.001709
-0.002075
-0.001099
-0.003174
-0.001587
-0.001343
-0.001587
-0.002441
-0.000854
-0.002075
-0.001465
-0.000977
-0.000977
-0.002075
-0.001953
-0.002319
-0.002075
-0.002075
-0.002319
-0.002075
-0.001587
-0.001831
-0.001709
-0.001099
-0.001953
-0.000244
-0.001587
-0.001221
-0.002319
-0.001587
-0.000854
-0.001953
-0.002441
-0.001343
-0.001831
-0.001587
-0.001831
-0.003052
-0.001221
-0.002319
-0.001587
-0.001587
-0.002197
-0.001099
-0.000977
-0.000977
-0.001587
-0.002075
-0.001953
-0.001709
-0.001709
-0.002808
-0.001709
-0.001953
-0.001465
-0.000977
-0.001587
-0.001465
-0.001709
-0.000977
-0.002319
-0.001709
-0.001465
-0.001953
-0.001709
-0.001709
-0.002441
-0.001343
-0.000610
-0.002197
-0.001343
-0.000732
-0.002563
-0.001709
-0.000244
-0.001587
-0.001465
-0.001465
-0.001831
-0.003174
-0.002197
-0.000732
-0.001343
-0.001221
-0.000732
-0.001831
-0.003052
-0.002441
-0.002319
-0.002319
-0.003174
-0.001709
-0.001587
-0.000854
-0.001221
-0.001587
-0.002075
-0.001709
-0.001953
-0.001221
-0.002075
-0.001587
-0.001343
-0.000977
-0.001343
-0.002319
-0.000854
-0.003174
-0.001953
-0.002319
-0.001709
-0.001099
-0.002319
-0.000854
-0.001709
-0.000610
-0.001709
-0.000244
-0.002319
-0.002930
-0.000244
-0.002808
-0.001587
-0.001465
-0.001709
-0.001221
-0.000854
-0.001953
-0.002563
-0.001343
-0.001221
-0.000854
-0.000977
-0.001465
-0.001831
-0.001587
-0.001587
-0.001099
-0.002563
-0.003174
-0.002197
-0.000854
-0.001953
-0.001099
-0.002441
-0.001709
-0.000488
-0.002686
-0.001709
-0.001465
-0.002197
-0.003052
-0.000122
-0.001831
-0.001953
-0.001587
-0.001343
-0.002197
-0.001953
-0.002075
-0.003174
-0.001709
-0.001465
-0.002197
-0.001709
-0.000977
-0.001587
-0.000854
-0.001831
-0.001465
-0.001831
-0.001709
-0.002319
-0.001709
-0.001587
-0.002441
-0.001953
-0.001709
-0.000610
-0.001587
-0.002441
-0.001343
-0.001221
-0.002441
-0.001465
-0.002197
-0.001465
-0.001587
-0.002441
-0.002319
-0.002319
-0.001953
-0.000854
-0.003052
-0.002563
-0.002563
-0.001953
-0.001953
-0.002319
-0.001587
-0.001953
-0.002441
-0.000732
-0.002075
-0.003296
-0.002319
-0.001465
-0.001587
-0.002197
-0.001099
-0.001709
-0.001465
-0.001831
-0.001587
-0.002197
-0.001343
-0.001343
-0.002441
-0.000610
-0.000977
-0.002197
-0.001709
-0.000854
-0.001099
-0.001465
-0.001343
-0.000122
-0.001831
-0.001099
-0.000977
-0.002686
-0.001221
-0.001953
-0.001343
-0.001221
-0.002075
-0.000854
-0.001587
-0.002075
-0.001343
-0.001099
-0.000732
-0.000122
-0.001831
-0.001953
-0.001709
-0.001709
-0.001709
-0.002197
-0.002930
-0.001709
-0.000488
-0.001465
-0.001953
-0.001709
-0.001587
-0.002197
-0.002075
-0.003784
-0.001587
-0.002319
-0.002197
-0.002197
-0.001099
-0.001221
-0.001831
-0.002808
-0.000854
-0.001343
-0.001221
-0.002563
-0.001221
-0.001709
-0.003174
-0.001587
-0.001831
-0.001953
-0.002075
-0.002930
-0.001221
-0.000977
-0.001221
-0.000244
-0.001465
-0.001953
-0.001465
-0.000977
-0.001343
-0.001953
-0.002075
-0.002563
-0.002319
-0.002563
-0.002197
-0.002808
-0.002441
-0.001221
-0.001953
-0.001465
-0.001099
-0.001465
-0.001587
-0.001709
-0.001221
-0.002319
-0.000854
-0.002319
-0.002563
-0.001343
-0.001099
-0.001343
-0.001587
-0.000488
-0.002930
-0.002197
-0.000610
-0.001709
-0.001587
-0.000244
-0.001953
-0.001221
-0.002075
-0.001221
-0.001831
-0.001343
-0.001831
-0.001587
-0.001343
-0.002686
-0.002075
-0.001343
-0.001221
-0.000488
-0.002930
-0.001221
-0.002075
-0.002197
-0.001465
-0.001099
-0.001099
-0.001953
-0.001099
-0.002686
-0.001465
0.000000
-0.002319
-0.001587
-0.000366
-0.001709
-0.001709
-0.001343
-0.001831
-0.001099
-0.002197
-0.002075
-0.002563
-0.002930
-0.001343
-0.001343
-0.002075
-0.001953
-0.000854
-0.002686
-0.000732
-0.001831
-0.001709
-0.001953
-0.001343
-0.000854
-0.002319
-0.000854
-0.000610
-0.000854
-0.001221
-0.001831
-0.000854
-0.000977
-0.001465
-0.000732
-0.001831
-0.001587
-0.001953
-0.002075
-0.001709
-0.001099
-0.000732
-0.001953
-0.001587
-0.001587
-0.001343
-0.001953
-0.001709
-0.001953
0.000000
-0.001099
-0.002563
-0.001465
-0.001587
-0.001343
-0.001953
-0.001221
-0.001709
-0.001953
-0.001709
-0.001465
-0.001099
-0.000366
-0.001343
-0.002075
-0.001099
-0.001831
-0.002075
-0.002319
-0.003174
-0.000854
-0.000977
-0.002930
-0.001709
-0.002197
-0.002808
-0.001221
0.000977
-0.001465
-0.002075
-0.001953
-0.002075
-0.002563
-0.002075
-0.001709
-0.002197
-0.001465
-0.002441
-0.001221
-0.001343
-0.001831
-0.001099
-0.001465
-0.000977
-0.002319
-0.001953
-0.001953
-0.001709
-0.001709
-0.001343
-0.000610
-0.001099
-0.001343
-0.001465
-0.000977
-0.001221
-0.002930
-0.000854
-0.001831
-0.001953
-0.002441
-0.002075
-0.002441
-0.001587
-0.001465
-0.001221
-0.001953
0.000122
-0.000610
-0.003296
-0.001343
-0.002563
-0.000366
-0.000610
-0.000366
-0.001343
-0.002075
-0.002441
-0.000854
-0.001587
-0.001465
-0.000244
-0.001953
-0.002563
-0.001709
-0.001953
-0.002197
-0.001465
-0.002197
-0.000244
-0.003052
-0.002563
-0.000854
-0.000977
-0.001709
-0.002930
-0.000854
-0.001587
-0.000732
-0.001709
-0.002563
-0.000732
-0.002319
-0.000732
-0.001587
-0.001709
-0.001221
-0.001953
-0.000732
-0.003052
-0.001709
-0.003052
-0.002563
-0.002197
-0.000854
-0.001465
-0.001953
-0.002441
-0.001709
-0.002197
-0.002441
-0.001465
-0.001099
-0.001587
-0.001587
-0.001221
-0.000366
-0.001709
-0.001221
-0.001831
-0.002441
-0.000610
-0.002930
-0.001343
-0.000244
-0.002197
-0.000854
-0.002075
-0.002563
-0.001709
-0.001099
-0.001465
-0.002930
-0.002563
-0.002319
-0.002441
-0.000732
-0.001831
-0.001587
-0.001953
-0.002441
-0.000610
-0.002808
-0.001709
-0.001099
-0.003174
-0.002197
-0.002197
-0.003662
-0.001587
-0.001099
-0.002075
-0.001953
-0.002319
-0.001953
-0.000854
-0.000854
-0.001099
-0.001709
-0.000854
-0.000488
-0.001587
-0.001343
-0.000977
-0.001343
-0.000488
-0.001465
-0.001709
-0.002197
-0.001465
-0.000488
-0.002197
-0.000854
-0.000732
-0.001099
-0.001221
-0.001465
-0.002075
-0.001343
-0.002563
-0.002563
-0.001587
-0.002075
-0.003174
-0.001709
-0.001221
-0.002197
-0.001709
-0.002075
-0.002075
-0.001465
-0.002319
-0.000610
-0.001343
-0.001587
-0.000977
-0.001953
-0.002075
-0.001343
-0.002563
-0.001587
-0.000732
-0.002197
-0.002075
-0.002075
-0.002319
-0.000854
-0.001465
-0.002075
-0.000488
-0.002075
-0.001709
-0.000977
-0.001343
-0.001831
-0.001709
-0.002563
-0.002075
-0.001709
-0.001709
-0.000732
-0.001465
-0.002563
-0.001221
-0.001831
-0.001465
-0.001465
-0.000732
-0.001587
-0.001587
-0.000977
-0.000732
-0.001099
-0.001587
-0.000244
-0.002075
-0.000732
-0.001465
-0.001221
-0.000366
-0.001465
-0.002075
-0.001221
-0.001343
-0.001709
-0.000854
-0.001587
-0.000977
-0.000488
-0.001465
-0.001343
-0.001343
-0.002197
-0.001099
-0.000366
-0.000610
-0.001221
0.000244
-0.001587
-0.002930
-0.001587
-0.000732
-0.001831
-0.001709
-0.001831
-0.001709
-0.001221
-0.002075
-0.003052
-0.002197
-0.001953
-0.001465
-0.001831
-0.001953
-0.002319
-0.000122
-0.001343
-0.002808
-0.000854
-0.002808
-0.000610
-0.002686
-0.000732
-0.001465
-0.002441
-0.002319
-0.002563
-0.001953
-0.001221
-0.001465
-0.001221
-0.001465
-0.001709
-0.000732
-0.002319
-0.001709
-0.000977
-0.002686
-0.002930
-0.002075
-0.001221
-0.000488
-0.000488
-0.001587
-0.001953
-0.001709
-0.001099
-0.001465
-0.002075
-0.000610
-0.000488
-0.001221
-0.002686
-0.001953
-0.001587
-0.001221
-0.001099
-0.001831
-0.001587
-0.001587
-0.001099
-0.001709
-0.001709
-0.001587
-0.002441
-0.001709
-0.001343
-0.000977
-0.001953
-0.001953
-0.002563
-0.001099
-0.000610
-0.003052
-0.001465
0.000244
-0.001343
-0.001587
-0.001099
-0.002197
-0.002319
-0.001709
-0.001587
-0.002319
-0.001221
-0.000854
-0.002197
-0.001709
-0.001831
-0.001709
-0.002319
-0.001709
-0.002197
-0.001709
-0.000244
-0.001343
-0.000732
-0.002319
-0.001343
-0.000732
-0.001587
-0.001099
-0.001343
-0.001587
-0.001953
-0.001709
-0.000977
-0.002197
-0.001953
-0.001465
-0.002319
-0.001099
-0.001343
-0.000977
-0.000488
-0.002930
-0.001587
-0.000488
-0.001587
-0.001221
-0.000732
-0.002197
-0.001587
0.000000
-0.002319
-0.000610
-0.001099
-0.001465
-0.001709
-0.001709
-0.001343
-0.000977
-0.001099
-0.001587
-0.000854
-0.000977
-0.000732
-0.002930
-0.002563
-0.001343
-0.002319
-0.002563
-0.002075
-0.000488
-0.001587
-0.001099
-0.001465
-0.000366
-0.001465
-0.002075
-0.001465
-0.002075
-0.001709
-0.000244
-0.002319
-0.001709
-0.001221
-0.001099
-0.001831
-0.001465
-0.000366
-0.001709
-0.001099
-0.001343
-0.000366
-0.001587
-0.001953
-0.001221
-0.001709
-0.001587
-0.001221
-0.001831
-0.000854
-0.001831
-0.002808
-0.000854
-0.001831
-0.000854
-0.002441
-0.001953
-0.000488
-0.000977
-0.000366
-0.002075
-0.001099
-0.002197
-0.001709
-0.001465
-0.002563
-0.002075
-0.001343
-0.000977
-0.001709
-0.000488
-0.001587
-0.002197
-0.001953
-0.001465
-0.001587
-0.002686
-0.001099
-0.001953
-0.002563
-0.001465
-0.001099
-0.001953
-0.000244
-0.001709
-0.000977
-0.001099
-0.001587
0.000000
-0.001343
-0.000732
-0.001343
-0.001709
-0.002319
-0.001709
-0.000854
-0.001465
-0.001587
-0.001099
-0.001343
-0.000854
-0.001953
-0.001953
-0.002563
-0.002808
-0.000732
-0.000854
-0.000977
-0.001587
-0.000610
-0.002808
-0.000122
-0.001221
-0.001343
-0.000488
-0.001709
-0.003052
-0.001587
-0.000488
-0.000732
-0.001221
-0.000854
-0.001587
-0.001709
-0.002319
-0.000488
-0.002197
0.000000
-0.001587
-0.003052
-0.000122
-0.001221
-0.001221
-0.001709
-0.001465
-0.000366
-0.001465
-0.000732
-0.001343
-0.001953
-0.000854
-0.001465
-0.001953
-0.001221
-0.002197
-0.001465
-0.002686
-0.000854
-0.001343
-0.002197
-0.001221
-0.000610
-0.002319
-0.001709
-0.001099
-0.002319
-0.002563
-0.001221
-0.000854
-0.002563
-0.001465
-0.001343
-0.001099
-0.001465
-0.000366
-0.002686
-0.001709
-0.001709
-0.002441
-0.002563
-0.001099
-0.001343
-0.002075
-0.001709
-0.001099
-0.002808
-0.001587
-0.000977
-0.000977
-0.001587
-0.000610
-0.000610
-0.001953
-0.001587
-0.001709
-0.001221
-0.002319
-0.001343
-0.000977
-0.001831
-0.000610
-0.001953
-0.001709
-0.001221
-0.000854
-0.001831
-0.001343
-0.001587
-0.002319
-0.000610
-0.002197
-0.001709
-0.000366
-0.001099
-0.001221
-0.001221
-0.001587
0.000000
-0.000610
-0.001587
-0.001587
-0.001221
-0.001221
-0.001465
-0.001465
-0.002563
-0.002197
-0.001221
-0.000732
-0.002563
-0.001099
-0.000732
-0.002441
-0.000854
-0.001953
-0.000610
-0.002075
-0.002319
-0.001099
-0.001831
-0.002075
-0.000366
-0.001221
-0.001709
-0.001465
-0.000610
-0.000854
-0.002075
-0.001465
-0.000610
-0.001709
-0.001587
-0.000977
-0.001953
-0.001709
-0.002075
-0.001465
-0.001465
-0.000488
-0.001831
-0.001953
-0.002319
-0.002197
-0.000854
-0.000732
-0.001343
-0.001221
-0.001099
-0.001099
-0.001343
-0.001465
-0.001831
-0.001221
-0.001953
0.000000
-0.000732
-0.002075
-0.001343
-0.001099
-0.000854
-0.002075
-0.000610
-0.002075
-0.002808
-0.001587
-0.001099
-0.001587
-0.000732
-0.001831
-0.001343
-0.000488
-0.002075
-0.001587
-0.000854
-0.000610
-0.001709
-0.001343
-0.001221
-0.002197
-0.000488
-0.000977
-0.000488
-0.001831
-0.000366
-0.002075
-0.001099
-0.001709
-0.001587
-0.001465
-0.000610
-0.001221
-0.001465
-0.001709
-0.001831
-0.002075
-0.002197
-0.002075
-0.001221
-0.000610
-0.001587
-0.000732
-0.001831
-0.001709
-0.001099
-0.001709
-0.000366
-0.001343
-0.002930
-0.001099
-0.001221
-0.001465
-0.000854
-0.001099
-0.000610
-0.001709
-0.000854
-0.000122
-0.001709
-0.000977
-0.001343
-0.001709
-0.001465
-0.000854
-0.001709
-0.001099
-0.001953
-0.002319
-0.001343
-0.001099
-0.000610
-0.001587
-0.001465
-0.001465
-0.001465
-0.001831
-0.001465
-0.001587
-0.000732
-0.001343
-0.002319
-0.002441
-0.001465
-0.001221
-0.000610
-0.001343
-0.001709
-0.002686
-0.001709
-0.001587
-0.000610
-0.002686
-0.000610
-0.001221
-0.001831
-0.001587
-0.002075
-0.001343
-0.002197
-0.001343
-0.000732
-0.001709
-0.001343
-0.002319
-0.001709
-0.002930
-0.001953
-0.001099
-0.001953
-0.001343
-0.000488
-0.001953
-0.001709
-0.002319
-0.002563
-0.001465
-0.001709
-0.000366
-0.001953
-0.000732
-0.001831
-0.002319
-0.001099
-0.002319
-0.000610
-0.001465
-0.001709
-0.000854
-0.001831
-0.000732
-0.002075
-0.002075
-0.001465
-0.000732
-0.002075
-0.001465
-0.001099
-0.001221
-0.001709
-0.000977
-0.000244
-0.002563
-0.002808
0.000488
-0.001465
-0.001465
-0.001343
-0.001099
-0.001587
-0.002441
-0.001709
-0.000854
-0.002075
-0.001709
-0.001221
-0.002319
-0.002197
-0.001709
-0.001099
-0.001465
-0.001465
-0.001099
-0.002197
0.000122
-0.000854
-0.000854
-0.002441
-0.002197
-0.001953
-0.002075
-0.000854
-0.002319
-0.002319
-0.000854
-0.000854
-0.002197
-0.002563
-0.002197
-0.000488
-0.001099
-0.001099
-0.002930
-0.001709
-0.000854
-0.000366
-0.002441
-0.001465
-0.001953
-0.001709
-0.001709
-0.001099
-0.000854
-0.000854
-0.001953
-0.002075
-0.001709
-0.001221
-0.001099
-0.000610
-0.000854
-0.001709
-0.000977
-0.001099
-0.001465
-0.001099
-0.001953
-0.000488
-0.001831
-0.002197
-0.001465
-0.001465
-0.002808
-0.001099
-0.001099
-0.001953
-0.001709
-0.001343
-0.001953
-0.000854
-0.001587
-0.002197
-0.000854
-0.000610
-0.001831
-0.000854
-0.002075
-0.000854
-0.001465
-0.001587
-0.000977
-0.001099
-0.001831
-0.001953
-0.000854
-0.001953
-0.000854
-0.002197
-0.001099
-0.000854
-0.001587
-0.001709
-0.002075
-0.001587
-0.000610
-0.001953
-0.000610
-0.000732
-0.001465
-0.001221
-0.001343
-0.001709
-0.001099
-0.001465
-0.000244
-0.002563
-0.001587
-0.001343
-0.001709
-0.001831
-0.001953
-0.001709
-0.001465
-0.002197
-0.001709
-0.001587
-0.002441
-0.001343
-0.001099
-0.001099
-0.001221
-0.000366
-0.002441
-0.001343
-0.001343
-0.002075
-0.001587
-0.001221
-0.000854
-0.002075
-0.001343
-0.001587
-0.001709
-0.000854
-0.000854
-0.002563
-0.001221
-0.000732
-0.001099
-0.002075
-0.001709
-0.000977
-0.001221
-0.001953
-0.002319
-0.000122
-0.001709
-0.001343
-0.001953
-0.001587
-0.001465
-0.002319
-0.001953
-0.001465
-0.000366
-0.000732
-0.001099
-0.001709
-0.001465
-0.000977
-0.000122
-0.002075
-0.001587
-0.000732
-0.001831
-0.001099
-0.001343
-0.001221
-0.001953
-0.001099
-0.002075
-0.001465
-0.001221
-0.002319
-0.001343
-0.001221
-0.000854
-0.001953
-0.001343
-0.001709
-0.001343
-0.000732
-0.001587
-0.000244
-0.001221
-0.001831
-0.001221
-0.000977
-0.001465
-0.001343
-0.001221
-0.001221
-0.001099
-0.001709
-0.001343
-0.002319
-0.001343
-0.001221
-0.001099
-0.000854
-0.001587
-0.001099
-0.000977
-0.001221
-0.000244
-0.001465
-0.001587
-0.001709
-0.001221
-0.001465
-0.001343
-0.002075
-0.001343
-0.001831
-0.002808
-0.000244
-0.001831
-0.001099
-0.001831
-0.001465
-0.001587
-0.001709
-0.001587
-0.002075
-0.002441
-0.002075
-0.001953
-0.000488
-0.001099
-0.000977
-0.002197
-0.003174
-0.002197
-0.001709
-0.002197
-0.001221
-0.002075
-0.000732
-0.001709
-0.001099
-0.001709
-0.002319
-0.001709
-0.001099
-0.002197
0.000122
-0.001587
-0.001099
-0.001221
-0.001343
-0.001465
-0.001343
-0.001465
0.000122
-0.000977
-0.000732
-0.001465
-0.002441
-0.001099
-0.001221
-0.001221
-0.001709
-0.002686
-0.001709
-0.001465
-0.001831
-0.001221
-0.001221
-0.001343
-0.000122
-0.001465
-0.002319
-0.000610
-0.000977
-0.002075
-0.001465
-0.001465
-0.001221
-0.001831
-0.001709
-0.001709
-0.001465
-0.001099
-0.002197
-0.001221
-0.001343
-0.001343
-0.001221
-0.001953
-0.001953
-0.002075
-0.001343
-0.001953
-0.002075
-0.001587
-0.002197
-0.001953
-0.001709
-0.002563
-0.000610
-0.001709
-0.002075
-0.000122
-0.000854
-0.001465
-0.001587
-0.000610
-0.001831
-0.001465
-0.000610
-0.001221
-0.000977
-0.002563
-0.000610
-0.003296
-0.001709
-0.000610
-0.001953
-0.001343
-0.001587
-0.000854
0.009277
0.047363
0.104126
0.146118
0.188232
0.236572
0.279175
0.325928
0.365845
0.409058
0.450195
0.488159
0.528564
0.564941
0.601562
0.635498
0.667847
0.698242
0.725830
0.753174
0.779297
0.802734
0.825195
0.843750
0.858643
0.875000
0.888184
0.899658
0.907227
0.912842
0.917114
0.917480
0.917114
0.912842
0.907227
0.899780
0.889404
0.877319
0.861938
0.845703
0.826294
0.806274
0.781738
0.756958
0.730225
0.700684
0.670898
0.637573
0.604004
0.568481
0.531616
0.494507
0.452759
0.413574
0.372559
0.328369
0.286377
0.241577
0.197266
0.151611
0.105469
0.060547
0.013794
-0.030762
-0.076538
-0.122192
-0.167480
-0.214111
-0.257202
-0.302612
-0.344849
-0.388062
-0.429443
-0.468384
-0.507080
-0.544678
-0.581299
-0.615967
-0.648560
-0.678589
-0.709106
-0.736084
-0.761475
-0.786743
-0.808838
-0.828979
-0.846069
-0.861938
-0.877319
-0.887939
-0.896362
-0.904907
-0.909302
-0.911621
-0.912842
-0.911377
-0.906372
-0.900635
-0.891846
-0.880127
-0.867310
-0.851685
-0.835083
-0.815186
-0.793335
-0.769897
-0.743774
-0.714722
-0.687256
-0.656372
-0.623047
-0.589478
-0.553101
-0.514404
-0.474731
-0.435425
-0.393188
-0.352905
-0.310181
-0.266235
-0.222168
-0.174683
-0.130737
-0.085205
-0.038818
0.007202
0.053223
0.099854
0.144531
0.190063
0.235718
0.280029
0.324951
0.366333
0.408569
0.449341
0.488770
0.527710
0.565063
0.600708
0.634277
0.667114
0.697144
0.727051
0.755615
0.778564
0.802612
0.824097
0.842407
0.859497
0.875244
0.888062
0.899414
0.907104
0.913086
0.918335
0.917358
0.916748
0.913574
0.907471
0.899536
0.889771
0.876221
0.861938
0.844482
0.825684
0.804810
0.782471
0.756470
0.729492
0.701172
0.669922
0.637085
0.605103
0.568604
0.530640
0.492798
0.453003
0.413452
0.371216
0.328369
0.283936
0.241211
0.195801
0.150146
0.104980
0.059082
0.012695
-0.033203
-0.078979
-0.124512
-0.168823
-0.213623
-0.259888
-0.302490
-0.345581
-0.389038
-0.428955
-0.468994
-0.509277
-0.544434
-0.581665
-0.616211
-0.648926
-0.681030
-0.710327
-0.739014
-0.765625
-0.789185
-0.811646
-0.832397
-0.850342
-0.867432
-0.880371
-0.890991
-0.900391
-0.907104
-0.912598
-0.915771
-0.915771
-0.913452
-0.909180
-0.901978
-0.893677
-0.882690
-0.868042
-0.853882
-0.836548
-0.816772
-0.794678
-0.771362
-0.744751
-0.717163
-0.687378
-0.657227
-0.622803
-0.589233
-0.552734
-0.514526
-0.475952
-0.436646
-0.394897
-0.352051
-0.310669
-0.267456
-0.221558
-0.175537
-0.130737
-0.083984
-0.038330
0.006226
0.053345
0.099487
0.144043
0.190918
0.235107
0.280151
0.323730
0.365356
0.408569
0.449707
0.488770
0.526855
0.564819
0.600586
0.633423
0.667358
0.697510
0.727539
0.754761
0.779175
0.803101
0.823608
0.843750
0.860107
0.875366
0.888062
0.899048
0.905762
0.912720
0.917114
0.918579
0.915894
0.913086
0.907959
0.899658
0.889160
0.876221
0.860474
0.844360
0.825439
0.805908
0.781006
0.755371
0.730225
0.700439
0.671143
0.638306
0.602051
0.567627
0.531738
0.492065
0.452759
0.412598
0.371338
0.327515
0.283569
0.241455
0.196533
0.149414
0.104248
0.059570
0.012573
-0.031860
-0.078857
-0.124512
-0.168579
-0.215454
-0.259399
-0.302856
-0.345581
-0.388672
-0.429077
-0.469971
-0.509033
-0.545776
-0.583252
-0.616577
-0.649414
-0.679199
-0.711182
-0.739136
-0.765869
-0.790039
-0.812500
-0.833008
-0.850098
-0.868774
-0.882446
-0.891235
-0.902954
-0.907837
-0.913696
-0.916260
-0.915161
-0.915405
-0.909180
-0.903198
-0.894287
-0.881104
-0.869995
-0.854614
-0.836670
-0.817993
-0.795044
-0.771851
-0.745850
-0.716675
-0.688721
-0.657959
-0.624023
-0.589600
-0.553711
-0.515259
-0.477051
-0.435547
-0.395386
-0.352905
-0.310059
-0.266602
-0.220947
-0.176392
-0.131348
-0.084595
-0.039185
-0.003296
0.004028
-0.006348
-0.002075
-0.000244
-0.005127
0.000000
-0.002930
-0.002563
-0.000854
-0.003418
-0.001953
-0.001953
-0.002563
-0.002319
-0.002197
-0.001709
-0.000977
-0.002075
-0.003174
-0.002686
-0.003174
-0.002075
-0.002197
-0.002075
-0.002563
-0.001709
-0.003784
-0.001831
-0.002075
-0.001953
-0.002930
-0.002930
-0.002686
-0.002808
-0.000732
-0.001343
-0.003052
-0.002808
-0.002319
-0.002686
-0.003418
-0.001221
-0.002808
-0.001831
-0.001953
-0.002319
-0.002686
-0.002930
-0.001831
-0.003174
-0.003174
-0.001465
-0.002197
-0.001953
-0.002075
-0.002808
-0.001953
-0.001709
-0.001709
-0.002319
-0.001709
-0.002930
-0.001343
-0.001953
-0.001831
-0.001709
-0.002319
-0.000854
-0.001343
-0.001587
-0.002075
-0.003174
-0.001099
-0.002075
-0.001343
-0.001587
-0.002075
-0.003418
-0.003052
-0.002563
-0.002930
-0.002075
-0.003540
-0.002197
-0.001953
-0.001099
-0.003296
-0.002686
-0.001831
-0.002319
-0.001221
-0.001709
-0.002197
-0.001953
-0.001831
-0.002319
-0.002808
-0.001953
-0.002563
-0.003052
-0.001465
-0.002441
-0.002563
-0.002197
-0.002563
-0.001709
-0.001953
-0.002197
-0.002563
-0.001709
-0.002563
-0.002075
-0.003418
-0.001953
-0.001953
-0.001099
-0.001343
-0.002075
-0.002075
-0.002075
-0.001831
-0.002197
-0.002319
-0.001221
-0.002563
-0.001343
-0.002686
-0.002563
-0.002319
-0.001953
-0.001465
-0.001831
-0.002563
-0.002075
-0.001953
-0.002563
-0.002563
-0.001953
-0.003052
-0.001831
-0.002563
-0.002563
-0.002075
-0.002075
-0.001709
-0.002686
-0.002319
-0.001831
-0.002808
-0.002197
-0.001953
-0.002930
-0.002319
-0.001343
-0.002563
-0.003052
-0.001221
-0.002563
-0.001831
-0.002930
-0.001953
-0.002563
-0.002563
-0.002563
-0.002563
0.000000
-0.002075
-0.001465
-0.002075
-0.003052
-0.001465
-0.002563
-0.002197
-0.002075
-0.002319
-0.002319
-0.001709
-0.002930
-0.002197
-0.002563
-0.003174
-0.001953
-0.001709
-0.001953
-0.002563
-0.001709
-0.002686
-0.001709
-0.002808
-0.002075
-0.002197
-0.002319
-0.001953
-0.002563
-0.002686
-0.001709
-0.002075
-0.003418
-0.001709
-0.001953
-0.001465
-0.001831
-0.001831
-0.003418
-0.002930
-0.002197
-0.002563
-0.002197
-0.002563
-0.002319
-0.002563
-0.002075
-0.002686
-0.001709
-0.002441
-0.001709
-0.000854
-0.001831
-0.001953
-0.002319
-0.002075
-0.003418
-0.001709
-0.002563
-0.002808
-0.002930
-0.002563
-0.002197
-0.002808
-0.000244
-0.002686
-0.002197
-0.002197
-0.002075
-0.001343
-0.003052
-0.002563
-0.002075
-0.001953
-0.002319
-0.002563
-0.001709
-0.002563
-0.001221
-0.002563
-0.002563
-0.002686
-0.003418
-0.001709
-0.001831
-0.003174
-0.000122
-0.002075
-0.001099
-0.002441
-0.002319
-0.001709
-0.002197
-0.002686
-0.001709
-0.001953
-0.002197
-0.002319
-0.001709
-0.002686
-0.002563
-0.003174
-0.001831
-0.001343
-0.002563
-0.002563
-0.001831
-0.002808
-0.001831
-0.002197
-0.003052
-0.003052
-0.002563
-0.001709
-0.002075
-0.001221
-0.002563
-0.002930
-0.002563
-0.001099
-0.002563
-0.003052
-0.001709
-0.001831
-0.001953
-0.002686
-0.001831
-0.002563
-0.002808
-0.002686
-0.002686
-0.001709
-0.002441
-0.001709
-0.002075
-0.002197
-0.002563
-0.001831
-0.001709
-0.002319
-0.001343
-0.001343
-0.002441
-0.000854
-0.002441
-0.001099
-0.001709
-0.002319
-0.002563
-0.002319
-0.002075
-0.004028
-0.002441
-0.001953
-0.002319
-0.002808
-0.003052
-0.001465
-0.003296
-0.003174
-0.002197
-0.002808
-0.002075
-0.003052
-0.002563
-0.001465
-0.002075
-0.001709
-0.001221
-0.002441
-0.001953
-0.001831
-0.002563
-0.001709
-0.002197
-0.001709
-0.001831
-0.001709
-0.002686
-0.002930
-0.002563
-0.001099
-0.002686
-0.002563
-0.001709
-0.005127
-0.002075
-0.001099
-0.002441
-0.002808
-0.001709
-0.002563
-0.002075
-0.002197
-0.002686
-0.002686
-0.002075
-0.002075
-0.002197
-0.002563
-0.002686
-0.002808
-0.001343
-0.001709
-0.002197
-0.002563
-0.002563
-0.001709
-0.001831
-0.002319
-0.002930
-0.001709
-0.000977
-0.001709
-0.002563
-0.002686
-0.002197
-0.003052
-0.002075
-0.003174
-0.001831
-0.002686
-0.002808
-0.002197
-0.002930
-0.001953
-0.002319
-0.002563
-0.001709
-0.002319
-0.003052
-0.002686
-0.002930
-0.002197
-0.002563
-0.001709
-0.002075
-0.002686
-0.001709
-0.000977
-0.001709
-0.002075
-0.001099
-0.002075
-0.002319
-0.002197
-0.003418
-0.002075
-0.002563
-0.002075
-0.002075
-0.002930
-0.001831
-0.002930
-0.003418
-0.001343
-0.001953
-0.001953
-0.001709
-0.002563
-0.002197
-0.002563
-0.003174
-0.000732
-0.002441
-0.001953
-0.001709
-0.001709
-0.001587
-0.001343
-0.001831
-0.002930
-0.002930
-0.002197
-0.002686
-0.003052
-0.002563
-0.002686
-0.002075
-0.004028
-0.001709
-0.002563
-0.003052
-0.002563
-0.003540
-0.002197
-0.001953
-0.002075
-0.001831
-0.003418
-0.001831
-0.002197
-0.002563
-0.001831
-0.002319
-0.001831
-0.002563
-0.002808
-0.001709
-0.002319
-0.002563
-0.001831
-0.002563
-0.002686
-0.002563
-0.002563
-0.001709
-0.002563
-0.002686
-0.001465
-0.001709
-0.002441
-0.001709
-0.001709
-0.002563
-0.003418
-0.001953
-0.002686
-0.003418
-0.002197
-0.002319
-0.003052
-0.002563
-0.002197
-0.003540
-0.002930
-0.001343
-0.003540
-0.002563
-0.002808
-0.002197
-0.002319
-0.002319
-0.002930
-0.001831
-0.001709
-0.002563
-0.001465
-0.001587
-0.003052
-0.002563
-0.001221
-0.003052
-0.002197
-0.003540
-0.002563
-0.002197
-0.001709
-0.003174
-0.002930
-0.002197
-0.002319
-0.001953
-0.002563
-0.001343
-0.000732
-0.001953
-0.001953
-0.001099
-0.002441
-0.002563
-0.002197
-0.002563
-0.003418
-0.002563
-0.000122
-0.001831
-0.002808
-0.000854
-0.002441
-0.000854
-0.002075
-0.002563
-0.002319
-0.003174
-0.002075
-0.001709
-0.002563
-0.002319
-0.001465
-0.002197
-0.001831
-0.002563
-0.003052
-0.002197
-0.002930
-0.002930
-0.002319
-0.001953
-0.001709
-0.001953
-0.002563
-0.002197
-0.002563
-0.001953
-0.001709
-0.002808
-0.001831
-0.001099
-0.002441
-0.001953
-0.003174
-0.003906
-0.001953
-0.003052
-0.002197
-0.002930
-0.001953
-0.001831
-0.002319
-0.002686
-0.001465
-0.001953
-0.003418
-0.001587
-0.001709
-0.002441
-0.002563
-0.001953
-0.002075
-0.002075
-0.001953
-0.002197
-0.002808
-0.001709
-0.002686
-0.002686
-0.001465
-0.002075
-0.001465
-0.002441
-0.002930
-0.002563
-0.001709
-0.000732
-0.002686
-0.003052
-0.001953
-0.002319
-0.001831
-0.002808
-0.003418
-0.001709
-0.001831
-0.002808
-0.002319
-0.002075
-0.003174
-0.003052
-0.002197
-0.002197
-0.002075
-0.002563
-0.001831
-0.002319
-0.002563
-0.002563
-0.002075
-0.002563
-0.001709
-0.002563
-0.002563
-0.002075
-0.001709
-0.001221
-0.002563
-0.002563
-0.003052
-0.003174
-0.001953
-0.002319
-0.002197
-0.001953
-0.002563
-0.001709
-0.002197
-0.001831
-0.001831
-0.003540
-0.001953
-0.002930
-0.001953
-0.001831
-0.003906
-0.001831
-0.001953
-0.001831
-0.001831
-0.002563
-0.001953
-0.002563
-0.001099
-0.002075
-0.002563
-0.002563
-0.001953
-0.002075
-0.003540
-0.002319
-0.001831
-0.002197
-0.001221
-0.001221
-0.003418
-0.002563
-0.001709
-0.003784
-0.003052
-0.001831
-0.002197
-0.002075
-0.002563
-0.002319
-0.001831
-0.002563
-0.002808
-0.002808
-0.002686
-0.001221
-0.002563
-0.002075
-0.002563
-0.002686
-0.001709
-0.001953
-0.002319
-0.001953
-0.001831
-0.002930
-0.002197
-0.002563
-0.002930
-0.002563
-0.001831
-0.003174
-0.002197
-0.002319
-0.002686
-0.002319
-0.002319
-0.001709
-0.002563
-0.002563
-0.002686
-0.002686
-0.000977
-0.001587
-0.002075
-0.002686
-0.002075
-0.002686
-0.002563
-0.002075
-0.002075
-0.003174
-0.002563
-0.001099
-0.001587
-0.002563
-0.002808
-0.001709
-0.001953
-0.002319
-0.002319
-0.003174
-0.002197
-0.001953
-0.001831
-0.001831
-0.002686
-0.002563
-0.002686
-0.001709
-0.001709
-0.001953
-0.002686
-0.001709
-0.003052
-0.001221
-0.001587
-0.002808
-0.001709
-0.002930
-0.003174
-0.001465
-0.003418
-0.002686
-0.001465
-0.002930
-0.002563
-0.001831
-0.002319
-0.001953
-0.001343
-0.001587
-0.001831
-0.002319
-0.001831
-0.002075
-0.001953
-0.001953
-0.002319
-0.002319
-0.002197
-0.003174
-0.003174
-0.002197
-0.001953
-0.001709
-0.001831
-0.002197
-0.003906
-0.002563
-0.001831
-0.003540
-0.002319
-0.002197
-0.001221
-0.003540
-0.001953
-0.001709
-0.003052
-0.001709
-0.002075
-0.002563
-0.001709
-0.002686
-0.002319
-0.003174
-0.001831
-0.001343
-0.002197
-0.001953
-0.002319
-0.001953
-0.002197
-0.002075
-0.001343
-0.002075
-0.002930
-0.001831
-0.001831
-0.001343
-0.002441
-0.001953
-0.002197
-0.001343
-0.001343
-0.001709
-0.002563
-0.003418
-0.001831
-0.001831
-0.002197
-0.001343
-0.002075
-0.001953
-0.002563
-0.001831
-0.001099
-0.002075
-0.003662
-0.001709
-0.001465
-0.002563
-0.001709
-0.002075
-0.002197
-0.001343
-0.001709
-0.003418
-0.001709
-0.002319
-0.002319
-0.001953
-0.001831
-0.001831
-0.002075
-0.002563
-0.000977
-0.002197
-0.001343
-0.001709
-0.001953
-0.001953
-0.002808
-0.001343
-0.002441
-0.003662
-0.002563
-0.003174
-0.003540
-0.001831
-0.002563
-0.002563
-0.001709
-0.000854
-0.002686
-0.003784
-0.002808
-0.002686
-0.001709
-0.002686
-0.002319
-0.002930
-0.002563
-0.002686
-0.002563
-0.001953
-0.001465
-0.001953
-0.002563
-0.001465
-0.001953
-0.002075
-0.001709
-0.001709
-0.001709
-0.001099
-0.002563
-0.002075
-0.003052
-0.002563
-0.002808
-0.002197
-0.001831
-0.002808
-0.001709
-0.001221
-0.002808
-0.001953
-0.001709
-0.002197
-0.002197
-0.001709
-0.002197
-0.001831
-0.002808
-0.002075
-0.003906
-0.002930
-0.001465
-0.003662
-0.000854
-0.001831
-0.002686
-0.002930
-0.003174
-0.001465
-0.001709
-0.001953
-0.001953
-0.001953
-0.002075
-0.000854
-0.002686
-0.002319
-0.001709
-0.001343
-0.002075
-0.001343
-0.002563
-0.001465
-0.001953
-0.002075
-0.000977
-0.001709
-0.002563
-0.002808
-0.001709
-0.001709
-0.002319
-0.002686
-0.002075
-0.002075
-0.001831
-0.003052
-0.002319
-0.001099
-0.001831
-0.002075
-0.001343
-0.000977
-0.001831
-0.003418
-0.002075
-0.001953
-0.001709
-0.001587
-0.002686
-0.002563
-0.001343
-0.001831
-0.001953
-0.002808
-0.002686
-0.002686
-0.001221
-0.002441
-0.003784
-0.001343
-0.001099
-0.002563
-0.002930
-0.002197
-0.001831
-0.001831
-0.001953
-0.002319
-0.002563
-0.002686
-0.002319
-0.002319
-0.002075
-0.001465
-0.002808
-0.001831
-0.002563
-0.002319
-0.001709
-0.001709
-0.001709
-0.001709
-0.001831
-0.002930
-0.002563
-0.001953
-0.003174
-0.001831
-0.002563
-0.002197
-0.003052
-0.002075
-0.002197
-0.002075
-0.001099
-0.002563
-0.002563
-0.002075
-0.003662
-0.001831
-0.001343
-0.002441
-0.003418
-0.001831
-0.002197
-0.002563
-0.002075
-0.000854
-0.003784
-0.002808
-0.002197
-0.002075
-0.002563
-0.001465
-0.002441
-0.001709
-0.001709
-0.002686
-0.002197
-0.001953
-0.000977
-0.001221
-0.001709
-0.003418
-0.001709
-0.002686
-0.002930
-0.003418
-0.002563
-0.001831
-0.002197
-0.001709
-0.002197
-0.002930
-0.002075
-0.001953
-0.001709
-0.001953
-0.002197
-0.003540
-0.001953
-0.001709
-0.001343
-0.002563
-0.001953
-0.001709
-0.001709
-0.001953
-0.001953
-0.002319
-0.001831
-0.001831
-0.002075
-0.001953
-0.001343
-0.001831
-0.002075
-0.002197
-0.001953
-0.002075
-0.002563
-0.000854
-0.002686
-0.002197
-0.001343
-0.002075
-0.002808
-0.002563
-0.002686
-0.003418
-0.000366
-0.001953
-0.003052
-0.001343
-0.001099
-0.002930
-0.002075
-0.001709
-0.002563
-0.001343
-0.002930
-0.002563
-0.002319
-0.002563
-0.001831
-0.001831
-0.002075
-0.002197
-0.001831
-0.003052
-0.001831
-0.002197
-0.002930
-0.001953
-0.001831
-0.002075
-0.002319
-0.001831
-0.001953
-0.002930
-0.003052
-0.002197
-0.003052
-0.001831
-0.002319
-0.002563
-0.002197
-0.001709
-0.002563
-0.002563
-0.002563
-0.001709
-0.002075
-0.001343
-0.002686
-0.001831
-0.002319
-0.002319
-0.002075
-0.001709
-0.001343
-0.002563
-0.001953
-0.002808
-0.002075
-0.000488
-0.001953
-0.001831
-0.001465
-0.000854
-0.002441
-0.002686
-0.000854
-0.001953
-0.002930
-0.001343
-0.002930
-0.002808
-0.002930
-0.001465
-0.001953
-0.002563
-0.002075
-0.002075
-0.001831
-0.002808
-0.001953
-0.001953
-0.002563
-0.001709
-0.001831
-0.002686
-0.001099
-0.002563
-0.001831
-0.000854
-0.000854
-0.002075
-0.002197
-0.002197
-0.001953
-0.000732
-0.002563
-0.002197
-0.001709
-0.002686
-0.001709
-0.002563
-0.002197
-0.001709
-0.003418
-0.002563
-0.002075
-0.002197
-0.001709
-0.001343
-0.002686
-0.002197
-0.001953
-0.001709
-0.001343
-0.002075
-0.002075
-0.001953
-0.002197
-0.001709
-0.001465
-0.001587
-0.003540
-0.002441
-0.002319
-0.002808
-0.001953
-0.002197
-0.002319
-0.002808
-0.002197
-0.002197
-0.003174
-0.002563
-0.002563
-0.002319
-0.001953
-0.002319
-0.001709
-0.002930
-0.002563
-0.001099
-0.002075
-0.002197
-0.002075
-0.002563
-0.002563
-0.002930
-0.002197
-0.002563
-0.002930
-0.001831
-0.002319
-0.002197
-0.002197
-0.003174
-0.002563
-0.002075
-0.002075
-0.002319
-0.002197
-0.002563
-0.002563
-0.002563
-0.003906
-0.001953
-0.002563
-0.001221
-0.000977
-0.001709
-0.001587
-0.001343
-0.001587
-0.001953
-0.002563
-0.002563
-0.000854
-0.002563
-0.002197
-0.002197
-0.002808
-0.002563
-0.001953
-0.001343
-0.002075
-0.002075
-0.001709
-0.001831
-0.002563
-0.002563
-0.002319
-0.001709
-0.002686
-0.001221
-0.001831
-0.002075
-0.002563
-0.001709
-0.003418
-0.002563
-0.001831
-0.002075
-0.003174
-0.001709
-0.002441
-0.001709
-0.002441
-0.001831
-0.001953
-0.001831
-0.000366
-0.001831
-0.001953
-0.002563
-0.002563
-0.000854
-0.002075
-0.002197
-0.002563
-0.001831
-0.002197
-0.002686
-0.002930
-0.001953
-0.001709
-0.002075
-0.002563
-0.002319
-0.002197
-0.001709
-0.001343
-0.001709
-0.002075
-0.002563
-0.001953
-0.003174
-0.002319
-0.001343
-0.002197
-0.002563
-0.002319
-0.002319
-0.001831
-0.002563
-0.001953
-0.002075
-0.002075
-0.003418
-0.002075
-0.001709
-0.002686
-0.002075
-0.001465
-0.001099
-0.002441
-0.002197
-0.001099
-0.002075
-0.002686
-0.002319
-0.001709
-0.002075
-0.002563
-0.002808
-0.002686
-0.002686
-0.000977
-0.002686
-0.002319
-0.001709
-0.002441
-0.003052
-0.002930
-0.001709
-0.002563
-0.000854
-0.002441
-0.000977
-0.002686
-0.003418
-0.000854
-0.002441
-0.001831
-0.001709
-0.003052
-0.002563
-0.002563
-0.002197
-0.001465
-0.002197
-0.002197
-0.002686
-0.001099
-0.001709
-0.003052
-0.001709
-0.002197
-0.002319
-0.002075
-0.002563
-0.002319
-0.002563
-0.002197
-0.002075
-0.002563
-0.002075
-0.002319
-0.002197
-0.001953
-0.002197
-0.001343
-0.001587
-0.002930
-0.002686
-0.001465
-0.001831
-0.003418
-0.001831
-0.001465
-0.000977
-0.002563
-0.002075
-0.000854
-0.000732
-0.001587
-0.002075
-0.001221
-0.003052
-0.001709
-0.001709
-0.002808
-0.001709
-0.001709
-0.002686
-0.002686
-0.001953
-0.001221
-0.002563
-0.002075
-0.001099
-0.002197
-0.002563
-0.000977
-0.002930
-0.001953
-0.001343
-0.001221
-0.001831
-0.002686
-0.002686
-0.002197
-0.001709
-0.002197
-0.001831
-0.001953
-0.001709
-0.001221
-0.002441
-0.002197
-0.001831
-0.001709
-0.001709
-0.000977
-0.002075
-0.001099
-0.002563
-0.002197
-0.001709
-0.001709
-0.001465
-0.001343
-0.001953
-0.003540
-0.002197
-0.001831
-0.001953
-0.001831
-0.002808
-0.001099
-0.002075
-0.002319
-0.002197
-0.000854
-0.002808
-0.002563
-0.001099
-0.003052
-0.001221
-0.002563
-0.002319
-0.001709
-0.001953
-0.002563
-0.001953
-0.002808
-0.001953
-0.001343
-0.002563
-0.001953
-0.002319
-0.002197
-0.003052
-0.002563
-0.001221
-0.001831
-0.001953
-0.001221
-0.002441
-0.002930
-0.001709
-0.002197
-0.002808
-0.001709
-0.001343
-0.003418
-0.001465
-0.002441
-0.002197
-0.002563
-0.002808
-0.001709
-0.001831
-0.002930
-0.001709
-0.001709
-0.002563
-0.001709
-0.001709
-0.002930
-0.002075
-0.002930
-0.001709
-0.001709
-0.001587
-0.001709
-0.001709
-0.001343
-0.002197
-0.002319
-0.001953
-0.001709
-0.002563
-0.002319
-0.002686
-0.001709
-0.001465
-0.000610
-0.001709
-0.003052
-0.002563
-0.002686
-0.002930
-0.001709
-0.001953
-0.001221
-0.001709
-0.001343
-0.001831
-0.002075
-0.003418
-0.002197
-0.003174
-0.001099
-0.001953
-0.001099
-0.002563
-0.002197
-0.002075
-0.002197
-0.002319
-0.001953
-0.002075
-0.001953
-0.000854
-0.003418
-0.002197
-0.001709
-0.001831
-0.002686
-0.001709
-0.002075
-0.001953
-0.003174
-0.002563
-0.001343
-0.002808
-0.001709
-0.001831
-0.002563
-0.002319
-0.001709
-0.002686
-0.002930
-0.002563
-0.001953
-0.001709
-0.001831
-0.002197
-0.003174
-0.001465
-0.001587
-0.003418
-0.001099
-0.002563
-0.002197
-0.002808
-0.000977
-0.000854
-0.002808
-0.001709
-0.001831
-0.002075
-0.001343
-0.003784
-0.001587
-0.003052
-0.002319
-0.001953
-0.001343
-0.001709
-0.002930
-0.001343
-0.003418
-0.002686
-0.002075
-0.001953
-0.001709
-0.001831
-0.002563
-0.002686
-0.002075
-0.001709
-0.002075
-0.002075
-0.002686
-0.002319
-0.001709
-0.001221
-0.001587
-0.002686
-0.001953
-0.002075
-0.002563
-0.001953
-0.002930
-0.002563
-0.003052
-0.002930
-0.002563
-0.003174
-0.002075
-0.001831
-0.001953
-0.001831
-0.002197
-0.002197
-0.001709
-0.001099
-0.001343
-0.003052
-0.001953
-0.002563
-0.001709
-0.001099
-0.002686
-0.002808
-0.001709
-0.002075
-0.002197
-0.002319
-0.001953
-0.002197
-0.001709
-0.002319
-0.001343
-0.001343
-0.001343
-0.000977
-0.002808
-0.001709
-0.002686
-0.002197
-0.001465
-0.002930
-0.001831
-0.002075
-0.001709
-0.002686
-0.002563
-0.003052
-0.001099
-0.002197
-0.002197
-0.001099
-0.001709
-0.002441
-0.002563
-0.001953
-0.002075
-0.003052
-0.001465
-0.001587
-0.002197
-0.002197
-0.002686
-0.003174
-0.003052
-0.003418
-0.001953
-0.002563
-0.001831
-0.001953
-0.002197
-0.002197
-0.002075
-0.001953
-0.003418
-0.001709
-0.001465
-0.002563
-0.001343
-0.002197
-0.002319
-0.002563
-0.001709
-0.002563
-0.002686
-0.001831
-0.001343
-0.002563
-0.001831
-0.002930
-0.002686
-0.002319
-0.002808
-0.002563
-0.002563
-0.001953
-0.001343
-0.000977
-0.002930
-0.001709
-0.002197
-0.001221
-0.002563
-0.001221
-0.000977
-0.002808
-0.002563
-0.002563
-0.001221
-0.001831
-0.002930
-0.001953
-0.002197
-0.001709
-0.002075
-0.002197
-0.001709
-0.001221
-0.001343
-0.001343
-0.001709
-0.002563
-0.001831
-0.002197
-0.002319
-0.002319
-0.001831
-0.001465
-0.001831
-0.002930
-0.002319
-0.002930
-0.001953
-0.002319
-0.001465
-0.001099
-0.001831
-0.001465
-0.003418
-0.002686
-0.002197
-0.002197
-0.002808
-0.002563
-0.001953
-0.001709
-0.001953
-0.001709
-0.001587
-0.000854
-0.001587
-0.001709
-0.003296
-0.002563
-0.002930
-0.002563
-0.001465
-0.002075
-0.001709
-0.002197
-0.002197
-0.002808
-0.002686
-0.001709
-0.002808
-0.001953
-0.001709
-0.002686
-0.003052
-0.002319
-0.002197
-0.003174
-0.001099
-0.002075
-0.002563
-0.001831
-0.002563
-0.003418
-0.002197
-0.004272
-0.003052
-0.002075
-0.001831
-0.001709
-0.002686
-0.000977
-0.003418
-0.001953
-0.002563
-0.001953
-0.000854
-0.001709
-0.001343
-0.002197
-0.001709
-0.002686
-0.001831
-0.002686
-0.001709
-0.002930
-0.002563
-0.001709
-0.003296
-0.001465
-0.001343
-0.001831
-0.002930
-0.001343
-0.002197
-0.003784
-0.003174
-0.001831
-0.003052
-0.002563
-0.002075
-0.003174
-0.002808
-0.002319
-0.002808
-0.002075
-0.002075
-0.002686
-0.001953
-0.002686
-0.002563
-0.003418
-0.002075
-0.001099
-0.002808
-0.002563
-0.002563
-0.003174
-0.001953
-0.002808
-0.003418
-0.002930
-0.001953
-0.004028
-0.002075
-0.001709
-0.001343
-0.001953
-0.001221
-0.002930
-0.001709
-0.002075
-0.003052
-0.001953
-0.002930
-0.001343
-0.001099
-0.003418
-0.002075
-0.002075
-0.003418
-0.002563
-0.002563
-0.001343
-0.002075
-0.003052
-0.001465
-0.003296
-0.002686
-0.002197
-0.002197
-0.001709
-0.002563
-0.000854
-0.002075
-0.002075
-0.002197
-0.003174
-0.002563
-0.002686
-0.002197
-0.001709
-0.001953
-0.002686
-0.002075
-0.002563
-0.002563
-0.001953
-0.002075
-0.002563
-0.003174
-0.001709
-0.002686
-0.003418
-0.001099
-0.003296
-0.002075
-0.002319
-0.003052
-0.001709
-0.002441
-0.001709
-0.001709
-0.002686
-0.002197
-0.001465
-0.001831
-0.002319
-0.001343
-0.001099
-0.003052
-0.001709
-0.002563
-0.002686
-0.002075
-0.002563
-0.001709
-0.002075
-0.001709
-0.002075
-0.002808
-0.001831
-0.002563
-0.002563
-0.003174
-0.001465
-0.003540
-0.003784
-0.002930
-0.002075
-0.002563
-0.003174
-0.002563
-0.001953
-0.001953
-0.001099
-0.002563
-0.002563
-0.003418
-0.002686
-0.001709
-0.001831
-0.002686
-0.003174
-0.002319
-0.002319
-0.002197
-0.001831
-0.001831
-0.003052
-0.001709
-0.002563
-0.002808
-0.002197
-0.001343
-0.002563
-0.001953
-0.003052
-0.002686
-0.002319
-0.001831
-0.001465
-0.001953
-0.001099
-0.002075
-0.002563
-0.002686
-0.003174
-0.001831
-0.002563
-0.002319
-0.002319
-0.002563
-0.003418
-0.002563
-0.001709
-0.002808
-0.002808
-0.002197
-0.002075
-0.002563
-0.001953
-0.002563
-0.001709
-0.003418
-0.000610
-0.001709
-0.002686
-0.002563
-0.003418
-0.002197
-0.002563
-0.001709
-0.002075
-0.002808
-0.001465
-0.000977
-0.001343
-0.001709
-0.000854
-0.002441
-0.002563
-0.002563
-0.002319
-0.003052
-0.001953
-0.002808
-0.003784
-0.002441
-0.001709
-0.002930
-0.001953
-0.001709
-0.001709
-0.003052
-0.000977
-0.002686
-0.002930
-0.001709
-0.002563
-0.003540
-0.002075
-0.001709
-0.003296
-0.002808
-0.002075
-0.002686
-0.002563
-0.001709
-0.002075
-0.002686
-0.002563
-0.002319
-0.001831
-0.002075
-0.002686
-0.001831
-0.002319
-0.003418
-0.002075
-0.002563
-0.002075
-0.001831
-0.003174
-0.001709
-0.002930
-0.001709
-0.002197
-0.002686
-0.002686
-0.002563
-0.002319
-0.003418
-0.002563
-0.003052
-0.001831
-0.002686
-0.002930
-0.001831
-0.002563
-0.001831
-0.001099
-0.001221
-0.001709
-0.002686
-0.001343
-0.000977
-0.003052
-0.001953
-0.001465
-0.001953
-0.001709
-0.001953
-0.002686
-0.002075
-0.002075
-0.002197
-0.003174
-0.001343
-0.002563
-0.001709
-0.001709
-0.002197
-0.002563
-0.002930
-0.002563
-0.000854
-0.001831
-0.002563
-0.001709
-0.002686
-0.002075
-0.001465
-0.001831
-0.002075
-0.002808
-0.001099
-0.002930
-0.002319
-0.001953
-0.001831
-0.002319
-0.001831
-0.002075
-0.002563
-0.002563
-0.002808
-0.001709
-0.002075
-0.002319
-0.002563
-0.001709
-0.003540
-0.001221
-0.002075
-0.001709
-0.001465
-0.002563
-0.001831
-0.002686
-0.001953
-0.001709
-0.003296
-0.002319
-0.002686
-0.003174
-0.001953
-0.002319
-0.002075
-0.002197
-0.002319
-0.000854
-0.001831
-0.001221
-0.001831
-0.003052
-0.002319
-0.003174
-0.002197
-0.001831
-0.003052
-0.001709
-0.001221
-0.002930
-0.002563
-0.003174
-0.003418
-0.001709
-0.003784
-0.002319
-0.001831
-0.002075
-0.002563
-0.002319
-0.001465
-0.002563
-0.001465
-0.001831
-0.002075
-0.001221
-0.001953
-0.001953
-0.001709
-0.003052
-0.002563
-0.002686
-0.002075
-0.002808
-0.003174
-0.001709
-0.001709
-0.002075
-0.001953
-0.002686
-0.001465
-0.002563
-0.002319
-0.001953
-0.002197
-0.000854
-0.001953
-0.003052
-0.002197
-0.001465
-0.001831
-0.002319
-0.001221
-0.002075
-0.001953
-0.002808
-0.001831
-0.002563
-0.002563
-0.002930
-0.002197
-0.000488
-0.001953
-0.002686
-0.002319
-0.003418
-0.002686
-0.001465
-0.003418
-0.002563
-0.002563
-0.002563
-0.003418
-0.003174
-0.001709
-0.002197
-0.001953
-0.002197
-0.001465
-0.002563
-0.001709
-0.000854
-0.002808
-0.002075
-0.002563
-0.002686
-0.002930
-0.002808
-0.002563
-0.002197
-0.001709
-0.001221
-0.000854
-0.002930
-0.002197
-0.002563
-0.001709
-0.001709
-0.001343
-0.002563
-0.002197
-0.002319
-0.002075
-0.001465
-0.001953
-0.001099
-0.002930
-0.002319
-0.001099
-0.001709
-0.002563
-0.001465
-0.002441
-0.001831
-0.002808
-0.001709
-0.002197
-0.002075
-0.002319
-0.002686
-0.000732
-0.002075
-0.001831
-0.001953
-0.002319
-0.002197
-0.002686
-0.001709
-0.002686
-0.001831
-0.002563
-0.001099
-0.002563
-0.002319
-0.003418
-0.001953
-0.001709
-0.002563
-0.002686
-0.002563
-0.003052
-0.002075
-0.002686
-0.003052
-0.000366
-0.002563
-0.000854
-0.002686
-0.002563
-0.002319
-0.002075
-0.002075
-0.001831
-0.002319
-0.001953
-0.002930
-0.002563
-0.002563
-0.001221
-0.002441
-0.002075
-0.002563
-0.003418
-0.001953
-0.003052
-0.001831
-0.001709
-0.001831
-0.002075
-0.002197
-0.002563
-0.001709
-0.001709
-0.002197
-0.002808
-0.002563
-0.001953
-0.002563
-0.002319
-0.001465
-0.002563
-0.002808
-0.000488
-0.002563
-0.001831
-0.002563
-0.001709
-0.002930
-0.001709
-0.002930
-0.001709
-0.002197
-0.002075
-0.001709
-0.003052
-0.002319
-0.001831
-0.002686
-0.002686
-0.002197
-0.002075
-0.001709
-0.003052
-0.002319
-0.002563
-0.002686
-0.003418
-0.001831
-0.001709
-0.001831
-0.001953
-0.001343
-0.001831
-0.002930
-0.002808
-0.002686
-0.002808
-0.001221
-0.002075
-0.002197
-0.001709
-0.002563
-0.001709
-0.001953
-0.002075
-0.001831
-0.001709
-0.002319
-0.002563
-0.001709
-0.002197
-0.002075
-0.001953
-0.002930
-0.000977
-0.002686
-0.002197
-0.002075
-0.002563
-0.002930
-0.002563
-0.003052
-0.001343
-0.002075
-0.000854
-0.002686
-0.002319
-0.001343
-0.001831
-0.002319
-0.002686
-0.002686
-0.002319
-0.001465
-0.001709
-0.002441
-0.001831
-0.002808
-0.000977
-0.002075
-0.001709
-0.001831
-0.002075
-0.000977
-0.002808
-0.002197
-0.002808
-0.002563
-0.001709
-0.002075
-0.001953
-0.002319
-0.001709
-0.002930
-0.002319
-0.002808
-0.001709
-0.003418
-0.002563
-0.001343
-0.001709
-0.001343
-0.002563
-0.001465
-0.001343
-0.002197
-0.002686
-0.001709
-0.002197
-0.002930
-0.001709
-0.002686
-0.002563
-0.001709
-0.002563
-0.003418
-0.001709
-0.001587
-0.002563
-0.002197
-0.001953
-0.002563
-0.002563
-0.001831
-0.003418
-0.001709
-0.001343
-0.000854
-0.001709
-0.002930
-0.001465
-0.001953
-0.003174
-0.002319
-0.001343
-0.002441
-0.001831
-0.001709
-0.001953
-0.001953
-0.001953
-0.002075
-0.001343
-0.002075
-0.002075
-0.001709
-0.002563
-0.002563
-0.002075
-0.001709
-0.001709
-0.001709
-0.000977
-0.001831
-0.001465
-0.002808
-0.002563
-0.001953
-0.001099
-0.001709
-0.002563
-0.002075
-0.002563
-0.003052
-0.000488
-0.002075
-0.002930
-0.002075
-0.002197
-0.002319
-0.002563
-0.001221
-0.002563
-0.002808
-0.001709
-0.001709
-0.001343
-0.002441
-0.003418
-0.002319
-0.001709
-0.001343
-0.002686
-0.001709
-0.002563
-0.001831
-0.002563
-0.002075
-0.002319
-0.001831
-0.001343
-0.000854
-0.002197
-0.001343
-0.001709
-0.002075
-0.001221
-0.002441
-0.001953
-0.001709
-0.002197
-0.001709
-0.001343
-0.002563
-0.002563
-0.001099
-0.001953
-0.002808
-0.001709
-0.002441
-0.001953
-0.002319
-0.003418
-0.001709
-0.003296
-0.002563
-0.001709
-0.001953
-0.001831
-0.001709
-0.001953
-0.002563
-0.001831
-0.003540
-0.002319
-0.001709
-0.001831
-0.001465
-0.002808
-0.001221
-0.002686
-0.002075
-0.001709
-0.001465
-0.002563
-0.001709
-0.001709
-0.003418
-0.002319
-0.002563
-0.001831
-0.002319
-0.002197
-0.002197
-0.002197
-0.002563
-0.003174
-0.003052
-0.002319
-0.002319
-0.003540
-0.002075
-0.002808
-0.002075
-0.001709
-0.002563
-0.001831
-0.002563
-0.001709
-0.001953
-0.002075
-0.000244
-0.001709
-0.002197
-0.001953
-0.001709
-0.001709
-0.002197
-0.003540
-0.001709
-0.002563
-0.002319
-0.002563
-0.002563
-0.002563
-0.002075
-0.002197
-0.001953
-0.002319
-0.001831
-0.003174
-0.002075
-0.002686
-0.001953
-0.001343
-0.002930
-0.002930
-0.002930
-0.002563
-0.001709
-0.001343
-0.002075
-0.002563
-0.002197
-0.001465
-0.000854
-0.001709
-0.001709
-0.001831
-0.000854
-0.002075
-0.001953
-0.003174
-0.001709
-0.003418
-0.001953
-0.001465
-0.003052
-0.002563
-0.002197
-0.002563
-0.001831
-0.000854
-0.001953
-0.003418
-0.002197
-0.001221
-0.002808
-0.001343
-0.002563
-0.001709
-0.002686
-0.001465
-0.002197
-0.002686
-0.001709
-0.001953
-0.001709
-0.001709
-0.002563
-0.002197
-0.001465
-0.001587
-0.001099
-0.003296
-0.002686
-0.001831
-0.002563
-0.000854
-0.001587
-0.002197
-0.000854
-0.001831
-0.002197
-0.001953
-0.002563
-0.001831
-0.002563
-0.001709
-0.002075
-0.002563
-0.001831
-0.002197
-0.001465
-0.001709
-0.003174
-0.000854
-0.001709
-0.002441
-0.000488
-0.002441
-0.001831
-0.001343
-0.002075
-0.000854
-0.001953
-0.002319
-0.002808
-0.001221
-0.001953
-0.002075
-0.001465
-0.002441
-0.001709
-0.001343
-0.002075
-0.002075
-0.000366
-0.001709
-0.001709
-0.001953
-0.002686
-0.002563
-0.002563
-0.002686
-0.001831
-0.002563
-0.002808
-0.001709
-0.001221
-0.002075
-0.001221
-0.002686
-0.002686
-0.001709
-0.001831
-0.001465
-0.001221
-0.001099
-0.002441
-0.002075
-0.002319
-0.003052
-0.002319
-0.001221
-0.002563
-0.002075
-0.001831
-0.001465
-0.002441
-0.002075
-0.002075
-0.002563
-0.001709
-0.001831
-0.002563
-0.001709
-0.001465
-0.001953
-0.001465
-0.001831
-0.003662
-0.001221
-0.002686
-0.002930
-0.000854
-0.001831
-0.002808
-0.002319
-0.001709
-0.002075
-0.002930
-0.003052
-0.001831
-0.001343
-0.001709
-0.003296
-0.002075
-0.001099
-0.000977
-0.001709
-0.001465
-0.001709
-0.002563
-0.003052
-0.002075
-0.002563
-0.001709
-0.001221
-0.001709
-0.001953
-0.002808
-0.000854
-0.001831
-0.002197
-0.002563
-0.001709
-0.001953
-0.000732
-0.001953
-0.002075
-0.001953
-0.002075
-0.002930
-0.002197
-0.001709
-0.001953
-0.001465
-0.001709
-0.002197
-0.002563
-0.001343
-0.001099
-0.003296
-0.002563
-0.001709
-0.001953
-0.003540
-0.001343
-0.002075
-0.001953
-0.002075
-0.002686
-0.002075
-0.001709
-0.001953
-0.002075
-0.001953
-0.001709
-0.002075
-0.002563
-0.002563
-0.002075
-0.001709
-0.002075
-0.001831
-0.001343
-0.002686
-0.001953
-0.001831
-0.002808
-0.003052
-0.002563
-0.003418
-0.001831
-0.001343
-0.002808
-0.002197
-0.000854
-0.002075
-0.002930
-0.003174
-0.001343
-0.002686
-0.003418
-0.002197
-0.001343
-0.001709
-0.002441
-0.002686
-0.002563
-0.001953
-0.002563
-0.002075
-0.002197
-0.001343
-0.002563
-0.001953
-0.001465
-0.001831
-0.002197
-0.002930
-0.002319
-0.001709
-0.001709
-0.002197
-0.001831
-0.002930
-0.001221
-0.001953
-0.003418
-0.002563
-0.002686
-0.002930
-0.001343
-0.000610
-0.002686
-0.001709
-0.002808
-0.001099
-0.001953
-0.002930
-0.001709
-0.002319
-0.002686
-0.001831
-0.001709
-0.001953
-0.002075
-0.001709
-0.001709
-0.000488
-0.002197
-0.001831
-0.002197
-0.002319
-0.001953
-0.003052
-0.001099
-0.002441
-0.002075
-0.002075
-0.002319
-0.002808
-0.001343
-0.001831
-0.001709
-0.003662
-0.002197
-0.001953
-0.001953
-0.002197
-0.000854
-0.001709
-0.002563
-0.002319
-0.001831
-0.001221
-0.000366
-0.001709
-0.001709
-0.002441
-0.000488
-0.002686
-0.002563
-0.001099
-0.002441
-0.001709
-0.002197
-0.002197
-0.001953
-0.001343
-0.001099
-0.003296
-0.001465
-0.002563
-0.001343
-0.002197
-0.001953
-0.001099
-0.001221
-0.003296
-0.003418
-0.002808
-0.002563
-0.001709
-0.001221
-0.002563
-0.002197
-0.001831
-0.002075
-0.000854
-0.001953
-0.001709
-0.001343
-0.001709
-0.002319
-0.002563
-0.001221
-0.002686
-0.001709
-0.001221
-0.002441
-0.003418
-0.002686
-0.001343
-0.002075
-0.000854
-0.001343
-0.001709
-0.001587
-0.001953
-0.002930
-0.001953
-0.001709
-0.002563
-0.001465
-0.001953
-0.002075
-0.002808
0.000000
-0.002075
-0.001831
-0.002930
-0.002319
-0.002686
-0.002319
-0.001709
-0.002075
-0.002197
-0.003174
-0.001831
-0.001953
-0.001343
-0.000732
-0.003296
-0.002563
-0.001343
-0.002563
-0.000977
-0.001709
-0.002563
-0.002563
-0.002563
-0.003418
-0.001465
-0.002563
-0.002563
-0.001099
-0.002075
-0.002075
-0.002563
-0.000732
-0.001953
-0.001709
-0.001831
-0.002686
-0.003418
-0.001465
-0.002563
-0.001953
-0.001465
-0.001709
-0.001831
-0.001709
-0.002197
-0.003174
-0.000854
-0.001831
-0.002808
-0.003418
-0.002930
-0.002197
-0.002930
-0.001709
-0.001709
-0.001831
-0.002686
-0.001709
-0.001953
-0.003052
-0.002563
-0.002563
-0.002197
-0.001831
-0.001953
-0.001709
-0.002075
-0.002197
-0.002930
-0.001709
-0.001709
-0.002563
-0.002319
-0.002930
-0.001099
-0.001953
-0.002563
-0.002563
-0.002197
-0.002563
-0.002563
-0.002686
-0.002075
-0.001709
-0.001709
-0.002197
-0.002563
-0.001099
-0.001099
-0.001953
-0.001465
-0.002563
-0.002563
-0.002075
-0.003418
-0.001343
-0.001709
-0.002197
-0.001953
-0.001953
-0.002563
-0.001831
-0.002197
-0.002563
-0.002319
-0.001953
-0.002197
-0.002197
-0.001831
-0.001831
-0.001831
-0.002319
-0.002075
-0.003662
-0.002197
-0.001953
-0.003418
-0.002686
-0.001709
-0.002686
-0.001953
-0.001953
-0.001953
-0.002563
-0.001343
-0.003052
-0.002563
-0.002808
-0.002197
-0.002686
-0.003174
-0.002197
-0.002563
-0.001343
-0.002563
-0.002197
-0.002197
-0.002563
-0.001343
-0.001587
-0.001953
-0.003540
-0.001343
-0.001831
-0.001709
-0.002563
-0.001343
-0.001831
-0.002563
-0.001221
-0.001953
-0.002075
-0.002197
-0.002930
-0.000854
-0.001221
-0.001831
-0.002319
-0.002930
-0.003784
-0.002808
-0.002563
-0.001343
-0.001709
-0.002563
-0.002197
-0.003174
-0.002686
-0.002319
-0.001221
-0.001587
-0.001709
-0.000854
-0.002563
-0.001953
-0.001709
-0.001343
-0.001709
-0.003052
-0.001709
-0.000977
-0.001831
-0.002686
-0.002197
-0.002563
-0.001953
-0.001831
-0.003052
-0.001831
-0.003174
-0.002075
-0.002563
-0.002808
-0.002197
-0.001709
-0.001709
-0.001709
-0.002686
-0.001709
-0.001587
-0.001709
-0.002563
-0.001953
-0.001221
-0.001221
-0.001343
-0.002808
-0.002319
-0.001709
-0.000977
-0.002197
-0.002563
-0.001465
-0.001953
-0.001953
-0.001831
-0.002197
-0.003052
-0.000854
-0.001831
-0.001465
-0.001709
-0.002808
-0.000854
-0.003296
-0.001953
-0.002930
-0.002197
-0.002319
-0.002686
-0.001709
-0.001953
-0.002808
-0.002563
-0.001953
-0.002930
-0.001953
-0.001221
-0.002441
-0.000977
-0.001587
-0.001587
-0.001343
-0.002441
-0.003052
-0.001709
-0.000977
-0.002563
-0.001831
-0.002319
-0.002686
-0.001709
-0.003174
-0.002563
-0.001709
-0.001953
-0.002686
-0.001465
-0.001953
-0.001953
-0.001465
-0.000366
-0.002563
-0.002197
-0.002197
-0.001709
-0.000732
-0.000854
-0.001221
-0.001587
-0.003418
-0.002319
-0.002075
-0.001831
-0.003174
-0.002563
-0.002075
-0.002197
-0.001953
-0.002319
-0.003052
-0.001465
-0.000854
-0.002075
-0.001343
-0.001953
-0.002075
-0.002197
-0.001099
-0.002197
-0.002563
-0.001953
-0.001831
-0.002563
-0.001343
-0.001709
-0.003052
-0.002319
-0.002075
-0.001953
-0.001343
-0.000366
-0.002441
-0.001953
-0.002686
-0.001953
-0.002563
-0.001953
-0.001953
-0.002563
-0.002563
-0.002808
-0.002686
-0.001221
-0.001709
-0.002075
-0.002197
-0.002563
-0.001709
-0.002319
-0.000854
-0.001953
-0.002563
-0.001709
-0.001709
-0.003052
-0.001099
-0.000610
-0.000977
-0.001831
-0.002563
-0.002563
-0.001343
-0.002930
-0.001831
-0.001343
-0.002563
-0.002075
-0.002930
-0.000977
-0.002441
-0.002075
-0.001221
-0.001953
-0.002808
-0.000366
-0.001709
-0.002319
-0.002563
-0.002563
-0.002808
-0.002075
-0.001099
-0.002075
-0.001709
-0.002563
-0.000977
-0.001831
-0.002563
-0.001709
-0.002319
-0.001343
-0.002563
-0.001099
-0.002686
-0.002197
-0.002563
-0.002197
-0.002686
-0.002563
-0.001709
-0.002075
-0.002075
-0.000977
-0.001343
-0.000854
-0.000977
-0.001221
-0.000366
-0.002563
-0.002319
-0.001831
-0.002197
-0.002197
-0.001953
-0.001953
-0.001953
-0.002686
-0.002686
-0.001831
-0.001953
-0.002930
-0.002563
-0.002563
-0.001465
-0.001831
-0.002808
-0.001831
-0.001831
-0.002930
-0.002197
-0.002808
-0.001343
-0.000977
-0.001953
-0.001343
-0.000854
-0.002197
-0.002930
-0.002197
-0.002197
-0.002197
-0.002563
-0.003174
-0.001465
-0.002197
-0.003418
-0.002563
-0.001709
-0.002319
-0.002319
-0.001221
-0.002197
-0.002563
-0.001953
-0.002686
-0.001709
-0.002075
-0.003052
-0.003174
-0.002686
-0.001831
-0.001709
-0.002563
-0.002075
-0.002563
-0.002197
-0.001343
-0.002808
-0.000854
-0.002686
-0.001709
-0.001709
-0.001343
-0.002441
-0.001465
-0.001587
-0.003906
-0.002319
-0.002197
-0.001221
-0.001709
-0.002075
-0.002075
-0.002930
-0.001831
-0.001343
-0.001709
-0.001709
-0.002563
-0.002686
-0.002686
-0.001465
-0.000854
-0.000854
-0.002563
-0.001465
-0.001831
-0.001709
-0.001953
-0.003174
-0.002686
-0.003418
-0.002075
-0.002563
-0.001221
-0.002441
-0.001465
-0.002563
-0.001831
-0.002686
-0.001831
-0.001343
-0.002075
-0.002197
-0.001343
-0.003784
-0.001831
-0.001831
-0.002319
-0.002197
-0.002319
-0.002563
-0.002319
-0.002563
-0.001099
-0.000977
-0.002441
-0.001831
-0.002808
-0.002808
-0.001099
-0.001953
-0.002075
-0.001831
-0.001831
-0.002319
-0.002075
-0.000854
-0.001709
-0.002686
-0.003418
-0.002197
-0.001709
-0.001953
-0.002563
-0.001709
-0.002319
-0.002197
-0.002686
-0.001221
-0.002808
-0.002075
-0.001953
-0.002930
-0.002686
-0.002563
-0.002075
-0.002075
-0.002930
-0.001953
-0.002075
-0.001465
-0.002075
-0.003418
-0.001099
-0.002197
-0.002075
-0.000366
-0.002441
-0.002075
-0.002075
-0.002563
-0.003174
-0.001831
-0.001953
-0.001831
-0.001831
-0.001831
-0.003906
-0.003052
-0.002197
-0.002319
-0.001709
-0.002563
-0.001709
-0.001953
-0.002686
-0.001831
-0.001343
-0.002563
-0.002808
-0.002197
-0.003052
-0.002197
-0.002075
-0.002563
-0.001465
-0.001221
-0.002075
-0.001953
-0.001953
-0.002930
-0.002197
-0.002686
-0.004028
-0.002075
-0.001221
-0.001709
-0.001709
-0.002075
-0.002197
-0.002075
-0.002197
-0.001831
-0.003052
-0.001953
-0.001465
-0.002441
-0.001953
-0.001953
-0.002197
-0.002197
-0.002075
-0.003418
-0.000977
-0.002563
-0.001709
-0.002808
-0.002075
-0.002075
-0.002930
-0.002075
-0.003174
-0.001221
-0.001709
-0.001953
-0.001709
-0.001099
-0.002075
-0.001953
-0.001099
-0.000732
-0.002563
-0.001953
-0.002075
-0.001709
-0.002319
-0.002197
-0.001221
-0.001709
-0.002563
-0.002075
-0.002319
-0.002075
-0.002075
-0.001953
-0.002197
-0.001709
-0.002930
-0.001953
-0.002197
-0.002563
-0.002563
-0.003418
-0.001709
-0.003418
-0.002563
-0.001709
-0.002808
-0.001831
-0.001709
-0.002563
-0.001831
-0.000854
-0.001953
-0.002563
-0.002197
-0.002075
-0.002563
-0.002075
-0.002930
-0.002563
-0.002075
-0.002563
-0.002563
-0.003784
-0.003174
-0.000977
-0.001709
-0.003052
-0.002563
-0.001221
-0.002563
-0.003052
-0.000977
-0.000977
-0.001953
-0.001465
-0.002808
-0.001709
-0.001343
-0.001831
-0.002686
-0.002319
-0.002319
-0.001709
-0.001343
-0.001953
-0.002075
-0.000488
-0.002563
-0.001709
-0.001709
-0.002197
-0.001831
-0.002808
-0.001099
-0.002197
-0.002319
-0.002686
-0.002319
-0.001953
-0.002197
-0.001709
-0.002563
-0.001709
-0.002808
-0.002563
-0.001709
-0.002319
-0.003052
-0.002075
-0.002319
-0.001465
-0.001099
-0.002563
-0.000366
-0.001709
-0.002319
-0.002075
-0.002563
-0.001465
-0.002563
-0.002930
-0.001709
-0.001953
-0.002563
-0.002563
-0.001953
-0.002075
-0.002319
-0.002808
-0.002197
-0.002319
-0.002197
-0.002075
-0.001953
-0.002319
-0.001343
-0.001831
-0.002075
-0.002075
-0.003174
-0.002686
-0.003052
-0.002563
-0.001709
-0.002075
-0.002197
-0.001465
-0.002075
-0.002686
-0.002197
-0.001709
-0.002563
-0.003418
-0.002319
-0.002686
-0.001831
-0.001953
-0.001343
-0.002808
-0.003052
-0.001465
-0.002563
-0.002563
-0.001221
-0.001953
-0.002563
-0.000732
-0.001709
-0.002197
-0.001343
-0.001953
-0.002075
-0.000854
-0.002563
-0.002563
-0.001953
-0.002075
-0.002563
-0.001709
-0.002563
-0.002075
-0.003418
-0.002686
-0.001343
-0.002197
-0.000977
-0.001831
-0.002686
-0.001221
-0.002197
-0.002075
-0.001343
-0.001343
-0.003540
-0.003174
-0.001831
-0.001465
-0.002686
-0.001343
-0.003052
-0.001343
-0.002930
-0.001953
-0.002197
-0.002563
-0.001953
-0.002075
-0.001465
-0.001831
-0.001465
-0.002197
-0.002563
-0.002197
-0.002075
-0.002319
-0.001465
-0.002686
-0.001831
-0.001831
-0.000854
-0.002075
-0.002075
-0.002075
-0.002563
-0.001709
-0.003052
-0.002319
-0.001465
-0.003052
-0.002808
-0.000732
-0.002686
-0.001709
-0.001709
-0.001709
-0.002563
-0.001709
-0.002075
-0.002563
-0.002319
-0.002808
-0.001831
-0.002686
-0.001709
-0.002563
-0.002075
-0.001831
-0.002563
-0.001343
-0.000732
-0.002563
-0.002563
-0.002563
-0.002563
-0.002563
-0.002075
-0.001221
-0.002075
-0.002563
-0.001099
-0.001709
-0.002686
-0.001953
-0.003174
-0.002075
-0.002563
-0.001953
-0.000732
-0.001953
-0.002197
-0.002930
-0.002075
-0.001221
-0.002197
-0.001831
-0.002075
-0.001709
-0.003052
-0.001221
-0.002441
-0.002930
-0.002075
-0.001831
-0.002808
-0.001709
-0.001953
-0.001709
-0.002930
-0.002686
-0.003418
-0.002808
-0.001221
-0.001709
-0.002563
-0.002319
-0.002075
-0.002563
-0.001831
-0.002930
-0.002563
-0.001343
-0.001709
-0.001587
-0.001709
-0.001587
-0.001221
-0.002808
-0.002197
-0.003174
-0.002197
-0.002686
-0.002563
-0.003174
-0.002197
-0.001709
-0.002197
-0.001099
-0.001709
-0.001831
-0.002808
-0.001709
-0.001831
-0.001831
-0.002197
-0.002075
-0.002319
-0.002686
-0.002319
-0.002563
-0.002197
-0.002319
-0.002563
-0.002197
-0.002197
-0.001221
-0.002686
-0.003174
-0.002319
-0.001953
-0.002563
-0.000977
-0.001343
-0.002075
-0.001343
-0.002563
-0.001953
-0.001709
-0.003052
-0.002197
-0.002563
-0.003052
-0.001953
-0.002197
-0.001709
-0.002197
-0.002319
-0.002319
-0.003418
-0.001953
-0.001709
-0.001831
-0.003174
-0.002686
-0.002563
-0.001831
-0.002563
-0.002563
-0.001709
-0.001343
-0.001709
-0.001221
-0.001953
-0.001953
-0.002075
-0.002930
-0.001099
-0.003296
-0.001709
-0.001831
-0.002563
-0.002319
-0.003418
-0.001343
-0.002808
-0.001709
-0.002075
-0.002563
-0.003052
-0.002686
-0.002319
-0.001343
-0.002808
-0.002197
-0.001343
-0.001221
-0.000977
-0.001831
-0.002686
-0.002319
-0.001953
-0.002075
-0.002197
-0.001831
-0.002563
-0.003174
-0.000122
-0.002686
-0.003052
-0.002686
-0.002563
-0.001465
-0.002441
-0.001953
-0.002197
-0.002808
-0.002197
-0.001465
-0.002563
-0.001831
-0.002319
-0.002808
-0.001709
-0.003052
-0.001709
-0.002686
-0.001343
-0.001221
-0.000977
-0.001709
-0.001953
-0.001953
-0.003906
-0.001709
-0.002686
-0.001709
-0.001709
-0.001831
-0.002563
-0.002319
-0.002319
-0.002075
-0.002319
-0.002563
-0.001709
-0.001831
-0.002930
-0.001953
-0.002075
-0.002686
-0.001221
-0.001709
-0.002930
-0.002197
-0.002930
-0.001953
-0.001099
-0.002075
-0.001221
-0.002563
-0.001709
-0.000854
-0.002563
-0.001465
-0.002197
-0.002075
-0.002075
-0.003174
-0.002930
-0.002319
-0.004028
-0.002319
-0.002319
-0.003052
-0.002563
-0.003784
-0.002563
-0.001709
-0.002563
-0.001709
-0.002197
-0.002563
-0.001465
-0.003418
-0.002075
-0.002319
-0.002808
-0.001953
-0.002075
-0.001099
-0.002563
-0.002686
-0.000854
-0.002197
-0.002563
-0.001709
-0.002563
-0.001709
-0.001953
-0.002808
-0.002930
-0.001709
-0.002319
-0.001221
-0.001953
-0.003784
-0.002197
-0.002319
-0.003418
-0.002075
-0.002563
-0.002197
-0.002319
-0.002686
-0.003052
-0.001831
-0.003052
-0.002686
-0.002319
-0.002075
-0.002197
-0.002686
-0.001709
-0.002075
-0.002563
-0.002808
-0.001953
-0.002319
-0.002808
-0.002686
-0.002563
-0.002563
-0.002319
-0.002319
-0.002075
-0.002319
-0.002197
-0.002563
-0.002930
-0.002197
-0.002075
-0.001709
-0.002686
-0.001221
-0.002197
-0.001221
-0.001587
-0.003052
-0.001465
-0.003052
-0.002075
-0.003052
-0.001343
-0.001953
-0.001709
-0.002686
-0.002563
-0.001709
-0.000854
-0.001953
-0.001221
-0.001099
-0.001709
-0.001709
-0.002563
-0.001953
-0.003418
-0.001465
-0.001831
-0.002686
-0.001831
-0.002563
-0.002075
-0.001953
-0.001953
-0.002563
-0.001709
-0.001099
-0.001709
-0.001953
-0.001465
-0.002930
-0.000854
-0.001343
-0.002441
-0.001099
-0.001587
-0.003296
-0.000854
-0.001831
-0.002563
-0.002563
-0.001221
-0.001709
-0.003052
-0.001953
-0.002197
-0.002563
-0.002197
-0.002197
-0.001465
-0.002563
-0.002319
-0.002319
-0.002930
-0.002075
-0.003174
-0.004028
-0.002197
-0.001709
-0.003174
-0.001953
-0.002197
-0.002197
-0.001709
-0.001343
-0.002441
-0.001465
-0.002075
-0.002075
-0.001831
-0.002930
-0.001465
-0.001099
-0.001587
-0.001831
-0.002075
-0.002319
-0.001831
-0.001953
-0.001709
-0.001831
-0.001953
-0.002563
-0.001343
-0.003296
-0.000977
-0.002563
-0.002197
-0.002197
-0.001953
-0.002075
-0.002563
-0.002319
-0.002319
-0.002808
-0.002563
-0.001953
-0.002563
-0.001831
-0.001831
-0.000854
-0.001587
-0.001953
-0.001953
-0.002563
-0.001831
-0.001831
-0.002197
-0.000732
-0.002686
-0.001465
-0.000854
-0.001709
-0.002075
-0.002319
-0.001343
-0.002075
-0.002075
-0.002563
-0.002686
-0.001343
-0.001709
-0.002075
-0.001343
-0.002563
-0.001831
-0.002075
-0.002563
-0.001709
-0.002319
-0.002686
-0.003418
-0.002563
-0.001465
-0.001953
-0.002930
-0.002563
-0.001831
-0.001953
-0.002563
-0.002075
-0.002075
-0.003174
-0.002686
-0.002197
-0.002563
-0.002808
-0.002563
-0.001831
-0.002563
-0.002686
-0.003418
-0.002563
-0.002075
-0.003418
-0.002319
-0.002930
-0.002808
-0.002563
-0.003052
-0.002319
-0.001953
-0.003418
-0.002808
-0.002563
-0.002563
-0.002563
-0.002563
-0.002197
-0.002563
-0.001953
-0.002563
-0.003052
-0.001831
-0.002686
-0.002563
-0.002563
-0.003174
-0.002075
-0.002197
-0.001709
-0.002563
-0.002563
-0.001709
-0.002441
-0.001831
-0.000977
-0.001587
-0.003418
-0.002930
-0.002808
-0.002686
-0.002563
-0.002686
-0.002563
-0.002319
-0.002075
-0.003052
-0.002563
-0.002808
-0.001953
-0.002319
-0.001343
-0.002563
-0.002563
-0.001465
-0.002441
-0.001099
-0.002686
-0.001953
-0.001465
-0.001953
-0.002197
-0.002563
-0.001953
-0.001099
-0.002441
-0.002319
-0.000977
-0.001221
-0.001831
-0.002197
-0.001343
-0.002563
-0.002563
-0.002319
-0.001709
-0.002075
-0.002686
-0.001221
-0.000854
-0.001831
-0.002197
-0.002319
-0.002197
-0.001221
-0.003052
-0.002197
-0.002319
-0.002686
-0.002319
-0.001831
-0.002930
-0.001709
-0.001953
-0.001709
-0.001587
-0.002441
-0.002197
-0.002075
-0.002197
-0.002197
-0.002808
-0.001465
-0.003052
-0.003174
-0.001465
-0.002075
-0.002563
-0.002930
-0.001709
-0.002563
-0.002197
-0.000854
-0.001831
-0.002563
-0.002319
-0.001709
-0.003174
-0.001343
-0.002441
-0.003052
-0.001221
-0.003418
-0.001587
-0.002563
-0.003052
-0.001831
-0.002075
-0.002808
-0.002686
-0.000488
-0.001221
-0.001831
-0.003418
-0.001953
-0.002563
-0.002686
-0.002930
-0.002686
-0.001831
-0.001709
-0.001831
-0.002686
-0.002808
-0.001709
-0.001221
-0.002563
-0.003052
-0.002808
-0.001953
-0.001221
-0.002441
-0.000854
-0.002441
-0.003418
-0.002686
-0.002563
-0.000488
-0.001953
-0.002075
-0.001343
-0.002686
-0.002686
-0.002319
-0.003052
-0.000977
-0.002441
-0.002686
-0.001221
-0.001709
-0.002563
-0.001831
-0.002319
-0.001709
-0.001343
-0.001221
-0.000366
-0.003418
-0.001953
-0.001465
-0.002075
-0.001709
-0.002563
-0.002197
-0.002686
-0.003418
-0.001831
-0.001709
-0.002563
-0.001831
-0.002686
-0.002075
-0.002808
-0.001709
-0.002563
-0.002075
-0.001343
-0.002686
-0.002197
-0.002075
-0.001709
-0.003174
-0.001831
-0.002197
-0.001953
-0.001099
-0.001099
-0.002075
-0.002075
-0.001221
-0.001953
-0.001831
-0.002319
-0.001343
-0.003052
-0.003418
-0.001343
-0.001831
-0.001709
-0.002075
-0.002930
-0.001953
-0.002319
-0.001831
-0.001831
-0.002563
-0.001221
-0.004150
-0.001831
-0.001953
-0.002930
-0.001831
-0.001221
-0.002197
-0.002563
-0.002686
-0.001221
-0.002686
-0.001831
-0.002563
-0.001465
-0.001953
-0.003418
-0.001587
-0.001953
-0.003052
-0.001831
-0.001831
-0.001465
-0.002563
-0.000977
-0.001587
-0.002930
-0.002197
-0.002075
-0.002319
-0.001831
-0.002563
-0.002197
-0.002197
-0.001953
-0.003418
-0.002563
-0.002075
-0.002319
-0.001343
-0.001343
-0.002808
-0.002686
-0.002563
-0.002808
-0.001831
-0.002563
-0.002563
-0.002686
-0.002319
-0.002930
-0.002563
-0.002686
-0.001709
-0.002197
-0.002808
-0.001709
-0.002075
-0.001953
-0.001099
-0.002197
-0.003418
-0.002930
-0.001465
-0.002197
-0.002563
-0.002197
-0.002686
-0.002197
-0.001465
-0.001709
-0.002319
-0.001709
-0.001709
-0.002808
-0.004028
-0.001587
-0.001831
-0.002319
-0.002319
-0.001953
-0.002197
-0.002808
-0.002075
-0.001831
-0.001831
-0.002075
-0.002686
-0.002197
-0.000854
-0.002197
-0.002563
-0.001343
-0.002563
-0.002563
-0.002563
-0.002563
-0.001465
-0.002075
-0.002686
-0.002930
-0.002075
-0.001831
-0.002686
-0.002808
-0.001953
-0.001709
-0.002319
-0.001709
-0.000977
-0.001709
-0.002563
-0.002563
-0.000854
-0.001709
-0.002563
-0.002686
-0.002319
-0.001709
-0.002563
-0.002197
-0.002930
-0.001343
-0.002563
-0.001709
-0.001709
-0.002075
-0.002197
-0.002319
-0.001709
-0.003052
-0.002686
-0.001709
-0.002197
-0.002319
-0.004028
-0.002319
-0.001953
-0.002075
-0.001831
-0.001953
-0.002563
-0.001709
-0.001587
-0.002197
-0.002930
-0.002075
-0.001709
-0.002563
-0.002319
-0.001953
-0.001709
-0.003052
-0.003052
-0.002319
-0.002563
-0.002563
-0.002075
-0.002563
-0.002319
-0.002197
-0.002563
-0.002563
-0.002319
-0.002563
-0.001343
-0.001831
-0.002319
-0.001709
-0.002686
-0.002075
-0.001831
-0.001709
-0.001953
-0.002563
-0.001709
-0.001709
-0.002563
-0.000854
-0.002197
-0.001709
-0.001343
-0.002563
-0.001709
-0.001709
-0.001953
-0.002808
-0.001465
-0.001831
-0.001953
-0.001831
-0.002197
-0.001709
-0.003174
-0.001709
-0.001343
-0.002075
-0.001709
-0.001587
-0.002441
-0.003418
-0.002441
-0.002319
-0.001709
-0.001709
-0.002197
-0.002930
-0.003418
-0.001831
-0.002319
-0.001709
-0.001709
-0.002563
-0.002319
-0.001831
-0.001831
-0.002563
-0.001221
-0.002563
-0.003052
-0.001953
-0.001953
-0.003418
-0.001709
-0.001831
-0.002930
-0.002686
-0.002563
-0.002563
-0.000854
-0.002075
-0.002930
-0.000488
-0.001343
-0.002563
-0.003418
-0.002319
-0.001831
-0.001709
-0.002563
-0.001831
-0.001465
-0.002930
-0.002563
-0.001465
-0.002197
-0.001709
-0.002686
-0.002563
-0.003174
-0.001953
-0.001953
-0.002686
-0.002563
-0.001953
-0.001953
-0.001343
-0.001831
-0.002075
-0.001709
-0.002808
-0.002686
-0.001343
-0.001953
-0.001465
-0.002930
-0.002197
-0.002808
-0.002075
-0.001465
-0.001709
-0.002563
-0.001831
-0.002075
-0.002319
-0.002930
-0.001343
-0.001221
-0.002808
-0.001709
-0.002441
-0.001831
-0.001343
-0.001587
-0.001953
-0.001709
-0.001953
-0.001465
-0.002563
-0.003052
-0.002075
-0.002686
-0.003418
-0.002686
-0.001343
-0.002197
-0.002563
-0.002319
-0.000977
-0.001831
-0.002686
-0.002930
-0.003174
-0.001709
-0.002930
-0.003540
-0.001831
-0.003052
-0.001465
-0.000977
-0.001587
-0.001221
-0.002441
-0.002686
-0.002075
-0.003784
-0.000610
-0.002197
-0.002686
-0.002197
-0.002319
-0.002319
-0.001831
-0.002197
-0.002075
-0.002197
-0.001831
-0.002319
-0.002563
-0.002563
-0.002930
-0.001953
-0.003540
-0.001343
-0.002563
-0.002075
-0.002563
-0.001709
-0.002563
-0.002686
-0.001953
-0.001709
-0.001831
-0.002563
-0.001099
-0.002441
-0.002197
-0.001831
-0.002197
-0.001831
-0.000977
-0.001343
-0.002808
-0.002930
-0.003418
-0.001953
-0.002197
-0.001221
-0.002686
-0.002319
-0.003174
-0.001465
-0.002563
-0.002075
-0.001831
-0.001831
-0.001465
-0.001709
-0.001343
-0.002563
-0.001831
-0.002563
-0.002197
-0.001709
-0.001221
-0.002197
-0.001953
-0.002319
-0.002563
-0.002686
-0.002075
-0.000977
-0.002563
-0.001709
-0.002563
-0.002563
-0.002197
-0.002563
-0.002075
-0.002319
-0.001953
-0.001709
-0.001709
-0.001709
-0.002563
-0.002319
-0.001343
-0.001343
-0.002075
-0.001099
-0.001831
-0.001953
-0.001343
-0.001709
-0.001831
-0.003662
-0.000854
-0.002563
-0.002197
-0.001831
-0.002197
-0.001953
-0.001953
-0.001831
-0.002197
-0.001099
-0.002075
-0.001953
-0.002197
-0.002197
-0.002075
-0.002075
-0.001709
-0.002075
-0.002075
-0.001953
-0.001953
-0.002075
-0.002563
-0.000732
-0.003418
-0.003174
-0.001709
-0.002563
-0.002197
-0.002075
-0.001709
-0.001709
-0.002563
-0.002319
-0.002075
-0.001709
-0.002075
-0.001953
-0.003418
-0.000854
-0.001709
-0.001831
-0.002197
-0.003174
-0.002686
-0.002075
-0.002686
-0.001099
-0.001709
-0.002075
-0.002808
-0.001953
-0.002075
-0.001831
-0.002563
-0.001343
-0.002563
-0.002808
-0.001221
-0.001831
-0.001709
-0.001709
-0.002075
-0.003052
-0.000732
-0.002563
-0.002319
-0.002075
-0.002319
-0.002319
-0.001465
-0.002563
-0.002319
-0.001953
-0.001831
-0.001709
-0.003052
-0.002686
-0.002075
-0.003052
-0.001831
-0.001953
-0.001709
-0.002563
-0.004272
-0.003296
-0.002197
-0.002563
-0.001831
-0.001221
-0.001709
-0.002563
-0.001953
-0.002075
-0.000732
-0.001709
-0.001953
-0.001953
-0.001953
-0.002563
-0.001831
-0.002563
-0.002686
-0.001953
-0.002686
-0.002808
-0.001953
-0.001953
-0.002686
-0.002563
-0.000977
-0.001953
-0.002563
-0.002686
-0.002686
-0.002197
-0.001709
-0.002441
-0.002319
-0.002686
-0.001831
-0.002075
-0.001221
-0.001953
-0.001709
-0.002686
-0.002197
-0.002197
-0.002075
-0.001709
-0.003540
-0.003296
-0.001831
-0.002563
-0.001465
-0.001953
-0.002319
-0.001709
-0.002930
-0.001953
-0.002563
-0.002930
-0.001953
-0.001465
-0.001709
-0.002197
-0.004028
-0.001465
-0.002197
-0.002563
-0.001709
-0.001831
-0.003418
-0.002197
-0.003052
-0.002319
-0.001831
-0.001709
-0.001831
-0.003418
-0.002563
-0.002075
-0.002686
-0.002808
-0.001709
-0.001953
-0.001709
-0.001831
-0.001831
-0.002075
-0.002197
-0.000977
-0.001587
-0.001953
-0.001709
-0.002563
-0.002075
-0.001465
-0.001831
-0.001709
-0.002563
-0.002319
-0.002563
-0.002930
-0.001709
-0.003418
-0.002563
-0.002563
-0.001465
-0.002441
-0.003174
-0.003052
-0.003174
-0.002808
-0.001343
-0.001953
-0.001953
-0.001099
-0.001831
-0.003052
-0.001831
-0.002808
-0.001465
-0.002197
-0.002197
-0.002319
-0.002563
-0.002563
-0.001343
-0.002563
-0.002075
-0.001343
-0.001831
-0.000854
-0.001099
-0.002563
-0.002075
-0.000732
-0.001709
-0.001709
-0.001831
-0.001953
-0.001953
-0.002686
-0.002563
-0.001709
-0.002563
-0.002563
-0.003418
-0.000854
-0.001221
-0.001709
-0.002686
-0.001099
-0.001953
-0.002563
-0.002197
-0.001831
-0.001953
-0.003540
-0.001343
-0.002075
-0.002563
-0.001465
-0.001831
-0.002686
-0.001709
-0.001587
-0.002197
-0.001099
-0.001221
-0.001709
-0.002319
-0.002197
-0.002930
-0.002197
-0.002563
-0.002319
-0.003174
-0.002319
-0.001953
-0.002563
-0.001831
-0.001709
-0.002808
-0.001465
-0.002197
-0.002075
-0.002197
-0.002563
-0.002808
-0.002197
-0.001831
-0.000977
-0.002441
-0.003052
-0.002197
-0.003174
-0.001343
-0.001343
-0.002930
-0.002319
-0.003174
-0.001831
-0.002808
-0.002563
-0.002075
-0.002319
-0.001709
-0.002197
-0.000977
-0.001831
-0.001953
-0.002686
-0.002563
-0.001709
-0.002686
-0.002197
-0.001709
-0.001953
-0.001221
-0.001221
-0.002563
-0.002319
-0.002075
-0.001221
-0.002563
-0.002808
-0.002075
-0.002686
-0.002075
-0.002319
-0.001465
-0.001831
-0.002075
-0.002808
-0.001953
-0.001953
-0.002197
-0.003052
-0.002197
-0.002075
-0.002319
-0.000854
-0.001953
-0.001709
-0.002075
-0.001709
-0.001831
-0.001953
-0.001221
-0.001831
-0.002197
-0.001099
-0.001709
-0.001953
-0.001221
-0.003540
-0.002686
-0.002075
-0.002197
-0.003418
-0.001587
-0.001709
-0.000854
-0.002075
-0.002563
-0.001709
-0.002075
-0.002808
-0.001099
-0.000854
-0.001831
-0.002319
-0.001831
-0.002075
-0.002808
-0.001953
-0.001953
-0.002563
-0.000366
-0.001343
-0.002441
-0.001343
-0.000854
-0.001953
-0.002197
-0.001709
-0.001709
-0.003296
-0.001831
-0.000854
-0.003296
-0.001709
-0.002319
-0.001099
-0.002075
-0.002930
-0.001465
-0.001587
-0.002075
-0.002563
-0.001709
-0.001343
-0.001587
-0.002441
-0.002075
-0.001709
-0.001587
-0.002563
-0.002319
-0.003052
-0.000854
-0.001343
-0.002197
-0.002319
-0.002319
-0.003174
-0.001709
-0.001831
-0.002075
-0.002808
-0.003052
-0.001709
-0.002563
-0.001831
-0.001953
-0.001831
-0.001709
-0.002563
-0.001709
-0.002319
-0.002075
-0.001831
-0.001953
-0.002075
-0.001831
-0.002930
-0.002197
-0.000854
-0.001709
-0.002686
-0.001221
-0.002197
-0.002563
-0.002563
-0.002075
-0.000732
-0.001953
-0.002197
-0.001953
-0.002197
-0.002563
-0.000977
-0.002686
-0.001831
-0.001953
-0.001709
-0.001709
-0.000854
-0.003418
-0.002075
-0.001831
-0.002319
-0.002563
-0.003174
-0.001343
-0.001099
-0.002686
-0.001221
-0.001709
-0.001831
-0.001709
-0.002563
-0.001465
-0.002563
-0.002563
-0.002563
-0.004028
-0.002808
-0.002563
-0.002197
-0.002930
-0.002686
-0.001953
-0.002075
-0.002075
-0.002197
-0.002563
-0.001831
-0.002808
-0.001709
-0.002197
-0.002075
-0.002563
-0.002930
-0.001709
-0.002075
-0.001221
-0.002686
-0.002075
-0.001709
-0.001953
-0.003418
-0.003174
-0.001709
-0.002686
-0.001709
-0.001953
-0.002319
-0.002563
-0.001465
-0.001831
-0.001343
-0.002563
-0.003662
-0.002075
-0.001709
-0.002319
-0.002075
-0.002319
-0.001221
-0.002075
-0.002563
-0.002686
-0.002075
-0.001709
-0.002197
-0.002075
-0.002197
-0.002075
-0.002686
-0.002808
-0.002197
-0.002197
-0.001709
-0.002197
-0.002563
-0.001709
-0.001953
-0.003418
-0.002319
-0.002319
-0.003418
-0.002319
-0.001831
-0.001953
-0.000977
-0.002808
-0.002563
-0.000488
-0.001831
-0.001221
-0.001709
-0.002930
-0.000854
-0.000977
-0.003418
-0.001709
-0.002197
-0.002563
-0.001953
-0.002563
-0.002686
-0.002197
-0.001709
-0.002075
-0.002319
-0.002075
-0.002197
-0.001953
-0.000854
-0.003418
-0.002075
-0.001465
-0.002075
-0.001709
-0.001099
-0.002197
-0.002197
-0.001099
-0.003540
-0.003174
-0.000977
-0.002686
-0.001953
-0.003662
-0.001587
-0.001953
-0.002563
-0.002319
-0.002563
-0.000977
-0.001343
-0.002808
-0.000977
-0.001709
-0.002686
-0.002930
-0.002197
-0.001953
-0.002563
-0.001343
-0.001709
-0.001587
-0.001343
-0.003052
-0.002319
-0.002075
-0.003052
-0.002075
-0.001953
-0.003174
-0.000854
-0.002808
-0.001953
-0.000977
-0.003418
-0.002319
-0.001953
-0.001953
-0.001831
-0.002563
-0.002197
-0.002563
-0.002563
-0.001709
-0.002930
-0.002686
-0.002319
-0.001953
-0.002075
-0.002808
-0.001465
-0.002197
-0.001953
-0.002075
-0.002075
-0.001831
-0.003052
-0.002563
-0.002563
-0.001709
-0.001587
-0.001953
-0.002563
-0.003052
-0.001099
-0.001831
-0.002075
-0.001343
-0.002563
-0.001831
-0.003174
-0.002197
-0.002319
-0.002563
-0.002197
-0.002197
-0.002319
-0.001831
-0.002563
-0.002686
-0.002075
-0.002563
-0.001953
-0.002563
-0.003540
-0.002441
-0.002197
-0.002563
-0.002319
-0.002808
-0.001221
-0.002563
-0.002563
-0.000854
-0.002563
-0.002319
-0.002319
-0.001709
-0.002563
-0.003418
-0.001343
-0.002808
-0.002686
-0.001709
-0.001831
-0.001953
-0.001953
-0.002563
-0.002197
-0.001465
-0.001709
-0.002319
-0.002563
-0.001709
-0.002319
-0.001343
-0.001831
-0.002563
-0.002197
-0.002930
-0.003418
-0.002319
-0.002319
-0.002197
-0.002197
-0.002075
-0.001831
-0.002563
-0.003662
-0.001587
-0.001831
-0.002319
-0.001343
-0.001709
-0.003540
-0.001465
-0.001587
-0.002563
-0.001709
-0.001221
-0.002563
-0.002197
-0.002319
-0.002197
-0.002075
-0.002319
-0.003052
-0.001709
-0.003662
-0.000244
-0.002563
-0.001953
-0.001709
-0.002563
-0.002563
-0.002686
-0.001709
-0.000977
-0.002563
-0.001221
-0.001831
-0.003540
-0.001221
-0.001831
-0.002930
-0.001831
-0.002075
-0.002075
-0.002075
-0.001465
-0.001709
-0.001465
-0.002563
-0.002563
-0.002075
-0.002319
-0.002563
-0.002563
-0.000732
-0.002563
-0.002197
-0.001221
-0.003540
-0.002197
-0.002930
-0.001831
-0.002808
-0.002075
-0.002197
-0.001465
-0.002075
-0.003174
-0.001831
-0.001709
-0.000610
-0.001343
-0.002075
-0.002197
-0.001953
-0.002197
-0.002563
-0.001953
-0.001343
-0.002075
-0.001953
-0.001343
-0.002441
-0.001831
-0.002075
-0.001953
-0.002563
-0.002686
-0.001343
-0.002075
-0.003540
-0.002197
-0.002686
-0.002075
-0.001099
-0.002563
-0.001465
-0.002563
-0.002563
-0.002563
-0.001953
-0.002563
-0.002197
-0.001099
-0.000854
-0.001099
-0.002808
-0.002808
-0.000854
-0.002563
-0.001709
-0.001099
-0.002563
-0.001831
-0.001953
-0.002075
-0.002197
-0.002319
-0.001953
-0.000854
-0.002930
-0.002563
-0.002808
-0.002563
-0.001099
-0.002197
-0.002930
-0.002930
-0.002563
-0.002197
-0.002197
-0.001709
-0.001343
-0.002686
-0.002319
-0.003174
-0.001709
-0.002563
-0.003418
-0.000854
-0.001343
-0.002563
-0.002686
-0.001343
-0.002686
-0.002563
-0.003174
-0.001465
-0.001587
-0.003540
-0.002319
-0.001709
-0.002441
-0.002686
-0.002319
-0.004272
-0.001099
-0.001831
-0.002563
-0.001953
-0.003418
-0.002197
-0.002930
-0.003418
-0.001831
-0.002197
-0.001465
-0.001953
-0.002686
-0.001831
-0.001221
-0.001343
-0.002075
-0.002686
-0.002563
-0.001465
-0.002930
-0.002197
-0.001831
-0.002075
-0.002075
-0.001831
-0.002319
-0.003418
-0.001221
-0.002075
-0.003418
-0.002075
-0.001709
-0.003418
-0.002441
-0.002197
-0.000977
-0.001221
-0.001953
-0.002686
-0.001343
-0.002563
-0.002197
-0.002319
-0.001953
-0.002197
-0.002563
-0.001953
-0.002930
-0.001953
-0.001953
-0.003052
-0.001709
-0.001099
-0.002563
-0.001343
-0.001709
-0.001709
-0.001709
-0.001953
-0.002563
-0.001709
-0.001709
-0.002686
-0.002563
-0.002075
-0.002319
-0.002075
-0.001831
-0.001709
-0.002563
-0.002563
-0.002075
-0.002319
-0.002075
-0.001953
-0.002319
-0.002319
-0.001709
-0.002563
-0.001465
-0.001831
-0.002686
-0.001465
-0.001587
-0.001709
-0.003052
-0.002808
-0.000854
-0.002563
-0.002197
-0.002197
-0.001343
-0.003418
-0.002319
-0.002319
-0.002197
-0.002197
-0.003540
-0.002197
-0.001709
-0.002075
-0.002563
-0.001831
-0.002075
-0.001221
-0.001709
-0.003174
-0.003418
-0.001831
-0.001099
-0.000977
-0.001709
-0.001953
-0.001831
-0.002563
-0.002563
-0.002197
-0.002686
-0.001831
-0.003052
-0.002686
-0.002686
-0.002075
-0.003540
-0.002197
-0.001099
-0.002197
-0.001343
-0.001831
-0.001465
-0.001709
-0.001709
-0.002563
-0.002808
-0.001953
-0.003174
-0.002808
-0.002563
-0.002930
-0.002563
-0.002319
-0.001343
-0.001343
-0.002808
-0.003052
-0.001709
-0.002075
-0.002075
-0.002563
-0.002563
-0.003662
-0.001587
-0.002197
-0.002930
-0.002686
-0.002197
-0.001953
-0.002197
-0.002197
-0.001831
-0.002563
-0.003418
-0.002319
-0.001831
-0.000977
-0.002563
-0.002075
-0.001709
-0.002808
-0.002563
-0.002930
-0.001831
-0.002319
-0.002808
-0.002808
-0.003052
-0.002197
-0.001831
-0.002563
-0.002319
-0.002563
-0.002563
-0.003052
-0.001465
-0.001587
-0.001221
-0.002563
-0.002197
-0.002319
-0.003052
-0.002930
-0.002808
-0.002563
-0.002075
-0.002197
-0.002930
-0.002686
-0.001709
-0.002441
-0.002075
-0.002197
-0.002075
-0.001831
-0.001953
-0.001099
-0.002441
-0.001465
-0.001587
-0.002197
-0.003174
-0.001831
-0.002563
-0.003418
-0.002686
-0.002075
-0.001709
-0.002075
-0.002075
-0.001465
-0.002563
-0.002563
-0.002319
-0.001709
-0.001831
-0.001953
-0.002075
-0.002197
-0.002563
-0.002563
-0.002563
-0.002563
-0.002563
-0.001465
-0.001831
-0.002563
-0.002197
-0.002563
-0.001343
-0.002563
-0.001953
-0.002808
-0.002563
-0.002563
-0.002563
-0.001709
-0.003052
-0.002319
-0.001709
-0.002441
-0.000854
-0.002563
-0.002686
-0.002686
-0.000854
-0.002563
-0.002075
-0.001831
-0.000244
-0.003296
-0.002563
-0.002563
-0.001953
-0.002319
-0.002319
-0.002686
-0.003174
-0.002075
-0.000854
-0.002075
-0.002075
-0.002808
-0.002563
-0.002930
-0.002808
-0.001465
-0.002441
-0.002686
-0.001831
-0.003784
-0.002563
-0.001709
-0.002441
-0.002686
-0.002686
-0.002197
-0.002197
-0.002808
-0.002930
-0.001709
-0.002563
-0.003418
-0.002075
-0.001465
-0.002075
-0.002930
-0.001099
-0.002197
-0.002686
-0.001709
-0.001953
-0.002319
-0.000977
-0.002563
-0.002563
-0.002563
-0.002563
-0.001465
-0.002075
-0.002563
-0.002197
-0.002075
-0.001953
-0.002563
-0.000977
-0.002075
-0.003174
-0.002197
-0.002808
-0.003418
-0.001709
-0.002197
-0.002563
-0.001953
-0.002686
-0.003540
-0.001099
-0.002686
-0.001831
-0.001343
-0.001831
-0.002808
-0.003174
-0.002563
-0.002686
-0.003052
-0.002563
-0.003052
-0.001953
-0.002808
-0.002197
-0.002319
-0.002197
-0.002319
-0.002563
-0.002197
-0.001709
-0.001709
-0.002075
-0.002075
-0.002319
-0.001953
-0.002075
-0.002319
-0.002930
-0.003418
-0.001221
-0.001587
-0.002563
-0.002563
-0.001343
-0.003418
-0.001953
-0.001343
-0.000977
-0.002197
-0.002808
-0.001343
-0.002197
-0.002563
-0.001831
-0.002197
-0.002075
-0.001465
-0.002563
-0.002563
-0.001343
-0.002197
-0.001343
-0.001709
-0.002075
-0.002563
-0.002686
-0.002319
-0.002808
-0.002075
-0.001953
-0.002197
-0.001709
-0.001953
-0.001709
-0.002930
-0.002930
-0.002197
-0.002319
-0.002075
-0.001709
-0.001587
-0.002441
-0.001465
-0.002563
-0.003174
-0.003418
-0.001709
-0.001831
-0.003418
-0.001953
-0.003174
-0.001709
-0.002930
-0.001709
-0.001587
-0.003540
-0.002441
-0.001221
-0.001953
-0.002563
-0.002075
-0.002319
-0.002563
-0.001953
-0.001831
-0.001953
-0.002686
-0.001343
-0.001587
-0.001831
-0.001343
-0.002808
-0.002930
-0.001709
-0.002563
-0.001099
-0.002563
-0.002197
-0.001953
-0.003052
-0.001343
-0.002441
-0.001221
-0.001221
-0.002441
-0.002075
-0.002563
-0.002808
-0.002930
-0.002319
-0.003662
-0.003052
-0.001709
-0.002930
-0.002563
-0.002686
-0.001465
-0.002930
-0.003418
-0.001953
-0.002563
-0.002686
-0.002075
-0.001709
-0.002319
-0.001831
-0.002319
-0.002197
-0.002686
-0.003174
-0.001221
-0.001709
-0.003418
-0.001709
-0.001343
-0.001587
-0.002441
-0.001953
-0.002197
-0.002197
-0.002563
-0.002563
-0.002563
-0.002075
-0.001953
-0.001831
-0.002808
-0.001709
-0.001709
-0.001953
-0.001709
-0.002563
-0.002686
-0.002686
-0.002686
-0.001465
-0.001953
-0.001953
-0.001465
-0.003052
-0.002197
-0.002075
-0.003418
-0.002563
-0.002808
-0.001709
-0.002686
-0.002075
-0.002197
-0.001953
-0.001709
-0.002075
-0.002563
-0.001953
-0.002197
-0.002563
-0.002686
-0.002563
-0.001709
-0.002197
-0.001953
-0.004028
-0.001831
-0.001465
-0.003052
-0.002075
-0.003174
-0.002075
-0.002319
-0.001709
-0.003052
-0.001709
-0.003052
-0.002197
0.000000
-0.001831
-0.002563
-0.002075
-0.003418
-0.001709
-0.001709
-0.003540
-0.002075
-0.002930
-0.002563
-0.001465
-0.001831
-0.002930
-0.000854
-0.002441
-0.003418
-0.001709
-0.001709
-0.001709
-0.002686
-0.002563
-0.002197
-0.002319
-0.002686
-0.001465
-0.002686
-0.002319
-0.002563
-0.003418
-0.002319
-0.001465
-0.002563
-0.000854
-0.002563
-0.002808
-0.001709
-0.002197
-0.002075
-0.003052
-0.001099
-0.001099
-0.002441
-0.001953
-0.003418
-0.001709
-0.001953
-0.002808
-0.002930
-0.002808
-0.003662
-0.002686
-0.001465
-0.002563
-0.001709
-0.002319
-0.001831
-0.001221
-0.002441
-0.002319
-0.003174
-0.001953
-0.002686
-0.001709
-0.002563
-0.002197
-0.002808
-0.000977
-0.002930
-0.002563
-0.002563
-0.003052
-0.001831
-0.002075
-0.000854
-0.002563
-0.001709
-0.002075
-0.001709
-0.001831
-0.002563
-0.002075
-0.001709
-0.002808
-0.002808
-0.000854
-0.002563
-0.001465
-0.001709
-0.003418
-0.002319
-0.002686
-0.002563
-0.003174
-0.003662
-0.001465
-0.001953
-0.001099
-0.001831
-0.002319
-0.001953
-0.002319
-0.002319
-0.001709
-0.001587
-0.001343
-0.002808
-0.002197
-0.002319
-0.002930
-0.003418
-0.002319
-0.002563
-0.002686
-0.001953
-0.003418
-0.001709
-0.000854
-0.002563
-0.003052
-0.002319
-0.002563
-0.000732
-0.002808
-0.003052
-0.001831
-0.002686
-0.002319
-0.001831
-0.001709
-0.001831
-0.002686
-0.001831
-0.002319
-0.000977
-0.002930
-0.001709
-0.002075
-0.002197
-0.001709
-0.001953
-0.001831
-0.002808
-0.002808
-0.002319
-0.002808
-0.002563
-0.002319
-0.002930
-0.003174
-0.002075
-0.002075
-0.002197
-0.002563
-0.001709
-0.002808
-0.002075
-0.002563
-0.002319
-0.002563
-0.002563
-0.002197
-0.002686
-0.002930
-0.001709
-0.002075
-0.000366
-0.003052
-0.002563
-0.003784
-0.003052
-0.002197
-0.002808
-0.001099
-0.002441
-0.002197
-0.001099
-0.003662
-0.001587
-0.002930
-0.002930
-0.001099
-0.002563
-0.002563
-0.001709
-0.002197
-0.002930
-0.001709
-0.001343
-0.002075
-0.002930
-0.003418
-0.001831
-0.002197
-0.003052
-0.001831
-0.003418
-0.002563
-0.001709
-0.000854
-0.001709
-0.001709
-0.002930
-0.002197
-0.001221
-0.002563
-0.001831
-0.001709
-0.002563
-0.001831
-0.002563
-0.002197
-0.001099
-0.001587
-0.001587
-0.001587
-0.001831
-0.002197
-0.000977
-0.002930
-0.001709
-0.002075
-0.001953
-0.000977
-0.002563
-0.001709
-0.001221
-0.002930
-0.002808
-0.002686
-0.001709
-0.001709
-0.001831
-0.002563
-0.001953
-0.000977
-0.002563
-0.002930
-0.001343
-0.003784
-0.002930
-0.001709
-0.001831
-0.002319
-0.002563
-0.002197
-0.001831
-0.002075
-0.002319
-0.001465
-0.003906
-0.001465
-0.002075
-0.002197
-0.002563
-0.002686
-0.001465
-0.001831
-0.002197
-0.001221
-0.002075
-0.002563
-0.002808
-0.002563
-0.002075
-0.001953
-0.001221
-0.002441
-0.001099
-0.001953
-0.002563
-0.001953
-0.002686
-0.000977
-0.001831
-0.002563
-0.002563
-0.000977
-0.001709
-0.000122
-0.001709
-0.001953
-0.001709
-0.002319
-0.001709
-0.002563
-0.001709
-0.001343
-0.001343
-0.002563
-0.002319
-0.001953
-0.002075
-0.000854
-0.001831
-0.003418
-0.001831
-0.001831
-0.002563
-0.000488
-0.001709
-0.001343
-0.000977
-0.001099
-0.001343
-0.002075
-0.002686
-0.002197
-0.002563
-0.001709
-0.001221
-0.002441
-0.001953
-0.003174
-0.001709
-0.002686
-0.002075
-0.002197
-0.002197
-0.000854
-0.001587
-0.002808
-0.002686
-0.003174
-0.001709
-0.002563
-0.001831
-0.002319
-0.001953
-0.002075
-0.002319
-0.001465
-0.002197
-0.001343
-0.002197
-0.002319
-0.002075
-0.002563
-0.003418
-0.001099
-0.003296
-0.001953
-0.001221
-0.001587
-0.001953
-0.002075
-0.001221
-0.002441
-0.003052
-0.001221
-0.001953
-0.001831
-0.002319
-0.003418
-0.002563
-0.003052
-0.001709
-0.000854
-0.002441
-0.002563
-0.002319
-0.001465
-0.001831
-0.002319
-0.002563
-0.002686
-0.001709
-0.001831
-0.002075
-0.001831
-0.002075
-0.002808
-0.002197
-0.001465
-0.002563
-0.002197
-0.001953
-0.002686
-0.001831
-0.002563
-0.002930
-0.001465
-0.002563
-0.002319
-0.001831
-0.001831
-0.002197
-0.003418
-0.003052
-0.000366
-0.002075
-0.001709
-0.000977
-0.001831
-0.001343
-0.002563
-0.000977
-0.001709
-0.002441
-0.001343
-0.000244
-0.002197
-0.002075
-0.003174
-0.003418
-0.001221
-0.002563
-0.002686
-0.001465
-0.002563
-0.003174
-0.001709
-0.001831
-0.002563
-0.001343
-0.002563
-0.001221
-0.001343
-0.001709
-0.002075
-0.001953
-0.001709
-0.000854
-0.002197
-0.002808
-0.000854
-0.002075
-0.002563
-0.001709
-0.002686
-0.001709
-0.000488
-0.000610
-0.002441
-0.002686
-0.003052
-0.000854
-0.001953
-0.002075
-0.002319
-0.001709
-0.002686
-0.002563
-0.002197
-0.001709
-0.001709
-0.002686
-0.002563
-0.001465
-0.001953
-0.003174
-0.001099
-0.003540
-0.002197
-0.002197
-0.002563
-0.002563
-0.003418
-0.001709
-0.001709
-0.002563
-0.001709
-0.002075
-0.001709
-0.001709
-0.002075
-0.002319
-0.003662
-0.003662
-0.001221
-0.002686
-0.002197
-0.002686
-0.002197
-0.002319
-0.002930
-0.001343
-0.002563
-0.001221
-0.000854
-0.002808
-0.001709
-0.001343
-0.001831
-0.001343
-0.002075
-0.002319
-0.001953
-0.001465
-0.001709
-0.002197
-0.001709
-0.000366
-0.002563
-0.001465
-0.002930
-0.001953
-0.002319
-0.002563
-0.002197
-0.002563
-0.002197
-0.000854
-0.003662
-0.003174
-0.001465
-0.001587
-0.001099
-0.001953
-0.001343
-0.002930
-0.001953
-0.001099
-0.001709
-0.002319
-0.003052
-0.001709
-0.002930
-0.001709
-0.002197
-0.002563
-0.001709
-0.002563
-0.002075
-0.001099
-0.000977
-0.001099
-0.002197
-0.003052
-0.002319
-0.001709
-0.002075
-0.002563
-0.001709
-0.001953
-0.002319
-0.001831
-0.001465
-0.002563
-0.001709
-0.001953
-0.002075
-0.002686
-0.000854
-0.002686
-0.001831
-0.002197
-0.002075
-0.002319
-0.002197
-0.002563
-0.002075
-0.000977
-0.001709
-0.003418
-0.002197
-0.001465
-0.001709
-0.001709
-0.003052
-0.003052
-0.001831
-0.001709
-0.003296
-0.002930
-0.002197
-0.002197
-0.002075
-0.001709
-0.002563
-0.002930
-0.001465
-0.002197
-0.002686
-0.002319
-0.001343
-0.001953
-0.002197
-0.003418
-0.002563
-0.003418
-0.001953
-0.001709
-0.002563
-0.001831
-0.001343
-0.001709
-0.001831
-0.002686
-0.002319
-0.001465
-0.002441
-0.003540
-0.003052
-0.001221
-0.002075
-0.001953
-0.001709
-0.001587
-0.002441
-0.001709
-0.001709
-0.001587
-0.000610
-0.002075
-0.003052
-0.001343
-0.001099
-0.002563
-0.002319
-0.001343
-0.001587
-0.003296
-0.002197
-0.001709
-0.002930
-0.001831
-0.000977
-0.001587
-0.001709
-0.001831
-0.002563
-0.001221
-0.001587
-0.001953
-0.001709
-0.002563
-0.001953
-0.003418
-0.002075
-0.002197
-0.001343
-0.001709
-0.002197
-0.001709
-0.002563
-0.002197
-0.001709
-0.002075
-0.002075
-0.002197
-0.001709
-0.002197
-0.002075
-0.001343
-0.002441
-0.002808
-0.001221
-0.002563
-0.001831
-0.002563
-0.001831
-0.000854
-0.002563
-0.003052
-0.000977
-0.001709
-0.001709
-0.002441
-0.002075
-0.001221
-0.002686
-0.002075
-0.002563
-0.002075
-0.002930
-0.003052
-0.003418
-0.001221
-0.002808
-0.000854
-0.002808
-0.003418
-0.002197
-0.001831
-0.002319
-0.001831
-0.002563
-0.001831
-0.002930
-0.000488
-0.001831
-0.001343
-0.001709
-0.001709
-0.003174
-0.001465
-0.001831
-0.001831
-0.001831
-0.002686
-0.002075
-0.003174
-0.003052
-0.001709
-0.002075
-0.002197
-0.002197
-0.001953
-0.001953
-0.001709
-0.001343
-0.003296
-0.002686
-0.001831
-0.001099
-0.002563
-0.000977
-0.002441
-0.002319
-0.002563
-0.002563
-0.001465
-0.002563
-0.002686
-0.003052
-0.002075
-0.002197
-0.001953
-0.001831
-0.001343
-0.002563
-0.001099
-0.001831
-0.002319
-0.002686
-0.001831
-0.001709
-0.002441
-0.002563
-0.002075
-0.002197
-0.002319
-0.003174
-0.002563
-0.002930
-0.002686
-0.000854
-0.002930
-0.002197
-0.002319
-0.001953
-0.002197
-0.000854
-0.001709
-0.002930
-0.001709
-0.002686
-0.001343
-0.002563
-0.002808
-0.000854
-0.001587
-0.002686
-0.003174
-0.003174
-0.002075
-0.002075
-0.001709
-0.001709
-0.002808
-0.001831
-0.002319
-0.001709
-0.001831
-0.001465
-0.001953
-0.002563
-0.002075
-0.002075
-0.001831
-0.001709
-0.001953
-0.001099
-0.003052
-0.002075
-0.000854
-0.001953
-0.003052
-0.001465
-0.001221
-0.001709
-0.001343
-0.001831
-0.000854
-0.002441
-0.002197
-0.002075
-0.002319
-0.002563
-0.001465
-0.001221
-0.002930
-0.002686
-0.001343
-0.003418
-0.001953
-0.001953
-0.003174
-0.001465
-0.002686
-0.001343
-0.001343
-0.003784
-0.001709
-0.000977
-0.002930
-0.001221
-0.001709
-0.003418
-0.001587
-0.001343
-0.001709
-0.001709
-0.002197
-0.002319
-0.002686
-0.002197
-0.001465
-0.002441
-0.002319
-0.001953
-0.003174
-0.002563
-0.002563
-0.001953
-0.001709
-0.001587
-0.003296
-0.002075
-0.001099
-0.002197
-0.002075
-0.001709
-0.001587
-0.001953
-0.002686
-0.003052
-0.001831
-0.001953
-0.001221
-0.001709
-0.003296
-0.001831
-0.003052
-0.002686
-0.000854
-0.002075
-0.001709
-0.001831
-0.002563
-0.001709
-0.002563
-0.001831
-0.002930
-0.001831
-0.003052
-0.000854
-0.002075
-0.003174
-0.002197
-0.002808
-0.002197
-0.002197
-0.000732
-0.002686
-0.002319
-0.001709
-0.001709
-0.002197
-0.002686
-0.001709
-0.002563
-0.003418
-0.002075
-0.002930
-0.001709
-0.001709
-0.002808
-0.001953
-0.001709
-0.001587
-0.002563
-0.002197
-0.001953
-0.002686
-0.001709
-0.001099
-0.001709
-0.000732
-0.001099
-0.001831
-0.001953
-0.003052
-0.001953
-0.001709
-0.002075
-0.002197
-0.002686
-0.001709
-0.001343
-0.001587
-0.001221
-0.002075
-0.002563
-0.002075
-0.001953
-0.002808
-0.001831
-0.001343
-0.002197
-0.002319
-0.001953
-0.002686
-0.001709
-0.001343
-0.003052
-0.002319
-0.001831
-0.001343
-0.001709
-0.002930
-0.001709
-0.002319
-0.002686
-0.000854
-0.001953
-0.002197
-0.001831
-0.001709
-0.002563
-0.001099
-0.001831
-0.001465
-0.001953
-0.002808
-0.001709
-0.002563
-0.002563
-0.002563
-0.001709
-0.002075
-0.002930
-0.002197
-0.001709
-0.003418
-0.001709
-0.002930
-0.000977
-0.001953
-0.001953
-0.002686
-0.001709
-0.002319
-0.001953
-0.001831
-0.003174
-0.001221
-0.002075
-0.003418
-0.001221
-0.001709
-0.002563
-0.002319
-0.001099
-0.002563
-0.002808
-0.001709
-0.001831
-0.002563
-0.002686
-0.001831
-0.001465
-0.002563
-0.002319
-0.002808
-0.001099
-0.001709
-0.002563
-0.002563
-0.001221
-0.002197
-0.001465
-0.001587
-0.002930
-0.001709
-0.000977
-0.002075
-0.002686
-0.001831
-0.001709
-0.001099
-0.002563
-0.001709
-0.001831
-0.001465
-0.003418
-0.001465
-0.002441
-0.003052
-0.001709
-0.001953
-0.002075
-0.002930
-0.000854
-0.001709
-0.002319
-0.001465
-0.002563
-0.001709
-0.001953
-0.001709
-0.001343
-0.001343
-0.001709
-0.001831
-0.003540
-0.001831
-0.002808
-0.000854
-0.001587
-0.002686
-0.002563
-0.002686
-0.003418
-0.002563
-0.002075
-0.002319
-0.002686
-0.001709
-0.003296
-0.001953
-0.002319
-0.002563
-0.001831
-0.001343
-0.001831
-0.002563
-0.001953
-0.002930
-0.000977
-0.001709
-0.001831
-0.001709
-0.001709
-0.002563
-0.002930
-0.002563
-0.002808
-0.002563
-0.001465
-0.001953
-0.001709
-0.001953
-0.002075
-0.002808
-0.002808
-0.001709
-0.001343
-0.002075
-0.001831
-0.001831
-0.002319
-0.001709
-0.001465
-0.002197
-0.002686
-0.003418
-0.001221
-0.000977
-0.000854
-0.002197
-0.002808
-0.002197
-0.003052
-0.002686
-0.002075
-0.001709
-0.002563
-0.001953
-0.002075
-0.002197
-0.002319
-0.001099
-0.001953
-0.002563
-0.001099
-0.002075
-0.001953
-0.000854
-0.001709
-0.001831
-0.002075
-0.001709
-0.002441
-0.002075
-0.001831
-0.002319
-0.000488
-0.001221
-0.002197
-0.000977
-0.002075
-0.002563
-0.001953
-0.001465
-0.002563
-0.002808
-0.002563
-0.002075
-0.002930
-0.001465
-0.001709
-0.002686
-0.001709
-0.002686
-0.001465
-0.001221
-0.001953
-0.001831
-0.002197
-0.002197
-0.003418
-0.001587
-0.000977
-0.002808
-0.002075
-0.001099
-0.001709
-0.002563
-0.002075
-0.001831
-0.001709
-0.001831
-0.001465
-0.003540
-0.002930
-0.001709
-0.001343
-0.001709
-0.000854
-0.000977
-0.002197
-0.002075
-0.001343
-0.001831
-0.003662
-0.003296
-0.001099
-0.000732
-0.001343
-0.001343
-0.001343
-0.000977
-0.002808
-0.000854
-0.002808
-0.002197
-0.001343
-0.003418
-0.002319
-0.001831
-0.002686
-0.002075
-0.001953
-0.002686
-0.001709
-0.002808
-0.003174
-0.001831
-0.002075
-0.001709
-0.002075
-0.001831
-0.000732
-0.001709
-0.001709
-0.002075
-0.001465
-0.001587
-0.000610
-0.001831
-0.002686
-0.003418
-0.001465
-0.002563
-0.002686
-0.000977
-0.001953
-0.002075
-0.001343
-0.001099
-0.001709
-0.001831
-0.002197
-0.002075
-0.001709
-0.001343
-0.001831
-0.002563
-0.001831
-0.002563
-0.002563
-0.002686
-0.002197
-0.001709
-0.002563
-0.002075
-0.001709
-0.002930
-0.001465
-0.001343
-0.001099
-0.002808
-0.002930
-0.001953
-0.001953
-0.002197
-0.001953
-0.002197
-0.000854
-0.002808
-0.003418
-0.002563
-0.002563
-0.002197
-0.002563
-0.002930
-0.001709
-0.002563
-0.001953
-0.001343
-0.001221
-0.002197
-0.001831
-0.002808
-0.001953
-0.000854
-0.001343
-0.002441
-0.001953
-0.002686
-0.002319
-0.002197
-0.001709
-0.001465
-0.001709
-0.000366
-0.002441
-0.002075
-0.003052
-0.001099
-0.002075
-0.002563
-0.001709
-0.001709
-0.001953
-0.001343
-0.002197
-0.001465
-0.002563
-0.001709
-0.003418
-0.003296
-0.001343
-0.002075
-0.002075
-0.002319
-0.002808
-0.001343
-0.002808
-0.003418
-0.001709
-0.002563
-0.003052
-0.001953
-0.002563
-0.001831
-0.002563
-0.003174
-0.001465
-0.002075
-0.001709
-0.001831
-0.000854
-0.000854
-0.002686
-0.001831
-0.002930
-0.002563
-0.001831
-0.001099
-0.001831
-0.001465
-0.002563
-0.001831
-0.002075
-0.002075
-0.002319
-0.002197
-0.002319
-0.002563
-0.002197
-0.002563
-0.002197
-0.001465
-0.001709
-0.001709
-0.002808
-0.001831
-0.001953
-0.003418
-0.001709
-0.002930
-0.002563
-0.001831
-0.001831
-0.001099
-0.001831
-0.003052
-0.002319
-0.001831
-0.000854
-0.001709
-0.001831
-0.002319
-0.002319
-0.003052
-0.000244
-0.002686
-0.002686
-0.001831
-0.002563
-0.000854
-0.001343
-0.002686
-0.001221
-0.003418
-0.002686
-0.001709
-0.001221
-0.002197
-0.003052
-0.001709
-0.001221
-0.002563
-0.002563
-0.002075
-0.002563
-0.001465
-0.002441
-0.003418
-0.003418
-0.001465
-0.002075
-0.002686
-0.002197
-0.001709
-0.001343
-0.001831
-0.002563
-0.001953
-0.002197
-0.002197
-0.002319
-0.001709
-0.001099
-0.001221
-0.001953
-0.002197
-0.001709
-0.003418
-0.001831
-0.002808
-0.002808
-0.001709
-0.002686
-0.001465
-0.002686
-0.001465
-0.002075
-0.001709
-0.002319
-0.003540
-0.001831
-0.001831
-0.002075
-0.001465
-0.001709
-0.002563
-0.002075
-0.001709
-0.003418
-0.002075
-0.002808
-0.002808
-0.001831
-0.001953
-0.002075
-0.002930
-0.001709
-0.001831
-0.002075
-0.002563
-0.000854
-0.002563
-0.002686
-0.000977
-0.002563
-0.002563
-0.001709
-0.002563
-0.001953
-0.001831
-0.001953
-0.003052
-0.002563
-0.001709
-0.001831
-0.001709
-0.002563
-0.003174
-0.001465
-0.002686
-0.002075
-0.000732
-0.002563
-0.003174
-0.002563
-0.001831
-0.001709
-0.002563
-0.002808
-0.002930
-0.002686
-0.002197
-0.001343
-0.002808
-0.001953
-0.001709
-0.002930
-0.002319
-0.001953
-0.001831
-0.002075
-0.003174
-0.002563
-0.001709
-0.001709
-0.001709
-0.002686
-0.001709
-0.003052
-0.002563
-0.002563
-0.001831
-0.002075
-0.003174
-0.001953
-0.001953
-0.003052
-0.002563
-0.001953
-0.002319
-0.001709
-0.002563
-0.001343
-0.002197
-0.000854
-0.001709
-0.002075
-0.000854
-0.002930
-0.002563
-0.002075
-0.002563
-0.002319
-0.002563
-0.001343
-0.002563
-0.002563
-0.002319
-0.001465
-0.002563
-0.001709
-0.001587
-0.002075
-0.002686
-0.001709
-0.002075
-0.001709
-0.002197
-0.002319
-0.001709
-0.002075
-0.001221
-0.002686
-0.002197
-0.001709
-0.002686
-0.001953
-0.002075
-0.001831
