g++ cpp_feedback_loop.cpp -Wall -std=c++20  -I/opt/redpitaya/include -L/opt/redpitaya/lib -static -lrp-hw-can -lrp -lrp-hw-calib -lrp-hw-profiles -lrp-gpio -lrp-i2c -lrp-hw -lm -lstdc++ -lpthread -li2c -lsocketcan -o cpp_feedback_loop
-0.001465
-0.000732
-0.000977
-0.000122
-0.001099
-0.001221
0.000000
-0.001221
-0.001099
-0.001953
-0.001587
-0.002197
-0.001221
-0.000366
-0.001465
-0.001343
-0.000977
-0.001831
-0.000488
-0.001099
-0.001099
-0.000977
-0.001587
-0.000732
-0.001831
-0.000854
-0.001221
-0.001221
-0.000610
-0.001465
-0.001221
-0.001587
-0.000977
-0.002319
-0.001587
-0.001221
-0.001953
-0.002808
-0.001709
-0.001709
-0.001343
-0.002319
-0.001709
0.000000
-0.001831
-0.001587
0.000366
-0.002319
-0.003418
-0.000732
0.000244
-0.001221
-0.000244
-0.002075
-0.002075
-0.001709
-0.001221
-0.001343
-0.000488
-0.001953
-0.001099
-0.000366
-0.001831
-0.001709
-0.001221
-0.001953
-0.000366
-0.002197
-0.002075
-0.002441
-0.002563
-0.002319
-0.001099
-0.000488
-0.002441
-0.000854
-0.002075
-0.002197
-0.001465
-0.001709
-0.001343
-0.000977
-0.001465
-0.001587
-0.001343
-0.000854
-0.001587
-0.000610
-0.001709
-0.001953
-0.001221
-0.002563
-0.000854
-0.002075
-0.002319
-0.002319
-0.002197
-0.001709
-0.001587
-0.000977
-0.001343
-0.001709
-0.000977
-0.002075
-0.001587
-0.001221
-0.000977
-0.000854
-0.001465
-0.001343
-0.002197
-0.000854
-0.001953
-0.002075
-0.001221
-0.001587
-0.002563
-0.001953
-0.001709
0.000000
-0.001343
-0.000488
-0.000732
-0.001465
-0.000977
-0.001221
-0.001343
-0.001343
-0.001221
-0.000977
-0.001831
-0.002563
-0.000854
-0.001709
-0.000366
-0.001221
-0.001831
-0.001099
-0.001587
-0.001465
-0.001465
-0.002075
-0.000854
-0.001465
-0.001587
-0.001709
-0.001221
-0.001587
-0.001343
-0.001221
-0.001831
-0.001587
-0.001709
-0.001831
-0.001709
-0.001221
-0.001465
-0.001221
-0.001221
-0.001343
-0.002197
-0.002197
-0.001465
-0.001221
-0.000977
-0.001831
-0.002563
-0.002441
-0.000244
-0.001099
-0.002441
-0.001709
-0.000977
-0.003296
-0.001709
-0.000488
-0.000854
-0.001221
-0.000977
-0.002563
0.000000
-0.001343
-0.001953
0.000122
-0.002075
-0.000732
-0.000977
-0.001587
-0.001099
-0.001221
-0.001343
-0.001587
-0.000244
-0.001465
-0.001587
-0.000732
-0.002075
-0.000854
-0.000854
-0.002075
-0.000244
0.000000
-0.002075
-0.001343
-0.001465
-0.001831
-0.001587
-0.001587
-0.002319
-0.001343
-0.002197
-0.000854
-0.001709
-0.001343
-0.000977
-0.001831
-0.000732
-0.001709
-0.001099
-0.001343
-0.001587
-0.001587
-0.002441
-0.002563
-0.000732
-0.000854
-0.001831
-0.001465
-0.001465
-0.000610
-0.001221
-0.001587
-0.000122
-0.000977
-0.001831
-0.001465
-0.000732
-0.001099
-0.000732
-0.000854
-0.002075
-0.001709
-0.000977
-0.000244
-0.002075
-0.001221
-0.002075
-0.001709
-0.002075
-0.001099
-0.001099
-0.000977
-0.001343
-0.001709
-0.001831
-0.001343
-0.001221
-0.001953
-0.000488
-0.001953
-0.002075
-0.000854
-0.000732
-0.001709
-0.002563
-0.001221
-0.001709
-0.002075
-0.001953
-0.001221
-0.000732
-0.000854
-0.000977
-0.001587
-0.000854
-0.001587
-0.000977
-0.001831
-0.000732
-0.001465
-0.001465
-0.000977
-0.000854
-0.000122
-0.001831
-0.000854
-0.000854
-0.001587
-0.000854
-0.001465
-0.001953
-0.001465
0.000366
-0.000854
-0.001465
-0.000854
-0.002197
-0.001343
-0.002319
-0.001709
-0.001343
-0.000244
-0.001587
-0.002197
-0.001953
-0.001709
-0.001953
-0.001343
-0.000977
-0.002075
-0.000122
-0.001587
-0.001709
-0.000244
-0.001465
-0.000366
-0.001709
-0.000122
-0.001221
-0.000977
-0.001465
-0.001953
-0.000854
0.000610
-0.001221
-0.001343
-0.001465
-0.002319
-0.001587
-0.001587
-0.001587
-0.001953
-0.001099
-0.001099
-0.001221
-0.002319
-0.000854
-0.000244
-0.001465
-0.002563
-0.002075
-0.002441
-0.001953
-0.001709
-0.002441
-0.001099
-0.001465
-0.001343
-0.001587
-0.000854
0.000000
-0.001465
-0.002319
-0.002075
-0.000610
-0.001587
-0.001953
-0.002319
-0.001343
-0.001587
-0.001221
-0.001587
-0.001343
-0.001221
-0.000732
-0.001709
-0.000977
-0.000610
-0.002075
-0.000854
-0.001831
-0.001709
-0.000854
-0.001465
-0.001343
-0.000854
-0.001953
-0.001465
-0.000610
-0.002563
-0.002075
-0.000854
-0.001709
-0.001099
-0.001099
-0.001221
-0.001831
-0.001099
-0.000488
-0.001831
-0.002563
-0.001099
-0.001587
-0.002075
-0.002075
-0.001953
-0.001343
-0.002319
-0.001465
-0.001587
-0.001343
-0.000122
-0.001953
-0.000732
-0.000732
-0.001587
-0.001953
-0.000854
-0.000732
-0.000977
-0.001221
-0.000854
-0.000732
-0.001343
-0.002686
-0.001099
-0.000854
-0.001587
-0.000610
-0.002075
-0.001221
-0.001465
-0.003296
-0.001709
-0.000854
-0.001465
-0.001465
-0.002930
-0.000488
-0.000854
-0.001465
-0.001099
-0.001953
-0.001343
-0.000488
-0.001953
-0.002808
-0.000610
-0.001343
-0.000488
-0.001709
-0.001465
-0.001221
-0.002075
-0.002563
-0.001099
-0.001587
-0.000610
-0.001709
-0.000977
-0.001099
-0.001099
-0.000732
-0.001343
-0.001709
-0.000366
-0.000854
-0.001099
-0.001221
-0.001221
-0.002197
-0.001099
-0.001587
-0.001831
-0.002808
-0.000732
-0.000488
-0.001709
-0.001709
-0.000732
-0.002563
-0.002075
-0.001465
-0.002075
-0.001221
-0.002563
-0.000854
-0.000732
-0.000732
-0.001221
-0.001099
-0.001099
-0.000488
-0.001221
-0.001099
-0.001831
-0.002808
-0.001465
-0.000732
-0.000977
-0.001099
-0.001709
-0.000854
-0.001587
-0.001343
-0.001831
-0.001709
-0.001221
-0.001587
-0.001465
-0.000366
-0.000610
-0.001831
-0.002808
-0.001465
0.000000
-0.001953
-0.002075
-0.001221
-0.001831
-0.001709
-0.001709
-0.001343
-0.001221
-0.002563
-0.001709
-0.001953
-0.001343
-0.002075
-0.001953
-0.001709
-0.001953
-0.001099
-0.001953
-0.001709
-0.001099
-0.001831
0.000000
-0.001831
-0.001953
-0.001465
-0.001587
-0.001587
-0.002441
-0.001343
-0.001343
-0.001587
-0.001831
-0.000122
-0.001343
-0.001099
-0.000488
-0.002319
-0.001099
-0.001953
-0.001099
-0.000977
-0.001221
-0.000488
-0.001465
-0.002808
-0.001953
-0.002319
-0.000854
-0.001587
-0.000854
-0.001221
-0.000610
-0.000854
-0.000977
-0.001953
-0.000854
-0.002319
-0.001709
-0.001099
-0.001099
-0.000977
-0.001465
-0.000488
-0.001465
-0.001221
-0.000488
-0.000977
-0.000977
-0.001587
-0.000977
-0.001099
-0.000732
-0.001343
-0.001465
-0.000732
-0.001587
-0.000732
-0.001953
-0.002075
-0.000854
-0.001099
-0.001709
-0.001099
-0.000488
-0.001587
-0.001953
-0.001221
-0.000366
-0.001221
-0.001465
-0.000977
-0.000977
-0.003052
-0.001221
-0.001709
-0.002197
-0.001099
-0.001465
-0.001953
-0.001709
-0.002197
-0.000732
-0.001221
-0.001587
-0.000610
-0.001587
-0.002441
-0.000854
-0.001343
-0.001587
-0.000732
-0.001709
-0.001221
-0.001221
-0.001465
-0.001221
-0.002441
-0.000854
-0.002075
-0.002808
-0.001709
-0.000854
-0.001099
-0.000854
-0.001221
-0.001831
-0.001587
-0.000854
-0.000488
-0.001587
-0.001587
-0.000854
-0.002686
-0.001587
-0.001709
-0.001343
-0.001709
-0.001587
-0.001831
-0.001221
-0.000854
-0.001831
-0.001587
-0.001709
-0.001709
-0.000122
-0.001465
-0.001099
-0.001465
-0.001465
-0.002075
-0.000854
-0.002075
-0.002808
-0.001953
-0.001465
-0.001831
-0.001709
-0.001587
-0.001343
-0.000977
-0.000488
-0.001831
-0.002197
-0.001587
0.000244
-0.001343
-0.001343
-0.001343
-0.001709
-0.001953
-0.001709
-0.001709
-0.001709
-0.001099
-0.001831
-0.002197
-0.001221
-0.001099
-0.001831
-0.001221
-0.001709
-0.000977
-0.001343
-0.001465
-0.001831
-0.001709
-0.000610
0.000244
-0.002075
-0.002563
-0.001587
-0.002441
-0.000610
-0.000610
-0.001587
-0.001953
-0.001709
-0.001099
-0.001953
-0.000732
-0.002197
-0.001587
-0.001465
-0.001343
-0.001465
-0.001709
-0.002197
-0.001587
-0.001465
-0.001709
-0.002075
-0.001343
-0.001465
-0.000854
-0.000610
-0.001587
-0.000610
-0.001587
-0.000977
-0.001343
-0.000854
-0.001221
-0.001831
-0.002075
-0.001709
-0.000610
-0.001343
-0.000610
-0.001465
-0.000610
-0.002075
-0.001587
-0.001221
-0.001831
-0.001343
-0.002197
0.000122
-0.001099
-0.002441
0.000000
-0.002563
-0.002197
-0.002075
-0.001587
-0.000854
-0.001953
-0.001953
-0.001465
-0.001465
-0.000732
-0.001709
-0.001953
-0.002319
-0.001465
-0.001465
-0.001343
-0.001587
-0.001709
-0.000488
-0.001831
-0.002563
-0.001709
-0.001221
-0.002930
-0.002075
-0.001343
-0.001465
-0.000977
-0.000366
-0.001831
-0.002441
-0.001953
-0.001953
-0.001953
-0.000366
-0.001709
-0.001465
-0.000854
-0.001099
-0.001465
-0.002197
-0.001709
-0.001465
-0.000977
-0.001343
-0.001343
-0.001221
-0.001465
-0.002075
-0.001343
-0.000610
-0.001343
-0.002197
-0.000854
-0.001709
-0.001953
-0.000732
-0.003296
-0.001709
-0.002075
-0.001099
-0.000854
-0.001099
-0.001221
-0.002197
-0.002075
-0.000854
-0.001343
-0.002808
-0.002563
-0.001953
-0.001587
-0.001099
-0.001221
-0.000854
-0.002197
-0.002441
-0.000854
-0.000732
-0.000977
-0.002808
-0.001465
-0.001709
-0.001953
-0.001099
-0.002075
-0.001099
-0.001099
-0.000977
-0.000244
-0.001343
-0.000366
-0.001587
-0.002197
-0.001343
-0.001465
-0.001831
-0.001709
-0.002197
0.000122
-0.001343
-0.001343
-0.001709
-0.000977
-0.000977
-0.001099
-0.001953
-0.002075
-0.001343
-0.001831
-0.001709
-0.001221
-0.002075
-0.001953
-0.001465
-0.001831
-0.001953
-0.000244
-0.000854
-0.001465
-0.001709
-0.001343
-0.001221
-0.002197
-0.002319
-0.001343
-0.001221
-0.001953
-0.003052
-0.000122
-0.001953
-0.002075
-0.002319
-0.001587
-0.000854
-0.000854
-0.002197
-0.001587
-0.001099
-0.001465
-0.001343
-0.000854
-0.002197
-0.001709
-0.001953
-0.001465
0.000000
-0.001343
-0.002197
-0.002808
-0.001099
-0.001831
-0.002319
-0.000488
-0.002686
-0.002075
-0.001709
-0.002563
-0.002930
-0.001343
-0.001831
0.000122
-0.002563
-0.000732
-0.000977
-0.001953
-0.000610
-0.002075
-0.001709
-0.001343
-0.000854
-0.001099
-0.001953
-0.001709
-0.000854
-0.001099
-0.000854
-0.001831
-0.001709
-0.001099
-0.001953
-0.001709
-0.000610
-0.001953
-0.001465
-0.001831
-0.000854
-0.001831
-0.002441
-0.000854
-0.001587
-0.000610
-0.001099
-0.002563
-0.001099
-0.001587
0.000000
-0.000732
-0.000732
-0.002686
-0.000244
-0.001343
-0.002686
-0.001465
-0.002075
-0.001709
-0.001465
-0.000854
-0.001099
-0.002441
-0.001587
-0.001099
-0.000732
-0.001587
-0.001587
-0.001953
-0.001587
-0.001343
-0.001831
-0.001465
-0.001465
-0.002441
-0.001587
-0.001587
-0.001953
-0.001709
-0.001343
-0.001465
-0.001831
-0.002441
-0.001587
-0.001709
-0.001587
-0.000977
-0.001587
-0.002686
-0.000610
-0.003296
-0.002563
-0.000854
-0.002075
-0.001709
-0.002197
-0.001953
-0.001343
-0.001953
-0.000854
-0.001587
-0.002319
-0.001465
-0.002441
-0.001953
-0.001343
-0.001343
-0.001099
-0.000977
-0.001953
-0.000854
-0.000610
-0.002686
-0.000610
-0.000977
-0.001953
-0.001099
-0.000366
-0.003052
-0.001343
-0.001465
-0.001831
-0.000732
-0.000732
-0.002197
-0.002197
-0.000854
-0.001465
-0.002075
-0.000244
-0.001343
-0.001709
-0.000610
-0.001221
-0.002563
-0.002563
-0.000854
-0.001831
-0.001221
-0.002563
-0.001343
-0.001587
-0.001709
-0.002075
-0.001343
-0.000854
-0.000244
-0.001221
-0.001343
-0.001465
-0.001709
-0.001099
-0.000977
-0.001099
-0.000977
-0.001953
-0.000732
-0.000977
-0.001953
-0.000854
-0.001953
-0.000854
-0.000854
-0.002319
-0.002808
-0.001099
-0.001465
-0.001587
-0.001221
-0.001221
-0.001099
-0.001465
-0.000854
0.000000
-0.002441
-0.001099
-0.001465
-0.001465
-0.001099
-0.002441
-0.001953
-0.001709
-0.002197
-0.000732
-0.001587
-0.001831
-0.001465
-0.001465
-0.001465
-0.001099
-0.001831
-0.001465
0.000122
-0.002075
-0.001221
-0.001709
-0.001831
-0.001221
-0.001343
-0.000854
-0.001831
-0.001465
-0.001831
-0.000488
-0.002319
-0.001343
-0.002319
-0.003052
-0.000854
-0.000854
-0.002319
-0.001709
-0.001099
-0.002075
-0.002319
-0.000854
-0.001465
-0.000854
-0.001221
-0.001831
-0.000366
-0.001099
-0.001953
-0.000854
-0.000977
-0.001221
-0.000977
-0.001221
-0.001221
-0.000977
-0.001465
-0.001221
-0.000854
-0.002075
-0.001587
-0.001221
-0.001099
-0.001099
-0.001465
-0.000854
-0.001831
-0.001709
-0.000854
-0.001953
-0.001221
-0.001953
-0.001587
-0.000366
-0.002075
-0.002441
-0.000610
-0.001221
-0.000854
-0.000732
-0.000244
-0.002197
-0.002441
-0.002441
-0.001709
-0.000610
-0.001099
0.000000
-0.001099
-0.001587
-0.001099
-0.000854
-0.000854
-0.001831
-0.002197
-0.001465
-0.002197
-0.001709
-0.001709
-0.000854
-0.002319
-0.000854
-0.001709
-0.002319
-0.000854
-0.001099
-0.002808
-0.001709
-0.000732
-0.002441
-0.001343
-0.002197
-0.001343
-0.000732
-0.000977
-0.000244
-0.000488
-0.001953
-0.001953
-0.001221
-0.001465
0.000122
-0.001587
-0.001099
-0.001953
-0.001709
-0.001465
-0.001099
-0.002075
-0.001587
-0.000732
-0.000977
-0.001465
-0.000854
-0.000977
-0.001465
-0.000366
-0.000732
-0.002563
-0.000732
-0.002075
-0.000610
-0.000977
-0.002563
-0.001099
-0.001343
-0.001465
-0.001709
-0.001343
-0.002686
-0.002441
-0.000854
-0.002686
-0.001953
-0.002197
-0.000732
-0.001831
-0.002197
-0.002319
-0.000854
-0.000366
-0.002075
-0.001221
-0.001343
-0.001099
-0.002808
-0.000366
-0.000977
-0.000977
-0.000732
-0.001831
-0.001221
-0.001343
-0.000977
-0.000854
-0.001831
-0.002197
-0.001953
-0.001587
-0.001831
-0.001465
-0.001099
-0.001953
-0.001465
-0.001465
-0.001221
-0.001465
-0.001099
-0.001465
-0.001831
-0.002197
-0.002075
-0.001587
-0.001221
-0.002441
-0.001343
-0.001953
-0.000854
-0.001465
-0.001953
-0.002197
-0.001465
-0.002075
-0.000854
-0.000977
-0.001831
-0.001465
-0.001953
-0.001343
-0.001221
-0.000854
-0.000610
-0.001221
-0.001465
-0.001587
-0.001831
-0.000122
-0.000366
-0.002075
-0.000854
-0.000244
-0.000610
-0.000366
-0.001099
-0.000854
-0.000244
-0.001953
-0.001709
-0.001953
-0.001465
-0.001831
-0.001221
-0.001221
-0.002319
-0.001953
-0.001587
-0.002197
-0.001587
0.000000
-0.000610
-0.002808
-0.001953
-0.001099
-0.001099
-0.001709
-0.000610
-0.001465
-0.001465
-0.000610
-0.001221
-0.000732
-0.000610
-0.001831
-0.001709
-0.000366
-0.000854
-0.000977
-0.001221
0.000488
-0.000977
-0.000854
-0.001221
-0.000854
-0.000977
-0.001587
-0.002686
-0.000854
-0.001099
-0.000732
-0.001221
-0.002197
-0.001709
-0.001587
-0.000854
-0.002075
-0.002197
-0.001709
-0.000732
-0.000854
-0.000977
-0.001709
-0.000122
-0.001099
-0.001831
-0.001709
-0.001465
0.000244
-0.001343
-0.001587
-0.001343
-0.001831
-0.002075
-0.001343
-0.002075
-0.002075
-0.001099
-0.001709
-0.000488
-0.002075
-0.001587
-0.000854
-0.002441
-0.001465
-0.000977
-0.001709
-0.001221
-0.001099
-0.000977
-0.001709
-0.001221
-0.000977
-0.000977
-0.002197
-0.001465
-0.001465
-0.001465
-0.001587
-0.001343
-0.001953
-0.002197
-0.001587
-0.001221
-0.000854
-0.000977
-0.001953
-0.001465
-0.001831
-0.001465
-0.001343
-0.002075
-0.002441
-0.000610
-0.000977
-0.001465
-0.000488
-0.000854
-0.000610
-0.001831
-0.002930
-0.001465
-0.000977
-0.003052
-0.001953
-0.000854
-0.001343
-0.001221
-0.002441
-0.001221
-0.001343
-0.001465
-0.001343
-0.001099
0.000000
-0.002441
-0.000244
-0.000854
-0.001465
-0.001221
-0.002197
-0.001099
-0.003418
-0.001587
-0.002075
-0.002197
-0.001343
-0.000610
-0.001343
-0.001465
-0.000977
-0.001953
-0.001953
-0.001343
-0.000732
-0.002319
-0.002563
-0.001587
-0.000977
-0.002075
-0.001099
-0.001709
-0.001099
-0.001587
-0.000366
-0.000244
-0.001099
-0.001343
-0.000732
-0.001343
-0.001465
-0.001709
-0.000732
-0.002075
-0.001953
-0.000244
-0.000366
-0.001831
-0.001709
-0.002319
-0.002075
-0.001953
-0.000854
-0.001831
-0.002197
-0.001953
-0.001709
-0.001587
-0.001099
-0.000366
-0.000977
-0.000732
-0.001343
-0.000977
-0.001587
-0.000977
-0.001343
-0.000977
-0.000610
-0.001099
-0.001465
-0.001709
-0.001465
-0.000977
-0.001465
-0.000854
-0.001343
-0.001099
-0.000977
-0.001587
-0.000977
-0.001465
-0.002075
-0.001465
-0.000366
-0.001465
-0.001953
-0.000610
-0.001221
-0.001953
-0.001099
-0.001221
-0.001465
-0.001587
-0.000977
-0.001831
-0.002319
-0.001465
-0.000854
-0.002075
-0.001343
-0.000610
-0.001587
-0.001465
-0.001953
-0.001587
-0.000977
-0.001831
-0.001343
-0.000732
-0.001709
-0.001221
-0.001099
-0.001343
-0.001953
-0.001343
-0.001343
-0.001465
-0.002075
-0.002441
-0.000488
-0.001953
-0.000366
-0.001709
-0.000732
-0.001221
-0.001831
-0.000488
-0.001709
-0.000122
-0.000977
-0.000732
-0.000732
-0.001343
-0.001099
-0.001221
-0.001953
-0.000366
-0.001953
-0.001953
-0.002563
-0.001587
-0.001343
-0.001221
-0.001709
-0.002441
-0.002319
-0.001465
-0.000244
-0.001343
-0.001343
-0.001343
-0.001221
-0.001831
-0.000732
-0.002441
-0.001099
-0.000732
-0.002319
-0.001953
-0.001221
-0.002441
-0.001099
-0.001221
-0.001221
-0.001099
-0.001709
-0.002441
-0.001587
-0.001953
-0.001221
-0.002075
-0.001465
-0.000854
-0.000854
-0.001221
-0.001587
-0.002075
-0.001465
-0.001587
-0.000610
-0.001587
-0.001587
-0.001221
-0.001953
-0.001099
-0.001465
-0.001221
-0.001953
-0.002197
-0.001953
-0.001221
-0.000488
-0.001343
-0.000977
-0.001709
-0.000854
-0.001099
-0.003052
-0.001709
-0.001343
-0.001831
-0.001343
-0.001709
-0.000244
-0.001343
-0.002319
-0.001343
-0.002075
-0.001099
-0.001587
-0.001709
-0.000610
-0.001831
-0.000854
-0.002563
-0.001465
-0.001465
0.000488
-0.001221
-0.001465
-0.001221
-0.002808
-0.000854
-0.000610
0.000122
-0.001099
-0.001221
0.000122
-0.001587
-0.001343
-0.000122
-0.001343
-0.000977
-0.000732
-0.000610
-0.001099
-0.000977
-0.000366
-0.002075
-0.001587
-0.000488
-0.001709
-0.002441
-0.001709
-0.001709
-0.001221
-0.000244
-0.002197
-0.000610
-0.001587
-0.002319
-0.000122
-0.001465
-0.001465
-0.002686
-0.001709
-0.000366
-0.001953
-0.000854
-0.001953
-0.002197
-0.003418
-0.002075
-0.001587
-0.002441
-0.001709
-0.002197
-0.001465
-0.001465
-0.001221
-0.001099
-0.000977
-0.001587
-0.001587
-0.001221
-0.001953
-0.000854
-0.001587
-0.001587
-0.000610
-0.001831
-0.002319
-0.000488
-0.002075
-0.001587
-0.001343
-0.001099
-0.002441
-0.001343
-0.000610
-0.002563
-0.000610
-0.002075
-0.001343
-0.000854
-0.000977
-0.001587
-0.001221
-0.002686
-0.001099
-0.002686
-0.002563
-0.001709
-0.001831
-0.001465
-0.001343
-0.001831
-0.001953
-0.000854
-0.000732
-0.001953
-0.001343
-0.002197
-0.000732
-0.001343
-0.000732
-0.000488
-0.000732
-0.001099
-0.001587
-0.001465
-0.002197
-0.001221
-0.000977
-0.001465
-0.001221
-0.001343
-0.000977
-0.001587
-0.002197
-0.001587
-0.000977
-0.000854
-0.001587
-0.001099
-0.001831
-0.002075
-0.001465
-0.001099
-0.002319
-0.002563
-0.000488
0.000122
-0.001831
-0.000854
-0.002441
0.000122
-0.001343
-0.001221
-0.001343
-0.001831
-0.001099
-0.001221
-0.000244
-0.001099
-0.002197
-0.002197
-0.001343
-0.001587
-0.000610
-0.003662
-0.001465
-0.001587
-0.000122
-0.001465
-0.001221
-0.001221
-0.002441
-0.001465
-0.002441
-0.001343
-0.002319
-0.001709
-0.000854
-0.001953
-0.002075
-0.001709
-0.001465
-0.001587
-0.000488
-0.001343
-0.001221
-0.002319
-0.001465
-0.001465
-0.001465
-0.000732
-0.002563
-0.000488
-0.000732
-0.000366
-0.002319
-0.001099
-0.001343
-0.002075
-0.001953
-0.001221
-0.000488
-0.001221
-0.002319
-0.001953
-0.001465
-0.001953
-0.001587
-0.000732
-0.001099
-0.001709
-0.002197
-0.001953
-0.001709
-0.001465
-0.000122
-0.002197
-0.000488
-0.000488
-0.002319
-0.000732
-0.002686
-0.001099
-0.001221
-0.001465
-0.001831
-0.001099
-0.000366
-0.001709
-0.000977
-0.000610
-0.002319
-0.001953
-0.000122
-0.000732
-0.001831
-0.000732
-0.000977
-0.001343
-0.000854
-0.002197
-0.001099
-0.001831
-0.001587
-0.000854
-0.000977
-0.000610
-0.000854
-0.001343
-0.000610
-0.002075
-0.002319
-0.001465
-0.001343
-0.001709
-0.000854
-0.002075
-0.000488
-0.002808
-0.001099
-0.000732
-0.000610
-0.001831
-0.000854
-0.001343
-0.001587
-0.001221
-0.001221
-0.001221
-0.001221
-0.001221
-0.001465
-0.001343
-0.001099
-0.001587
-0.000977
-0.001587
-0.002075
-0.001709
-0.001587
-0.000732
-0.000977
-0.001465
-0.000366
-0.000732
-0.001465
-0.000488
-0.001709
-0.003174
-0.000244
-0.001221
-0.001221
-0.001953
-0.000122
-0.001465
-0.001953
0.000122
-0.001709
-0.001099
-0.000854
-0.001831
-0.000854
-0.001343
-0.002686
-0.001099
-0.001221
-0.001709
-0.000977
-0.000732
-0.001587
-0.001831
-0.001709
-0.002563
-0.000854
-0.000366
-0.002197
-0.000854
-0.001709
-0.001953
-0.000366
-0.000610
-0.001465
-0.001099
-0.001221
-0.000732
-0.001465
-0.001587
-0.000977
-0.000732
-0.002319
-0.000854
-0.001587
-0.002319
-0.002441
-0.000732
-0.001221
-0.001465
-0.001465
-0.000854
-0.000488
-0.001953
-0.001343
-0.002686
-0.002197
-0.000854
-0.001099
-0.000122
-0.000854
-0.001343
-0.002075
-0.000610
-0.000854
-0.001343
-0.001465
-0.001709
-0.000977
0.000000
-0.001221
-0.001221
-0.001709
-0.001343
0.000122
-0.000732
-0.002075
-0.001953
-0.000610
-0.000610
-0.001953
-0.001465
-0.001221
-0.000977
-0.001465
-0.001343
-0.001587
-0.000977
-0.000977
-0.001465
-0.002197
-0.001465
-0.000854
-0.000244
-0.000732
-0.001343
-0.001831
-0.000854
-0.000977
-0.001587
-0.001465
-0.001343
-0.001709
-0.001587
-0.001099
-0.001953
-0.000854
-0.001099
-0.002075
-0.001465
-0.000366
-0.000366
-0.001343
-0.002075
-0.001221
-0.001099
-0.002197
-0.001221
-0.000610
-0.001831
-0.000854
-0.001587
-0.001099
-0.001587
-0.001587
-0.001709
-0.002075
-0.002319
-0.000854
-0.001587
-0.002441
-0.000854
-0.001465
-0.000610
-0.001587
-0.000366
-0.000610
-0.000977
-0.002075
-0.000366
0.000000
-0.002563
-0.000732
-0.001099
-0.001099
-0.001465
-0.000977
-0.001465
-0.002319
-0.001465
-0.001099
-0.000854
-0.000977
-0.001465
-0.001465
-0.000732
-0.001221
-0.001221
-0.001587
-0.001099
-0.002441
-0.001587
-0.001099
-0.000854
-0.001831
-0.001465
-0.000488
-0.002197
-0.001709
-0.001831
-0.002319
-0.000854
-0.001343
-0.002075
-0.001465
-0.001099
-0.002686
-0.001099
-0.001221
-0.001465
-0.002197
-0.001099
-0.000366
-0.001587
-0.001343
-0.002686
-0.001953
-0.001099
-0.002441
-0.001709
-0.000854
-0.001953
-0.001465
-0.001953
-0.001221
-0.000366
-0.002319
-0.001709
-0.000488
-0.001953
-0.001099
-0.001587
-0.001831
-0.001343
-0.000854
-0.002075
-0.001587
-0.002563
-0.001465
-0.002197
-0.002197
-0.000610
0.000244
-0.002319
-0.000488
-0.000977
-0.001831
-0.001221
-0.001709
-0.001953
-0.001099
-0.001709
-0.001465
-0.001709
-0.001221
-0.000977
-0.000977
-0.000732
-0.001831
-0.001221
-0.002075
-0.000488
-0.000977
-0.001343
-0.001831
-0.000854
-0.000610
-0.001953
-0.001709
-0.002930
-0.001587
-0.001587
-0.001343
-0.003174
-0.002441
-0.001465
-0.001343
-0.002319
-0.001221
-0.001465
-0.000977
-0.001221
-0.000732
-0.000732
-0.000854
-0.002075
-0.001343
-0.002075
-0.000732
-0.001831
-0.002563
-0.000854
-0.001953
-0.001221
-0.000977
-0.001709
-0.001587
-0.000977
-0.001587
-0.001221
-0.002075
-0.001343
-0.001587
-0.001343
-0.001953
-0.001221
-0.001221
-0.000977
-0.001709
-0.000732
-0.001709
-0.001709
-0.001343
-0.001953
-0.001587
-0.002319
-0.000732
-0.001587
-0.001099
-0.001709
-0.002441
-0.001221
-0.000732
-0.001465
-0.000732
-0.001343
-0.002319
-0.001709
-0.001221
-0.000610
-0.002563
-0.001709
-0.001465
-0.001831
-0.001099
-0.001221
-0.002075
-0.001465
-0.000366
-0.001099
-0.001953
-0.001587
-0.000854
-0.000732
-0.001953
-0.001709
-0.001221
-0.000244
-0.001831
-0.002319
-0.001221
-0.001221
-0.000977
-0.001343
-0.000854
-0.002075
-0.001343
-0.001587
-0.001709
-0.001099
-0.002197
-0.001465
-0.000732
-0.001343
-0.000854
-0.002197
-0.001587
0.000610
-0.001099
-0.001343
-0.000977
-0.000977
-0.001221
-0.001343
0.000000
-0.001099
-0.001709
-0.001343
-0.001099
-0.001953
-0.000854
-0.001221
-0.000244
-0.001831
-0.001709
-0.000732
-0.001587
-0.002197
-0.001465
-0.000610
-0.000488
-0.001831
-0.001953
-0.000854
-0.001221
0.000000
-0.001465
-0.001953
-0.002075
-0.002075
0.000122
-0.000854
-0.001953
-0.001465
-0.001221
-0.001587
-0.001709
-0.001587
-0.002075
-0.001099
-0.000610
-0.001465
-0.001343
-0.001831
-0.002075
-0.000732
-0.002441
-0.001343
-0.001343
-0.001587
-0.001221
-0.001221
-0.001221
-0.001709
-0.002319
-0.001099
-0.001587
-0.001709
-0.000977
-0.001221
-0.001831
-0.000854
-0.000977
-0.001221
-0.000610
-0.000610
-0.001953
-0.001953
-0.001099
-0.001587
-0.001343
-0.001099
-0.001221
-0.002441
-0.001587
-0.002197
-0.001709
-0.000488
-0.000977
-0.001831
-0.002197
-0.001953
-0.000854
-0.000610
-0.001099
-0.002563
-0.001099
-0.001953
-0.000732
-0.001709
-0.000732
-0.002441
-0.002319
-0.001709
-0.001587
-0.002075
-0.000244
-0.000854
-0.001831
-0.002563
-0.000610
-0.001099
-0.001465
-0.001343
-0.002686
-0.000732
-0.001343
-0.001953
-0.002197
-0.001587
-0.001587
-0.002197
-0.001465
-0.002319
-0.001587
-0.001953
0.000000
-0.000854
-0.001831
-0.000732
-0.002808
-0.000854
-0.001343
-0.001465
-0.000244
-0.001465
-0.001709
-0.000488
-0.001587
-0.002075
-0.001221
-0.000610
-0.002075
-0.000854
-0.000366
-0.001343
-0.001587
-0.000610
-0.001831
-0.001709
-0.001953
-0.002563
-0.001343
-0.001221
-0.001587
-0.001709
-0.001709
-0.001465
-0.000977
-0.000977
-0.001343
-0.001221
-0.001099
-0.002075
-0.001221
-0.000610
-0.001587
-0.001709
-0.001099
-0.001953
-0.001953
-0.000488
-0.001831
-0.000366
-0.001465
-0.001343
-0.000610
-0.002319
-0.002319
-0.000854
-0.000977
-0.001343
-0.001343
-0.001953
-0.001343
-0.001465
-0.001343
-0.001099
-0.001465
-0.000977
-0.001831
-0.001587
-0.001221
-0.000610
-0.001587
-0.002563
-0.001343
-0.001221
-0.001343
-0.001099
0.001099
-0.001831
-0.002197
-0.000122
-0.001831
-0.000732
-0.001709
-0.001465
-0.001221
-0.001221
-0.001221
-0.001953
-0.001221
-0.002930
-0.002197
-0.001587
-0.000977
-0.000854
-0.001587
-0.002319
-0.001465
-0.000977
-0.000977
-0.002075
-0.003174
-0.000854
-0.000854
-0.001587
-0.000244
-0.001221
-0.001709
-0.001221
-0.001953
-0.001587
-0.001221
-0.000854
-0.001099
-0.000244
-0.001953
-0.001343
-0.001343
-0.002319
-0.002319
-0.001465
-0.001221
-0.001587
-0.001221
-0.000854
-0.001465
-0.001465
-0.000244
-0.001465
-0.001221
-0.000610
-0.001953
-0.001587
-0.000732
-0.002197
-0.001099
-0.001831
-0.000732
-0.001465
-0.001709
-0.000732
-0.001953
-0.001587
-0.000610
-0.002441
-0.001709
-0.001099
-0.001709
-0.001587
-0.001099
-0.001221
-0.001709
-0.001465
-0.001099
-0.001099
-0.001343
-0.001465
-0.001221
-0.000977
-0.001099
-0.000610
-0.001221
-0.002441
-0.001221
-0.001099
-0.001465
-0.001587
-0.001831
-0.002197
-0.001343
-0.001099
-0.001953
-0.001709
-0.001709
-0.001221
-0.001831
-0.001465
-0.000977
-0.002563
-0.000122
-0.000732
-0.001709
-0.001465
-0.001465
-0.001587
-0.002808
-0.002441
-0.001587
-0.002808
-0.001221
-0.000732
-0.000732
-0.000610
-0.001831
-0.001709
-0.001221
-0.001099
-0.001953
-0.001709
-0.001953
-0.001709
-0.002930
-0.001465
-0.000732
-0.001831
-0.002197
-0.001221
-0.000488
-0.002808
-0.001465
-0.001587
-0.001099
-0.001587
0.000244
-0.002441
-0.002563
-0.000854
-0.001221
-0.000244
-0.000122
-0.001587
-0.001221
-0.000732
-0.002197
-0.001099
-0.000732
-0.001831
-0.002319
-0.001465
-0.000244
-0.001709
-0.000610
-0.001465
-0.002441
-0.001709
-0.000854
-0.001587
-0.002075
-0.001465
-0.002075
-0.002197
-0.001953
-0.001587
-0.001587
-0.002075
-0.002319
-0.001709
-0.001099
-0.002075
-0.001099
-0.000854
-0.001709
-0.000854
-0.003052
-0.000732
-0.000854
-0.001099
-0.000610
-0.002075
-0.001709
-0.001465
-0.000366
-0.000366
-0.000854
-0.001831
-0.000610
-0.001709
-0.001831
-0.001099
-0.000854
-0.001587
-0.001831
-0.000732
-0.002686
-0.000854
-0.000610
-0.001831
-0.001221
-0.001343
-0.000732
-0.002075
-0.000854
-0.001343
-0.002563
-0.002563
-0.000854
-0.001587
-0.000977
-0.000854
-0.000977
-0.000854
-0.002686
-0.001587
-0.001709
-0.001587
-0.002930
-0.001465
-0.001831
-0.002319
-0.001953
-0.001709
-0.001099
-0.001221
-0.001221
-0.001953
-0.000854
-0.001587
-0.001587
-0.000488
-0.001221
-0.001953
-0.001709
-0.001587
-0.002075
-0.001099
-0.000122
-0.001831
-0.002808
-0.000366
-0.002319
-0.001099
-0.001587
-0.002808
-0.000366
-0.002319
-0.001343
-0.000610
-0.000977
-0.001343
-0.001221
-0.001465
-0.000732
-0.001343
-0.001465
-0.002319
-0.000854
-0.001831
-0.002197
-0.001221
-0.002319
-0.000488
-0.001587
-0.002075
-0.001099
-0.000977
-0.000977
-0.002319
-0.002563
-0.000610
-0.003174
-0.002563
-0.000732
-0.001099
-0.000854
-0.001343
-0.000854
-0.001221
-0.001831
-0.001221
-0.002441
-0.000122
-0.000610
-0.001709
-0.002686
-0.001343
-0.000977
-0.002197
-0.000244
-0.001709
-0.001221
-0.002075
-0.002075
-0.001953
-0.001221
-0.001343
-0.001343
-0.000854
-0.002319
-0.001343
-0.000610
-0.002197
-0.001221
-0.001465
-0.001465
-0.001343
-0.001831
-0.001465
-0.000732
-0.001343
-0.001831
-0.000854
-0.001953
-0.000854
-0.002197
-0.001709
-0.001343
-0.002197
-0.001709
-0.001221
-0.001831
-0.001465
-0.001709
-0.002319
-0.000610
-0.001465
-0.000977
-0.000610
-0.001831
-0.000854
-0.001709
-0.000366
-0.000488
-0.002197
-0.001221
-0.000732
0.000000
-0.001587
-0.001465
-0.001099
-0.001343
-0.001221
-0.001343
-0.000977
-0.001831
-0.002197
-0.001343
-0.002563
-0.002075
-0.001221
-0.001587
-0.001343
-0.001953
-0.001953
-0.001465
-0.002441
-0.001465
-0.001221
-0.001587
-0.000732
-0.002808
-0.000610
-0.000244
-0.002197
-0.003174
-0.000732
-0.001343
-0.001709
-0.001221
-0.001831
-0.001221
-0.001221
-0.000977
-0.001953
-0.001587
-0.000732
-0.001709
-0.001343
0.000610
-0.001465
-0.000977
-0.001953
-0.001709
-0.000610
-0.002075
-0.002197
-0.000854
-0.001831
-0.000854
-0.001465
-0.000977
-0.000732
-0.000732
-0.001221
-0.001343
0.000000
-0.001099
-0.001831
-0.000244
-0.001465
-0.002319
-0.000488
-0.002075
-0.000244
-0.002563
-0.001465
-0.001831
-0.000854
-0.002441
-0.000854
-0.000244
-0.002808
-0.001709
-0.001343
-0.000977
-0.001099
-0.000244
-0.002075
-0.001709
-0.001221
-0.001465
-0.000977
-0.001221
-0.001953
-0.001709
-0.001465
-0.001343
-0.002075
-0.001099
-0.002441
-0.001709
-0.001099
-0.001587
-0.000854
-0.000366
-0.001831
-0.001587
-0.003296
-0.001221
-0.000854
-0.001099
-0.002075
-0.000610
-0.000977
-0.001709
-0.001831
-0.000854
-0.001099
-0.001465
-0.001587
-0.001343
-0.000977
-0.001709
-0.002319
-0.001953
-0.001465
-0.000488
-0.001343
-0.002197
-0.001709
-0.001221
-0.001221
-0.002075
-0.002197
-0.000244
-0.000610
-0.001709
-0.001099
-0.001831
-0.000366
-0.001221
-0.001587
-0.001709
-0.001221
-0.000732
-0.002197
-0.000854
-0.000732
-0.001221
-0.001099
-0.001221
-0.000732
-0.001709
-0.001221
-0.000977
-0.002808
-0.001343
-0.000488
-0.001099
-0.001099
-0.001709
-0.001709
-0.001465
-0.000977
0.000000
-0.000854
-0.002808
-0.001709
-0.001343
-0.000977
-0.001099
-0.001343
-0.001099
-0.001709
-0.000488
-0.000732
-0.000977
-0.000610
-0.001343
-0.000366
-0.000610
-0.002686
-0.001709
-0.001343
-0.000977
-0.000610
-0.000244
-0.001099
-0.001831
-0.000854
-0.001831
-0.001221
-0.000977
-0.000366
-0.002075
-0.000610
-0.001831
-0.000244
-0.001099
-0.002075
-0.000854
-0.002075
-0.001709
-0.001221
-0.001099
0.000244
-0.001831
-0.000488
-0.000977
-0.001831
-0.002075
-0.000732
-0.001465
-0.000854
-0.002319
-0.001587
-0.002319
-0.001709
-0.000854
-0.001099
-0.002075
-0.000610
-0.001831
-0.001709
-0.000732
-0.001953
-0.002441
-0.002197
-0.000732
-0.002075
-0.000854
-0.000732
-0.000854
-0.001099
-0.002319
-0.001343
-0.002686
-0.000122
-0.001831
-0.001953
-0.001709
-0.001709
-0.000488
-0.001953
-0.000610
-0.001099
-0.001709
0.000000
-0.001099
-0.001221
-0.002441
-0.001587
-0.001099
-0.001343
-0.001953
-0.000854
-0.001099
-0.001709
-0.001831
-0.001343
-0.001221
-0.001831
-0.001465
-0.001465
-0.001465
-0.001587
-0.001709
-0.001221
-0.001099
-0.002319
-0.001221
-0.001343
-0.000977
-0.002441
-0.001343
-0.001953
-0.002563
-0.001099
-0.000610
-0.000366
-0.001953
-0.001709
-0.001587
-0.001343
-0.001587
-0.001099
-0.002808
-0.001709
-0.001099
-0.001343
-0.001587
-0.001465
-0.001953
-0.000854
-0.001465
0.000488
-0.001709
-0.002197
-0.001953
-0.001465
-0.000977
-0.001953
-0.000854
-0.000488
-0.002075
-0.001587
-0.001587
-0.000854
-0.001221
-0.000977
-0.000610
-0.000977
-0.001465
-0.001709
-0.001953
-0.002075
-0.001221
-0.001465
-0.000366
-0.001221
-0.002441
-0.000854
-0.001465
-0.002563
-0.002319
-0.001343
-0.001709
-0.001343
-0.001099
-0.000977
0.000000
-0.002563
-0.001709
-0.001709
-0.002930
-0.002319
-0.000854
-0.000610
-0.000854
-0.001343
-0.001953
-0.001953
-0.000854
-0.001709
-0.000854
-0.000488
-0.001343
-0.000732
-0.001221
-0.001587
-0.000854
-0.000610
-0.001221
-0.001831
-0.001587
-0.002319
-0.001465
-0.000610
-0.001465
-0.000977
-0.002441
-0.001221
-0.001343
-0.000488
-0.001709
-0.000854
-0.001709
-0.001709
-0.001099
-0.000732
-0.000244
-0.001221
-0.001221
-0.000854
-0.001343
-0.000122
-0.002075
-0.001465
-0.001343
-0.001221
-0.000732
-0.000610
-0.002563
-0.001343
0.000000
-0.000366
-0.001343
-0.002197
-0.001465
-0.002197
-0.001099
-0.001343
-0.002197
-0.000854
-0.001343
-0.002441
0.000122
-0.001465
-0.001953
-0.001221
-0.001831
-0.002197
-0.001343
-0.001587
-0.001465
-0.000977
-0.001465
-0.002563
-0.001465
-0.000488
-0.001099
-0.002075
-0.001465
-0.000610
-0.001221
-0.001831
-0.001221
-0.002075
-0.001709
-0.000854
-0.000488
-0.002319
-0.001709
-0.001709
-0.001343
-0.000977
-0.001465
-0.002197
-0.001709
-0.001221
-0.001343
-0.000977
-0.002319
-0.001587
-0.001465
-0.000122
-0.000977
-0.001099
-0.000244
-0.000977
-0.001221
-0.000854
-0.000854
-0.001465
-0.001343
-0.001343
-0.001221
-0.001099
-0.001343
-0.001343
-0.001465
-0.000122
-0.003052
-0.002319
-0.000732
-0.001343
-0.002075
-0.001709
-0.001465
-0.001221
-0.002563
-0.000366
-0.000854
-0.002075
-0.001709
-0.001343
-0.000977
-0.001465
-0.001831
-0.002319
-0.001709
-0.001343
-0.002441
-0.001343
-0.001831
-0.000732
-0.001099
-0.001465
-0.000977
-0.001099
-0.001465
-0.000977
-0.001343
-0.001343
-0.001831
-0.001343
-0.001587
-0.001343
-0.001099
-0.001221
-0.001221
-0.001099
-0.000854
-0.001099
-0.001465
-0.001587
-0.001099
-0.001465
-0.000977
-0.001099
-0.001587
-0.001099
-0.001709
-0.001099
-0.001587
-0.001709
0.000244
-0.001465
-0.000488
-0.001953
-0.001709
-0.001831
-0.001709
-0.000366
-0.001221
-0.001709
-0.001465
-0.001221
-0.001587
-0.000610
-0.002197
-0.002563
-0.000610
-0.001099
-0.000977
0.000244
-0.002563
-0.001709
-0.001221
-0.001831
-0.002197
0.000244
-0.001221
-0.001465
-0.001465
-0.001221
-0.001221
-0.000977
-0.001587
-0.000244
-0.001831
-0.002075
-0.001099
-0.001099
-0.000854
-0.001099
-0.001465
-0.000488
-0.001465
-0.000854
-0.000244
-0.001587
-0.001221
-0.000488
-0.002197
-0.001343
-0.001587
-0.001953
-0.000122
-0.000610
-0.002319
-0.000488
-0.001709
-0.001831
-0.000732
0.000122
-0.000366
-0.001343
-0.001465
-0.001587
-0.000977
-0.002197
-0.002441
-0.001587
-0.001221
-0.002319
-0.000854
-0.002319
-0.000854
-0.001709
-0.000854
-0.001099
-0.001465
-0.000977
-0.001465
-0.001953
-0.001709
-0.002319
-0.001465
-0.000854
-0.001465
-0.001343
-0.000732
-0.001343
-0.001587
-0.000977
-0.001221
-0.001709
-0.001709
-0.001709
-0.002563
-0.001587
-0.002563
-0.001221
-0.000244
-0.002563
-0.001343
-0.002319
-0.001709
-0.001587
-0.001465
-0.002319
-0.001465
-0.002686
-0.001221
-0.001465
-0.000488
-0.001221
-0.001099
-0.002075
-0.002563
0.000488
-0.001343
-0.001221
-0.001465
-0.001221
-0.001465
-0.002197
-0.001221
-0.002075
-0.001343
-0.001709
-0.001831
-0.001221
-0.001343
-0.001709
-0.000610
-0.002319
-0.001587
-0.001831
-0.001221
-0.001221
-0.001587
-0.000977
-0.001587
-0.001587
-0.000977
-0.000854
-0.001465
-0.000488
-0.000977
-0.001831
-0.000488
-0.002075
-0.000244
-0.001587
-0.000732
-0.001221
-0.002441
-0.001709
-0.001709
-0.002319
-0.002075
-0.000854
-0.002930
-0.001343
-0.002319
-0.000610
-0.002075
-0.001587
-0.001221
-0.001709
-0.001343
-0.001343
-0.001587
-0.001709
-0.001343
-0.001709
-0.001709
-0.002930
-0.001099
-0.002319
-0.001587
-0.001343
-0.001709
-0.001343
-0.001343
-0.001709
-0.000977
-0.000977
-0.001343
-0.001465
-0.001709
-0.001953
-0.001465
-0.000610
-0.000854
-0.001221
-0.001343
-0.000244
-0.002319
-0.002319
-0.001465
-0.000244
-0.001099
-0.002441
-0.000366
-0.000610
-0.001099
-0.002075
-0.001709
-0.001709
-0.001587
-0.000977
-0.001343
-0.000977
-0.000977
-0.001343
-0.001465
-0.002075
-0.001099
-0.000610
-0.001587
-0.000977
-0.001587
-0.000854
-0.002319
-0.001343
-0.000854
-0.000977
-0.001099
-0.001221
-0.000610
-0.001953
-0.002197
-0.001587
-0.001343
-0.001343
-0.002563
-0.001099
-0.001465
-0.001465
-0.001465
-0.000610
-0.000610
-0.001465
-0.001465
-0.001709
-0.001709
-0.000977
-0.001587
-0.000854
-0.002563
-0.001709
-0.000122
-0.002441
-0.001587
-0.000854
-0.000610
-0.002197
-0.000488
-0.001465
-0.001587
-0.000244
-0.001465
-0.001221
-0.002441
-0.001465
-0.001099
-0.000732
-0.000610
-0.001221
-0.000244
-0.001709
-0.002075
-0.001587
-0.002197
-0.000610
-0.000488
-0.001709
-0.001221
-0.000732
-0.001709
-0.001343
-0.002441
-0.000122
-0.001221
-0.001953
-0.000854
-0.002197
-0.002441
-0.001221
-0.000732
-0.001465
0.000000
-0.001709
-0.000732
0.000732
-0.001465
-0.001343
-0.001465
-0.000854
-0.002319
-0.001709
-0.000854
-0.001587
-0.000732
-0.001953
-0.000732
-0.001221
-0.001709
-0.000366
-0.002075
-0.000732
-0.001099
-0.000488
-0.001465
-0.001587
0.000122
-0.000732
-0.001465
-0.001953
-0.001099
-0.002319
-0.000488
-0.000122
-0.001343
-0.001343
-0.000977
-0.001465
-0.001587
-0.001099
-0.000732
-0.001221
0.000244
-0.001099
-0.002686
-0.001221
0.000122
-0.000854
-0.001709
-0.001465
-0.001465
-0.001587
-0.002808
-0.001709
-0.001343
-0.001709
-0.000122
-0.001221
-0.001831
-0.001953
-0.001343
-0.000122
-0.001953
-0.000854
-0.001587
-0.001343
-0.002319
-0.002197
-0.001465
-0.001099
-0.000977
-0.001953
-0.002075
-0.002319
-0.001709
-0.000732
-0.000488
-0.001221
-0.002808
-0.002319
-0.001953
-0.002563
-0.000732
-0.001709
-0.003174
-0.000366
-0.000366
-0.002197
-0.001343
-0.000366
-0.002075
-0.002075
-0.000244
-0.000854
-0.001343
-0.001831
-0.002441
-0.001221
-0.002075
-0.002075
-0.001099
-0.001831
-0.000244
-0.000732
-0.001221
-0.002075
-0.001099
-0.001099
-0.001099
-0.001099
-0.001587
-0.001953
-0.001099
-0.001709
-0.001709
-0.001587
-0.002319
-0.000610
-0.000488
-0.000610
-0.001709
-0.001221
-0.001587
-0.001465
-0.002197
-0.002075
-0.000244
-0.001099
-0.001099
-0.002319
-0.002075
-0.001709
-0.001099
-0.001099
-0.002075
-0.002075
-0.000732
-0.000488
-0.000977
-0.001587
-0.000977
-0.001099
-0.002197
-0.001221
-0.000732
-0.000977
-0.001343
-0.001465
-0.001343
-0.001099
-0.001587
-0.000366
-0.001343
-0.000732
-0.001221
-0.001831
-0.000854
-0.002197
-0.001709
-0.000977
-0.002197
0.000122
-0.000854
-0.000732
-0.003296
-0.001221
-0.000854
-0.002197
-0.001709
-0.001465
-0.001831
-0.001953
-0.002197
-0.002197
-0.001709
-0.001831
-0.001221
-0.001953
-0.002563
-0.001953
-0.001709
-0.002197
-0.001465
-0.001831
-0.000610
-0.002075
-0.001587
-0.000732
-0.001953
-0.001709
-0.001343
-0.001709
-0.001587
-0.000977
-0.000732
-0.001587
-0.001099
-0.000244
-0.001465
-0.001343
-0.000854
-0.001343
-0.001099
-0.001343
-0.001465
-0.002563
-0.001709
-0.001221
-0.001343
-0.002930
-0.001343
-0.000854
-0.001709
-0.001587
0.000122
-0.001465
-0.001099
-0.000854
-0.000854
-0.001831
-0.001221
-0.001831
-0.002197
-0.000854
-0.000977
-0.001953
-0.001465
-0.000854
-0.000732
-0.002197
-0.002319
-0.001343
-0.001221
-0.000977
-0.001221
-0.001099
-0.001099
-0.001831
-0.001587
-0.002075
-0.002441
0.000000
-0.001099
-0.001709
-0.000488
-0.001831
-0.001343
-0.000610
-0.001099
-0.000610
-0.002686
-0.002319
-0.001221
-0.001831
-0.001221
-0.001221
-0.000854
-0.000610
-0.002197
-0.000854
-0.001831
-0.002563
-0.001221
-0.001465
-0.001587
-0.001343
-0.001953
-0.000610
-0.001831
-0.001709
-0.001221
-0.000977
-0.001221
-0.002808
-0.001709
-0.000854
-0.000610
-0.002441
-0.001709
-0.000244
-0.001221
-0.001099
-0.002075
-0.000854
-0.000977
-0.001587
-0.000366
-0.001831
-0.001221
-0.000854
-0.001343
-0.000610
-0.000732
-0.002075
-0.002441
-0.001709
-0.001709
-0.001221
-0.001465
-0.001709
-0.001099
-0.001831
-0.000732
-0.000977
-0.001465
-0.000977
-0.001465
-0.001099
-0.000610
-0.002686
-0.002197
-0.000854
-0.001221
-0.001709
-0.000977
-0.001709
-0.001465
-0.002197
-0.001221
-0.000977
-0.002075
-0.000244
-0.001343
-0.001221
-0.002319
-0.002563
-0.000122
-0.000366
-0.001221
-0.001709
-0.002075
-0.001099
-0.001465
-0.001221
-0.001099
-0.001343
-0.000244
-0.001587
-0.001831
-0.001221
-0.002563
-0.001587
-0.002808
-0.001465
-0.000732
-0.000366
-0.001221
-0.001587
-0.001343
-0.000610
-0.001587
-0.001831
-0.002197
-0.001221
-0.001099
-0.001465
-0.001465
-0.002808
-0.000854
-0.000366
-0.001709
-0.001709
-0.001831
-0.001221
-0.002319
-0.000610
-0.001587
-0.002319
-0.000854
-0.000977
-0.001343
-0.002075
-0.002075
-0.000854
-0.001099
-0.001343
-0.001831
-0.000854
-0.002197
-0.001953
-0.000854
-0.000854
-0.001221
0.000244
0.000000
-0.001465
-0.000366
-0.000977
0.000366
-0.001465
-0.001587
-0.001587
-0.001465
-0.000977
-0.000610
-0.001587
-0.001343
-0.001587
0.000122
-0.000854
-0.001709
-0.000977
-0.001587
-0.000244
-0.001587
-0.001953
-0.001953
-0.001343
-0.001709
-0.001099
-0.001709
-0.001709
-0.000977
-0.001953
-0.001953
-0.001465
-0.000854
-0.001343
-0.002197
0.000244
-0.000488
0.000122
-0.001221
-0.002075
-0.002563
-0.000854
-0.001221
-0.001953
-0.002319
-0.001709
-0.000732
-0.001953
-0.002441
-0.002563
-0.002075
-0.001953
-0.003052
-0.002197
-0.001709
-0.000610
-0.001587
-0.001221
-0.000610
-0.002441
-0.001343
-0.001099
-0.000610
-0.000732
-0.001343
0.000122
-0.002319
-0.003052
-0.000854
-0.002686
-0.001099
-0.001099
-0.001221
-0.000854
-0.001587
-0.000977
-0.002563
-0.001343
-0.001587
-0.001465
-0.001709
-0.000732
-0.002563
-0.002197
-0.000610
-0.002197
-0.000854
-0.000977
-0.001221
-0.001221
-0.001221
-0.000854
-0.002075
-0.001709
-0.001587
-0.001343
-0.001465
-0.000122
-0.000854
-0.001709
-0.001709
-0.001465
-0.001465
-0.000977
-0.001465
-0.001099
-0.000854
-0.002319
-0.001709
-0.000854
-0.000732
-0.001953
-0.002075
-0.001953
-0.002563
-0.001221
-0.001343
-0.001343
-0.001343
-0.001343
-0.001587
-0.000977
-0.000854
-0.001343
-0.002930
-0.001343
-0.000610
-0.001953
-0.000854
-0.000610
-0.002075
-0.001709
0.000244
-0.001099
-0.002319
-0.002563
-0.001953
-0.000854
-0.001343
-0.001221
-0.000732
-0.001587
-0.001953
-0.001221
-0.000854
-0.001099
-0.000488
-0.001587
-0.001099
-0.001465
-0.003174
-0.001953
-0.001709
-0.001709
-0.001587
-0.001587
-0.000732
-0.001831
-0.001099
-0.002075
-0.001953
-0.001465
-0.000610
-0.001587
-0.000732
-0.001221
-0.000488
-0.000732
-0.000977
-0.000854
-0.002441
-0.001343
-0.000732
-0.002319
-0.001587
-0.001099
-0.000854
-0.002319
-0.001709
-0.001221
-0.000854
-0.001953
-0.001099
-0.000610
-0.002075
-0.000122
-0.001465
-0.000977
-0.001709
-0.000610
-0.001343
-0.001587
-0.001343
-0.000732
-0.002197
-0.001343
-0.001343
-0.000366
-0.001221
-0.001343
-0.001465
-0.002197
-0.001099
-0.001831
-0.001465
-0.001221
-0.001465
-0.002075
-0.002441
-0.000122
-0.001709
-0.001221
-0.001099
-0.001831
-0.001099
-0.002197
-0.001343
-0.001587
-0.001709
-0.001465
-0.001221
-0.001099
-0.001099
-0.000366
-0.001831
-0.000610
-0.001099
-0.002441
-0.001587
-0.000854
-0.001343
-0.000244
-0.002197
-0.001343
-0.000854
-0.001587
-0.002319
-0.001221
-0.000366
-0.001587
-0.000122
-0.002197
-0.002075
-0.002563
-0.002563
-0.001953
-0.001709
-0.002075
-0.001587
-0.001465
-0.001587
-0.002563
-0.001709
-0.001221
-0.002930
-0.001343
-0.002686
-0.001221
-0.001465
-0.000977
-0.001709
-0.001953
-0.002075
-0.001099
-0.001953
-0.001953
-0.001587
-0.001343
-0.000977
-0.001099
-0.001343
-0.000977
-0.001953
-0.002075
-0.001099
-0.000366
-0.001831
-0.001953
-0.001099
-0.001343
-0.000854
-0.001709
-0.001465
-0.000854
-0.001465
-0.001221
-0.001099
-0.002197
-0.001709
-0.002563
-0.001465
-0.001953
-0.002563
-0.000488
-0.001465
-0.002075
-0.002197
-0.001343
-0.000488
-0.001953
-0.000854
-0.002319
-0.002075
-0.001465
-0.001953
-0.002197
-0.000854
-0.001587
-0.001465
-0.001587
-0.001465
-0.000244
-0.001587
-0.001465
-0.002319
-0.001099
-0.000244
-0.001221
-0.000977
-0.001587
-0.001343
-0.000854
-0.000854
-0.001099
-0.001953
-0.001953
-0.001221
-0.002686
-0.000854
0.000244
-0.001587
-0.002930
-0.002441
-0.000610
-0.003052
-0.002197
-0.000854
-0.001099
-0.001465
-0.001953
-0.001953
-0.001099
-0.002319
-0.001709
-0.002441
-0.001221
-0.000732
-0.002808
-0.001587
-0.001099
-0.001465
-0.001221
-0.001343
-0.000854
-0.001587
-0.000244
-0.002441
-0.001709
-0.001343
-0.001099
-0.001465
-0.002075
-0.002197
-0.000610
-0.001221
-0.001099
-0.001709
-0.001587
-0.001099
-0.001587
-0.001221
-0.000977
0.000244
-0.001709
-0.002197
-0.000854
-0.002319
-0.002563
-0.001221
-0.001465
-0.001465
-0.000732
-0.001953
-0.001709
-0.002319
-0.000854
-0.001221
-0.001099
-0.000610
-0.001099
-0.001831
-0.000854
-0.000610
-0.001709
-0.001709
-0.000732
-0.002441
-0.001465
-0.001343
-0.001343
-0.001099
-0.000854
-0.000610
-0.002686
-0.001465
-0.001465
-0.001221
-0.000854
-0.001709
-0.001587
-0.001221
-0.001099
-0.000732
-0.000977
-0.002686
-0.002319
-0.001343
-0.001709
-0.001099
-0.001465
-0.001099
-0.001343
-0.002075
-0.001343
-0.001587
-0.000610
-0.000977
-0.001221
-0.001831
-0.002197
-0.001099
-0.000488
-0.002075
-0.001709
-0.001221
-0.000122
-0.001099
-0.001709
-0.000732
-0.001953
-0.001221
-0.001831
-0.001709
-0.001465
-0.001099
-0.001587
-0.002930
-0.000854
-0.001953
-0.000854
-0.000488
-0.001099
-0.001465
-0.001465
-0.001953
-0.002075
-0.001953
-0.001099
-0.003174
-0.002075
-0.001099
-0.001343
-0.001831
-0.001343
-0.002808
-0.001709
-0.001831
-0.002075
-0.001587
-0.000977
-0.001221
-0.001587
-0.000977
-0.002075
-0.001099
-0.001831
-0.002563
-0.001709
-0.001587
-0.001221
-0.002075
-0.001221
-0.001709
-0.001465
-0.001465
-0.000977
-0.001953
-0.001709
-0.001709
-0.001343
-0.001465
-0.001343
-0.000854
-0.000854
-0.001953
-0.001587
-0.001221
-0.000977
-0.001709
-0.002075
-0.000366
-0.002441
-0.000732
-0.000977
-0.000732
-0.002075
-0.002563
-0.000488
-0.002075
-0.001709
-0.001099
-0.001099
-0.000366
-0.002075
-0.001099
-0.001099
-0.001343
-0.000732
-0.001953
-0.001221
-0.001221
-0.002197
-0.000610
-0.001343
-0.003052
-0.000122
-0.001831
-0.001099
-0.000488
-0.000244
-0.001709
-0.001343
-0.001343
-0.000854
-0.000488
-0.001831
-0.001587
-0.001831
-0.000488
-0.000610
-0.002930
-0.001953
-0.001953
-0.001099
-0.001831
-0.001587
-0.001831
-0.001587
-0.002075
-0.002808
-0.001465
-0.001221
-0.001099
-0.001221
-0.001709
-0.000488
-0.001343
-0.001465
-0.001221
-0.001587
-0.001587
-0.000488
-0.002441
-0.001709
-0.000610
-0.002441
-0.001709
-0.001587
-0.001099
-0.001465
-0.000610
-0.002441
-0.001709
-0.001343
-0.001221
-0.001343
-0.001587
-0.000610
-0.002075
-0.002563
-0.002319
-0.001221
-0.002319
-0.000854
-0.001221
-0.000977
-0.000122
-0.001099
-0.001709
-0.000977
-0.001465
-0.001587
-0.001099
-0.000732
-0.003052
-0.001221
-0.000732
-0.000854
-0.000732
-0.000488
-0.001221
-0.000977
-0.001465
-0.001221
-0.001343
-0.001099
-0.001953
-0.001709
-0.001465
-0.002075
-0.001099
-0.001221
-0.001831
-0.001953
-0.001709
-0.001953
-0.000732
-0.001953
-0.001709
-0.000244
-0.001343
-0.001709
-0.000732
-0.000854
-0.001221
-0.001343
-0.002197
-0.000732
-0.000488
-0.001831
-0.002075
-0.002197
-0.001709
-0.002197
-0.001709
-0.001587
-0.002319
-0.002197
-0.002197
-0.000854
-0.002075
-0.001709
-0.002197
-0.002441
-0.001465
-0.000366
-0.001709
-0.000488
-0.001343
-0.003174
-0.002808
-0.001221
-0.001099
-0.002319
-0.000854
-0.000610
-0.002319
-0.001221
-0.000732
-0.002930
-0.000366
-0.001099
-0.001465
-0.002319
-0.002441
-0.001709
-0.001465
-0.000366
-0.000244
-0.002197
-0.001465
-0.001221
-0.000854
-0.000488
-0.001343
-0.000122
-0.000732
-0.000977
-0.000732
-0.001099
-0.001953
-0.001099
-0.000732
-0.000122
-0.002563
-0.001343
-0.000977
-0.001099
-0.001221
-0.001709
-0.002197
-0.003174
0.000366
-0.002563
-0.001343
-0.002441
-0.001221
-0.001953
-0.001221
-0.001709
-0.001343
-0.000854
-0.003052
-0.002075
-0.001953
-0.001343
-0.001343
-0.001709
-0.000732
-0.000977
-0.001343
-0.000854
-0.000977
-0.001709
-0.000488
-0.000732
-0.001465
-0.000977
-0.001831
-0.001099
-0.001465
-0.001343
-0.002075
-0.002075
-0.000488
-0.001221
-0.001587
-0.002197
-0.001709
-0.001831
-0.001465
-0.000854
-0.000244
-0.001831
-0.001343
-0.001465
-0.002319
-0.001709
-0.000854
-0.001831
-0.001953
-0.000732
-0.001221
-0.002075
-0.002197
-0.000732
-0.001221
-0.000977
-0.001709
-0.002197
-0.000854
-0.001953
-0.001953
-0.001709
-0.001465
-0.000977
-0.001343
-0.001953
-0.001587
-0.000122
-0.000732
-0.000732
-0.002808
0.000244
-0.000610
-0.001465
-0.001831
-0.001465
-0.000977
-0.002197
-0.001465
-0.003174
-0.001343
-0.002808
-0.001953
-0.001343
-0.001709
-0.001343
0.000122
-0.000732
-0.001465
-0.000122
-0.001709
-0.001221
-0.000732
-0.001831
-0.000244
-0.001465
-0.001099
-0.001343
-0.001953
-0.001099
-0.001099
-0.000122
-0.001343
-0.002197
-0.000854
-0.002197
-0.001099
-0.001343
-0.001221
-0.001587
-0.001221
-0.000610
-0.001953
-0.001587
-0.001343
-0.002319
-0.001099
-0.000732
-0.001099
-0.002075
-0.002319
-0.000488
-0.001221
-0.000977
-0.001831
-0.001709
-0.001099
-0.001343
-0.000122
-0.002686
-0.001343
-0.000854
-0.001831
-0.001343
-0.001343
-0.000977
-0.000732
-0.001709
-0.001953
-0.002075
-0.001465
-0.000122
-0.001831
-0.002197
-0.000610
-0.002197
-0.000854
-0.000122
-0.002930
-0.001221
-0.001221
-0.001343
-0.000977
-0.002197
-0.001709
-0.001221
-0.000366
-0.000366
-0.001465
-0.001343
-0.001587
-0.001099
-0.002075
-0.001221
-0.001343
-0.001465
-0.001465
-0.001465
-0.002686
-0.002319
-0.000244
-0.001709
-0.001587
-0.001343
-0.002075
-0.001709
-0.000854
-0.002319
-0.000610
-0.001953
-0.000732
-0.000122
-0.001221
-0.001709
-0.001831
-0.002075
-0.001953
-0.001099
-0.001709
-0.000854
-0.001221
-0.002075
-0.001709
-0.002197
-0.000244
-0.000977
-0.001587
-0.001221
-0.000610
0.000244
-0.000244
-0.000366
-0.000488
-0.001587
-0.000977
-0.001953
-0.001709
-0.000977
-0.001465
-0.000977
0.000366
-0.002075
-0.001221
-0.000122
-0.001465
0.000122
-0.002075
-0.002197
-0.001587
-0.002075
-0.000366
-0.000610
-0.001831
-0.001099
-0.001587
-0.000977
-0.000977
-0.000488
-0.001831
-0.001587
-0.001831
-0.001221
-0.001709
-0.000488
-0.001099
-0.002075
-0.001221
-0.001099
-0.001221
-0.001221
-0.001099
-0.001343
-0.001343
-0.001099
-0.000732
-0.001343
-0.001099
-0.000366
-0.001099
-0.001221
-0.002441
-0.000610
-0.001221
-0.001587
-0.002075
-0.001465
-0.001953
-0.001099
-0.001343
-0.001709
-0.000610
-0.001709
-0.000488
-0.002441
-0.000854
-0.001709
-0.001831
0.000244
-0.002197
-0.001709
-0.000977
-0.001099
-0.001221
-0.001831
-0.000244
-0.001831
-0.001465
-0.001465
-0.000488
-0.001953
-0.001221
-0.001465
-0.001953
-0.002197
-0.002075
-0.000854
-0.000366
-0.001831
-0.001953
-0.001465
-0.001343
-0.000977
-0.001587
-0.000854
-0.001587
-0.002319
-0.000244
-0.001587
-0.002075
-0.001709
-0.002197
-0.001343
-0.000854
-0.001587
-0.000854
-0.000122
-0.001709
-0.001465
-0.001221
-0.001221
-0.001831
-0.001587
-0.001343
-0.000977
-0.000977
-0.001709
-0.000854
-0.000610
-0.002075
-0.002075
-0.000610
-0.001831
-0.001221
-0.000854
-0.001953
-0.000854
-0.001099
-0.002075
-0.000732
-0.002319
-0.002563
-0.002563
-0.002441
-0.001465
-0.001465
-0.001343
-0.000732
-0.001099
-0.000854
-0.000977
-0.001343
-0.000610
-0.001099
-0.000488
-0.000854
-0.001221
-0.001587
-0.001831
-0.001709
-0.000610
-0.000854
-0.000732
-0.001221
-0.001343
-0.001221
-0.001831
-0.001221
-0.000977
-0.000610
-0.000854
-0.001831
-0.002075
-0.001221
-0.002319
-0.001221
-0.000977
-0.001099
-0.001709
-0.000732
-0.001221
-0.002319
0.000244
-0.001465
-0.002686
-0.001709
-0.000977
-0.001465
-0.000366
-0.000366
-0.000732
-0.001465
-0.001587
-0.001465
-0.000610
-0.001953
-0.001099
-0.000244
-0.001831
-0.001709
-0.000854
-0.000732
-0.001709
-0.002197
-0.002075
-0.002197
-0.000854
-0.000977
-0.001709
-0.001465
-0.001099
-0.001343
-0.001709
-0.001465
-0.003174
-0.002197
-0.002319
-0.002930
-0.000854
-0.001465
-0.001465
-0.001587
-0.000488
-0.001221
-0.002197
-0.000610
-0.000244
-0.003418
-0.001343
-0.000244
-0.001831
-0.001709
-0.001343
-0.002563
-0.002808
-0.001099
-0.002441
0.000122
-0.000977
-0.000977
-0.000610
-0.000366
0.000000
-0.001709
-0.001465
-0.000732
-0.000854
-0.001587
-0.000977
-0.001709
-0.001831
-0.002319
-0.002319
-0.001343
-0.000854
-0.002075
-0.001953
-0.001709
-0.001465
-0.001587
-0.001221
-0.000854
-0.000244
-0.001709
-0.001465
-0.000977
-0.000122
-0.001587
-0.002563
-0.001465
-0.000610
-0.001343
-0.000732
-0.001343
-0.000854
-0.001587
-0.000122
-0.001221
-0.001953
-0.001343
-0.002197
-0.001221
-0.002319
-0.002319
-0.001709
-0.001709
-0.002075
-0.000610
-0.001343
-0.000732
-0.001099
-0.002075
-0.001709
-0.000366
-0.002441
-0.002075
-0.001709
-0.001953
-0.000732
-0.000366
-0.002563
-0.001343
-0.000977
-0.001831
-0.000854
-0.000977
-0.002319
-0.001465
-0.002441
-0.001709
-0.000610
-0.002197
-0.001343
-0.001221
-0.001831
-0.001709
-0.001343
-0.000610
-0.001831
-0.002563
-0.002808
-0.000854
-0.001465
-0.001953
-0.002441
-0.001953
-0.001587
-0.001465
-0.002197
-0.001587
-0.001343
0.000366
-0.002075
-0.001343
-0.001221
-0.002319
-0.000854
-0.000854
-0.001831
-0.000854
-0.001831
-0.001221
-0.000732
-0.001343
-0.000732
-0.002075
-0.000610
-0.002075
-0.002808
-0.002808
-0.000854
-0.001709
-0.001221
-0.001343
-0.001709
-0.002319
-0.000854
-0.001343
-0.001953
-0.002441
-0.000854
-0.000977
-0.001221
-0.002075
-0.001099
-0.001587
-0.001587
-0.000977
-0.000977
-0.000854
-0.001343
-0.000854
-0.000977
-0.001831
-0.000732
-0.002197
-0.001465
-0.000610
-0.001343
-0.001831
-0.001099
-0.000977
-0.001831
-0.000732
-0.001953
-0.000854
-0.000854
-0.002319
-0.001709
-0.000854
-0.000854
0.000122
-0.001099
-0.000854
-0.002319
-0.003052
-0.002319
-0.001709
-0.001343
-0.001343
-0.001343
-0.001465
-0.001099
-0.001709
-0.001099
-0.001831
-0.002563
-0.001953
-0.001221
-0.002075
-0.002441
-0.001221
-0.002197
-0.001709
-0.001709
-0.001831
-0.001099
-0.001953
-0.000854
-0.001221
-0.001953
-0.001709
-0.001587
-0.000366
-0.001831
-0.002563
-0.000854
-0.001953
-0.000854
-0.001099
-0.001343
-0.001953
-0.001465
-0.000977
-0.000610
-0.001831
-0.001099
-0.001343
-0.001831
-0.001099
-0.001587
-0.000732
-0.002319
-0.001343
-0.000977
-0.001343
-0.000977
-0.001343
-0.000366
-0.002075
-0.000732
-0.001343
-0.001343
-0.002563
-0.001587
-0.000732
-0.002075
-0.001465
-0.002075
0.000000
-0.002441
-0.000732
-0.001221
-0.001587
-0.000977
-0.002319
-0.000854
-0.002075
-0.001343
-0.002930
-0.001099
-0.000854
-0.002075
-0.001709
-0.001465
-0.002319
-0.001343
-0.001831
-0.001953
-0.003174
-0.001465
-0.001587
-0.002197
-0.002197
-0.002075
-0.000854
-0.001587
-0.001343
-0.001343
-0.000854
-0.001343
-0.000488
-0.000122
-0.001709
-0.000977
-0.001465
-0.002930
-0.000854
-0.001953
-0.002319
-0.001343
-0.002197
-0.001709
-0.002441
-0.001587
-0.001587
-0.001587
-0.001831
-0.003418
-0.000244
-0.001343
-0.001831
-0.000854
-0.002319
-0.002075
-0.001099
-0.000854
-0.002075
-0.001343
-0.001099
-0.001465
0.000000
-0.002197
-0.001587
-0.001221
-0.001099
-0.001587
-0.001099
-0.000854
-0.002075
-0.000854
-0.000977
-0.002197
-0.001465
-0.001587
-0.001953
-0.001709
-0.000732
-0.001831
-0.001709
-0.000732
-0.001709
-0.001221
-0.001709
-0.001831
-0.001099
-0.002319
-0.001099
-0.001831
-0.001221
-0.000977
-0.002075
-0.001709
-0.001465
-0.001831
-0.002075
-0.001709
-0.000366
-0.002319
-0.001709
-0.001953
-0.000610
-0.002319
-0.002197
-0.001099
0.000122
-0.001587
-0.001343
-0.001953
-0.001221
-0.001709
-0.001465
-0.001831
-0.000610
-0.000732
-0.001709
-0.001343
0.000000
-0.000122
-0.000854
-0.001831
-0.001343
-0.001831
-0.001709
-0.001465
-0.002808
-0.001343
-0.001587
-0.001221
-0.001587
-0.000854
-0.002808
-0.001953
-0.002441
-0.001953
-0.000732
-0.001221
-0.001831
-0.001221
-0.001099
-0.001953
-0.001221
-0.001099
-0.001465
-0.002075
-0.001587
-0.001709
-0.000610
-0.002075
-0.001709
-0.001831
-0.001221
-0.000610
-0.001465
-0.000732
-0.001465
-0.001831
-0.000488
-0.001587
-0.002197
-0.001221
-0.001099
-0.001709
-0.001221
-0.000854
-0.001709
0.000610
-0.001221
-0.000977
-0.000977
-0.001343
-0.001831
-0.002197
-0.001587
-0.001709
-0.001099
-0.001709
-0.001465
-0.001831
-0.001953
-0.001465
-0.002686
-0.001099
-0.001099
-0.002197
-0.001221
-0.000977
-0.001831
-0.000854
-0.001465
-0.001221
-0.001587
-0.000732
-0.000366
-0.001343
-0.001831
-0.000488
-0.001709
-0.000732
-0.000977
-0.001831
-0.002197
-0.001709
-0.002075
-0.002319
-0.001099
-0.001831
-0.002075
-0.001587
-0.001831
-0.001709
-0.001953
-0.002197
-0.001587
-0.001587
-0.000732
-0.000854
-0.001099
-0.001709
-0.000488
-0.001343
-0.001953
-0.000854
-0.001709
-0.000122
-0.000244
-0.001221
-0.001221
-0.001099
-0.001709
-0.000244
-0.002075
-0.000732
-0.001831
-0.001709
-0.001099
-0.001465
-0.001099
-0.001343
-0.000610
-0.002441
-0.001221
-0.001831
-0.002075
-0.001221
-0.001099
-0.001465
-0.000122
-0.001343
-0.001343
-0.000977
-0.001587
-0.001465
-0.000977
-0.001953
-0.002197
-0.000366
-0.002563
-0.001709
-0.000488
-0.001099
-0.000854
-0.002075
-0.000854
-0.000488
-0.002197
-0.001343
-0.001343
-0.002075
-0.002441
-0.001587
-0.001465
-0.001953
-0.001465
-0.000488
-0.001587
-0.001953
-0.001099
-0.002075
-0.001221
-0.001099
-0.003052
-0.001953
-0.000244
-0.001343
-0.001831
-0.001343
-0.001953
-0.002197
-0.002075
-0.001343
-0.003052
-0.001099
-0.001587
-0.000977
-0.001221
-0.002686
-0.001099
-0.002441
-0.001221
-0.001587
-0.000732
-0.000854
-0.002686
-0.002319
-0.001343
-0.001831
-0.000854
-0.002563
-0.001587
0.000000
-0.002319
-0.002319
-0.001221
-0.001221
-0.001709
-0.001587
-0.002319
-0.001709
-0.001465
-0.001465
0.000122
-0.000488
-0.000977
-0.001099
-0.001709
-0.002197
-0.002808
-0.001587
-0.000732
-0.002808
-0.001709
-0.001831
-0.000854
-0.000244
-0.001099
-0.001953
-0.002197
-0.002075
-0.002075
-0.002441
-0.001343
-0.000732
-0.001831
-0.001099
-0.001099
-0.001343
-0.001343
-0.000610
-0.001953
-0.001343
-0.000366
-0.001221
-0.001221
-0.001343
-0.001221
-0.001343
-0.001587
-0.000854
-0.000977
-0.001343
-0.001099
-0.002441
-0.002563
-0.001953
-0.003296
-0.002075
-0.001099
-0.001099
-0.002686
-0.001709
-0.001709
-0.002197
-0.001587
-0.000977
-0.002197
-0.001587
-0.000610
-0.000488
-0.001221
-0.001099
-0.001343
-0.000977
-0.001831
-0.002075
-0.001099
-0.001831
-0.000854
0.000122
-0.001587
-0.001221
-0.001953
-0.002319
-0.001587
-0.001099
-0.001221
-0.001465
-0.001221
-0.001953
-0.002197
-0.001709
-0.002441
-0.001587
0.000000
-0.001099
-0.002319
-0.001099
-0.001221
-0.000732
-0.001099
-0.002075
-0.001099
-0.001465
-0.000854
-0.001953
-0.001099
-0.001465
-0.000854
-0.001465
0.000122
-0.001831
-0.001953
-0.002563
-0.001465
-0.001099
-0.001587
-0.000854
-0.002441
-0.002197
-0.001343
-0.002930
-0.002319
-0.001099
-0.002686
-0.002197
-0.000854
-0.001831
-0.001221
-0.000977
-0.001587
-0.000488
-0.001465
-0.002319
-0.002563
-0.001343
-0.000122
-0.000366
-0.001465
-0.002075
-0.001709
-0.001221
-0.001709
-0.000122
-0.001099
-0.002075
-0.001099
-0.002075
-0.002563
-0.001587
-0.000854
-0.000854
-0.001465
-0.002197
-0.001343
-0.002319
-0.001709
-0.002441
-0.001099
-0.000488
-0.001831
-0.001465
-0.001709
-0.000366
-0.001587
-0.001343
-0.001709
-0.000610
-0.001221
-0.001465
-0.001709
-0.002441
-0.001709
-0.001343
-0.002197
-0.001221
-0.001343
-0.001831
-0.001709
-0.001709
-0.000610
-0.001587
-0.002197
-0.001709
-0.000854
-0.002441
-0.000854
-0.001465
-0.001465
-0.001221
-0.000122
-0.002075
-0.000732
-0.001343
-0.002441
-0.001343
0.000000
0.000244
-0.000854
-0.001343
-0.001709
-0.001099
-0.001343
-0.001343
-0.001587
-0.001343
-0.001099
-0.001465
-0.002075
-0.001343
-0.000977
-0.001221
-0.000977
-0.001465
-0.001831
-0.002319
-0.000854
-0.001343
-0.001221
-0.000977
-0.001587
-0.002808
-0.001465
-0.001343
-0.001831
-0.001099
-0.001221
-0.000977
-0.001953
-0.002441
-0.001953
-0.000854
-0.000488
-0.001831
-0.000610
-0.001465
-0.001587
-0.001587
-0.002075
-0.001953
-0.001587
-0.002075
-0.001709
-0.000977
-0.003174
-0.000610
-0.001099
-0.002197
-0.000854
-0.002197
-0.001221
-0.000977
-0.001465
-0.002808
-0.001709
-0.000732
-0.001953
-0.001953
-0.002075
-0.000854
-0.001465
-0.002075
-0.001587
-0.001831
-0.001953
-0.000366
-0.001587
-0.000977
-0.001099
0.000366
-0.002319
-0.001221
-0.000732
-0.002075
-0.001953
-0.001343
-0.001587
-0.001587
-0.001221
-0.002197
-0.001709
-0.001221
-0.000977
-0.001709
-0.002075
-0.000854
-0.001465
-0.001953
-0.001465
-0.001709
-0.000977
-0.000732
-0.002075
-0.002197
-0.001587
-0.001587
-0.001221
-0.001221
-0.000732
-0.001709
-0.000977
-0.001709
-0.001465
-0.002075
-0.001343
-0.000610
-0.001099
-0.000854
-0.000854
-0.001465
-0.002441
-0.002319
-0.001221
-0.001099
-0.002075
-0.001709
-0.001099
-0.000488
-0.000732
-0.001831
-0.001465
-0.002075
-0.000854
-0.001343
-0.000610
-0.001587
-0.002075
-0.001709
-0.001465
-0.000610
-0.000977
-0.000610
-0.001221
-0.002075
-0.001709
-0.000488
-0.000488
-0.001587
-0.001343
-0.001221
-0.000488
-0.001831
-0.002563
0.000000
-0.001831
-0.002563
-0.001709
-0.000732
-0.000854
-0.002563
-0.002197
-0.001587
-0.001587
-0.000488
-0.000610
-0.000732
-0.002197
-0.002075
-0.001587
-0.000488
-0.001343
-0.001099
-0.000977
-0.001831
-0.000732
-0.001709
-0.000854
-0.001221
-0.001953
-0.001587
-0.001709
-0.000977
-0.001465
-0.001709
-0.000854
-0.001221
-0.001465
-0.001709
-0.001465
-0.001709
-0.002197
-0.000854
-0.001709
-0.002197
-0.001953
-0.002075
-0.001587
-0.000854
-0.000854
-0.002563
-0.000610
-0.001099
-0.001953
-0.001709
-0.001587
-0.001831
-0.001709
-0.001709
-0.001343
-0.001709
-0.001587
-0.001831
-0.001709
-0.002441
-0.001099
-0.001221
-0.001465
-0.001465
-0.001099
-0.002563
-0.001099
-0.002441
-0.002197
-0.001709
-0.000977
-0.001099
-0.001343
-0.001953
-0.001465
-0.000977
-0.001465
-0.001099
-0.000977
-0.002686
-0.001709
-0.001709
-0.000977
-0.000610
-0.001099
-0.002075
-0.001587
-0.000610
-0.001099
-0.001221
-0.001953
-0.001465
-0.003052
-0.001709
-0.001343
-0.000977
-0.001099
-0.000732
-0.002563
-0.002319
-0.000366
-0.000610
-0.002441
-0.002197
-0.002075
-0.001343
-0.001099
-0.001343
-0.001709
-0.001465
-0.001099
-0.002197
-0.000732
-0.001709
-0.001587
-0.001343
-0.001465
-0.001465
-0.001465
-0.002319
-0.001221
-0.001587
-0.000610
-0.001099
-0.000854
-0.001465
-0.001221
-0.001099
-0.000977
-0.001465
-0.001709
-0.000488
-0.000977
-0.001587
-0.000977
-0.002441
-0.001587
-0.000854
-0.001221
-0.001831
-0.002075
-0.001221
-0.002686
-0.001587
-0.000732
-0.001587
-0.001099
-0.001587
-0.000366
-0.001343
-0.000610
-0.000732
-0.000977
-0.000977
-0.001343
-0.001953
-0.001465
-0.001099
-0.001709
-0.002319
-0.001343
-0.001587
-0.001587
-0.001221
-0.002808
-0.001709
-0.001221
-0.001099
-0.001221
-0.002197
-0.001709
-0.001343
-0.001099
-0.000732
-0.001587
-0.001709
-0.002319
-0.001465
-0.002197
-0.001587
-0.001709
-0.001709
-0.001221
-0.000244
-0.000977
-0.001953
-0.000366
-0.001221
-0.001831
-0.001465
-0.001953
-0.002441
-0.002441
-0.000854
-0.001465
-0.001221
-0.001221
-0.001465
-0.002197
-0.002075
-0.001343
-0.000488
-0.000732
-0.002930
-0.000732
-0.001831
-0.002808
-0.000854
-0.002441
-0.001465
-0.001831
-0.001953
-0.002319
-0.000244
-0.000610
-0.001709
-0.001343
-0.001831
-0.000854
-0.001953
-0.001587
-0.000488
-0.000854
-0.002075
-0.001709
-0.002441
-0.002319
0.000488
-0.000732
-0.000854
-0.001953
-0.002563
-0.001343
-0.000610
-0.001343
-0.000977
-0.000732
-0.000854
-0.001465
-0.002441
-0.002075
-0.000854
-0.001343
-0.001831
-0.001953
-0.001343
-0.000244
-0.000977
-0.001343
-0.000244
-0.001953
-0.001587
-0.000610
-0.001343
-0.000854
-0.000610
-0.001099
-0.001587
-0.003174
-0.001343
-0.001099
-0.002563
-0.001465
-0.001709
-0.002319
-0.001465
-0.000977
-0.001465
-0.000732
-0.001831
-0.003052
-0.000854
-0.001343
-0.001465
-0.001709
-0.000610
-0.000366
-0.001343
-0.001343
-0.001709
-0.001465
-0.000977
-0.002441
-0.002075
-0.000854
-0.002563
-0.001709
-0.000244
-0.001343
-0.001709
-0.000366
-0.001221
-0.002197
-0.001221
-0.001099
-0.001587
-0.001465
-0.000977
-0.000244
-0.001465
-0.001343
-0.000854
-0.001953
-0.001343
-0.002319
-0.001709
-0.002319
-0.002563
-0.001587
-0.001099
-0.001465
-0.000977
-0.001465
-0.001831
-0.002197
-0.001953
-0.000122
-0.000854
-0.001953
-0.001587
-0.001099
-0.001221
-0.001587
-0.000610
-0.000977
-0.001587
-0.002075
-0.001953
-0.001587
-0.001709
-0.000977
-0.000244
-0.001465
-0.002075
-0.001343
-0.000977
-0.002563
-0.002197
-0.001221
-0.001099
-0.000854
-0.001953
-0.001343
-0.002075
-0.000122
-0.001099
-0.002075
-0.002319
-0.001343
-0.001465
-0.000977
-0.000732
-0.000610
-0.001831
-0.002563
-0.001099
-0.001099
-0.001831
-0.000854
-0.001953
-0.001587
-0.002319
-0.001709
-0.002075
-0.002808
-0.001587
-0.001221
-0.001343
-0.000854
-0.001587
-0.000854
-0.001343
-0.000854
-0.001587
-0.000488
-0.001709
-0.001587
-0.000610
-0.002075
-0.002319
-0.001221
-0.000488
-0.001343
-0.000977
-0.000854
-0.001099
-0.001221
-0.002075
-0.001953
-0.001465
-0.002075
-0.000122
-0.000977
-0.002319
-0.000366
-0.001587
-0.002319
-0.001953
-0.001709
-0.000977
-0.002441
-0.001221
-0.001709
-0.000610
-0.001343
-0.001709
-0.001831
-0.001465
-0.000854
-0.001587
-0.001099
-0.000977
-0.001465
-0.001465
-0.000977
-0.001465
-0.001465
-0.001587
-0.000488
-0.001465
-0.001343
-0.001465
-0.000732
-0.001587
-0.001099
-0.001587
-0.000610
-0.001099
-0.001221
-0.000854
-0.000488
-0.001465
-0.001099
-0.000610
-0.001343
-0.002075
-0.000854
-0.000488
-0.001831
-0.001587
-0.001343
-0.001343
-0.001099
-0.002319
-0.002075
-0.001099
-0.002930
-0.000244
-0.000977
-0.001343
-0.002075
-0.001953
-0.001099
-0.001221
-0.001221
-0.000854
-0.000122
-0.000977
-0.000488
-0.001099
-0.002319
-0.000854
-0.001099
-0.001099
-0.002197
-0.001587
-0.001587
-0.002075
-0.002319
-0.002197
-0.000854
-0.002075
-0.002563
-0.001709
-0.001709
-0.000366
-0.000854
-0.002319
-0.001709
-0.002197
-0.001953
-0.001343
-0.001587
-0.000488
-0.001099
-0.001221
-0.000977
-0.000366
0.000122
-0.002197
-0.001709
-0.000732
-0.001465
-0.001831
-0.000854
-0.001587
-0.001221
-0.000977
-0.001221
-0.001221
-0.001709
-0.001587
-0.001221
-0.000732
-0.001709
-0.002319
-0.000610
-0.000854
-0.001953
-0.000854
-0.001221
-0.000366
-0.002197
-0.001709
-0.001343
-0.001099
-0.001831
-0.000732
-0.002197
-0.002197
-0.001709
-0.000610
-0.002075
-0.001953
-0.001343
-0.002197
-0.001099
-0.001099
-0.001831
-0.001221
-0.001465
-0.001465
-0.000854
-0.001465
-0.001709
-0.002197
-0.001709
-0.000854
-0.000488
-0.001831
-0.001709
-0.001465
-0.000854
-0.000366
-0.000977
-0.000977
-0.001221
-0.000854
-0.000244
-0.000732
-0.001587
-0.002441
-0.000854
-0.002197
-0.001587
-0.001587
-0.000854
-0.001221
-0.001831
-0.000366
-0.000977
-0.001709
-0.000366
-0.000977
-0.001587
-0.001587
-0.001099
-0.000854
-0.001221
-0.001831
-0.000854
-0.002563
-0.001709
-0.001221
-0.000732
-0.000854
-0.000366
-0.001221
-0.001465
-0.001953
-0.001221
-0.001831
-0.001587
-0.000244
-0.001587
-0.001221
-0.000610
-0.001587
-0.001587
-0.000488
-0.001587
-0.002075
-0.001465
-0.001587
-0.000488
-0.001831
-0.000732
-0.001221
-0.000366
-0.000977
-0.001221
-0.001343
-0.000977
-0.001953
-0.001343
-0.001099
-0.001831
-0.001587
-0.000488
-0.002197
-0.002563
-0.000732
-0.002563
-0.002197
-0.001099
-0.002808
-0.002075
-0.001953
-0.000244
-0.001343
-0.001343
-0.001465
-0.001343
-0.001465
-0.001465
-0.001465
-0.001221
-0.000244
-0.000854
-0.001709
-0.001343
-0.001587
-0.002197
-0.002075
-0.001343
-0.001587
-0.000854
-0.000488
-0.000732
-0.001343
-0.001343
-0.000732
-0.001831
-0.001709
-0.000732
-0.000610
-0.001587
-0.001343
-0.001709
-0.000854
-0.001465
-0.000610
-0.000244
-0.002319
-0.000854
-0.000854
-0.001709
-0.001587
-0.000610
-0.001831
-0.002441
-0.001587
-0.001343
-0.001099
-0.001831
-0.001953
-0.001221
-0.002075
-0.000732
-0.002197
-0.001465
-0.000854
-0.001831
-0.001587
-0.001587
-0.001343
-0.001221
-0.000854
-0.002197
-0.002441
-0.001099
-0.001343
-0.000854
-0.000854
-0.002075
-0.001465
-0.003052
-0.002319
-0.000488
-0.001587
-0.001343
-0.001465
-0.000977
-0.002197
-0.001099
-0.001221
-0.001709
-0.001953
-0.001709
-0.001221
-0.001465
-0.002319
-0.001099
-0.001221
-0.001343
-0.002197
-0.001465
-0.002075
-0.001221
-0.001343
-0.003296
-0.000488
-0.000854
-0.001343
-0.000977
-0.001709
-0.001953
-0.000366
-0.001831
-0.002319
-0.000610
-0.000854
-0.001953
-0.001221
-0.001587
-0.001831
-0.001343
-0.000977
-0.001953
-0.002563
-0.001953
-0.000854
-0.001709
-0.001343
-0.002197
-0.000854
-0.001221
-0.000488
-0.001465
-0.001099
-0.000244
-0.000122
-0.001465
-0.000977
-0.001831
-0.002808
-0.000854
-0.002563
-0.000732
-0.002808
-0.001709
-0.001099
-0.001343
-0.001587
-0.001343
-0.000854
-0.001953
-0.001709
-0.000854
-0.000366
-0.001465
-0.001587
-0.001343
-0.001343
-0.001099
-0.002319
-0.002075
-0.001953
-0.001221
-0.001221
-0.001709
-0.001465
-0.001709
-0.001343
-0.001221
-0.001099
-0.000732
-0.002441
-0.002808
-0.000610
-0.001343
-0.002930
-0.001465
0.000000
-0.002441
-0.001221
-0.001221
-0.000732
-0.000732
-0.002075
-0.001953
-0.001099
-0.002686
-0.002563
-0.001465
-0.001465
-0.001099
-0.001221
-0.000977
-0.001099
-0.002075
-0.002075
-0.002197
-0.001099
-0.001953
-0.002197
-0.001587
-0.000977
-0.000732
-0.001465
-0.000977
-0.001099
-0.001343
-0.001221
-0.001831
-0.001099
-0.001221
-0.001465
-0.001099
-0.000732
-0.000977
-0.001587
-0.001465
-0.000854
-0.001465
-0.000732
-0.000977
-0.002686
-0.001953
-0.001221
-0.001953
-0.001465
-0.002686
-0.001221
-0.000977
-0.001221
-0.001587
-0.001099
-0.001953
-0.001221
-0.001587
-0.001831
-0.001709
-0.001709
-0.001343
-0.002075
-0.001465
-0.000488
-0.001709
-0.001343
-0.001343
-0.001465
-0.002808
-0.001709
-0.000854
-0.001221
-0.000977
-0.000732
-0.002441
-0.001587
-0.002319
-0.002808
-0.000854
-0.000732
-0.002197
-0.002930
-0.001221
-0.001953
-0.001587
-0.001099
-0.001587
-0.001953
-0.001709
-0.002197
-0.001953
-0.002441
-0.001099
-0.000854
-0.001831
-0.000854
-0.002808
-0.000854
-0.001343
-0.001343
-0.001465
-0.001343
-0.001587
-0.000977
-0.001587
-0.000732
-0.001709
-0.001465
-0.001709
-0.002075
-0.000854
-0.002563
-0.000610
-0.001709
-0.002319
0.000122
-0.001587
-0.002319
-0.001709
-0.001831
-0.002319
-0.001587
-0.002441
-0.001953
-0.001465
-0.001465
-0.001465
-0.001343
-0.001099
-0.001465
-0.001343
-0.001099
-0.000854
-0.000854
-0.000854
-0.001221
-0.000732
-0.001343
-0.000977
-0.001465
-0.001343
-0.002441
-0.000366
-0.001587
-0.000854
-0.001221
-0.001099
-0.002441
-0.001709
-0.002197
-0.001953
-0.000244
-0.002075
-0.000244
-0.001343
-0.002563
-0.001587
-0.000244
-0.001221
-0.001221
-0.002441
-0.001709
-0.001099
-0.001709
-0.001709
-0.001831
-0.001221
-0.001343
-0.001465
-0.001709
-0.000854
-0.001099
-0.001709
-0.000122
-0.001221
-0.001465
-0.001709
-0.001343
-0.001343
-0.001099
-0.001343
-0.001343
-0.003296
-0.000366
-0.001709
-0.001221
-0.001465
-0.000366
-0.001221
-0.002441
-0.001587
-0.000854
-0.002319
-0.001099
-0.001465
-0.000977
-0.000977
-0.001831
-0.001343
-0.000732
-0.001343
-0.001465
-0.000366
-0.001221
-0.000854
-0.000610
-0.002319
-0.001465
-0.001587
-0.001099
-0.001587
-0.000488
-0.001343
-0.002075
-0.001099
-0.001709
-0.001709
-0.001099
-0.001587
-0.001831
-0.001709
-0.000977
-0.001587
-0.001953
-0.003052
-0.000854
-0.001343
-0.001831
-0.002075
-0.001221
-0.000854
-0.002686
-0.002441
-0.001221
-0.000977
-0.001831
-0.000732
-0.002686
-0.001709
-0.000488
-0.002441
-0.001465
-0.002197
-0.001221
-0.002075
-0.001465
-0.001709
-0.000244
-0.001221
-0.001831
-0.001953
-0.000854
-0.001465
-0.001221
-0.000488
-0.000854
-0.001953
-0.002075
-0.003174
-0.001465
-0.001831
-0.001465
-0.001343
-0.002563
-0.001343
-0.000488
-0.001343
-0.001953
-0.001465
-0.001099
-0.002686
-0.001343
-0.000732
-0.001587
-0.000610
-0.001221
-0.001221
-0.001343
-0.000732
-0.000977
-0.001221
-0.000854
-0.000610
-0.000610
-0.001343
-0.001709
-0.000488
-0.001221
-0.001709
-0.001953
-0.000854
-0.001099
-0.001587
-0.002075
-0.001953
-0.002441
-0.000366
-0.001343
-0.001465
-0.001343
-0.001587
-0.000610
-0.001465
-0.002563
-0.001221
-0.001221
-0.001709
-0.000854
-0.002563
-0.000732
-0.000244
-0.001831
-0.000854
-0.001709
-0.002197
-0.002319
-0.000854
-0.001221
-0.000732
-0.000488
-0.002563
-0.001343
-0.001221
-0.001099
-0.000977
-0.001953
-0.002075
-0.001587
-0.001221
-0.001587
-0.001099
-0.001221
-0.002075
-0.001465
-0.002441
-0.001709
-0.001099
-0.001099
-0.001709
-0.001343
-0.001953
-0.001099
-0.002197
-0.001709
-0.001709
-0.001831
-0.000854
-0.001831
-0.001099
-0.002319
-0.000854
-0.002319
-0.001343
-0.000854
-0.000732
-0.001465
-0.001709
-0.001465
-0.001953
-0.002075
-0.001587
-0.001709
-0.001221
-0.001465
-0.001587
-0.000977
-0.001831
-0.001099
-0.001221
-0.001465
-0.000977
-0.000488
-0.002075
-0.000732
-0.001587
-0.000488
-0.000977
-0.001709
-0.002075
-0.001465
-0.002319
-0.002441
-0.001587
-0.000488
-0.001343
-0.002441
-0.001587
-0.002441
-0.001709
-0.000854
-0.001709
-0.001465
-0.002319
-0.001709
-0.002197
-0.001221
-0.001221
-0.000488
-0.002441
-0.000122
-0.000854
-0.002197
-0.001953
-0.001343
-0.000977
-0.002563
-0.001221
-0.001831
-0.002197
-0.002197
-0.001587
-0.000610
-0.001587
-0.002075
-0.001099
-0.001465
-0.002319
-0.000854
-0.000732
-0.002563
-0.001709
-0.001099
-0.002319
-0.001709
-0.000732
-0.001343
-0.001831
-0.000732
-0.001953
-0.001953
-0.001709
-0.002075
-0.001709
-0.000854
-0.001099
-0.001099
-0.002075
-0.002563
-0.000366
-0.001709
0.000122
-0.001587
-0.002197
-0.002197
0.000488
-0.001709
-0.002075
-0.000366
-0.002075
-0.001587
-0.002930
-0.001709
-0.000366
-0.002197
-0.001709
-0.000854
-0.000732
-0.001343
-0.001587
-0.000610
-0.001709
-0.002075
-0.001709
-0.001099
-0.001465
-0.002319
-0.000854
-0.001465
-0.000854
-0.000977
-0.001709
-0.001587
-0.000610
-0.000854
-0.002441
-0.001221
-0.001099
-0.001587
-0.001099
-0.002319
-0.002197
-0.002808
-0.002075
-0.000122
-0.000732
-0.001587
-0.002441
-0.001587
-0.001465
-0.001587
-0.000732
-0.001587
-0.001099
-0.001831
-0.001709
-0.001587
-0.001099
-0.002441
-0.001099
-0.001831
-0.001221
-0.000977
-0.001099
-0.000244
-0.000977
-0.000122
-0.000488
-0.000977
-0.002197
-0.001343
-0.001709
-0.001465
-0.001709
-0.001099
-0.001587
-0.001953
-0.001709
-0.001221
-0.000366
-0.001831
-0.001343
-0.001831
-0.000854
-0.000732
-0.001465
-0.002197
-0.001587
-0.001587
-0.001953
-0.001221
-0.001953
-0.001465
-0.001099
-0.000610
-0.001709
-0.001465
-0.001953
-0.001343
-0.001221
-0.001221
-0.001587
-0.001465
-0.001831
-0.002441
-0.001343
-0.000977
-0.001465
-0.001831
-0.001709
-0.001709
-0.001099
-0.001099
-0.001587
-0.001953
-0.000610
-0.000977
-0.001343
-0.000366
-0.001221
-0.000732
-0.002563
-0.000732
-0.000732
-0.001587
-0.001343
-0.001099
-0.001221
-0.001831
-0.000610
-0.000977
-0.001465
-0.001465
-0.001099
-0.001709
-0.001709
-0.001709
-0.000488
-0.002319
-0.001709
-0.000122
-0.001953
-0.001587
-0.000854
-0.001709
-0.001343
-0.002319
-0.001953
-0.002319
-0.001709
-0.002075
-0.002441
-0.000854
-0.000854
-0.002197
-0.000610
-0.001587
-0.001221
-0.001343
-0.001709
-0.001221
-0.000854
-0.001465
-0.002075
-0.001587
-0.001343
-0.001831
-0.000854
-0.002197
-0.001709
-0.000732
-0.001465
-0.001709
-0.001587
-0.001343
-0.001831
-0.002075
-0.002563
-0.001709
-0.000854
-0.002075
-0.001465
-0.001465
-0.002319
-0.001709
-0.002563
-0.001099
-0.001709
-0.001221
-0.000854
-0.001831
-0.000854
-0.001099
-0.002319
-0.000854
-0.001587
-0.000854
-0.000732
-0.002930
-0.001465
-0.000732
-0.001099
-0.001343
-0.002197
-0.000488
-0.001587
-0.002075
-0.000488
-0.001343
-0.001587
-0.000854
-0.000366
-0.002197
-0.002563
-0.001587
-0.000488
-0.001465
-0.001099
-0.002563
-0.002197
-0.001465
-0.001465
-0.001099
-0.002075
-0.000732
-0.001343
-0.000977
-0.001099
-0.001343
-0.001099
-0.001343
-0.002319
-0.001709
-0.001465
-0.001343
-0.003052
-0.001587
-0.001587
-0.002197
-0.001343
-0.001831
-0.001221
-0.001465
-0.001709
-0.001831
-0.001099
-0.001831
-0.000854
-0.001343
-0.001099
-0.001709
-0.000977
-0.000610
-0.000977
-0.001709
-0.002808
-0.002197
-0.000854
-0.000732
-0.002441
-0.002563
-0.003418
-0.001099
-0.001953
-0.002563
-0.001221
-0.002075
-0.000854
-0.001709
-0.001831
-0.002197
-0.001709
-0.001343
-0.002197
-0.002075
-0.002319
-0.000366
-0.001709
-0.000977
-0.001465
-0.002319
-0.001465
-0.001099
-0.001221
-0.001587
-0.001099
-0.000610
-0.001953
-0.001099
-0.000977
-0.001343
-0.001221
-0.000488
-0.001831
-0.001465
-0.001099
-0.000732
-0.002075
-0.000610
-0.000732
-0.002197
-0.001343
-0.001831
-0.001099
-0.001099
-0.001221
-0.000122
-0.000122
-0.001709
-0.000854
-0.001465
-0.001709
-0.000854
-0.002319
-0.001953
-0.001709
-0.001709
-0.002197
-0.002441
-0.000732
-0.002075
-0.002075
-0.001099
-0.001831
-0.001709
-0.001221
-0.002563
-0.001709
-0.001465
-0.001465
-0.001831
-0.001709
-0.000854
-0.001465
-0.001221
-0.001343
-0.001709
-0.001587
-0.000977
-0.000610
-0.001465
-0.001587
-0.001709
-0.002319
-0.001221
-0.001587
-0.001221
-0.001709
-0.000977
-0.000977
-0.002075
-0.001099
-0.000854
-0.003174
-0.002441
-0.001587
-0.001831
-0.002197
-0.001099
-0.001953
-0.001099
-0.000488
-0.000610
-0.000488
-0.000977
-0.001709
-0.001221
-0.001465
-0.001343
-0.000488
-0.001953
-0.001709
-0.001831
-0.001709
-0.001953
-0.001221
-0.001343
-0.001587
-0.001099
-0.000732
-0.000366
-0.001099
-0.001831
-0.001709
-0.002075
-0.001709
-0.000122
-0.001587
-0.002197
-0.002563
-0.001709
-0.001099
-0.001343
-0.000854
-0.001587
-0.002075
-0.002197
-0.000732
-0.001343
-0.001343
-0.001221
-0.001465
-0.000977
-0.001709
-0.001953
-0.001465
-0.000488
-0.000977
-0.000977
-0.001099
-0.001465
-0.001953
-0.001099
-0.001587
-0.001831
-0.001709
-0.001587
-0.001343
-0.000488
-0.000854
-0.001465
-0.001343
-0.001343
-0.001587
-0.000854
-0.001465
-0.002197
-0.000122
-0.001709
-0.001465
-0.001709
-0.002441
-0.002319
-0.001587
-0.002075
-0.001343
-0.002441
-0.002808
-0.000854
-0.001465
-0.001831
-0.001709
-0.001709
-0.000854
-0.000732
-0.001587
-0.002075
-0.001709
-0.000610
-0.001953
-0.002075
-0.001953
-0.001953
-0.001221
-0.002319
-0.000854
-0.000610
-0.001953
-0.000732
-0.001709
-0.002197
-0.001343
-0.001709
-0.000610
-0.000488
-0.001465
-0.001465
-0.001099
-0.001831
-0.001465
-0.002197
-0.000610
-0.001587
-0.000977
-0.001343
-0.001343
-0.001221
-0.001099
-0.001099
-0.002197
-0.001709
-0.000732
-0.000366
-0.001709
-0.001343
-0.002808
-0.000854
-0.000366
-0.002075
-0.000488
-0.001831
-0.001099
-0.001953
-0.001343
-0.002319
-0.000854
-0.001221
-0.001221
-0.001221
0.000244
-0.001343
-0.001709
-0.000610
-0.001831
-0.002075
-0.000854
-0.001953
-0.001221
-0.002075
-0.000854
-0.001221
-0.002197
-0.000854
-0.001099
-0.001709
-0.000244
-0.000732
-0.001465
-0.001343
-0.000488
-0.000977
-0.002197
-0.000366
-0.001099
-0.001343
-0.001099
-0.002075
-0.000854
-0.001587
-0.000854
-0.002197
-0.001465
-0.003296
-0.002197
-0.001099
-0.001709
-0.001831
-0.001953
-0.000854
-0.001831
-0.000854
-0.002319
-0.001709
-0.001099
-0.001831
-0.001709
-0.001343
-0.001221
-0.000732
-0.001221
-0.000366
-0.000854
-0.001343
-0.001343
-0.002197
-0.001587
-0.001465
-0.001099
-0.000610
-0.000732
-0.001831
-0.001099
-0.001343
-0.001709
-0.001465
-0.001221
-0.002319
-0.000366
-0.001587
-0.000488
-0.000610
-0.000366
-0.001831
-0.000610
-0.000854
-0.001709
-0.002441
-0.001343
-0.001953
-0.001465
-0.000732
-0.001343
-0.000732
-0.001221
-0.001709
-0.001221
-0.000977
-0.000488
-0.000488
-0.001099
-0.001709
-0.000977
-0.001343
-0.001099
-0.000732
-0.000977
-0.001709
-0.000366
-0.001343
-0.001709
-0.001465
-0.001953
-0.001709
-0.001099
-0.001831
-0.001953
-0.001709
-0.001953
-0.001709
-0.001587
-0.000732
-0.000610
-0.001709
-0.001343
-0.001343
-0.000854
-0.000610
-0.002319
-0.000610
-0.000854
-0.000488
-0.000488
-0.000732
-0.000854
-0.001343
-0.001099
-0.003052
-0.000854
-0.001587
-0.002075
-0.000122
-0.000732
-0.001343
-0.001953
-0.000488
-0.001465
-0.000977
-0.002319
-0.001709
-0.001343
-0.001099
-0.000610
-0.002441
-0.002075
-0.000854
-0.000977
-0.001953
-0.002197
-0.001099
-0.002686
-0.002441
-0.001465
-0.002197
-0.000610
-0.001831
-0.000854
-0.000732
-0.002441
-0.001709
-0.000488
-0.001587
-0.001221
-0.001221
-0.000854
-0.001221
-0.002563
-0.001587
-0.001709
-0.001099
-0.001465
-0.001953
-0.001709
-0.000488
-0.001953
-0.000854
-0.000732
-0.001099
-0.001221
-0.001831
-0.000122
-0.000488
-0.001343
-0.001221
-0.001221
-0.001953
-0.000732
-0.001953
-0.001343
-0.001953
-0.001709
-0.001099
-0.001343
-0.001465
-0.002563
-0.001953
-0.002441
-0.001709
-0.000244
-0.001465
-0.003052
-0.000854
-0.000977
-0.001709
-0.001465
0.000122
-0.001587
-0.001953
-0.000244
-0.001465
-0.001831
-0.001465
-0.000977
-0.002075
-0.000732
-0.001953
-0.001953
-0.001465
-0.002686
-0.001953
-0.000854
-0.002075
-0.001953
-0.001953
-0.001465
-0.000854
-0.000854
-0.001221
-0.002563
-0.001221
-0.000977
-0.000854
-0.001343
-0.002441
-0.000732
-0.000732
-0.001343
-0.001465
-0.001465
-0.000732
-0.001221
-0.000610
-0.001221
-0.001587
-0.001831
-0.002319
-0.001465
-0.001587
-0.001831
-0.001465
-0.000977
-0.001709
-0.001221
-0.001221
-0.000854
-0.000854
-0.001465
-0.001709
-0.001343
-0.002686
-0.001343
-0.001099
-0.002441
-0.001709
-0.001221
-0.001343
-0.001587
-0.001709
-0.000732
-0.000244
-0.001221
-0.002319
-0.001099
-0.001465
-0.000732
-0.001709
-0.001099
-0.000854
-0.000244
-0.001221
-0.001465
-0.000977
-0.002197
-0.001587
-0.000977
-0.001709
-0.002808
-0.001343
-0.001709
-0.001953
-0.000366
-0.001343
-0.000732
-0.002197
-0.001709
-0.000244
-0.001343
-0.001465
-0.001831
-0.001099
-0.001465
-0.001709
-0.001343
-0.001465
-0.001709
-0.000244
-0.001221
-0.001343
-0.001099
-0.001343
-0.002075
-0.001099
-0.001343
-0.000488
-0.002197
-0.000854
-0.002075
-0.001587
-0.001099
-0.000977
-0.000732
-0.000977
-0.002197
-0.000854
-0.001587
-0.001953
-0.001709
-0.000977
-0.001831
-0.001343
-0.001709
-0.000366
-0.002563
-0.001221
-0.001587
-0.000854
-0.000977
-0.000977
-0.002075
-0.002808
-0.001709
-0.001099
-0.001831
-0.003418
-0.000610
-0.000977
-0.001709
-0.001343
-0.001709
-0.001221
-0.001099
-0.001953
-0.001709
-0.001221
-0.000977
-0.000366
-0.001343
-0.000854
-0.001587
-0.001587
-0.001343
-0.000366
-0.002441
-0.001587
-0.000244
-0.002686
-0.001587
-0.000977
-0.001831
-0.000854
-0.002441
-0.001587
-0.001221
-0.000977
-0.001465
-0.001587
-0.001465
-0.001587
-0.000732
-0.000977
-0.001221
-0.002075
-0.000732
0.000732
-0.001465
-0.002319
-0.000854
-0.001709
-0.001587
-0.002075
-0.001465
-0.001831
-0.000854
-0.001587
-0.001831
-0.001465
-0.001709
-0.000977
-0.001221
-0.002075
-0.000854
0.000000
-0.001709
-0.000244
-0.000854
-0.001953
-0.000854
-0.001343
-0.001831
-0.001099
-0.001465
-0.001465
-0.001099
-0.002197
-0.001343
-0.001099
-0.000854
-0.002441
-0.002197
-0.000732
-0.001465
-0.001831
-0.000854
-0.002075
-0.001587
-0.000366
-0.001343
-0.002319
-0.001221
-0.001343
-0.000854
0.000000
-0.000977
-0.000977
-0.003296
-0.000610
-0.002075
-0.000854
-0.001343
-0.002197
-0.002075
-0.001343
-0.000854
-0.002441
-0.001709
-0.000732
-0.001587
-0.001343
-0.000122
-0.001831
-0.002075
-0.002441
-0.000244
-0.001221
-0.001953
-0.000610
-0.000977
-0.001099
-0.001953
-0.001465
-0.001221
-0.001221
-0.002319
-0.002808
-0.001587
-0.001831
-0.001709
-0.001587
-0.000854
-0.001099
-0.002686
-0.001709
-0.002197
-0.001099
-0.001587
-0.000366
-0.001831
-0.001953
-0.002075
-0.001709
-0.001709
-0.001587
-0.000610
-0.001221
-0.001343
-0.002075
-0.002441
-0.001343
-0.000488
-0.001465
-0.001221
-0.000732
-0.000977
-0.001099
-0.000977
-0.001587
-0.000732
0.000610
0.000000
-0.001099
-0.001099
-0.000854
-0.002197
-0.000732
-0.000977
-0.001953
-0.001099
-0.000732
-0.001709
-0.001953
-0.001465
-0.001953
-0.001465
-0.001831
-0.001221
-0.001953
-0.000610
-0.001831
-0.001465
-0.000732
-0.002075
0.000244
-0.002197
-0.001343
-0.000244
-0.002319
-0.000610
-0.001221
-0.001831
-0.000122
-0.000977
-0.000732
-0.001343
-0.002075
-0.000610
-0.001343
-0.001099
-0.001099
-0.000977
-0.001465
-0.001465
-0.001221
-0.000366
-0.002319
-0.001343
-0.001465
-0.000977
-0.001465
-0.000732
-0.001343
-0.002075
-0.001343
-0.001587
-0.001343
-0.000610
-0.001221
-0.002686
-0.000854
-0.001831
-0.001587
-0.001465
-0.001099
-0.002319
-0.002441
-0.001587
-0.000854
-0.001099
-0.001831
-0.000610
-0.002319
-0.000366
-0.000977
-0.001465
-0.002075
-0.001099
-0.001221
-0.001099
0.009033
0.047974
0.105591
0.146240
0.190430
0.238037
0.278687
0.326294
0.366211
0.408325
0.451050
0.486816
0.527588
0.564819
0.600586
0.635254
0.667480
0.698608
0.726318
0.754761
0.779419
0.803223
0.824585
0.842773
0.859741
0.875366
0.888550
0.900513
0.906494
0.913452
0.918091
0.917358
0.917725
0.913818
0.906494
0.900391
0.890259
0.877441
0.862061
0.844971
0.825195
0.804688
0.781982
0.757080
0.729248
0.700684
0.671143
0.638062
0.604004
0.568970
0.532471
0.494629
0.454590
0.412598
0.372437
0.329102
0.284668
0.242554
0.197876
0.150635
0.105713
0.059937
0.014160
-0.031860
-0.078979
-0.123047
-0.168091
-0.213623
-0.257690
-0.301636
-0.343994
-0.387573
-0.428101
-0.469116
-0.507568
-0.543579
-0.581909
-0.615967
-0.647827
-0.677856
-0.708374
-0.736328
-0.762451
-0.786133
-0.807861
-0.828979
-0.844849
-0.862793
-0.877075
-0.887695
-0.897827
-0.904907
-0.910278
-0.912476
-0.912720
-0.910889
-0.905884
-0.899780
-0.891113
-0.880859
-0.866455
-0.851929
-0.834717
-0.814697
-0.793091
-0.769409
-0.743530
-0.716919
-0.686768
-0.657104
-0.622681
-0.587891
-0.552124
-0.515137
-0.476562
-0.435547
-0.394043
-0.352295
-0.310059
-0.266235
-0.222900
-0.175171
-0.130859
-0.084717
-0.038696
0.006592
0.054321
0.100708
0.145142
0.191895
0.235718
0.282104
0.325195
0.365234
0.409302
0.450684
0.487427
0.527344
0.564575
0.600708
0.635986
0.667847
0.698486
0.726929
0.753906
0.779663
0.803101
0.824707
0.842651
0.860352
0.875732
0.888306
0.898193
0.908203
0.911621
0.915771
0.918701
0.915405
0.912842
0.907349
0.898560
0.890015
0.877075
0.860107
0.845825
0.826416
0.805054
0.780884
0.756714
0.729004
0.700562
0.669556
0.637817
0.604248
0.568481
0.531860
0.493286
0.453003
0.411743
0.370972
0.327393
0.285522
0.240845
0.195557
0.150146
0.105957
0.059692
0.013550
-0.032715
-0.078735
-0.123413
-0.168091
-0.214844
-0.259155
-0.302002
-0.346313
-0.388184
-0.428101
-0.469116
-0.508057
-0.544312
-0.581909
-0.616089
-0.650146
-0.681641
-0.711304
-0.738892
-0.765625
-0.789673
-0.812622
-0.831665
-0.850830
-0.865967
-0.879028
-0.891479
-0.900024
-0.907715
-0.912354
-0.915283
-0.914917
-0.912720
-0.908691
-0.901978
-0.893799
-0.882324
-0.868652
-0.852905
-0.836548
-0.816406
-0.793091
-0.770264
-0.745728
-0.717163
-0.689209
-0.657104
-0.622070
-0.589355
-0.552979
-0.514526
-0.475830
-0.435181
-0.394775
-0.352661
-0.309326
-0.268311
-0.220581
-0.176270
-0.131592
-0.084229
-0.039307
0.007202
0.052856
0.098999
0.144165
0.190674
0.235107
0.279663
0.324219
0.365723
0.408569
0.449463
0.487793
0.526245
0.565308
0.599976
0.633911
0.667236
0.698364
0.725952
0.754517
0.780518
0.802368
0.824341
0.843384
0.860352
0.875488
0.888794
0.897705
0.906738
0.912720
0.916138
0.916748
0.916748
0.912476
0.907349
0.899292
0.888550
0.875854
0.862305
0.844116
0.825439
0.805298
0.781006
0.757446
0.728760
0.699829
0.670410
0.637939
0.601929
0.568237
0.532104
0.494019
0.451904
0.412598
0.370361
0.328613
0.284424
0.239868
0.195068
0.150146
0.104980
0.057983
0.013306
-0.032471
-0.077759
-0.123901
-0.168823
-0.215332
-0.259644
-0.302979
-0.346191
-0.388062
-0.428833
-0.469116
-0.509277
-0.544800
-0.582153
-0.615967
-0.650024
-0.681885
-0.711182
-0.738281
-0.765503
-0.790039
-0.813477
-0.832275
-0.849609
-0.867065
-0.880981
-0.891724
-0.901855
-0.908813
-0.913452
-0.915039
-0.916748
-0.915283
-0.910156
-0.903320
-0.893921
-0.882690
-0.869751
-0.855225
-0.837524
-0.817871
-0.794556
-0.771851
-0.745605
-0.717285
-0.688721
-0.657959
-0.623779
-0.589355
-0.553589
-0.515503
-0.476196
-0.436646
-0.396240
-0.353760
-0.310181
-0.267090
-0.222412
-0.176880
-0.131226
-0.084595
-0.039917
-0.002563
0.005127
-0.007080
-0.002197
0.000366
-0.005737
0.000732
-0.003418
-0.002686
-0.001221
-0.002563
-0.001709
-0.003540
-0.001953
-0.001953
-0.003418
-0.002808
-0.001709
-0.001831
-0.002197
-0.002563
-0.001831
-0.001831
-0.002563
-0.000977
-0.001831
-0.003052
-0.001221
-0.001709
-0.003540
-0.001953
-0.001953
-0.002686
-0.002563
-0.002075
-0.001831
-0.002197
-0.001465
-0.001709
-0.001709
-0.002563
-0.001709
-0.002686
-0.002563
-0.001831
-0.003052
-0.001343
-0.001343
-0.002197
-0.002197
-0.001709
-0.002563
-0.001709
-0.002075
-0.001221
-0.002563
-0.001709
-0.002563
-0.003052
-0.002563
-0.002930
-0.002197
-0.002686
-0.002319
-0.002686
-0.002319
-0.002197
-0.003052
-0.003174
-0.000854
-0.002563
-0.002563
-0.002563
-0.001465
-0.001953
-0.001831
-0.001099
-0.002808
-0.002075
-0.002075
-0.002197
-0.002808
-0.002930
-0.001709
-0.001709
-0.002563
-0.001343
-0.002075
-0.002319
-0.002563
-0.003052
-0.001709
-0.002075
-0.001221
-0.000854
-0.002563
-0.001953
-0.001221
-0.002808
-0.001709
-0.001465
-0.002075
-0.002075
-0.002075
-0.002563
-0.002197
-0.001709
-0.002563
-0.000854
-0.001709
-0.001709
-0.001953
-0.003052
-0.002563
-0.001709
-0.002075
-0.001709
-0.000732
-0.000977
-0.002441
-0.002197
-0.001709
-0.002075
-0.002930
-0.001831
-0.001709
-0.002563
-0.002686
-0.001953
-0.002075
-0.001953
-0.002319
-0.002808
-0.001953
-0.002930
-0.001709
-0.001831
-0.001465
-0.001831
-0.001953
-0.002563
-0.001709
-0.002563
-0.002319
-0.002563
-0.002075
-0.002319
-0.002197
-0.001709
-0.000366
-0.002563
-0.002319
-0.001465
-0.001099
-0.001587
-0.001343
-0.002563
-0.002930
-0.002075
-0.002686
-0.002563
-0.003418
-0.002075
-0.002197
-0.002563
-0.001831
-0.001953
-0.002319
-0.002197
-0.002319
-0.001221
-0.000854
-0.001831
-0.001953
-0.003174
-0.002197
-0.002075
-0.000854
-0.001709
-0.001709
-0.000244
-0.001953
-0.002319
-0.001099
-0.001709
-0.002563
-0.001953
-0.001953
-0.002686
-0.001465
-0.001953
-0.001831
-0.001465
-0.003296
-0.001831
-0.002563
-0.002075
-0.001221
-0.001709
-0.001709
-0.001709
-0.002075
-0.002686
-0.002319
-0.002319
-0.001465
-0.002441
-0.001709
-0.003052
-0.001465
-0.001099
-0.002197
-0.001709
-0.001465
-0.001709
-0.001709
-0.001831
-0.002563
-0.001709
-0.002197
-0.001953
-0.002930
-0.001709
-0.001221
-0.002686
-0.002197
-0.002075
-0.001709
-0.002563
-0.002197
-0.002686
-0.001343
-0.002441
-0.002075
-0.002563
-0.001343
-0.002075
-0.002319
-0.001709
-0.001953
-0.002563
-0.002075
-0.001709
-0.002075
-0.002563
-0.002563
-0.001953
-0.001343
-0.001953
-0.001831
-0.002563
-0.002197
-0.001953
-0.001953
-0.001709
-0.002197
-0.002563
-0.001709
-0.002197
-0.002563
-0.001709
-0.001343
-0.002441
-0.001465
-0.002686
-0.002930
-0.001465
-0.001709
-0.000977
-0.000977
-0.002686
-0.002563
-0.002563
0.000000
-0.001709
-0.003418
-0.001221
-0.002686
-0.000854
-0.001709
-0.001709
-0.002686
-0.001953
-0.001465
-0.001953
-0.000854
-0.002686
-0.002319
-0.001709
-0.002686
-0.001099
-0.000732
-0.001831
-0.002075
-0.002563
-0.001221
-0.001709
-0.001953
-0.001953
-0.001709
-0.002808
-0.001953
-0.001343
-0.002563
-0.001709
-0.002563
-0.002197
-0.002563
-0.000854
-0.002075
-0.002563
-0.002197
-0.000488
-0.001953
-0.002319
-0.002563
-0.002197
-0.002319
-0.002075
-0.001709
-0.002197
-0.001709
-0.001343
-0.001831
-0.003174
-0.001465
-0.001831
-0.002197
-0.001953
-0.001465
-0.001709
-0.002808
-0.001343
-0.002563
-0.001465
-0.001709
-0.002563
-0.001831
-0.001709
-0.000854
-0.002075
-0.002075
-0.002686
-0.002686
-0.001831
-0.002686
-0.002686
-0.001465
-0.001709
-0.002563
-0.002563
-0.001709
-0.002563
-0.001343
-0.000244
-0.002075
-0.002563
-0.000366
-0.002075
-0.002563
-0.000122
-0.002197
-0.002686
-0.002197
-0.002075
-0.002319
-0.001709
-0.001953
-0.001831
-0.001831
-0.003052
-0.001709
-0.001953
-0.002075
-0.002686
-0.001343
-0.000854
-0.002563
-0.001709
-0.001709
-0.001465
-0.000854
-0.002686
-0.002075
-0.001953
-0.000244
-0.001221
-0.002441
-0.002686
-0.001953
-0.002563
-0.003052
-0.002075
-0.001709
-0.002075
-0.002686
-0.001831
-0.002197
-0.001709
-0.002075
-0.002319
-0.002075
-0.000854
-0.002808
-0.002563
-0.002075
-0.001709
-0.002197
-0.004028
-0.001953
-0.002808
-0.001465
-0.001953
-0.002075
-0.001953
-0.002808
-0.002563
-0.001831
-0.002075
-0.002197
-0.000854
-0.001953
-0.002563
-0.001709
-0.001831
-0.002563
-0.002319
-0.000854
-0.002686
-0.002563
-0.001343
-0.001953
-0.002563
-0.002563
-0.001953
-0.002563
-0.002808
-0.001709
-0.002197
-0.002319
-0.002319
-0.002075
-0.001221
-0.002930
-0.002808
-0.001099
-0.001587
-0.002930
-0.002319
-0.001465
-0.003052
-0.002563
-0.002319
-0.001831
-0.001953
-0.002197
-0.002930
-0.000488
-0.001709
-0.002197
-0.002319
-0.002197
-0.002563
-0.002808
-0.001709
-0.001099
-0.001221
-0.002441
-0.002075
-0.002319
-0.001953
-0.001709
-0.002197
-0.002686
-0.002563
-0.001709
-0.002930
-0.001709
-0.001709
-0.001831
-0.002197
-0.002075
-0.002686
-0.001709
-0.001587
-0.001587
-0.001831
-0.002563
-0.002563
-0.003662
-0.002197
-0.002563
-0.001831
-0.002563
-0.001343
-0.001709
-0.001709
-0.002197
-0.002075
-0.002563
-0.002319
-0.001343
-0.001587
-0.001709
-0.001953
-0.000854
-0.001953
-0.002075
-0.003418
-0.002319
-0.002319
-0.001709
-0.001099
-0.001953
-0.002319
-0.002686
-0.001831
-0.002319
-0.002563
-0.002075
-0.001465
-0.002441
-0.002808
-0.002075
-0.001953
-0.002686
-0.002075
-0.001221
-0.001953
-0.001709
-0.001953
-0.001953
-0.002563
-0.000854
-0.002563
-0.003052
-0.002930
-0.001831
-0.002197
-0.001953
-0.002563
-0.003052
-0.001343
-0.002563
-0.002319
-0.001953
-0.001221
-0.001953
-0.002197
-0.002319
-0.001831
-0.002197
-0.001953
-0.003174
-0.003418
-0.002075
-0.001709
-0.001953
-0.002197
-0.002319
-0.002197
-0.002319
-0.002563
-0.001953
-0.001465
-0.001709
-0.001709
-0.001831
-0.003418
-0.001099
-0.001221
-0.002563
-0.001343
-0.002686
-0.002563
-0.001709
-0.001709
-0.002563
-0.002686
-0.000488
-0.002441
-0.002563
-0.001831
-0.001343
-0.001343
-0.001709
-0.001831
-0.002563
-0.002563
-0.002075
-0.001953
-0.002197
-0.002075
-0.002686
-0.001709
-0.002197
-0.001953
-0.002075
-0.002197
-0.003052
-0.001221
-0.002563
-0.002686
-0.001709
-0.003174
-0.001099
-0.001831
-0.002319
-0.002197
-0.002075
-0.001831
-0.002563
-0.001465
-0.001831
-0.001831
-0.002563
-0.002563
-0.002075
-0.001831
-0.002197
-0.002197
-0.002075
-0.001953
-0.001343
-0.002563
-0.002563
-0.002075
-0.002197
-0.002197
-0.001709
-0.001831
-0.002808
-0.001343
-0.001587
-0.002441
-0.001953
-0.002686
-0.001709
-0.001587
-0.002197
-0.000854
-0.001831
-0.002563
-0.001343
-0.000854
-0.001953
-0.001831
-0.002319
-0.002563
-0.001709
-0.002075
-0.001953
-0.002319
-0.001831
-0.001953
-0.002197
-0.001465
-0.002075
-0.001831
-0.002197
-0.002197
-0.001343
-0.001831
-0.001953
-0.001831
-0.002075
-0.002197
-0.002197
-0.001709
-0.002197
-0.001831
-0.003418
-0.002075
-0.001831
-0.002319
-0.002197
-0.001709
-0.002197
-0.001953
-0.002686
-0.001831
-0.001465
-0.001709
-0.001221
-0.002563
-0.002075
-0.002563
-0.000854
-0.002563
-0.002319
-0.002563
-0.002319
-0.001709
-0.001709
-0.002319
-0.000854
-0.001709
-0.001709
-0.000854
-0.001831
-0.001221
-0.002075
-0.003418
-0.001953
-0.001953
-0.001709
-0.001709
-0.001709
-0.001831
-0.002319
-0.001221
-0.001343
-0.001709
-0.000854
-0.001709
-0.001953
-0.001221
-0.002930
-0.001221
-0.001343
-0.002441
-0.002563
-0.002930
-0.001709
-0.002319
-0.002808
-0.001709
-0.001831
-0.002930
-0.001709
-0.001221
-0.001831
-0.002075
-0.003052
-0.001465
-0.002563
-0.002197
-0.002075
-0.002563
-0.002197
-0.001953
-0.002197
-0.001953
-0.002075
-0.000854
-0.001709
-0.002563
-0.002686
-0.002075
-0.000732
-0.001953
-0.002197
-0.002075
-0.002563
-0.001709
-0.001831
-0.003418
-0.002563
-0.001709
-0.001465
-0.000244
-0.001709
-0.001831
-0.001953
-0.001709
-0.002075
-0.002808
-0.001831
-0.001831
-0.002197
-0.001831
-0.002930
-0.002686
-0.001709
-0.003052
-0.000854
-0.001221
-0.002686
-0.001709
-0.001709
-0.001587
-0.001099
-0.000977
-0.002197
-0.001465
-0.002930
-0.001709
-0.002563
-0.002563
-0.001221
-0.002563
-0.000854
-0.003540
-0.001343
-0.001709
-0.001953
-0.001221
-0.003052
-0.003418
-0.001831
-0.001343
-0.001709
-0.002075
-0.002686
-0.001953
-0.001709
-0.001831
-0.002686
-0.001099
-0.001099
-0.002563
-0.000366
-0.002563
-0.002319
-0.001343
-0.002197
-0.001709
-0.001831
-0.002686
-0.001099
-0.001709
-0.001831
-0.003662
-0.002075
-0.002563
-0.002563
-0.002686
-0.001953
-0.001709
-0.001831
-0.001465
-0.003052
-0.001709
-0.003418
-0.001953
-0.001709
-0.000854
-0.001709
-0.002319
-0.002930
-0.002319
-0.001953
-0.002075
-0.001953
-0.002319
-0.001831
-0.001099
-0.001709
-0.002563
-0.001343
-0.001099
-0.001953
-0.002563
-0.002319
-0.002075
-0.001831
-0.001221
-0.001343
-0.001709
-0.001343
-0.001709
-0.002563
-0.001709
-0.003418
-0.000732
-0.001953
-0.002075
-0.001953
-0.003540
-0.001953
-0.002197
-0.001709
-0.001831
-0.002808
-0.001709
-0.001953
-0.002686
-0.001831
-0.002686
-0.001709
-0.002441
-0.002319
-0.001221
-0.001709
-0.002319
-0.002319
-0.001343
-0.002075
-0.001709
-0.002075
-0.003540
-0.002686
-0.002808
-0.001343
-0.001831
-0.002563
-0.000977
-0.001587
-0.002197
-0.001099
-0.001709
-0.000366
-0.002075
-0.000854
-0.002808
-0.003540
-0.001953
-0.002197
-0.002686
-0.000854
-0.001343
-0.002441
-0.001709
-0.002563
-0.002319
-0.002197
-0.001953
-0.003052
-0.001343
-0.001831
-0.001099
-0.001709
-0.002319
-0.000854
-0.002563
-0.002319
-0.001343
-0.002563
-0.001099
-0.002197
-0.001343
-0.001587
-0.001831
-0.002319
-0.002563
-0.002563
-0.001465
-0.001587
-0.001709
-0.002075
-0.002563
-0.001343
-0.001831
-0.000732
-0.001831
-0.001221
-0.002563
-0.001831
-0.001465
-0.002686
-0.001709
-0.002563
-0.002930
-0.001831
-0.001953
-0.002197
-0.002563
-0.001221
-0.002075
-0.001831
-0.002075
-0.002319
-0.002319
-0.002563
-0.000854
-0.002441
-0.002808
-0.002930
-0.001953
-0.001709
-0.001709
-0.003784
-0.001099
-0.002197
-0.002197
-0.002075
-0.002563
-0.001709
-0.002930
-0.001709
-0.002563
-0.001709
-0.000854
-0.003296
-0.002197
-0.001343
-0.002197
-0.002319
-0.000977
-0.000977
-0.002686
-0.002930
-0.001343
-0.002197
-0.001831
-0.002319
-0.002808
-0.002808
-0.000977
-0.001709
-0.003906
-0.001953
-0.002075
-0.001709
-0.001709
-0.002075
-0.002930
-0.003174
-0.001831
-0.002930
-0.002075
-0.002319
-0.002563
-0.002686
-0.002075
-0.001221
-0.002075
-0.002563
-0.001343
-0.002441
-0.002197
-0.001465
-0.002563
-0.001709
-0.001831
-0.002197
-0.002197
-0.002563
-0.002319
-0.002319
-0.001221
-0.001953
-0.001221
-0.002441
-0.002319
-0.002686
-0.002075
-0.002197
-0.001953
-0.003052
-0.001465
-0.001709
-0.002197
-0.001831
-0.002686
-0.002563
-0.002930
-0.001221
-0.002563
-0.001953
-0.001709
-0.001343
-0.001953
-0.002197
-0.002075
-0.001221
-0.001831
-0.002319
-0.001709
-0.002563
-0.002930
-0.001343
-0.002075
-0.002319
-0.001465
-0.002563
-0.001831
-0.001831
-0.002563
-0.001831
-0.003174
-0.001709
-0.001831
-0.002808
-0.000977
-0.001953
-0.002686
-0.002563
-0.002319
-0.001465
-0.001709
-0.002808
-0.002563
-0.001221
-0.001587
-0.001343
-0.001709
-0.001709
-0.001831
-0.001709
-0.001709
-0.002930
-0.001953
-0.001831
-0.003052
-0.002686
-0.002075
-0.002197
-0.002563
-0.001953
-0.003418
-0.002197
-0.001831
-0.001831
-0.002563
-0.001465
-0.001343
-0.003418
-0.000977
-0.001709
-0.001953
-0.001099
-0.001709
-0.001709
-0.002075
-0.002808
-0.002686
-0.001709
-0.002563
-0.003540
-0.001709
-0.002563
-0.002808
-0.002563
-0.001709
-0.001099
-0.001953
-0.002319
-0.002686
-0.001831
-0.002686
-0.001953
-0.000854
-0.002441
-0.001953
-0.001953
-0.002319
-0.001465
-0.001831
-0.002075
-0.001831
-0.001953
-0.002563
-0.001343
-0.001831
-0.002197
-0.002197
-0.002197
-0.002319
-0.001709
-0.001831
-0.003174
-0.001465
-0.003052
-0.001099
-0.002441
-0.001709
-0.001953
-0.002563
-0.001099
-0.001709
-0.002319
-0.002075
-0.002686
-0.001709
-0.002075
-0.001709
-0.002319
-0.001953
-0.000854
-0.001709
-0.001953
-0.001831
-0.001953
-0.000732
-0.001709
-0.001953
-0.002563
-0.001343
-0.001221
-0.002563
-0.001953
-0.002930
-0.001709
-0.001343
-0.002441
-0.001709
-0.003418
-0.002563
-0.002563
-0.001709
-0.001221
-0.002808
-0.001465
-0.001587
-0.000977
-0.001709
-0.001221
-0.000854
-0.002563
-0.001953
-0.002075
-0.001953
-0.002075
-0.001709
-0.002441
-0.001953
-0.002563
-0.002686
-0.002808
-0.002319
-0.002686
-0.001831
-0.002197
-0.001831
-0.002930
-0.001343
-0.002441
-0.003418
-0.002319
-0.003174
-0.002686
-0.002563
-0.001221
-0.002075
-0.001709
-0.002197
-0.001465
-0.002563
-0.002563
-0.002686
-0.001709
-0.002441
-0.002319
-0.002075
-0.002563
-0.000732
-0.002563
-0.002563
-0.002319
-0.001465
-0.002563
-0.001709
-0.001709
-0.002563
-0.001709
-0.002563
-0.000854
-0.002197
-0.002563
-0.002197
-0.001099
-0.002075
-0.002075
-0.002075
-0.002197
-0.001221
-0.001099
-0.003052
-0.001953
-0.002808
-0.002563
-0.001831
-0.002197
-0.001343
-0.002808
-0.002563
-0.000244
-0.001953
-0.001831
-0.001709
-0.001709
-0.002563
-0.003418
-0.003540
-0.001465
-0.001221
-0.002441
-0.001953
-0.003418
-0.002319
-0.002563
-0.002197
-0.002808
-0.002563
-0.002197
-0.001953
-0.002075
-0.001953
-0.001709
-0.002808
-0.000977
-0.002808
-0.002075
-0.003174
-0.001709
-0.002686
-0.002563
-0.002563
-0.002930
-0.001953
-0.001709
-0.002075
-0.001709
-0.001953
-0.002930
-0.001709
-0.001953
-0.001831
-0.002319
-0.001953
-0.001831
-0.001099
-0.002808
-0.001831
-0.001221
-0.001099
-0.002441
-0.001343
-0.002686
-0.002563
-0.002197
-0.002930
-0.001221
-0.002075
-0.003052
-0.001465
-0.002197
-0.002075
-0.001709
-0.002686
-0.002563
-0.002686
-0.001831
-0.002563
-0.003540
-0.002808
-0.002808
-0.002197
-0.001221
-0.001953
-0.001709
-0.001709
-0.002197
-0.000854
-0.002563
-0.001465
-0.001831
-0.002686
-0.000854
-0.001831
-0.003540
-0.003052
-0.002563
-0.003052
-0.003174
-0.000854
-0.001099
-0.002197
-0.002319
-0.001465
-0.002441
-0.003052
-0.001709
-0.001709
-0.002197
-0.001465
-0.001587
-0.001709
-0.001709
-0.001221
-0.001587
-0.001587
-0.002441
-0.001831
-0.001831
-0.003418
-0.001709
-0.001709
-0.002563
-0.001343
-0.001831
-0.001465
-0.002197
-0.001953
-0.001221
-0.002075
-0.002197
-0.001709
-0.001587
-0.002197
-0.001465
-0.002563
-0.002930
-0.001953
-0.002930
-0.003174
-0.001831
-0.002197
-0.002319
-0.002319
-0.002197
-0.002930
-0.001709
-0.001831
-0.002319
-0.001465
-0.001831
-0.002319
-0.002563
-0.002563
-0.001953
-0.001709
-0.001953
-0.001831
-0.001221
-0.001099
-0.002563
-0.001953
-0.002563
-0.002563
-0.003540
-0.002075
-0.002563
-0.002319
-0.001343
-0.001709
-0.003052
-0.002075
-0.001953
-0.001465
-0.002075
-0.002563
-0.002075
-0.002563
-0.002075
-0.003052
-0.001465
-0.002075
-0.000854
-0.002563
-0.003784
-0.000854
-0.002563
-0.001343
-0.001099
-0.002197
-0.002075
-0.001465
-0.000732
-0.001953
-0.002930
-0.000977
-0.002441
-0.001343
-0.001709
-0.001831
-0.001221
-0.002075
-0.002563
-0.001465
-0.001709
-0.002075
-0.002563
-0.001709
-0.002319
-0.002197
-0.001099
-0.001587
-0.002808
-0.002197
-0.002930
-0.003174
-0.003052
-0.002319
-0.001709
-0.002930
-0.002075
-0.001709
-0.002808
-0.002075
-0.002808
-0.002563
-0.000854
-0.002441
-0.002197
-0.001953
-0.003662
-0.002930
-0.003174
-0.001831
-0.001831
-0.001465
-0.001221
-0.002563
-0.001953
-0.002075
-0.003174
-0.002686
-0.001465
-0.002075
-0.002075
-0.002686
-0.001709
-0.002441
-0.002075
-0.002197
-0.002197
-0.000244
-0.002075
-0.002930
-0.002563
-0.001343
-0.001709
-0.002563
-0.002197
-0.002075
-0.002197
-0.001831
-0.002808
-0.001953
-0.001831
-0.003174
-0.001465
-0.002075
-0.001709
-0.000854
-0.001099
-0.001221
-0.002441
-0.002197
-0.001099
-0.001953
-0.002319
-0.001343
-0.001953
-0.002075
-0.000854
-0.002075
-0.001465
-0.002563
-0.003418
-0.001709
-0.001343
-0.001709
-0.001099
-0.002563
-0.002930
-0.003418
-0.001953
-0.000854
-0.002808
-0.002563
-0.002319
-0.002563
-0.002197
-0.002197
-0.002319
-0.001953
-0.001343
-0.000854
-0.002197
-0.001709
-0.001221
-0.001953
-0.002075
-0.002563
-0.002319
-0.002319
-0.002197
-0.002197
-0.001709
-0.002563
-0.001831
-0.002686
-0.000854
-0.001221
-0.002441
-0.001221
-0.002197
-0.002930
-0.002319
-0.001953
-0.002563
-0.002197
-0.001831
-0.001831
-0.001831
-0.002319
-0.002563
-0.001709
-0.001953
-0.002686
-0.003418
-0.001709
-0.002075
-0.001953
-0.001465
-0.001221
-0.001709
-0.001831
-0.001465
-0.002197
-0.000977
-0.002441
-0.001831
-0.003052
-0.002197
-0.001709
-0.002563
-0.002319
-0.001709
-0.000977
-0.002441
-0.002075
-0.001831
-0.002075
-0.002075
-0.002686
-0.002075
-0.001831
-0.001221
-0.001709
-0.002319
-0.001465
-0.002197
-0.001343
-0.002808
-0.002930
-0.002075
-0.002563
-0.001709
-0.001709
-0.001709
-0.002808
-0.001831
-0.001709
-0.003296
-0.002075
-0.001709
-0.001221
-0.001587
-0.002197
-0.002197
-0.002197
-0.002563
-0.002319
-0.002075
-0.001953
-0.001099
-0.003662
-0.003540
-0.001953
-0.002075
-0.001465
-0.001709
-0.002319
-0.000854
-0.001587
-0.002930
-0.002075
-0.002075
-0.001709
-0.000977
-0.002930
-0.001953
-0.002075
-0.002808
-0.002075
-0.001709
-0.003174
-0.001709
-0.001709
-0.002686
-0.002075
-0.002563
-0.001221
-0.001587
-0.002563
-0.002563
-0.002563
-0.002197
-0.002563
-0.001953
-0.001831
-0.002197
-0.002319
-0.001953
-0.002197
-0.001221
-0.002686
-0.001343
-0.001709
-0.002075
-0.001831
-0.001709
-0.001709
-0.001587
-0.001709
-0.002563
-0.002075
-0.002075
-0.003174
-0.001709
-0.000854
-0.002686
-0.001099
-0.001953
-0.002563
-0.001709
-0.001953
-0.002075
-0.003418
-0.002075
-0.003418
-0.002075
-0.001465
-0.001587
-0.001831
-0.002808
-0.001831
-0.002319
-0.001953
-0.001709
-0.001953
-0.002319
-0.003784
-0.002441
-0.001709
-0.002808
-0.001831
-0.002197
-0.002075
-0.002930
-0.002075
-0.001953
-0.002075
-0.001709
-0.002075
-0.002319
-0.001831
-0.002319
-0.003174
-0.001953
-0.001709
-0.002075
-0.001831
-0.002563
-0.003418
-0.000366
-0.003052
-0.001343
-0.001221
-0.002563
-0.001831
-0.002197
-0.002563
-0.003174
-0.002808
-0.001465
-0.001953
-0.002319
-0.001831
-0.002197
-0.002563
-0.002563
-0.002075
-0.001831
-0.002563
-0.001343
-0.002197
-0.001709
-0.002686
-0.001709
-0.002197
-0.001343
-0.001953
-0.001465
-0.000854
-0.002441
-0.001831
-0.001953
-0.002930
-0.001831
-0.002686
-0.001709
-0.000244
-0.002563
-0.001709
-0.001709
-0.002563
-0.001465
-0.002197
-0.002197
-0.002197
-0.002319
-0.002686
-0.001953
-0.002319
-0.002075
-0.000977
-0.002563
-0.002197
-0.002563
-0.001099
-0.002808
-0.002563
-0.001709
-0.002075
-0.001953
-0.001343
-0.002197
-0.003174
-0.001465
-0.001343
-0.000732
-0.002563
-0.000854
-0.002686
-0.003662
-0.001953
-0.002808
-0.001831
-0.001709
-0.001343
-0.001221
-0.001953
-0.002075
-0.001465
-0.001953
-0.002075
-0.001099
-0.002197
-0.001709
-0.002075
-0.001709
-0.001953
-0.001709
-0.002930
-0.002563
-0.000854
-0.003784
-0.001587
-0.001099
-0.001831
-0.002197
-0.001831
-0.001709
-0.001953
-0.002563
-0.002808
-0.002563
-0.001709
-0.002563
-0.001831
-0.001221
-0.001831
-0.001953
-0.003052
-0.001709
-0.001709
-0.002563
-0.001831
-0.002197
0.000122
-0.002075
-0.001221
-0.001953
-0.000854
-0.001709
-0.002686
-0.001831
-0.001831
-0.001953
-0.001953
-0.000732
-0.001831
-0.002808
-0.002197
-0.000854
-0.001709
-0.003296
-0.001709
-0.000732
-0.001831
-0.001953
-0.002563
-0.002686
-0.001465
-0.001709
-0.001587
-0.003662
-0.002563
-0.002563
-0.001953
-0.000977
-0.002075
-0.002197
-0.003418
-0.001465
-0.002075
-0.002197
-0.000977
-0.001953
-0.002075
-0.001831
-0.001831
-0.002563
-0.001953
-0.002563
-0.002930
-0.001953
-0.001465
-0.001709
-0.002441
-0.001831
-0.001831
-0.001831
-0.001831
-0.001099
-0.001831
-0.002563
-0.001343
-0.001831
-0.002197
-0.002197
-0.001953
-0.001831
-0.003174
-0.002563
-0.002563
-0.001953
-0.002563
-0.001709
-0.002197
-0.002686
-0.001465
-0.001587
-0.002563
-0.001709
-0.001953
-0.002930
-0.001709
-0.001343
-0.001831
-0.001465
-0.001221
-0.002563
-0.002563
-0.001831
-0.001953
-0.001953
-0.002686
-0.001709
-0.001709
-0.002197
-0.002075
-0.001831
-0.002563
-0.002563
-0.001953
-0.001953
-0.001953
-0.002197
-0.001953
-0.000854
-0.003418
-0.002686
-0.002686
-0.001953
-0.002686
-0.002075
-0.001465
-0.001709
-0.002563
-0.001465
-0.002563
-0.002563
-0.001831
-0.003174
-0.000854
-0.001709
-0.003418
-0.001709
-0.001587
-0.002563
-0.002563
-0.001465
-0.001587
-0.001831
-0.000854
-0.001221
-0.002197
-0.002930
-0.002075
-0.002808
-0.002563
-0.001709
-0.002686
-0.002075
-0.002197
-0.001709
-0.000977
-0.001221
-0.001343
-0.000977
-0.000854
-0.001831
-0.002075
-0.001709
-0.002075
-0.002319
-0.002930
-0.000732
-0.002075
-0.002686
-0.001221
-0.002197
-0.002319
-0.002808
-0.002075
-0.001831
-0.001831
-0.002319
-0.003052
-0.001831
-0.001953
-0.002686
-0.001709
-0.001343
-0.002197
-0.001221
-0.001343
-0.001709
-0.002563
-0.002197
-0.001831
-0.002563
-0.002563
-0.001343
-0.001587
-0.001831
-0.002563
-0.001709
-0.001099
-0.002441
-0.002319
-0.002075
-0.002930
-0.002197
-0.003418
-0.002197
-0.002930
-0.001831
-0.001221
-0.002075
-0.002319
-0.002197
-0.002319
-0.002930
-0.001831
-0.001465
-0.002197
-0.002563
-0.001709
-0.002197
-0.000854
-0.001953
-0.001831
-0.002075
-0.001831
-0.002197
-0.001709
-0.001709
-0.002197
-0.001709
-0.002441
-0.002563
-0.000854
-0.002441
-0.002075
-0.001953
-0.002808
-0.002808
-0.002563
-0.001709
-0.001587
-0.002075
-0.001221
-0.002075
-0.002808
-0.000854
-0.002075
-0.001465
-0.002441
-0.001465
-0.001099
-0.002686
-0.002197
-0.001953
-0.003052
-0.001099
-0.002075
-0.000122
-0.001709
-0.001831
-0.003052
-0.002197
-0.000488
-0.002563
-0.001953
-0.001099
-0.001709
-0.001099
-0.001587
-0.001831
-0.002563
-0.002563
-0.001831
-0.003174
-0.003174
-0.000854
-0.001709
-0.001709
-0.001587
-0.001221
-0.002441
-0.002319
-0.001221
-0.001953
-0.000977
-0.001709
-0.001709
-0.001465
-0.001709
-0.001709
-0.002197
-0.001709
-0.002197
-0.001709
-0.001831
-0.002197
-0.002563
-0.002319
-0.001099
-0.002563
-0.002686
-0.002197
-0.001709
-0.001343
-0.002075
-0.002930
-0.002197
-0.001709
-0.003418
-0.002563
-0.001221
-0.002075
-0.003906
-0.003052
-0.002319
-0.001831
-0.002197
-0.002075
-0.002563
-0.002197
-0.002319
-0.003052
-0.002075
-0.001953
-0.002075
-0.002075
-0.002319
-0.002563
-0.002197
-0.002197
-0.002319
-0.000854
-0.001221
-0.001709
-0.002686
-0.001831
-0.002075
-0.002686
-0.001709
-0.002075
-0.002563
-0.002930
-0.002563
-0.001831
-0.000977
-0.002563
-0.001831
-0.001831
-0.001831
-0.001465
-0.002563
-0.001465
-0.001709
-0.001221
-0.002441
-0.002319
-0.002930
-0.001343
-0.002808
-0.002075
-0.000488
-0.001709
-0.001709
-0.001343
-0.002686
-0.003052
-0.002563
-0.001099
-0.000854
-0.001343
-0.001709
-0.001099
-0.002563
-0.003052
-0.003418
-0.002075
-0.000854
-0.002563
-0.002930
-0.001465
-0.003418
-0.001709
-0.001953
-0.001465
-0.001831
-0.002563
-0.001953
-0.001709
-0.003418
-0.002197
-0.002319
-0.002808
-0.003418
-0.002319
-0.001953
-0.001709
-0.001709
-0.001343
-0.001831
-0.002319
-0.001343
-0.002197
-0.002563
-0.002075
-0.001831
-0.001343
-0.002441
-0.002197
-0.002563
-0.002197
-0.002563
-0.000854
-0.002075
-0.002563
-0.001831
-0.002319
-0.001953
-0.003418
-0.001709
-0.001709
-0.001587
-0.002075
-0.003052
-0.002197
-0.002075
-0.003540
-0.001953
-0.002808
-0.002319
-0.001953
-0.002930
-0.001953
-0.002563
-0.001831
-0.001831
-0.002319
-0.002197
-0.002808
-0.001465
-0.001709
-0.000122
-0.001831
-0.001709
-0.002686
-0.001953
-0.002563
-0.000854
-0.001221
-0.002686
-0.001709
-0.002563
-0.001709
-0.001831
-0.000732
-0.002075
-0.001831
-0.002563
-0.001831
-0.001343
-0.001831
-0.001709
-0.002808
-0.001465
-0.001953
-0.002075
-0.001953
-0.002563
-0.001343
-0.002197
-0.001709
-0.002563
-0.002197
-0.001831
-0.003052
-0.002563
-0.001465
-0.001709
-0.002075
-0.002563
-0.002319
-0.001465
-0.001709
-0.002808
-0.002197
-0.001709
-0.001709
-0.003540
-0.002319
-0.000366
-0.003540
-0.002197
-0.001709
-0.001831
-0.002563
-0.001953
-0.002197
-0.001343
-0.001709
-0.002686
-0.001831
-0.002075
-0.002930
-0.001099
-0.001709
-0.001221
-0.001831
-0.002197
-0.002197
-0.001709
-0.001587
-0.003540
-0.001343
-0.002197
-0.003418
-0.001465
-0.002441
-0.002197
-0.002563
-0.002563
-0.002197
-0.002197
-0.001953
-0.001953
-0.001465
-0.002686
-0.001709
-0.001953
-0.003540
-0.001709
-0.002319
-0.002319
-0.000854
-0.001709
-0.001709
-0.001953
-0.002686
-0.001831
-0.000977
-0.002930
-0.001343
-0.002441
-0.002197
-0.002197
-0.002319
-0.001221
-0.002075
-0.001831
-0.001709
-0.001709
-0.001709
-0.001099
-0.001343
-0.003296
-0.002075
-0.001953
-0.002563
-0.001831
-0.002808
-0.001343
-0.001953
-0.002197
-0.002563
-0.001465
-0.000854
-0.002686
-0.001343
-0.002808
-0.002319
-0.002319
-0.002319
-0.001831
-0.001831
-0.001465
-0.000854
-0.002441
-0.001953
-0.001343
-0.001831
-0.001343
-0.001709
-0.000854
-0.002075
-0.002563
-0.000977
-0.002075
-0.001709
-0.001831
-0.000122
-0.000977
-0.003418
-0.001831
-0.002075
-0.001465
-0.001709
-0.002686
-0.003174
-0.001709
-0.002930
-0.002808
-0.002686
-0.001831
-0.001831
-0.001709
-0.000854
-0.001953
-0.003540
-0.002197
-0.001709
-0.002563
-0.001709
-0.002808
-0.001343
-0.002197
-0.002075
0.000000
-0.001831
-0.002075
-0.002075
-0.002808
-0.001709
-0.001221
-0.001343
-0.001709
-0.003052
-0.002197
-0.001831
-0.002075
-0.001343
-0.002563
-0.001465
-0.001343
-0.002441
-0.002930
-0.000977
-0.000977
-0.002808
-0.001099
-0.002930
-0.001343
-0.000854
-0.001221
-0.002075
-0.001831
-0.002075
-0.003052
-0.001831
-0.001343
-0.002563
-0.002563
-0.001221
-0.001343
-0.001831
-0.001831
-0.003052
-0.000854
-0.001709
-0.002197
-0.000977
-0.001587
-0.002075
-0.000977
-0.001709
-0.002686
-0.001099
-0.001099
-0.001587
-0.002075
-0.001709
-0.001709
-0.001709
-0.001221
-0.001709
-0.002441
-0.002808
-0.000977
0.000000
-0.001831
-0.002075
-0.000854
-0.002197
-0.001953
-0.001343
-0.002197
-0.002197
-0.002563
-0.001709
-0.001709
-0.002197
-0.002563
-0.001465
-0.002686
-0.001709
-0.002197
-0.001953
-0.003174
-0.001831
-0.001831
-0.002563
-0.001709
-0.000977
-0.000854
-0.001221
-0.002075
-0.002808
-0.002563
-0.000732
-0.002197
-0.002319
-0.002319
-0.002075
-0.000732
-0.001831
-0.002563
-0.001709
-0.001343
-0.002441
-0.001709
-0.001709
-0.002441
-0.001221
-0.002075
-0.001465
-0.001953
-0.001343
-0.001709
-0.001709
-0.001953
-0.002563
-0.002930
-0.002563
-0.000854
-0.002686
-0.001709
-0.002441
-0.001465
-0.003296
-0.002075
-0.001709
-0.002808
-0.001709
-0.001343
-0.002441
-0.003174
-0.001343
-0.001709
-0.002075
-0.000977
-0.002441
-0.002075
-0.002563
-0.001953
-0.001709
-0.003174
-0.001465
-0.001099
-0.002197
-0.001465
-0.002563
-0.001343
-0.002075
-0.001343
-0.002563
-0.001099
-0.000854
-0.002563
-0.001465
-0.002441
-0.000854
-0.002197
-0.002930
-0.002075
-0.002075
-0.002808
-0.002075
-0.001709
-0.001953
-0.002808
-0.001831
-0.002075
-0.002319
-0.002197
-0.002319
-0.001221
-0.001221
-0.001343
-0.002930
-0.002319
-0.001953
-0.002319
-0.002319
-0.001465
-0.002197
-0.001831
-0.001831
-0.001221
-0.002197
-0.001465
-0.001587
-0.001831
-0.002563
-0.000854
-0.001709
-0.003174
-0.000732
-0.002197
-0.002075
-0.001221
-0.001831
-0.001465
-0.002197
-0.001343
-0.002930
-0.001709
-0.003174
-0.002563
-0.001465
-0.002197
-0.003418
-0.000854
-0.001709
-0.002563
-0.001953
-0.001343
-0.002197
-0.003418
-0.001709
-0.003052
-0.001465
-0.002075
-0.003052
-0.001831
-0.002075
-0.001099
-0.000977
-0.001709
-0.001953
-0.002563
-0.002319
-0.001465
-0.002075
-0.002075
-0.002197
-0.002563
-0.003052
-0.001709
-0.001343
-0.002075
-0.002563
-0.002563
-0.002686
-0.001221
-0.003296
-0.002197
-0.001465
-0.001709
-0.002197
-0.002563
-0.002319
-0.002686
-0.001709
-0.001831
-0.002563
-0.000732
-0.001343
-0.000854
-0.002441
-0.002563
-0.001709
-0.001709
-0.001831
-0.001953
-0.002197
-0.002563
-0.001343
-0.002441
-0.002075
-0.001709
-0.002563
-0.003662
-0.001953
-0.002563
-0.001831
-0.002563
-0.001709
-0.002563
-0.002686
-0.001709
-0.002075
-0.001831
-0.001953
-0.002563
-0.002563
-0.002197
-0.002563
-0.003052
-0.001343
-0.002930
-0.001831
-0.001953
-0.002686
-0.002319
-0.002563
-0.001221
-0.001831
-0.002563
-0.002319
-0.003418
-0.002075
-0.002808
-0.001221
-0.001709
-0.003540
-0.002930
-0.001465
-0.001343
-0.001953
-0.002075
-0.002075
-0.001343
-0.000854
-0.002563
-0.001221
-0.001221
-0.002441
-0.002930
-0.001343
-0.001709
-0.002563
-0.001221
-0.002808
-0.001099
-0.002075
-0.002930
-0.001831
-0.001709
-0.001953
-0.001709
-0.001953
-0.002563
-0.002075
-0.001343
-0.001587
-0.001709
-0.001831
-0.002563
-0.002319
-0.002686
-0.001709
-0.003174
-0.002319
-0.001099
-0.002808
-0.002686
-0.001709
-0.001709
-0.001709
-0.002075
-0.002319
-0.001709
-0.001587
-0.002197
-0.002686
-0.001099
-0.002808
-0.003174
-0.001831
-0.002808
-0.001831
-0.001831
-0.002563
-0.002319
-0.002075
-0.001709
-0.002319
-0.002563
-0.000977
-0.001587
-0.002441
-0.002563
-0.001953
-0.001709
-0.002197
-0.002563
-0.002197
-0.001831
-0.001709
-0.003418
-0.000854
-0.002441
-0.001831
-0.002075
-0.001099
-0.001709
-0.002197
-0.002197
-0.002075
-0.001831
-0.002075
-0.002563
-0.001953
-0.001465
-0.001709
-0.003540
-0.002197
-0.001343
-0.002075
-0.001953
-0.000244
-0.001343
-0.002075
-0.001343
-0.001221
-0.002563
-0.002686
-0.001709
-0.001587
-0.002197
-0.001953
-0.002930
-0.001709
-0.001709
-0.002686
-0.001465
-0.003540
-0.002441
-0.001953
-0.002075
-0.002075
-0.001709
-0.001221
-0.000854
-0.001343
-0.001221
-0.001709
-0.001587
-0.002441
-0.000977
-0.001709
-0.001709
-0.001831
-0.001953
-0.002075
-0.002563
-0.002075
-0.001709
-0.002441
-0.001099
-0.001953
-0.001709
-0.002197
-0.001099
-0.001831
-0.003174
-0.001709
-0.002563
-0.002563
-0.002686
-0.003418
-0.002197
-0.001465
-0.001343
-0.001709
-0.001953
-0.002808
-0.001221
-0.001953
-0.002075
-0.001831
-0.001953
-0.002075
-0.003540
-0.001587
-0.001221
-0.001587
-0.002075
-0.001343
-0.003418
-0.003052
-0.001831
-0.003418
-0.002686
-0.000977
-0.001709
-0.000854
-0.002197
-0.002075
-0.001709
-0.001831
-0.002075
-0.002319
-0.001831
-0.001465
-0.002441
-0.002319
-0.001953
-0.002808
-0.003052
-0.000732
-0.001953
-0.003052
-0.002075
-0.002197
-0.001709
-0.001953
-0.002319
-0.001709
-0.001709
-0.002197
-0.001343
-0.002563
-0.003418
-0.001953
-0.001709
-0.001587
-0.001953
-0.002319
-0.001709
-0.001831
-0.001709
-0.001221
-0.002441
-0.000854
-0.001587
-0.001831
-0.002563
-0.002197
-0.002686
-0.002075
-0.001221
-0.001221
-0.000854
-0.001343
-0.001831
-0.002808
-0.002197
-0.001343
-0.002686
-0.002319
-0.002197
-0.001953
-0.002319
-0.000244
-0.001709
-0.002686
-0.002075
-0.002319
-0.002075
-0.001831
-0.002686
-0.002563
-0.002563
-0.002075
-0.001831
-0.002319
-0.002563
-0.003174
-0.001953
-0.002197
-0.002563
-0.001831
-0.001343
-0.002441
-0.001831
-0.002197
-0.002808
-0.000732
-0.001953
-0.001343
-0.001831
-0.001709
-0.002319
-0.002197
-0.002075
-0.001343
-0.001709
-0.002930
-0.001465
-0.000366
-0.001709
-0.001099
-0.002686
-0.001953
-0.002075
-0.002930
-0.001343
-0.001343
-0.002441
-0.002197
-0.001709
-0.000854
-0.001709
-0.002319
-0.000977
-0.002563
-0.002563
-0.002808
-0.002319
-0.002197
-0.001465
-0.002075
-0.002197
-0.002563
-0.002930
-0.001831
-0.001831
-0.002930
-0.002686
-0.002197
-0.002563
-0.001709
-0.002197
-0.002563
-0.002075
-0.002563
-0.002197
-0.002197
-0.001709
-0.002563
-0.002686
-0.001953
-0.000854
-0.001099
-0.002441
-0.002563
-0.000122
-0.001343
-0.002441
-0.001099
-0.002075
-0.002563
-0.001831
-0.002197
-0.001709
-0.001221
-0.001831
-0.001465
-0.001709
-0.002686
-0.002319
-0.002686
-0.001709
-0.001343
-0.001587
-0.002197
-0.001953
-0.001709
-0.002563
-0.001099
-0.001587
-0.002075
-0.001709
-0.002563
-0.001221
-0.001343
-0.002075
-0.002808
-0.001953
-0.001709
-0.002197
-0.001465
-0.002075
-0.002808
-0.001709
-0.001343
-0.001709
-0.002197
-0.002686
-0.001709
-0.000977
-0.001953
-0.002075
-0.001953
-0.002197
-0.001709
-0.002197
-0.001831
-0.001709
-0.000854
-0.001099
-0.002808
-0.002075
-0.003418
-0.001465
-0.002075
-0.001953
-0.002197
-0.002319
-0.001953
-0.001465
-0.002808
-0.002319
-0.001099
-0.003052
-0.003418
-0.001709
-0.001953
-0.001709
-0.001709
-0.001831
-0.002197
-0.001953
-0.000366
-0.002686
-0.002197
-0.001709
-0.002197
-0.001099
-0.001343
-0.000854
-0.001709
-0.001221
-0.002563
-0.001343
-0.002075
-0.002197
-0.003418
-0.001831
-0.001221
-0.003662
-0.001831
-0.002563
-0.002563
-0.001343
-0.002563
-0.002075
-0.002197
-0.002563
-0.002563
-0.002319
-0.002563
-0.001465
-0.001831
-0.001831
-0.001709
-0.001953
-0.002319
-0.001831
-0.001709
-0.002808
-0.001709
-0.003418
-0.002319
-0.001709
-0.002197
-0.001831
-0.001709
-0.002197
-0.002930
-0.001709
-0.002197
-0.002686
-0.001831
-0.002075
-0.002197
-0.001099
-0.001831
-0.000854
-0.001221
-0.002197
-0.001953
-0.002075
-0.001831
-0.002075
-0.001709
-0.002563
-0.001709
-0.002075
-0.001465
-0.001709
-0.001953
-0.001953
-0.002197
-0.002563
-0.001709
-0.001221
-0.001953
-0.001831
-0.001709
-0.002808
-0.001099
-0.001709
-0.001709
-0.001587
-0.002441
-0.002563
-0.001831
-0.000488
-0.001709
-0.001709
-0.001953
-0.001831
-0.002319
-0.002075
-0.002808
-0.001465
-0.001709
-0.001099
-0.002563
-0.001221
-0.002563
-0.002319
-0.002563
-0.002563
-0.002319
-0.002075
-0.002197
-0.001953
-0.001953
-0.001831
-0.002075
-0.001465
-0.002686
-0.001465
-0.002197
-0.002197
-0.002075
-0.002197
-0.002563
-0.002563
-0.002686
-0.001465
-0.002075
-0.002808
-0.001709
-0.003418
-0.002563
-0.002563
-0.002319
-0.001709
-0.001831
-0.001709
-0.002197
-0.001343
-0.000244
-0.002075
-0.002563
-0.001709
-0.001587
-0.002563
-0.002563
-0.002563
-0.002075
-0.002075
-0.002075
-0.001831
-0.002197
-0.003174
-0.002075
-0.001709
-0.001831
-0.002075
-0.002563
-0.002319
-0.001221
-0.001709
-0.003052
-0.001831
-0.002563
-0.001709
-0.000977
-0.001953
-0.001343
-0.002197
-0.001465
-0.001831
-0.002808
-0.002075
-0.002075
-0.002930
-0.002563
-0.002075
-0.002563
-0.001953
-0.002197
-0.001221
-0.002441
-0.002319
-0.002319
-0.001953
-0.002075
-0.001709
-0.002808
-0.001709
-0.001953
-0.003052
-0.001099
-0.002075
-0.002563
-0.002563
-0.003418
-0.002197
-0.001709
-0.001709
-0.002563
-0.002075
-0.002319
-0.002563
-0.003418
-0.001343
-0.001587
-0.002197
-0.002686
-0.001831
-0.002197
-0.001953
-0.001709
-0.002075
-0.000977
-0.001099
-0.002441
-0.002197
-0.001953
-0.002075
-0.001953
-0.001709
-0.001953
-0.002075
-0.002197
-0.002319
-0.002686
-0.002075
-0.001831
-0.002930
-0.002319
-0.002930
-0.001709
-0.001953
-0.001709
-0.002197
-0.002563
-0.002563
-0.001953
-0.001465
-0.002563
-0.002075
-0.001465
-0.002197
-0.001953
-0.002808
-0.002930
-0.001465
-0.001587
-0.001831
-0.001465
-0.002197
-0.001709
-0.002563
-0.001709
-0.002075
-0.002197
-0.002686
-0.002075
-0.002319
-0.002319
-0.001465
-0.002441
-0.002075
-0.002563
-0.002319
-0.003052
-0.002808
-0.002197
-0.001465
-0.002808
-0.003784
-0.001709
-0.001709
-0.001587
-0.001343
-0.002563
-0.001465
-0.002563
-0.001831
-0.002563
-0.002319
-0.001953
-0.001343
-0.000977
-0.002075
-0.001709
-0.002563
-0.001953
-0.001343
-0.002441
-0.001709
-0.001343
-0.000977
-0.002075
-0.002930
-0.001465
-0.001221
-0.002441
-0.001953
-0.001343
-0.001587
-0.001587
-0.002563
-0.002808
-0.001221
-0.001831
-0.002808
-0.001465
-0.001587
-0.001343
-0.002197
-0.002686
-0.002563
-0.002197
-0.002319
-0.001099
-0.001709
-0.001831
-0.002563
-0.001709
-0.001709
-0.002075
-0.003418
-0.001709
-0.002930
-0.001953
-0.002686
-0.001953
-0.002197
-0.001953
-0.001099
-0.002808
-0.002319
-0.001465
-0.002808
-0.003052
-0.001465
-0.001709
-0.002197
-0.001709
-0.001343
-0.002563
-0.002563
-0.003052
-0.002197
-0.001709
-0.001709
-0.002075
-0.002319
-0.002563
-0.001953
-0.001465
-0.001831
-0.002563
-0.002075
-0.002197
-0.003418
-0.001343
-0.002197
-0.001465
-0.001709
-0.002441
-0.002319
-0.001709
-0.001831
-0.002197
-0.001831
-0.002197
-0.002319
-0.002563
-0.001465
-0.002563
-0.002686
-0.001099
-0.001587
-0.002686
-0.002686
-0.002075
-0.002563
-0.001831
-0.003418
-0.001709
-0.001953
-0.001709
-0.001953
-0.001221
-0.001709
-0.001709
-0.001831
-0.002075
-0.001831
-0.001831
-0.001953
-0.002075
-0.002808
-0.001099
-0.002075
-0.001709
-0.002441
-0.002075
-0.001343
-0.001953
-0.002563
-0.002075
-0.001465
-0.002930
-0.001709
-0.002686
-0.002808
-0.001831
-0.001343
-0.002441
-0.001709
-0.002808
-0.003052
-0.002319
-0.001709
-0.001831
-0.001221
-0.002563
-0.003174
-0.001099
-0.002686
-0.002197
-0.001953
-0.001099
-0.002197
-0.001465
-0.002563
-0.002808
-0.001709
-0.002075
-0.002197
-0.001953
-0.001709
-0.001831
-0.000854
-0.001343
-0.001831
-0.001953
-0.002930
-0.002686
-0.002197
-0.002563
-0.001099
-0.001953
-0.002197
-0.000977
-0.003052
-0.001953
-0.002563
-0.001953
-0.002319
-0.002563
-0.002197
-0.002197
-0.002686
-0.002686
-0.000488
-0.001709
-0.001099
-0.001709
-0.002563
-0.002563
-0.001831
-0.001709
-0.001831
-0.002197
-0.001709
-0.001953
-0.001343
-0.001221
-0.002075
-0.002686
-0.002075
-0.002563
-0.002563
-0.001709
-0.002686
-0.002808
-0.001953
-0.002075
-0.002563
-0.002075
-0.001465
-0.002563
-0.003174
-0.002197
-0.001465
-0.002197
-0.000732
-0.001587
-0.002075
-0.002319
-0.002075
-0.002686
-0.001709
-0.001709
-0.002075
-0.001221
-0.000610
-0.001953
-0.001831
-0.002563
-0.002197
-0.001465
-0.001953
-0.002563
-0.002808
-0.001953
-0.001221
-0.002197
-0.001465
-0.001221
-0.003052
-0.002563
-0.001343
-0.000854
-0.002808
-0.001831
-0.001831
-0.002808
-0.001953
-0.002197
-0.002686
-0.002930
-0.002319
-0.000854
-0.000977
-0.001587
-0.001709
-0.001465
-0.001953
-0.001831
-0.001465
-0.001953
-0.002563
-0.000854
-0.001831
-0.001709
-0.001953
-0.001709
-0.002563
-0.002319
-0.001709
-0.001709
-0.002441
-0.002075
-0.001709
-0.001953
-0.001709
-0.001343
-0.002563
-0.002563
-0.001465
-0.001709
-0.001709
-0.001831
-0.002686
-0.002075
-0.002563
-0.002563
-0.002075
-0.001343
-0.002075
-0.001099
-0.001587
-0.002441
-0.000854
-0.002197
-0.001343
-0.001953
-0.003052
-0.002075
-0.002197
-0.001953
-0.002686
-0.001953
-0.001465
-0.003784
-0.001953
-0.002319
-0.003174
-0.001709
-0.002930
-0.001831
-0.001953
-0.003174
-0.001221
-0.002441
-0.002075
-0.002197
-0.001709
-0.001709
-0.002808
-0.001831
-0.002686
-0.002563
-0.002686
-0.001953
-0.001709
-0.002441
-0.002686
-0.002319
-0.001709
-0.002686
-0.001221
-0.001221
-0.001099
-0.002808
-0.002197
-0.002808
-0.000854
-0.001709
-0.001709
-0.001953
-0.001831
-0.002686
-0.002563
-0.001831
-0.004028
-0.001953
-0.002563
-0.002686
-0.001831
-0.001099
-0.002075
-0.001709
-0.002197
-0.001465
-0.001831
-0.003418
-0.001709
-0.002563
-0.000488
-0.001099
-0.002686
-0.002197
-0.001709
-0.001465
-0.001953
-0.001831
-0.002197
-0.002075
-0.001465
-0.002563
-0.000854
-0.002197
-0.001709
-0.001099
-0.002075
-0.002319
-0.001709
-0.001953
-0.002563
-0.001709
-0.001709
-0.002075
-0.001221
-0.001221
-0.002441
-0.000977
-0.002563
-0.001831
-0.001465
-0.001221
-0.002075
-0.002197
-0.001221
-0.002563
-0.001953
-0.001831
-0.000977
-0.002075
-0.001221
-0.002563
-0.002197
-0.002563
-0.002075
-0.001099
-0.001953
-0.001709
-0.002197
-0.001709
-0.001099
-0.000732
-0.002563
-0.002563
-0.001831
-0.000488
-0.001587
-0.001709
-0.001953
-0.003174
-0.002075
-0.001709
-0.002075
-0.002319
-0.001099
-0.002075
-0.002563
-0.001831
-0.002075
-0.002075
-0.001221
-0.000977
-0.001953
-0.000854
-0.000366
-0.001953
-0.002563
-0.002319
-0.002075
-0.002686
-0.000366
-0.001709
-0.001831
-0.001343
-0.002930
-0.001953
-0.001221
-0.002930
-0.003418
-0.001343
-0.001953
-0.002930
-0.002075
-0.001343
-0.001099
-0.002930
-0.001709
-0.001953
-0.001465
-0.001953
-0.002319
-0.001343
-0.002075
-0.001343
-0.001587
-0.003418
-0.002197
-0.001221
-0.002686
-0.001831
-0.001709
-0.002563
-0.001465
-0.001831
-0.002075
-0.001343
-0.002808
-0.001709
-0.002197
-0.001465
-0.001831
-0.002197
-0.001465
-0.003540
-0.002686
-0.000854
-0.002563
-0.002563
-0.002563
-0.002197
-0.001953
-0.002930
-0.002197
-0.001709
-0.001709
-0.001831
-0.000854
-0.001953
-0.002686
-0.001953
-0.002319
-0.002930
-0.000488
-0.002686
-0.002075
-0.001953
-0.002563
-0.001343
-0.002563
-0.001343
-0.002075
-0.002563
-0.002686
-0.002563
-0.002563
-0.003540
-0.001587
-0.002686
-0.001953
-0.001099
-0.001587
-0.002563
-0.003418
-0.001709
-0.002197
-0.002075
-0.002197
-0.001465
-0.001953
-0.002563
-0.001343
-0.001343
-0.002563
-0.002319
-0.001099
-0.003052
-0.002319
-0.001831
-0.002686
-0.002075
-0.001221
-0.001709
-0.001709
-0.002563
-0.001709
-0.001587
-0.001831
-0.001953
-0.002197
-0.001831
-0.002197
-0.002197
-0.002075
-0.002808
-0.001709
-0.001709
-0.001831
-0.001953
-0.003174
-0.003418
-0.001709
-0.001709
-0.002441
-0.002563
-0.002563
-0.002075
-0.001221
-0.003662
-0.001465
-0.002197
-0.002563
-0.001831
-0.001221
-0.000610
-0.002197
-0.002563
-0.001709
-0.001709
-0.001953
-0.002686
-0.001953
-0.002930
-0.001709
-0.001709
-0.001953
-0.000977
-0.002075
-0.002563
-0.001465
-0.003540
-0.002197
-0.001709
-0.002075
-0.001953
-0.002319
-0.000977
-0.003418
-0.002319
-0.000977
-0.002197
-0.001831
-0.002197
-0.003052
-0.002563
-0.001831
-0.002930
-0.002075
-0.001831
-0.002319
-0.001709
-0.002563
-0.003052
-0.002319
-0.002808
0.000000
-0.001709
-0.002563
-0.000366
-0.001343
-0.001953
-0.001221
-0.001221
-0.001953
-0.002808
-0.002197
-0.002197
-0.001953
-0.002930
-0.001709
-0.001343
-0.000610
-0.002441
-0.003174
-0.002319
-0.002563
-0.001343
-0.002686
-0.000977
-0.003540
-0.002930
-0.000854
-0.001953
-0.001953
-0.001953
-0.002197
-0.001465
-0.000854
-0.001953
-0.001831
-0.001221
-0.001709
-0.002808
-0.002319
-0.002563
-0.002197
-0.001099
-0.001709
-0.002075
-0.002075
-0.001099
-0.002197
-0.000244
-0.001709
-0.001343
-0.002197
-0.001465
-0.001587
-0.001709
-0.001953
-0.001831
-0.002563
-0.001709
-0.001221
-0.003418
-0.001221
-0.002441
-0.002563
-0.001709
-0.003052
-0.001709
-0.002563
-0.003052
-0.002808
-0.002563
-0.002686
-0.001831
-0.001953
-0.002563
-0.002563
-0.001709
-0.002197
-0.002319
-0.001709
-0.002441
-0.002563
-0.001465
-0.001099
-0.001709
-0.002808
-0.002686
-0.002563
-0.002686
-0.001221
-0.000977
-0.001953
-0.002808
-0.001709
-0.002563
-0.003418
-0.000854
-0.001221
-0.001953
-0.001831
-0.003540
-0.002197
-0.002197
-0.002197
-0.001465
-0.001953
-0.001343
-0.002441
-0.001953
-0.001831
-0.002808
-0.001343
-0.002686
-0.001709
-0.001221
-0.002686
-0.002563
-0.003540
-0.001709
-0.002319
-0.003052
-0.001465
-0.001709
-0.001953
-0.001465
-0.000732
-0.001709
-0.003052
-0.001709
-0.001709
-0.003418
-0.001343
-0.001709
-0.003174
-0.001953
-0.002197
-0.000977
-0.000854
-0.002197
-0.002319
-0.002563
-0.003052
-0.000854
-0.001709
-0.003418
-0.001465
-0.002197
-0.001709
-0.001709
-0.002563
-0.001099
-0.003296
-0.001709
-0.002075
-0.000732
-0.001343
-0.001709
-0.001099
-0.002563
-0.001709
-0.001831
-0.002686
-0.001831
-0.002686
-0.000854
-0.001709
-0.001831
-0.002563
-0.002808
-0.002930
-0.002075
-0.001709
-0.001709
-0.003418
-0.002808
-0.002075
-0.000854
-0.002563
-0.002075
-0.002197
-0.001831
-0.001465
-0.001709
-0.003418
-0.002319
-0.002197
-0.001465
-0.001587
-0.001343
-0.002563
-0.002319
-0.001465
-0.001099
-0.001343
-0.002686
-0.001953
-0.000732
-0.002441
-0.001709
-0.001099
-0.001587
-0.001099
-0.001709
-0.002075
-0.002319
-0.001709
-0.001831
-0.000854
-0.002563
-0.001709
-0.001831
-0.001953
-0.001221
-0.001709
-0.002075
-0.001831
-0.002197
-0.001465
-0.001953
-0.002075
-0.002197
-0.002197
-0.001953
-0.002563
-0.002686
-0.001221
-0.001709
-0.002197
-0.002563
-0.000977
-0.002197
-0.001709
-0.002075
-0.001709
-0.002197
-0.001465
-0.002075
-0.001465
-0.002563
-0.001709
-0.002197
-0.002563
-0.001221
-0.001953
-0.002563
-0.002686
-0.002808
-0.002563
-0.001709
-0.001709
-0.002930
-0.001831
-0.002686
-0.001831
-0.001953
-0.003418
-0.002563
-0.001953
-0.002197
-0.003052
-0.001343
-0.002686
-0.001465
-0.001953
-0.001709
-0.001831
-0.002075
-0.003174
-0.002319
-0.001465
-0.002808
-0.001709
-0.001709
-0.001709
-0.002563
-0.001953
-0.002075
-0.002197
-0.002686
-0.001953
-0.002319
-0.001953
-0.001831
-0.001709
-0.001953
-0.001831
-0.000854
-0.002563
-0.000977
-0.002441
-0.002197
-0.002686
-0.001953
-0.001099
-0.001953
-0.001709
-0.002075
-0.002563
-0.002197
-0.000732
-0.002197
-0.002930
0.000000
-0.001709
-0.001221
-0.001343
-0.002563
-0.002075
-0.001465
-0.002686
-0.002808
-0.001221
-0.002197
-0.002197
-0.002319
-0.001709
-0.001099
-0.002563
-0.002197
-0.001465
-0.001953
-0.002319
-0.001221
-0.001709
-0.001709
-0.001221
-0.002563
-0.002197
-0.001343
-0.001831
-0.001953
-0.001709
-0.000854
-0.001709
-0.002319
-0.002563
-0.001343
-0.002441
-0.001343
-0.001953
-0.002808
-0.002686
-0.001099
-0.001709
-0.001709
-0.001709
-0.002808
-0.002808
-0.001221
-0.002441
-0.000977
-0.000854
-0.002197
-0.002563
-0.001709
-0.001831
-0.002319
-0.002197
-0.002075
-0.001709
-0.002563
-0.002563
-0.001831
-0.001465
-0.001099
-0.002197
-0.002319
-0.002197
-0.002319
-0.001343
-0.002075
-0.002075
-0.001099
-0.001709
-0.001709
-0.001709
-0.001709
-0.002563
-0.003418
-0.001587
-0.002075
-0.001831
-0.002075
-0.002563
-0.002075
-0.001709
-0.002075
-0.001831
-0.001465
-0.002197
-0.001343
-0.002563
-0.002563
-0.001831
-0.001831
-0.002075
-0.001831
-0.002319
-0.001953
-0.001831
-0.001465
-0.001953
-0.002686
-0.000854
-0.003418
-0.001709
-0.000244
-0.001099
-0.001709
-0.001953
-0.001343
-0.002808
-0.001465
-0.002441
-0.001831
-0.001709
-0.002075
-0.001953
-0.001953
-0.001709
-0.001709
-0.002563
-0.001709
-0.001831
-0.002075
-0.001709
-0.002197
-0.001709
-0.002197
-0.001709
-0.002197
-0.002319
-0.001831
-0.002319
-0.002075
-0.003418
-0.002930
-0.001343
-0.001831
-0.002075
-0.002197
-0.001343
-0.001709
-0.001465
-0.002563
-0.002563
-0.002319
-0.002075
-0.002930
-0.001953
-0.002075
-0.002563
-0.001343
-0.002563
-0.001343
-0.002563
-0.002808
-0.002930
-0.001953
-0.002319
-0.001831
-0.003052
-0.002563
-0.000488
-0.000977
-0.001709
-0.002930
-0.000854
-0.002441
-0.002075
-0.002319
-0.000854
-0.001831
-0.001465
-0.002075
-0.003052
-0.002319
-0.001343
-0.001709
-0.002686
-0.001465
-0.001709
-0.001587
-0.001831
-0.002808
-0.001709
-0.002197
-0.001953
-0.002563
-0.002563
-0.001831
-0.002808
0.000000
-0.002075
-0.002075
-0.001709
-0.001587
-0.001709
-0.001953
-0.002563
-0.002686
-0.001953
-0.002319
-0.001221
-0.001587
-0.001221
-0.001953
-0.000732
-0.002563
-0.003174
-0.002197
-0.001709
-0.002686
-0.001221
-0.000854
-0.002808
-0.002563
-0.001221
-0.002441
-0.001709
-0.001709
-0.001709
-0.001343
-0.002563
-0.002563
-0.000854
-0.001709
-0.002441
-0.002808
-0.002197
-0.001465
-0.000732
-0.001099
-0.001709
-0.002808
-0.002563
-0.002686
-0.001709
-0.002197
-0.002563
-0.002075
-0.001709
-0.002563
-0.001953
-0.001953
-0.001953
-0.000977
-0.001709
-0.001953
-0.001953
-0.001343
-0.001343
-0.001831
-0.003174
-0.002563
-0.001831
-0.002808
-0.001465
-0.002686
-0.002197
-0.002075
-0.002563
-0.000244
-0.003662
-0.003418
-0.002197
-0.002319
-0.001953
-0.000854
-0.003296
-0.002563
-0.001831
-0.003784
-0.003052
-0.002197
-0.001709
-0.000854
-0.001831
-0.002930
-0.002197
-0.002319
-0.001465
-0.000977
-0.002808
-0.002319
-0.002197
-0.002197
-0.001709
-0.002930
-0.001953
-0.001221
-0.001831
-0.000854
-0.002197
-0.001831
-0.002075
-0.002197
-0.001343
-0.002441
-0.001953
-0.001709
-0.001221
-0.000977
-0.001587
-0.001953
-0.002319
-0.002197
-0.002197
-0.001221
-0.001709
-0.002930
-0.001221
-0.001099
-0.001221
-0.002197
-0.001099
-0.001343
-0.002197
-0.001465
-0.002441
-0.001465
-0.002563
-0.001831
-0.002930
-0.001831
-0.001953
-0.002686
-0.002686
-0.000854
-0.001709
-0.001831
-0.001831
-0.002197
-0.002319
-0.001221
-0.002075
-0.001709
-0.001953
-0.002197
-0.001343
-0.002686
-0.001831
-0.001221
-0.001221
-0.001343
-0.002075
-0.002319
-0.001709
-0.002197
-0.002197
-0.002808
-0.001709
-0.001831
-0.002686
-0.001221
-0.001587
-0.001709
-0.002441
-0.002563
-0.001099
-0.001099
-0.001953
-0.002075
-0.002319
-0.000854
-0.001099
-0.001709
-0.002441
-0.001465
-0.000977
-0.001831
-0.002563
-0.001709
-0.002563
-0.002197
-0.002075
-0.002808
-0.002075
-0.002563
-0.002197
-0.002075
-0.001709
-0.002441
-0.002563
-0.002930
-0.001953
-0.001709
-0.001465
-0.003052
-0.000854
-0.001709
-0.002808
-0.001953
-0.000977
-0.002441
-0.001221
-0.001221
-0.003418
-0.000854
-0.001709
-0.001465
-0.002075
-0.001709
-0.001221
-0.001831
-0.002075
-0.001709
-0.001831
-0.001709
-0.002686
-0.002075
-0.003052
-0.001831
-0.001709
-0.002197
-0.001465
-0.001099
-0.001587
-0.002075
-0.003174
-0.001831
-0.001953
-0.002808
-0.000977
-0.001587
-0.001343
-0.002441
-0.002075
-0.000977
-0.002197
-0.002930
-0.002563
-0.002319
-0.002197
-0.003052
-0.001465
-0.001831
-0.001221
-0.001709
-0.001221
-0.001709
-0.002563
-0.001709
-0.002563
-0.003418
-0.002075
-0.002319
-0.001709
-0.001831
-0.001709
-0.001709
-0.002319
-0.002930
-0.001709
-0.002686
-0.001221
-0.001709
-0.002563
-0.002563
-0.001099
-0.001709
-0.001709
-0.003052
-0.001709
-0.001709
-0.002075
-0.001709
-0.002441
-0.001831
-0.001709
-0.001709
-0.002441
-0.001953
-0.001465
-0.003296
-0.002197
-0.002197
-0.002075
-0.002930
-0.001465
-0.002075
-0.002808
-0.002686
-0.002930
-0.000732
-0.002930
-0.002197
-0.001709
-0.001343
-0.001221
-0.000977
-0.002686
-0.002075
-0.002197
-0.001465
-0.000854
-0.003052
-0.001709
-0.001587
-0.001099
-0.001221
-0.001587
-0.002197
-0.001709
-0.001953
-0.002686
-0.002075
-0.002319
-0.003052
-0.002075
-0.000854
-0.001953
-0.001709
-0.001465
-0.002930
-0.001831
-0.001709
-0.001953
-0.001343
-0.001587
-0.001587
-0.001587
-0.001953
-0.002197
-0.002197
-0.001709
-0.000854
-0.002686
-0.002075
-0.002075
-0.001709
-0.001221
-0.002686
-0.001709
-0.001709
-0.002075
-0.001221
-0.002441
-0.002197
-0.001709
-0.002197
-0.003418
-0.001343
-0.001709
-0.002808
-0.001831
-0.002808
-0.001221
-0.001709
-0.002441
-0.002197
-0.000732
-0.002563
-0.001831
-0.000854
-0.002441
-0.002808
-0.001709
-0.002197
-0.003540
-0.000854
-0.001343
-0.002686
-0.002563
-0.001953
-0.002197
-0.001831
-0.002075
-0.002197
-0.002197
-0.003174
-0.002686
-0.002563
-0.003174
-0.002319
-0.002197
-0.001709
-0.001709
-0.002808
-0.002197
-0.002563
-0.001953
-0.002563
-0.002563
-0.002563
-0.002197
-0.001709
-0.002930
-0.002563
-0.002075
-0.001831
-0.001221
-0.002441
-0.002930
-0.001221
-0.001709
-0.001709
-0.001221
-0.001709
-0.001831
-0.002563
-0.001953
-0.002319
-0.000977
-0.000977
-0.002563
-0.001343
-0.001709
-0.002563
-0.000977
-0.001221
-0.002563
-0.001831
-0.001343
-0.001099
-0.002075
-0.002930
-0.002075
-0.002563
-0.002563
-0.002197
-0.003662
-0.002441
-0.001953
-0.002319
-0.001831
-0.002319
-0.002197
-0.001953
-0.000366
-0.002441
-0.002075
-0.002197
-0.001709
-0.001831
-0.002563
-0.002563
-0.002197
-0.001343
-0.003296
-0.002075
-0.001709
-0.002075
-0.002319
-0.002808
-0.002808
-0.002075
-0.002686
-0.002563
-0.001831
-0.002686
-0.001709
-0.002808
-0.000854
-0.002808
-0.002197
-0.002319
-0.000854
-0.001953
-0.002686
-0.001099
-0.001709
-0.002441
-0.002075
-0.002563
-0.001831
-0.001831
-0.002319
-0.001709
-0.002075
-0.000854
-0.002808
-0.002808
-0.003052
-0.001831
-0.002197
-0.000732
-0.002075
-0.001953
-0.001831
-0.002686
-0.002197
-0.001953
-0.001709
-0.002319
-0.001831
-0.002563
-0.002075
-0.001709
-0.003418
-0.001709
-0.001587
-0.002197
-0.001831
-0.002197
-0.002563
-0.002075
-0.002686
-0.002075
-0.001953
-0.001953
-0.002930
-0.002808
-0.002197
-0.001099
-0.001587
-0.001709
-0.002075
-0.002197
-0.002075
-0.002197
-0.003174
-0.001953
-0.001709
-0.002197
-0.001709
-0.002563
-0.001953
-0.002808
-0.001831
-0.001465
-0.002563
-0.000977
-0.001953
-0.002808
-0.001709
-0.001099
-0.001953
-0.001709
-0.001343
-0.002686
-0.002319
-0.002563
-0.001465
-0.002563
-0.001343
-0.002563
-0.002686
-0.001709
-0.002563
-0.001831
-0.002075
-0.002197
-0.001221
-0.001221
-0.001221
-0.002075
-0.002563
-0.002197
-0.002930
-0.002686
-0.002563
-0.000732
-0.002075
-0.001709
-0.002319
-0.002319
-0.000854
-0.002197
-0.002197
-0.002563
-0.002563
-0.002075
-0.000977
-0.001709
-0.001953
-0.001343
-0.001953
-0.002563
-0.001099
-0.001099
-0.001709
-0.002441
-0.001465
-0.002563
-0.002563
-0.001343
-0.003052
-0.002075
-0.001343
-0.002930
-0.001953
-0.001343
-0.001709
-0.003418
-0.002686
-0.001953
-0.000854
-0.001709
-0.002563
-0.001465
-0.001831
-0.002075
-0.002563
-0.001465
-0.002441
-0.002319
-0.001465
-0.002930
-0.002319
-0.002808
-0.002930
-0.001343
-0.002441
-0.002563
-0.001831
-0.002563
-0.001953
-0.002563
-0.002075
-0.000977
-0.001953
-0.002563
-0.001709
-0.001709
-0.001831
-0.003052
-0.001953
-0.001709
-0.001709
-0.002319
-0.001099
-0.001709
-0.002686
-0.002319
-0.001343
-0.002075
-0.001221
-0.002563
-0.001343
-0.002930
-0.002686
-0.001709
-0.002930
-0.001831
-0.002197
-0.001099
-0.001587
-0.002197
-0.001709
-0.001831
-0.001465
-0.001343
-0.002563
-0.001831
-0.002563
-0.001709
-0.001709
-0.003052
-0.001709
-0.002319
-0.001709
-0.001953
-0.001953
-0.002075
-0.001831
-0.002686
-0.001465
-0.001709
-0.002563
-0.002563
-0.001831
-0.003418
-0.002319
-0.002563
-0.000854
-0.002441
-0.001709
-0.001953
-0.002686
-0.001831
-0.002563
-0.002930
-0.002197
-0.001709
-0.002930
-0.001099
-0.002197
-0.003052
-0.001953
-0.001953
-0.002197
-0.001343
-0.001709
-0.001953
-0.001953
-0.003052
-0.002197
-0.002686
-0.001709
-0.001587
-0.002197
-0.001343
-0.002563
-0.001831
-0.002930
-0.002075
-0.001343
-0.002075
-0.001709
-0.002930
-0.002930
-0.001099
-0.003418
-0.001831
-0.002686
-0.003052
-0.002075
-0.003174
-0.000488
-0.002075
-0.001953
-0.001709
-0.002563
-0.001099
-0.002075
-0.002319
-0.002930
-0.002808
-0.002563
-0.002563
-0.002319
-0.002075
-0.002686
-0.001709
-0.002075
-0.001953
-0.002930
-0.001709
-0.002686
-0.002075
-0.002075
-0.002075
-0.002075
-0.001709
-0.003418
-0.001953
-0.003052
-0.000854
-0.001587
-0.003662
-0.002319
-0.001953
-0.002686
-0.001953
-0.002197
-0.001953
-0.000854
-0.001953
-0.001221
-0.001831
-0.002930
-0.001709
-0.001953
-0.002197
-0.002686
-0.002808
-0.002319
-0.002563
-0.002808
-0.001343
-0.002197
-0.001221
-0.002808
-0.001953
-0.002563
-0.001953
-0.002563
-0.002563
-0.000854
-0.002808
-0.002563
-0.001709
-0.002563
-0.002319
-0.001831
-0.002808
-0.002686
-0.002075
-0.002319
-0.001343
-0.001343
-0.000977
-0.001953
-0.002197
-0.000977
-0.002197
-0.001343
-0.001343
-0.003418
-0.002563
-0.001709
-0.001953
-0.001465
-0.002197
-0.002319
-0.002686
-0.003418
-0.002930
-0.000854
-0.002197
-0.002808
-0.002075
-0.002319
-0.002563
-0.001709
-0.001709
-0.002075
-0.002686
-0.001709
-0.001953
-0.001953
-0.001831
-0.001709
-0.001709
-0.001709
-0.002075
-0.002075
-0.002075
-0.002563
-0.002563
-0.002319
-0.001831
-0.002563
-0.001221
-0.001587
-0.001831
-0.000488
-0.001709
-0.002563
-0.001343
-0.002441
-0.001709
-0.000854
-0.003540
-0.002197
-0.001465
-0.001953
-0.001831
-0.001465
-0.001831
-0.001343
-0.001709
-0.002563
-0.002563
-0.002197
-0.001709
-0.002075
-0.002686
-0.001953
-0.002319
-0.003174
-0.001831
-0.001709
-0.001953
-0.003418
-0.001953
-0.001709
-0.001953
-0.002930
-0.001709
-0.002563
-0.001831
-0.002075
-0.001831
-0.000854
-0.000977
-0.001587
-0.002686
-0.002808
-0.002197
-0.002075
-0.002563
-0.002686
-0.001343
-0.002686
-0.001343
-0.001709
-0.002563
-0.002319
-0.002197
-0.002808
-0.001099
-0.002563
-0.001953
-0.002197
-0.002075
-0.002075
-0.001953
-0.002686
-0.002930
-0.001343
-0.002197
-0.002319
-0.001953
-0.002319
-0.002686
-0.002686
-0.003540
-0.001709
-0.002075
-0.002197
-0.002075
-0.001343
-0.002930
-0.002686
-0.001953
-0.001831
-0.002686
-0.000854
-0.002075
-0.002075
-0.002563
-0.002075
-0.002686
-0.002563
-0.001831
-0.003052
-0.002319
-0.001709
-0.002686
-0.001709
-0.002075
-0.001953
-0.001099
-0.001709
-0.000977
-0.001953
-0.002563
-0.001099
-0.002563
-0.002319
-0.001709
-0.001709
-0.002197
-0.001953
-0.001831
-0.001831
-0.001709
-0.002930
-0.002319
-0.002075
-0.001709
-0.001953
-0.001709
-0.002563
-0.001709
-0.001343
-0.002441
-0.001221
-0.001099
-0.001709
-0.002563
-0.002197
-0.001709
-0.002441
-0.002563
-0.001221
-0.002075
-0.003418
-0.002808
-0.001465
-0.002563
-0.001709
-0.002197
-0.001831
-0.002075
-0.002563
-0.001099
-0.001343
-0.002441
-0.001709
-0.001587
-0.001709
-0.001221
-0.002930
-0.001221
-0.002563
-0.001709
-0.002563
-0.001709
-0.001587
-0.002808
-0.000854
-0.001953
-0.002197
-0.001831
-0.001953
-0.001343
-0.001953
-0.002075
-0.002686
-0.001831
-0.001343
-0.001831
-0.002563
-0.002686
-0.002197
-0.001831
-0.000854
-0.002563
-0.001709
-0.001343
-0.003662
-0.002686
-0.002563
-0.001831
-0.001465
-0.002441
-0.001465
-0.001221
-0.002563
-0.001221
-0.002563
-0.001709
-0.002075
-0.001831
-0.002686
-0.000977
-0.001831
-0.003174
-0.001831
-0.001465
-0.002441
-0.001831
-0.002930
-0.003418
-0.002075
-0.002563
-0.002197
-0.002563
-0.001953
-0.001465
-0.002197
-0.002563
-0.001343
-0.002686
-0.001221
-0.001343
-0.002930
-0.002197
-0.002686
-0.001953
-0.001099
-0.001709
-0.002319
-0.001709
-0.001099
-0.001221
-0.000732
-0.001709
-0.001587
-0.002930
-0.001831
-0.002563
-0.001709
-0.001709
-0.002808
-0.001465
-0.000732
-0.001953
-0.001343
-0.002197
-0.001221
-0.001953
-0.003052
-0.001221
-0.001831
-0.002563
-0.001953
-0.001831
-0.003052
-0.000854
-0.001709
-0.003418
-0.001953
-0.000977
-0.001831
-0.002319
-0.002563
-0.002563
-0.002197
-0.001709
-0.001953
-0.002808
-0.001465
-0.002075
-0.002197
-0.002075
-0.001831
-0.001953
-0.001953
-0.001953
-0.001709
-0.002075
-0.001709
-0.001709
-0.003540
-0.001343
-0.002197
-0.001709
-0.001831
-0.001953
-0.001221
-0.001953
-0.001343
-0.002075
-0.001465
-0.001953
-0.002563
-0.002319
-0.002075
-0.001831
-0.001709
-0.003174
-0.001709
-0.002563
-0.002075
-0.000366
-0.002563
-0.003052
-0.001709
-0.001709
-0.002319
-0.002563
-0.003418
-0.001831
-0.002563
-0.000854
-0.001709
-0.002563
-0.001831
-0.001343
-0.000977
-0.002197
-0.000732
-0.001343
-0.002563
-0.001953
-0.001709
-0.002075
-0.001709
-0.001221
-0.002563
-0.001709
-0.001221
-0.001953
-0.002197
-0.001709
-0.001953
-0.002197
-0.003174
-0.002197
-0.001221
-0.001221
-0.001953
-0.002319
-0.002075
-0.002197
-0.001953
-0.001099
-0.002075
-0.002930
-0.002075
-0.001953
-0.001221
-0.002075
-0.002808
-0.002686
-0.001709
-0.002075
-0.003418
-0.002808
-0.001709
-0.001709
-0.003662
-0.002075
-0.000854
-0.001953
-0.002197
-0.002075
-0.001465
-0.002563
-0.002563
-0.001831
-0.002563
-0.001709
-0.003418
-0.002563
-0.001099
-0.002197
-0.002197
-0.001953
-0.001709
-0.001709
-0.001953
-0.002197
-0.002686
-0.001709
-0.001831
-0.001709
-0.001343
-0.003296
-0.001831
-0.001831
-0.002808
-0.001709
-0.002075
-0.001709
-0.001709
-0.002197
-0.003174
-0.002563
-0.001831
-0.002197
-0.002319
-0.002563
-0.002075
-0.002197
-0.001953
-0.002075
-0.002686
-0.000732
-0.002563
-0.001709
-0.001831
-0.001709
-0.001099
-0.001099
-0.002808
-0.002075
-0.001831
-0.003662
-0.001709
-0.002319
-0.002075
-0.001343
-0.001953
-0.002319
-0.001709
-0.002808
-0.001953
-0.001343
-0.001831
-0.001953
-0.002075
-0.001831
-0.001709
-0.001709
-0.002075
-0.001709
-0.002930
-0.002197
-0.003174
-0.002197
-0.001831
-0.002563
-0.002319
-0.002197
-0.001465
-0.000854
-0.002563
-0.002075
-0.001709
-0.001343
-0.002563
-0.002075
-0.001221
-0.002930
-0.001343
-0.002563
-0.002197
-0.001831
-0.002563
-0.003052
-0.002563
-0.001709
-0.001465
-0.002075
-0.002319
-0.001709
-0.002686
-0.002563
-0.002319
-0.001465
-0.001343
-0.001343
-0.001709
-0.001343
-0.001831
-0.001953
-0.001953
-0.002686
-0.001709
-0.001465
-0.002686
-0.002930
-0.002319
-0.002563
-0.001831
-0.002563
-0.002197
-0.002075
-0.002197
-0.001221
-0.001709
-0.001831
-0.001709
-0.002808
-0.001221
-0.002075
-0.002563
-0.001221
-0.001953
-0.001953
-0.001099
-0.001953
-0.001831
-0.001709
-0.002197
-0.001099
-0.002563
-0.002319
-0.001099
-0.002563
-0.001465
-0.002197
-0.001465
-0.001709
-0.001709
-0.001343
-0.002075
-0.001343
-0.001099
-0.001587
-0.001709
-0.001099
-0.001709
-0.002563
-0.001709
-0.002197
-0.001831
-0.001831
-0.003418
-0.002441
-0.002197
-0.002075
-0.001831
-0.002319
-0.002686
-0.001343
-0.001953
-0.002686
-0.001831
-0.001465
-0.001953
-0.002197
-0.002930
-0.002075
-0.001953
-0.001953
-0.000854
-0.001221
-0.002563
-0.002930
-0.001465
-0.002197
-0.001831
-0.002563
-0.002563
-0.001465
-0.002441
-0.002319
-0.002563
-0.000854
-0.001587
-0.001709
-0.002197
-0.003052
-0.001831
-0.002197
-0.002563
-0.002197
-0.002563
-0.001831
-0.001709
-0.001343
-0.001709
-0.002197
-0.001709
-0.001831
-0.002075
-0.001709
-0.002075
-0.002808
-0.001831
-0.001465
-0.002197
-0.001709
-0.001953
-0.001831
-0.001953
-0.001343
-0.001587
-0.001831
-0.002319
-0.000732
-0.002808
-0.002075
-0.000244
-0.001221
-0.001831
-0.000854
-0.002563
-0.001221
-0.000854
-0.001587
-0.001587
-0.002075
-0.001221
-0.002441
-0.002686
-0.003418
-0.001221
-0.001587
-0.002441
-0.001709
-0.002563
-0.002319
-0.001831
-0.002197
-0.001709
-0.002075
-0.002808
-0.002197
-0.001343
-0.002197
-0.002319
-0.001221
-0.002563
-0.002197
-0.002197
-0.001099
-0.002563
-0.002808
-0.000732
-0.002197
-0.001953
-0.001831
-0.002808
-0.001709
-0.001099
-0.002930
-0.001343
-0.002197
-0.002563
-0.001465
-0.002563
-0.001465
-0.001709
-0.001831
-0.001709
-0.001709
-0.001709
-0.003052
-0.001709
-0.001099
-0.002930
-0.002197
-0.001831
-0.000977
-0.002563
-0.002075
-0.002075
-0.003418
-0.001709
-0.002197
-0.002563
-0.002686
-0.003906
-0.001953
-0.001831
-0.002075
-0.002319
-0.002563
-0.002075
-0.002197
-0.002563
-0.002197
-0.002319
-0.002808
-0.002563
-0.001465
-0.001709
-0.001099
-0.003418
-0.002075
-0.001709
-0.001709
-0.002197
-0.001709
-0.001953
-0.002563
-0.001465
-0.002197
-0.002197
-0.001709
-0.002197
-0.001709
-0.002197
-0.001099
-0.001221
-0.001953
-0.001709
-0.001831
-0.001709
-0.002197
-0.002319
-0.001709
-0.001709
-0.002563
-0.001831
-0.000854
-0.001709
-0.002563
-0.001709
-0.001343
-0.002808
-0.002075
-0.002319
-0.000977
-0.002075
-0.002075
-0.002563
-0.001465
-0.002563
-0.002197
-0.001709
-0.001099
-0.002197
-0.001343
-0.001831
-0.001709
-0.001221
-0.001709
-0.002319
-0.001709
-0.001465
-0.002808
-0.001953
-0.000854
-0.002686
-0.001343
-0.001831
-0.001831
-0.002197
-0.002197
-0.001831
-0.001465
-0.002563
-0.001221
-0.000977
-0.002075
-0.002930
-0.002197
-0.002197
-0.002197
-0.002075
-0.001709
-0.002563
-0.002197
-0.002563
-0.001709
-0.001465
-0.002075
-0.003418
-0.002075
-0.002197
-0.002686
-0.001221
-0.002563
-0.000854
-0.001343
-0.001831
-0.001465
-0.001221
-0.001709
-0.002808
-0.002808
-0.002563
-0.003052
-0.001953
-0.001343
-0.001709
-0.001709
-0.001953
-0.001343
-0.001587
-0.002563
-0.001221
-0.001831
-0.002197
-0.001953
-0.002197
-0.003418
-0.002319
-0.001465
-0.001953
-0.001465
-0.002563
-0.002075
-0.001465
-0.001953
-0.001709
-0.001587
-0.002075
-0.002686
-0.002319
-0.002319
-0.001221
-0.001221
-0.001831
-0.001221
-0.002441
-0.001709
-0.002563
-0.001343
-0.000977
-0.001709
-0.002319
-0.002686
-0.000977
-0.003052
-0.001831
-0.002563
-0.002075
-0.002930
-0.001709
-0.002319
-0.002563
-0.001953
-0.001709
-0.001831
-0.003174
-0.001953
-0.002319
-0.001221
-0.002808
-0.000977
-0.001587
-0.002563
-0.002197
-0.002197
-0.003418
-0.002686
-0.001831
-0.001953
-0.000854
-0.001709
-0.001953
-0.001953
-0.001465
-0.001953
-0.002563
-0.001709
-0.002563
-0.003052
-0.001099
-0.002563
-0.001465
-0.001343
-0.001831
-0.001221
-0.001831
-0.002563
-0.001831
-0.002686
-0.001099
-0.001709
-0.002441
-0.001709
-0.002075
-0.002686
-0.002319
-0.001221
-0.000854
-0.001099
-0.002075
-0.002319
-0.002930
-0.002075
-0.002197
-0.001709
-0.002197
-0.001953
-0.001831
-0.001953
-0.002563
-0.001465
-0.001343
-0.001221
-0.002930
-0.002686
-0.002197
-0.002563
-0.002563
-0.002197
-0.002686
-0.002686
-0.001343
-0.001343
-0.000854
-0.001221
-0.001221
-0.002075
-0.001465
-0.001099
-0.002197
-0.002075
-0.001343
-0.002563
-0.001709
-0.000854
-0.002197
-0.002075
-0.000854
-0.002563
-0.002930
-0.002319
-0.002563
-0.002197
-0.001465
-0.002441
-0.001953
-0.003052
-0.001465
-0.001831
-0.001343
-0.001709
-0.002075
-0.001953
-0.001831
-0.002563
-0.001465
-0.000854
-0.000977
-0.001343
-0.001831
-0.001953
-0.002930
-0.002686
-0.001465
-0.001953
-0.002563
-0.000854
-0.001587
-0.002808
-0.002075
-0.002930
-0.002563
-0.001709
-0.002197
-0.002197
-0.001709
-0.003296
-0.001343
-0.002075
-0.001465
-0.001587
-0.002197
-0.002197
-0.001343
-0.002075
-0.001709
-0.002197
-0.001221
-0.001221
-0.002563
-0.001831
-0.001953
-0.002563
-0.002197
-0.003052
-0.000977
-0.000977
-0.002441
-0.000977
-0.002441
-0.002319
-0.001709
-0.001343
-0.001709
0.000000
-0.002563
-0.002686
-0.001709
-0.001831
-0.002686
-0.001709
-0.002075
-0.001831
-0.001709
-0.000854
-0.001343
-0.003052
-0.001221
-0.001709
-0.002686
-0.001709
-0.001343
-0.002197
-0.002319
-0.001709
-0.001343
-0.001709
-0.001953
-0.001953
-0.001953
-0.001953
-0.001099
-0.002563
-0.001831
-0.001953
-0.001709
-0.002686
-0.002563
-0.003052
-0.001343
-0.001709
-0.001587
-0.002075
-0.001831
-0.001343
-0.002930
-0.002319
-0.002197
-0.002563
-0.002563
-0.001221
-0.001343
-0.001831
-0.001709
-0.002197
-0.002930
-0.001343
-0.001343
-0.002075
-0.002197
-0.002563
-0.000854
-0.003296
-0.002197
-0.001831
-0.003174
-0.001831
-0.002930
-0.001465
-0.002075
-0.003906
-0.002197
-0.002075
-0.003052
-0.002319
-0.002563
-0.001953
-0.002075
-0.001709
-0.002319
-0.001953
-0.001709
-0.001709
-0.001953
-0.002563
-0.001953
-0.002075
-0.001953
-0.002197
-0.001831
-0.002197
-0.002686
-0.002075
-0.001709
-0.001709
-0.003418
-0.002075
-0.001343
-0.001709
-0.001831
-0.002563
-0.001709
-0.001221
-0.002075
-0.003418
-0.001587
-0.000977
-0.002197
-0.002808
-0.001831
-0.002686
-0.001953
-0.003174
-0.001831
-0.001831
-0.001953
-0.002075
-0.001709
-0.001831
-0.001831
-0.002563
-0.002075
-0.001709
-0.001099
-0.001953
-0.001343
-0.001343
-0.000854
-0.002808
-0.002075
-0.002197
-0.003174
-0.002319
-0.002319
-0.001221
-0.002197
-0.001831
-0.002197
-0.002686
-0.000488
-0.002075
-0.002197
-0.001343
-0.002197
-0.001953
-0.000854
-0.002563
-0.001343
-0.001709
-0.001587
-0.000977
-0.001953
-0.000854
-0.001709
-0.002319
-0.001831
-0.001465
-0.001831
-0.002075
-0.002075
-0.002075
-0.001953
-0.001343
-0.002197
-0.001953
-0.002075
-0.001831
-0.002075
-0.001831
-0.000854
-0.001953
-0.002686
-0.000854
-0.000977
-0.001831
-0.001953
-0.002930
-0.001831
-0.002930
-0.002563
-0.002197
-0.002075
-0.002075
-0.002563
-0.002563
-0.001953
-0.001831
-0.001465
-0.001099
-0.002441
-0.002686
-0.001099
-0.001587
-0.001587
-0.001587
-0.001831
-0.001953
-0.001953
-0.002563
-0.002686
-0.002319
-0.002197
-0.001709
-0.001953
-0.001709
-0.000854
-0.001587
-0.001099
-0.002197
-0.001709
-0.001343
-0.001953
-0.003052
-0.001709
-0.001953
-0.001953
-0.002075
-0.001709
-0.002563
-0.001953
-0.002319
-0.001709
-0.002075
-0.002075
-0.001099
-0.002197
-0.000977
-0.001831
-0.001831
-0.002075
-0.001465
-0.002563
-0.002319
-0.001709
-0.001709
-0.003418
-0.002930
-0.003418
-0.002930
-0.001465
-0.001221
-0.002808
-0.001709
-0.000854
-0.000977
-0.001709
-0.003052
-0.001831
-0.001709
-0.001343
-0.002197
-0.002075
-0.002563
-0.000732
-0.001953
-0.002686
-0.002075
-0.002319
-0.002319
-0.001343
-0.001221
-0.001953
-0.002197
-0.001221
-0.001343
-0.001709
-0.001221
-0.001709
-0.001709
-0.002075
-0.001709
-0.002808
-0.001831
-0.001709
-0.001343
-0.001831
-0.001709
-0.001709
-0.001099
-0.002930
-0.002197
-0.000854
-0.001709
-0.002563
-0.002563
-0.001709
-0.002563
-0.002075
-0.002930
-0.001831
-0.001465
-0.001831
-0.001343
-0.002686
-0.001831
-0.002075
-0.001831
-0.001831
-0.001099
-0.002441
-0.001709
-0.001831
-0.003418
-0.002319
-0.002563
-0.001831
-0.002075
-0.001709
-0.000244
-0.002441
-0.001343
-0.002563
-0.001709
-0.001587
-0.002197
-0.002075
-0.003540
-0.001831
-0.000732
-0.001221
-0.000977
-0.001953
-0.002686
-0.001465
-0.002075
-0.001465
-0.001953
-0.001709
-0.001953
-0.002319
-0.002197
-0.002197
-0.001343
-0.002563
-0.002686
-0.002563
-0.002319
-0.001221
-0.001831
-0.001709
-0.001709
-0.001587
-0.001831
-0.002197
-0.002319
-0.000854
-0.001587
-0.001709
-0.002319
-0.002075
-0.002319
-0.002197
-0.000854
-0.003052
-0.002808
-0.001709
-0.001953
-0.001953
-0.002563
-0.001709
-0.001953
-0.002686
-0.001343
-0.001953
-0.002686
-0.001953
-0.002075
-0.001831
-0.002686
-0.002563
-0.001221
-0.002563
-0.001831
-0.000854
-0.001709
-0.000854
-0.000854
-0.002441
-0.002563
-0.001099
-0.001709
-0.001953
-0.001953
-0.002197
-0.002563
-0.003174
-0.001343
-0.001343
-0.002930
-0.001221
-0.002808
-0.002563
-0.001953
-0.002563
-0.002075
-0.001831
-0.001709
-0.002197
-0.002319
-0.003418
-0.002930
-0.002197
-0.002197
-0.001953
-0.002319
-0.001953
-0.002075
-0.002319
-0.001343
-0.002197
-0.002075
-0.003052
-0.002930
-0.001709
-0.002441
-0.001465
-0.000854
-0.002441
-0.002075
-0.002686
-0.001709
-0.001099
-0.003052
-0.001099
-0.001831
-0.002563
-0.001465
-0.002808
-0.001099
-0.001709
-0.001709
-0.002686
-0.001953
-0.002563
-0.001953
-0.000977
-0.002563
-0.002808
-0.003418
-0.001221
-0.000977
-0.002075
-0.001953
-0.002075
-0.002075
-0.002808
-0.001465
-0.002563
-0.002075
-0.001099
-0.002197
-0.001709
-0.001587
-0.001831
-0.002075
-0.002563
-0.002930
-0.002319
-0.001709
-0.002075
-0.001709
-0.003174
-0.002563
-0.000854
-0.001221
-0.001709
-0.002075
-0.001221
-0.001709
-0.001953
-0.001709
-0.002686
-0.001831
-0.001709
-0.001221
-0.002563
-0.001953
-0.001831
-0.001709
-0.001221
-0.001953
-0.001709
-0.001099
-0.001587
-0.001587
-0.002563
-0.001221
-0.001709
-0.002686
-0.001343
-0.003418
-0.001709
-0.000854
-0.003418
-0.002319
-0.002197
-0.003052
-0.001831
-0.002319
-0.002319
-0.001221
-0.001709
-0.002808
-0.001709
-0.001709
-0.001953
-0.001709
-0.000366
-0.001587
-0.003296
-0.001465
-0.002441
-0.001831
-0.002075
-0.001465
-0.001587
-0.001099
-0.002563
-0.002197
-0.002197
-0.001709
-0.001343
-0.002441
-0.001953
-0.002686
-0.001709
-0.001831
-0.002197
-0.001953
-0.002563
-0.001465
-0.001221
-0.003418
-0.002319
-0.002197
-0.002563
-0.001709
-0.001709
-0.002197
-0.002563
-0.001709
-0.002686
-0.001709
-0.001953
-0.002930
-0.001709
-0.002563
-0.001099
-0.002441
-0.002686
-0.002563
-0.001709
-0.002563
-0.001343
-0.002441
-0.002075
-0.001099
-0.002686
-0.001709
-0.002563
-0.001953
-0.002075
-0.001831
-0.003052
-0.001221
-0.002808
-0.001831
-0.001465
-0.001831
-0.001465
-0.002930
-0.001221
-0.002075
-0.002319
-0.001831
-0.002197
-0.001831
-0.001709
-0.002563
-0.001709
-0.001465
-0.002075
-0.001831
-0.000854
-0.001343
-0.001831
-0.002075
-0.001099
-0.002808
-0.002563
-0.001709
-0.002075
-0.001831
-0.002075
-0.001709
-0.001831
-0.001343
-0.001221
-0.001221
-0.001831
-0.001953
-0.002686
-0.002563
-0.002319
-0.001709
-0.001709
-0.001953
-0.001953
-0.002563
-0.000732
-0.000977
-0.002930
-0.003418
-0.001953
-0.001709
-0.001587
-0.001221
-0.000854
-0.001709
-0.001831
-0.002319
-0.001709
-0.000854
-0.002563
-0.002075
-0.002197
-0.000854
-0.001343
-0.002563
-0.001709
-0.002808
-0.002563
-0.001953
-0.001953
-0.001099
-0.002075
-0.001709
-0.001709
-0.001953
-0.001709
-0.002563
-0.001953
-0.002075
-0.001465
-0.001587
-0.001343
-0.000977
-0.002441
-0.001953
-0.001343
-0.001587
-0.002563
-0.001465
-0.001953
-0.002319
-0.001709
-0.002197
-0.002563
-0.002075
-0.001099
0.000244
-0.001709
-0.003418
-0.001709
-0.002563
-0.003418
-0.000854
-0.002075
-0.000854
-0.002441
-0.002563
-0.001343
-0.001221
-0.002686
-0.002075
-0.001709
-0.002563
-0.002563
-0.001831
-0.002563
-0.001831
-0.001831
-0.001709
-0.001953
-0.002563
-0.002075
-0.002319
-0.002563
-0.002686
-0.000977
-0.002075
-0.001831
-0.003418
-0.001709
-0.002075
-0.001343
-0.001709
-0.001099
-0.002075
-0.002319
-0.001953
-0.002930
-0.002319
-0.001953
-0.001709
-0.003418
-0.001953
-0.001343
-0.001709
-0.002563
-0.001831
-0.001343
-0.001709
-0.001831
-0.002197
-0.002563
-0.001465
-0.001709
-0.001831
-0.002930
-0.002197
-0.002197
-0.002197
-0.001953
-0.002563
-0.001831
-0.001465
-0.002197
-0.002197
-0.001953
-0.002075
-0.002075
-0.000854
-0.002075
-0.001831
-0.001831
-0.001343
-0.001831
-0.002319
-0.002686
-0.002197
-0.001709
-0.002686
-0.001831
-0.001343
-0.001831
-0.001709
-0.002686
-0.002563
-0.000732
-0.001709
-0.001343
-0.001831
-0.003418
-0.003418
-0.002563
-0.002686
-0.001953
-0.003052
-0.002563
-0.002197
-0.001953
-0.001465
-0.001221
-0.002075
-0.001831
-0.001709
-0.001587
-0.001709
-0.001465
-0.001953
-0.002319
-0.001465
-0.002563
-0.001709
-0.001953
-0.002075
-0.002197
-0.001343
-0.001221
-0.002441
-0.001709
-0.001709
-0.002686
-0.002563
-0.001343
-0.002563
-0.002563
-0.001465
-0.001953
-0.000977
-0.002441
-0.001099
-0.001831
-0.001953
-0.001221
-0.001709
-0.001831
-0.001831
-0.002563
-0.001343
-0.001221
-0.001953
-0.001831
-0.002197
-0.001709
-0.002197
-0.002197
-0.003418
-0.001587
-0.001953
-0.002686
-0.003174
-0.001709
-0.001709
-0.003296
-0.003418
-0.002930
-0.001831
-0.001953
-0.002197
-0.001953
-0.002197
-0.001709
-0.000854
-0.001709
-0.001709
-0.003418
-0.002197
-0.001709
-0.001953
-0.001709
-0.000610
-0.001831
-0.002075
-0.001709
-0.002930
-0.001099
-0.002075
-0.001709
-0.002441
-0.002563
-0.002197
-0.002686
-0.002930
-0.001831
-0.001953
-0.002319
-0.001343
-0.002197
-0.002563
-0.001709
-0.001953
-0.002075
-0.001343
-0.001709
-0.003174
-0.001343
-0.002930
-0.002930
-0.002075
-0.001099
-0.003052
-0.001709
-0.001221
-0.002686
-0.002686
-0.001709
-0.001587
-0.001221
-0.001343
-0.000854
-0.002930
-0.002930
-0.001343
-0.000854
-0.002563
-0.002563
-0.002197
-0.003418
-0.002197
-0.003174
-0.000854
-0.001343
-0.001221
-0.002930
-0.002930
-0.001831
-0.001709
-0.002563
-0.001831
-0.000488
-0.003418
-0.002563
-0.001709
-0.002563
-0.002563
-0.002563
-0.001343
-0.002075
-0.001465
-0.001709
-0.001099
-0.001953
-0.001343
-0.001099
-0.002563
-0.001831
-0.002075
-0.002075
-0.002563
-0.000977
-0.001709
-0.002686
-0.001221
-0.001343
-0.002075
-0.001709
-0.001953
-0.002075
-0.002319
-0.002319
-0.002808
-0.002808
-0.003174
-0.002808
-0.001465
-0.001709
-0.002319
-0.002808
-0.002319
-0.001221
-0.002686
-0.002075
-0.002319
-0.001221
-0.001831
-0.002930
-0.002197
-0.001709
-0.001465
-0.002441
-0.002197
-0.002808
-0.001709
-0.001099
-0.002686
-0.000854
-0.001709
-0.002686
-0.001709
-0.002563
-0.001953
-0.002686
-0.001709
-0.002441
-0.001465
-0.000977
-0.000977
-0.001221
-0.003296
-0.002197
-0.001831
-0.003418
-0.001709
-0.000732
-0.001709
-0.002563
-0.002563
-0.002075
-0.000854
-0.001587
-0.002930
-0.002197
-0.002686
-0.002563
-0.002319
-0.001953
-0.002686
-0.002808
-0.001709
-0.001709
-0.002808
-0.002930
-0.001831
-0.002197
-0.001709
-0.003052
-0.002197
-0.000854
-0.001831
-0.001099
-0.002441
-0.001343
-0.001709
-0.002563
-0.001953
-0.001465
-0.002441
-0.001831
-0.002075
-0.002930
-0.001953
-0.002686
-0.001953
-0.001709
-0.001343
-0.002197
-0.001709
-0.002075
-0.002808
-0.002563
-0.000854
-0.001831
-0.000977
-0.001343
-0.001709
-0.002686
-0.002808
-0.001831
-0.002563
-0.001831
-0.002197
-0.001709
-0.002808
-0.001709
-0.001343
-0.002197
-0.001831
-0.001221
-0.002686
-0.001953
-0.002563
-0.001221
-0.001709
-0.000854
-0.001709
-0.002197
-0.002563
-0.002930
-0.001465
-0.001709
-0.002197
-0.002075
-0.003052
-0.001465
-0.002563
-0.002686
-0.001221
-0.001953
-0.001709
-0.002197
-0.001343
-0.002563
-0.002197
-0.001709
-0.002197
-0.001831
-0.001953
-0.001099
-0.002808
-0.002197
-0.002075
-0.002563
-0.000977
-0.001587
-0.002563
-0.003418
-0.001831
-0.002197
-0.001953
-0.000854
-0.002563
-0.001831
-0.000854
-0.002441
-0.001343
-0.001953
-0.001709
-0.000977
-0.002563
-0.001465
-0.001709
-0.002075
-0.001831
-0.002319
-0.001709
-0.001709
-0.001587
-0.002441
-0.001221
-0.001221
-0.002563
-0.001221
-0.001831
-0.001221
-0.001709
-0.002563
-0.000854
-0.001587
-0.003418
-0.001587
-0.000854
-0.000977
-0.002441
-0.002319
-0.001709
-0.001831
-0.002563
-0.001709
-0.001587
-0.001953
-0.000854
-0.002563
-0.002319
-0.002075
-0.002319
-0.001709
-0.002563
-0.001953
-0.001343
-0.001953
-0.002319
-0.001831
-0.002563
-0.001953
-0.002075
-0.002563
-0.002319
-0.002808
-0.002563
-0.001221
-0.002075
-0.002319
-0.001831
-0.002563
-0.001709
-0.001709
-0.001831
-0.002319
-0.001343
-0.002197
-0.001343
-0.001709
-0.002808
-0.001953
-0.002319
-0.000854
-0.002563
-0.001709
-0.001221
-0.000610
-0.001831
-0.001343
-0.002930
-0.001953
-0.001099
-0.003418
-0.002563
-0.002563
-0.001709
-0.002441
-0.002808
-0.002686
-0.002075
-0.002197
-0.002686
-0.002075
-0.001953
-0.001099
-0.001831
-0.001831
-0.002563
-0.002563
-0.002075
-0.001709
-0.001709
-0.002686
-0.002563
-0.001343
-0.001099
-0.001709
-0.002563
-0.002563
-0.002319
-0.002563
-0.002563
-0.001709
-0.002075
-0.001831
-0.001953
-0.002319
-0.002563
-0.002319
-0.001099
-0.001709
-0.001831
-0.001465
-0.000854
-0.000977
-0.003052
-0.002075
-0.002563
-0.003418
-0.002197
-0.001709
-0.001831
-0.001831
-0.002197
-0.002319
-0.001831
-0.003662
-0.001099
-0.002563
-0.002563
-0.002075
-0.001465
-0.002808
-0.001221
-0.001831
-0.002808
-0.000488
-0.001953
-0.001343
-0.002563
-0.001831
-0.001709
-0.003418
-0.001831
-0.001343
-0.002075
-0.002930
-0.002197
-0.002319
-0.002197
-0.001709
-0.001709
-0.001465
-0.001953
-0.002319
-0.002563
-0.001831
-0.001465
-0.001831
-0.002563
-0.002808
-0.002075
-0.002563
-0.002563
-0.001709
-0.001221
-0.002197
-0.002686
-0.003174
-0.002197
-0.002808
-0.000854
-0.001709
-0.002808
-0.001343
-0.001709
-0.001221
-0.003052
-0.001221
-0.000366
-0.002197
-0.002319
-0.001343
-0.001221
-0.002686
-0.002563
-0.001343
-0.002197
-0.002686
-0.001221
-0.001099
-0.002563
-0.002075
-0.000854
-0.002197
-0.002686
-0.001343
-0.001709
-0.001465
-0.002563
-0.002319
-0.001953
-0.002197
-0.001221
-0.001953
-0.002075
-0.001953
-0.001709
-0.002197
-0.001831
-0.000977
-0.002563
-0.001465
-0.000610
-0.002563
-0.001831
-0.002563
-0.001831
-0.002197
-0.001221
-0.000977
-0.001343
-0.002441
-0.002319
-0.002075
-0.002808
-0.002197
-0.002319
-0.002686
-0.002808
-0.001709
-0.001709
-0.002563
-0.002075
-0.001099
-0.003052
-0.002197
-0.002197
-0.001953
-0.002808
-0.002930
-0.001953
-0.002686
-0.001709
-0.002686
-0.001221
-0.002441
-0.001953
-0.001953
-0.002930
-0.002197
-0.001221
-0.001953
-0.003174
-0.002075
-0.001831
-0.001953
-0.002930
-0.001953
-0.002075
-0.002197
-0.002197
-0.002808
-0.002563
-0.002686
-0.002319
-0.001709
-0.001953
-0.001709
-0.001343
-0.002686
-0.001343
-0.001831
-0.002563
-0.002563
-0.002319
-0.001221
-0.001343
-0.001709
-0.001953
-0.002075
-0.001709
-0.001831
-0.002197
-0.002686
-0.001953
-0.001709
-0.001953
-0.002686
-0.002563
-0.002563
-0.002197
-0.002319
-0.001465
-0.002075
-0.001709
-0.002075
-0.002563
-0.001709
-0.002075
-0.001343
-0.002563
-0.003052
-0.001831
-0.001343
-0.002563
-0.002319
-0.002319
-0.001709
-0.001221
-0.000854
-0.001709
-0.001953
-0.002075
-0.001831
-0.001221
-0.001709
-0.001709
-0.001953
-0.001709
-0.002075
-0.001099
-0.001587
-0.002930
-0.002075
-0.002075
-0.001221
-0.002686
-0.000854
-0.002075
-0.002808
-0.001343
-0.001221
-0.001831
-0.001953
-0.000366
-0.002441
-0.002808
-0.001831
-0.001709
-0.001831
-0.002075
-0.002563
-0.001343
-0.003296
-0.002197
-0.001831
-0.002930
-0.002197
-0.001953
-0.002319
-0.001953
-0.002563
-0.002686
-0.002197
-0.002319
-0.002075
-0.000732
-0.001831
-0.001343
-0.000854
-0.001709
-0.001343
-0.002197
-0.001221
-0.001709
-0.002686
-0.002075
-0.001831
-0.001709
-0.001221
-0.003296
-0.002319
-0.002563
-0.002563
-0.002075
-0.002197
-0.002319
