g++ cpp_feedback_loop.cpp -Wall -std=c++20  -I/opt/redpitaya/include -L/opt/redpitaya/lib -static -lrp-hw-can -lrp -lrp-hw-calib -lrp-hw-profiles -lrp-gpio -lrp-i2c -lrp-hw -lm -lstdc++ -lpthread -li2c -lsocketcan -o cpp_feedback_loop
0.000000
-0.001343
-0.001587
-0.002075
-0.002197
-0.000732
-0.001831
-0.001587
-0.000488
-0.000854
-0.002075
-0.001953
-0.001343
-0.000610
-0.002075
-0.001709
-0.002563
-0.002197
-0.001709
-0.000732
-0.000610
-0.001465
-0.002197
-0.001953
-0.001099
-0.001953
-0.002075
-0.001953
-0.002197
-0.002319
-0.001709
-0.001953
-0.002075
-0.000244
-0.001099
-0.001709
-0.002930
-0.001343
-0.000977
-0.001953
-0.002075
-0.002563
-0.001465
-0.000854
-0.003418
-0.002563
-0.000732
-0.001465
-0.000610
0.000122
-0.001465
-0.000610
-0.002197
-0.001465
-0.001221
-0.001953
-0.001709
-0.000488
-0.001099
-0.001953
-0.001343
-0.001587
-0.002319
-0.001221
-0.000244
-0.000488
-0.001709
-0.001343
-0.002319
-0.001465
-0.001465
-0.001587
-0.001343
-0.002075
-0.003052
-0.001709
-0.001709
-0.001465
-0.002075
-0.000732
-0.001099
-0.001343
-0.000977
-0.000732
-0.001587
-0.002808
-0.001099
-0.000488
-0.001709
-0.002563
-0.001709
-0.001099
-0.001587
-0.002319
-0.001587
-0.002808
-0.000366
-0.001831
-0.001953
-0.002075
-0.000854
-0.000122
-0.001099
-0.001831
-0.000854
-0.000488
-0.000977
-0.001465
-0.002075
-0.000854
-0.001831
-0.001953
-0.001709
-0.000610
-0.001587
-0.000244
-0.001587
-0.002075
-0.001709
-0.000854
-0.002441
-0.001953
-0.002563
-0.001709
-0.000732
-0.001709
-0.001343
-0.001343
-0.001465
-0.002197
-0.001953
-0.000854
0.000000
-0.000366
-0.001709
-0.001465
-0.001465
-0.001587
-0.001099
-0.001953
-0.001221
-0.002808
-0.002930
-0.001221
-0.001587
-0.001953
-0.002319
-0.002441
-0.001709
-0.001587
-0.001587
-0.001709
-0.001831
-0.001709
-0.002075
-0.001465
-0.003052
-0.001709
-0.001465
-0.001221
-0.000854
-0.001831
-0.000854
-0.001465
-0.000854
-0.001953
-0.001587
-0.001953
-0.000854
-0.002197
-0.001221
-0.000366
-0.002441
-0.001709
-0.001465
-0.001099
-0.000610
-0.001709
-0.001587
-0.000854
-0.001709
-0.000732
-0.002075
-0.001953
-0.001709
-0.002808
-0.001465
-0.000854
-0.001099
-0.001099
-0.003052
-0.000854
-0.000732
-0.001465
-0.001831
-0.001099
-0.001953
-0.001221
-0.000366
-0.001343
-0.003296
-0.002563
-0.001099
-0.000610
-0.000854
-0.001831
-0.000488
-0.002075
-0.002319
-0.000854
-0.002197
-0.002563
-0.001465
-0.002563
-0.001709
-0.002563
-0.001221
-0.001343
-0.002075
-0.001465
-0.002686
-0.001953
-0.002197
-0.001953
-0.001709
-0.000854
-0.001587
-0.002075
-0.001343
-0.002319
-0.001343
-0.002075
-0.001587
-0.001587
-0.001953
-0.002563
-0.001465
-0.000732
-0.002930
-0.000854
-0.001099
-0.001831
-0.000732
-0.001953
-0.002197
-0.002930
-0.000854
-0.001831
-0.001953
-0.000854
-0.000854
-0.002686
-0.001343
-0.000854
-0.001465
-0.002563
-0.001953
-0.002075
-0.000854
-0.001099
-0.001221
-0.000732
-0.001587
-0.001831
-0.001343
-0.002686
-0.000854
-0.000977
-0.001343
-0.001465
-0.001831
-0.001587
-0.001099
-0.001953
-0.000610
-0.002441
-0.003296
-0.002197
-0.001587
-0.000732
-0.001953
-0.001953
-0.002197
-0.002319
-0.002441
-0.001465
-0.001587
-0.000854
-0.001465
-0.001953
-0.001709
-0.000977
-0.001343
-0.000488
-0.001831
-0.001343
-0.001221
-0.001831
-0.001465
-0.001831
-0.001709
-0.000854
-0.000366
-0.000977
-0.001221
-0.001953
-0.001587
-0.002930
-0.001465
-0.000854
-0.001587
-0.002441
-0.001465
-0.001953
-0.001099
-0.000732
-0.001709
-0.001221
-0.001709
-0.001465
-0.001343
-0.001709
-0.001221
-0.000488
-0.001831
-0.002075
-0.002808
-0.000854
-0.001099
-0.001587
-0.000977
-0.000977
-0.001465
-0.000488
-0.001587
-0.001343
-0.001587
-0.001953
-0.000854
-0.001831
-0.000854
-0.000610
-0.001343
-0.000854
-0.000977
-0.001465
-0.001221
-0.001465
-0.001709
-0.001221
-0.001587
-0.002808
-0.002563
-0.001465
-0.001465
-0.000610
-0.001465
-0.002197
-0.001587
-0.001465
-0.001465
-0.001709
-0.001953
-0.000854
-0.001465
-0.001099
-0.000854
-0.002075
-0.001221
-0.001465
-0.001343
-0.002441
-0.000854
-0.002075
-0.001343
-0.001709
-0.002441
-0.002075
-0.001587
-0.001587
-0.001709
0.000000
-0.001343
0.000122
-0.000488
-0.001709
-0.001831
-0.001221
-0.002808
-0.001221
-0.000732
-0.001099
-0.001465
-0.002563
-0.000854
-0.000122
-0.001709
-0.001465
-0.001343
-0.002075
-0.001099
-0.000610
-0.002075
-0.001709
-0.001587
-0.000244
-0.001953
-0.000488
-0.001099
-0.002563
-0.002197
-0.002808
-0.001587
-0.001709
-0.002563
-0.001343
-0.000610
-0.002563
-0.002197
-0.001709
-0.001099
-0.001465
-0.001587
-0.000854
-0.001465
-0.001221
-0.001831
-0.000854
-0.001465
-0.001465
-0.002441
-0.001343
-0.001221
-0.001953
-0.001587
-0.000366
-0.001343
-0.000732
-0.002319
-0.002563
-0.001343
-0.002075
-0.002197
-0.001221
-0.001221
-0.001709
-0.001465
-0.001465
-0.001709
-0.001953
-0.001343
-0.001709
-0.001953
-0.002563
-0.001465
-0.000854
-0.002075
-0.001587
-0.000854
-0.003052
-0.000854
-0.001587
-0.000854
-0.001099
-0.001587
-0.000488
-0.001709
-0.002319
-0.002197
-0.002563
-0.000732
-0.002075
-0.002808
-0.001709
-0.002075
-0.001343
-0.001709
-0.002563
-0.001587
-0.000977
-0.002319
-0.001465
-0.001587
-0.001953
-0.000610
-0.000732
-0.001343
-0.001587
-0.000977
-0.002441
-0.000854
-0.001709
-0.000854
-0.000610
-0.002075
-0.000854
-0.000366
-0.001709
-0.001587
-0.001099
-0.001221
-0.001709
-0.001831
-0.000732
-0.001343
-0.001709
-0.001587
-0.000366
-0.001953
-0.000732
-0.000977
-0.002075
-0.000854
-0.001831
-0.000244
-0.001099
-0.001709
-0.001953
-0.000610
-0.001221
-0.001953
-0.000610
-0.001343
-0.001465
-0.001953
-0.002075
-0.001587
-0.001709
0.000732
-0.002686
-0.001099
-0.001343
-0.001831
-0.001343
-0.002075
-0.001953
-0.000854
-0.001831
-0.001709
-0.001099
-0.002197
-0.000854
-0.001831
-0.003174
-0.002441
-0.001343
-0.001465
-0.001709
-0.001221
-0.001465
-0.002075
-0.002197
-0.001587
-0.001099
-0.001221
-0.000854
-0.001587
-0.001343
-0.002319
-0.001587
-0.002197
-0.001953
-0.002563
-0.002441
-0.000854
-0.001953
-0.002197
-0.002197
-0.001099
-0.000977
-0.001221
-0.001831
-0.002441
-0.002441
-0.001709
-0.001953
-0.001465
-0.000122
-0.000488
-0.001099
-0.001465
-0.002319
-0.001343
-0.000732
-0.001099
-0.001953
-0.001465
-0.001221
-0.001587
-0.000366
-0.002197
-0.002075
-0.001221
-0.000488
-0.001709
-0.001343
-0.001709
-0.001465
-0.000977
-0.001709
-0.002319
-0.001709
-0.000244
-0.002319
-0.000366
0.000000
-0.001953
-0.000854
-0.001099
-0.000610
-0.002197
-0.000244
-0.001343
-0.001343
-0.002197
-0.001465
-0.001221
-0.001953
-0.001465
-0.001709
-0.001343
-0.002808
-0.001343
-0.001099
-0.001953
-0.001709
-0.001099
-0.002319
-0.001709
-0.000244
-0.002197
-0.001709
-0.001343
-0.001953
-0.002075
-0.001465
-0.000854
-0.002563
-0.001709
-0.001587
-0.001953
-0.001587
-0.001587
-0.001831
-0.000854
-0.000610
-0.000854
-0.001465
-0.000977
-0.001099
-0.001221
-0.002197
-0.001587
-0.001465
-0.000854
-0.001953
-0.001953
-0.000732
-0.001587
-0.001587
-0.001709
-0.001465
-0.002075
-0.001709
-0.001465
-0.001465
-0.000977
-0.001099
-0.001587
-0.002075
-0.001587
-0.001099
-0.001587
-0.000977
-0.001465
-0.001221
-0.000854
-0.001465
-0.002075
-0.001587
-0.000854
-0.002075
-0.001709
-0.002563
-0.001587
-0.001099
-0.001587
-0.001953
-0.001099
-0.001221
-0.001099
-0.001953
-0.002075
-0.000488
0.000122
-0.001099
-0.001831
-0.001709
-0.000244
-0.001221
-0.002197
-0.002197
-0.002808
-0.002075
-0.002075
-0.001709
-0.000854
-0.001465
-0.002441
-0.001709
-0.000977
-0.001099
-0.001221
-0.001221
-0.001465
-0.002563
-0.000854
-0.000977
-0.001953
-0.002075
-0.001587
-0.001221
-0.001709
-0.001343
-0.001465
-0.001831
-0.001465
-0.001587
-0.001831
-0.000854
-0.001587
-0.002441
-0.001221
-0.000122
-0.001953
-0.000854
-0.001099
-0.001953
-0.000854
-0.001099
-0.002319
-0.002563
-0.000854
-0.000854
-0.000977
-0.001587
-0.001709
-0.000977
-0.001099
-0.002075
-0.000732
-0.000977
-0.001831
-0.001709
-0.002563
-0.000732
-0.002075
-0.002075
-0.001343
-0.001953
-0.000854
-0.001587
-0.002319
-0.000732
-0.000610
-0.000610
-0.002075
-0.001465
-0.002930
-0.001709
-0.001343
-0.000122
-0.000488
-0.001587
-0.002197
-0.001709
-0.000854
-0.000244
-0.001465
-0.002319
-0.000854
-0.001709
-0.001953
-0.001343
-0.002441
-0.002319
-0.001465
-0.001587
-0.002319
-0.001709
-0.001343
-0.001343
-0.001099
-0.001099
-0.002075
-0.000854
0.000122
-0.001343
-0.000977
-0.001221
-0.001465
-0.000977
-0.001099
-0.002075
-0.002441
-0.001099
-0.001343
-0.001587
-0.000854
-0.002197
-0.001221
-0.001465
-0.001221
-0.000854
-0.001831
-0.001709
-0.000854
-0.001221
-0.002441
-0.000610
-0.001343
-0.002319
-0.001465
-0.002075
-0.002075
-0.001465
-0.002319
-0.001587
-0.002441
-0.002197
-0.001587
-0.000244
-0.001831
-0.002197
-0.002563
-0.001709
-0.001343
-0.002563
-0.001587
-0.001831
-0.002197
-0.002075
-0.002075
-0.002075
-0.001709
-0.000732
-0.002686
-0.002075
-0.000854
-0.001953
-0.001099
-0.002686
-0.000854
-0.001343
-0.001099
-0.000488
-0.001343
-0.000122
-0.001221
-0.001343
-0.001343
-0.001465
-0.002319
-0.002075
-0.001709
-0.000732
-0.002075
-0.002930
-0.001709
-0.001953
-0.002319
-0.001587
-0.001099
-0.001099
-0.002197
-0.001099
-0.000488
-0.001953
-0.001587
-0.001709
-0.000610
-0.000854
-0.002197
-0.002197
-0.000854
-0.001587
-0.000854
-0.001831
-0.002441
-0.000854
-0.001831
-0.001343
-0.000854
-0.002197
-0.001709
-0.001099
-0.001343
-0.001465
-0.000610
-0.001831
-0.001709
-0.001343
-0.002441
-0.000610
-0.001343
-0.002075
-0.002563
-0.000854
-0.002441
-0.001465
-0.001099
-0.001953
-0.002441
-0.002319
-0.002075
-0.001709
-0.001953
-0.000854
-0.001831
-0.001099
-0.001953
-0.001343
-0.000244
-0.000854
-0.000854
-0.002441
-0.001709
-0.001343
-0.001465
-0.002075
-0.001221
-0.001343
-0.001953
-0.001709
-0.002075
-0.001343
-0.002441
-0.000610
-0.001953
-0.001953
-0.000854
-0.000732
-0.001831
-0.001953
-0.001587
-0.001221
-0.001831
-0.001099
-0.001099
-0.001709
-0.000732
-0.001343
-0.001221
-0.001465
-0.001343
-0.000854
-0.001099
-0.000122
-0.001221
-0.001709
-0.001221
-0.001831
-0.002075
-0.001343
-0.001587
-0.001709
-0.001465
-0.001343
-0.001343
-0.001709
-0.000977
-0.000977
-0.000854
-0.001709
-0.001831
-0.000732
-0.002563
-0.001587
-0.003052
-0.001709
-0.002808
-0.002197
-0.001709
-0.000610
0.000366
-0.002197
-0.002563
-0.001099
-0.001709
-0.001465
-0.001953
-0.001587
-0.001587
-0.000488
-0.000610
-0.001465
-0.000244
-0.001221
-0.001831
-0.002075
-0.002808
-0.000854
-0.001221
-0.001587
-0.000977
-0.001587
-0.001831
-0.001709
-0.001343
-0.001831
-0.000366
-0.000977
-0.001953
-0.001221
-0.001709
-0.000732
-0.001465
-0.001587
-0.000854
-0.000977
-0.001831
-0.001099
-0.001831
-0.002563
-0.001221
-0.001953
-0.001099
-0.001831
-0.001343
-0.001221
-0.000122
-0.000488
-0.001831
-0.002319
-0.000732
-0.002197
-0.001587
-0.000977
-0.001221
-0.001831
-0.001099
-0.000732
-0.001831
-0.002075
-0.002319
-0.001465
-0.001831
-0.001343
-0.000977
-0.002075
-0.002808
-0.001099
-0.001587
-0.001953
-0.001221
-0.002808
-0.001709
-0.001099
-0.001953
-0.001709
-0.001465
-0.001099
-0.001343
-0.001343
-0.001709
-0.001099
-0.000977
-0.002319
-0.002197
-0.001587
-0.001465
-0.002075
-0.002075
-0.002563
-0.000732
-0.001587
-0.000977
-0.001099
-0.001221
-0.000610
-0.002075
-0.001709
-0.002075
-0.001465
-0.001343
-0.001709
-0.001099
-0.001587
-0.000610
-0.001221
-0.000854
-0.001831
-0.001343
-0.000732
-0.000854
-0.001831
-0.002197
-0.001465
-0.001343
-0.001343
-0.001221
-0.001465
-0.000732
-0.000977
-0.001587
-0.000366
-0.002075
-0.002441
-0.001465
-0.001221
-0.001953
-0.001465
-0.000610
-0.001099
-0.001831
-0.001099
-0.000854
-0.001709
-0.001709
-0.001709
-0.002075
-0.000610
-0.001343
-0.001831
-0.000732
-0.001953
-0.001953
-0.001343
-0.001343
-0.001465
-0.001831
-0.002563
-0.001709
-0.001709
-0.002075
-0.002319
-0.001953
-0.002075
-0.001709
-0.000732
-0.000977
-0.001587
-0.002563
-0.001221
-0.001465
-0.000732
-0.001221
-0.002563
-0.000732
-0.001343
-0.001587
-0.000977
-0.001221
-0.001831
-0.001343
-0.000854
-0.001343
-0.002319
-0.001221
-0.001587
-0.001465
-0.001953
-0.002075
-0.001709
-0.000488
-0.001343
-0.001465
-0.001587
-0.000244
-0.001465
-0.002197
-0.001709
-0.001587
-0.001587
-0.000366
-0.000732
-0.002319
-0.002075
-0.000854
-0.003174
-0.002319
-0.001343
-0.001465
-0.000977
-0.001099
-0.001831
-0.001465
-0.000977
-0.001465
-0.000732
-0.001221
-0.000488
-0.001343
-0.001343
-0.001831
-0.001709
-0.002197
-0.001221
-0.001099
-0.001343
-0.001953
-0.002075
-0.000610
-0.001343
-0.001465
-0.000854
-0.000488
-0.001221
-0.000732
-0.001831
-0.001709
-0.001221
-0.002319
-0.001709
-0.001709
-0.000977
-0.000854
-0.002319
-0.001953
-0.001099
-0.001953
-0.001953
-0.002441
-0.001709
-0.001953
-0.001587
-0.002197
-0.001465
-0.000977
-0.001221
-0.001587
-0.000732
-0.000977
-0.002808
-0.000854
-0.002441
-0.000854
-0.002075
-0.002197
-0.001709
-0.002075
-0.000854
-0.001465
-0.001587
-0.002197
-0.001343
-0.001831
-0.001953
-0.001465
-0.001831
-0.000732
-0.001221
-0.001709
-0.000732
-0.001587
-0.000977
-0.001587
-0.002319
-0.002319
-0.000854
-0.001831
-0.002197
-0.000854
-0.001953
-0.001099
-0.001099
-0.001709
-0.001831
-0.000854
-0.001831
-0.001709
-0.001465
-0.000854
-0.001343
-0.001343
-0.001953
-0.001465
-0.002686
-0.001709
-0.001709
-0.000732
-0.001587
-0.002686
-0.001343
-0.001343
-0.001953
-0.002075
-0.000610
-0.001343
-0.001343
-0.001465
-0.001709
-0.001709
-0.002686
-0.001953
-0.000854
-0.001099
-0.001587
-0.001587
-0.002075
-0.001465
-0.001343
-0.001343
-0.001343
-0.000977
-0.001099
-0.001465
-0.001221
-0.001343
-0.000610
-0.001465
-0.001953
-0.001953
-0.001587
-0.000244
-0.000854
-0.001709
0.000366
-0.001831
-0.002197
-0.000854
-0.001343
-0.001709
-0.000977
-0.002075
-0.002563
-0.001709
-0.002197
-0.001587
-0.001221
-0.001953
-0.001343
-0.001587
-0.002563
-0.000732
-0.001099
-0.001343
-0.001099
-0.000977
-0.001709
-0.001831
-0.000488
-0.001709
-0.001099
-0.001343
-0.001221
-0.001953
-0.002075
-0.001709
-0.001709
-0.000610
-0.000488
-0.001953
-0.001221
-0.000610
-0.001831
-0.001953
-0.001099
-0.000610
-0.001587
-0.001221
-0.000732
-0.001221
-0.001709
-0.000977
-0.001953
-0.001709
-0.000610
-0.001343
-0.001587
-0.001709
-0.001465
-0.002563
-0.001343
-0.001343
-0.001343
-0.000854
-0.002075
-0.001221
-0.001709
-0.001221
-0.001953
-0.000366
-0.001465
-0.001343
-0.000366
-0.001465
-0.001587
-0.001465
-0.001587
-0.001587
-0.002197
-0.002075
-0.002563
-0.000244
-0.001099
-0.000977
-0.001587
-0.002075
-0.000488
-0.002075
-0.001709
-0.001465
-0.002319
-0.001465
-0.000732
-0.000854
-0.002075
-0.001953
-0.000488
-0.002319
-0.001953
-0.002563
-0.001343
-0.001587
-0.000366
-0.001587
-0.002075
-0.001465
-0.002441
-0.001465
-0.002686
-0.001465
-0.001099
-0.001343
-0.001587
-0.000977
0.000122
-0.001831
-0.001953
-0.001709
-0.003296
-0.001099
-0.000732
-0.002686
-0.002197
-0.001709
-0.001465
-0.001343
-0.002075
-0.002075
-0.000854
-0.001465
-0.002075
-0.001465
-0.002441
-0.000854
-0.001465
-0.001709
-0.001099
-0.001343
0.000122
-0.000732
-0.001709
-0.001465
-0.001587
-0.001587
-0.001709
-0.000854
-0.001343
-0.001465
-0.001099
-0.001709
-0.001465
-0.000488
-0.001465
-0.000244
-0.000610
-0.000854
-0.001221
-0.000977
-0.001343
-0.001221
-0.001831
-0.002808
-0.000732
-0.001221
-0.000977
-0.001343
-0.001953
-0.001709
-0.001099
-0.001953
-0.001587
-0.001465
-0.002197
-0.000854
-0.001465
-0.000854
-0.001587
-0.001099
-0.001465
-0.001343
-0.000977
-0.002197
-0.001709
-0.001099
-0.001831
-0.001465
-0.001343
-0.001221
-0.001831
-0.001343
-0.001709
-0.000610
-0.000366
-0.002686
-0.002563
-0.000854
-0.001099
-0.001587
-0.000977
-0.001953
-0.001221
-0.001465
-0.000732
-0.001221
-0.000977
-0.001831
-0.001587
-0.001953
-0.001709
-0.000732
-0.001099
-0.001465
-0.001343
-0.001465
-0.001099
-0.002075
-0.002075
-0.001221
-0.001587
-0.001465
-0.001343
-0.001831
-0.000244
-0.001953
-0.001709
-0.000732
-0.001953
-0.002075
-0.001953
-0.001343
-0.001465
-0.001709
-0.002197
-0.001221
-0.001099
-0.001099
-0.001465
-0.001099
-0.001709
-0.001587
-0.001587
-0.001221
-0.000854
-0.000854
-0.001587
-0.001343
-0.000977
-0.002075
-0.001099
-0.001831
-0.001465
-0.000732
-0.002197
-0.002075
-0.002563
-0.001465
-0.002319
-0.001587
-0.002197
-0.001465
-0.001465
-0.001831
-0.001587
-0.002075
-0.001709
-0.001831
-0.000854
0.000000
-0.002197
-0.002319
-0.002197
-0.001221
-0.001587
-0.002930
-0.001465
-0.001831
-0.001221
-0.001831
-0.002563
-0.001587
-0.001221
-0.000610
-0.001709
-0.001587
-0.001587
-0.001465
-0.001343
-0.001343
-0.002563
-0.000732
-0.001587
-0.001953
-0.001709
-0.001343
-0.001221
-0.001831
-0.001709
-0.000854
-0.001709
-0.002319
-0.003052
-0.001709
-0.001587
-0.001831
-0.001465
-0.000977
-0.001831
-0.001953
0.000122
-0.001343
-0.002075
-0.000854
-0.001709
-0.000488
-0.001709
-0.001465
-0.001709
-0.001709
-0.001831
-0.000854
-0.001221
-0.001099
-0.001587
-0.001343
-0.001099
-0.001587
-0.001099
-0.002197
-0.001953
-0.001221
-0.002441
-0.001709
-0.000244
-0.000977
-0.001709
-0.002441
-0.002441
-0.001099
-0.001465
-0.001099
-0.001831
-0.002563
-0.002197
-0.001587
-0.000732
-0.001587
-0.001221
-0.000854
-0.001587
-0.002319
-0.001709
-0.000732
-0.001343
-0.000977
-0.001099
-0.001221
-0.002075
-0.001221
-0.000244
-0.002563
-0.000732
-0.001953
-0.002441
-0.002319
-0.000854
-0.002686
-0.001587
-0.001343
-0.001587
-0.001709
-0.001343
-0.000122
-0.002686
-0.002197
-0.000732
0.000244
-0.001709
-0.001709
-0.000732
-0.002319
-0.001099
-0.002075
-0.001343
-0.000977
-0.002075
-0.002197
-0.001709
-0.001953
-0.002075
-0.001465
-0.002686
-0.001709
-0.001343
-0.001343
-0.001099
-0.002319
-0.001465
-0.001953
-0.002197
-0.002075
-0.001343
-0.001587
-0.000977
-0.001099
-0.001465
-0.002319
-0.002075
-0.000732
-0.001221
-0.001587
0.000000
-0.001465
-0.001465
-0.002075
-0.001587
-0.000488
-0.001099
-0.001343
-0.002197
-0.001221
-0.001709
-0.001343
-0.001099
-0.000854
-0.001587
-0.001587
-0.000977
-0.001831
-0.002441
-0.000122
-0.002197
-0.001709
-0.000854
-0.001221
-0.001831
-0.001709
-0.002441
-0.001709
-0.001831
-0.001099
-0.002319
-0.002197
-0.001221
-0.002319
-0.000854
-0.001587
-0.001831
-0.001709
-0.002197
-0.001343
-0.000488
-0.000977
-0.001221
-0.001831
-0.000610
-0.000732
-0.001953
-0.000854
-0.001587
-0.002075
-0.001953
-0.002563
-0.001709
-0.000977
-0.000854
-0.001587
-0.000854
-0.001709
-0.002563
-0.000854
-0.001587
-0.001587
-0.002075
-0.002197
-0.001221
-0.001831
-0.001343
-0.001465
0.000244
-0.001343
-0.001587
-0.000244
-0.002319
-0.002441
-0.001099
-0.001099
-0.001709
-0.001709
-0.000488
-0.001587
-0.002686
-0.001099
-0.002075
-0.001709
-0.002197
-0.001099
-0.002197
-0.001343
-0.001587
-0.001953
-0.000732
-0.002441
-0.001221
-0.001465
-0.001343
-0.001465
-0.000732
-0.001587
-0.000488
-0.001709
-0.000977
-0.001465
-0.002563
-0.002075
-0.001343
-0.001587
-0.000977
-0.000732
-0.001343
0.000244
-0.002319
-0.000854
-0.001099
-0.000977
-0.000977
-0.002808
-0.001587
-0.001587
-0.001343
-0.001099
-0.000488
-0.002075
-0.001709
-0.001465
-0.001465
-0.001587
-0.001221
-0.001587
-0.001221
-0.002197
-0.001953
-0.001953
-0.002075
-0.000854
-0.001343
-0.000122
-0.001465
-0.002319
-0.000854
-0.002075
-0.001709
-0.001709
-0.000854
-0.002686
-0.001587
-0.000854
-0.001221
-0.000488
-0.001587
-0.001099
-0.001953
-0.000854
-0.001221
-0.001221
-0.000488
-0.002197
-0.002319
-0.000854
-0.001465
-0.001587
-0.001465
-0.001465
-0.001953
-0.000732
-0.001221
-0.001709
-0.001465
-0.000854
-0.001953
-0.001709
-0.000732
-0.002808
-0.001465
-0.001587
-0.001709
-0.001831
-0.001709
-0.000854
-0.001587
-0.000732
0.000122
-0.001099
-0.001465
-0.001343
-0.001709
-0.001831
-0.002075
-0.001465
-0.001831
-0.001221
-0.002075
-0.001587
-0.001953
-0.000122
-0.001953
-0.001465
-0.001831
-0.000610
-0.000977
-0.000732
-0.001587
-0.000977
-0.001343
-0.001587
-0.000977
-0.002075
-0.001465
-0.001831
-0.001221
-0.001587
-0.001587
-0.002441
-0.001587
-0.001343
-0.001221
-0.001831
-0.001709
-0.002563
-0.002075
-0.000610
-0.001221
-0.001587
-0.001953
-0.001221
-0.000488
-0.001831
-0.002075
-0.002441
-0.001953
-0.001587
-0.001465
-0.001099
-0.001953
-0.000366
-0.001709
-0.002319
-0.001709
-0.002319
-0.001709
-0.001221
-0.000610
-0.000977
-0.001221
-0.000488
-0.001343
-0.001343
-0.001709
-0.001709
-0.001099
-0.000610
-0.002441
-0.001343
-0.001831
-0.002197
-0.001709
-0.001221
-0.001221
-0.000854
-0.001709
-0.001465
-0.001343
-0.001099
-0.000610
-0.001343
-0.001831
-0.001953
-0.001465
-0.001221
-0.001343
-0.001587
-0.000488
-0.001587
-0.000977
-0.001831
-0.000854
-0.001099
-0.001221
-0.000610
-0.001465
-0.001587
-0.001099
-0.000732
-0.002563
-0.001709
-0.001343
-0.000977
-0.001221
-0.001343
-0.002686
-0.001465
-0.002075
-0.002808
-0.002319
-0.001465
-0.001709
-0.000732
-0.001709
-0.000122
-0.001709
-0.001343
-0.001831
-0.001221
-0.000122
-0.001953
-0.000610
-0.001221
-0.001099
-0.001099
-0.001465
-0.001587
-0.002441
-0.002197
-0.001587
-0.000977
-0.001709
-0.000610
-0.002319
-0.001221
-0.001343
-0.000732
0.000122
-0.001099
-0.000854
-0.000732
-0.001343
-0.001709
-0.000977
-0.001221
-0.002197
-0.001587
-0.001343
-0.001831
-0.000854
-0.001587
-0.002197
-0.001099
-0.001221
-0.001465
-0.001587
-0.002563
-0.001953
-0.001343
-0.002197
-0.001099
-0.000488
-0.001831
-0.001221
-0.000977
-0.001831
-0.001465
-0.001465
-0.002197
-0.001953
-0.000732
-0.000488
-0.002075
-0.002197
-0.001465
-0.001831
-0.002441
-0.002075
-0.001099
-0.001953
-0.001709
-0.000732
-0.002319
-0.001709
-0.001953
-0.002808
-0.001099
-0.001343
-0.002441
-0.001953
-0.002075
-0.001221
-0.003662
-0.001343
-0.001587
-0.003418
-0.000854
0.000244
-0.001709
-0.001221
-0.001831
-0.001587
-0.001465
-0.001709
-0.001343
-0.001221
-0.001709
-0.000732
-0.002075
-0.001343
-0.001343
-0.001953
-0.001343
-0.001221
-0.001587
-0.002075
-0.000732
-0.003052
-0.001343
-0.001831
-0.000854
-0.001343
-0.001831
0.000244
-0.001587
-0.002808
-0.000366
-0.002563
-0.002075
-0.000244
-0.002441
-0.000610
-0.001343
-0.002075
-0.001587
-0.001587
-0.000488
-0.000244
-0.000122
-0.002319
-0.000854
-0.000610
-0.003052
-0.001709
-0.002197
-0.002441
-0.000488
-0.001465
-0.001587
-0.000977
-0.001099
-0.001465
-0.000732
-0.002075
-0.001953
-0.001343
-0.001831
-0.001343
-0.000488
-0.001587
-0.001831
-0.001343
-0.000854
-0.002075
-0.001587
-0.001099
-0.001709
-0.000488
-0.001465
-0.002686
-0.001465
-0.002319
-0.002319
-0.001465
-0.000610
-0.001587
-0.000610
-0.000977
-0.001343
-0.001587
-0.000732
-0.000854
-0.000854
-0.001831
-0.001709
-0.001099
-0.002197
-0.001709
-0.001953
-0.001343
-0.000366
-0.000977
-0.001221
-0.000610
-0.001465
-0.001709
-0.002075
-0.001465
-0.000977
-0.001953
-0.000610
-0.001465
-0.001709
-0.001953
-0.002197
-0.001709
-0.001953
-0.001587
-0.000732
-0.000977
-0.001221
-0.001465
-0.001587
-0.001221
-0.001343
-0.001465
-0.001099
-0.001831
-0.002197
-0.001587
-0.001221
-0.001099
-0.002441
-0.001709
-0.001953
-0.001465
-0.002075
-0.001343
-0.000977
-0.002563
-0.002197
-0.001343
-0.000854
-0.001343
-0.000610
-0.002075
-0.002075
-0.001953
-0.001709
-0.002197
-0.000854
-0.001587
-0.001221
-0.001465
-0.002197
-0.001709
-0.001953
-0.001709
-0.002808
-0.001465
-0.001465
-0.001221
-0.000977
-0.000854
-0.001953
-0.001587
-0.002563
-0.001709
-0.001587
-0.001099
0.000122
-0.001709
-0.001221
-0.001587
-0.001465
-0.000854
-0.001099
-0.001953
-0.000366
-0.001709
-0.001221
-0.000244
-0.001953
-0.000854
-0.000610
-0.001465
-0.001587
-0.001831
-0.001953
-0.000854
-0.001831
-0.001099
-0.001587
-0.000244
-0.001709
-0.001221
-0.002319
-0.003296
-0.000854
-0.000732
-0.002319
-0.001221
-0.001221
-0.001709
-0.001953
-0.001587
-0.002441
-0.002441
-0.001587
-0.001831
-0.002197
-0.001343
-0.002441
-0.001343
-0.002075
-0.002930
-0.001709
-0.002319
-0.001343
-0.001709
-0.001709
-0.002075
-0.001343
-0.002075
-0.001709
-0.001099
0.000366
-0.001831
-0.002075
-0.001709
-0.002686
-0.001343
-0.001587
-0.001587
-0.002197
-0.001221
-0.001587
-0.000366
0.000122
-0.001831
-0.002563
-0.000854
-0.001587
-0.000366
-0.001709
-0.000977
-0.001343
-0.000977
-0.000488
-0.002563
-0.002075
-0.001709
-0.001465
-0.001587
-0.002075
-0.000122
-0.001709
-0.001465
-0.001343
-0.000732
-0.001099
-0.000122
-0.000977
-0.001221
-0.002197
-0.001343
-0.002319
-0.002563
-0.000732
-0.002319
-0.001709
-0.003174
-0.002075
-0.001099
-0.001221
-0.002075
-0.001709
-0.000854
-0.002930
-0.001099
-0.001221
-0.001709
-0.000366
-0.001831
-0.000610
-0.001709
-0.001099
-0.000732
-0.002319
-0.001587
-0.001465
-0.001587
-0.001465
-0.001953
-0.002319
-0.002075
0.000122
-0.000854
-0.001953
-0.001343
-0.000977
-0.001465
-0.001221
-0.001587
-0.002686
-0.002319
-0.002075
-0.001099
-0.000977
-0.001465
-0.000977
-0.000977
-0.002075
-0.002563
-0.002930
-0.001343
-0.001099
-0.001343
-0.001343
-0.001831
-0.002075
-0.001221
-0.000977
-0.001465
-0.001099
-0.001953
-0.002197
-0.001953
-0.002075
-0.001465
-0.001221
-0.002319
-0.001343
-0.001221
-0.000366
-0.001831
-0.002319
-0.000854
-0.001953
-0.001587
-0.001587
-0.002319
-0.002808
-0.001099
-0.001099
-0.001709
-0.001953
-0.002197
-0.002197
-0.001099
-0.000610
-0.001343
-0.001465
-0.001221
-0.002075
-0.001465
-0.001465
-0.003052
-0.001099
-0.002075
-0.001221
-0.001709
-0.002319
-0.001953
-0.001587
-0.002197
-0.001221
-0.001221
-0.001099
-0.000488
-0.001465
-0.002808
-0.001465
-0.001831
-0.001099
-0.002319
-0.001587
-0.001465
-0.002686
-0.001465
-0.001587
-0.001953
-0.003174
-0.003052
-0.001953
-0.001587
-0.001343
-0.002319
-0.001099
-0.001587
-0.001953
-0.001953
-0.002563
-0.002075
-0.001221
-0.001221
-0.002319
-0.001587
-0.001953
-0.001343
-0.001709
-0.002563
-0.001709
-0.002808
-0.002075
-0.000610
-0.001099
-0.000488
-0.002075
-0.000122
-0.001465
-0.003296
-0.000854
-0.002075
-0.001709
-0.000610
-0.001831
-0.001221
-0.001587
-0.000732
-0.000122
-0.001953
-0.001587
-0.001587
-0.001343
-0.001221
-0.001099
-0.002441
-0.001709
-0.000488
-0.002563
-0.001343
-0.002075
-0.002197
-0.001343
-0.002441
-0.002075
-0.002441
-0.001953
-0.001221
-0.001587
-0.000732
-0.000488
-0.001709
-0.001831
-0.001953
-0.001953
-0.000366
-0.001953
-0.001709
-0.000732
-0.001709
-0.001099
-0.000977
-0.000610
-0.001709
-0.001465
-0.001831
-0.001587
-0.001465
-0.001709
-0.001221
-0.001343
-0.001343
-0.002075
-0.000854
-0.002075
-0.001709
-0.000977
-0.003052
-0.001953
-0.001587
-0.002441
-0.001465
-0.001953
-0.002197
-0.001709
-0.001953
-0.001221
-0.001953
-0.002075
-0.000732
-0.001465
-0.001587
-0.001343
-0.000732
0.000488
-0.001343
-0.000366
-0.001343
-0.000854
-0.000366
-0.001465
-0.001099
-0.001343
-0.001587
-0.001831
-0.000854
-0.001221
-0.001099
-0.002441
-0.001709
-0.001465
-0.001465
-0.001465
-0.001709
-0.002197
-0.002930
-0.000854
-0.001953
-0.001465
-0.001587
-0.001953
-0.002319
-0.001465
-0.001343
-0.000854
0.000244
-0.000977
-0.000732
-0.001221
-0.001343
-0.000977
-0.002563
-0.002075
-0.001587
0.000000
-0.001465
-0.001587
-0.000854
-0.001343
-0.001221
-0.001953
-0.001709
-0.001221
-0.000488
-0.001465
-0.003174
-0.002319
-0.001953
-0.001465
-0.001953
-0.000122
-0.000610
-0.002686
-0.002197
-0.001465
-0.001831
-0.001465
-0.001221
-0.000732
-0.001465
-0.002441
-0.002441
-0.000122
-0.002319
-0.001709
-0.001953
-0.002319
-0.000366
-0.001587
-0.002563
-0.000610
-0.001709
-0.001831
-0.000854
-0.001343
-0.001221
-0.001831
-0.000122
-0.000977
-0.001221
-0.001465
-0.001343
-0.000854
-0.001343
-0.000488
-0.000610
-0.000732
-0.002319
-0.001465
-0.002075
-0.003174
-0.000244
-0.001099
-0.001709
-0.000732
-0.000977
-0.001709
-0.001831
-0.001709
-0.001221
-0.002563
-0.001343
-0.001099
-0.001953
-0.001587
-0.001953
-0.001099
-0.000122
-0.001587
-0.001465
-0.001221
-0.000488
-0.001953
-0.000854
-0.001221
-0.002075
-0.001587
-0.001587
-0.001465
-0.002441
-0.001953
-0.001465
-0.000854
-0.001587
-0.000732
-0.000488
-0.001221
-0.002686
-0.002075
-0.001709
-0.001221
-0.002075
-0.002075
-0.001709
-0.002075
-0.001099
-0.002197
-0.001221
-0.002075
-0.002563
-0.001587
-0.001953
-0.001221
-0.001221
-0.001343
-0.002441
-0.002319
-0.000854
-0.001831
-0.000732
-0.001709
-0.001587
-0.000366
-0.003418
-0.001465
-0.000732
-0.001465
-0.000732
-0.000977
-0.001465
-0.000488
-0.001709
-0.001099
-0.002319
-0.001343
-0.000610
-0.002075
-0.001709
-0.001343
-0.000977
-0.001343
-0.001343
-0.001465
-0.001343
-0.001343
-0.000854
-0.002686
-0.001343
-0.002686
-0.001587
-0.001099
-0.001953
-0.002075
-0.001953
-0.002197
-0.000854
-0.001953
-0.000854
-0.001465
-0.001221
-0.002075
-0.001709
-0.001221
-0.001099
-0.000854
-0.001831
-0.000854
-0.001343
-0.001343
-0.001465
-0.002197
-0.000854
-0.001587
-0.001343
-0.001465
-0.001953
-0.001587
-0.002441
-0.001221
-0.001099
-0.002563
-0.002319
-0.001465
-0.001831
-0.001953
-0.001709
-0.001465
-0.001343
-0.001587
-0.001221
-0.000488
-0.001099
-0.002075
-0.000610
-0.002197
-0.000366
-0.001587
-0.001831
-0.001465
-0.001465
-0.000610
-0.001587
-0.001465
-0.001587
-0.000854
-0.002686
-0.001709
-0.001587
-0.001343
-0.000732
-0.001465
-0.001587
-0.001831
-0.001587
-0.001465
-0.001587
-0.001343
-0.001343
-0.001221
-0.001099
-0.001709
-0.001343
-0.001831
-0.001343
-0.002075
-0.001953
-0.001221
-0.001343
-0.001343
-0.000732
-0.001465
-0.000610
-0.000854
-0.002930
-0.001587
-0.001099
-0.002197
-0.001221
-0.003174
-0.001221
-0.001465
-0.001221
-0.000977
-0.001099
-0.000977
-0.001099
-0.001343
-0.000854
-0.001465
-0.000732
-0.001343
-0.001953
-0.001709
-0.001953
-0.000854
-0.001587
-0.001343
-0.001099
-0.001099
-0.001953
-0.001587
-0.001221
-0.001953
-0.001709
-0.001587
-0.001221
-0.001343
-0.001953
-0.000244
-0.001221
-0.002686
-0.002319
-0.001465
-0.000977
-0.000977
-0.001465
-0.000977
-0.000977
-0.000366
-0.001221
-0.001221
-0.001343
-0.002197
-0.001709
-0.001587
-0.002197
-0.000854
-0.000977
-0.002075
-0.001709
-0.001709
-0.002319
-0.002075
-0.002075
-0.002563
-0.001221
-0.002808
-0.001709
-0.000854
-0.000854
-0.000977
-0.001221
-0.001709
-0.001221
-0.001221
-0.002319
-0.001099
-0.001343
-0.003052
-0.000854
-0.001343
0.000000
-0.001221
-0.000977
-0.000977
-0.002197
-0.001709
-0.001465
-0.001831
-0.001343
-0.000244
-0.001465
-0.002319
-0.000244
-0.001099
-0.001221
-0.001465
-0.000854
-0.000977
0.000000
-0.001587
-0.001587
-0.000977
-0.001465
-0.001343
-0.002319
-0.001221
-0.000977
-0.002075
-0.000854
-0.000488
-0.000610
-0.001221
-0.002197
-0.002075
-0.001099
-0.001587
-0.001587
-0.001587
-0.000366
-0.002441
-0.001587
-0.001709
-0.001709
-0.001099
-0.001587
-0.000854
-0.002075
-0.002197
-0.000122
-0.001709
-0.002930
-0.000488
-0.000854
-0.001709
-0.001831
-0.001343
-0.000854
-0.000610
-0.001709
-0.001221
-0.001465
-0.001953
-0.000854
-0.001221
-0.001465
-0.001221
-0.001221
-0.001343
-0.001099
-0.001709
-0.000977
-0.000732
-0.001465
-0.000610
-0.000854
-0.001099
-0.002319
-0.001709
-0.001709
-0.001343
-0.001221
-0.001221
-0.000732
-0.001099
-0.000732
-0.001099
-0.002075
-0.001099
-0.001221
-0.001587
-0.001465
-0.000366
-0.002075
-0.000610
-0.000854
-0.000977
-0.001099
-0.001465
-0.001587
-0.000854
-0.000854
-0.002686
-0.000854
-0.002441
-0.001709
-0.001709
-0.000854
-0.000732
-0.001099
-0.001587
0.000000
-0.001221
-0.001587
-0.001343
-0.000610
-0.001587
-0.002808
-0.001343
-0.001221
-0.002075
-0.002197
-0.000732
-0.001587
-0.002319
-0.001221
-0.002075
-0.001343
-0.000488
-0.001465
-0.000977
-0.002075
-0.001099
-0.001831
-0.003174
-0.000854
-0.001831
-0.001709
-0.002075
-0.001709
-0.001709
-0.000610
-0.001831
-0.002563
-0.001587
-0.001587
-0.000854
-0.001221
-0.001709
-0.001587
-0.001465
-0.000366
-0.002441
-0.001587
-0.001221
-0.001465
-0.001831
-0.001709
-0.001221
-0.001831
-0.002441
-0.001221
-0.002197
-0.000610
-0.000610
-0.001709
-0.000610
-0.001465
-0.000122
-0.001953
-0.001099
-0.000854
-0.003052
-0.000488
-0.001587
-0.000977
-0.000610
-0.001831
-0.001709
-0.001831
-0.001709
-0.001709
-0.001831
-0.002441
-0.001221
-0.000854
-0.001831
-0.000244
-0.002441
-0.001709
-0.001709
-0.001343
-0.000854
0.000000
-0.001587
-0.001587
-0.001709
-0.000122
-0.001709
-0.000732
-0.000854
-0.001221
-0.001709
-0.000732
-0.001587
-0.001465
-0.001099
-0.001221
-0.001709
-0.002197
-0.000854
-0.001587
-0.001343
-0.001465
-0.001709
-0.001343
-0.002808
-0.001587
-0.000854
-0.001709
-0.000610
-0.001465
-0.002197
-0.001221
-0.001343
-0.001221
-0.002441
-0.000366
-0.001343
-0.001099
-0.001221
-0.002197
-0.001465
-0.000366
-0.001221
-0.001587
-0.001343
-0.000244
-0.001343
-0.001953
-0.002075
-0.001953
-0.001465
-0.000610
-0.002686
-0.000854
-0.000977
-0.001587
-0.000610
-0.001709
-0.001831
-0.001953
-0.001587
-0.001587
-0.001343
-0.001953
-0.000854
-0.001343
-0.001099
-0.001343
-0.001465
-0.001343
-0.001587
-0.000854
-0.000854
-0.002441
-0.001709
-0.000732
-0.001221
-0.000610
-0.002197
-0.001221
-0.001953
-0.002075
-0.002808
-0.002563
-0.000854
-0.002075
-0.001709
-0.002563
-0.001343
-0.001831
-0.001709
-0.001587
-0.002197
-0.001465
-0.001953
-0.001465
-0.001343
-0.001831
-0.001709
-0.000732
-0.001099
-0.001587
-0.000977
-0.001465
-0.002197
-0.001709
-0.002563
-0.000854
-0.000732
-0.002563
-0.001587
-0.002686
-0.001099
-0.001221
-0.001953
-0.001587
-0.002930
-0.001953
-0.001343
-0.001831
-0.001221
-0.001709
-0.001343
-0.001953
-0.002197
-0.001343
-0.000854
-0.001587
-0.001953
-0.001099
-0.001465
-0.001343
-0.001343
-0.002075
-0.001465
-0.001099
-0.001587
-0.000854
-0.000977
-0.001099
-0.001465
-0.001709
-0.000854
-0.001099
-0.001099
-0.001099
-0.001099
-0.001099
-0.001709
-0.001709
-0.000854
-0.000732
-0.001099
-0.001221
-0.002441
-0.002075
-0.001953
-0.001953
-0.002563
-0.001099
-0.001831
-0.001709
0.000000
-0.001831
-0.001343
-0.002075
-0.001221
-0.001465
-0.000488
-0.002197
-0.001709
-0.000488
-0.002197
-0.000122
-0.000854
-0.002808
-0.001587
-0.000732
-0.001587
-0.000854
-0.001831
-0.003418
-0.001709
-0.000366
-0.001221
-0.001709
-0.001099
-0.001709
-0.001099
-0.001587
-0.002075
-0.001709
-0.002075
-0.001953
-0.001587
-0.001587
-0.001343
-0.002319
-0.002075
-0.001709
-0.001709
-0.001465
-0.001831
-0.001343
-0.001099
-0.003418
-0.002075
-0.001709
-0.001343
-0.000977
-0.002441
-0.001465
-0.002075
-0.002075
-0.001343
-0.001953
-0.002441
-0.002075
-0.001953
-0.002319
-0.001587
-0.001465
-0.001831
-0.001709
-0.002319
-0.001221
-0.001953
-0.002075
-0.001221
-0.001953
-0.000732
-0.000732
-0.001587
-0.001099
-0.001587
-0.000854
-0.001465
-0.001709
-0.001343
-0.000977
-0.001099
-0.001465
-0.002075
-0.001709
-0.000732
-0.002319
-0.000488
-0.001831
-0.001587
-0.001953
-0.002075
-0.001221
-0.000977
-0.001831
-0.001709
-0.001465
-0.000488
-0.001099
-0.002197
-0.000854
-0.001587
-0.002197
-0.000854
-0.001099
-0.001343
-0.000732
-0.002686
-0.002563
-0.002075
-0.001465
-0.001465
-0.001953
-0.001343
-0.000854
-0.001465
-0.001587
-0.002686
-0.001709
-0.001221
-0.001099
-0.001831
-0.001587
-0.001587
-0.000977
-0.000977
-0.001343
-0.002686
-0.001343
-0.001831
-0.001587
-0.001343
-0.001587
-0.001465
-0.003174
-0.000610
-0.000854
-0.001953
-0.003418
-0.000854
-0.002686
-0.002441
-0.000732
-0.001465
-0.001953
-0.001709
-0.002197
-0.002563
-0.002075
-0.001099
-0.002441
-0.001709
-0.001465
-0.001221
-0.001099
-0.001953
-0.001221
-0.001587
-0.002563
-0.000854
-0.001587
-0.002441
-0.001465
-0.001709
-0.001221
-0.001465
-0.002197
-0.002808
-0.002075
-0.002808
-0.001465
-0.001709
-0.002197
-0.001221
-0.001709
-0.001831
-0.001953
-0.001343
-0.001099
-0.002319
-0.001709
-0.001953
-0.002075
-0.002563
-0.001465
-0.001221
-0.002075
-0.001709
-0.001221
-0.001221
-0.001587
-0.002319
-0.002563
-0.001587
-0.001465
-0.000854
-0.001221
-0.001831
-0.000610
-0.001709
-0.001709
-0.001953
-0.000854
-0.001953
-0.000854
-0.000610
-0.002075
-0.001709
-0.002563
-0.001465
-0.001099
-0.001709
-0.001099
-0.001465
-0.001465
-0.001465
-0.002075
-0.001221
-0.000854
-0.001221
-0.001099
-0.001465
-0.001953
-0.002563
-0.001709
-0.002563
-0.001587
-0.000732
-0.001587
-0.001831
-0.002197
-0.002930
-0.002563
-0.000854
-0.001221
-0.000610
-0.001831
-0.002075
-0.001343
-0.001953
-0.000854
-0.001587
-0.002319
-0.001221
-0.001465
-0.002075
-0.001221
-0.002441
-0.001343
-0.001953
-0.002563
-0.001099
-0.000732
-0.003296
-0.001587
-0.002441
-0.001709
-0.001221
-0.001831
-0.002075
-0.001709
-0.001953
-0.002441
-0.001953
-0.001709
-0.001465
-0.001465
-0.001953
-0.002075
-0.002563
-0.001587
-0.001221
-0.002075
-0.002319
-0.001709
-0.001221
-0.001099
-0.002075
-0.001099
-0.002197
-0.001709
-0.002441
-0.002563
-0.002319
-0.000610
-0.001099
-0.001953
-0.001587
-0.002075
-0.002930
-0.002197
-0.001587
-0.001221
-0.001465
-0.001709
-0.001221
-0.000977
-0.002319
-0.001709
-0.001709
-0.001099
-0.001831
-0.001221
-0.000488
-0.001709
-0.002563
-0.000854
-0.001709
-0.002686
-0.002075
-0.000854
-0.000854
-0.001831
-0.001587
-0.002075
-0.001953
-0.001953
-0.001709
-0.001465
-0.001343
-0.001953
-0.000854
-0.001099
-0.001953
-0.001709
-0.001465
-0.001099
-0.001221
-0.000122
-0.002686
-0.002563
-0.001099
-0.000854
-0.002319
-0.001465
-0.002075
-0.001709
-0.001343
-0.001953
-0.001099
-0.000977
-0.001587
-0.002075
-0.001465
-0.000977
-0.001587
-0.001831
-0.000854
-0.001343
-0.001221
-0.001709
-0.001831
-0.001465
-0.001709
-0.003174
-0.002197
-0.001099
-0.001587
-0.000854
-0.002075
-0.001099
-0.000854
-0.001831
-0.001099
-0.001465
-0.001099
-0.002075
-0.001221
-0.000732
-0.001099
-0.000488
-0.000977
-0.001587
-0.000854
-0.001221
-0.001587
-0.001099
-0.002197
-0.001343
-0.000977
-0.001221
-0.000977
-0.002563
-0.001343
-0.000488
-0.000244
-0.001343
-0.000732
-0.000610
-0.001465
-0.002197
-0.001343
-0.001099
-0.001953
-0.001587
-0.001343
-0.000977
-0.000977
-0.001343
-0.001587
-0.002075
-0.002197
-0.001465
-0.000610
-0.000977
-0.001099
-0.001831
-0.001953
-0.000854
-0.001221
-0.002319
-0.000610
-0.002319
-0.001465
-0.000244
-0.001343
-0.000122
-0.001221
-0.000610
-0.002075
-0.001709
-0.002319
-0.001709
-0.001709
-0.001221
-0.001221
-0.002319
-0.002075
-0.000854
-0.000488
-0.002075
-0.001221
-0.002930
-0.001709
-0.001343
-0.000732
-0.001221
-0.000732
-0.001953
-0.002930
-0.001709
-0.001465
-0.001953
-0.000854
-0.001953
-0.000122
-0.002075
-0.001953
-0.000610
-0.001831
-0.001221
-0.000488
-0.001343
-0.001465
-0.000244
-0.001221
0.000000
-0.001221
-0.002686
-0.001465
-0.000366
-0.001343
-0.000854
-0.000366
-0.001831
-0.000854
-0.001221
-0.000977
-0.001465
-0.001465
-0.000854
-0.001343
-0.000610
-0.002075
-0.000854
-0.001221
-0.002319
-0.000732
-0.001709
-0.001099
-0.001831
-0.001709
-0.001343
-0.002197
-0.002075
-0.001953
-0.002197
-0.001221
-0.000488
-0.001831
-0.002441
-0.002441
-0.001587
-0.001343
-0.001343
-0.001587
-0.001831
-0.000854
-0.001465
-0.002441
-0.002075
-0.001343
-0.000244
-0.001465
-0.001465
-0.001587
-0.001587
-0.001831
-0.000854
-0.002075
-0.001221
-0.001343
-0.001587
-0.000854
-0.001221
-0.001587
-0.002075
-0.000122
-0.001221
-0.002319
-0.002075
-0.001953
-0.001587
-0.001831
-0.001099
-0.001831
-0.001709
-0.001587
-0.001221
-0.001709
-0.001221
-0.001343
-0.001709
-0.001953
-0.000122
-0.001465
-0.001587
-0.001343
-0.002441
-0.000244
-0.000977
-0.001709
-0.001831
-0.001587
-0.000122
-0.001099
-0.002075
-0.001099
-0.002075
-0.000854
-0.001709
-0.001099
-0.001709
-0.001953
-0.000854
-0.002075
-0.002075
-0.001709
-0.001221
-0.002075
-0.001587
-0.000854
-0.001953
-0.001587
-0.001831
-0.001221
-0.002808
0.000244
-0.001465
-0.000977
-0.001099
-0.002075
-0.001343
-0.001709
-0.001709
-0.001831
-0.001221
-0.001953
-0.000854
-0.001953
-0.001465
-0.001099
-0.000977
-0.001831
-0.002808
-0.000854
-0.000854
-0.002563
-0.001587
-0.001343
-0.001709
-0.001221
-0.002319
-0.001221
-0.001831
-0.001953
-0.000732
-0.001221
-0.001831
-0.001709
-0.002319
-0.001587
-0.001099
-0.001587
-0.001465
-0.002197
-0.002197
-0.001709
-0.002319
-0.001221
-0.001709
-0.000122
-0.002319
-0.000732
-0.001099
-0.001709
-0.000854
-0.001343
-0.002197
-0.001343
-0.001587
-0.001831
-0.001221
-0.001587
-0.001465
-0.002197
-0.001709
-0.001709
-0.002075
-0.002319
-0.000854
-0.002197
-0.002319
-0.002319
-0.002563
-0.001343
-0.001221
-0.001587
-0.001465
-0.002441
-0.002441
-0.001465
-0.002563
-0.002808
-0.001465
-0.001831
-0.001953
-0.001343
-0.001587
-0.000610
-0.001709
-0.000854
-0.000854
-0.002808
-0.000488
-0.001343
-0.002197
-0.001221
-0.000488
-0.001831
-0.002563
-0.001099
-0.002686
-0.001343
-0.001465
-0.000732
-0.003174
-0.001465
-0.001343
-0.001465
-0.000854
-0.002319
-0.000854
-0.002075
-0.000610
-0.001343
-0.002686
-0.001953
-0.001343
-0.000977
-0.002441
-0.000854
-0.002075
-0.000610
-0.001465
-0.001221
-0.001465
-0.001953
-0.000854
-0.001953
-0.001465
0.000000
-0.001953
-0.001465
-0.001343
-0.002686
-0.001587
-0.001587
-0.001831
-0.000854
-0.001221
-0.001099
-0.001099
-0.002197
-0.001709
-0.000610
-0.002197
-0.002563
-0.002197
-0.000122
-0.002686
-0.001587
-0.001709
-0.000366
-0.002075
-0.001465
-0.001953
-0.002075
-0.002075
-0.001343
-0.000977
-0.001343
-0.001709
-0.001099
-0.000732
-0.002197
-0.001221
0.000122
-0.001587
-0.000244
-0.001099
-0.001221
-0.001343
-0.002563
-0.000244
-0.001831
-0.002197
-0.001709
-0.000488
-0.000977
-0.001221
-0.001709
-0.001221
-0.000732
-0.001709
-0.001587
-0.001099
-0.002563
-0.001465
-0.000854
-0.000244
-0.001587
-0.002563
-0.000854
-0.001099
-0.001953
-0.001587
-0.002197
-0.001953
-0.001709
-0.001709
-0.001343
-0.001343
-0.001465
-0.002075
-0.000488
-0.001831
-0.002197
-0.001953
-0.002441
-0.000488
0.000732
-0.001465
-0.002197
-0.001343
-0.001221
-0.001953
-0.001709
-0.001465
-0.002197
-0.001709
-0.000732
-0.001709
-0.000610
-0.001831
-0.001221
-0.001831
-0.000854
-0.001343
-0.001953
-0.001953
-0.001465
-0.001343
-0.002075
-0.001709
-0.000732
-0.001099
-0.001099
-0.001343
-0.000854
-0.000854
-0.000732
-0.001587
-0.000488
-0.001099
-0.000244
-0.000244
-0.001709
-0.002319
-0.000610
-0.001465
-0.001587
-0.001343
-0.002075
-0.002075
-0.002075
-0.000854
-0.001587
-0.000610
-0.001709
-0.002808
-0.000488
-0.001343
-0.001465
-0.001831
-0.001709
-0.001587
-0.000366
-0.001709
-0.001099
-0.000854
-0.000488
-0.000610
-0.001465
-0.001465
-0.001709
-0.001953
-0.001221
-0.001099
-0.001099
-0.000488
-0.001709
-0.001831
-0.000854
-0.001831
-0.001221
-0.002197
-0.000854
-0.000977
-0.001953
-0.001221
-0.001465
-0.001343
-0.001831
-0.001709
-0.000732
-0.000854
-0.001587
-0.001953
-0.001709
-0.001343
-0.000732
-0.001709
-0.001587
-0.001343
-0.001343
-0.000366
-0.001221
-0.001465
-0.000977
-0.001221
-0.001099
-0.001831
-0.000854
-0.001465
-0.001099
-0.001587
-0.002075
-0.001343
-0.000977
-0.001709
-0.001587
-0.000732
-0.002075
-0.001465
-0.001953
-0.000854
-0.000977
-0.001099
-0.001343
-0.001953
-0.001221
-0.000122
-0.002441
-0.001953
-0.001587
-0.001587
-0.001221
-0.001953
-0.000732
-0.000977
-0.000488
-0.001465
-0.002319
-0.001465
-0.002197
-0.002930
-0.000488
-0.001831
-0.002075
-0.001343
-0.001831
-0.002197
-0.000854
-0.000488
-0.001709
-0.001709
-0.001221
-0.002075
-0.003174
-0.000366
-0.001587
-0.002197
-0.001709
-0.001465
-0.002075
-0.001587
-0.002319
-0.002075
-0.002197
-0.001465
-0.001709
-0.002197
-0.000854
-0.000244
-0.001221
-0.001221
-0.001221
-0.002686
-0.000854
-0.001831
-0.001709
-0.002197
-0.002441
-0.001343
-0.000854
-0.001709
-0.001221
-0.000854
-0.002075
-0.001709
-0.001099
-0.002563
-0.000610
-0.001343
-0.002686
-0.001709
-0.000732
-0.001831
-0.001587
-0.002075
-0.001221
-0.001831
0.000000
0.000000
-0.001465
-0.001587
-0.001709
-0.001221
-0.001587
-0.001099
-0.000366
-0.001709
-0.001831
-0.001587
-0.002197
-0.001953
-0.002319
-0.001587
-0.001465
-0.001221
-0.002441
-0.002930
-0.001709
-0.001099
-0.002441
-0.002441
-0.002197
-0.002563
-0.001465
-0.000732
-0.001465
-0.001221
-0.000977
-0.000854
-0.001343
-0.001465
0.000366
-0.001099
-0.001587
-0.001831
-0.001343
-0.002808
-0.001221
-0.000977
-0.000854
-0.001343
-0.002441
-0.000610
-0.002808
-0.001587
-0.000488
-0.002197
-0.001587
-0.001465
-0.001465
-0.001343
-0.001465
-0.001221
-0.001953
-0.002563
-0.000366
-0.001221
-0.001587
-0.002319
-0.002075
-0.000488
-0.001221
-0.000366
-0.001587
-0.002808
-0.000366
-0.000977
-0.002563
-0.002808
-0.000854
-0.000366
-0.001709
-0.000977
-0.001099
-0.002319
-0.001343
-0.001221
-0.002930
-0.001465
-0.000732
-0.001343
-0.001343
-0.001831
-0.000732
-0.002441
-0.000854
-0.000488
-0.002441
-0.000732
-0.001953
-0.002563
-0.001709
-0.001099
-0.001831
-0.001587
-0.002075
-0.002319
-0.002197
-0.000244
-0.001343
-0.000488
-0.002197
-0.001709
-0.000732
-0.002441
-0.001709
-0.002319
-0.002808
-0.002930
-0.001343
-0.001587
-0.001343
-0.000854
-0.001831
-0.002930
-0.001099
-0.001099
-0.001465
-0.000977
-0.001587
-0.001343
-0.001709
-0.002563
-0.000732
-0.000732
-0.003052
-0.000488
-0.001587
-0.002441
-0.001465
-0.001221
-0.002319
-0.001099
-0.000610
-0.001953
-0.002319
-0.001709
-0.001831
-0.002075
-0.002075
-0.001709
-0.001587
-0.002197
-0.002441
-0.000854
-0.000977
-0.002197
-0.001099
-0.001953
-0.001221
-0.001709
-0.001343
-0.001465
-0.001587
-0.001099
-0.002319
-0.001221
-0.002075
-0.002441
-0.001343
-0.002319
-0.001099
-0.002075
-0.001709
-0.001343
-0.001709
-0.000854
-0.001221
-0.002197
-0.001099
-0.002075
-0.002441
-0.002563
-0.001099
-0.002441
-0.001221
-0.001587
-0.001831
-0.001099
-0.001465
-0.002319
-0.001709
-0.001465
-0.001709
-0.001709
-0.002197
-0.000854
-0.001221
-0.001465
-0.001221
-0.001343
-0.001465
-0.000977
-0.001831
-0.002197
-0.000366
-0.001953
-0.001709
-0.000244
-0.002930
-0.001587
-0.001465
-0.001099
-0.001587
-0.001343
0.000366
-0.001953
-0.001953
-0.002075
-0.000854
-0.002686
-0.003052
-0.001343
-0.000977
-0.002808
-0.001221
-0.001465
-0.001465
-0.000244
-0.000854
-0.001953
-0.001709
-0.000854
-0.001831
-0.001953
-0.001709
-0.001099
-0.001343
-0.001343
-0.001709
-0.001587
-0.002441
-0.002563
-0.001587
-0.001953
-0.002441
-0.000854
-0.001831
-0.002075
-0.000732
-0.001465
-0.001709
-0.002075
-0.000854
-0.000488
-0.002075
-0.001465
-0.002197
-0.002441
-0.002075
-0.001587
-0.000977
-0.000488
-0.001587
-0.002075
-0.002319
-0.000854
-0.001953
-0.001587
-0.000854
-0.001465
-0.000854
-0.001587
-0.000244
-0.000732
-0.001953
-0.001465
-0.001709
-0.000488
-0.002319
-0.001709
-0.000610
-0.002319
-0.001465
-0.000244
-0.001831
-0.000732
-0.001221
-0.001953
-0.000854
-0.001343
-0.002197
-0.002808
-0.002441
-0.000854
-0.001099
-0.001709
-0.000977
-0.001099
-0.001709
-0.002197
-0.001343
-0.001099
-0.001831
-0.001953
-0.000366
-0.001099
-0.001465
-0.001099
-0.002197
-0.001587
-0.001221
-0.001465
-0.000732
-0.000732
-0.001587
-0.003174
-0.000854
-0.000854
-0.002075
-0.000732
-0.001709
-0.002563
-0.001953
-0.001343
-0.001587
-0.000610
-0.001343
-0.003174
-0.001709
-0.003174
-0.000854
-0.001831
-0.000854
-0.001099
-0.001587
-0.002075
-0.001221
-0.000977
-0.001587
-0.001587
-0.001587
-0.001221
-0.001953
-0.000854
-0.000244
-0.000244
-0.000732
-0.001587
-0.001831
-0.002075
-0.000854
-0.001709
-0.001587
-0.001953
-0.000854
-0.001343
-0.002075
-0.002563
-0.001587
-0.001831
-0.002563
-0.002441
-0.001343
-0.001953
-0.001099
-0.001099
-0.001953
-0.002563
-0.002808
-0.000854
-0.000488
-0.001465
-0.001099
-0.001099
-0.000854
-0.001465
-0.002319
-0.001587
-0.001343
-0.001831
-0.001709
-0.001953
-0.002563
-0.001099
-0.001221
-0.002319
-0.001587
-0.001343
-0.000610
-0.001221
-0.000610
-0.000854
-0.002197
0.000244
-0.001831
-0.001709
-0.001709
-0.001343
-0.000732
-0.000732
-0.000977
0.000488
-0.001709
-0.000854
-0.001709
-0.001221
-0.000610
-0.001831
-0.001953
-0.002197
-0.001221
-0.001099
-0.000732
-0.000977
-0.001587
-0.000732
-0.002441
-0.001953
-0.001587
-0.001953
-0.001709
-0.001831
-0.001099
-0.000366
-0.000854
-0.002808
-0.002808
-0.001709
-0.000732
-0.001831
-0.001343
-0.001465
-0.001831
-0.001099
-0.000977
-0.001831
-0.002563
-0.000732
-0.001709
-0.001465
-0.001343
-0.000977
-0.001221
-0.000977
-0.001343
-0.001953
-0.000854
-0.001343
-0.001099
-0.000732
-0.001953
-0.001587
-0.000854
-0.002563
-0.001343
-0.001343
-0.002197
-0.001343
-0.000610
-0.002075
-0.001221
-0.002563
-0.001221
-0.000854
-0.001831
-0.001343
-0.001465
-0.000977
-0.001953
-0.002930
-0.001709
-0.001343
-0.001221
-0.000732
-0.001343
-0.000854
-0.001709
-0.001343
-0.000488
-0.001099
-0.001221
-0.000977
-0.001099
-0.000488
-0.001465
-0.000366
-0.001099
-0.000854
-0.000488
-0.001221
-0.001099
-0.001343
-0.001221
-0.001343
-0.000854
-0.001221
-0.001587
-0.001587
-0.000610
-0.002197
-0.000854
-0.001221
-0.002563
-0.001465
-0.001343
-0.001709
-0.001831
-0.001587
-0.001953
-0.000244
-0.001587
-0.002075
-0.001709
-0.001343
-0.000610
-0.002563
-0.002197
-0.001709
-0.002075
-0.001953
-0.001343
-0.002197
-0.001465
-0.001831
-0.000854
-0.001465
-0.001709
-0.001343
-0.000854
-0.002075
-0.001221
-0.001465
-0.001831
-0.001343
-0.001099
-0.000977
-0.001099
-0.001587
-0.001465
-0.001099
-0.000854
-0.001099
-0.001831
-0.001465
-0.002197
-0.002563
-0.001953
-0.000854
-0.002197
-0.001953
-0.001221
-0.002441
-0.002197
-0.001587
-0.000977
-0.001831
-0.001343
-0.002563
-0.001709
-0.000366
-0.001343
-0.002197
-0.000854
-0.002686
-0.002441
-0.000732
-0.000977
-0.000610
-0.000977
-0.002075
-0.002441
-0.001709
-0.001709
-0.001221
-0.002563
-0.001221
-0.002075
-0.002441
-0.000854
-0.001465
-0.000977
-0.001221
-0.002319
-0.003174
-0.002075
-0.000732
-0.000122
-0.002686
-0.001221
-0.001221
-0.001221
-0.001465
-0.002686
-0.000854
-0.002075
-0.001709
-0.001465
-0.001099
-0.000732
-0.001221
-0.001221
-0.002075
-0.001099
-0.001831
-0.003052
-0.001221
-0.002686
-0.001709
-0.000732
-0.001953
-0.001709
-0.000854
-0.001465
-0.001831
-0.002319
-0.001343
-0.000610
-0.000610
-0.001709
-0.001953
-0.000610
-0.002197
-0.000854
-0.000732
-0.000977
-0.001343
-0.000366
-0.001221
-0.001465
-0.001221
-0.001343
-0.000244
-0.001587
-0.000854
-0.000977
-0.000488
-0.001343
-0.001465
-0.000977
-0.001953
-0.001465
-0.001709
-0.000610
-0.000244
-0.001587
-0.000732
-0.000610
-0.000732
-0.001099
-0.001831
-0.001709
-0.000854
-0.001343
-0.002075
-0.001221
-0.001221
-0.001709
-0.002075
-0.001709
-0.001953
-0.001953
-0.001587
-0.000854
-0.000977
-0.002441
-0.001953
-0.001343
-0.001099
-0.002441
-0.001709
-0.001587
-0.000977
-0.000488
-0.001221
-0.002319
-0.000854
-0.001099
-0.002441
-0.000610
-0.002197
-0.001587
-0.000977
-0.001953
-0.002441
-0.001465
-0.001953
-0.001953
-0.002930
-0.001221
-0.000732
-0.001465
-0.001221
-0.002075
-0.002319
-0.001587
-0.002319
-0.000854
-0.002319
-0.002075
-0.002075
-0.002075
-0.001709
-0.000732
-0.002563
-0.001587
-0.002319
-0.000854
-0.001343
-0.000610
-0.001343
-0.001953
-0.001587
-0.002197
-0.001221
-0.000854
-0.001709
0.000000
-0.001099
-0.001343
-0.001953
-0.002441
-0.002563
-0.001953
-0.001587
-0.000488
-0.002441
-0.001709
-0.001465
-0.001221
-0.000122
-0.000122
-0.001343
-0.001343
-0.001099
-0.001953
-0.001465
-0.001953
-0.001587
-0.001953
-0.000488
-0.000610
-0.000366
-0.001221
-0.001587
-0.000488
-0.001465
-0.000977
-0.001709
-0.001587
-0.002441
-0.001099
-0.000854
-0.000732
-0.001221
-0.002441
-0.000610
-0.001709
-0.002319
-0.001709
-0.001587
-0.000610
-0.001831
-0.002075
-0.002197
-0.001709
-0.001465
-0.001587
-0.001099
-0.001465
-0.000366
-0.001099
-0.001831
-0.001587
-0.001831
-0.001709
-0.001709
-0.001709
-0.001099
-0.002563
-0.002075
-0.002563
-0.001709
-0.000610
-0.001099
-0.000977
-0.002075
-0.002441
-0.001465
-0.001465
-0.000122
-0.001221
-0.001587
-0.001953
-0.001587
-0.001709
-0.002319
-0.001465
-0.000854
-0.002319
-0.001953
-0.001343
-0.001831
-0.001587
-0.001465
-0.000488
-0.001343
-0.001343
-0.001831
-0.001099
-0.001831
-0.002563
-0.001221
-0.002197
-0.001221
-0.001221
-0.002319
-0.001587
-0.001709
-0.002075
-0.001221
-0.000977
-0.000366
-0.001587
-0.001099
-0.001465
-0.000122
-0.000244
-0.002075
-0.003906
-0.001709
-0.001099
-0.001099
-0.001099
-0.001953
-0.001099
-0.000488
-0.000488
-0.001831
-0.002075
-0.001587
-0.001221
-0.001221
-0.001831
-0.000854
-0.000977
-0.001465
-0.001343
-0.000732
-0.001709
-0.001587
-0.001099
-0.002319
-0.001587
-0.001221
-0.002197
-0.001709
-0.000488
-0.001709
-0.002319
-0.001709
-0.002563
-0.001709
-0.002319
-0.001221
-0.002930
-0.002563
-0.001343
-0.000977
-0.001709
-0.002197
-0.002563
-0.001587
-0.002686
-0.003052
-0.002075
-0.001465
-0.002563
-0.001343
-0.000732
-0.001343
-0.001709
-0.002197
-0.001953
-0.000854
-0.000977
-0.001587
-0.001587
-0.002441
-0.001587
-0.001221
-0.002197
-0.001587
-0.001953
-0.001465
-0.001587
-0.002197
-0.001343
-0.001465
-0.000366
-0.001099
-0.002197
-0.001709
-0.002441
-0.002197
-0.002563
-0.001587
-0.000610
-0.001343
-0.002197
-0.001953
-0.000854
-0.001343
-0.001221
-0.000610
-0.000854
-0.002686
-0.002075
-0.002808
-0.002808
-0.001709
-0.001587
-0.001465
-0.001831
-0.001343
-0.002075
-0.001953
-0.001465
-0.000854
-0.001709
-0.001587
-0.002319
-0.000610
-0.000977
-0.002197
-0.000854
-0.000854
-0.002319
-0.001709
-0.001343
-0.001953
-0.001953
-0.002197
-0.001587
-0.000977
-0.001587
-0.001831
-0.001221
-0.001343
-0.001099
-0.002075
-0.000610
-0.001831
-0.001343
-0.001953
-0.001343
-0.001343
-0.001465
-0.001465
-0.001709
-0.002197
-0.000854
-0.001953
-0.001343
-0.001221
-0.001465
-0.002075
-0.001709
-0.001221
-0.002075
-0.002563
-0.001709
-0.001953
-0.001343
-0.001221
-0.002319
-0.000854
-0.001465
-0.001221
-0.000732
-0.000854
-0.002197
-0.001221
-0.002686
-0.000610
-0.001099
-0.002441
-0.000732
-0.002075
-0.001709
-0.002197
-0.001953
-0.001709
-0.001953
-0.001221
-0.001831
-0.002197
-0.001709
-0.001831
-0.001587
-0.001831
-0.001221
-0.001343
-0.001221
-0.002319
-0.000854
-0.000854
-0.001221
-0.001099
-0.001587
-0.000854
-0.000732
-0.001343
-0.001099
-0.000366
-0.001953
-0.002441
-0.001709
-0.001221
-0.001953
-0.001343
-0.002319
-0.001465
-0.002319
-0.001709
-0.001343
-0.002563
-0.001343
-0.002197
-0.000610
-0.001221
-0.001465
-0.000488
-0.001587
-0.001343
-0.001343
-0.002075
-0.002563
-0.001709
-0.001221
-0.001099
-0.003052
-0.001587
-0.001343
-0.002686
-0.001587
-0.001465
-0.001831
-0.001709
-0.001587
-0.001221
-0.001709
-0.001343
-0.001465
-0.000977
-0.000244
-0.001831
-0.002441
-0.002075
0.000000
-0.002075
-0.001709
-0.001465
-0.001709
-0.001831
-0.000122
-0.000854
-0.002563
-0.001587
-0.001465
-0.001465
-0.001953
-0.001587
-0.001221
-0.001221
-0.001465
-0.000122
-0.002075
-0.001709
-0.000854
-0.002686
-0.000854
-0.001465
-0.001831
-0.000732
-0.002441
-0.001709
-0.002563
-0.001465
-0.001343
-0.000977
-0.001343
-0.003052
-0.002319
-0.001099
-0.001465
-0.001099
-0.001343
-0.001221
-0.001343
-0.002319
-0.002563
-0.002197
-0.001587
-0.002075
-0.001099
-0.001221
-0.000122
-0.001587
-0.001587
-0.002075
-0.001587
-0.001831
-0.001953
-0.001953
-0.001953
-0.002441
-0.000610
-0.002197
-0.001099
-0.000854
-0.001343
-0.001221
-0.001465
-0.002075
-0.001587
0.000000
-0.000977
-0.001465
-0.001099
-0.000977
-0.001465
-0.001709
-0.001343
-0.000610
-0.001343
-0.001099
-0.000854
-0.002686
-0.000732
-0.001343
-0.000854
-0.002197
-0.000854
-0.002075
-0.000854
-0.001221
-0.001099
-0.001099
-0.002930
-0.002563
-0.001953
-0.001587
-0.000977
-0.001099
-0.001587
-0.002197
-0.001587
-0.001343
-0.002075
-0.001343
-0.001953
-0.001587
-0.001343
-0.002197
-0.001099
-0.001465
-0.001587
-0.001221
-0.001343
-0.000244
-0.002075
-0.001709
-0.000610
-0.001221
-0.001465
-0.001587
-0.002197
-0.001709
-0.000610
-0.001221
-0.002319
0.000366
-0.000488
-0.001831
-0.001465
-0.002319
-0.001709
-0.000488
-0.000244
-0.001099
-0.000977
-0.001221
-0.001709
-0.000366
-0.001831
-0.001709
-0.000122
-0.000977
-0.000488
-0.001099
-0.001465
-0.002075
-0.000854
-0.001221
-0.001709
-0.001099
-0.000977
-0.000977
-0.001831
-0.001709
-0.002563
-0.002197
-0.001099
-0.001587
-0.000977
-0.001465
-0.001587
-0.001465
-0.001831
-0.001953
-0.002197
-0.001099
-0.002197
-0.000366
-0.001099
-0.000977
-0.000488
-0.001099
-0.001587
-0.002197
-0.001221
-0.001221
-0.001099
-0.000977
-0.002075
-0.002197
-0.000122
-0.000610
-0.001953
-0.001099
-0.000854
-0.000977
-0.000977
-0.001221
-0.002075
-0.000610
-0.001953
-0.001709
-0.000244
-0.000732
-0.001709
-0.001343
-0.001709
-0.001831
-0.000854
-0.000732
-0.001953
-0.000854
-0.001343
-0.002441
-0.001709
-0.002930
-0.001221
-0.001953
-0.001221
-0.002441
-0.001099
-0.002075
-0.001587
-0.001953
-0.001343
-0.000854
-0.001953
-0.002075
-0.002319
-0.001221
-0.001953
-0.002075
-0.001221
-0.001953
-0.001099
-0.000610
-0.002075
-0.001587
-0.001343
-0.001709
-0.001221
-0.002563
-0.001953
-0.002808
-0.001465
-0.002197
-0.000854
-0.001465
-0.002075
-0.001099
-0.002075
-0.002563
-0.001465
-0.000488
-0.002075
-0.001465
-0.002319
-0.001587
-0.000488
-0.001099
-0.001465
-0.002197
-0.001221
-0.001465
-0.001099
-0.000977
-0.000488
-0.000732
-0.001221
-0.001831
-0.001953
-0.001709
-0.001953
-0.001709
-0.002075
-0.000244
-0.001953
-0.001099
-0.001709
-0.001465
-0.001221
-0.000610
-0.002808
-0.001709
-0.000366
-0.001953
-0.001587
-0.003052
-0.001709
-0.002075
-0.001953
-0.002319
-0.001099
-0.000488
-0.002075
-0.000854
-0.000977
-0.000732
-0.001831
-0.001221
-0.001343
-0.001099
-0.001099
-0.001831
-0.002075
-0.001099
-0.001465
-0.000610
-0.000732
-0.001831
-0.001465
-0.000244
-0.002075
-0.002075
-0.000854
-0.001221
-0.000977
-0.000854
-0.001587
-0.001465
-0.002197
-0.001465
-0.001709
-0.002686
-0.000488
-0.001221
-0.001221
-0.000977
-0.001465
-0.000366
-0.001465
-0.001709
-0.000977
-0.001709
-0.000854
-0.002686
-0.001953
-0.001343
-0.001831
-0.001099
-0.001587
-0.002441
-0.001709
-0.002197
-0.000610
-0.001953
-0.000732
-0.001221
-0.002075
-0.001465
-0.002075
-0.000366
-0.002319
-0.001709
-0.001709
-0.002319
-0.001587
-0.002197
-0.001953
-0.001343
-0.001709
-0.001221
-0.001587
-0.001709
-0.001099
-0.002441
-0.001587
-0.001587
-0.002930
-0.001343
-0.002197
-0.002319
-0.001709
-0.001709
-0.002441
-0.001099
-0.000854
-0.001343
-0.000244
-0.002686
-0.002563
-0.001587
-0.000366
-0.001709
-0.001953
-0.000854
-0.001709
-0.002197
-0.001709
-0.001831
-0.001709
-0.000732
-0.001221
-0.001831
-0.000610
-0.000977
-0.001587
-0.001587
-0.000732
-0.001099
-0.001221
-0.001221
-0.002563
-0.001099
-0.001831
-0.001709
-0.001221
-0.001709
-0.001831
-0.002075
-0.002075
-0.001587
-0.000977
-0.000854
-0.001953
-0.002075
-0.001099
-0.000854
-0.001953
-0.001709
-0.000854
-0.001587
-0.001465
-0.000488
-0.001099
-0.000977
-0.001221
-0.001465
-0.001831
-0.001465
-0.000854
0.000000
-0.001831
-0.001709
-0.001709
-0.000854
-0.001221
-0.000854
-0.001221
-0.002563
-0.001343
-0.000732
-0.000977
-0.000854
-0.001343
-0.002075
-0.001343
-0.001587
-0.002197
-0.000366
-0.002075
-0.002808
-0.001343
-0.001831
-0.001953
-0.001587
-0.001465
-0.000854
-0.002197
-0.001099
-0.002197
-0.000732
-0.001953
-0.002319
-0.001709
-0.002319
-0.001221
-0.001099
-0.001465
-0.001343
-0.000488
-0.001221
-0.000977
-0.001709
-0.001831
-0.002563
-0.001099
-0.001099
-0.001465
-0.001587
-0.000854
-0.002075
-0.001587
-0.001343
-0.001221
-0.002197
-0.001465
-0.001099
-0.000366
-0.001221
-0.001099
-0.001343
-0.001099
-0.001343
-0.002441
-0.001587
-0.001221
-0.002075
-0.000854
-0.001953
-0.001221
-0.001465
-0.001221
-0.001343
-0.001465
-0.001221
-0.001343
-0.000488
-0.001587
-0.000732
-0.001099
-0.001221
-0.001953
-0.001709
-0.001709
-0.001221
-0.001831
-0.000854
-0.001709
-0.000488
-0.001099
-0.002686
-0.001343
-0.001831
-0.002197
-0.001465
-0.001099
-0.001465
-0.001953
-0.001343
-0.001587
-0.000488
-0.001953
-0.002197
-0.001343
-0.001343
-0.001953
-0.003296
-0.000366
-0.000244
-0.000977
-0.000854
-0.001343
-0.001465
-0.000854
-0.002197
-0.001465
-0.001099
-0.002319
-0.001343
-0.001953
-0.002197
-0.001099
-0.001099
-0.000610
-0.001831
-0.001709
-0.002563
-0.001099
-0.000732
-0.001953
-0.001465
-0.000854
-0.001099
-0.000122
-0.001221
-0.002808
-0.002441
-0.001099
-0.001465
-0.001221
-0.000977
-0.001465
-0.002075
-0.002075
-0.001953
-0.001953
-0.002319
-0.000854
-0.001343
-0.001953
-0.000854
-0.002319
-0.001709
-0.001343
-0.001953
-0.001465
-0.002197
-0.000732
-0.001099
-0.002197
-0.001587
-0.000977
-0.000732
-0.001465
-0.000488
-0.002197
-0.001587
-0.000366
-0.002319
-0.001465
-0.001709
-0.001953
-0.001343
-0.001221
-0.001099
-0.002197
-0.001709
-0.001221
-0.001221
-0.000488
-0.002441
-0.000854
-0.001831
-0.001343
-0.003052
-0.001953
-0.001343
-0.003052
-0.001221
-0.001099
-0.001343
-0.001587
-0.001221
-0.001221
-0.002441
-0.001099
-0.001221
-0.000122
-0.001587
-0.002319
-0.000854
-0.002441
-0.001465
-0.001343
-0.001465
-0.001587
-0.001709
-0.001221
-0.001465
0.000122
-0.003052
-0.000854
-0.000488
-0.002930
-0.001587
-0.001221
-0.000854
-0.001343
-0.000488
-0.001831
-0.002808
-0.002930
-0.000854
-0.001343
-0.000977
-0.001343
-0.002319
-0.002075
-0.001343
-0.001221
-0.000610
-0.001465
-0.000244
-0.002441
-0.001587
-0.001343
-0.002197
-0.001099
-0.000977
-0.001831
-0.001221
-0.001099
-0.001221
-0.001343
-0.002686
-0.002075
-0.000488
-0.000977
-0.000977
-0.001221
-0.002319
-0.001587
-0.000122
-0.002319
-0.001099
-0.002319
-0.001099
-0.000488
-0.001465
-0.001587
-0.001709
-0.000610
-0.001221
-0.002686
-0.002563
-0.002441
-0.001465
-0.001587
-0.001465
-0.002563
-0.001709
-0.000610
-0.002441
-0.001343
-0.001587
-0.001709
-0.001587
-0.002197
-0.000244
-0.001831
-0.001343
-0.001953
-0.001343
-0.001221
-0.001709
-0.000854
-0.001221
-0.000610
-0.002197
-0.001343
-0.001587
-0.002197
-0.002075
-0.000854
-0.001221
-0.000732
-0.001587
-0.000854
-0.001831
-0.002075
-0.001099
-0.001221
-0.000610
-0.001099
-0.001465
-0.002075
-0.000854
-0.001465
-0.001953
-0.001953
-0.001709
-0.000244
-0.001587
-0.001709
-0.000732
-0.000977
-0.000854
-0.000854
-0.001099
-0.001953
-0.002075
-0.000854
-0.002197
-0.002075
-0.000732
-0.001465
-0.000977
-0.000732
-0.001465
-0.000854
-0.001831
-0.002075
-0.001709
-0.001221
-0.001099
-0.001221
-0.001343
-0.000488
-0.000610
-0.001953
-0.001587
-0.001343
-0.001953
-0.000854
-0.002319
-0.001953
-0.001709
-0.001221
-0.001343
-0.001709
-0.001709
-0.000977
-0.000854
-0.002441
-0.000244
-0.000732
-0.002197
-0.002808
-0.001465
-0.000977
-0.000977
-0.001343
-0.002075
-0.002563
-0.002319
-0.001343
-0.001709
-0.001221
-0.002319
-0.000854
-0.001343
-0.001343
-0.000488
-0.001831
-0.001099
-0.000732
-0.001709
-0.001343
-0.001831
-0.001587
-0.001709
-0.002319
-0.001465
-0.000732
-0.002075
-0.001465
-0.001343
-0.002075
-0.001709
-0.000854
-0.001465
-0.000977
-0.000732
-0.002075
-0.001221
-0.001709
-0.000854
-0.001465
-0.001221
-0.000610
-0.002686
-0.002441
-0.001587
-0.000244
-0.001221
-0.001465
-0.000732
-0.001953
-0.002319
-0.001953
-0.001343
-0.000732
-0.001343
-0.001831
-0.001709
-0.001709
-0.001953
-0.002197
-0.000732
-0.001831
-0.000732
-0.001465
-0.002441
-0.001587
-0.001709
-0.002197
-0.000854
-0.002075
-0.000854
-0.000366
-0.000977
-0.001709
-0.000488
-0.001831
-0.001221
-0.001709
-0.001709
-0.001831
-0.001953
-0.000244
-0.001709
-0.001587
-0.001465
-0.002197
-0.001709
-0.001953
-0.002075
-0.001587
-0.001465
-0.002563
-0.000854
-0.001221
-0.000488
-0.000977
-0.000977
-0.001221
-0.001099
-0.001465
-0.001587
-0.000732
-0.000854
-0.001465
-0.001953
-0.000610
-0.001099
-0.000488
-0.000854
-0.001831
-0.000732
-0.000610
-0.000854
-0.001221
-0.001099
-0.001709
-0.002075
-0.001709
-0.002075
-0.001953
-0.001587
-0.001221
-0.001709
-0.001343
-0.001587
-0.001343
-0.001221
-0.001465
-0.000488
-0.002930
-0.001709
-0.000854
-0.001587
-0.001343
-0.000977
-0.001099
-0.001465
-0.000977
-0.001831
-0.000854
-0.001221
-0.002075
-0.000854
-0.001099
-0.002441
-0.000854
-0.002319
-0.000854
-0.002930
-0.000854
-0.001343
-0.001709
-0.001709
-0.001221
-0.002441
-0.002563
-0.001465
-0.001099
-0.000732
-0.000977
-0.002197
-0.001099
-0.000854
-0.000854
-0.002075
-0.001465
-0.000366
-0.000366
-0.001587
-0.001709
-0.002197
-0.001709
-0.000732
-0.002441
-0.001221
-0.001099
-0.001587
-0.001465
-0.000122
-0.001465
-0.002075
-0.001465
-0.001343
-0.001221
-0.001343
-0.001587
-0.001343
-0.001465
-0.002075
-0.001221
-0.000732
-0.001221
-0.001099
-0.002808
-0.001221
0.000000
-0.001709
-0.001709
-0.002197
-0.000244
-0.001221
-0.002930
-0.000854
-0.002319
-0.001343
-0.000732
0.000000
-0.001099
-0.001831
-0.000854
-0.002930
-0.001343
-0.000732
-0.001953
-0.001465
-0.001221
-0.001343
-0.002686
-0.000732
-0.000610
-0.002075
-0.001343
-0.001343
-0.002563
-0.002808
-0.000610
-0.001831
-0.001953
-0.001465
-0.001831
-0.001709
-0.000122
-0.001099
-0.001099
-0.002686
-0.001343
-0.001099
-0.001099
-0.001709
-0.001221
-0.001221
-0.001343
-0.000977
-0.001709
-0.001831
-0.001099
-0.001709
-0.000244
-0.002686
-0.002075
-0.001465
-0.002319
-0.001343
-0.000977
-0.002686
-0.002197
-0.001099
-0.001831
-0.001343
-0.001099
-0.002319
-0.001465
-0.002075
-0.002197
-0.001953
-0.001465
-0.001221
-0.002319
-0.000854
-0.002075
-0.001343
0.000122
-0.002686
-0.001587
-0.001709
-0.001221
-0.001465
-0.001343
-0.001587
-0.002075
-0.001221
-0.001221
-0.001099
-0.002075
-0.002075
-0.001953
-0.001099
-0.000732
-0.002075
-0.000854
-0.001709
-0.002075
-0.001465
-0.002197
-0.001343
-0.001343
-0.001709
-0.002319
-0.000732
-0.001343
-0.001831
-0.000366
-0.000854
-0.001953
-0.001709
-0.001099
-0.000488
-0.000488
-0.002075
-0.001221
-0.002197
-0.002319
-0.001587
-0.001343
-0.001343
-0.001343
-0.001343
-0.000977
-0.002197
-0.001221
-0.001099
-0.001099
-0.002197
-0.002197
-0.001221
-0.001221
-0.001465
-0.001587
-0.001709
-0.002319
-0.001587
-0.001709
-0.001709
-0.001221
-0.001221
-0.001221
-0.001709
-0.000732
-0.001709
-0.000122
-0.001831
-0.002808
-0.001709
-0.001465
-0.001709
-0.001465
-0.000488
-0.000854
-0.002319
-0.001221
-0.000244
-0.001343
-0.000122
-0.000610
-0.001221
-0.000854
-0.001709
-0.001953
-0.001587
-0.000610
-0.001831
-0.001099
-0.001465
-0.001221
-0.001099
-0.001709
-0.001221
-0.001831
-0.002319
-0.001099
-0.002319
-0.002075
-0.001953
-0.001587
-0.000244
-0.001953
-0.001709
-0.001343
-0.001709
-0.001709
-0.001465
-0.001099
-0.001221
-0.001221
-0.001343
-0.001343
-0.001953
-0.001221
-0.000977
-0.001709
-0.001343
-0.002075
-0.000610
-0.001709
-0.001465
-0.002319
-0.001465
-0.001221
-0.002075
-0.002197
-0.001709
-0.001221
-0.001587
-0.000732
0.000244
-0.001465
-0.001465
-0.000610
-0.000854
-0.001221
-0.002075
-0.001587
-0.000854
-0.000732
-0.002075
-0.001953
-0.001465
-0.001465
-0.000732
-0.000854
-0.002441
-0.001953
-0.002319
-0.000366
-0.001465
-0.002075
-0.001709
-0.002075
-0.000488
-0.002686
-0.001709
-0.001953
-0.000854
-0.001221
-0.001953
-0.001709
-0.001221
-0.001953
-0.002441
-0.001709
-0.002197
-0.002197
-0.001587
-0.000732
-0.001221
-0.002197
0.000000
-0.000977
-0.001099
-0.001587
-0.001343
-0.001099
-0.001465
-0.001831
-0.001953
-0.001953
-0.000732
-0.001465
-0.001465
-0.001709
-0.001831
-0.000488
-0.001831
-0.003418
-0.001343
-0.001221
-0.001831
-0.000244
-0.000610
-0.001709
-0.000854
-0.000977
-0.002441
-0.000366
-0.001953
-0.003174
-0.001465
-0.001343
-0.001465
-0.002075
-0.001709
-0.001587
-0.001709
-0.001465
-0.000366
-0.001587
-0.000732
-0.000610
-0.002075
-0.002075
-0.001465
-0.000610
-0.001709
-0.000854
-0.001831
-0.001587
-0.001953
-0.001953
-0.001465
-0.002075
-0.002563
-0.002197
-0.001587
-0.001831
-0.001099
-0.000977
-0.000732
-0.000610
-0.000610
-0.000977
-0.001953
-0.001587
-0.001343
-0.001099
-0.001709
-0.001465
-0.001709
-0.000610
-0.001221
-0.002197
-0.001953
-0.001709
-0.001587
-0.001099
-0.000610
-0.000732
-0.002441
-0.001709
-0.001343
-0.001831
-0.001709
-0.002441
-0.000854
-0.001587
-0.001953
-0.001465
-0.000977
-0.000610
-0.001221
-0.001465
-0.001953
-0.000244
-0.001831
-0.002075
0.000610
-0.001831
-0.001709
-0.001343
-0.001831
-0.002075
-0.000854
-0.001221
-0.001221
-0.000488
-0.000977
-0.001221
-0.001221
-0.001343
-0.000610
-0.001831
-0.002075
-0.001587
-0.001221
-0.001099
-0.000610
-0.001953
-0.001221
-0.001709
-0.001953
-0.000610
-0.001709
-0.002197
-0.000732
-0.001953
-0.001465
-0.002808
-0.001343
-0.000977
-0.001465
-0.001709
-0.001465
-0.001343
-0.002197
-0.001221
-0.001099
-0.001465
-0.000977
-0.002197
-0.002563
-0.000854
-0.001709
-0.002075
-0.001465
-0.001221
-0.001221
-0.000854
-0.001221
-0.000488
-0.002319
-0.001709
-0.001343
-0.001099
-0.000854
-0.002197
-0.002441
-0.001709
-0.000366
-0.001221
-0.002441
-0.001709
-0.001343
-0.001343
-0.000366
-0.001953
-0.000610
-0.001343
-0.001953
-0.001709
-0.001587
-0.001709
0.000244
-0.000977
-0.001709
-0.000977
-0.001709
-0.000488
0.000732
-0.001953
-0.002075
-0.001465
-0.001587
-0.000122
-0.001953
-0.001343
-0.001099
-0.001221
-0.001587
-0.001953
-0.002075
-0.001099
-0.001709
-0.001465
-0.000977
-0.001221
-0.001587
0.000122
-0.000244
-0.001709
-0.001343
-0.001343
-0.000977
-0.001221
-0.002197
-0.001465
-0.001587
-0.001343
-0.000854
-0.000732
-0.001587
-0.001709
-0.002075
-0.001221
-0.001343
-0.001709
-0.001221
-0.000854
-0.001709
-0.000854
-0.001587
-0.002197
-0.001099
-0.002075
-0.001099
-0.001709
-0.000854
-0.001465
-0.000610
-0.001099
-0.002441
-0.001221
-0.001221
-0.001099
-0.001465
-0.001221
-0.001099
-0.001099
-0.002075
-0.001343
-0.001465
-0.003052
-0.001221
-0.000610
-0.002563
-0.001099
-0.001953
-0.001099
-0.001831
-0.001099
-0.001587
-0.001709
-0.002075
-0.002563
-0.001465
-0.000732
-0.001465
-0.002197
-0.000610
-0.002197
-0.001465
-0.001221
-0.001709
-0.001099
-0.001953
-0.000854
-0.001831
-0.000732
-0.000977
-0.001709
-0.001221
-0.002197
-0.001953
-0.001709
-0.001709
-0.000977
-0.000122
-0.001709
-0.001099
-0.002197
-0.003052
-0.001465
-0.000244
-0.000854
-0.001099
-0.001709
-0.000610
-0.002441
-0.001343
-0.000854
-0.002563
-0.001587
-0.001465
-0.001343
-0.002441
-0.002075
-0.002319
-0.001709
-0.001221
-0.000977
-0.002319
-0.000854
-0.001221
-0.001343
-0.000977
-0.001099
-0.000610
-0.001953
-0.000610
-0.002197
-0.001099
-0.001465
-0.001099
-0.003052
-0.000732
-0.001343
-0.000732
-0.001099
-0.001953
-0.000854
-0.000977
-0.000854
-0.002319
-0.001465
-0.001221
-0.001221
-0.001343
-0.001953
-0.003052
-0.000610
-0.001953
-0.002197
-0.001343
-0.002441
-0.000610
-0.001709
-0.001831
-0.001221
-0.001953
-0.001709
-0.001587
-0.001831
-0.000122
-0.002197
-0.002808
0.000244
-0.000610
-0.001587
-0.001709
-0.001709
-0.001221
-0.001831
-0.001221
-0.002441
-0.001709
-0.001587
-0.001587
-0.001465
-0.001221
-0.003296
-0.002808
-0.002319
-0.003296
0.000000
-0.001343
-0.001343
-0.002075
-0.001709
-0.001587
-0.000488
-0.000854
-0.002075
-0.000610
-0.001831
-0.001709
-0.000854
-0.000244
-0.000977
-0.001831
-0.001221
-0.001709
-0.001709
-0.000122
-0.002197
-0.001587
-0.001343
-0.002563
-0.000854
-0.001587
-0.002319
-0.001221
-0.000854
-0.001709
-0.001709
-0.001099
-0.000610
-0.002686
-0.000732
-0.000488
-0.002441
-0.001465
-0.001343
-0.002075
-0.001343
-0.001587
-0.002197
-0.001953
-0.002441
-0.002441
-0.002075
-0.001221
0.000000
-0.002075
-0.000854
-0.002075
-0.003052
-0.000854
-0.000610
-0.002441
-0.001709
-0.001831
-0.001709
-0.002075
-0.000854
-0.001709
-0.000977
0.000122
-0.002075
-0.001343
-0.001709
-0.002441
-0.000732
-0.001587
-0.002197
-0.001343
-0.001709
-0.001587
-0.001709
-0.001709
-0.001587
-0.001343
-0.000732
-0.000977
-0.000977
-0.001465
-0.000977
-0.000488
-0.001953
-0.001221
-0.000854
-0.001953
-0.001709
-0.000854
-0.000610
-0.002441
-0.003052
-0.001343
-0.001587
-0.000732
-0.001099
-0.001465
-0.001953
-0.001221
-0.001465
-0.001953
-0.000854
-0.001953
-0.000854
-0.002441
-0.001465
-0.001953
-0.001709
-0.000366
-0.001831
-0.001953
-0.001221
-0.001709
-0.001099
-0.000488
-0.002197
-0.001953
-0.001343
-0.001343
-0.001221
-0.001831
-0.002441
-0.002319
-0.001343
-0.000854
-0.000732
-0.001953
-0.000854
-0.001709
-0.001953
-0.000366
-0.001953
-0.001099
-0.000977
-0.001831
-0.001465
-0.001221
-0.002930
-0.000854
-0.001343
-0.001221
-0.001831
-0.000854
-0.001953
-0.002075
-0.001587
-0.001221
-0.001709
-0.002319
-0.001099
-0.001221
-0.001465
-0.000977
-0.000488
-0.001587
-0.001343
-0.001099
-0.002563
-0.002075
-0.001221
-0.001099
-0.001465
-0.000366
-0.002319
-0.001343
0.000366
-0.000854
-0.001465
-0.002075
-0.000854
-0.001709
-0.001587
-0.001099
-0.001221
-0.000488
-0.001465
-0.001953
-0.001587
-0.001587
-0.003174
-0.000732
-0.002197
-0.001587
-0.000244
-0.001099
-0.000977
-0.001831
-0.001587
-0.000854
-0.001831
-0.002319
-0.000854
-0.000122
-0.002319
-0.000732
-0.001465
-0.002197
-0.001709
-0.001709
-0.001465
-0.001465
-0.002563
-0.001343
-0.001465
-0.000488
-0.000610
-0.000732
-0.001953
-0.001465
-0.000488
-0.001343
-0.001465
-0.001221
-0.002808
-0.002075
-0.000488
-0.001587
-0.002319
-0.001709
-0.000610
-0.001831
-0.002075
-0.001221
-0.001587
-0.001465
-0.001465
-0.002930
-0.000854
-0.001221
-0.001587
-0.002197
-0.000610
-0.001953
-0.002075
-0.002319
0.000122
-0.002441
-0.000854
-0.000366
-0.001831
-0.001343
-0.001465
-0.002075
-0.001221
-0.002319
-0.002441
-0.001221
-0.001953
-0.002441
-0.001587
-0.002075
-0.001709
-0.001953
-0.001587
-0.001953
-0.002075
-0.001709
-0.000854
-0.001709
-0.002808
-0.001709
-0.002197
-0.000732
0.000000
-0.001831
-0.002319
-0.000610
-0.001709
-0.001221
-0.000488
-0.000732
-0.002075
-0.001099
-0.002075
-0.001953
-0.000732
-0.001099
-0.002075
-0.001953
-0.001587
-0.001221
-0.001831
-0.001953
-0.001465
-0.001587
-0.001465
-0.000977
-0.001831
-0.001465
-0.001099
-0.001343
-0.001587
-0.001953
-0.000854
-0.000610
-0.001343
-0.001465
-0.001099
-0.000977
-0.001587
-0.001099
-0.001099
-0.002319
-0.000732
-0.001831
-0.000854
-0.001099
-0.002563
-0.001709
-0.001343
-0.001831
-0.001099
-0.001709
-0.001465
-0.001343
-0.001343
-0.000732
-0.001831
-0.001099
-0.000488
-0.001221
-0.000977
-0.001465
-0.001709
-0.001831
-0.001221
-0.002197
-0.001221
-0.001465
-0.001709
-0.002197
-0.002197
-0.001709
-0.001831
-0.001221
-0.000977
-0.001099
-0.001587
-0.001465
-0.001587
-0.001709
-0.002075
-0.001587
-0.000732
-0.001587
-0.001831
-0.002075
-0.001709
-0.001465
-0.002441
-0.000732
-0.001831
-0.001465
-0.001465
-0.000854
-0.000122
-0.001587
-0.001709
-0.002075
-0.001099
-0.000977
-0.001587
-0.001221
-0.001709
-0.001465
-0.000977
-0.000244
-0.001343
-0.001221
-0.001099
-0.001709
-0.001709
-0.001831
-0.000610
-0.001099
-0.002441
-0.000610
-0.001221
-0.002319
0.000000
-0.001465
-0.000732
-0.002563
-0.001587
-0.001343
-0.002441
-0.000610
-0.001221
-0.000977
-0.001465
-0.000366
-0.001587
-0.001587
-0.001099
-0.001099
-0.001709
-0.001465
-0.002441
-0.001465
-0.001587
-0.001587
-0.002197
-0.000854
-0.002319
-0.002197
-0.001099
-0.001465
-0.001465
-0.000610
-0.001953
-0.001709
-0.001953
-0.001465
-0.002441
-0.001953
-0.001587
-0.002930
-0.002441
-0.002075
-0.000610
-0.002441
-0.002075
-0.000366
-0.000977
-0.000732
-0.000366
-0.001709
-0.000732
-0.002075
-0.001953
-0.001343
-0.000732
-0.001343
-0.001343
-0.001221
-0.000977
-0.000366
-0.001343
-0.001221
-0.000488
-0.000977
-0.002319
-0.001465
-0.000732
-0.001587
-0.000244
-0.000854
-0.001099
-0.002197
-0.001587
-0.000977
-0.002441
-0.000854
-0.000854
-0.002075
-0.002441
-0.000488
-0.001221
-0.000977
-0.001831
-0.002319
-0.001709
0.000000
-0.001953
-0.000244
-0.001343
-0.002930
-0.001953
-0.002197
-0.001709
-0.001343
-0.001709
-0.001587
-0.001831
-0.001587
-0.002319
-0.002075
-0.001343
-0.002319
-0.001587
-0.000488
-0.001343
-0.001343
-0.002197
-0.001221
-0.000977
-0.001831
-0.000122
-0.000977
-0.002075
-0.001343
-0.002197
-0.000610
-0.000610
-0.001221
-0.000854
-0.001465
-0.001587
-0.001343
-0.000854
-0.001587
-0.001831
-0.001587
-0.000977
-0.001221
-0.001587
-0.001343
-0.001099
-0.000977
-0.001221
-0.001099
-0.000977
-0.001099
-0.001587
-0.001709
-0.000610
-0.002930
-0.001465
-0.000488
-0.000977
-0.002075
-0.001587
-0.000977
-0.002197
-0.001343
-0.002563
-0.000366
-0.001221
-0.001587
-0.001099
-0.001343
-0.000977
-0.001221
-0.001099
-0.001221
-0.000854
-0.001587
-0.001953
-0.000854
-0.000610
-0.001587
-0.000732
-0.002075
-0.001587
-0.001221
-0.001831
-0.001953
-0.001709
-0.000732
-0.000977
-0.001587
-0.000854
-0.000854
-0.002197
-0.001221
-0.001465
-0.001953
-0.002197
-0.001465
-0.002197
-0.001465
-0.002197
-0.001953
-0.002441
-0.002441
-0.002563
-0.002563
-0.000854
-0.002563
-0.001221
-0.001953
-0.001953
-0.002075
-0.001587
-0.001831
-0.002075
0.000244
0.000000
-0.001953
-0.001465
-0.001709
-0.002319
-0.001099
-0.001343
-0.000854
-0.000854
-0.002441
-0.001709
-0.001831
-0.001343
-0.002441
-0.001587
-0.001953
-0.000366
-0.000854
-0.002075
-0.000854
-0.001709
-0.001221
-0.002075
-0.001709
-0.000122
-0.002197
-0.001709
-0.002808
-0.001709
-0.001709
-0.000732
-0.000854
-0.002197
-0.000488
-0.000854
-0.001221
-0.001343
-0.000488
-0.001099
-0.001343
-0.001831
-0.001587
-0.002319
-0.001953
-0.002319
-0.000732
-0.002441
-0.001953
-0.001221
-0.001099
-0.000977
-0.001221
-0.001343
-0.001709
-0.002930
-0.001465
-0.000854
-0.002441
-0.001709
-0.000488
-0.000977
-0.002686
-0.001709
-0.001221
-0.001709
-0.001465
-0.001221
-0.002197
-0.001953
-0.001587
-0.000977
-0.000732
-0.000977
-0.000854
-0.001953
-0.000854
-0.000854
-0.001953
-0.001343
-0.000854
-0.000977
-0.001587
-0.001587
-0.001587
-0.001953
-0.001587
-0.001831
-0.001099
-0.000732
-0.000977
-0.001099
-0.001465
-0.000732
-0.001465
-0.001343
-0.001343
-0.000488
-0.001831
-0.002319
-0.001587
-0.002563
-0.002563
-0.000854
-0.001099
-0.001221
-0.000122
-0.001587
-0.000610
-0.001099
-0.001587
-0.001099
-0.001221
-0.002686
-0.002197
-0.001221
-0.001099
-0.002075
-0.000854
-0.001343
-0.002686
-0.001099
-0.000732
-0.002075
-0.001343
-0.001709
-0.001343
-0.000977
-0.002075
-0.001465
-0.000977
-0.002563
-0.001953
-0.001099
-0.002563
-0.002075
-0.001709
-0.001709
-0.001831
-0.001465
-0.001465
-0.001099
-0.002563
-0.001709
-0.001221
-0.000977
-0.001709
-0.001221
-0.001587
-0.001099
-0.001343
-0.001465
-0.002686
-0.002197
-0.001221
-0.001099
-0.002197
-0.000854
-0.000977
-0.001587
-0.000610
-0.001343
-0.000854
-0.001587
-0.000610
-0.001953
-0.002441
-0.001709
-0.001587
-0.000488
-0.000122
-0.001343
-0.000488
-0.001221
-0.001221
-0.001099
-0.002319
-0.001221
-0.001831
-0.002441
-0.000854
-0.001343
-0.001099
-0.001953
-0.000732
-0.001953
-0.002075
-0.001953
-0.002197
-0.001099
-0.000610
-0.001587
-0.001831
-0.000854
0.000122
-0.001709
-0.000854
0.000244
-0.001221
-0.002441
-0.000122
-0.000977
-0.000854
-0.001587
-0.000488
-0.001099
-0.002441
-0.002075
-0.002075
-0.001099
0.000122
-0.002441
-0.001343
-0.001221
-0.001953
-0.000610
-0.001221
-0.000488
-0.000854
-0.001831
-0.001099
-0.000610
-0.002075
-0.001709
-0.001221
-0.002075
-0.001709
-0.001221
-0.001343
-0.001831
-0.000366
-0.000610
-0.002075
-0.001465
-0.000854
-0.001343
-0.001221
-0.001099
-0.000488
-0.001953
-0.001709
-0.001343
-0.001343
-0.001343
-0.000977
-0.001831
-0.002319
-0.001465
-0.001465
-0.000366
-0.000854
-0.001099
-0.002075
-0.000854
-0.000854
-0.001343
-0.001099
-0.001831
-0.000854
-0.001465
-0.001099
-0.001953
-0.001221
-0.001587
-0.001099
-0.001221
-0.001221
-0.000977
-0.001709
-0.002441
-0.000854
-0.000488
-0.001099
-0.000244
-0.002686
-0.001709
-0.000610
-0.002197
-0.000732
-0.001099
-0.002197
-0.001587
-0.001465
-0.001953
-0.000854
-0.001099
-0.001831
-0.001343
-0.000732
-0.001465
-0.001953
-0.002075
-0.000854
-0.001831
-0.000854
-0.001099
-0.002808
-0.000854
-0.001953
-0.001953
-0.002075
-0.001709
-0.000610
-0.002563
-0.000122
-0.001343
-0.002197
-0.002563
-0.002930
-0.002808
-0.000732
-0.001709
-0.000732
-0.001587
-0.002075
-0.001343
-0.001587
-0.000977
-0.001465
-0.002075
-0.001465
-0.002563
-0.002197
-0.001343
-0.001953
-0.000732
-0.002075
-0.000732
-0.001465
-0.001465
-0.001221
-0.002075
-0.001343
-0.001343
-0.001343
-0.000610
-0.001221
-0.001831
-0.000610
-0.001587
-0.001953
-0.002075
-0.000732
-0.002441
-0.000732
-0.001953
-0.001709
-0.001587
-0.001953
-0.001709
-0.000854
-0.001831
-0.001709
-0.000488
-0.002319
-0.001953
-0.001221
-0.001343
-0.001953
-0.002075
-0.001953
-0.000854
-0.001099
-0.001709
-0.001099
-0.002686
-0.002075
-0.001709
-0.002197
-0.000854
-0.001465
-0.001221
-0.001587
-0.002075
-0.001099
-0.001587
-0.002197
-0.001465
-0.001465
-0.001831
-0.002808
-0.000854
-0.000732
-0.002319
-0.002441
-0.000854
-0.001831
-0.001465
-0.001465
-0.001099
-0.001709
-0.002319
-0.001953
-0.001709
-0.000488
-0.000732
-0.002563
-0.000854
-0.001953
-0.000854
-0.001099
-0.002686
-0.002319
0.000000
-0.001465
-0.001099
-0.002197
-0.000488
-0.000366
-0.000732
-0.000122
-0.002563
-0.001343
-0.000977
-0.000366
-0.002808
-0.001221
-0.001099
-0.001465
-0.002075
-0.001953
-0.001221
-0.002197
-0.001099
-0.001587
-0.001953
-0.001587
-0.000854
-0.002686
-0.001465
-0.002319
-0.000854
-0.002686
-0.000488
-0.001709
-0.002686
-0.002197
-0.002563
-0.002319
-0.001221
-0.000488
-0.002319
-0.001343
-0.001953
-0.001587
-0.001831
-0.001709
-0.002075
-0.001099
-0.000732
-0.002686
-0.001221
-0.002075
-0.002075
-0.001343
-0.002563
-0.002075
-0.000854
-0.001953
-0.001953
-0.001953
-0.001709
-0.001221
-0.001221
-0.001465
-0.001831
-0.002075
-0.000854
-0.001831
-0.000732
-0.001831
-0.001343
-0.000122
-0.002075
-0.003174
-0.002075
-0.001221
-0.001465
-0.001465
-0.002075
-0.001709
-0.001587
-0.001221
-0.001343
-0.000854
-0.001465
-0.001221
-0.002075
-0.001953
-0.000610
-0.002319
-0.000488
-0.001465
-0.001831
-0.001953
-0.001953
-0.002563
-0.001709
-0.001709
-0.002319
-0.001343
-0.002197
-0.001343
-0.001953
-0.001343
-0.001343
-0.001221
-0.002075
-0.001465
-0.001099
-0.001953
-0.001465
-0.000854
-0.000732
-0.001465
-0.001221
-0.001831
-0.002319
-0.000854
-0.001099
-0.001099
-0.001343
-0.000977
-0.001343
-0.000854
-0.001099
-0.001587
-0.001343
-0.001465
-0.001953
-0.001099
-0.001831
-0.001709
-0.000854
-0.001099
-0.000854
-0.001831
-0.001221
-0.000732
-0.001343
-0.001709
-0.001587
-0.000854
-0.002441
-0.001221
-0.001221
-0.002319
-0.002808
-0.002075
-0.000854
-0.002075
-0.000854
-0.002075
-0.000854
-0.000854
-0.000854
-0.000977
-0.002319
-0.001465
-0.001709
-0.000610
-0.002441
0.000122
-0.002075
-0.001709
-0.001221
-0.001953
-0.000610
-0.001953
-0.000366
-0.001465
-0.001587
-0.002075
-0.000854
-0.001587
-0.001343
-0.001343
-0.002197
-0.001953
-0.001099
-0.002075
-0.001709
-0.001221
-0.001221
-0.000854
-0.001953
-0.002808
-0.001709
-0.001587
-0.000732
-0.001221
-0.001099
-0.001709
-0.001587
-0.001099
-0.002563
-0.001587
-0.002319
-0.002441
-0.001709
-0.000854
-0.000977
-0.001221
-0.002075
-0.000854
-0.000122
-0.002197
-0.001709
-0.001709
-0.002197
-0.001709
-0.000854
-0.002319
-0.002319
-0.000732
-0.000610
-0.001099
-0.002686
-0.001465
-0.001709
-0.000732
-0.000977
-0.001343
-0.000488
-0.001099
-0.001099
-0.001953
-0.001343
0.000000
-0.001953
-0.001709
-0.001953
-0.002441
-0.002319
-0.002075
-0.002563
-0.002563
-0.002075
-0.001709
-0.000244
-0.002563
-0.002075
-0.001099
-0.000854
-0.002197
-0.001709
-0.001587
-0.002319
-0.002441
-0.000854
-0.001465
-0.001099
-0.001343
-0.002075
-0.001465
-0.001587
-0.001953
-0.001099
-0.001465
-0.002075
-0.000854
-0.000366
-0.002319
-0.001709
-0.002686
-0.002563
-0.001953
-0.003662
-0.001343
-0.001953
-0.001587
-0.001831
-0.001587
-0.000488
-0.002319
-0.001587
-0.001587
-0.001709
-0.001221
-0.000854
-0.001953
-0.000732
-0.001953
-0.003418
-0.001465
-0.001709
-0.001953
-0.002441
-0.001953
-0.001221
-0.002563
-0.002197
-0.000854
-0.002075
-0.000854
-0.000977
-0.001099
-0.001831
-0.001099
-0.002197
-0.002075
-0.001709
-0.001587
-0.001099
-0.000610
-0.001099
-0.001587
-0.002075
-0.002319
-0.001221
-0.000366
-0.001953
-0.001221
-0.001709
-0.002441
-0.002075
-0.000854
-0.001709
-0.001343
-0.001221
-0.000488
-0.001587
-0.001709
-0.002441
-0.001465
-0.000854
-0.001709
-0.001221
-0.001953
-0.001343
-0.001465
-0.001831
-0.001953
-0.001953
-0.000244
-0.001587
-0.001099
-0.001099
-0.001343
-0.001099
-0.000977
-0.001465
-0.001831
-0.001709
-0.001099
-0.000610
-0.002075
-0.002075
-0.000366
-0.001831
-0.001709
-0.001587
-0.000610
-0.001221
-0.001709
-0.000977
-0.001221
-0.001343
-0.001221
-0.001221
-0.000977
-0.000854
-0.000732
-0.002319
0.000244
-0.001221
-0.002075
-0.001953
-0.001953
-0.002441
-0.002808
-0.000366
0.010498
0.047363
0.104614
0.146973
0.187988
0.239136
0.279297
0.325439
0.366211
0.409790
0.451538
0.489380
0.528076
0.564941
0.601196
0.635254
0.665771
0.698975
0.726929
0.754272
0.779419
0.803955
0.824585
0.843872
0.860718
0.874878
0.887695
0.898804
0.906128
0.913574
0.916504
0.917358
0.915405
0.913452
0.908325
0.899780
0.890503
0.877441
0.863525
0.844604
0.825073
0.805908
0.781250
0.756104
0.729370
0.699829
0.671509
0.638672
0.603516
0.568848
0.532837
0.494751
0.453369
0.412842
0.371582
0.329102
0.285278
0.241943
0.197266
0.150635
0.106323
0.059814
0.012939
-0.032471
-0.078491
-0.123657
-0.167114
-0.213623
-0.259155
-0.301514
-0.346191
-0.387939
-0.427246
-0.467407
-0.506836
-0.545166
-0.581909
-0.614990
-0.648560
-0.679077
-0.707886
-0.736450
-0.760620
-0.786499
-0.809448
-0.830566
-0.847046
-0.863037
-0.876953
-0.887451
-0.897705
-0.904053
-0.910156
-0.911133
-0.913452
-0.910889
-0.907471
-0.899902
-0.891602
-0.881714
-0.867554
-0.852539
-0.835571
-0.815430
-0.793945
-0.770386
-0.743164
-0.715820
-0.687012
-0.656128
-0.622437
-0.587891
-0.551758
-0.514771
-0.475830
-0.435425
-0.394409
-0.352905
-0.310791
-0.266357
-0.221924
-0.175659
-0.131104
-0.084473
-0.037231
0.007568
0.054932
0.100098
0.144653
0.191528
0.235718
0.279541
0.325073
0.366577
0.408691
0.449585
0.488770
0.528198
0.564941
0.600830
0.634644
0.666382
0.698608
0.726440
0.755249
0.779175
0.804199
0.824707
0.844116
0.860962
0.876221
0.888550
0.899658
0.907837
0.912354
0.916382
0.917603
0.916260
0.914307
0.907471
0.899780
0.890259
0.877197
0.862305
0.845581
0.825562
0.806641
0.782104
0.757812
0.730347
0.700562
0.670166
0.637329
0.604126
0.567871
0.532227
0.494263
0.452881
0.412720
0.371948
0.328491
0.283691
0.241211
0.195923
0.151245
0.105835
0.058472
0.013672
-0.032471
-0.079468
-0.125000
-0.168091
-0.214478
-0.259644
-0.302368
-0.345581
-0.386597
-0.429077
-0.469116
-0.507080
-0.545532
-0.581909
-0.616089
-0.650146
-0.681885
-0.710693
-0.739380
-0.765991
-0.790161
-0.811401
-0.832275
-0.849365
-0.866577
-0.880005
-0.890747
-0.899780
-0.907104
-0.911255
-0.915039
-0.913696
-0.912354
-0.909424
-0.901855
-0.892944
-0.881836
-0.869019
-0.852783
-0.836426
-0.817261
-0.793579
-0.770752
-0.745117
-0.717041
-0.689087
-0.657104
-0.622681
-0.588501
-0.552734
-0.514404
-0.476318
-0.435303
-0.394653
-0.352173
-0.309692
-0.267212
-0.220825
-0.175903
-0.132080
-0.084839
-0.038574
0.008057
0.055420
0.099609
0.145142
0.191284
0.234863
0.281860
0.324341
0.366577
0.408447
0.449463
0.489990
0.526733
0.565308
0.600586
0.634155
0.667725
0.699219
0.726685
0.754272
0.780640
0.803345
0.823975
0.843872
0.859497
0.875732
0.887695
0.897949
0.906250
0.913452
0.916992
0.917358
0.917114
0.914185
0.907349
0.899048
0.889160
0.877441
0.862549
0.844360
0.825684
0.806152
0.781982
0.757446
0.728394
0.699219
0.670654
0.638062
0.603394
0.568604
0.531860
0.493164
0.452881
0.413086
0.371094
0.328613
0.283936
0.240234
0.196533
0.148804
0.104980
0.058594
0.013550
-0.031616
-0.080688
-0.123169
-0.168945
-0.215210
-0.259399
-0.302856
-0.345337
-0.388672
-0.428223
-0.468994
-0.508911
-0.546387
-0.583740
-0.616821
-0.651123
-0.682007
-0.711548
-0.739136
-0.766235
-0.789551
-0.812134
-0.833008
-0.850830
-0.866943
-0.881348
-0.892334
-0.901855
-0.908569
-0.914062
-0.916870
-0.916748
-0.915039
-0.909424
-0.903687
-0.893799
-0.883179
-0.869751
-0.853638
-0.838013
-0.816650
-0.794434
-0.771729
-0.744263
-0.717285
-0.689575
-0.656006
-0.624023
-0.589600
-0.553833
-0.515015
-0.475220
-0.436646
-0.395752
-0.352905
-0.309204
-0.268188
-0.221436
-0.176147
-0.131958
-0.084961
-0.038818
-0.002563
0.004639
-0.006958
-0.002197
0.000000
-0.005249
-0.000122
-0.002197
-0.001709
-0.001099
-0.002808
-0.001953
-0.003418
-0.002075
-0.002808
-0.001465
-0.002808
-0.002197
-0.002686
-0.001709
-0.001953
-0.001709
-0.001953
-0.002930
-0.002563
-0.003418
-0.003052
-0.001831
-0.001099
-0.002686
-0.002197
-0.002563
-0.000366
-0.002197
-0.001953
-0.002319
-0.002930
-0.002808
-0.002075
-0.001953
-0.001709
-0.002563
-0.002319
-0.001465
-0.002686
-0.003052
-0.002075
-0.001953
-0.002563
-0.001953
-0.001953
-0.002319
-0.003540
-0.000977
-0.003296
-0.002686
-0.001953
-0.001953
-0.002075
-0.002197
-0.001831
-0.001953
-0.000854
-0.003418
-0.002686
-0.001709
-0.002808
-0.002563
-0.002197
-0.002197
-0.002563
-0.002686
-0.001953
-0.002075
-0.002197
-0.002563
-0.003540
-0.002319
-0.001953
-0.001709
-0.002197
-0.002808
-0.001831
-0.001953
-0.002686
-0.002563
-0.001953
-0.001343
-0.002563
-0.002563
-0.003052
-0.002930
-0.001953
-0.002563
-0.001709
-0.001587
-0.001831
-0.001709
-0.002563
-0.002930
-0.002563
-0.002563
-0.001343
-0.001709
-0.002563
-0.001099
-0.001709
-0.002197
-0.001953
-0.002563
-0.003418
-0.001709
-0.001709
-0.003784
-0.002197
-0.002075
-0.003418
-0.002563
-0.002563
-0.001709
-0.001709
-0.001587
-0.001831
-0.002808
-0.001709
-0.002441
-0.001831
-0.001831
-0.001953
-0.003052
-0.001099
-0.001343
-0.002197
-0.001465
-0.002197
-0.001221
-0.003296
-0.003052
-0.002563
-0.001221
-0.001221
-0.002441
-0.002319
-0.002808
-0.001709
-0.002686
-0.002563
-0.002197
-0.001099
-0.003662
-0.002075
-0.002197
-0.003418
-0.002930
-0.001221
-0.002930
-0.003418
-0.000122
-0.000244
-0.001831
-0.002930
-0.001831
-0.002197
-0.002197
-0.002319
-0.003052
-0.002686
-0.002563
-0.001831
-0.002563
-0.003418
-0.002319
-0.002319
-0.000977
-0.003052
-0.002930
-0.001953
-0.003174
-0.001831
-0.003418
-0.001709
-0.001953
-0.002563
-0.001831
-0.002563
-0.001343
-0.001953
-0.001831
-0.001709
-0.001587
-0.002441
-0.001709
-0.002441
-0.002808
-0.002808
-0.002563
-0.001709
-0.001953
-0.002563
-0.002808
-0.002563
-0.002075
-0.002563
-0.002197
-0.002563
-0.002563
-0.002686
-0.003418
-0.002686
-0.002686
-0.002563
-0.003052
-0.003052
-0.001709
-0.001343
-0.001831
-0.002563
-0.001709
-0.002930
-0.001709
-0.003052
-0.003052
-0.002197
-0.003418
-0.002563
-0.002563
-0.002563
-0.002197
-0.001465
-0.001953
-0.001709
-0.002319
-0.001709
-0.002197
-0.001953
-0.003418
-0.001709
-0.002075
-0.002563
-0.001343
-0.003662
-0.001953
-0.002075
-0.002686
-0.001343
-0.003052
-0.002197
-0.001709
-0.002319
-0.002563
-0.002075
-0.002808
-0.002930
-0.002686
-0.001831
-0.002319
-0.001709
-0.001587
-0.002197
-0.002563
-0.002563
-0.001099
-0.002441
-0.001709
-0.002686
-0.001953
-0.003174
-0.001709
-0.000854
-0.002686
-0.000977
-0.002197
-0.002563
-0.002197
-0.001709
-0.001709
-0.002563
-0.003784
-0.001953
-0.002563
-0.001831
-0.001343
-0.002075
-0.002686
-0.002563
-0.002075
-0.002563
-0.002197
-0.002563
-0.002075
-0.001709
-0.002930
-0.002197
-0.002563
-0.002686
-0.002686
-0.002075
-0.002197
-0.003174
-0.001709
-0.000977
-0.002075
-0.001831
-0.002563
-0.002563
-0.003052
-0.001709
-0.001587
-0.001587
-0.001343
-0.003052
-0.001709
-0.001831
-0.002563
-0.002197
-0.001709
-0.002075
-0.002197
-0.001709
-0.001709
-0.002686
-0.002563
-0.001343
-0.002563
-0.001953
-0.002319
-0.003052
-0.001343
-0.000854
-0.001953
-0.002686
-0.001221
-0.001831
-0.002808
-0.002197
-0.001953
-0.002319
-0.002563
-0.002075
-0.003174
-0.003052
-0.002319
-0.002319
-0.002197
-0.002563
-0.001831
-0.001343
-0.002563
-0.001709
-0.002930
-0.001709
-0.002075
-0.002930
-0.001709
-0.002075
-0.001953
-0.000854
-0.002563
-0.001953
-0.002808
-0.002563
-0.000854
-0.003296
-0.001343
-0.001953
-0.001831
-0.002563
-0.003052
-0.002686
-0.001343
-0.003052
-0.002563
-0.001221
-0.002808
-0.002808
-0.002686
-0.002563
-0.002197
-0.001221
-0.002563
-0.002075
-0.001343
-0.002197
-0.000854
-0.001831
-0.002808
-0.003174
-0.002563
-0.001343
-0.002563
-0.003418
-0.001465
-0.002197
-0.002563
-0.002686
-0.001953
-0.002808
-0.002808
-0.002075
-0.002686
-0.001953
-0.001099
-0.002808
-0.002563
-0.001831
-0.002563
-0.004272
-0.002197
-0.000732
-0.002563
-0.001221
-0.001831
-0.003174
-0.002197
-0.002563
-0.002686
-0.002319
-0.001831
-0.003174
-0.001709
-0.001099
-0.002441
-0.001831
-0.002319
-0.001831
-0.001831
-0.002197
-0.002563
-0.001343
-0.001953
-0.002075
-0.001343
-0.002563
-0.002563
-0.002563
-0.000854
-0.002686
-0.001831
-0.002319
-0.002563
-0.001953
-0.002808
-0.002197
-0.001831
-0.002075
-0.002319
-0.002808
-0.002197
-0.002319
-0.003174
-0.001709
-0.001709
-0.001831
-0.002075
-0.002075
-0.001709
-0.002319
-0.002197
-0.001099
-0.003784
-0.001953
-0.001709
-0.002563
-0.002319
-0.003174
-0.001953
-0.002563
-0.002075
-0.002319
-0.003540
-0.002319
-0.001831
-0.003052
-0.001953
-0.003052
-0.001465
-0.001709
-0.002563
-0.002075
-0.003418
-0.000854
-0.002563
-0.003052
-0.001221
-0.001343
-0.001221
-0.002563
-0.002197
-0.001831
-0.002319
-0.002686
-0.001709
-0.001953
-0.002563
-0.001343
-0.002075
-0.001221
-0.002441
-0.002197
-0.001709
-0.001953
-0.001831
-0.002197
-0.001953
-0.002075
-0.002319
-0.001221
-0.001831
-0.002563
-0.001709
-0.002808
-0.001709
-0.001831
-0.001831
-0.001709
-0.002075
-0.002197
-0.001953
-0.002808
-0.001831
-0.002930
-0.001465
-0.001709
-0.002319
-0.003418
-0.002686
-0.001831
-0.002563
-0.002930
-0.002930
-0.001831
-0.002197
-0.002563
-0.001221
-0.002563
-0.001831
-0.002563
-0.002563
-0.002197
-0.002319
-0.001709
-0.001221
-0.003052
-0.002563
-0.002075
-0.002930
-0.002930
-0.001709
-0.002808
-0.002197
-0.001343
-0.002197
-0.000854
-0.001953
-0.002686
-0.002075
-0.002197
-0.003052
-0.001953
-0.002930
-0.003662
-0.000854
-0.002686
-0.001953
-0.001953
-0.002319
-0.001953
-0.002563
-0.001099
-0.001343
-0.001831
-0.002686
-0.001465
-0.002075
-0.002075
-0.002075
-0.001465
-0.001953
-0.002686
-0.002075
-0.002563
-0.001831
-0.001709
-0.002686
-0.002930
-0.001709
-0.002808
-0.002563
-0.001709
-0.002930
-0.001221
-0.001709
-0.001465
-0.001953
-0.002075
-0.001831
-0.002563
-0.002075
-0.002319
-0.001465
-0.002808
-0.002075
-0.001831
-0.002197
-0.003052
-0.001709
-0.002563
-0.002563
-0.000854
-0.002075
-0.002808
-0.002075
-0.003052
-0.002686
-0.002075
-0.000977
-0.001831
-0.002930
-0.001953
-0.002563
-0.002075
-0.001221
-0.002075
-0.001709
-0.002930
-0.000732
-0.001709
-0.002563
-0.000854
-0.002563
-0.001221
-0.003662
-0.000854
-0.001587
-0.002686
-0.000977
-0.001709
-0.001953
-0.003174
-0.002808
-0.001709
-0.003052
-0.001709
-0.002075
-0.002930
-0.002563
-0.001465
-0.002075
-0.001709
-0.001953
-0.002197
-0.001709
-0.002075
-0.002930
-0.001953
-0.001343
-0.001831
-0.001953
-0.001953
-0.001465
-0.002075
-0.001953
-0.001709
-0.001953
-0.002197
-0.001953
-0.003052
-0.002075
-0.002563
-0.001465
-0.001953
-0.002319
-0.001953
-0.002686
-0.003052
-0.002808
-0.002075
-0.002686
-0.000854
-0.002075
-0.002563
-0.002319
-0.000854
-0.002686
-0.002563
-0.002686
-0.001953
-0.001831
-0.001831
-0.002563
-0.001953
-0.002563
-0.002563
-0.001709
-0.002075
-0.000977
-0.001587
-0.002441
-0.001709
-0.002319
-0.001709
-0.002930
-0.001953
-0.002563
-0.002686
-0.001465
-0.001953
-0.002808
-0.001709
-0.002075
-0.001953
-0.002563
-0.001709
-0.001831
-0.002686
-0.002686
-0.002197
-0.002197
-0.001709
-0.001221
-0.002197
-0.001343
-0.002441
-0.002563
-0.001221
-0.001831
-0.002319
-0.002075
-0.001709
-0.001221
-0.002686
-0.001709
-0.001099
-0.001953
-0.001709
-0.001831
-0.001343
-0.002197
-0.002319
-0.001953
-0.001831
-0.001709
-0.002075
-0.002563
-0.001831
-0.002563
-0.001953
-0.001831
-0.002075
-0.001831
-0.002563
-0.003052
-0.001953
-0.001709
-0.002075
-0.002563
-0.002197
-0.001831
-0.003052
-0.001465
-0.001709
-0.003052
-0.002563
-0.001465
-0.001221
-0.002075
-0.002319
-0.000854
-0.001709
-0.002319
-0.001099
-0.003052
-0.002686
-0.002197
-0.002319
-0.002563
-0.001465
-0.001709
-0.002930
-0.001343
-0.002197
-0.003174
-0.001709
-0.002563
-0.003174
-0.001831
-0.002808
-0.001709
-0.000488
-0.001221
-0.001709
-0.001709
-0.002319
-0.002686
-0.002686
-0.002075
-0.002930
-0.002075
-0.002563
-0.001709
-0.002563
-0.001465
-0.002686
-0.004395
-0.002441
-0.002808
-0.002075
-0.001953
-0.002563
-0.002808
-0.001343
-0.002197
-0.002563
-0.002808
-0.002319
-0.002075
-0.002686
-0.002319
-0.001343
-0.001831
-0.001831
-0.001465
-0.002197
-0.001831
-0.002197
-0.001465
-0.001831
-0.003174
-0.003906
-0.002319
-0.000488
-0.001953
-0.001953
-0.003052
-0.001709
-0.001831
-0.002808
-0.001465
-0.001709
-0.001953
-0.001465
-0.001953
-0.002075
-0.001709
-0.001831
-0.001709
-0.002686
-0.002808
-0.001709
-0.002075
-0.002930
-0.001953
-0.001831
-0.001953
-0.002075
-0.003418
-0.001465
-0.002441
-0.002075
-0.002197
-0.002075
-0.001831
-0.003662
-0.002197
-0.002319
-0.001709
-0.001343
-0.002197
-0.002197
-0.003540
-0.000977
-0.001709
-0.001709
-0.002441
-0.002808
-0.002563
-0.001465
-0.002075
-0.002563
-0.001709
-0.003052
-0.002808
-0.001709
-0.002563
-0.001709
-0.002319
-0.002075
-0.001221
-0.001709
-0.002563
-0.001099
-0.000122
-0.002563
-0.002563
-0.001099
-0.001953
-0.002075
-0.000854
-0.002441
-0.001465
-0.001831
-0.002563
-0.002686
-0.002563
-0.002563
-0.001831
-0.001221
-0.001831
-0.002075
-0.000854
-0.000854
-0.001709
-0.001221
-0.001709
-0.002197
-0.001831
-0.001099
-0.002441
-0.001099
-0.002563
-0.001465
-0.000854
-0.001587
-0.001221
-0.002563
-0.001831
-0.002075
-0.001343
-0.000854
-0.002197
-0.002563
-0.002563
-0.002319
-0.002319
-0.002930
-0.001465
-0.001587
-0.002563
-0.001709
-0.001587
-0.002563
-0.002686
-0.001831
-0.002197
-0.003418
-0.001343
-0.001587
-0.001953
-0.002197
-0.001709
-0.002563
-0.002075
-0.002197
-0.001465
-0.001343
-0.002808
-0.001709
-0.001221
-0.002441
-0.001953
-0.002563
-0.002686
-0.001709
-0.001953
-0.002686
-0.002075
-0.002197
-0.001465
-0.003418
-0.002319
-0.001709
-0.003540
-0.001953
-0.001709
-0.002197
-0.001953
-0.001709
-0.001709
-0.002197
-0.003174
-0.002563
-0.001831
-0.001221
-0.001831
-0.001709
-0.002563
-0.002930
-0.000854
-0.002197
-0.001953
-0.002563
0.000000
-0.001709
-0.002075
-0.000854
-0.001099
-0.000854
-0.002563
-0.002563
-0.002563
-0.002930
-0.002563
-0.000854
-0.002563
-0.002075
-0.001709
-0.001831
-0.001831
-0.003052
-0.001343
-0.001587
-0.003418
-0.003906
-0.001953
-0.002808
-0.001709
-0.001709
-0.000854
-0.002075
-0.002197
-0.000854
-0.001587
-0.002075
-0.001465
-0.001709
-0.001831
-0.000854
-0.002563
-0.000854
-0.001831
-0.002930
-0.002075
-0.001953
-0.001343
-0.002197
-0.001709
-0.002808
-0.002197
-0.001953
-0.002075
-0.000488
-0.000854
-0.001709
-0.002930
-0.001709
-0.001099
-0.002808
-0.001953
-0.002319
-0.001953
-0.002930
-0.000977
-0.001709
-0.001953
-0.002563
-0.002075
-0.002563
-0.002197
-0.001709
-0.001587
-0.001343
-0.001221
-0.002075
-0.002686
-0.000854
-0.002441
-0.003174
-0.002563
-0.002197
-0.002075
-0.001953
-0.001709
-0.001709
-0.001709
-0.001099
-0.002197
-0.001343
-0.002197
-0.002197
-0.002197
-0.001831
-0.002563
-0.001465
-0.003418
-0.002563
-0.001709
-0.000854
-0.001953
-0.001709
-0.002075
-0.002563
-0.001709
-0.002563
-0.002075
-0.002319
-0.002319
-0.001465
-0.000732
-0.002075
-0.002686
-0.002686
-0.001831
-0.001099
-0.000854
-0.001709
-0.002563
-0.001343
-0.001709
-0.001221
-0.002563
-0.000488
-0.002686
-0.003418
-0.002319
-0.002197
-0.001953
-0.001709
-0.002563
-0.002686
-0.002197
-0.002319
-0.001709
-0.000977
-0.002563
-0.003784
-0.002686
-0.001709
-0.002563
-0.002197
-0.002075
-0.001709
-0.002441
-0.002075
-0.001953
-0.002563
-0.002930
-0.002075
-0.003784
-0.001709
-0.002808
-0.002563
-0.001953
-0.002075
-0.002686
-0.000977
-0.001709
-0.002686
-0.001343
-0.001587
-0.001587
-0.001831
-0.003418
-0.001465
-0.001709
-0.002808
-0.001465
-0.002563
-0.002075
-0.001343
-0.001709
-0.002075
-0.002563
-0.001831
-0.001221
-0.002563
-0.001831
-0.002197
-0.002686
-0.001709
-0.001343
-0.001221
-0.001099
-0.000610
-0.002075
-0.003174
-0.001099
-0.002075
-0.002808
-0.001709
-0.002930
-0.001953
-0.002075
-0.002197
-0.001831
-0.000488
-0.000977
-0.002441
-0.002197
-0.001709
-0.001709
-0.001343
-0.003052
-0.002686
-0.001709
-0.002686
-0.002563
-0.001831
-0.002563
-0.002686
-0.001709
-0.002197
-0.002197
-0.003418
-0.001831
-0.000977
-0.001099
-0.001953
-0.002319
-0.001221
-0.002686
-0.002197
-0.001953
-0.001709
-0.002563
-0.002075
-0.001709
-0.001587
-0.003784
-0.002808
-0.002563
-0.001831
-0.002808
-0.001465
-0.002686
-0.003418
-0.001465
-0.002686
-0.002563
-0.002075
-0.002075
-0.001709
-0.001953
-0.001831
-0.002686
-0.001953
-0.001221
-0.002563
-0.001709
-0.001709
-0.002686
-0.002075
-0.002563
-0.001831
-0.002197
-0.002197
-0.001709
-0.001709
-0.002197
-0.001953
-0.002808
-0.002686
-0.000732
-0.000977
-0.002563
-0.001709
-0.001587
-0.002075
-0.001953
-0.001953
-0.001465
-0.002563
-0.001099
-0.001343
-0.001709
-0.001953
-0.002686
-0.001953
-0.002686
-0.002075
-0.002075
-0.001709
-0.001587
-0.001343
-0.002075
-0.001221
-0.001587
-0.001709
-0.001587
-0.002441
-0.001953
-0.003052
-0.001709
-0.001709
-0.001709
-0.000854
-0.001709
-0.002930
-0.002075
-0.000732
-0.001221
-0.002563
-0.002075
-0.002075
-0.001831
-0.001709
-0.002563
-0.002686
-0.002319
-0.001465
-0.002563
-0.002563
-0.001831
-0.001953
-0.001465
-0.003052
-0.001343
-0.001709
-0.002808
-0.000854
-0.001953
-0.002319
-0.001343
-0.002075
-0.001221
-0.001953
-0.002930
-0.001343
-0.002075
-0.002686
-0.001221
-0.001831
-0.001099
-0.002075
-0.001343
-0.000977
-0.001831
-0.002563
-0.001465
-0.002075
-0.002075
-0.001953
-0.001831
-0.002075
-0.002319
-0.002075
-0.002563
-0.001099
-0.002808
-0.002075
-0.003418
-0.001465
-0.002441
-0.001831
-0.000488
-0.001953
-0.000854
-0.001099
-0.002197
-0.001831
-0.000732
-0.001343
-0.001831
-0.002075
-0.002563
-0.001953
-0.001221
-0.001953
-0.002197
-0.002563
-0.003174
-0.001709
-0.001587
-0.001343
-0.001099
-0.001587
-0.002930
-0.002197
-0.002075
-0.002075
-0.001831
-0.001465
-0.002930
-0.002808
-0.003174
-0.001953
-0.001953
-0.001221
-0.002075
-0.002197
-0.001709
-0.002563
-0.002563
-0.001709
-0.002808
-0.001221
-0.001831
-0.002686
-0.001953
-0.002197
-0.002563
-0.003052
-0.002075
-0.002563
-0.001709
-0.001831
-0.001709
-0.002075
-0.001465
-0.002441
-0.000977
-0.002686
-0.003418
-0.002930
-0.002808
-0.002686
-0.001343
-0.002563
-0.002686
-0.001831
-0.002197
-0.002930
-0.001465
-0.002075
-0.003418
-0.001587
-0.002808
-0.001343
-0.001587
-0.001831
-0.001831
-0.002563
-0.003418
-0.000854
-0.001099
-0.002075
-0.002563
-0.001953
-0.001343
-0.002075
-0.001099
-0.001709
-0.002075
-0.001709
-0.001343
-0.002075
-0.002563
-0.000854
-0.001343
-0.001709
-0.001709
-0.001709
-0.002563
-0.002930
-0.001953
-0.002319
-0.002319
-0.002197
-0.001465
-0.001709
-0.001099
-0.001587
-0.001709
-0.000854
-0.002441
-0.002319
-0.002319
-0.001831
-0.003418
-0.001709
-0.001953
-0.001343
-0.001953
-0.002319
-0.001099
-0.001709
-0.002075
-0.002686
-0.001343
-0.000610
-0.001221
-0.002563
-0.001343
-0.001709
-0.001709
-0.002563
-0.002930
-0.000854
-0.001343
-0.001587
-0.001221
-0.001587
-0.002197
-0.001221
-0.001099
-0.002441
-0.002197
-0.001709
-0.002686
-0.001465
-0.002686
-0.003418
-0.001221
-0.002075
-0.002563
-0.001831
-0.001709
-0.002808
-0.002075
-0.001465
-0.001709
-0.002197
-0.001709
-0.002197
-0.002319
-0.002563
-0.001465
-0.001831
-0.001953
-0.001709
-0.002319
-0.001953
-0.002075
-0.002930
-0.002197
-0.002563
-0.001343
-0.002441
-0.001221
-0.001709
-0.002197
-0.002075
-0.002197
-0.001709
-0.002319
-0.002197
-0.003052
-0.002563
-0.002075
-0.000977
-0.002441
-0.002319
-0.001831
-0.001709
-0.002197
-0.001343
-0.001953
-0.000854
-0.001709
-0.002197
-0.001465
-0.003296
-0.000977
-0.002563
-0.002808
-0.001099
-0.002930
-0.001709
-0.001831
-0.002197
-0.002197
-0.001953
-0.001709
-0.002197
-0.003174
-0.001709
-0.001709
-0.002808
-0.001343
-0.002197
-0.002808
-0.002686
-0.001709
-0.002808
-0.002075
-0.000732
-0.002563
-0.002075
-0.002197
-0.001221
-0.000244
-0.002563
-0.002563
-0.001465
-0.002686
-0.002563
-0.002075
-0.001831
-0.002686
-0.001343
-0.001099
-0.002075
-0.003418
-0.001953
-0.001465
-0.001709
-0.002197
-0.001831
-0.002808
-0.002808
-0.002319
-0.001099
-0.001587
-0.002441
-0.001709
-0.001343
-0.003418
-0.001953
-0.002563
-0.003174
-0.002686
-0.001709
-0.001831
-0.001831
-0.001709
-0.000732
-0.002563
-0.002808
-0.001465
-0.001709
-0.001953
-0.001953
-0.001831
-0.001709
-0.002075
-0.001709
-0.001953
-0.001465
-0.001587
-0.002930
-0.001953
-0.000854
-0.003052
-0.001831
-0.001343
-0.001709
-0.002441
-0.002563
-0.001709
-0.002319
-0.001465
-0.003296
-0.001221
-0.002441
-0.002075
-0.001709
-0.002197
-0.001343
-0.001343
-0.001343
-0.001221
-0.001221
-0.000122
-0.001099
-0.001709
-0.002563
-0.001221
-0.001709
-0.001709
-0.001831
-0.000854
-0.001709
-0.001709
-0.000610
-0.002075
-0.001343
-0.001587
-0.001709
-0.001587
-0.001709
-0.001709
-0.001953
-0.001709
-0.001587
-0.001343
-0.001587
-0.002930
-0.001099
-0.002686
-0.001709
-0.002563
-0.001831
-0.001221
-0.001221
-0.003296
-0.001465
-0.001953
-0.001709
-0.000854
-0.003418
-0.002563
-0.002808
-0.001465
-0.000854
-0.001709
-0.001587
-0.001099
-0.002563
-0.003418
0.000000
-0.001465
-0.002441
-0.002319
-0.001953
-0.001709
-0.002563
-0.001343
-0.001709
-0.001709
-0.001343
-0.001709
-0.001831
-0.001831
-0.002808
-0.001831
-0.000854
-0.001221
-0.000977
-0.000977
-0.000977
-0.002075
-0.002686
-0.002075
-0.001465
-0.002075
-0.003174
-0.001831
-0.001831
-0.002197
-0.001343
-0.001587
-0.001709
-0.001709
-0.002441
-0.001099
-0.001587
-0.001221
-0.000854
-0.002563
-0.003174
-0.002319
-0.001709
-0.001709
-0.001343
-0.002197
-0.003540
-0.002319
-0.001465
-0.001953
-0.002319
-0.001099
-0.001709
-0.001953
-0.001343
-0.000366
-0.003052
-0.001831
-0.001831
-0.002563
-0.001709
-0.002686
-0.002197
-0.002319
-0.002686
-0.002808
-0.002075
-0.003174
-0.002563
-0.002563
-0.002930
-0.002197
-0.001343
-0.001221
-0.001709
-0.002563
-0.001343
-0.002075
-0.000854
-0.002441
-0.002197
-0.003052
-0.002319
-0.000854
-0.002441
-0.002563
-0.000854
-0.001709
-0.002930
-0.003052
-0.002075
-0.002197
-0.001709
-0.002563
-0.002075
-0.002686
-0.001465
-0.000854
-0.003662
-0.001831
-0.003174
-0.001099
-0.001221
-0.001953
-0.001953
-0.001953
-0.001831
-0.001221
-0.002075
-0.002686
-0.002319
-0.002808
-0.001953
-0.002563
-0.001953
-0.002319
-0.001709
-0.002563
-0.001465
-0.001587
-0.002075
-0.002197
-0.002075
-0.001221
-0.000977
-0.000732
-0.002930
-0.002686
-0.002197
-0.002319
-0.002686
-0.002319
-0.002319
-0.001953
-0.001709
-0.001587
-0.002075
-0.001831
-0.001709
-0.002808
-0.000366
-0.003052
-0.002197
-0.001709
-0.001709
-0.001221
-0.001343
-0.002686
-0.002563
-0.002197
-0.002563
-0.001953
-0.000488
-0.001953
-0.001465
-0.003418
-0.002075
0.000000
-0.002441
-0.003174
-0.001709
-0.002563
-0.002930
-0.000854
-0.002197
-0.001709
-0.002563
-0.002563
-0.001709
-0.002441
-0.002075
-0.002563
-0.002808
-0.001343
-0.001709
-0.002319
-0.002197
-0.001831
-0.001709
-0.002075
-0.001831
-0.002197
-0.002319
-0.001709
-0.002563
-0.002197
-0.002197
-0.002563
-0.001099
-0.001343
-0.001709
-0.002563
-0.002319
-0.002075
-0.002930
-0.001343
-0.002808
-0.001709
-0.000732
-0.001221
-0.002563
-0.002930
-0.001831
-0.002075
-0.001099
-0.001587
-0.003418
-0.001953
-0.002319
-0.002319
-0.002686
-0.001953
-0.002563
-0.002075
-0.001953
-0.001221
-0.002075
-0.003418
-0.002075
-0.001831
-0.002075
-0.001953
-0.002319
-0.002686
-0.001953
-0.001465
-0.001221
-0.001709
-0.001709
-0.001831
-0.001465
-0.001587
-0.002930
-0.002075
-0.001953
-0.002563
-0.001465
-0.001709
-0.001953
-0.000854
-0.001343
-0.003052
-0.001953
-0.002563
-0.001343
-0.002686
-0.002197
-0.001831
-0.003418
-0.001831
-0.001343
-0.001343
-0.001221
-0.001221
-0.001221
-0.001831
-0.003052
-0.002075
-0.002563
-0.002686
-0.002075
-0.001099
-0.002075
-0.002686
-0.001831
-0.001709
-0.001343
-0.001831
-0.002319
-0.001831
-0.000732
-0.002563
-0.002686
-0.002319
-0.003418
-0.002197
-0.002075
-0.002563
-0.001953
-0.001709
-0.001221
-0.002563
-0.001953
-0.002563
-0.002319
-0.000977
-0.002197
-0.002075
-0.001709
-0.004272
-0.002075
-0.001709
-0.002075
-0.001709
-0.002563
-0.002808
-0.001709
-0.001465
-0.001221
-0.002197
-0.002563
-0.001465
-0.002197
-0.001465
-0.002686
-0.001099
-0.002686
-0.001221
-0.000732
-0.002563
-0.000854
-0.002563
-0.001465
-0.002563
-0.002075
-0.003540
-0.002563
-0.001953
-0.001831
-0.002686
-0.001709
-0.002197
-0.002197
-0.001709
-0.003418
-0.001465
-0.001831
-0.002197
-0.002197
-0.001709
-0.000244
-0.001953
-0.000732
-0.001709
-0.002930
-0.003174
-0.003418
-0.001221
-0.001709
-0.002808
-0.002563
-0.002197
-0.002197
-0.003174
-0.002319
-0.001953
-0.002930
-0.001709
-0.002075
-0.001953
-0.002075
-0.002075
-0.002319
-0.002808
-0.002197
-0.001099
-0.002563
-0.002563
-0.002930
-0.002075
-0.001709
-0.001587
-0.001343
-0.003052
-0.000366
-0.000977
-0.002441
-0.000854
-0.002808
-0.001709
-0.002563
-0.001709
-0.001709
-0.001831
-0.001831
-0.002075
-0.001831
-0.002319
-0.001343
-0.002075
-0.001709
-0.001953
-0.001465
-0.003296
-0.001831
-0.002197
-0.002075
-0.001831
-0.001343
-0.001831
-0.002075
-0.002686
-0.002075
-0.002808
-0.001831
-0.001953
-0.001953
-0.002686
-0.002930
-0.002686
-0.002319
-0.002930
-0.002563
-0.001709
-0.001831
-0.002563
-0.002197
-0.001709
-0.002075
-0.002563
-0.001709
-0.001831
-0.002319
-0.000854
-0.002075
-0.001709
-0.002197
-0.001465
-0.001831
-0.001221
-0.002441
-0.001831
-0.001221
-0.002075
-0.001465
-0.002197
-0.002197
-0.001831
-0.002075
-0.002930
-0.001709
-0.001953
-0.001831
-0.001831
-0.002075
-0.001953
-0.002563
-0.001831
-0.002930
-0.000977
-0.001953
-0.001343
-0.001831
-0.001343
-0.001953
-0.002197
-0.002808
-0.002686
-0.001953
-0.001953
-0.001953
-0.002563
-0.002563
-0.001343
-0.001953
-0.000488
-0.002441
-0.002808
-0.001831
-0.003662
-0.002197
-0.001831
-0.001709
-0.002075
-0.002563
-0.001343
-0.001709
-0.001953
-0.002686
-0.002563
-0.002197
-0.001221
-0.001831
-0.002075
-0.002319
-0.002808
-0.002319
-0.002686
-0.002319
-0.002197
-0.002075
-0.002319
-0.002563
-0.002075
-0.001953
-0.002319
-0.001709
-0.001587
-0.003418
-0.001221
-0.001831
-0.002563
-0.002319
-0.001709
-0.002808
-0.002319
-0.002197
-0.002563
-0.001953
-0.001953
-0.002197
-0.001831
-0.001343
-0.001099
-0.001709
-0.001953
-0.001953
-0.002319
-0.001953
-0.002563
-0.002075
-0.001709
-0.002563
-0.001709
-0.002197
-0.001831
-0.002075
-0.001953
-0.002563
-0.001953
-0.002197
-0.001709
-0.000977
-0.002930
-0.001343
-0.002686
-0.002197
-0.003174
-0.002075
-0.001831
-0.002808
-0.001831
-0.001343
-0.002075
-0.002563
-0.001953
-0.000977
-0.002808
-0.001831
-0.002075
-0.002197
-0.000854
-0.003052
-0.002075
-0.001831
-0.001831
-0.002563
-0.001221
-0.002563
-0.001709
-0.003418
-0.002075
-0.001465
-0.002441
-0.002075
-0.001709
-0.001709
-0.001953
-0.001953
-0.000854
-0.001709
-0.001953
-0.002319
-0.001831
-0.001221
-0.000854
-0.001709
-0.002563
-0.002075
-0.002563
-0.001953
-0.000854
-0.002808
-0.001709
-0.001343
-0.002197
-0.002563
-0.002563
-0.001709
-0.001709
-0.001953
-0.003174
-0.000732
-0.000854
-0.001831
-0.002808
-0.002686
-0.001831
-0.000854
-0.002197
-0.002563
-0.001709
-0.002686
-0.002197
-0.001831
-0.002197
-0.001831
-0.002075
-0.001709
-0.001587
-0.002075
-0.001709
-0.001709
-0.001709
-0.002075
-0.002197
-0.002075
-0.001221
-0.002197
-0.002197
-0.001953
-0.002563
-0.002563
-0.002197
-0.002563
-0.001465
-0.000854
-0.002563
-0.001709
-0.001221
-0.001587
-0.001099
-0.002441
-0.001709
-0.002441
-0.001953
-0.002197
-0.002197
-0.002197
-0.001831
-0.002686
-0.001709
-0.002319
-0.002075
-0.002197
-0.002197
-0.001343
-0.002808
-0.001831
-0.003174
-0.001953
-0.001953
-0.003418
-0.001831
-0.002319
-0.002686
-0.001465
-0.000977
-0.001709
-0.002319
-0.001953
-0.001221
-0.002441
-0.002075
-0.002319
-0.002808
-0.002563
-0.001465
-0.002563
-0.001343
-0.001953
-0.001709
-0.001221
-0.002930
-0.001465
-0.002441
-0.001953
-0.000854
-0.002197
-0.001709
-0.001709
-0.001709
-0.002563
-0.002563
-0.000366
-0.001587
-0.001953
-0.003052
-0.002686
-0.002686
-0.002319
-0.002563
-0.001099
-0.003052
-0.000977
-0.002441
-0.003418
-0.000977
-0.001587
-0.002441
-0.003418
-0.002319
-0.001343
-0.001709
-0.001953
-0.002930
-0.001465
-0.001709
-0.001709
-0.001709
-0.002075
-0.002075
-0.001953
-0.002686
-0.002808
-0.001831
-0.002930
-0.001465
-0.000732
-0.001831
-0.002075
-0.002808
-0.003784
-0.001953
-0.001343
-0.002686
-0.001709
-0.001343
-0.002930
-0.001953
-0.001709
-0.002319
-0.002319
-0.001709
-0.001709
-0.001953
-0.003052
-0.002197
-0.002197
-0.000732
-0.001953
-0.001709
-0.001465
-0.002563
-0.002563
-0.002075
-0.002197
-0.002563
-0.002197
-0.001709
-0.003418
-0.002197
-0.002563
-0.001465
-0.001953
-0.001831
-0.001953
-0.002197
-0.001221
-0.002441
-0.002075
-0.001709
-0.002686
-0.002319
-0.001465
-0.002563
-0.002197
-0.002319
-0.002197
-0.001709
-0.002075
-0.001221
-0.003418
-0.002686
-0.002808
-0.002197
-0.001343
-0.003052
-0.001953
-0.001709
-0.002197
-0.001709
-0.001953
-0.001953
-0.001831
-0.001831
-0.002197
-0.001099
-0.001221
-0.002686
-0.002197
-0.000854
-0.003052
-0.001831
-0.002075
-0.002319
-0.002197
-0.001709
-0.002563
-0.002197
-0.001709
-0.001465
-0.001221
-0.001831
-0.002075
-0.001709
-0.002563
-0.001465
-0.002075
-0.002197
-0.001953
-0.001953
-0.003418
-0.001221
-0.002197
-0.002808
-0.001221
-0.002808
-0.003540
-0.001587
-0.002075
-0.001465
-0.001831
-0.002075
-0.002686
-0.003052
-0.002930
-0.001465
-0.001587
-0.002930
-0.003540
-0.001953
-0.002686
-0.001221
-0.001587
-0.001343
-0.001953
-0.003174
-0.002197
-0.001465
-0.002197
-0.001709
-0.002319
-0.001221
-0.002686
-0.002319
-0.001465
-0.002563
-0.002930
-0.001709
-0.001953
-0.003174
-0.002686
-0.001709
-0.002441
-0.002319
-0.001953
-0.002808
-0.002930
-0.001709
-0.003174
-0.001709
-0.000977
-0.002441
-0.003052
-0.002563
-0.001221
-0.001587
-0.001587
-0.000977
-0.001709
-0.001709
-0.001953
-0.001953
-0.001831
-0.003052
-0.001709
-0.001709
-0.002075
-0.002197
-0.002075
-0.001709
-0.002808
-0.001831
-0.002075
-0.002197
-0.001831
-0.001343
-0.003296
-0.001953
-0.001953
-0.002197
-0.002197
-0.001831
-0.002197
-0.002686
-0.001709
-0.002808
-0.002563
-0.003174
-0.002197
-0.001831
-0.001465
-0.001953
-0.002808
-0.001709
-0.001587
-0.001831
-0.002197
-0.002563
-0.001831
-0.001831
-0.001831
-0.002563
-0.002075
-0.003052
-0.002075
-0.003662
-0.002563
-0.001831
-0.001953
-0.002686
-0.002563
-0.003174
-0.002075
-0.002563
-0.001831
-0.001831
-0.001709
-0.002441
-0.002197
-0.002075
-0.002197
-0.001709
-0.002075
-0.001709
-0.001709
-0.002075
-0.001953
-0.001953
-0.003418
-0.001099
-0.001831
-0.002563
-0.002075
-0.001709
-0.001953
-0.002197
-0.001343
-0.002075
-0.001221
-0.001709
-0.002686
-0.001709
-0.000854
-0.002075
-0.002930
-0.000854
-0.002563
-0.002319
-0.000977
-0.002808
-0.002563
-0.003052
-0.001953
-0.001709
-0.001343
-0.001709
-0.002686
-0.001831
-0.001831
-0.002808
-0.001099
-0.001343
-0.002808
-0.002686
-0.001953
-0.001709
-0.001709
-0.002075
-0.002930
-0.001953
-0.002563
-0.002563
-0.002930
-0.001709
-0.000977
-0.001221
-0.002441
-0.001709
-0.002075
-0.002197
-0.001953
-0.001465
-0.002808
-0.002075
-0.001953
-0.001831
-0.001953
-0.001953
-0.002319
-0.003052
-0.002686
-0.001343
-0.002686
-0.002197
-0.001343
-0.001099
-0.002563
-0.002075
-0.001709
-0.003174
-0.001343
-0.002075
-0.002319
-0.002808
-0.001709
-0.001587
-0.001709
-0.002075
-0.001465
-0.001953
-0.002563
-0.003174
-0.002075
-0.002563
-0.001831
-0.001709
-0.002197
-0.001709
-0.002930
-0.001709
-0.001709
-0.001953
-0.000488
-0.001953
-0.001221
-0.002075
-0.003418
-0.001221
-0.002075
-0.002808
-0.001221
-0.003296
-0.002563
-0.002563
-0.001343
-0.001709
-0.001343
-0.001831
-0.002563
-0.001831
-0.001831
-0.000122
-0.001953
-0.002075
-0.001343
-0.003052
-0.001343
-0.002075
-0.001343
-0.001831
-0.002808
-0.002197
-0.000854
-0.000732
-0.001343
-0.002441
-0.002686
-0.001465
-0.002563
-0.001343
-0.002808
-0.001709
-0.001709
-0.002441
-0.001709
-0.002686
-0.001709
-0.000732
-0.002075
-0.001709
-0.002563
-0.002686
-0.002563
-0.002319
-0.002563
-0.003418
-0.001709
-0.002808
-0.001709
-0.002563
-0.003052
-0.002563
-0.002563
-0.002319
-0.002075
-0.001709
-0.001831
-0.001709
-0.002808
-0.002563
-0.002563
-0.001709
-0.002563
-0.001343
-0.001953
-0.002930
-0.001709
-0.001343
-0.002808
-0.001953
-0.001953
-0.003418
-0.001831
-0.001465
-0.002197
-0.001831
-0.002808
-0.001709
-0.002808
-0.001709
-0.001099
-0.001953
-0.003784
-0.003174
-0.001465
-0.002808
-0.002563
-0.001343
-0.002197
-0.002197
-0.002197
-0.002319
-0.003052
-0.002075
-0.001465
-0.001587
-0.002075
-0.001709
-0.001709
-0.001587
-0.001709
-0.002808
-0.002197
-0.001831
-0.000854
-0.002441
-0.002319
-0.001709
-0.001709
-0.002563
-0.002197
-0.001221
-0.001099
-0.002075
-0.001221
-0.001343
-0.001953
-0.002319
-0.001709
-0.001953
-0.001465
-0.002563
-0.001831
-0.001465
-0.001709
-0.001099
-0.001953
-0.000977
-0.001099
-0.001221
-0.002075
-0.002075
-0.000854
-0.002930
-0.001953
-0.001709
-0.002686
-0.000854
-0.001953
-0.001221
-0.002930
-0.002686
-0.001709
-0.002930
-0.002197
-0.001709
-0.002197
-0.001709
-0.002563
-0.002197
-0.001709
-0.001709
-0.003052
-0.001709
-0.002563
-0.001343
-0.001953
-0.003174
-0.001709
-0.001343
-0.002075
-0.002563
-0.002563
-0.000854
-0.003052
-0.003418
-0.000854
-0.001709
-0.003296
-0.001831
-0.002075
-0.002563
-0.002197
-0.002319
-0.001831
-0.002563
-0.002930
-0.001831
-0.001709
-0.002075
-0.002808
-0.001831
-0.002930
-0.002563
-0.002319
-0.002563
-0.001709
-0.002563
-0.002075
-0.002319
-0.002930
-0.001831
-0.002075
-0.002686
-0.001465
-0.001709
-0.002075
-0.002075
-0.001831
-0.001465
-0.001953
-0.002075
-0.003540
-0.002808
-0.001465
-0.001343
-0.002075
-0.002563
-0.002563
-0.001953
-0.002563
-0.002075
-0.001465
-0.000122
-0.002197
-0.002319
-0.002075
-0.002075
-0.002075
-0.001709
-0.001099
-0.001099
-0.001221
-0.001709
-0.002319
-0.002197
-0.002563
-0.002930
-0.002686
-0.003174
-0.002563
-0.003052
-0.003418
-0.001709
-0.003418
-0.002197
-0.001953
-0.002563
-0.002930
-0.002075
-0.001709
-0.002197
-0.002197
-0.001221
-0.001709
-0.001465
-0.002197
-0.002197
-0.001221
-0.002930
-0.002197
-0.001831
-0.001953
-0.002319
-0.001831
-0.002563
-0.001953
-0.001831
-0.003906
-0.002930
-0.001831
-0.001831
-0.001831
-0.001831
-0.002563
-0.001709
-0.002075
-0.001953
-0.001343
-0.001831
-0.002563
-0.001343
-0.002808
-0.002197
-0.000732
-0.001831
-0.002075
-0.002319
-0.002930
-0.000732
-0.001831
-0.002197
-0.001343
-0.002563
-0.002808
-0.001953
-0.001709
-0.000977
-0.001099
-0.002563
-0.002808
-0.001343
-0.002808
-0.002808
-0.001831
-0.001465
-0.002197
-0.002686
-0.001709
-0.001221
-0.003052
-0.002563
-0.001709
-0.002075
-0.002197
-0.001953
-0.001343
-0.003052
-0.002197
-0.003174
-0.000488
-0.002686
-0.002563
-0.002075
-0.002075
-0.001709
-0.001953
-0.001831
-0.002197
-0.002197
-0.000854
-0.003662
-0.002319
-0.002808
-0.001953
-0.002319
-0.001221
-0.001953
-0.002319
-0.001953
-0.002808
-0.001831
-0.001709
-0.002319
-0.001709
-0.001831
-0.002930
-0.001709
-0.002808
-0.001465
-0.002563
-0.001831
-0.002075
-0.002197
-0.001221
-0.000977
-0.002197
-0.001831
-0.002319
-0.000854
-0.000366
-0.001709
-0.001709
-0.002197
-0.002563
-0.000854
-0.002686
-0.001709
-0.001343
-0.001953
-0.001953
-0.001953
-0.002319
-0.002686
-0.001709
-0.001465
-0.002563
-0.002197
-0.002930
-0.002319
-0.001709
-0.002563
-0.000977
-0.001831
-0.002075
-0.001221
-0.002197
-0.002197
-0.001953
-0.002930
-0.001709
-0.002563
-0.002563
-0.000366
-0.001709
-0.001953
-0.000488
-0.001831
-0.002319
-0.001953
-0.001709
-0.001709
-0.002319
-0.001831
-0.001953
-0.001953
-0.001709
-0.002075
-0.001221
-0.002808
-0.001709
-0.002686
-0.001709
-0.002808
-0.002197
-0.002930
-0.002197
-0.001465
-0.001709
-0.002075
-0.002075
-0.002563
-0.002197
-0.002686
-0.002197
-0.002197
-0.001465
-0.002563
-0.003052
-0.001709
-0.002319
-0.001221
-0.002686
-0.001343
-0.001709
-0.002197
-0.002075
-0.001831
-0.003906
-0.002563
-0.001831
-0.001831
-0.000854
-0.001831
-0.001709
-0.002563
-0.001953
-0.001465
-0.001831
-0.002686
-0.002319
-0.001831
-0.003052
-0.002808
-0.003418
-0.002686
-0.002075
-0.002563
-0.001831
-0.002686
-0.002319
-0.001343
-0.002197
-0.002197
-0.002808
-0.002197
-0.002563
-0.001709
-0.001953
-0.001221
-0.002197
-0.001709
-0.002197
-0.002563
-0.002075
-0.002197
-0.001709
-0.003906
-0.002686
-0.001953
-0.000977
-0.002808
-0.001709
-0.002563
-0.001709
-0.002930
-0.001343
-0.001099
-0.003418
-0.001831
-0.002075
-0.002319
-0.002197
-0.002319
-0.001831
-0.001953
-0.002075
-0.002075
-0.002563
-0.000732
-0.001831
-0.001221
-0.002808
-0.001709
-0.003540
-0.002563
-0.002808
-0.002686
-0.001709
-0.003296
-0.001831
-0.002075
-0.002319
-0.002930
-0.001221
-0.001831
-0.001465
-0.001709
-0.002319
-0.002808
-0.000244
-0.001709
-0.001953
-0.001709
-0.001221
-0.001099
-0.001709
-0.003052
-0.001709
-0.002075
-0.002319
-0.002930
-0.002563
-0.003418
-0.001831
-0.001953
-0.002808
-0.001709
-0.002563
-0.001831
-0.001709
-0.002808
-0.001221
-0.001831
-0.002563
-0.002563
-0.001831
-0.002197
-0.001465
-0.001709
-0.001709
-0.001099
-0.002686
-0.002686
-0.001953
-0.002563
-0.000854
-0.002197
-0.002075
-0.002563
-0.001709
-0.001709
-0.002686
-0.002197
-0.001709
-0.001831
-0.001221
-0.002441
-0.002686
-0.002563
-0.001709
-0.001587
-0.001831
-0.002563
-0.001709
-0.003418
-0.002808
-0.001831
-0.002197
-0.001709
-0.002563
-0.001709
-0.001099
-0.001831
-0.001221
-0.002808
-0.001465
-0.002075
-0.002686
-0.000854
-0.001343
-0.002563
-0.001343
-0.001343
-0.001953
-0.002319
-0.001221
-0.001831
-0.001465
-0.001953
-0.002686
-0.003174
-0.001709
-0.001709
-0.002563
-0.001831
-0.002319
-0.002808
-0.002563
-0.002563
-0.001709
-0.001709
-0.002197
-0.001099
-0.001099
-0.001343
-0.001709
-0.002563
-0.002197
-0.003418
-0.001709
-0.002197
-0.001343
-0.001953
-0.001709
-0.002441
-0.001709
-0.001709
-0.001465
-0.000854
-0.001953
-0.001831
-0.002075
-0.002075
-0.000854
-0.001709
-0.000366
-0.002075
-0.002319
-0.001221
-0.000732
-0.002563
-0.002686
-0.001831
-0.002563
-0.001709
-0.002075
-0.002563
-0.002563
-0.001709
-0.002808
-0.002075
-0.001099
-0.002197
-0.002563
-0.002563
-0.002686
-0.001221
-0.001221
-0.001221
-0.001343
-0.001587
-0.001709
-0.002686
-0.002075
-0.003052
-0.001221
-0.000854
-0.002441
-0.001831
-0.002075
-0.001709
-0.001709
-0.002075
-0.001709
-0.001953
-0.003174
-0.002563
-0.002563
-0.001831
-0.003174
-0.002197
-0.001831
-0.001709
-0.002197
-0.002319
-0.000488
-0.001953
-0.002686
-0.002197
-0.002563
-0.001709
-0.002197
-0.002197
-0.000854
-0.002075
-0.003052
-0.001831
-0.002563
-0.002319
-0.003052
-0.001953
-0.002686
-0.002197
-0.001709
-0.002563
-0.001343
-0.002197
-0.002197
-0.002075
-0.002319
-0.001343
-0.002197
-0.002197
-0.002075
-0.001709
-0.001831
-0.002563
-0.002319
-0.001709
-0.002075
-0.001831
-0.001953
-0.001465
-0.000977
-0.002197
-0.001465
-0.001953
-0.002197
-0.002319
-0.002075
-0.003418
-0.002808
-0.001709
-0.001343
-0.002563
-0.002319
-0.001709
-0.002808
-0.002563
-0.001953
-0.001709
-0.001465
-0.001221
-0.001221
-0.002075
-0.002563
-0.002075
-0.001343
-0.001831
-0.002075
-0.002563
-0.001709
-0.001831
-0.001831
-0.002075
-0.001343
-0.001953
-0.002197
-0.000977
-0.003296
-0.002197
-0.001831
-0.002563
-0.001709
-0.002563
-0.002563
-0.001709
-0.002197
-0.000854
-0.001099
-0.002197
-0.003418
-0.003052
-0.001709
-0.001709
-0.002441
-0.001709
-0.001587
-0.001831
-0.002197
-0.001465
-0.000732
-0.001709
-0.002686
-0.002075
-0.002563
-0.003174
-0.002319
-0.002319
-0.002686
-0.001709
-0.001953
-0.002197
-0.001709
-0.001465
-0.002563
-0.002197
-0.001953
-0.001953
-0.002563
-0.001343
-0.001709
-0.002563
-0.001709
-0.002808
-0.001465
-0.002686
-0.003052
-0.001465
-0.002441
-0.002075
-0.002197
-0.002197
-0.001343
-0.001831
-0.002563
-0.001099
-0.002563
-0.001099
-0.001831
-0.001709
-0.000977
-0.001831
-0.001465
-0.002075
-0.002319
-0.001831
-0.001953
-0.002930
-0.001709
-0.002686
-0.002075
-0.001709
-0.002808
-0.001709
-0.001709
-0.001953
-0.001953
-0.002075
-0.001709
-0.000977
-0.002075
-0.003418
-0.002808
-0.002075
-0.001831
-0.002686
-0.001465
-0.001953
-0.002319
-0.003418
-0.002075
-0.002686
-0.002075
-0.001831
-0.001343
-0.002808
-0.002686
-0.002808
-0.001221
-0.003296
-0.001221
-0.000366
-0.002808
-0.002686
-0.002197
-0.001953
-0.001465
-0.003296
-0.001831
-0.002319
-0.002563
-0.002319
-0.002563
-0.000854
-0.002808
-0.001709
-0.001099
-0.001587
-0.001709
-0.003296
-0.002197
-0.001831
-0.002075
-0.002563
-0.002808
-0.001831
-0.001953
-0.003418
-0.001343
-0.001709
-0.001953
-0.001953
-0.002319
-0.001709
-0.002441
-0.002563
-0.002808
-0.002930
-0.001831
-0.002563
-0.000854
-0.001709
-0.002563
-0.001343
-0.002563
-0.003174
-0.002930
-0.000488
-0.001831
-0.001343
-0.001343
-0.002563
-0.001709
-0.001953
-0.002686
-0.002075
-0.002075
-0.002197
-0.000854
-0.001953
-0.002563
-0.001831
-0.003540
-0.002197
-0.001099
-0.002563
-0.002197
-0.001221
-0.002563
-0.001831
-0.002075
-0.001953
-0.002075
-0.001709
-0.001221
-0.001099
-0.001709
-0.002197
-0.000854
-0.002075
-0.001221
-0.001709
-0.001709
-0.001709
-0.002930
-0.002075
-0.001831
-0.002319
-0.001953
-0.002563
-0.002686
-0.002075
-0.001099
-0.001221
-0.002686
-0.001709
-0.001831
-0.002808
-0.001709
-0.002075
-0.002075
-0.001831
-0.001709
-0.001953
-0.002319
-0.002808
-0.002197
-0.001709
-0.000732
-0.001709
-0.001587
-0.000854
-0.001709
-0.001953
-0.002075
-0.002563
-0.001831
-0.001831
-0.001953
-0.002075
-0.001465
-0.002075
-0.001709
-0.000977
-0.001099
-0.001831
-0.002075
-0.002319
-0.002563
-0.001953
-0.002563
-0.001953
-0.002197
-0.002686
-0.002197
-0.002197
-0.002808
-0.002808
-0.002808
-0.001221
-0.001709
-0.003052
-0.002075
-0.002930
-0.001099
-0.000732
-0.002197
-0.001465
-0.002441
-0.002319
-0.001709
-0.001709
-0.002686
-0.001953
-0.001709
-0.002563
-0.002563
-0.002319
-0.001221
-0.002563
-0.001831
-0.001709
-0.002075
-0.001709
-0.002441
-0.001953
-0.002319
-0.002563
-0.002197
-0.001831
-0.002686
-0.001709
-0.002319
-0.002686
-0.003052
-0.001465
-0.001953
-0.002197
-0.002686
-0.002563
-0.000854
-0.002197
-0.001953
-0.001709
-0.002197
-0.001709
-0.002563
-0.001709
-0.002563
-0.002075
-0.001953
-0.001343
-0.001221
-0.002930
-0.001709
-0.003052
-0.002075
-0.003052
-0.002930
-0.002686
-0.001221
-0.002563
-0.001709
-0.001343
-0.001709
-0.001709
-0.001953
-0.001953
-0.002197
-0.001221
-0.001587
-0.002075
-0.001953
-0.001953
-0.001709
-0.002075
-0.003174
-0.001709
-0.001831
-0.003418
-0.002197
-0.002930
-0.002197
-0.002808
-0.001831
-0.002075
-0.002197
-0.002197
-0.002075
-0.002319
-0.001709
-0.003174
-0.001343
-0.002075
-0.002930
-0.001953
-0.001343
-0.002197
-0.002197
-0.001343
-0.001221
-0.002075
-0.001099
-0.003296
-0.002563
-0.001709
-0.002930
-0.000488
-0.002686
-0.001465
-0.002197
-0.002563
-0.002197
-0.004272
-0.000854
-0.001953
-0.002686
-0.001831
-0.002808
-0.002075
-0.001099
-0.002075
-0.002319
-0.002563
-0.000977
-0.002930
-0.003052
-0.003418
-0.002319
-0.001099
-0.002441
-0.002686
-0.001831
-0.002075
-0.003052
-0.001709
-0.001221
-0.001831
-0.001831
-0.002686
-0.003418
-0.001221
-0.001953
-0.001831
-0.002319
-0.002563
-0.000854
-0.001709
-0.001709
-0.002197
-0.002075
-0.002319
-0.002563
-0.002319
-0.002319
-0.001831
-0.002563
-0.001953
-0.001831
-0.001465
-0.001953
-0.003052
-0.001465
-0.003052
-0.001343
-0.002563
-0.001465
-0.001831
-0.002197
-0.002563
-0.000977
-0.002563
-0.002075
-0.001099
-0.001709
-0.000854
-0.001099
-0.002075
-0.002563
-0.003052
-0.001709
-0.003418
-0.001709
-0.001831
-0.001953
-0.002197
-0.001953
-0.002319
-0.001709
-0.003418
-0.002563
-0.001953
-0.002197
-0.000977
-0.002808
-0.001831
-0.001343
-0.003418
-0.001221
-0.001709
-0.002808
-0.002930
-0.001831
-0.002075
-0.002563
-0.001465
-0.002441
-0.001953
-0.002075
-0.002808
-0.001953
-0.002197
-0.002808
-0.002563
-0.002563
-0.002808
-0.001831
-0.002563
-0.002319
-0.000854
-0.001587
-0.003540
-0.002319
-0.002319
-0.001709
-0.001343
-0.002808
-0.001953
-0.002075
-0.001099
-0.002686
-0.001709
-0.001343
-0.002441
-0.002319
-0.002563
-0.003540
-0.003052
-0.001099
-0.001587
-0.002808
-0.002563
-0.002930
-0.001709
-0.002075
-0.001709
-0.001709
-0.002075
-0.002075
-0.001953
-0.003052
-0.001709
-0.002075
-0.002563
-0.001709
-0.001953
-0.002808
-0.002563
-0.002808
-0.001099
-0.003296
-0.002686
-0.000732
-0.001587
-0.002197
-0.002319
-0.001831
-0.001709
-0.001221
-0.002441
-0.001465
-0.002686
-0.002197
-0.001343
-0.003418
-0.002075
-0.001099
-0.002197
-0.002075
-0.001709
-0.000854
-0.002808
-0.001831
-0.001831
-0.001953
-0.001343
-0.002075
-0.002075
-0.002197
-0.002075
-0.002563
-0.002563
-0.002563
-0.002319
-0.001099
-0.002930
-0.001831
-0.002686
-0.002197
-0.001709
-0.002075
-0.002686
-0.003174
-0.002930
-0.001709
-0.001831
-0.001953
-0.002075
-0.001831
-0.001099
-0.002686
-0.001343
-0.002563
-0.001953
-0.000854
-0.001587
-0.003784
-0.002563
-0.001709
-0.001343
-0.001953
-0.002197
-0.000854
-0.002563
-0.001709
-0.002930
-0.002563
-0.001709
-0.002563
-0.001953
-0.003052
-0.001465
-0.002563
-0.001709
-0.001831
-0.002930
-0.001465
-0.002930
-0.001343
-0.001709
-0.001953
-0.001709
-0.002808
-0.002930
-0.002563
-0.001953
-0.001953
-0.001709
-0.002075
-0.001831
-0.002319
-0.002930
-0.001953
-0.002319
-0.001221
-0.001343
-0.002075
-0.002075
-0.001953
-0.002563
-0.001465
-0.003052
-0.002075
-0.002197
-0.001465
-0.001709
-0.001953
-0.001099
-0.002075
-0.002808
-0.001465
-0.001831
-0.000854
-0.001587
-0.001709
-0.001465
-0.002441
-0.001465
-0.001709
-0.002197
-0.001465
-0.001953
-0.002563
-0.003418
-0.002319
-0.002563
-0.002197
-0.001343
-0.001709
-0.001831
-0.001221
-0.001831
-0.001953
-0.000977
-0.002197
-0.001099
-0.002686
-0.002197
-0.001099
-0.003540
-0.002808
-0.001831
-0.001465
-0.001587
-0.001831
-0.001221
-0.001709
-0.001709
-0.001831
-0.002075
-0.002686
-0.001709
-0.001709
-0.001709
-0.001709
-0.001099
-0.001709
-0.002319
-0.002075
-0.002563
-0.001221
-0.001831
-0.002075
-0.002319
-0.001709
-0.002563
-0.003052
-0.001709
-0.002197
-0.001953
-0.001709
-0.002441
-0.002808
-0.002930
-0.001343
-0.001709
-0.002075
-0.002197
-0.002197
-0.002563
-0.002563
-0.002563
-0.001709
-0.002319
-0.001465
-0.002563
-0.002319
-0.002197
-0.002686
-0.000977
-0.002075
-0.001343
-0.002441
-0.003418
-0.002686
-0.002319
-0.002563
-0.002808
-0.002319
-0.002197
-0.002808
-0.001709
-0.002197
-0.003174
-0.001709
-0.002319
-0.001465
-0.001831
-0.002563
-0.002808
-0.002808
-0.002686
-0.001831
-0.001953
-0.001343
-0.001587
-0.002441
-0.001709
-0.001587
-0.002075
-0.002197
-0.001709
-0.002441
-0.002197
-0.002197
-0.001709
-0.001709
-0.002686
-0.002075
-0.003174
-0.002197
-0.001465
-0.002197
-0.002686
-0.001343
-0.001587
-0.001831
-0.002319
-0.001465
-0.002075
-0.001709
-0.000854
-0.002441
-0.001709
-0.001709
-0.001465
-0.001587
-0.002197
-0.002197
-0.001953
-0.001709
-0.003052
-0.002563
-0.003174
-0.001831
-0.001465
-0.001221
-0.002563
-0.002075
-0.002563
-0.001831
-0.002197
-0.001709
-0.002930
-0.002197
-0.001343
-0.000366
-0.002441
-0.002686
-0.000977
-0.002441
-0.002075
-0.002563
-0.001831
-0.000977
-0.002563
-0.001465
-0.002075
-0.002075
-0.001343
-0.002686
-0.002686
-0.001831
-0.002686
-0.001221
-0.001709
-0.002075
-0.002197
-0.002563
-0.002075
-0.002075
-0.001709
-0.002686
-0.002808
-0.002563
-0.001221
-0.001953
-0.002075
-0.002563
-0.002686
-0.000854
-0.002808
-0.003418
-0.001099
-0.001831
-0.001709
-0.000977
-0.003418
-0.001221
-0.001709
-0.002808
-0.002075
-0.002563
-0.001709
-0.002686
-0.002808
-0.001831
-0.001343
-0.002197
-0.001465
-0.001953
-0.001831
-0.003052
-0.001953
-0.001343
-0.002563
-0.001465
-0.001587
-0.002441
-0.001465
-0.002441
-0.002808
-0.001709
-0.001709
-0.002563
-0.001221
-0.001953
-0.002319
-0.001465
-0.002075
-0.001221
-0.001343
-0.002441
-0.001953
-0.001953
-0.001709
-0.002563
-0.002563
-0.002930
-0.002197
-0.001221
-0.002441
-0.001343
-0.002563
-0.002319
-0.002563
-0.001709
-0.001709
-0.002563
-0.001831
-0.003174
-0.001465
-0.001587
-0.002563
-0.001709
-0.002075
-0.002563
-0.001343
-0.001221
-0.002075
-0.002197
-0.001221
-0.001343
-0.001343
-0.001953
-0.001831
-0.003540
-0.002441
-0.001709
-0.001831
-0.002686
-0.000977
-0.001099
-0.001587
-0.002075
-0.002930
-0.001343
-0.002563
-0.001831
-0.001831
-0.003418
-0.001709
-0.001709
-0.002563
-0.001709
-0.002686
-0.003052
-0.003418
-0.001953
-0.001709
-0.002686
-0.002197
-0.001953
-0.002197
-0.002563
-0.000977
-0.001221
-0.001831
-0.001709
-0.001709
-0.002563
-0.002686
-0.001221
-0.002075
-0.001709
-0.001343
-0.002197
-0.003052
-0.002197
-0.002319
-0.002075
-0.000732
-0.002441
-0.003174
-0.002075
-0.002563
-0.002197
-0.001465
0.000000
-0.002563
-0.003052
-0.001343
-0.000610
-0.000854
-0.002563
-0.001831
-0.002197
-0.002075
-0.002197
-0.002319
-0.001709
-0.001465
-0.002441
-0.002808
-0.000732
-0.001587
-0.001343
-0.001709
-0.001221
0.000000
-0.001831
-0.002197
-0.001831
-0.002197
-0.002197
-0.000854
-0.001343
-0.002197
-0.002075
-0.001709
-0.001709
-0.002808
-0.002930
-0.000854
-0.001221
-0.001343
-0.001831
-0.002563
-0.001709
-0.002075
-0.002686
-0.002197
-0.001221
-0.001099
-0.001709
-0.003540
-0.001221
-0.002441
-0.002075
-0.001709
-0.002075
-0.001343
-0.000610
-0.001343
-0.001587
-0.001343
-0.003052
-0.001709
-0.003052
-0.001709
-0.001221
-0.002441
-0.003174
-0.001709
-0.002319
-0.002197
-0.001465
-0.002563
-0.000854
-0.002197
-0.003418
-0.002930
-0.001221
-0.002441
-0.002075
-0.001221
-0.002441
-0.002319
-0.002563
-0.001343
-0.001709
-0.001709
-0.002563
-0.003052
-0.002319
-0.002075
-0.002930
-0.001709
-0.003418
-0.002808
-0.000488
-0.002441
-0.003174
-0.002075
-0.001709
-0.002808
-0.001953
-0.002075
-0.001831
-0.001221
-0.001709
-0.001709
-0.001831
-0.001953
-0.002686
-0.001831
-0.002197
-0.002808
-0.001221
-0.001953
-0.000854
-0.001099
-0.002197
-0.001953
-0.001099
-0.001587
-0.002197
-0.001953
-0.002197
-0.001343
-0.000854
-0.002441
-0.002075
-0.001099
-0.001343
-0.002197
-0.002808
-0.001709
-0.001099
-0.001709
-0.001221
-0.001343
-0.002563
-0.001709
-0.002808
-0.002319
-0.002319
-0.001709
0.000000
-0.002441
-0.002808
-0.001953
-0.000244
-0.002075
-0.001953
-0.001465
-0.001099
-0.001953
-0.001953
-0.000854
-0.002563
-0.002197
-0.002563
-0.001953
-0.003418
-0.001709
-0.001099
-0.002808
-0.000977
-0.002441
-0.000854
-0.001587
-0.002686
-0.002808
-0.002686
-0.002075
-0.002197
-0.000854
-0.003052
-0.001343
-0.002197
-0.002319
-0.001709
-0.001343
-0.002563
-0.003174
-0.002319
-0.002930
-0.000122
-0.001587
-0.002197
-0.002197
-0.002563
-0.001709
-0.002930
-0.001831
-0.002563
-0.001099
-0.001709
-0.002075
-0.002563
-0.002319
-0.001953
-0.002930
-0.001709
-0.002563
-0.001953
-0.001343
-0.002441
-0.002319
-0.001709
-0.002075
-0.002075
-0.003052
-0.001709
-0.001831
-0.001099
-0.002563
-0.002686
-0.001709
-0.001465
-0.002075
-0.002197
-0.001953
-0.002075
-0.001953
-0.001709
-0.000732
-0.001953
-0.001099
-0.001587
-0.001709
-0.001709
-0.002197
-0.002563
-0.001831
-0.002075
-0.003052
-0.001831
-0.002686
-0.001465
-0.001709
-0.001709
-0.001831
-0.002075
-0.002930
-0.002319
-0.001709
-0.001709
-0.002441
-0.002686
-0.002197
-0.001831
-0.002197
-0.001953
-0.001465
-0.001587
-0.001709
-0.001953
-0.001709
-0.000854
-0.002197
-0.002197
-0.001099
-0.001221
-0.001709
-0.001709
-0.001709
-0.002563
-0.002808
-0.001099
-0.001831
-0.001709
-0.000732
-0.001709
-0.002930
-0.001831
-0.002563
-0.001831
-0.001831
-0.002197
-0.002686
-0.001709
-0.002075
-0.001709
-0.001709
-0.001709
-0.002075
-0.002686
-0.003174
-0.002563
-0.001953
-0.003052
-0.001465
-0.002563
-0.001709
-0.002197
-0.003174
-0.002563
-0.003052
-0.001831
-0.002563
-0.002319
-0.001709
-0.002441
-0.001343
-0.002075
-0.001221
-0.001953
-0.001709
-0.001099
-0.001587
-0.001709
-0.002319
-0.002563
-0.001831
-0.001709
-0.003052
-0.000977
-0.001343
-0.002563
-0.000732
-0.002197
-0.002197
-0.001709
-0.001343
-0.001587
-0.001587
-0.000977
-0.001953
-0.002319
-0.001709
-0.002075
-0.002197
-0.003784
-0.001343
-0.002441
-0.001343
-0.001343
-0.001709
-0.001099
-0.002930
-0.002686
-0.000977
-0.000854
-0.003540
-0.002319
-0.002197
-0.001343
-0.002441
-0.002197
-0.002075
-0.001831
-0.002563
-0.001099
-0.002563
-0.001709
-0.001831
-0.002930
-0.001953
-0.002686
-0.002563
-0.001831
-0.002197
-0.001953
-0.002197
-0.002319
-0.001831
-0.002319
-0.001343
-0.001831
-0.002563
-0.002319
-0.002319
-0.001709
-0.000854
-0.001709
-0.002563
-0.001831
-0.001709
-0.001953
-0.001465
-0.002441
-0.002075
-0.001709
-0.002563
-0.001099
-0.001953
-0.001831
-0.002808
-0.000366
-0.001831
-0.002075
-0.001709
-0.001709
-0.002930
-0.001709
-0.001343
-0.001709
-0.001709
-0.002563
-0.002075
-0.001465
-0.002563
-0.001709
-0.002441
-0.002563
-0.000854
-0.003296
-0.001709
-0.003418
-0.002686
-0.001343
-0.002441
-0.001953
-0.001465
-0.000854
-0.001221
-0.002075
-0.002319
-0.002319
-0.002319
-0.001343
-0.003296
-0.001709
-0.002075
-0.003174
-0.001709
-0.001953
-0.002319
-0.002686
-0.001465
-0.001587
-0.001709
-0.002686
-0.001343
-0.001099
-0.001709
-0.002075
-0.001709
-0.003418
-0.001343
-0.001343
-0.002930
-0.001465
-0.002441
-0.001953
-0.003174
-0.003174
-0.002197
-0.002197
-0.002197
-0.001953
-0.002563
-0.003418
-0.001709
-0.003052
-0.001465
-0.000854
-0.001953
-0.001465
-0.002563
-0.002319
-0.002808
-0.001465
-0.001709
-0.001831
-0.001099
-0.001709
-0.002563
-0.001709
-0.001953
-0.002686
-0.001953
-0.002808
-0.003418
-0.002319
-0.002563
-0.002563
-0.002075
-0.001953
-0.003418
-0.002319
-0.002563
-0.001953
-0.002197
-0.002319
-0.002075
-0.001709
-0.002197
-0.001709
-0.002563
-0.002075
-0.002319
-0.002563
-0.001953
-0.002197
-0.002563
-0.003052
-0.002808
-0.001953
-0.001465
-0.002563
-0.001953
-0.001709
-0.002686
-0.001465
-0.001709
-0.002563
-0.001831
-0.002563
-0.001709
-0.002563
-0.002563
-0.001709
-0.001099
-0.001099
-0.002075
-0.002563
-0.002686
-0.001465
-0.001587
-0.001221
-0.002197
-0.002075
-0.002197
-0.002075
-0.001709
-0.001343
-0.003540
-0.002686
-0.002075
-0.002197
-0.002563
-0.001343
-0.001709
-0.001709
-0.002075
-0.001709
-0.002563
-0.002930
-0.002930
-0.002075
-0.002563
-0.001343
-0.002197
-0.001953
-0.001221
-0.002563
-0.002563
-0.001709
-0.000610
-0.001709
-0.002197
-0.002319
-0.002075
-0.002319
-0.001709
-0.002808
-0.002319
-0.001709
-0.001221
-0.000977
-0.002197
-0.001709
-0.001953
-0.001709
-0.002563
-0.001709
-0.001953
-0.002563
-0.002563
-0.002197
-0.001099
-0.001709
-0.002197
-0.001099
-0.001831
-0.003418
-0.001465
-0.002563
-0.003540
-0.001221
-0.002563
-0.002563
-0.000732
-0.002441
-0.002686
-0.001709
-0.002075
-0.001831
-0.002563
-0.002319
-0.000854
-0.001099
-0.001221
-0.001343
-0.000854
-0.002563
-0.002319
-0.002075
-0.001343
-0.001099
-0.001709
-0.002319
-0.002075
-0.001221
-0.000854
-0.003052
-0.002197
-0.001953
-0.001465
-0.001953
-0.002563
-0.001709
-0.002808
-0.002563
-0.003052
-0.001465
-0.001221
-0.002441
-0.001343
-0.002930
-0.002930
-0.000977
-0.001587
-0.002563
-0.002197
-0.001831
-0.002563
-0.003052
-0.002075
-0.000854
-0.001709
-0.002075
-0.002075
-0.001953
-0.002075
-0.002319
-0.002563
-0.002808
-0.001709
-0.000366
-0.002686
-0.002197
-0.001709
-0.002197
-0.003418
-0.002319
-0.002075
-0.001221
-0.002075
-0.000977
-0.001221
-0.000854
-0.002563
-0.001465
-0.001709
-0.001831
-0.001343
-0.000977
-0.002075
-0.001709
-0.001831
-0.003052
-0.001831
-0.001221
-0.002075
-0.000854
-0.000977
-0.001587
-0.002930
-0.000854
-0.002441
-0.002197
-0.002075
-0.002319
-0.001709
-0.002563
-0.002686
-0.001465
-0.002197
-0.001465
-0.003052
-0.001953
-0.001953
-0.001221
-0.002686
-0.001953
-0.002563
-0.004272
-0.001343
-0.002441
-0.002197
-0.002075
-0.002319
-0.001709
-0.002319
-0.002197
-0.002075
-0.002075
-0.001953
-0.002197
-0.001221
-0.000854
-0.002075
-0.001343
-0.001343
-0.002441
-0.001221
-0.002441
-0.002075
-0.001831
-0.001709
-0.001343
-0.001709
-0.001221
-0.001831
-0.001221
-0.001709
-0.002319
-0.001465
-0.002563
-0.001709
-0.001831
-0.001221
-0.001709
-0.001709
-0.001831
-0.001709
-0.002563
-0.001465
-0.002808
-0.002686
-0.001709
-0.002808
-0.002075
-0.001709
-0.001831
-0.002319
-0.002075
-0.001465
-0.001343
-0.001343
-0.001587
-0.002563
-0.001709
-0.001099
-0.001709
-0.001709
-0.001587
-0.002930
-0.002197
-0.002808
-0.001709
-0.002075
-0.001221
-0.000854
-0.001343
-0.001343
-0.001709
-0.001221
-0.000732
-0.001709
-0.001831
-0.001221
-0.002075
-0.001465
-0.001709
-0.002197
-0.002808
-0.001221
-0.001831
-0.002319
-0.002563
-0.000854
-0.001709
-0.002197
-0.001465
-0.001709
-0.001587
-0.001709
-0.001587
-0.000122
-0.000977
-0.003296
-0.002075
-0.002197
-0.002808
-0.002563
-0.001831
-0.002686
-0.001709
-0.001343
-0.001099
-0.002441
-0.002075
-0.001709
-0.001831
-0.001099
-0.001831
-0.002319
-0.002563
-0.001709
-0.001221
-0.002441
-0.002563
-0.001465
-0.001709
-0.001953
-0.002075
-0.002319
-0.002319
-0.002075
0.000000
-0.002686
-0.001953
-0.002075
-0.002563
-0.002563
-0.001343
-0.001343
-0.002563
-0.001099
-0.002563
-0.001953
-0.002319
-0.001709
-0.001953
-0.002563
-0.000732
-0.002563
-0.001831
-0.001465
-0.002563
-0.001465
-0.000854
-0.001221
-0.001953
-0.001709
-0.000854
-0.001709
-0.000854
-0.001831
-0.001831
-0.001953
-0.001343
-0.002075
-0.001953
-0.002075
-0.002319
-0.003418
-0.002563
-0.001709
-0.001709
-0.001831
-0.001709
-0.001587
-0.001953
-0.002686
-0.002686
-0.001831
-0.002075
-0.001953
-0.001709
-0.002563
-0.001831
-0.001465
-0.000854
-0.001953
-0.001343
-0.003296
-0.002075
-0.001343
-0.002197
-0.003052
-0.001099
-0.002563
-0.001221
-0.001343
-0.001831
-0.002319
-0.002075
-0.001465
-0.002441
-0.002197
-0.002563
-0.001709
-0.001465
-0.002197
-0.003052
-0.000977
-0.001221
-0.000854
-0.001587
-0.002686
-0.001709
-0.003052
-0.001343
-0.001709
-0.002686
-0.002319
-0.000854
-0.002563
-0.001099
-0.001709
-0.002808
-0.001709
-0.001831
-0.002319
-0.000244
-0.001831
-0.002075
-0.001465
-0.001831
-0.002808
-0.001343
-0.002075
-0.002319
-0.002319
-0.001465
-0.001953
-0.002563
-0.001465
-0.002563
-0.002075
-0.001465
-0.001831
-0.002075
-0.002563
-0.002075
-0.001953
-0.002197
-0.002075
-0.002808
-0.002075
-0.002319
-0.001831
-0.002075
-0.001831
-0.001831
-0.002319
-0.001709
-0.000854
-0.000977
-0.002563
-0.002808
-0.001709
-0.001709
-0.002563
-0.001709
-0.001465
-0.002075
-0.001099
-0.002197
-0.002075
-0.002808
-0.002319
-0.000488
-0.002075
-0.001221
-0.001099
-0.002686
-0.002197
-0.001831
-0.001709
-0.002808
-0.000854
-0.001099
-0.002563
-0.002197
-0.001709
-0.001465
-0.002441
-0.002686
-0.001831
-0.000854
-0.001953
-0.002075
-0.002930
-0.000854
-0.001953
-0.003052
-0.001343
-0.001709
-0.003418
-0.001465
-0.001709
-0.002563
-0.002563
-0.002563
-0.001953
-0.002197
-0.002075
-0.001709
-0.000854
-0.001221
-0.003052
-0.002075
-0.001831
-0.002319
-0.002686
-0.001831
-0.002075
-0.001953
-0.002930
-0.002075
-0.001221
-0.002075
-0.003174
-0.002563
-0.002686
-0.002930
-0.001831
-0.000977
-0.001709
-0.002319
-0.001709
-0.002686
-0.001465
-0.001709
-0.002930
-0.002197
-0.002563
-0.001709
-0.002075
-0.001465
-0.001343
-0.002441
-0.002319
-0.001953
-0.003174
-0.002075
-0.001709
-0.002319
-0.002563
-0.002563
-0.001953
-0.002075
-0.003418
-0.002563
-0.003418
-0.001465
-0.001831
-0.003418
-0.001343
-0.002563
-0.002563
-0.001465
-0.001221
-0.002563
-0.003174
-0.002075
-0.002319
-0.001831
-0.001465
-0.002075
-0.001465
-0.001709
-0.002563
-0.002930
-0.001221
-0.001221
-0.003418
-0.002808
-0.001709
-0.001953
-0.002808
-0.002075
-0.002197
-0.001709
-0.002563
-0.002563
-0.001709
-0.002686
-0.001831
-0.002563
-0.002563
-0.002563
-0.002319
-0.001709
-0.002930
-0.002686
-0.002075
-0.002075
-0.001465
-0.000610
-0.002075
-0.002686
-0.001709
-0.003296
-0.002075
-0.002563
-0.001709
-0.002319
-0.002563
-0.002197
-0.001831
-0.002197
-0.001221
-0.002197
-0.002686
-0.001221
-0.002197
-0.002075
-0.001709
-0.002563
-0.001465
-0.002930
-0.001465
-0.002563
-0.002930
-0.001709
-0.002197
-0.002563
-0.001709
-0.002686
-0.001343
-0.001709
-0.003052
-0.002197
-0.002686
-0.003052
-0.002563
-0.002563
-0.001831
-0.002930
-0.002563
-0.001831
-0.002686
-0.001343
-0.002808
-0.001953
-0.003540
-0.001465
-0.001343
-0.003418
-0.002930
-0.001099
-0.002563
-0.001953
-0.002563
-0.002686
-0.001709
-0.002441
-0.002075
-0.002930
-0.002808
-0.003418
-0.002197
-0.002930
-0.002075
-0.002319
-0.001465
-0.001709
-0.002930
-0.001709
-0.003784
-0.003540
-0.000854
-0.002563
-0.003418
-0.002319
-0.002075
-0.002197
-0.002686
-0.001709
-0.001709
-0.002563
-0.003784
-0.002563
-0.002563
-0.001709
-0.001831
-0.001831
-0.002808
-0.002197
-0.001709
-0.002441
-0.000854
-0.002563
-0.002319
-0.002319
-0.002319
-0.001953
-0.002686
-0.002686
-0.002075
-0.003174
-0.001343
-0.002563
-0.003052
-0.001465
-0.002075
-0.003418
-0.002808
-0.002563
-0.003418
-0.002563
-0.002808
-0.002319
-0.002563
-0.002075
-0.001831
-0.002930
-0.001709
-0.002563
-0.002197
-0.001709
-0.002563
-0.001465
-0.001953
-0.002686
-0.002808
-0.001709
-0.001099
-0.001709
-0.001953
-0.001831
-0.002319
-0.002563
-0.003052
-0.001831
-0.002319
-0.003174
-0.001831
-0.002563
-0.003174
-0.001831
-0.002686
-0.002075
-0.002319
-0.002930
-0.001709
-0.001343
-0.001099
-0.002075
-0.000977
-0.001221
-0.003296
-0.002197
-0.000732
-0.000977
-0.001709
-0.002563
-0.002563
-0.002075
-0.002563
-0.002930
-0.001953
-0.001709
-0.002319
-0.001831
-0.003174
-0.003052
-0.002563
-0.001709
-0.001831
-0.002563
-0.001953
-0.002563
-0.001831
-0.003052
-0.002930
-0.003418
-0.003418
-0.002563
-0.001831
-0.002930
-0.002930
-0.001831
-0.001709
-0.001953
-0.001709
-0.002808
-0.002563
-0.002197
-0.002563
-0.001953
-0.002075
-0.002319
-0.002075
-0.002563
-0.002563
-0.002686
-0.001709
-0.001953
-0.002075
-0.002075
-0.002686
-0.003052
-0.002563
-0.002563
-0.002563
-0.002075
-0.002930
-0.001709
-0.001709
-0.003540
-0.001709
-0.003540
-0.002197
-0.002686
-0.002930
-0.002563
-0.001099
-0.002441
-0.001953
-0.002319
-0.002563
-0.001831
-0.003174
-0.001343
-0.001343
-0.002197
-0.002197
-0.001343
-0.001709
-0.003540
-0.001953
-0.002197
-0.001221
-0.001343
-0.002930
-0.002808
-0.002075
-0.001953
-0.002197
-0.002319
-0.000854
-0.002808
-0.002563
-0.002563
-0.002563
-0.002197
-0.003784
-0.001831
-0.002563
-0.001953
-0.002930
-0.000854
-0.001709
-0.001709
-0.001343
-0.001709
-0.001221
-0.000244
-0.002563
-0.002197
-0.002075
-0.003174
-0.001831
-0.001831
-0.002686
-0.002319
-0.001709
-0.001831
-0.001343
-0.002075
-0.001221
-0.001099
-0.002197
-0.001465
-0.001709
-0.001587
-0.002441
-0.002197
-0.002563
-0.002808
-0.001709
-0.002808
-0.001831
-0.001343
-0.003296
-0.001709
-0.003174
-0.003418
-0.001709
-0.001831
-0.002075
-0.001465
-0.001099
-0.002441
-0.002075
-0.001465
-0.001709
-0.000977
-0.002075
-0.001709
-0.001587
-0.002197
-0.000854
-0.002563
-0.002808
-0.002686
-0.001709
-0.001221
-0.002441
-0.001465
-0.002441
-0.001709
-0.002075
-0.001343
-0.001587
-0.002808
-0.002563
-0.001953
-0.001343
-0.001709
-0.002197
-0.001831
-0.002075
-0.002319
-0.001221
-0.001709
-0.001831
-0.002197
-0.000854
-0.001343
-0.002197
-0.002197
-0.002563
-0.001831
-0.002319
-0.000244
-0.002075
-0.001465
-0.002563
-0.003418
-0.001587
-0.002197
-0.002563
-0.001709
-0.002563
-0.001831
-0.000732
-0.001709
-0.002197
-0.002075
-0.001953
-0.002319
-0.002563
-0.002197
-0.002563
-0.001709
-0.000488
-0.002686
-0.001343
-0.002808
-0.002075
-0.002563
-0.001221
-0.002441
-0.002319
-0.002075
-0.001953
-0.002197
-0.002930
-0.002319
-0.001343
-0.001831
-0.003174
-0.001343
-0.001221
-0.001831
-0.002197
-0.001099
-0.002441
-0.002563
-0.001709
-0.003296
-0.001221
-0.002197
-0.002563
-0.003052
-0.001709
-0.002075
-0.002686
-0.002808
-0.001953
-0.002563
-0.001709
-0.001343
-0.001709
-0.002197
-0.002319
-0.000854
-0.002563
-0.001831
-0.001221
-0.002686
-0.002319
-0.002930
-0.002808
-0.001709
-0.002930
-0.002075
-0.001465
-0.001221
-0.002930
-0.002197
-0.002930
-0.002075
-0.001221
-0.001587
-0.001831
-0.002075
-0.001831
-0.002930
-0.001831
-0.002197
-0.001709
-0.001709
-0.001221
-0.002075
-0.001709
-0.001709
-0.002563
-0.001831
-0.001831
-0.002930
-0.002563
-0.001099
-0.001953
-0.002319
-0.002563
-0.002808
-0.002197
-0.001831
-0.002319
-0.000977
-0.001953
-0.002075
-0.001343
-0.002441
-0.002197
-0.001831
-0.002563
-0.002930
-0.003662
-0.000854
-0.001587
-0.002808
-0.001953
-0.002075
-0.002319
-0.001709
-0.002808
-0.002808
-0.002563
-0.001465
-0.002441
-0.001709
-0.002563
-0.001953
-0.002197
-0.001831
-0.000977
-0.001709
-0.001709
-0.002197
-0.002075
-0.002075
-0.002563
-0.002075
-0.001831
-0.002930
-0.001221
-0.002808
-0.001953
-0.002563
-0.002319
-0.001831
-0.001099
-0.003052
-0.003052
-0.001831
-0.000854
-0.001709
-0.003052
-0.001465
-0.002686
-0.001343
-0.001709
-0.001831
-0.001831
-0.001709
-0.001953
-0.003418
-0.002319
-0.002197
-0.002197
-0.002075
-0.001709
-0.002563
-0.003540
-0.002808
-0.001953
-0.002686
-0.002563
-0.001831
-0.001831
-0.001099
-0.002808
-0.001221
-0.002563
-0.002197
-0.001465
-0.001709
-0.002197
-0.003174
-0.001343
-0.001587
-0.003296
-0.001831
-0.002197
-0.002686
-0.001709
-0.002441
-0.000854
-0.002563
-0.002563
-0.000854
-0.003052
-0.001709
-0.000854
-0.001221
-0.002808
-0.001953
-0.000854
-0.001953
-0.002930
-0.001465
-0.003418
-0.002808
-0.002563
-0.002930
-0.001831
-0.002319
-0.002686
-0.001953
-0.002197
-0.002197
-0.002563
-0.002197
-0.002808
-0.002197
-0.002319
-0.002075
-0.002563
-0.001221
-0.002930
-0.003174
-0.002319
-0.002686
-0.001953
-0.002563
-0.001953
-0.002197
-0.001709
-0.001587
-0.003418
-0.002197
-0.001831
-0.001831
-0.001465
-0.002197
-0.001709
-0.001343
-0.003296
-0.003540
-0.001953
-0.003052
-0.001221
-0.002563
-0.002075
-0.001221
-0.001709
-0.001709
-0.002441
-0.002563
-0.001465
-0.002197
-0.003540
-0.002319
-0.002686
-0.001953
-0.001465
-0.002075
-0.002197
-0.001709
-0.001709
-0.001709
-0.001099
-0.001953
-0.002563
-0.001953
-0.003052
-0.001831
-0.000854
-0.002197
-0.000244
-0.002197
-0.000732
-0.002563
-0.003418
-0.001343
-0.003296
-0.002197
-0.001709
-0.002563
-0.000854
-0.002563
-0.003174
-0.002075
-0.001709
-0.001709
-0.001343
-0.001221
-0.001587
-0.002075
-0.001709
-0.002441
-0.002075
-0.002563
-0.001099
-0.002075
-0.002563
-0.002808
-0.001953
-0.002197
-0.001343
-0.002075
-0.000854
-0.002563
-0.001709
-0.001099
-0.002441
-0.002686
-0.002563
-0.002563
-0.002319
-0.002686
-0.002563
-0.002197
-0.001831
-0.001953
-0.002686
-0.000732
-0.002441
-0.002319
-0.001831
-0.001465
-0.001953
-0.001709
-0.000366
-0.002563
-0.001709
-0.001831
-0.001709
-0.002563
-0.002808
-0.001343
-0.001221
-0.000854
-0.002075
-0.002075
-0.001465
-0.003906
-0.001465
-0.001221
-0.002563
-0.001831
-0.002686
-0.004028
-0.001465
-0.001221
-0.001587
-0.002686
-0.001831
-0.001465
-0.001953
-0.002686
-0.001709
-0.001465
-0.001953
-0.001709
-0.003418
-0.003174
-0.001343
-0.001953
-0.002319
-0.001953
-0.001831
-0.002686
-0.002197
-0.001709
-0.002563
-0.002197
-0.001343
-0.002808
-0.002075
-0.001465
-0.003052
-0.002197
-0.001831
-0.002563
-0.000854
-0.003784
-0.002319
-0.001465
-0.002441
-0.002808
-0.000854
-0.002441
-0.002319
-0.001953
-0.002563
-0.000854
-0.001953
-0.001221
-0.000977
-0.002686
-0.002808
-0.002319
-0.001709
-0.000854
-0.002197
-0.002197
-0.002075
-0.002686
-0.002319
-0.001953
-0.002075
-0.001465
-0.001587
-0.001221
-0.002930
-0.002563
-0.002319
-0.001831
-0.002686
-0.002686
-0.001343
-0.001221
-0.002563
-0.002075
-0.000977
-0.001709
-0.002197
-0.002075
-0.002319
-0.001953
-0.002563
-0.002197
-0.001709
-0.001343
-0.002563
-0.002930
-0.001709
-0.001221
-0.002197
-0.003052
-0.000488
-0.002197
-0.002563
-0.001709
-0.001831
-0.001831
-0.001709
-0.001953
-0.002808
-0.002808
-0.001831
-0.002075
-0.001221
-0.001221
-0.002441
-0.002563
-0.002686
-0.002563
-0.003174
-0.002319
-0.002319
-0.001709
-0.001221
-0.002930
-0.002686
-0.002563
-0.001953
-0.002930
-0.001709
-0.001953
-0.002563
-0.002075
-0.002197
-0.002197
-0.001343
-0.001953
-0.002563
-0.002686
-0.002563
-0.002563
-0.002319
-0.001831
-0.002075
-0.001831
-0.001831
-0.001953
-0.002075
-0.003418
-0.001709
-0.001221
-0.001953
-0.001953
-0.002563
-0.001343
-0.002441
-0.001831
-0.001709
-0.001953
-0.001831
-0.001953
-0.001831
-0.002686
-0.001831
-0.001221
-0.001953
-0.001709
-0.002075
-0.001709
-0.001709
-0.002686
-0.001221
-0.002197
-0.003174
-0.002075
-0.002319
-0.002686
-0.001831
-0.001709
-0.001709
-0.003296
-0.001709
-0.001343
-0.002563
-0.002686
-0.000854
-0.001343
-0.002686
-0.001099
-0.002808
-0.001465
-0.002441
-0.002686
-0.002197
-0.001465
-0.002808
-0.001099
-0.002563
-0.002075
-0.002686
-0.001709
-0.000977
-0.001343
-0.001709
-0.001709
-0.002563
-0.002686
-0.001343
-0.000977
-0.001587
-0.001343
-0.002563
-0.001709
-0.003052
-0.001831
-0.001465
-0.003296
-0.003418
-0.001343
-0.001709
-0.002197
-0.002197
-0.002197
-0.001709
-0.001831
-0.001343
-0.002808
-0.002686
-0.002686
-0.002197
-0.001953
-0.001953
-0.002319
-0.002686
-0.000854
-0.002930
-0.001099
-0.001953
-0.001953
-0.001831
-0.003052
-0.001709
-0.000977
-0.002075
-0.002319
-0.002563
-0.002319
-0.002563
-0.001953
-0.002319
-0.001953
-0.001221
-0.002686
-0.002563
-0.001953
-0.001343
-0.002441
-0.001953
-0.002075
-0.002197
-0.001709
-0.002563
-0.001709
-0.001221
-0.002197
-0.002563
-0.002197
-0.002563
-0.001099
-0.001709
-0.002563
-0.002075
-0.002197
-0.001709
-0.001343
-0.002563
-0.001709
-0.000854
-0.001587
-0.003296
-0.002075
-0.002563
-0.002197
-0.001343
-0.002686
-0.002563
-0.002563
-0.001709
-0.002563
-0.002075
-0.002808
-0.002808
-0.002197
-0.002563
-0.003906
-0.001953
-0.001953
-0.003174
-0.002197
-0.001465
-0.002563
-0.001953
-0.002319
-0.003052
-0.001709
-0.002197
-0.002075
-0.000732
-0.001343
-0.001099
-0.002563
-0.002808
-0.001953
-0.001709
-0.002686
-0.002563
-0.001099
-0.001709
-0.002075
-0.000732
-0.002441
-0.002075
-0.002197
-0.002075
-0.001465
-0.003418
-0.002197
-0.002319
-0.002686
-0.003052
-0.001831
-0.002197
-0.002563
-0.001709
-0.002075
-0.001343
-0.002075
-0.002563
-0.002686
-0.001465
-0.001587
-0.001587
-0.001709
-0.002441
-0.000854
-0.001709
-0.002319
-0.002075
-0.002563
-0.002686
-0.002686
-0.001709
-0.002075
-0.003052
-0.002563
-0.002319
-0.001709
-0.002319
-0.001343
-0.001953
-0.002563
-0.001953
-0.002563
-0.001953
-0.002930
-0.001343
-0.001587
-0.002197
-0.003418
-0.000244
-0.001099
-0.002563
-0.001465
-0.002808
-0.002930
-0.002075
-0.002197
-0.002930
-0.001831
-0.001221
-0.002563
-0.002197
-0.002686
-0.001831
-0.002686
-0.002930
-0.001465
-0.001221
-0.002563
-0.002563
-0.002319
-0.000854
-0.002197
-0.001221
-0.002441
-0.002075
-0.002075
-0.002563
-0.003052
-0.002075
-0.002197
-0.001953
-0.001953
-0.002197
-0.002197
-0.001709
-0.001343
-0.002197
-0.001709
-0.002197
-0.001221
-0.002563
-0.002563
-0.001709
-0.002319
-0.002808
-0.001831
-0.001709
-0.002197
-0.002808
-0.001709
-0.001953
-0.001953
-0.001953
-0.002319
-0.002563
-0.003052
-0.002319
-0.001709
-0.001831
-0.001709
-0.001343
-0.001343
-0.002563
-0.001709
-0.001709
-0.003174
-0.002319
-0.002319
-0.001953
-0.002930
-0.001709
-0.001831
-0.001099
-0.001709
-0.001587
-0.002930
-0.001099
-0.000854
-0.003418
-0.001709
-0.002563
-0.002563
-0.001831
-0.001831
-0.001465
-0.001221
-0.002441
-0.002563
-0.000366
-0.002808
-0.003418
-0.000122
-0.001221
-0.002563
-0.002197
-0.001831
-0.001953
-0.002563
-0.001099
-0.002197
-0.002197
-0.001709
-0.002075
-0.001831
-0.002808
-0.002197
-0.001343
-0.003052
-0.002808
-0.001343
-0.002197
-0.001831
-0.002197
-0.000854
-0.002197
-0.002563
-0.001709
-0.002441
-0.002319
-0.003418
-0.002075
-0.001343
-0.002441
-0.003052
-0.001221
-0.000854
-0.001099
-0.001831
-0.002075
-0.001953
-0.003174
-0.001465
-0.002075
-0.001221
-0.003296
-0.001709
-0.001709
-0.002563
-0.001709
-0.001709
-0.001709
-0.001587
-0.001709
-0.002197
-0.002075
-0.000854
-0.002930
-0.001709
-0.001709
-0.001587
-0.001709
-0.001831
-0.001709
-0.001709
-0.001831
-0.000854
-0.001343
-0.002563
-0.001831
-0.002075
-0.002075
-0.001465
-0.001831
-0.001953
-0.001953
-0.001099
-0.002563
-0.001953
-0.002563
-0.002808
-0.002197
-0.001343
-0.001221
-0.001831
-0.002686
-0.001831
-0.002197
-0.001831
-0.001831
-0.001709
-0.001709
-0.002075
-0.002563
-0.002563
-0.001465
-0.001709
-0.002563
-0.001709
-0.001709
-0.001221
-0.000854
-0.000977
-0.001221
-0.002563
-0.002197
-0.001465
-0.003052
-0.001343
-0.002197
-0.001709
-0.000732
-0.002075
-0.001343
-0.001953
-0.002686
-0.002563
-0.001709
-0.001709
-0.002686
-0.001831
-0.000977
-0.001587
-0.002686
-0.002197
-0.001343
-0.002075
-0.000854
-0.001831
-0.001343
-0.001099
-0.002930
-0.002319
-0.001221
-0.001831
-0.002319
-0.001953
-0.001953
-0.003418
-0.001709
-0.002563
-0.002563
-0.001099
-0.001099
-0.002563
-0.001953
-0.000854
-0.001709
-0.003052
-0.002197
-0.001953
-0.002075
-0.002319
-0.001831
-0.002563
-0.002563
-0.000366
-0.002197
-0.003418
-0.003174
-0.003052
-0.002075
-0.001709
-0.001709
-0.002563
-0.003540
-0.002441
-0.001343
-0.002075
-0.003052
-0.003418
-0.000977
-0.001709
-0.001953
-0.001221
-0.002075
-0.001343
-0.002197
-0.001709
-0.001587
-0.001709
-0.000977
-0.001587
-0.001221
-0.001831
-0.002075
-0.001953
-0.002563
-0.001343
-0.000732
-0.001343
-0.000732
-0.001953
-0.001709
-0.003174
-0.001953
-0.001709
-0.002686
-0.002686
-0.001831
-0.002563
-0.002197
-0.002563
-0.001465
-0.001953
-0.001221
-0.002686
-0.001709
-0.003662
-0.002563
-0.002686
-0.002075
-0.000732
-0.001221
-0.002563
-0.003418
-0.002197
-0.000854
-0.002808
-0.001831
-0.001221
-0.000610
-0.002808
-0.001831
-0.002075
-0.001709
-0.001709
-0.001953
-0.002075
-0.002319
-0.002319
-0.002563
-0.002808
-0.002319
-0.002319
-0.000854
-0.002441
-0.001465
-0.002197
-0.001343
-0.002930
-0.001709
-0.001831
-0.002197
-0.002563
-0.003052
-0.001831
-0.002930
-0.001709
-0.000854
-0.001831
-0.002563
-0.000977
-0.001709
-0.003418
-0.002930
-0.001221
-0.001221
-0.002075
-0.001465
-0.001343
-0.001587
-0.001709
-0.001709
-0.001831
-0.001465
-0.001831
-0.002808
-0.001465
-0.001099
-0.002075
-0.002197
-0.002197
-0.001709
-0.001709
-0.002197
-0.001709
-0.001953
-0.002075
-0.001709
-0.001343
-0.002563
-0.001709
-0.001831
-0.002075
-0.002563
-0.001953
-0.001709
-0.001831
-0.002563
-0.000854
-0.002930
-0.002563
-0.002197
-0.002563
-0.001709
-0.000977
-0.002075
-0.004395
-0.002563
-0.001221
-0.000854
-0.001831
-0.001831
-0.002686
-0.001465
-0.002930
-0.002563
-0.001709
-0.002686
-0.001343
-0.002686
-0.002075
-0.002075
-0.001831
-0.002319
-0.001221
-0.001221
-0.001953
-0.003418
-0.000854
-0.003052
-0.002197
-0.002563
-0.002563
-0.001709
-0.001343
-0.001831
-0.002197
-0.001099
-0.001953
-0.002319
-0.000854
-0.001709
-0.002197
-0.001099
-0.001343
-0.003296
-0.001099
-0.002808
-0.001953
-0.003418
-0.001465
-0.001587
-0.002563
-0.000854
-0.001221
-0.001709
-0.001587
-0.001709
-0.002197
-0.001465
-0.003296
-0.001831
-0.001465
-0.001587
-0.002563
-0.002930
-0.001221
-0.002075
-0.001953
-0.001343
-0.002686
-0.002075
-0.001343
-0.001831
-0.002197
-0.002197
-0.002319
-0.002197
-0.000854
-0.001343
-0.001587
-0.000854
-0.001709
-0.001831
-0.001099
-0.001709
-0.002930
-0.001343
-0.002197
-0.001953
-0.002563
-0.002930
-0.000122
-0.001587
-0.002563
-0.002686
-0.002319
-0.001465
-0.001953
-0.002319
-0.001465
-0.001587
-0.001831
-0.001343
-0.003296
-0.001831
-0.001953
-0.002930
-0.002197
-0.002075
-0.001465
-0.000977
-0.002441
-0.002197
-0.002563
-0.001953
-0.001465
-0.002441
-0.002563
-0.001343
-0.002563
-0.003418
-0.001709
-0.001953
-0.001709
-0.001221
-0.001831
-0.001221
-0.002808
-0.001953
-0.000977
-0.002197
-0.001709
-0.001587
-0.002441
-0.002563
-0.002075
-0.001831
-0.002930
-0.000854
-0.001709
-0.001587
-0.001099
-0.000977
-0.001221
-0.002197
-0.001709
-0.001709
-0.002930
-0.001709
-0.002686
-0.002075
-0.002930
-0.003418
-0.001709
-0.002441
-0.002686
-0.001465
-0.000366
-0.002441
-0.002686
-0.002319
-0.002563
-0.001953
-0.002319
-0.000732
-0.000977
-0.002441
-0.002563
-0.001709
-0.002075
-0.002319
-0.002808
-0.003174
-0.001099
-0.001709
-0.002197
-0.001343
-0.002075
-0.003052
-0.001709
-0.001709
-0.001221
-0.002197
-0.001465
-0.001831
-0.002686
-0.002563
-0.001831
-0.001343
-0.002197
-0.002075
-0.002686
-0.000977
-0.001221
-0.002197
-0.002075
-0.002563
-0.001465
-0.003296
-0.001953
-0.001709
-0.001831
-0.001709
-0.002686
-0.001465
-0.001709
-0.002563
-0.001953
-0.002808
-0.002319
-0.001343
-0.002075
-0.002197
-0.002686
-0.002197
-0.001709
-0.001709
-0.000977
-0.002075
-0.003052
-0.001953
-0.001465
-0.001587
-0.000854
-0.002808
-0.001709
-0.002197
-0.001953
-0.000854
-0.001709
-0.001343
-0.002075
-0.002930
-0.002563
-0.002075
-0.002197
-0.001831
-0.002197
-0.001953
-0.002197
-0.001221
-0.002441
-0.001465
-0.002197
-0.002319
-0.001465
-0.000977
-0.001221
-0.003418
-0.001953
-0.002930
-0.002808
-0.001343
-0.002075
-0.001831
-0.001465
-0.002563
-0.001465
-0.002441
-0.001343
-0.002563
-0.002563
-0.001465
-0.002808
-0.002197
-0.001953
-0.002563
-0.002197
-0.002319
-0.003540
-0.002686
-0.002319
-0.002563
-0.003418
-0.002197
-0.002563
-0.002930
-0.001709
-0.001831
-0.001465
-0.002563
-0.001831
-0.000977
-0.001953
-0.001709
-0.002563
-0.002075
-0.002808
-0.001099
-0.001709
-0.002319
-0.000366
-0.002686
-0.001709
-0.002930
-0.002075
-0.002319
-0.001831
-0.002075
-0.002075
-0.001709
-0.002686
-0.002075
-0.002319
-0.001343
-0.002808
-0.002563
-0.002197
-0.002563
-0.002197
-0.001709
-0.001831
-0.001953
-0.002563
-0.003418
-0.002563
-0.002319
-0.002563
-0.002563
-0.003418
-0.001953
-0.000854
-0.001709
-0.001831
-0.001709
-0.002686
-0.002686
-0.002563
-0.001221
-0.002563
-0.002075
-0.002319
-0.001953
-0.001099
-0.002686
-0.002197
-0.002686
-0.002808
-0.001953
-0.002319
-0.001221
-0.001953
-0.001709
-0.002563
-0.002319
-0.001343
-0.002808
-0.003052
-0.001953
-0.002563
-0.001953
-0.002319
-0.002075
-0.003418
-0.003174
-0.002197
-0.002563
-0.001221
-0.002563
-0.002563
-0.002197
-0.001831
-0.001465
-0.000366
-0.002197
-0.002197
-0.001465
-0.002197
-0.001953
-0.000854
-0.001709
-0.001709
-0.002075
-0.002563
-0.001343
-0.002075
-0.001831
-0.003052
-0.002808
-0.001465
-0.002808
-0.001099
-0.001587
-0.002075
-0.002563
-0.001831
-0.003418
-0.000977
-0.001953
-0.002563
-0.001709
-0.003418
-0.001465
-0.002075
-0.002197
-0.001465
-0.003052
-0.001709
-0.002319
-0.002563
-0.001831
-0.003418
-0.003296
-0.002197
-0.001953
-0.002563
-0.002563
-0.002563
-0.002075
-0.001831
-0.001953
-0.003052
-0.001709
-0.002197
-0.001221
-0.001709
-0.002075
-0.002075
-0.002319
-0.001953
-0.002319
-0.002197
-0.001709
-0.001221
-0.001953
-0.001709
-0.002441
-0.002563
-0.002075
-0.001831
-0.002563
-0.002563
-0.002319
-0.001831
-0.002319
-0.001709
-0.001465
-0.002563
-0.002075
-0.002686
-0.001343
-0.001587
-0.002930
-0.002563
-0.001465
-0.001953
-0.003418
-0.002563
-0.002563
-0.001709
-0.003540
-0.002075
-0.002563
-0.002197
-0.001709
-0.002197
-0.002075
-0.002686
-0.001465
-0.001709
-0.002563
-0.002075
-0.002075
-0.001709
-0.001709
-0.002563
-0.000977
-0.002197
-0.002075
-0.002563
-0.001709
-0.001709
-0.002563
-0.001709
-0.002563
-0.002197
-0.001709
-0.001953
-0.002319
-0.002075
-0.001343
-0.002563
-0.002197
-0.001465
-0.001221
-0.002441
-0.001831
-0.001343
-0.001709
-0.002563
-0.002075
-0.001709
-0.002319
-0.001831
-0.001709
-0.002197
-0.001831
-0.001709
-0.003174
-0.001343
-0.002563
-0.002319
-0.001953
-0.002075
-0.002808
-0.002930
-0.003052
-0.001709
-0.001831
-0.001953
-0.001709
-0.003784
-0.001709
-0.002197
-0.003418
-0.001709
-0.002686
-0.001953
-0.001099
-0.001831
-0.002686
-0.002319
-0.001099
-0.003906
-0.002075
-0.002563
-0.003174
-0.001343
-0.003052
-0.001709
-0.001831
-0.002563
-0.002930
-0.001953
-0.002563
-0.001953
-0.002197
-0.001343
-0.002075
-0.002563
-0.002197
-0.003174
-0.001343
-0.002197
-0.003052
-0.001221
-0.001709
-0.003418
-0.001465
-0.000732
-0.002686
-0.001953
-0.001953
-0.002319
-0.002075
-0.002319
-0.001099
-0.002563
-0.002563
-0.002197
-0.001465
-0.002197
-0.001709
-0.000854
-0.002441
-0.001953
-0.001709
-0.002808
-0.001343
-0.001099
-0.002686
-0.002075
-0.002075
-0.001221
-0.001953
-0.001953
-0.002563
-0.000977
-0.001953
-0.003052
-0.001709
-0.002197
-0.001709
-0.002686
-0.001465
-0.002197
-0.002563
-0.002319
-0.001953
-0.001465
-0.001953
-0.000977
-0.001709
-0.001953
-0.002319
-0.003174
-0.001099
-0.001709
-0.003418
-0.002319
-0.001221
-0.001587
-0.002075
-0.002930
-0.002319
-0.000854
-0.002075
-0.001709
-0.001587
-0.002441
-0.002075
-0.002319
-0.001709
-0.001587
-0.002686
-0.002563
-0.001465
-0.001709
-0.002563
-0.001709
-0.002808
-0.001831
-0.002075
-0.002197
-0.002075
-0.002319
-0.002075
-0.002319
-0.002563
-0.002197
-0.001343
-0.003296
-0.001465
-0.001587
-0.002197
-0.001709
-0.002075
-0.001953
-0.002808
-0.000977
-0.002563
-0.001709
-0.002197
-0.002686
-0.001465
-0.002686
-0.001953
-0.001831
-0.001221
-0.002075
-0.002319
-0.002563
-0.002930
-0.001221
-0.002197
-0.002686
-0.002197
-0.002197
-0.001831
-0.002930
-0.002563
-0.001953
-0.001709
-0.001953
-0.002563
-0.002808
-0.001709
-0.001709
-0.002930
-0.003052
-0.002075
-0.001953
-0.002319
-0.002686
-0.001953
-0.001465
-0.002441
-0.001709
-0.002075
-0.001831
-0.001709
-0.002075
-0.002075
-0.001831
-0.003784
-0.001831
-0.002686
-0.001099
-0.002197
-0.001831
-0.001709
-0.002808
-0.001343
-0.001343
-0.002563
-0.002563
-0.002319
-0.001953
-0.002563
-0.001343
-0.002441
-0.001465
-0.000977
-0.001953
-0.001953
-0.001709
-0.003418
-0.001221
-0.002075
-0.002563
-0.002563
-0.002075
-0.002197
-0.002319
-0.001343
-0.003052
-0.001221
-0.001709
-0.002808
-0.003418
-0.001709
-0.002075
-0.002563
-0.001709
-0.001953
-0.001709
-0.003174
-0.002686
-0.001221
-0.002563
-0.000854
-0.001343
-0.001953
-0.001953
-0.002686
-0.002075
-0.002319
-0.001831
-0.001099
-0.001099
-0.001587
-0.001831
-0.002563
-0.000854
-0.001831
-0.002197
-0.001709
-0.001343
-0.002075
-0.002563
-0.002808
-0.001953
-0.002197
-0.001709
-0.002563
-0.002686
-0.002686
-0.003052
-0.001709
-0.001953
-0.001831
-0.001343
-0.002563
-0.000977
-0.002563
-0.001953
-0.001465
-0.001709
-0.000854
-0.001953
-0.001709
-0.002197
-0.002197
-0.001831
-0.001465
-0.002441
-0.001953
-0.002075
-0.001343
-0.001831
-0.001099
-0.001709
-0.002808
-0.002563
-0.003784
-0.001709
-0.001221
-0.001587
-0.002686
-0.002197
-0.002075
-0.001099
-0.002197
-0.001709
-0.002930
-0.001709
-0.000854
-0.003662
-0.002686
-0.001221
-0.003052
-0.001831
-0.002075
-0.001831
-0.001099
-0.003662
-0.003052
-0.001709
-0.002563
-0.002075
-0.002930
-0.002319
-0.002686
-0.003418
-0.001953
-0.001221
-0.001953
-0.002319
-0.001343
-0.001953
-0.002808
-0.001709
-0.001099
-0.002441
-0.001465
-0.002563
-0.001709
-0.001221
-0.002197
-0.001831
-0.001709
-0.002563
-0.002563
-0.002075
-0.002563
-0.001831
-0.001953
-0.001709
-0.002441
-0.001343
-0.002930
-0.002686
-0.002563
-0.002319
-0.002075
-0.001953
-0.001099
-0.002563
-0.002563
-0.001709
-0.001709
-0.002563
-0.002075
-0.001953
-0.002319
-0.001709
-0.001953
-0.003174
-0.001709
-0.001587
-0.001587
-0.002930
-0.002808
-0.000854
-0.001953
-0.003540
-0.002563
-0.001709
-0.002563
-0.001221
-0.002808
