Frequency (Hz), ch0 (dB), ch1 (dB)
0.00, -78.66, -80.55
7629.39, -78.66, -80.55
15258.79, -78.66, -80.55
22888.18, -77.68, -80.89
30517.58, -81.23, -86.46
38146.97, -80.46, -80.28
45776.37, -76.57, -76.98
53405.76, -81.83, -81.45
61035.16, -74.64, -75.11
68664.55, -73.65, -75.24
76293.95, -79.65, -81.14
83923.34, -86.87, -87.04
91552.73, -79.46, -79.34
99182.12, -82.01, -79.56
106811.52, -82.18, -82.38
114440.92, -77.84, -78.57
122070.31, -79.33, -81.85
129699.70, -84.44, -84.25
137329.09, -80.16, -80.34
144958.50, -81.35, -80.64
152587.89, -85.50, -85.89
160217.28, -80.62, -85.83
167846.69, -82.06, -85.92
175476.08, -87.98, -86.47
183105.47, -88.97, -86.59
190734.86, -84.48, -86.00
198364.25, -87.39, -91.29
205993.66, -87.10, -90.53
213623.05, -85.18, -88.61
221252.44, -85.79, -89.04
228881.84, -91.12, -88.57
236511.23, -87.05, -88.95
244140.62, -88.12, -89.46
251770.02, -89.45, -89.91
259399.41, -90.67, -88.93
267028.81, -95.46, -93.27
274658.19, -92.00, -92.77
282287.59, -87.65, -89.63
289917.00, -89.49, -89.74
297546.38, -88.45, -90.52
305175.78, -90.57, -90.88
312805.19, -91.11, -91.32
320434.56, -92.54, -93.10
328063.97, -92.50, -96.47
335693.38, -91.45, -91.97
343322.75, -91.58, -89.05
350952.16, -91.10, -90.24
358581.53, -89.89, -90.44
366210.94, -90.82, -92.32
373840.34, -93.31, -93.54
381469.72, -91.51, -92.85
389099.12, -88.82, -91.73
396728.50, -91.26, -91.36
404357.91, -94.31, -93.13
411987.31, -92.31, -90.92
419616.69, -93.24, -91.72
427246.09, -92.56, -92.07
434875.50, -97.21, -90.76
442504.88, -95.77, -90.02
450134.28, -92.58, -86.84
457763.69, -90.52, -88.58
465393.06, -89.90, -89.89
473022.47, -92.00, -89.19
480651.84, -90.30, -87.95
488281.25, -88.31, -91.55
495910.66, -88.48, -92.27
503540.03, -88.92, -89.22
511169.44, -90.25, -89.80
518798.81, -95.27, -89.94
526428.25, -91.16, -90.88
534057.62, -91.89, -89.30
541687.00, -93.15, -88.59
549316.38, -91.30, -90.96
556945.81, -92.04, -95.54
564575.19, -91.05, -93.32
572204.56, -91.50, -92.06
579834.00, -94.21, -90.77
587463.38, -92.78, -90.61
595092.75, -90.22, -91.59
602722.19, -92.71, -91.84
610351.56, -89.98, -92.37
617980.94, -92.87, -92.74
625610.38, -92.68, -91.91
633239.75, -90.51, -89.90
640869.12, -91.27, -91.63
648498.56, -90.87, -91.37
656127.94, -92.08, -88.56
663757.31, -95.36, -92.34
671386.75, -94.49, -92.66
679016.12, -89.57, -90.64
686645.50, -90.74, -92.67
694274.88, -90.37, -90.85
701904.31, -90.94, -91.12
709533.69, -89.59, -91.70
717163.06, -93.18, -93.56
724792.50, -91.85, -91.73
732421.88, -92.77, -91.91
740051.25, -91.68, -87.48
747680.69, -92.06, -90.37
755310.06, -92.65, -94.37
762939.44, -94.87, -90.76
770568.88, -92.36, -93.61
778198.25, -89.38, -89.51
785827.62, -86.03, -89.28
793457.00, -88.81, -94.42
801086.44, -92.16, -96.01
808715.81, -92.77, -92.31
816345.19, -90.14, -91.83
823974.62, -89.49, -92.29
831604.00, -94.49, -91.96
839233.38, -92.61, -92.76
846862.81, -92.19, -90.02
854492.19, -93.75, -91.58
862121.56, -92.39, -90.84
869751.00, -92.71, -91.81
877380.38, -91.63, -93.84
885009.75, -91.53, -90.60
892639.19, -94.84, -91.24
900268.56, -94.91, -90.57
907897.94, -92.38, -89.86
915527.38, -92.04, -89.50
923156.75, -92.35, -92.70
930786.12, -91.39, -94.52
938415.50, -91.83, -90.13
946044.94, -93.73, -88.77
953674.31, -92.19, -90.20
961303.69, -90.12, -90.68
968933.12, -88.45, -91.32
976562.50, -90.01, -92.17
984191.88, -89.13, -92.24
991821.31, -90.13, -91.40
999450.69, -92.08, -91.42
1007080.06, -90.27, -91.12
1014709.50, -88.03, -93.13
1022338.88, -90.14, -92.62
1029968.25, -92.74, -91.94
1037597.62, -93.28, -91.52
1045227.06, -94.68, -92.03
1052856.50, -93.57, -90.78
1060485.88, -90.35, -90.60
1068115.25, -90.70, -92.49
1075744.62, -89.93, -88.88
1083374.00, -93.46, -88.61
1091003.38, -90.91, -89.54
1098632.75, -91.38, -89.68
1106262.25, -92.34, -91.48
1113891.62, -91.27, -93.26
1121521.00, -89.69, -92.56
1129150.38, -90.52, -92.51
1136779.75, -92.98, -94.85
1144409.12, -93.51, -93.70
1152038.62, -92.57, -92.75
1159668.00, -92.52, -90.95
1167297.38, -92.48, -91.25
1174926.75, -94.91, -93.88
1182556.12, -92.91, -97.61
1190185.50, -92.60, -94.66
1197815.00, -93.68, -93.40
1205444.38, -91.12, -92.61
1213073.75, -90.45, -89.86
1220703.12, -92.07, -91.27
1228332.50, -89.89, -91.64
1235961.88, -90.86, -94.98
1243591.25, -90.85, -91.64
1251220.75, -91.58, -90.39
1258850.12, -92.04, -92.49
1266479.50, -91.89, -91.20
1274108.88, -90.84, -90.11
1281738.25, -89.20, -97.07
1289367.62, -90.74, -92.09
1296997.12, -93.07, -91.16
1304626.50, -92.06, -94.16
1312255.88, -92.35, -93.43
1319885.25, -90.18, -92.97
1327514.62, -87.96, -91.16
1335144.00, -90.42, -95.35
1342773.50, -94.75, -98.98
1350402.88, -89.52, -91.81
1358032.25, -92.32, -90.84
1365661.62, -91.86, -92.85
1373291.00, -91.26, -93.52
1380920.38, -93.14, -92.44
1388549.75, -91.58, -90.00
1396179.25, -92.52, -90.37
1403808.62, -91.84, -93.85
1411438.00, -90.72, -93.41
1419067.38, -90.61, -92.09
1426696.75, -90.28, -92.49
1434326.12, -90.89, -89.79
1441955.62, -90.99, -96.20
1449585.00, -93.91, -93.27
1457214.38, -91.14, -93.38
1464843.75, -93.86, -93.79
1472473.12, -91.20, -93.30
1480102.50, -89.69, -92.99
1487731.88, -92.68, -89.34
1495361.38, -92.51, -89.95
1502990.75, -91.22, -91.60
1510620.12, -93.72, -93.51
1518249.50, -94.03, -93.37
1525878.88, -92.09, -92.57
1533508.25, -93.42, -92.69
1541137.75, -89.47, -91.37
1548767.12, -91.85, -92.22
1556396.50, -89.81, -91.14
1564025.88, -91.06, -88.08
1571655.25, -87.46, -89.57
1579284.62, -89.44, -89.64
1586914.00, -91.43, -90.68
1594543.50, -92.78, -90.40
1602172.88, -93.40, -91.86
1609802.25, -92.93, -91.52
1617431.62, -90.05, -94.13
1625061.00, -94.18, -90.86
1632690.38, -94.57, -90.59
1640319.88, -90.83, -96.51
1647949.25, -89.29, -92.25
1655578.62, -89.83, -94.47
1663208.00, -91.50, -93.92
1670837.38, -89.89, -89.29
1678466.75, -89.96, -87.71
1686096.25, -92.42, -90.50
1693725.62, -90.04, -92.35
1701355.00, -93.29, -95.09
1708984.38, -94.81, -92.07
1716613.75, -94.24, -93.07
1724243.12, -92.58, -92.08
1731872.50, -92.82, -92.16
1739502.00, -92.20, -91.33
1747131.38, -94.92, -90.96
1754760.75, -90.25, -91.25
1762390.12, -91.46, -91.05
1770019.50, -92.62, -91.84
1777648.88, -90.80, -92.92
1785278.38, -92.57, -93.06
1792907.75, -96.05, -91.96
1800537.12, -92.09, -93.83
1808166.50, -88.66, -92.77
1815795.88, -90.06, -94.01
1823425.25, -90.71, -91.66
1831054.75, -92.52, -92.96
1838684.12, -92.63, -91.33
1846313.50, -95.02, -92.26
1853942.88, -91.39, -91.40
1861572.25, -90.41, -90.68
1869201.62, -91.72, -90.52
1876831.00, -92.19, -89.97
1884460.50, -90.92, -91.35
1892089.88, -93.03, -91.70
1899719.25, -92.03, -93.96
1907348.62, -91.56, -94.79
1914978.00, -92.71, -91.67
1922607.38, -93.63, -91.11
1930236.88, -97.09, -88.73
1937866.25, -94.15, -90.25
1945495.62, -92.56, -91.40
1953125.00, -94.32, -95.67
1960754.38, -91.28, -90.63
1968383.75, -91.49, -89.54
1976013.12, -90.24, -90.48
1983642.62, -93.61, -90.43
1991272.00, -93.79, -89.66
1998901.38, -93.61, -90.48
2006530.75, -92.50, -90.67
2014160.12, -90.52, -88.83
2021789.50, -93.83, -90.19
2029419.00, -93.78, -92.82
2037048.38, -91.06, -91.60
2044677.75, -92.33, -90.53
2052307.12, -89.78, -94.13
2059936.50, -90.83, -89.84
2067565.88, -88.75, -90.82
2075195.25, -90.61, -90.57
2082824.75, -91.43, -93.90
2090454.12, -89.76, -91.80
2098083.50, -89.85, -93.23
2105713.00, -90.57, -89.99
2113342.25, -94.08, -89.62
2120971.75, -93.83, -90.20
2128601.00, -91.14, -92.49
2136230.50, -92.20, -90.75
2143859.75, -94.20, -90.77
2151489.25, -91.51, -91.93
2159118.75, -93.36, -90.29
2166748.00, -94.46, -90.54
2174377.50, -93.02, -92.28
2182006.75, -90.19, -94.40
2189636.25, -90.97, -91.96
2197265.50, -93.27, -91.97
2204895.00, -93.24, -94.00
2212524.50, -93.88, -91.60
2220153.75, -94.58, -88.26
2227783.25, -91.81, -89.08
2235412.50, -92.26, -93.45
2243042.00, -90.31, -93.79
2250671.50, -91.63, -95.89
2258300.75, -92.92, -93.04
2265930.25, -92.73, -94.03
2273559.50, -94.41, -94.37
2281189.00, -96.56, -92.11
2288818.25, -93.29, -90.67
2296447.75, -91.94, -88.77
2304077.25, -92.25, -90.81
2311706.50, -91.29, -91.92
2319336.00, -92.83, -92.28
2326965.25, -94.95, -93.07
2334594.75, -93.65, -91.39
2342224.00, -92.23, -91.88
2349853.50, -91.91, -92.60
2357483.00, -91.63, -92.51
2365112.25, -93.10, -93.80
2372741.75, -91.40, -93.47
2380371.00, -91.95, -88.97
2388000.50, -93.25, -89.84
2395630.00, -94.71, -89.92
2403259.25, -93.26, -90.70
2410888.75, -92.42, -90.21
2418518.00, -91.39, -93.40
2426147.50, -90.48, -92.43
2433776.75, -94.69, -92.94
2441406.25, -91.68, -93.11
2449035.75, -91.43, -92.70
2456665.00, -90.85, -91.64
2464294.50, -87.65, -91.25
2471923.75, -90.75, -92.51
2479553.25, -92.94, -92.67
2487182.50, -92.43, -91.70
2494812.00, -92.76, -91.58
2502441.50, -92.67, -90.97
2510070.75, -93.36, -89.87
2517700.25, -95.69, -94.27
2525329.50, -92.05, -91.27
2532959.00, -94.26, -90.41
2540588.50, -91.18, -90.18
2548217.75, -93.11, -91.00
2555847.25, -89.12, -91.69
2563476.50, -92.24, -96.20
2571106.00, -93.77, -89.03
2578735.25, -91.12, -88.65
2586364.75, -90.18, -90.47
2593994.25, -94.30, -95.18
2601623.50, -93.90, -93.02
2609253.00, -91.88, -96.83
2616882.25, -93.95, -93.37
2624511.75, -92.14, -90.84
2632141.00, -89.99, -90.73
2639770.50, -89.74, -94.94
2647400.00, -92.37, -95.80
2655029.25, -93.02, -91.08
2662658.75, -93.52, -89.80
2670288.00, -93.44, -92.79
2677917.50, -90.58, -95.14
2685547.00, -89.91, -91.51
2693176.25, -94.29, -92.27
2700805.75, -93.28, -93.64
2708435.00, -92.74, -91.57
2716064.50, -89.60, -90.19
2723693.75, -92.08, -89.85
2731323.25, -90.32, -88.81
2738952.75, -91.23, -91.91
2746582.00, -89.47, -93.67
2754211.50, -91.79, -92.82
2761840.75, -91.91, -90.28
2769470.25, -90.09, -90.47
2777099.50, -90.68, -91.72
2784729.00, -90.16, -91.27
2792358.50, -94.82, -89.61
2799987.75, -90.70, -90.55
2807617.25, -92.92, -91.22
2815246.50, -93.88, -92.44
2822876.00, -91.31, -92.02
2830505.25, -94.90, -93.25
2838134.75, -91.22, -93.95
2845764.25, -95.04, -92.18
2853393.50, -91.27, -88.39
2861023.00, -92.88, -89.14
2868652.25, -94.18, -93.38
2876281.75, -90.64, -93.06
2883911.25, -91.80, -92.35
2891540.50, -92.49, -90.17
2899170.00, -94.42, -89.62
2906799.25, -94.43, -91.65
2914428.75, -94.76, -92.62
2922058.00, -92.25, -93.35
2929687.50, -93.96, -92.78
2937317.00, -91.37, -92.71
2944946.25, -90.44, -91.71
2952575.75, -90.95, -93.16
2960205.00, -93.75, -91.63
2967834.50, -93.19, -92.28
2975463.75, -90.53, -91.34
2983093.25, -90.13, -91.52
2990722.75, -89.83, -90.97
2998352.00, -90.21, -90.13
3005981.50, -92.05, -90.70
3013610.75, -93.01, -94.45
3021240.25, -96.00, -93.17
3028869.75, -91.26, -93.33
3036499.00, -89.65, -92.63
3044128.50, -90.14, -90.54
3051757.75, -89.72, -90.78
3059387.25, -92.36, -89.98
3067016.50, -92.34, -89.63
3074646.00, -91.52, -89.68
3082275.50, -90.94, -90.01
3089904.75, -90.51, -89.85
3097534.25, -91.92, -92.22
3105163.50, -95.36, -90.60
3112793.00, -97.40, -90.31
3120422.25, -92.41, -93.35
3128051.75, -92.94, -95.57
3135681.25, -88.71, -90.32
3143310.50, -89.69, -88.93
3150940.00, -90.15, -91.74
3158569.25, -91.31, -90.02
3166198.75, -88.35, -90.54
3173828.00, -88.44, -92.30
3181457.50, -91.88, -95.59
3189087.00, -95.23, -93.86
3196716.25, -93.28, -92.24
3204345.75, -92.04, -90.72
3211975.00, -93.14, -92.75
3219604.50, -90.79, -90.28
3227234.00, -91.64, -90.41
3234863.25, -90.17, -90.68
3242492.75, -93.31, -90.17
3250122.00, -91.07, -91.80
3257751.50, -89.55, -91.49
3265380.75, -91.58, -91.81
3273010.25, -95.42, -91.35
3280639.75, -95.66, -91.61
3288269.00, -92.86, -91.47
3295898.50, -94.03, -90.98
3303527.75, -94.67, -89.70
3311157.25, -93.06, -91.22
3318786.50, -94.20, -93.59
3326416.00, -93.12, -93.31
3334045.50, -91.58, -91.84
3341674.75, -93.61, -88.78
3349304.25, -93.68, -89.37
3356933.50, -92.47, -91.03
3364563.00, -90.95, -93.70
3372192.50, -91.63, -91.62
3379821.75, -92.62, -93.63
3387451.25, -92.94, -91.53
3395080.50, -93.78, -93.05
3402710.00, -92.89, -93.75
3410339.25, -95.73, -95.41
3417968.75, -94.64, -92.43
3425598.25, -91.28, -89.01
3433227.50, -90.60, -89.12
3440857.00, -88.97, -92.23
3448486.25, -90.43, -93.18
3456115.75, -90.59, -91.64
3463745.00, -93.48, -92.47
3471374.50, -92.79, -90.15
3479004.00, -91.75, -88.97
3486633.25, -93.86, -93.45
3494262.75, -94.25, -94.20
3501892.00, -88.85, -93.92
3509521.50, -88.62, -92.18
3517151.00, -90.11, -91.86
3524780.25, -92.43, -92.55
3532409.75, -91.07, -92.78
3540039.00, -92.10, -92.03
3547668.50, -89.75, -94.26
3555297.75, -92.63, -93.34
3562927.25, -93.02, -91.82
3570556.75, -93.29, -94.16
3578186.00, -93.28, -95.60
3585815.50, -93.22, -92.37
3593444.75, -89.28, -92.07
3601074.25, -93.71, -94.63
3608703.50, -91.51, -90.38
3616333.00, -91.84, -91.33
3623962.50, -92.56, -92.30
3631591.75, -91.43, -92.15
3639221.25, -93.17, -92.85
3646850.50, -89.70, -92.25
3654480.00, -91.24, -92.93
3662109.50, -90.05, -92.13
3669738.75, -91.35, -91.51
3677368.25, -89.89, -94.34
3684997.50, -89.43, -89.97
3692627.00, -91.15, -92.25
3700256.25, -91.24, -95.05
3707885.75, -94.89, -90.86
3715515.25, -93.97, -89.52
3723144.50, -90.69, -90.81
3730774.00, -92.27, -94.89
3738403.25, -93.18, -91.83
3746032.75, -92.31, -91.58
3753662.00, -92.16, -97.25
3761291.50, -90.81, -90.61
3768921.00, -91.05, -90.26
3776550.25, -93.59, -91.48
3784179.75, -89.47, -91.73
3791809.00, -92.05, -93.77
3799438.50, -92.29, -92.54
3807067.75, -96.77, -94.19
3814697.25, -92.74, -92.18
3822326.75, -92.36, -90.35
3829956.00, -93.29, -91.29
3837585.50, -95.45, -91.46
3845214.75, -96.54, -89.61
3852844.25, -93.76, -90.89
3860473.75, -91.37, -92.51
3868103.00, -90.37, -92.41
3875732.50, -91.66, -92.10
3883361.75, -90.77, -91.68
3890991.25, -91.09, -90.27
3898620.50, -92.52, -91.18
3906250.00, -91.51, -90.63
3913879.50, -92.80, -90.25
3921508.75, -90.86, -90.05
3929138.25, -88.33, -91.15
3936767.50, -89.06, -93.45
3944397.00, -92.04, -89.62
3952026.25, -90.61, -92.78
3959655.75, -91.31, -93.11
3967285.25, -89.23, -96.19
3974914.50, -90.64, -95.66
3982544.00, -95.18, -91.77
3990173.25, -90.62, -90.12
3997802.75, -89.16, -89.65
4005432.25, -87.99, -89.53
4013061.50, -88.74, -90.92
4020691.00, -89.76, -92.30
4028320.25, -89.21, -91.99
4035949.75, -90.71, -96.22
4043579.00, -92.13, -94.91
4051208.50, -91.73, -92.28
4058838.00, -93.42, -94.30
4066467.25, -94.60, -92.69
4074096.75, -91.35, -93.13
4081726.00, -91.24, -91.79
4089355.50, -92.22, -91.04
4096984.75, -92.24, -92.29
4104614.25, -93.20, -94.41
4112243.75, -91.63, -92.76
4119873.00, -89.82, -91.43
4127502.50, -89.65, -92.51
4135131.75, -94.87, -96.39
4142761.25, -95.73, -91.83
4150390.50, -93.48, -93.97
4158020.00, -92.49, -93.95
4165649.50, -93.50, -90.56
4173278.75, -90.19, -91.75
4180908.25, -93.31, -94.41
4188537.50, -96.53, -91.65
4196167.00, -93.87, -90.89
4203796.50, -92.31, -93.75
4211426.00, -92.98, -94.48
4219055.00, -91.05, -89.97
4226684.50, -92.31, -92.42
4234314.00, -92.89, -93.67
4241943.50, -91.30, -91.45
4249573.00, -93.91, -93.31
4257202.00, -91.83, -91.82
4264831.50, -94.55, -91.91
4272461.00, -94.42, -92.96
4280090.50, -91.39, -92.01
4287719.50, -92.19, -92.65
4295349.00, -91.88, -91.74
4302978.50, -93.53, -91.79
4310608.00, -90.97, -93.77
4318237.50, -91.16, -91.05
4325866.50, -92.01, -90.82
4333496.00, -95.98, -91.95
4341125.50, -91.64, -93.65
4348755.00, -92.36, -90.56
4356384.50, -90.63, -91.64
4364013.50, -92.97, -91.86
4371643.00, -92.92, -91.30
4379272.50, -93.38, -92.28
4386902.00, -93.32, -89.59
4394531.00, -91.56, -92.02
4402160.50, -90.54, -89.80
4409790.00, -92.32, -88.86
4417419.50, -92.41, -92.60
4425049.00, -91.43, -92.35
4432678.00, -90.55, -91.19
4440307.50, -91.19, -88.14
4447937.00, -89.59, -89.39
4455566.50, -97.14, -91.37
4463196.00, -95.30, -92.97
4470825.00, -93.77, -90.66
4478454.50, -92.18, -93.89
4486084.00, -93.34, -98.82
4493713.50, -94.04, -95.38
4501343.00, -94.57, -94.21
4508972.00, -95.10, -96.55
4516601.50, -91.54, -95.40
4524231.00, -94.48, -93.25
4531860.50, -93.48, -91.79
4539489.50, -90.15, -90.29
4547119.00, -91.46, -89.07
4554748.50, -93.59, -90.72
4562378.00, -89.53, -90.94
4570007.50, -92.14, -92.92
4577636.50, -93.10, -92.85
4585266.00, -88.84, -95.20
4592895.50, -90.67, -96.87
4600525.00, -91.40, -92.40
4608154.50, -92.20, -92.78
4615783.50, -92.71, -89.93
4623413.00, -93.63, -92.51
4631042.50, -93.03, -94.15
4638672.00, -89.32, -92.95
4646301.50, -91.64, -92.84
4653930.50, -95.71, -91.33
4661560.00, -92.40, -93.68
4669189.50, -92.23, -94.40
4676819.00, -92.47, -93.01
4684448.00, -90.86, -89.23
4692077.50, -91.84, -88.99
4699707.00, -94.35, -88.97
4707336.50, -91.38, -92.95
4714966.00, -92.84, -90.13
4722595.00, -90.63, -91.93
4730224.50, -89.69, -90.22
4737854.00, -92.11, -93.20
4745483.50, -92.43, -91.08
4753113.00, -89.00, -93.29
4760742.00, -90.83, -92.18
4768371.50, -90.60, -92.12
4776001.00, -91.31, -90.49
4783630.50, -91.60, -92.50
4791260.00, -92.09, -91.77
4798889.00, -91.90, -90.79
4806518.50, -93.08, -92.02
4814148.00, -91.07, -92.79
4821777.50, -89.52, -95.64
4829406.50, -92.03, -92.15
4837036.00, -92.14, -92.69
4844665.50, -91.91, -90.88
4852295.00, -91.84, -94.19
4859924.50, -93.12, -90.56
4867553.50, -93.65, -91.01
4875183.00, -93.31, -92.06
4882812.50, -91.66, -93.71
4890442.00, -92.99, -90.43
4898071.50, -92.74, -92.99
4905700.50, -93.77, -93.23
4913330.00, -92.30, -92.21
4920959.50, -89.84, -90.54
4928589.00, -89.74, -89.93
4936218.50, -93.32, -90.65
4943847.50, -91.23, -91.62
4951477.00, -93.70, -93.25
4959106.50, -92.99, -94.15
4966736.00, -95.17, -93.52
4974365.00, -92.40, -94.67
4981994.50, -91.00, -96.03
4989624.00, -93.44, -92.33
4997253.50, -91.18, -95.64
5004883.00, -91.88, -93.77
5012512.00, -91.50, -93.52
5020141.50, -91.81, -91.25
5027771.00, -93.65, -88.89
5035400.50, -91.76, -94.24
5043030.00, -92.71, -94.61
5050659.00, -92.46, -96.49
5058288.50, -94.20, -93.70
5065918.00, -91.14, -96.49
5073547.50, -94.87, -94.61
5081177.00, -93.10, -92.00
5088806.00, -90.44, -90.84
5096435.50, -93.61, -90.08
5104065.00, -92.73, -90.50
5111694.50, -91.70, -92.57
5119323.50, -93.79, -91.90
5126953.00, -95.04, -93.26
5134582.50, -92.10, -95.42
5142212.00, -90.95, -94.25
5149841.50, -92.82, -93.18
5157470.50, -94.58, -92.14
5165100.00, -93.48, -90.87
5172729.50, -91.21, -89.87
5180359.00, -90.98, -92.80
5187988.50, -95.12, -90.95
5195617.50, -95.31, -90.70
5203247.00, -92.65, -92.22
5210876.50, -89.04, -92.07
5218506.00, -93.03, -90.86
5226135.50, -96.37, -90.74
5233764.50, -93.61, -89.54
5241394.00, -89.83, -88.57
5249023.50, -89.32, -90.35
5256653.00, -93.41, -90.55
5264282.00, -94.84, -90.71
5271911.50, -92.92, -91.62
5279541.00, -90.67, -92.45
5287170.50, -91.00, -93.86
5294800.00, -95.09, -94.10
5302429.00, -93.22, -94.74
5310058.50, -90.67, -91.30
5317688.00, -93.26, -90.80
5325317.50, -95.14, -94.08
5332947.00, -93.20, -92.19
5340576.00, -93.70, -91.80
5348205.50, -96.62, -92.12
5355835.00, -93.96, -93.16
5363464.50, -92.56, -89.85
5371094.00, -91.48, -90.10
5378723.00, -91.30, -90.85
5386352.50, -89.98, -88.34
5393982.00, -90.78, -90.06
5401611.50, -88.81, -89.94
5409240.50, -91.14, -90.61
5416870.00, -90.75, -91.47
5424499.50, -91.69, -88.63
5432129.00, -91.37, -90.65
5439758.50, -90.60, -93.61
5447387.50, -92.82, -93.53
5455017.00, -94.93, -95.18
5462646.50, -92.57, -92.01
5470276.00, -89.82, -90.09
5477905.50, -87.99, -89.63
5485534.50, -90.57, -91.28
5493164.00, -91.83, -92.23
5500793.50, -92.40, -91.09
5508423.00, -91.67, -92.16
5516052.00, -91.35, -91.74
5523681.50, -92.21, -89.90
5531311.00, -92.57, -92.98
5538940.50, -92.51, -92.53
5546570.00, -89.31, -92.30
5554199.00, -88.49, -91.95
5561828.50, -90.87, -93.51
5569458.00, -91.65, -94.96
5577087.50, -92.56, -94.89
5584717.00, -92.40, -94.53
5592346.00, -91.40, -91.19
5599975.50, -91.02, -91.55
5607605.00, -89.99, -91.16
5615234.50, -93.03, -91.27
5622864.00, -93.43, -90.20
5630493.00, -92.49, -91.40
5638122.50, -91.99, -92.10
5645752.00, -92.64, -91.34
5653381.50, -93.58, -94.24
5661010.50, -92.69, -93.40
5668640.00, -94.73, -93.65
5676269.50, -89.71, -94.36
5683899.00, -93.49, -93.68
5691528.50, -92.75, -93.32
5699157.50, -92.57, -93.71
5706787.00, -94.48, -90.95
5714416.50, -91.61, -91.62
5722046.00, -92.73, -92.73
5729675.50, -89.26, -91.91
5737304.50, -89.80, -91.79
5744934.00, -90.81, -91.62
5752563.50, -89.44, -93.06
5760193.00, -88.78, -93.02
5767822.50, -92.14, -91.27
5775451.50, -92.39, -91.76
5783081.00, -92.31, -90.34
5790710.50, -92.13, -92.56
5798340.00, -92.02, -95.79
5805969.00, -91.72, -92.52
5813598.50, -93.70, -91.96
5821228.00, -91.44, -92.12
5828857.50, -89.95, -90.31
5836487.00, -93.17, -93.50
5844116.00, -94.09, -91.92
5851745.50, -92.06, -88.65
5859375.00, -89.95, -89.91
5867004.50, -89.36, -92.88
5874634.00, -89.93, -93.30
5882263.00, -89.83, -95.98
5889892.50, -92.62, -93.72
5897522.00, -90.65, -90.66
5905151.50, -89.77, -94.76
5912781.00, -92.78, -90.53
5920410.00, -93.36, -92.18
5928039.50, -95.28, -91.83
5935669.00, -93.53, -92.05
5943298.50, -93.08, -93.18
5950927.50, -89.99, -93.72
5958557.00, -90.56, -92.07
5966186.50, -91.70, -89.34
5973816.00, -91.65, -90.83
5981445.50, -91.08, -92.69
5989074.50, -92.07, -92.51
5996704.00, -91.63, -92.51
6004333.50, -91.98, -92.59
6011963.00, -92.49, -93.84
6019592.50, -92.66, -93.81
6027221.50, -93.22, -92.99
6034851.00, -90.56, -93.73
6042480.50, -92.76, -92.95
6050110.00, -95.41, -92.49
6057739.50, -92.29, -89.99
6065368.50, -89.22, -92.19
6072998.00, -92.72, -90.76
6080627.50, -95.51, -91.66
6088257.00, -91.99, -90.52
6095886.00, -91.63, -91.43
6103515.50, -91.72, -94.13
6111145.00, -96.28, -95.54
6118774.50, -92.63, -92.41
6126404.00, -92.91, -94.09
6134033.00, -91.86, -94.22
6141662.50, -92.72, -92.50
6149292.00, -92.27, -90.12
6156921.50, -92.87, -91.48
6164551.00, -93.23, -94.23
6172180.00, -92.64, -100.33
6179809.50, -91.46, -95.64
6187439.00, -91.85, -92.59
6195068.50, -92.97, -90.72
6202698.00, -90.12, -91.59
6210327.00, -94.27, -90.42
6217956.50, -95.06, -92.15
6225586.00, -93.80, -93.50
6233215.50, -93.07, -91.69
6240844.50, -91.90, -92.50
6248474.00, -92.82, -91.87
6256103.50, -92.44, -90.11
6263733.00, -93.48, -93.85
6271362.50, -90.63, -92.46
6278991.50, -90.02, -91.44
6286621.00, -90.50, -90.63
6294250.50, -90.18, -90.76
6301880.00, -90.77, -92.64
6309509.50, -95.94, -93.19
6317138.50, -93.45, -92.62
6324768.00, -92.96, -90.95
6332397.50, -92.25, -92.23
6340027.00, -90.12, -91.00
6347656.00, -90.99, -90.19
6355285.50, -93.87, -94.06
6362915.00, -90.84, -97.64
6370544.50, -92.00, -92.05
6378174.00, -89.71, -90.05
6385803.00, -90.83, -92.67
6393432.50, -93.72, -90.30
6401062.00, -92.62, -93.64
6408691.50, -92.12, -91.31
6416321.00, -90.74, -92.26
6423950.00, -90.17, -91.84
6431579.50, -88.92, -93.97
6439209.00, -89.32, -91.80
6446838.50, -92.16, -92.99
6454468.00, -93.20, -93.78
6462097.00, -92.29, -90.12
6469726.50, -89.33, -90.47
6477356.00, -91.72, -91.03
6484985.50, -93.66, -95.38
6492614.50, -90.98, -93.06
6500244.00, -96.60, -90.62
6507873.50, -94.74, -89.57
6515503.00, -93.33, -89.76
6523132.50, -92.99, -91.55
6530761.50, -92.36, -90.10
6538391.00, -92.09, -91.82
6546020.50, -90.90, -90.55
6553650.00, -92.26, -89.34
6561279.50, -93.02, -91.32
6568908.50, -95.91, -91.09
6576538.00, -90.93, -94.07
6584167.50, -91.52, -91.85
6591797.00, -93.40, -87.91
6599426.50, -91.39, -91.28
6607055.50, -91.75, -92.69
6614685.00, -91.65, -94.15
6622314.50, -95.34, -93.72
6629944.00, -92.26, -93.97
6637573.00, -91.14, -95.41
6645202.50, -91.28, -96.37
6652832.00, -90.47, -94.45
6660461.50, -92.05, -96.80
6668091.00, -90.96, -91.50
6675720.00, -91.28, -92.49
6683349.50, -89.66, -90.64
6690979.00, -92.17, -93.07
6698608.50, -91.84, -94.02
6706238.00, -94.31, -95.01
6713867.00, -92.23, -94.96
6721496.50, -91.90, -92.50
6729126.00, -91.76, -93.16
6736755.50, -94.50, -90.85
6744385.00, -90.15, -91.67
6752014.00, -95.29, -89.54
6759643.50, -91.94, -90.95
6767273.00, -90.88, -92.70
6774902.50, -89.73, -91.14
6782531.50, -92.28, -95.41
6790161.00, -92.37, -91.29
6797790.50, -90.64, -91.50
6805420.00, -95.41, -90.91
6813049.50, -93.28, -92.25
6820678.50, -94.38, -94.77
6828308.00, -94.04, -93.20
6835937.50, -92.47, -90.22
6843567.00, -92.32, -90.69
6851196.50, -91.06, -93.59
6858825.50, -94.53, -93.48
6866455.00, -88.42, -90.28
6874084.50, -88.41, -89.68
6881714.00, -92.70, -92.95
6889343.50, -91.63, -92.24
6896972.50, -88.66, -90.49
6904602.00, -89.68, -91.86
6912231.50, -95.33, -91.51
6919861.00, -91.59, -91.07
6927490.00, -92.15, -91.94
6935119.50, -91.79, -94.99
6942749.00, -90.70, -94.56
6950378.50, -89.45, -93.13
6958008.00, -90.07, -90.78
6965637.00, -87.82, -93.95
6973266.50, -90.51, -91.58
6980896.00, -95.17, -93.67
6988525.50, -95.42, -89.69
6996155.00, -94.29, -90.18
7003784.00, -94.32, -91.52
7011413.50, -91.16, -92.49
7019043.00, -90.21, -92.12
7026672.50, -96.82, -91.31
7034302.00, -92.33, -93.24
7041931.00, -95.76, -96.28
7049560.50, -93.71, -92.42
7057190.00, -89.67, -89.05
7064819.50, -92.04, -89.19
7072448.50, -92.05, -91.13
7080078.00, -90.26, -93.12
7087707.50, -92.77, -92.47
7095337.00, -89.62, -90.98
7102966.50, -90.42, -91.29
7110595.50, -91.27, -91.26
7118225.00, -90.13, -91.38
7125854.50, -92.05, -91.31
7133484.00, -91.25, -93.14
7141113.50, -90.41, -96.84
7148742.50, -91.60, -90.67
7156372.00, -94.15, -90.86
7164001.50, -92.23, -92.05
7171631.00, -91.28, -91.17
7179260.50, -92.19, -89.96
7186889.50, -91.22, -94.01
7194519.00, -91.59, -93.74
7202148.50, -90.44, -93.45
7209778.00, -91.39, -92.68
7217407.00, -91.80, -91.34
7225036.50, -91.94, -91.26
7232666.00, -92.92, -91.23
7240295.50, -93.33, -89.58
7247925.00, -94.71, -91.79
7255554.00, -93.06, -93.63
7263183.50, -93.05, -91.19
7270813.00, -92.71, -92.10
7278442.50, -91.52, -92.65
7286072.00, -92.06, -93.53
7293701.00, -92.76, -91.62
7301330.50, -91.39, -91.08
7308960.00, -92.05, -91.77
7316589.50, -89.89, -91.70
7324219.00, -89.60, -91.81
7331848.00, -92.39, -93.82
7339477.50, -92.24, -92.17
7347107.00, -91.11, -93.68
7354736.50, -92.57, -91.35
7362365.50, -93.74, -94.00
7369995.00, -92.06, -92.10
7377624.50, -95.32, -92.52
7385254.00, -91.43, -92.33
7392883.50, -91.80, -93.11
7400512.50, -92.72, -90.60
7408142.00, -93.85, -92.30
7415771.50, -92.55, -92.67
7423401.00, -91.58, -91.66
7431030.50, -89.99, -93.04
7438659.50, -90.82, -89.37
7446289.00, -92.46, -90.52
7453918.50, -96.51, -94.24
7461548.00, -95.31, -94.01
7469177.00, -92.16, -91.30
7476806.50, -93.48, -91.33
7484436.00, -92.33, -91.47
7492065.50, -92.25, -90.14
7499695.00, -95.96, -91.71
7507324.00, -93.09, -91.78
7514953.50, -89.67, -91.77
7522583.00, -90.96, -92.99
7530212.50, -89.32, -93.58
7537842.00, -92.27, -89.40
7545471.00, -94.84, -90.93
7553100.50, -93.08, -92.61
7560730.00, -89.43, -92.40
7568359.50, -89.86, -90.33
7575989.00, -91.67, -91.77
7583618.00, -91.05, -94.37
7591247.50, -94.22, -93.41
7598877.00, -91.46, -93.23
7606506.50, -93.79, -91.11
7614135.50, -91.33, -91.90
7621765.00, -94.22, -92.43
7629394.50, -89.93, -92.52
7637024.00, -90.01, -94.72
7644653.50, -90.20, -92.24
7652282.50, -89.59, -94.62
7659912.00, -93.65, -91.70
7667541.50, -93.48, -92.30
7675171.00, -93.36, -92.28
7682800.50, -92.15, -93.29
7690429.50, -95.10, -94.18
7698059.00, -94.77, -94.62
7705688.50, -93.67, -92.26
7713318.00, -91.09, -92.58
7720947.50, -89.26, -92.80
7728576.50, -90.43, -91.50
7736206.00, -90.54, -91.69
7743835.50, -92.30, -91.01
7751465.00, -90.10, -90.28
7759094.00, -88.82, -93.56
7766723.50, -88.29, -91.76
7774353.00, -89.06, -92.66
7781982.50, -92.83, -94.44
7789612.00, -90.39, -95.15
7797241.00, -91.21, -94.80
7804870.50, -93.03, -89.79
7812500.00, -92.30, -89.84
7820129.50, -93.82, -93.29
7827759.00, -92.22, -92.76
7835388.00, -89.31, -91.25
7843017.50, -91.50, -92.68
7850647.00, -91.25, -93.52
7858276.50, -92.60, -95.37
7865906.00, -93.56, -93.01
7873535.00, -95.33, -95.90
7881164.50, -91.06, -93.34
7888794.00, -90.01, -93.36
7896423.50, -91.16, -92.69
7904052.50, -95.90, -95.57
7911682.00, -93.77, -91.79
7919311.50, -95.71, -90.62
7926941.00, -94.49, -93.69
7934570.50, -94.61, -93.10
7942199.50, -94.25, -91.52
7949829.00, -92.97, -94.24
7957458.50, -93.82, -95.14
7965088.00, -94.75, -93.71
7972717.50, -90.38, -91.40
7980346.50, -88.16, -90.12
7987976.00, -88.03, -93.04
7995605.50, -92.00, -93.33
8003235.00, -89.02, -92.39
8010864.50, -88.80, -95.21
8018493.50, -92.95, -96.12
8026123.00, -94.56, -91.58
8033752.50, -92.61, -93.67
8041382.00, -91.40, -93.70
8049011.00, -92.06, -91.12
8056640.50, -95.31, -90.70
8064270.00, -91.70, -92.02
8071899.50, -90.18, -93.48
8079529.00, -89.36, -94.06
8087158.00, -90.05, -94.57
8094787.50, -91.70, -96.19
8102417.00, -91.27, -90.91
8110046.50, -90.84, -92.57
8117676.00, -92.87, -97.72
8125305.00, -91.64, -91.71
8132934.50, -92.46, -92.07
8140564.00, -91.57, -97.04
8148193.50, -88.72, -95.68
8155823.00, -88.60, -92.15
8163452.00, -89.96, -92.29
8171081.50, -90.74, -90.14
8178711.00, -91.03, -90.75
8186340.50, -90.60, -93.18
8193969.50, -91.38, -94.33
8201599.00, -92.45, -93.25
8209228.50, -92.74, -92.11
8216858.00, -92.13, -91.09
8224487.50, -95.29, -92.83
8232116.50, -94.00, -91.49
8239746.00, -94.45, -91.24
8247375.50, -92.11, -96.43
8255005.00, -91.32, -93.76
8262634.50, -93.03, -92.27
8270263.50, -94.15, -91.77
8277893.00, -93.14, -89.98
8285522.50, -89.69, -94.94
8293152.00, -92.48, -89.16
8300781.00, -93.09, -87.80
8308410.50, -92.98, -89.52
8316040.00, -93.62, -90.79
8323669.50, -98.21, -94.02
8331299.00, -93.24, -92.07
8338928.00, -94.44, -92.84
8346557.50, -91.24, -95.53
8354187.00, -92.91, -92.40
8361816.50, -92.62, -92.17
8369446.00, -91.89, -90.85
8377075.00, -92.02, -92.81
8384704.50, -91.03, -92.06
8392334.00, -93.34, -92.34
8399963.00, -93.04, -94.66
8407593.00, -91.87, -89.46
8415222.00, -93.06, -88.54
8422852.00, -92.39, -91.57
8430481.00, -92.32, -93.25
8438110.00, -89.92, -91.44
8445740.00, -90.98, -91.95
8453369.00, -89.42, -93.90
8460999.00, -91.78, -92.13
8468628.00, -95.51, -93.52
8476257.00, -91.58, -91.03
8483887.00, -90.91, -91.00
8491516.00, -91.29, -92.85
8499146.00, -94.17, -89.81
8506775.00, -92.39, -95.61
8514404.00, -91.90, -92.49
8522034.00, -90.99, -91.42
8529663.00, -90.72, -91.01
8537292.00, -94.72, -94.43
8544922.00, -91.17, -96.66
8552551.00, -89.29, -94.00
8560181.00, -90.22, -92.13
8567810.00, -91.26, -90.49
8575439.00, -96.22, -93.41
8583069.00, -93.74, -91.50
8590698.00, -91.90, -94.19
8598328.00, -92.55, -91.22
8605957.00, -91.94, -92.23
8613586.00, -91.57, -92.59
8621216.00, -89.12, -93.93
8628845.00, -88.93, -95.48
8636475.00, -89.07, -93.33
8644104.00, -92.25, -93.11
8651733.00, -93.08, -90.72
8659363.00, -91.43, -90.13
8666992.00, -91.33, -89.58
8674622.00, -91.20, -90.82
8682251.00, -94.24, -88.42
8689880.00, -93.02, -94.38
8697510.00, -93.11, -91.94
8705139.00, -94.46, -90.95
8712769.00, -91.05, -91.82
8720398.00, -91.19, -93.72
8728027.00, -91.34, -93.17
8735657.00, -93.49, -92.21
8743286.00, -93.57, -91.11
8750916.00, -91.14, -91.76
8758545.00, -91.42, -93.56
8766174.00, -91.65, -91.93
8773804.00, -93.22, -91.51
8781433.00, -93.05, -92.66
8789062.00, -92.90, -93.05
8796692.00, -91.97, -91.28
8804321.00, -92.29, -88.77
8811951.00, -94.15, -91.01
8819580.00, -89.24, -95.00
8827209.00, -91.63, -90.76
8834839.00, -93.28, -94.19
8842468.00, -91.78, -92.09
8850098.00, -95.47, -93.95
8857727.00, -92.82, -93.47
8865356.00, -92.55, -91.54
8872986.00, -90.46, -92.08
8880615.00, -94.59, -91.53
8888245.00, -93.51, -92.04
8895874.00, -91.28, -92.20
8903503.00, -92.59, -95.79
8911133.00, -92.84, -90.69
8918762.00, -90.77, -92.21
8926392.00, -94.32, -95.19
8934021.00, -89.50, -94.91
8941650.00, -88.77, -92.50
8949280.00, -91.48, -92.84
8956909.00, -92.76, -93.79
8964539.00, -92.05, -91.03
8972168.00, -90.08, -91.68
8979797.00, -89.11, -96.00
8987427.00, -89.94, -92.81
8995056.00, -89.41, -90.25
9002686.00, -89.12, -90.71
9010315.00, -93.90, -92.21
9017944.00, -92.47, -94.34
9025574.00, -90.30, -96.31
9033203.00, -92.62, -94.53
9040833.00, -93.76, -91.51
9048462.00, -92.16, -94.52
9056091.00, -92.63, -96.47
9063721.00, -92.23, -98.01
9071350.00, -90.89, -92.54
9078979.00, -90.05, -93.61
9086609.00, -90.05, -91.77
9094238.00, -90.71, -91.37
9101868.00, -91.00, -95.51
9109497.00, -94.04, -92.26
9117126.00, -95.06, -93.29
9124756.00, -92.35, -93.21
9132385.00, -93.35, -96.74
9140015.00, -89.61, -92.61
9147644.00, -91.19, -93.73
9155273.00, -93.45, -97.38
9162903.00, -90.87, -91.02
9170532.00, -89.29, -93.43
9178162.00, -89.40, -95.53
9185791.00, -90.70, -92.03
9193420.00, -94.98, -89.87
9201050.00, -94.93, -91.63
9208679.00, -93.45, -92.71
9216309.00, -90.12, -89.96
9223938.00, -88.86, -90.08
9231567.00, -90.19, -93.46
9239197.00, -95.60, -92.62
9246826.00, -90.99, -91.60
9254456.00, -93.08, -90.89
9262085.00, -90.94, -97.50
9269714.00, -92.16, -93.35
9277344.00, -90.76, -91.61
9284973.00, -95.38, -91.28
9292603.00, -90.99, -92.07
9300232.00, -91.15, -94.30
9307861.00, -91.70, -91.33
9315491.00, -91.65, -92.75
9323120.00, -91.17, -93.01
9330750.00, -92.91, -90.32
9338379.00, -93.09, -89.71
9346008.00, -94.59, -90.96
9353638.00, -93.98, -97.03
9361267.00, -91.23, -93.08
9368896.00, -93.93, -92.86
9376526.00, -95.88, -91.06
9384155.00, -94.22, -91.45
9391785.00, -89.96, -92.50
9399414.00, -90.35, -92.96
9407043.00, -90.71, -91.01
9414673.00, -91.23, -89.31
9422302.00, -93.27, -93.73
9429932.00, -94.06, -96.02
9437561.00, -93.49, -95.81
9445190.00, -92.60, -91.02
9452820.00, -90.11, -92.97
9460449.00, -90.97, -96.00
9468079.00, -95.60, -93.38
9475708.00, -93.46, -93.59
9483337.00, -92.62, -91.89
9490967.00, -91.29, -93.85
9498596.00, -91.85, -93.77
9506226.00, -90.11, -93.19
9513855.00, -92.43, -92.80
9521484.00, -89.17, -94.52
9529114.00, -91.90, -91.82
9536743.00, -93.19, -90.65
9544373.00, -91.61, -88.91
9552002.00, -90.02, -88.76
9559631.00, -91.89, -90.39
9567261.00, -92.15, -92.00
9574890.00, -93.21, -90.28
9582520.00, -93.11, -90.31
9590149.00, -93.12, -91.94
9597778.00, -92.60, -93.67
9605408.00, -92.89, -93.05
9613037.00, -91.98, -94.55
9620667.00, -93.08, -91.81
9628296.00, -91.80, -94.86
9635925.00, -95.37, -94.31
9643555.00, -91.69, -92.87
9651184.00, -90.87, -92.16
9658813.00, -93.45, -90.33
9666443.00, -94.98, -91.86
9674072.00, -92.99, -93.71
9681702.00, -92.69, -90.43
9689331.00, -92.64, -91.52
9696960.00, -92.02, -91.22
9704590.00, -92.41, -91.48
9712219.00, -91.02, -92.25
9719849.00, -88.98, -93.23
9727478.00, -90.27, -92.24
9735107.00, -91.88, -94.20
9742737.00, -94.09, -91.71
9750366.00, -91.53, -91.90
9757996.00, -89.79, -91.07
9765625.00, -93.44, -93.01
9773254.00, -92.67, -92.81
9780884.00, -95.39, -90.18
9788513.00, -91.73, -90.56
9796143.00, -92.00, -92.19
9803772.00, -90.59, -89.27
9811401.00, -90.51, -90.36
9819031.00, -90.84, -92.85
9826660.00, -93.70, -93.33
9834290.00, -91.03, -91.04
9841919.00, -90.99, -90.85
9849548.00, -92.49, -90.49
9857178.00, -91.99, -94.88
9864807.00, -88.35, -92.21
9872437.00, -90.18, -94.48
9880066.00, -99.21, -94.09
9887695.00, -91.79, -91.94
9895325.00, -92.79, -91.53
9902954.00, -97.26, -93.71
9910583.00, -91.62, -97.16
9918213.00, -91.77, -96.13
9925842.00, -93.36, -90.68
9933472.00, -91.23, -90.61
9941101.00, -94.11, -91.57
9948730.00, -94.99, -93.00
9956360.00, -95.26, -95.29
9963989.00, -90.95, -92.95
9971619.00, -93.80, -89.69
9979248.00, -95.60, -91.48
9986877.00, -91.98, -93.87
9994507.00, -91.52, -91.23
10002136.00, -91.74, -92.58
10009766.00, -92.98, -89.29
10017395.00, -94.00, -89.80
10025024.00, -93.45, -94.35
10032654.00, -92.20, -94.27
10040283.00, -91.97, -92.93
10047913.00, -90.75, -92.12
10055542.00, -91.55, -91.14
10063171.00, -93.82, -94.75
10070801.00, -90.95, -94.22
10078430.00, -92.48, -94.46
10086060.00, -94.18, -93.21
10093689.00, -94.36, -90.61
10101318.00, -94.16, -93.60
10108948.00, -93.03, -89.26
10116577.00, -95.93, -88.84
10124207.00, -93.20, -89.61
10131836.00, -93.22, -90.52
10139465.00, -93.01, -91.93
10147095.00, -93.23, -90.41
10154724.00, -93.07, -91.86
10162354.00, -91.71, -93.21
10169983.00, -94.31, -93.44
10177612.00, -91.33, -91.65
10185242.00, -93.24, -89.79
10192871.00, -92.80, -93.72
10200500.00, -92.46, -90.39
10208130.00, -94.05, -94.43
10215759.00, -96.68, -91.70
10223389.00, -91.89, -94.28
10231018.00, -93.28, -92.02
10238647.00, -93.69, -91.97
10246277.00, -90.52, -94.57
10253906.00, -89.48, -91.07
10261536.00, -90.61, -92.35
10269165.00, -92.39, -90.45
10276794.00, -91.69, -92.01
10284424.00, -90.68, -95.62
10292053.00, -90.67, -92.79
10299683.00, -91.50, -94.88
10307312.00, -93.70, -92.32
10314941.00, -89.19, -91.06
10322571.00, -90.15, -93.97
10330200.00, -91.42, -91.66
10337830.00, -93.91, -90.43
10345459.00, -91.83, -89.89
10353088.00, -93.65, -89.30
10360718.00, -93.14, -89.12
10368347.00, -94.16, -92.72
10375977.00, -94.35, -91.64
10383606.00, -91.83, -91.56
10391235.00, -89.76, -91.57
10398865.00, -91.49, -92.44
10406494.00, -91.83, -90.91
10414124.00, -94.31, -94.76
10421753.00, -93.14, -91.36
10429382.00, -90.80, -92.58
10437012.00, -90.37, -91.63
10444641.00, -90.37, -90.00
10452271.00, -92.11, -89.63
10459900.00, -90.89, -91.90
10467529.00, -90.82, -91.53
10475159.00, -91.94, -89.55
10482788.00, -92.16, -89.80
10490417.00, -90.84, -92.90
10498047.00, -91.83, -94.45
10505676.00, -94.32, -93.80
10513306.00, -93.21, -93.82
10520935.00, -92.50, -92.28
10528564.00, -92.47, -91.45
10536194.00, -90.46, -90.61
10543823.00, -90.23, -93.45
10551453.00, -94.75, -91.34
10559082.00, -89.91, -92.73
10566711.00, -90.37, -93.68
10574341.00, -91.50, -91.10
10581970.00, -90.74, -91.29
10589600.00, -92.52, -94.20
10597229.00, -93.49, -88.47
10604858.00, -93.63, -90.80
10612488.00, -95.31, -92.01
10620117.00, -93.04, -95.46
10627747.00, -92.53, -92.53
10635376.00, -93.10, -91.10
10643005.00, -93.49, -93.85
10650635.00, -92.81, -96.82
10658264.00, -93.46, -93.43
10665894.00, -93.46, -92.54
10673523.00, -93.24, -94.40
10681152.00, -92.70, -96.44
10688782.00, -92.85, -94.71
10696411.00, -90.07, -95.41
10704041.00, -89.74, -91.34
10711670.00, -92.65, -91.16
10719299.00, -93.78, -93.49
10726929.00, -91.76, -92.57
10734558.00, -95.43, -91.47
10742188.00, -93.75, -89.58
10749817.00, -91.97, -92.88
10757446.00, -92.11, -94.97
10765076.00, -92.34, -92.28
10772705.00, -91.51, -91.94
10780334.00, -91.42, -92.05
10787964.00, -91.24, -93.02
10795593.00, -91.59, -91.31
10803223.00, -92.34, -90.37
10810852.00, -90.62, -92.00
10818481.00, -91.47, -91.55
10826111.00, -92.28, -92.30
10833740.00, -90.79, -93.12
10841370.00, -91.23, -91.61
10848999.00, -94.38, -90.80
10856628.00, -95.10, -91.60
10864258.00, -92.51, -91.87
10871887.00, -95.74, -93.00
10879517.00, -93.28, -94.03
10887146.00, -89.92, -92.07
10894775.00, -90.35, -93.61
10902405.00, -93.13, -92.00
10910034.00, -95.44, -94.45
10917664.00, -97.62, -93.98
10925293.00, -94.73, -91.49
10932922.00, -92.06, -91.44
10940552.00, -91.17, -91.48
10948181.00, -89.29, -91.01
10955811.00, -89.74, -91.36
10963440.00, -90.30, -91.87
10971069.00, -90.56, -94.39
10978699.00, -91.00, -91.54
10986328.00, -92.56, -91.65
10993958.00, -95.49, -91.05
11001587.00, -91.70, -91.14
11009216.00, -92.94, -96.81
11016846.00, -90.28, -93.14
11024475.00, -92.48, -91.73
11032104.00, -94.73, -92.48
11039734.00, -92.47, -91.93
11047363.00, -92.77, -88.64
11054993.00, -94.02, -89.39
11062622.00, -98.52, -93.16
11070251.00, -95.35, -94.13
11077881.00, -93.46, -92.71
11085510.00, -95.53, -93.08
11093140.00, -94.11, -91.89
11100769.00, -93.08, -91.41
11108398.00, -90.71, -93.20
11116028.00, -90.13, -89.69
11123657.00, -90.88, -92.80
11131287.00, -89.99, -96.72
11138916.00, -94.71, -93.97
11146545.00, -93.01, -93.75
11154175.00, -92.59, -93.39
11161804.00, -92.84, -91.97
11169434.00, -92.78, -89.87
11177063.00, -91.34, -91.39
11184692.00, -93.17, -92.33
11192322.00, -96.01, -93.05
11199951.00, -93.07, -93.84
11207581.00, -93.47, -92.18
11215210.00, -94.96, -92.14
11222839.00, -95.60, -93.72
11230469.00, -94.69, -91.07
11238098.00, -91.70, -90.63
11245728.00, -91.65, -88.98
11253357.00, -92.82, -90.74
11260986.00, -91.91, -91.06
11268616.00, -92.70, -90.04
11276245.00, -92.89, -91.37
11283875.00, -92.34, -90.86
11291504.00, -90.40, -92.12
11299133.00, -91.85, -89.93
11306763.00, -93.94, -91.69
11314392.00, -90.84, -93.87
11322021.00, -91.01, -93.15
11329651.00, -91.34, -92.69
11337280.00, -92.86, -91.82
11344910.00, -90.87, -90.28
11352539.00, -90.30, -91.96
11360168.00, -91.94, -91.26
11367798.00, -90.75, -89.66
11375427.00, -92.75, -92.32
11383057.00, -92.45, -93.63
11390686.00, -92.68, -91.57
11398315.00, -93.10, -91.89
11405945.00, -93.15, -93.62
11413574.00, -90.84, -93.25
11421204.00, -92.99, -91.76
11428833.00, -91.21, -91.00
11436462.00, -88.86, -93.29
11444092.00, -87.59, -89.96
11451721.00, -87.75, -91.46
11459351.00, -89.60, -95.93
11466980.00, -91.64, -92.10
11474609.00, -91.56, -90.68
11482239.00, -94.15, -89.86
11489868.00, -91.43, -92.93
11497498.00, -93.19, -91.11
11505127.00, -90.54, -89.92
11512756.00, -92.05, -89.43
11520386.00, -95.81, -91.84
11528015.00, -90.28, -91.47
11535645.00, -91.86, -91.88
11543274.00, -92.22, -91.48
11550903.00, -94.11, -89.74
11558533.00, -91.78, -91.64
11566162.00, -90.47, -93.19
11573792.00, -92.73, -92.93
11581421.00, -91.54, -93.41
11589050.00, -90.26, -92.89
11596680.00, -90.70, -95.90
11604309.00, -91.58, -92.79
11611938.00, -90.58, -95.62
11619568.00, -89.07, -94.12
11627197.00, -90.80, -90.45
11634827.00, -91.28, -91.78
11642456.00, -92.96, -90.39
11650085.00, -92.79, -93.89
11657715.00, -90.93, -95.59
11665344.00, -92.85, -92.20
11672974.00, -93.17, -92.13
11680603.00, -94.21, -95.10
11688232.00, -92.30, -91.56
11695862.00, -93.79, -91.66
11703491.00, -93.21, -92.40
11711121.00, -89.89, -90.75
11718750.00, -89.95, -89.57
11726379.00, -88.49, -91.94
11734009.00, -91.27, -92.81
11741638.00, -94.51, -91.01
11749268.00, -91.83, -93.75
11756897.00, -90.39, -91.13
11764526.00, -94.53, -90.99
11772156.00, -93.39, -95.06
11779785.00, -92.73, -92.82
11787415.00, -92.53, -90.95
11795044.00, -92.80, -93.64
11802673.00, -90.71, -96.07
11810303.00, -91.96, -94.95
11817932.00, -92.55, -92.00
11825562.00, -93.34, -90.20
11833191.00, -91.30, -91.72
11840820.00, -91.41, -89.61
11848450.00, -92.55, -88.85
11856079.00, -93.56, -89.75
11863708.00, -93.60, -91.45
11871338.00, -95.54, -92.87
11878967.00, -91.17, -93.50
11886597.00, -95.50, -94.06
11894226.00, -92.40, -92.67
11901855.00, -92.69, -95.96
11909485.00, -90.44, -91.53
11917114.00, -90.19, -94.16
11924744.00, -91.12, -93.48
11932373.00, -90.22, -89.63
11940002.00, -91.78, -91.17
11947632.00, -94.97, -93.64
11955261.00, -90.75, -98.29
11962891.00, -91.90, -98.18
11970520.00, -91.25, -94.38
11978149.00, -91.72, -90.81
11985779.00, -92.27, -88.84
11993408.00, -92.92, -90.22
12001038.00, -94.25, -92.70
12008667.00, -91.18, -91.76
12016296.00, -90.00, -92.35
12023926.00, -92.84, -89.81
12031555.00, -94.25, -92.26
12039185.00, -94.85, -92.50
12046814.00, -90.95, -91.55
12054443.00, -91.42, -91.64
12062073.00, -90.75, -92.18
12069702.00, -90.20, -90.54
12077332.00, -91.39, -90.52
12084961.00, -90.42, -90.01
12092590.00, -92.01, -93.98
12100220.00, -95.53, -94.58
12107849.00, -93.35, -90.98
12115479.00, -89.38, -90.50
12123108.00, -93.89, -95.32
12130737.00, -92.20, -95.84
12138367.00, -94.32, -93.27
12145996.00, -94.50, -94.80
12153625.00, -93.47, -94.57
12161255.00, -92.66, -91.80
12168884.00, -94.77, -90.79
12176514.00, -91.45, -95.42
12184143.00, -92.31, -90.41
12191772.00, -92.39, -90.51
12199402.00, -95.74, -93.37
12207031.00, -94.66, -94.94
12214661.00, -92.32, -90.42
12222290.00, -94.98, -87.54
12229919.00, -91.52, -90.15
12237549.00, -90.68, -90.24
12245178.00, -93.24, -94.87
12252808.00, -91.13, -92.63
12260437.00, -89.95, -92.53
12268066.00, -93.07, -92.52
12275696.00, -93.23, -93.80
12283325.00, -93.61, -92.26
12290955.00, -93.65, -90.28
12298584.00, -89.59, -92.35
12306213.00, -92.07, -91.65
12313843.00, -90.33, -92.44
12321472.00, -90.69, -93.98
12329102.00, -88.54, -94.00
12336731.00, -88.36, -90.83
12344360.00, -90.26, -91.55
12351990.00, -90.74, -94.10
12359619.00, -93.37, -91.47
12367249.00, -95.27, -92.04
12374878.00, -93.69, -92.48
12382507.00, -91.91, -94.62
12390137.00, -91.02, -92.86
12397766.00, -92.47, -93.61
12405396.00, -93.18, -91.65
12413025.00, -93.36, -88.51
12420654.00, -93.41, -91.88
12428284.00, -92.71, -90.40
12435913.00, -90.80, -91.49
12443542.00, -92.06, -92.28
12451172.00, -93.00, -92.60
12458801.00, -91.73, -91.94
12466431.00, -91.95, -90.61
12474060.00, -91.85, -92.90
12481689.00, -90.96, -93.18
12489319.00, -91.74, -91.33
12496948.00, -90.47, -93.77
12504578.00, -90.31, -89.87
12512207.00, -91.63, -89.20
12519836.00, -89.45, -91.62
12527466.00, -92.69, -91.70
12535095.00, -92.31, -92.52
12542725.00, -94.01, -91.31
12550354.00, -91.00, -91.20
12557983.00, -90.74, -92.41
12565613.00, -92.30, -95.89
12573242.00, -92.55, -92.32
12580872.00, -93.95, -91.17
12588501.00, -96.67, -90.50
12596130.00, -95.68, -90.62
12603760.00, -94.67, -92.73
12611389.00, -91.70, -92.72
12619019.00, -91.95, -91.96
12626648.00, -95.83, -91.11
12634277.00, -89.50, -90.49
12641907.00, -94.29, -94.20
12649536.00, -92.68, -93.91
12657166.00, -95.31, -95.82
12664795.00, -94.68, -92.78
12672424.00, -93.58, -88.78
12680054.00, -92.07, -91.24
12687683.00, -91.96, -91.73
12695312.00, -92.45, -92.93
12702942.00, -90.45, -92.91
12710571.00, -91.84, -91.93
12718201.00, -94.25, -92.31
12725830.00, -91.09, -89.22
12733459.00, -93.28, -91.03
12741089.00, -91.65, -91.46
12748718.00, -91.45, -91.49
12756348.00, -92.89, -92.42
12763977.00, -94.73, -91.98
12771606.00, -92.42, -91.96
12779236.00, -91.40, -93.50
12786865.00, -90.08, -96.07
12794495.00, -91.69, -91.65
12802124.00, -93.47, -90.10
12809753.00, -90.80, -93.65
12817383.00, -89.52, -90.94
12825012.00, -91.02, -93.92
12832642.00, -91.11, -92.33
12840271.00, -93.70, -93.05
12847900.00, -91.34, -92.77
12855530.00, -91.50, -93.63
12863159.00, -90.77, -91.02
12870789.00, -91.84, -92.21
12878418.00, -90.30, -93.07
12886047.00, -91.14, -91.84
12893677.00, -91.12, -90.32
12901306.00, -92.05, -91.30
12908936.00, -92.46, -91.47
12916565.00, -93.01, -90.30
12924194.00, -95.30, -91.90
12931824.00, -90.05, -92.21
12939453.00, -91.67, -92.21
12947083.00, -93.83, -94.01
12954712.00, -93.01, -92.40
12962341.00, -91.63, -92.31
12969971.00, -92.83, -93.58
12977600.00, -91.20, -92.71
12985229.00, -91.66, -94.72
12992859.00, -90.68, -92.02
13000488.00, -89.05, -90.70
13008118.00, -93.68, -90.40
13015747.00, -91.92, -92.35
13023376.00, -90.49, -93.60
13031006.00, -88.54, -92.75
13038635.00, -90.62, -88.70
13046265.00, -92.60, -91.54
13053894.00, -94.65, -92.54
13061523.00, -96.05, -92.84
13069153.00, -91.44, -92.88
13076782.00, -91.79, -92.62
13084412.00, -93.33, -94.04
13092041.00, -93.88, -89.77
13099670.00, -93.43, -92.42
13107300.00, -92.42, -91.81
13114929.00, -91.52, -92.71
13122559.00, -90.36, -91.90
13130188.00, -90.49, -90.97
13137817.00, -91.48, -90.56
13145447.00, -94.02, -92.42
13153076.00, -89.76, -90.31
13160706.00, -92.51, -93.08
13168335.00, -92.86, -94.42
13175964.00, -91.28, -92.41
13183594.00, -94.24, -91.80
13191223.00, -92.51, -91.03
13198853.00, -92.83, -91.29
13206482.00, -93.14, -92.62
13214111.00, -94.54, -91.43
13221741.00, -92.88, -97.28
13229370.00, -90.29, -95.74
13237000.00, -89.39, -92.16
13244629.00, -90.88, -90.93
13252258.00, -92.38, -92.55
13259888.00, -93.24, -92.23
13267517.00, -91.77, -92.04
13275146.00, -92.59, -92.70
13282776.00, -94.33, -90.80
13290405.00, -95.21, -92.70
13298035.00, -93.35, -93.29
13305664.00, -97.22, -91.86
13313293.00, -95.43, -91.69
13320923.00, -92.83, -94.89
13328552.00, -94.04, -91.84
13336182.00, -92.06, -88.94
13343811.00, -89.73, -90.22
13351440.00, -92.40, -89.47
13359070.00, -92.73, -91.41
13366699.00, -91.13, -93.23
13374329.00, -91.86, -97.43
13381958.00, -88.51, -94.43
13389587.00, -89.25, -91.95
13397217.00, -92.87, -93.52
13404846.00, -90.05, -91.64
13412476.00, -91.34, -94.51
13420105.00, -94.06, -95.77
13427734.00, -91.14, -93.65
13435364.00, -90.93, -96.77
13442993.00, -92.38, -96.67
13450623.00, -92.29, -93.95
13458252.00, -93.30, -94.08
13465881.00, -90.76, -91.90
13473511.00, -89.92, -96.26
13481140.00, -93.60, -95.00
13488770.00, -92.03, -92.76
13496399.00, -92.37, -91.91
13504028.00, -94.51, -95.22
13511658.00, -94.66, -95.84
13519287.00, -92.71, -92.04
13526917.00, -93.78, -93.81
13534546.00, -91.60, -92.58
13542175.00, -92.16, -94.36
13549805.00, -93.25, -95.52
13557434.00, -91.06, -91.88
13565063.00, -93.85, -92.14
13572693.00, -93.70, -95.59
13580322.00, -94.96, -92.23
13587952.00, -91.68, -92.31
13595581.00, -93.45, -91.09
13603210.00, -93.19, -89.34
13610840.00, -90.49, -92.64
13618469.00, -91.34, -90.88
13626099.00, -90.12, -92.70
13633728.00, -92.80, -92.40
13641357.00, -91.56, -92.31
13648987.00, -92.20, -91.11
13656616.00, -92.29, -94.13
13664246.00, -95.36, -92.69
13671875.00, -91.19, -92.29
13679504.00, -92.23, -94.34
13687134.00, -92.56, -91.22
13694763.00, -89.85, -88.00
13702393.00, -90.66, -91.30
13710022.00, -92.91, -92.45
13717651.00, -97.38, -93.46
13725281.00, -93.93, -90.03
13732910.00, -93.29, -89.92
13740540.00, -91.89, -89.67
13748169.00, -91.91, -89.77
13755798.00, -91.16, -88.64
13763428.00, -94.01, -87.01
13771057.00, -92.96, -90.23
13778687.00, -95.73, -91.16
13786316.00, -90.98, -91.05
13793945.00, -90.63, -93.44
13801575.00, -92.60, -92.39
13809204.00, -94.25, -90.82
13816833.00, -91.64, -91.36
13824463.00, -90.70, -91.37
13832092.00, -91.76, -90.22
13839722.00, -90.63, -91.44
13847351.00, -89.44, -93.30
13854980.00, -89.79, -94.28
13862610.00, -90.85, -92.38
13870239.00, -90.80, -91.50
13877869.00, -93.26, -90.99
13885498.00, -95.22, -93.30
13893127.00, -91.49, -92.36
13900757.00, -92.15, -96.21
13908386.00, -91.33, -94.69
13916016.00, -92.20, -92.96
13923645.00, -90.18, -90.07
13931274.00, -90.90, -91.78
13938904.00, -95.34, -91.93
13946533.00, -93.90, -92.16
13954163.00, -93.47, -90.79
13961792.00, -95.44, -93.97
13969421.00, -92.93, -90.70
13977051.00, -92.73, -91.12
13984680.00, -91.81, -92.37
13992310.00, -91.98, -90.34
13999939.00, -94.91, -93.98
14007568.00, -93.13, -93.00
14015198.00, -91.69, -93.56
14022827.00, -92.42, -91.29
14030457.00, -92.76, -91.76
14038086.00, -93.73, -90.62
14045715.00, -91.56, -93.32
14053345.00, -90.87, -95.38
14060974.00, -92.72, -93.00
14068604.00, -91.22, -92.22
14076233.00, -90.71, -92.66
14083862.00, -91.20, -92.38
14091492.00, -92.14, -90.21
14099121.00, -91.21, -91.26
14106750.00, -91.95, -89.43
14114380.00, -93.48, -90.24
14122009.00, -91.51, -91.18
14129639.00, -91.17, -88.64
14137268.00, -91.11, -90.80
14144897.00, -91.24, -93.02
14152527.00, -92.69, -92.93
14160156.00, -93.86, -88.89
14167786.00, -94.62, -89.62
14175415.00, -93.47, -91.25
14183044.00, -95.14, -91.56
14190674.00, -92.08, -92.00
14198303.00, -92.69, -93.35
14205933.00, -92.48, -94.36
14213562.00, -92.72, -93.60
14221191.00, -89.58, -95.32
14228821.00, -91.68, -92.50
14236450.00, -91.87, -90.70
14244080.00, -89.23, -91.80
14251709.00, -90.72, -91.39
14259338.00, -92.93, -93.99
14266968.00, -92.08, -92.56
14274597.00, -96.32, -90.85
14282227.00, -91.33, -92.30
14289856.00, -91.34, -94.26
14297485.00, -92.66, -92.28
14305115.00, -95.76, -92.48
14312744.00, -92.80, -92.36
14320374.00, -93.89, -92.40
14328003.00, -93.09, -91.50
14335632.00, -93.85, -93.10
14343262.00, -90.85, -94.53
14350891.00, -92.73, -94.35
14358521.00, -90.77, -89.90
14366150.00, -92.16, -92.69
14373779.00, -95.01, -89.34
14381409.00, -93.29, -89.20
14389038.00, -97.63, -90.48
14396667.00, -92.99, -91.99
14404297.00, -90.90, -91.74
14411926.00, -91.78, -92.59
14419556.00, -91.78, -93.14
14427185.00, -92.30, -91.89
14434814.00, -92.53, -91.18
14442444.00, -92.37, -92.99
14450073.00, -91.70, -93.26
14457703.00, -92.76, -93.91
14465332.00, -93.13, -91.77
14472961.00, -89.41, -91.88
14480591.00, -89.54, -92.36
14488220.00, -94.61, -90.35
14495850.00, -93.05, -89.98
14503479.00, -94.49, -90.27
14511108.00, -94.65, -93.85
14518738.00, -94.46, -92.80
14526367.00, -93.26, -92.68
14533997.00, -91.91, -92.70
14541626.00, -92.88, -91.69
14549255.00, -90.57, -92.85
14556885.00, -90.59, -94.33
14564514.00, -92.97, -92.53
14572144.00, -93.37, -91.51
14579773.00, -94.07, -90.59
14587402.00, -94.45, -90.86
14595032.00, -94.45, -90.39
14602661.00, -95.79, -94.77
14610291.00, -94.64, -93.31
14617920.00, -93.69, -94.13
14625549.00, -91.77, -90.44
14633179.00, -92.97, -95.29
14640808.00, -93.02, -93.14
14648438.00, -92.26, -93.68
14656067.00, -89.99, -91.27
14663696.00, -91.62, -91.29
14671326.00, -90.39, -88.37
14678955.00, -88.18, -89.67
14686584.00, -93.86, -94.11
14694214.00, -90.29, -94.50
14701843.00, -90.88, -95.27
14709473.00, -91.37, -93.09
14717102.00, -91.07, -91.04
14724731.00, -88.20, -91.96
14732361.00, -89.76, -91.74
14739990.00, -92.12, -92.64
14747620.00, -90.01, -92.15
14755249.00, -90.98, -92.76
14762878.00, -94.37, -91.21
14770508.00, -92.05, -93.64
14778137.00, -90.84, -89.95
14785767.00, -89.05, -92.36
14793396.00, -90.89, -91.59
14801025.00, -91.38, -92.66
14808655.00, -91.01, -92.32
14816284.00, -91.37, -91.83
14823914.00, -90.07, -94.46
14831543.00, -91.33, -93.69
14839172.00, -91.80, -91.27
14846802.00, -92.98, -90.82
14854431.00, -92.07, -91.90
14862061.00, -92.05, -92.85
14869690.00, -91.10, -91.63
14877319.00, -92.70, -92.91
14884949.00, -91.73, -92.01
14892578.00, -95.50, -92.05
14900208.00, -93.97, -91.64
14907837.00, -91.60, -91.27
14915466.00, -93.11, -90.57
14923096.00, -92.12, -91.49
14930725.00, -92.66, -91.25
14938354.00, -91.93, -90.12
14945984.00, -94.58, -94.17
14953613.00, -91.32, -91.17
14961243.00, -90.81, -93.80
14968872.00, -92.84, -90.86
14976501.00, -95.59, -94.02
14984131.00, -92.47, -94.13
14991760.00, -92.32, -91.84
14999390.00, -91.73, -93.16
15007019.00, -91.88, -94.52
15014648.00, -90.81, -91.24
15022278.00, -90.20, -92.10
15029907.00, -90.37, -90.31
15037537.00, -92.42, -91.55
15045166.00, -95.93, -92.57
15052795.00, -92.77, -91.77
15060425.00, -90.81, -91.29
15068054.00, -92.10, -91.38
15075684.00, -97.53, -91.26
15083313.00, -94.33, -90.11
15090942.00, -92.01, -89.73
15098572.00, -91.45, -92.53
15106201.00, -91.71, -93.77
15113831.00, -91.03, -93.30
15121460.00, -91.95, -92.11
15129089.00, -91.64, -90.40
15136719.00, -91.57, -90.65
15144348.00, -90.54, -93.10
15151978.00, -90.46, -93.44
15159607.00, -89.57, -92.80
15167236.00, -91.38, -93.92
15174866.00, -93.97, -93.84
15182495.00, -91.28, -95.01
15190125.00, -92.28, -93.86
15197754.00, -92.80, -92.59
15205383.00, -92.46, -91.22
15213013.00, -89.49, -90.87
15220642.00, -88.73, -93.80
15228271.00, -90.65, -91.27
15235901.00, -91.51, -92.68
15243530.00, -90.87, -92.56
15251160.00, -92.21, -90.94
15258789.00, -94.18, -89.17
15266418.00, -92.46, -91.85
15274048.00, -91.08, -92.97
15281677.00, -90.77, -89.49
15289307.00, -90.56, -88.55
15296936.00, -97.00, -92.75
15304565.00, -89.49, -90.97
15312195.00, -90.57, -93.19
15319824.00, -89.67, -92.67
15327454.00, -91.99, -91.52
15335083.00, -95.72, -90.31
15342712.00, -93.84, -90.36
15350342.00, -94.88, -92.17
15357971.00, -91.76, -91.10
15365601.00, -93.12, -92.59
15373230.00, -92.90, -92.22
15380859.00, -92.68, -92.53
15388489.00, -92.02, -94.57
15396118.00, -92.45, -96.90
15403748.00, -89.29, -90.79
15411377.00, -88.82, -92.62
15419006.00, -88.10, -92.67
15426636.00, -88.16, -90.27
15434265.00, -93.34, -93.56
15441895.00, -90.88, -96.14
15449524.00, -87.57, -97.75
15457153.00, -90.26, -92.29
15464783.00, -93.59, -93.44
15472412.00, -93.04, -90.99
15480042.00, -90.13, -90.41
15487671.00, -88.93, -90.60
15495300.00, -89.96, -91.07
15502930.00, -91.81, -91.95
15510559.00, -91.85, -93.30
15518188.00, -90.56, -91.49
15525818.00, -89.51, -89.48
15533447.00, -95.53, -91.32
15541077.00, -95.87, -94.45
15548706.00, -93.80, -94.03
15556335.00, -92.57, -92.28
15563965.00, -90.32, -92.08
15571594.00, -89.87, -90.33
15579224.00, -90.92, -89.73
15586853.00, -93.73, -90.93
15594482.00, -91.23, -92.04
15602112.00, -93.23, -91.61
15609741.00, -95.06, -96.97
15617371.00, -91.11, -91.01
15625000.00, -90.42, -90.78
15632629.00, -89.61, -93.38
15640259.00, -88.92, -89.91
15647888.00, -90.90, -89.32
15655518.00, -90.76, -91.55
15663147.00, -89.75, -91.74
15670776.00, -90.96, -91.00
15678406.00, -90.34, -93.49
15686035.00, -91.20, -94.03
15693665.00, -94.72, -92.08
15701294.00, -93.75, -91.65
15708923.00, -93.90, -89.78
15716553.00, -93.00, -93.21
15724182.00, -91.76, -93.53
15731812.00, -96.50, -92.07
15739441.00, -93.37, -91.49
15747070.00, -91.71, -90.11
15754700.00, -91.12, -89.73
15762329.00, -93.20, -89.04
15769958.00, -94.74, -88.13
15777588.00, -95.81, -88.27
15785217.00, -91.68, -88.84
15792847.00, -93.02, -90.60
15800476.00, -96.05, -92.80
15808105.00, -90.12, -92.37
15815735.00, -93.12, -93.61
15823364.00, -92.95, -94.59
15830994.00, -89.74, -93.68
15838623.00, -91.89, -89.81
15846252.00, -93.31, -93.86
15853882.00, -92.45, -93.00
15861511.00, -91.60, -92.17
15869141.00, -88.79, -89.95
15876770.00, -94.13, -90.65
15884399.00, -93.57, -90.96
15892029.00, -93.35, -93.48
15899658.00, -90.99, -93.79
15907288.00, -92.67, -92.24
15914917.00, -93.23, -93.50
15922546.00, -93.35, -93.44
15930176.00, -90.83, -93.81
15937805.00, -90.92, -91.60
15945435.00, -88.65, -92.14
15953064.00, -90.41, -89.01
15960693.00, -90.51, -91.43
15968323.00, -91.34, -92.34
15975952.00, -92.18, -92.75
15983582.00, -89.91, -91.26
15991211.00, -89.95, -90.51
15998840.00, -89.01, -89.16
16006470.00, -88.86, -89.16
16014099.00, -90.53, -90.78
16021729.00, -93.14, -92.53
16029358.00, -93.44, -91.64
16036987.00, -91.99, -95.36
16044617.00, -90.65, -94.66
16052246.00, -93.82, -93.41
16059875.00, -91.88, -93.03
16067505.00, -92.56, -91.24
16075134.00, -88.53, -93.54
16082764.00, -89.99, -95.78
16090393.00, -94.54, -90.13
16098022.00, -90.53, -91.40
16105652.00, -95.19, -92.32
16113281.00, -92.17, -93.11
16120911.00, -90.89, -93.44
16128540.00, -90.48, -91.44
16136169.00, -91.91, -91.52
16143799.00, -90.62, -91.80
16151428.00, -88.92, -92.38
16159058.00, -87.29, -89.67
16166687.00, -88.37, -90.81
16174316.00, -87.16, -91.19
16181946.00, -89.21, -92.63
16189575.00, -89.62, -89.58
16197205.00, -90.71, -94.87
16204834.00, -92.61, -91.36
16212463.00, -93.28, -92.03
16220093.00, -94.29, -96.01
16227722.00, -92.97, -94.97
16235352.00, -91.45, -92.37
16242981.00, -92.10, -92.72
16250610.00, -93.89, -90.97
16258240.00, -92.49, -90.80
16265869.00, -90.63, -90.97
16273499.00, -90.36, -95.02
16281128.00, -90.00, -89.87
16288757.00, -94.16, -91.86
16296387.00, -94.60, -93.34
16304016.00, -94.15, -92.44
16311646.00, -95.55, -90.71
16319275.00, -92.24, -89.14
16326904.00, -89.02, -90.20
16334534.00, -91.82, -92.26
16342163.00, -92.66, -92.61
16349792.00, -94.26, -92.23
16357422.00, -94.77, -94.66
16365051.00, -91.62, -94.58
16372681.00, -88.80, -94.15
16380310.00, -91.09, -93.84
16387939.00, -95.63, -97.22
16395569.00, -95.20, -95.26
16403198.00, -92.90, -94.15
16410828.00, -93.74, -92.10
16418457.00, -93.59, -91.42
16426086.00, -94.44, -90.73
16433716.00, -92.73, -90.35
16441345.00, -93.76, -94.40
16448975.00, -93.17, -95.81
16456604.00, -95.28, -91.18
16464233.00, -94.51, -93.83
16471863.00, -95.93, -91.41
16479492.00, -91.12, -94.19
16487122.00, -90.88, -92.99
16494751.00, -92.02, -95.78
16502380.00, -92.40, -94.31
16510010.00, -92.16, -90.01
16517639.00, -92.86, -90.53
16525269.00, -95.63, -90.49
16532898.00, -91.50, -93.55
16540527.00, -91.96, -91.24
16548157.00, -91.52, -89.20
16555786.00, -91.04, -90.39
16563416.00, -95.71, -91.24
16571045.00, -94.31, -91.09
16578674.00, -93.52, -90.55
16586304.00, -91.25, -92.53
16593933.00, -91.34, -95.12
16601562.00, -92.71, -92.03
16609192.00, -93.09, -90.70
16616821.00, -90.18, -93.29
16624451.00, -90.42, -95.64
16632080.00, -94.09, -96.20
16639709.00, -92.27, -89.78
16647339.00, -92.31, -90.44
16654968.00, -90.22, -90.48
16662598.00, -90.66, -91.66
16670227.00, -91.68, -93.59
16677856.00, -90.92, -92.21
16685486.00, -91.02, -94.45
16693115.00, -89.28, -93.05
16700745.00, -90.38, -89.07
16708374.00, -92.55, -87.84
16716003.00, -90.86, -89.32
16723633.00, -91.92, -94.42
16731262.00, -91.56, -89.67
16738892.00, -89.67, -89.67
16746521.00, -91.75, -94.31
16754150.00, -92.75, -90.42
16761780.00, -94.53, -88.33
16769409.00, -93.02, -91.30
16777039.00, -91.12, -93.71
16784668.00, -90.31, -93.55
16792298.00, -92.75, -93.33
16799926.00, -90.35, -93.72
16807556.00, -93.89, -93.37
16815186.00, -90.62, -89.96
16822814.00, -89.10, -91.03
16830444.00, -89.79, -95.49
16838074.00, -95.59, -95.22
16845704.00, -92.87, -91.65
16853332.00, -90.41, -93.70
16860962.00, -89.36, -94.11
16868592.00, -92.77, -92.80
16876220.00, -92.51, -89.33
16883850.00, -90.00, -89.59
16891480.00, -92.11, -94.72
16899108.00, -93.59, -93.62
16906738.00, -93.92, -91.45
16914368.00, -92.56, -92.44
16921998.00, -91.61, -90.99
16929626.00, -92.27, -89.45
16937256.00, -92.65, -89.88
16944886.00, -93.81, -90.43
16952514.00, -90.25, -91.59
16960144.00, -90.96, -93.90
16967774.00, -91.62, -91.88
16975402.00, -96.14, -92.94
16983032.00, -94.95, -91.72
16990662.00, -90.94, -92.35
16998292.00, -92.25, -91.05
17005920.00, -92.84, -92.72
17013550.00, -96.13, -91.84
17021180.00, -93.88, -90.36
17028808.00, -90.05, -91.48
17036438.00, -88.61, -93.09
17044068.00, -90.08, -92.02
17051696.00, -91.31, -92.34
17059326.00, -91.22, -93.16
17066956.00, -89.68, -91.21
17074584.00, -89.57, -91.42
17082214.00, -92.39, -92.40
17089844.00, -93.15, -91.39
17097474.00, -91.90, -91.65
17105102.00, -89.63, -91.45
17112732.00, -92.08, -89.74
17120362.00, -91.87, -90.63
17127990.00, -92.20, -92.68
17135620.00, -94.71, -92.62
17143250.00, -90.59, -93.14
17150878.00, -89.45, -92.91
17158508.00, -93.29, -93.51
17166138.00, -91.57, -92.80
17173768.00, -91.18, -91.55
17181396.00, -93.05, -93.31
17189026.00, -93.13, -93.09
17196656.00, -91.14, -95.19
17204284.00, -93.77, -96.31
17211914.00, -89.89, -92.84
17219544.00, -91.96, -92.36
17227172.00, -91.86, -92.62
17234802.00, -92.19, -91.44
17242432.00, -93.58, -92.50
17250062.00, -95.03, -96.30
17257690.00, -91.61, -94.86
17265320.00, -90.64, -94.43
17272950.00, -90.73, -92.73
17280578.00, -92.51, -95.69
17288208.00, -93.84, -93.08
17295838.00, -90.76, -92.73
17303466.00, -91.06, -93.38
17311096.00, -92.45, -93.37
17318726.00, -93.22, -93.99
17326354.00, -93.42, -90.28
17333984.00, -92.90, -92.27
17341614.00, -90.42, -93.46
17349244.00, -91.67, -89.89
17356872.00, -90.08, -91.33
17364502.00, -89.43, -92.48
17372132.00, -88.56, -92.04
17379760.00, -91.07, -91.42
17387390.00, -92.19, -91.69
17395020.00, -93.60, -93.22
17402648.00, -93.62, -91.53
17410278.00, -90.59, -92.49
17417908.00, -95.09, -95.64
17425538.00, -93.27, -96.05
17433166.00, -90.96, -96.07
17440796.00, -92.55, -95.25
17448426.00, -91.47, -93.78
17456054.00, -92.18, -92.42
17463684.00, -91.49, -92.55
17471314.00, -92.30, -96.48
17478942.00, -92.36, -95.23
17486572.00, -93.63, -93.40
17494202.00, -90.60, -94.74
17501832.00, -91.54, -92.29
17509460.00, -91.83, -93.12
17517090.00, -92.45, -91.31
17524720.00, -90.41, -91.55
17532348.00, -89.14, -93.92
17539978.00, -89.44, -93.80
17547608.00, -92.24, -90.13
17555236.00, -93.91, -92.57
17562866.00, -89.91, -91.31
17570496.00, -90.25, -90.55
17578124.00, -93.53, -92.56
17585754.00, -92.67, -93.78
17593384.00, -91.90, -93.84
17601014.00, -90.87, -93.55
17608642.00, -91.17, -91.21
17616272.00, -92.16, -92.92
17623902.00, -91.81, -94.20
17631530.00, -88.85, -92.04
17639160.00, -88.96, -90.65
17646790.00, -90.73, -95.43
17654418.00, -94.06, -91.22
17662048.00, -90.73, -94.30
17669678.00, -90.36, -92.89
17677308.00, -96.20, -93.67
17684936.00, -90.69, -92.91
17692566.00, -89.48, -92.89
17700196.00, -88.88, -93.26
17707824.00, -91.93, -91.99
17715454.00, -91.58, -91.51
17723084.00, -93.93, -90.04
17730712.00, -92.14, -93.54
17738342.00, -93.83, -94.55
17745972.00, -95.80, -94.56
17753602.00, -91.59, -94.87
17761230.00, -91.46, -94.26
17768860.00, -91.06, -93.10
17776490.00, -90.51, -92.62
17784118.00, -92.51, -94.74
17791748.00, -90.39, -91.13
17799378.00, -89.50, -90.90
17807006.00, -94.62, -95.04
17814636.00, -93.44, -94.27
17822266.00, -92.99, -92.32
17829896.00, -92.23, -90.00
17837524.00, -93.33, -90.16
17845154.00, -93.23, -92.23
17852784.00, -88.11, -90.83
17860412.00, -87.57, -92.56
17868042.00, -90.19, -92.87
17875672.00, -90.51, -92.93
17883300.00, -90.12, -93.21
17890930.00, -90.97, -90.68
17898560.00, -90.97, -90.92
17906188.00, -92.57, -91.15
17913818.00, -94.86, -89.35
17921448.00, -92.27, -89.59
17929078.00, -91.44, -89.10
17936706.00, -92.41, -92.67
17944336.00, -89.72, -90.68
17951966.00, -90.12, -95.17
17959594.00, -91.01, -96.77
17967224.00, -90.74, -96.41
17974854.00, -92.40, -94.46
17982482.00, -93.28, -93.15
17990112.00, -94.32, -91.79
17997742.00, -93.55, -93.06
18005372.00, -91.18, -92.81
18013000.00, -90.92, -92.20
18020630.00, -90.91, -91.78
18028260.00, -90.61, -91.73
18035888.00, -92.13, -96.32
18043518.00, -93.99, -94.53
18051148.00, -93.97, -94.07
18058776.00, -91.50, -93.64
18066406.00, -90.94, -93.69
18074036.00, -92.16, -91.90
18081666.00, -91.67, -92.20
18089294.00, -90.04, -94.04
18096924.00, -90.44, -93.49
18104554.00, -91.84, -97.72
18112182.00, -94.97, -92.89
18119812.00, -92.47, -93.95
18127442.00, -90.21, -93.80
18135070.00, -89.83, -88.59
18142700.00, -91.02, -90.73
18150330.00, -89.84, -93.37
18157958.00, -92.23, -91.71
18165588.00, -94.78, -92.65
18173218.00, -92.51, -92.46
18180848.00, -90.93, -95.72
18188476.00, -93.69, -91.17
18196106.00, -90.25, -92.95
18203736.00, -88.74, -92.32
18211364.00, -94.44, -96.47
18218994.00, -91.78, -90.80
18226624.00, -92.84, -92.13
18234252.00, -91.48, -90.16
18241882.00, -93.23, -90.91
18249512.00, -96.38, -92.26
18257142.00, -96.08, -95.81
18264770.00, -94.44, -93.93
18272400.00, -93.00, -93.34
18280030.00, -92.84, -90.88
18287658.00, -92.70, -89.34
18295288.00, -92.44, -94.02
18302918.00, -89.84, -91.95
18310546.00, -91.21, -92.45
18318176.00, -92.95, -92.05
18325806.00, -94.47, -94.86
18333436.00, -98.96, -95.17
18341064.00, -93.35, -89.35
18348694.00, -92.27, -90.81
18356324.00, -89.90, -92.30
18363952.00, -89.74, -93.94
18371582.00, -91.91, -89.19
18379212.00, -89.83, -93.78
18386840.00, -89.27, -91.31
18394470.00, -93.65, -94.92
18402100.00, -92.40, -92.18
18409730.00, -91.76, -92.49
18417358.00, -95.32, -96.00
18424988.00, -92.09, -91.05
18432618.00, -93.04, -92.25
18440246.00, -95.05, -89.90
18447876.00, -89.00, -92.83
18455506.00, -90.95, -92.70
18463134.00, -89.77, -90.19
18470764.00, -88.22, -91.09
18478394.00, -92.06, -91.70
18486022.00, -94.16, -90.17
18493652.00, -91.40, -92.44
18501282.00, -94.81, -92.96
18508912.00, -90.22, -93.20
18516540.00, -92.59, -92.28
18524170.00, -96.62, -92.67
18531800.00, -94.72, -92.75
18539428.00, -92.44, -91.59
18547058.00, -92.40, -93.51
18554688.00, -91.38, -90.35
18562316.00, -94.33, -90.38
18569946.00, -91.38, -92.78
18577576.00, -90.68, -91.95
18585206.00, -90.96, -95.15
18592834.00, -92.14, -95.92
18600464.00, -91.17, -92.95
18608094.00, -92.77, -93.88
18615722.00, -92.45, -91.66
18623352.00, -89.75, -90.32
18630982.00, -90.53, -90.94
18638610.00, -90.62, -95.32
18646240.00, -93.24, -95.63
18653870.00, -94.57, -91.65
18661500.00, -90.87, -94.01
18669128.00, -91.66, -94.28
18676758.00, -90.93, -90.89
18684388.00, -93.15, -90.09
18692016.00, -94.82, -91.70
18699646.00, -95.74, -95.47
18707276.00, -91.39, -91.78
18714904.00, -91.03, -90.66
18722534.00, -93.57, -90.45
18730164.00, -92.48, -89.93
18737792.00, -91.04, -91.10
18745422.00, -92.48, -92.89
18753052.00, -92.27, -93.56
18760682.00, -90.64, -90.68
18768310.00, -93.90, -90.58
18775940.00, -93.00, -93.24
18783570.00, -92.93, -92.93
18791198.00, -89.74, -93.83
18798828.00, -90.43, -92.29
18806458.00, -90.11, -94.18
18814086.00, -90.43, -92.62
18821716.00, -93.25, -92.92
18829346.00, -93.40, -94.99
18836976.00, -92.29, -91.69
18844604.00, -95.96, -91.10
18852234.00, -94.90, -89.58
18859864.00, -91.74, -91.17
18867492.00, -92.01, -88.99
18875122.00, -91.72, -89.60
18882752.00, -90.63, -93.09
18890380.00, -92.12, -91.21
18898010.00, -90.71, -90.40
18905640.00, -91.81, -92.82
18913270.00, -92.84, -95.96
18920898.00, -91.73, -96.19
18928528.00, -91.81, -92.95
18936158.00, -91.56, -95.51
18943786.00, -92.70, -90.24
18951416.00, -92.07, -93.71
18959046.00, -91.79, -95.52
18966674.00, -96.10, -93.30
18974304.00, -94.76, -93.44
18981934.00, -93.37, -92.05
18989562.00, -95.78, -90.48
18997192.00, -91.65, -92.48
19004822.00, -93.78, -92.90
19012452.00, -89.81, -93.59
19020080.00, -89.31, -95.55
19027710.00, -88.28, -93.22
19035340.00, -90.95, -94.25
19042968.00, -96.10, -92.87
19050598.00, -94.04, -90.59
19058228.00, -92.35, -91.56
19065856.00, -91.74, -90.65
19073486.00, -95.18, -89.52
19081116.00, -91.27, -92.84
19088746.00, -93.72, -93.80
19096374.00, -91.94, -95.41
19104004.00, -90.09, -94.60
19111634.00, -90.84, -94.01
19119262.00, -92.46, -89.50
19126892.00, -93.90, -90.50
19134522.00, -93.46, -92.00
19142150.00, -93.87, -92.24
19149780.00, -95.17, -93.35
19157410.00, -94.26, -92.65
19165040.00, -94.66, -90.98
19172668.00, -91.66, -89.84
19180298.00, -93.69, -92.31
19187928.00, -93.22, -95.23
19195556.00, -91.75, -95.90
19203186.00, -90.37, -91.71
19210816.00, -90.47, -92.54
19218444.00, -90.30, -93.65
19226074.00, -89.67, -91.54
19233704.00, -90.68, -92.18
19241334.00, -94.38, -92.06
19248962.00, -91.44, -96.07
19256592.00, -93.97, -93.17
19264222.00, -93.05, -94.32
19271850.00, -93.40, -90.69
19279480.00, -91.62, -89.77
19287110.00, -91.36, -89.94
19294738.00, -90.69, -91.59
19302368.00, -94.31, -93.73
19309998.00, -92.50, -93.68
19317626.00, -91.51, -89.11
19325256.00, -91.06, -87.42
19332886.00, -92.26, -89.69
19340516.00, -92.19, -97.34
19348144.00, -92.31, -94.88
19355774.00, -92.93, -94.06
19363404.00, -94.37, -91.05
19371032.00, -93.30, -90.50
19378662.00, -93.21, -91.13
19386292.00, -91.40, -92.21
19393920.00, -94.07, -91.37
19401550.00, -92.33, -94.65
19409180.00, -88.93, -96.41
19416810.00, -88.07, -94.52
19424438.00, -92.05, -94.32
19432068.00, -90.66, -91.22
19439698.00, -90.67, -93.23
19447326.00, -91.69, -91.66
19454956.00, -91.48, -89.96
19462586.00, -91.18, -89.43
19470214.00, -89.96, -91.70
19477844.00, -92.53, -92.21
19485474.00, -93.20, -93.04
19493104.00, -92.79, -93.51
19500732.00, -89.95, -92.92
19508362.00, -89.46, -92.93
19515992.00, -89.92, -91.97
19523620.00, -89.73, -91.96
19531250.00, -91.40, -90.79
19538880.00, -89.29, -90.80
19546508.00, -92.49, -89.97
19554138.00, -91.89, -92.70
19561768.00, -92.09, -89.48
19569396.00, -91.10, -91.88
19577026.00, -91.57, -97.64
19584656.00, -94.80, -93.56
19592286.00, -90.22, -92.21
19599914.00, -88.84, -92.80
19607544.00, -92.59, -94.29
19615174.00, -92.84, -95.50
19622802.00, -91.04, -95.55
19630432.00, -89.63, -92.50
19638062.00, -89.81, -91.45
19645690.00, -91.08, -92.59
19653320.00, -97.96, -90.94
19660950.00, -95.76, -91.61
19668580.00, -91.94, -90.48
19676208.00, -90.10, -90.59
19683838.00, -90.35, -90.39
19691468.00, -90.51, -88.52
19699096.00, -90.97, -88.89
19706726.00, -88.64, -91.03
19714356.00, -91.97, -93.05
19721984.00, -92.75, -93.19
19729614.00, -93.13, -91.30
19737244.00, -90.66, -91.00
19744874.00, -91.35, -91.58
19752502.00, -90.46, -91.42
19760132.00, -89.49, -91.20
19767762.00, -89.01, -93.89
19775390.00, -89.86, -90.87
19783020.00, -89.85, -92.03
19790650.00, -93.96, -93.47
19798278.00, -95.23, -96.72
19805908.00, -93.24, -93.09
19813538.00, -92.02, -93.33
19821166.00, -91.87, -95.30
19828796.00, -93.59, -89.93
19836426.00, -91.74, -91.29
19844056.00, -94.92, -96.57
19851684.00, -95.48, -92.92
19859314.00, -93.00, -93.20
19866944.00, -90.75, -91.81
19874572.00, -91.74, -93.15
19882202.00, -91.73, -91.85
19889832.00, -92.17, -90.75
19897460.00, -89.96, -91.50
19905090.00, -91.63, -92.39
19912720.00, -92.97, -92.70
19920350.00, -94.05, -92.72
19927978.00, -93.31, -91.81
19935608.00, -92.02, -94.34
19943238.00, -93.30, -93.34
19950866.00, -92.89, -91.45
19958496.00, -92.11, -92.49
19966126.00, -92.65, -95.59
19973754.00, -91.68, -94.62
19981384.00, -89.18, -94.69
19989014.00, -91.21, -99.17
19996644.00, -94.26, -97.78
20004272.00, -92.80, -92.54
20011902.00, -90.30, -91.69
20019532.00, -92.58, -93.52
20027160.00, -92.26, -92.97
20034790.00, -91.49, -95.26
20042420.00, -91.12, -93.63
20050048.00, -92.26, -91.04
20057678.00, -93.38, -93.12
20065308.00, -92.95, -94.36
20072938.00, -96.27, -93.56
20080566.00, -95.62, -94.42
20088196.00, -93.13, -93.45
20095826.00, -91.57, -90.48
20103454.00, -91.66, -91.79
20111084.00, -92.31, -95.45
20118714.00, -89.90, -90.45
20126342.00, -90.81, -92.40
20133972.00, -95.24, -96.60
20141602.00, -93.58, -98.49
20149230.00, -91.79, -93.09
20156860.00, -93.20, -97.00
20164490.00, -92.05, -92.81
20172120.00, -94.29, -91.04
20179748.00, -92.80, -93.98
20187378.00, -90.62, -94.56
20195008.00, -92.41, -93.86
20202636.00, -92.69, -92.45
20210266.00, -93.66, -96.10
20217896.00, -93.29, -95.06
20225524.00, -94.07, -96.13
20233154.00, -93.54, -93.29
20240784.00, -93.47, -92.07
20248414.00, -92.26, -91.75
20256042.00, -91.94, -91.62
20263672.00, -90.15, -92.78
20271302.00, -91.78, -93.95
20278930.00, -91.70, -92.73
20286560.00, -93.89, -91.95
20294190.00, -92.59, -93.84
20301818.00, -94.95, -92.41
20309448.00, -96.04, -93.37
20317078.00, -92.52, -92.25
20324708.00, -91.58, -92.70
20332336.00, -91.42, -90.48
20339966.00, -90.82, -92.45
20347596.00, -92.34, -94.60
20355224.00, -92.80, -93.04
20362854.00, -91.57, -91.38
20370484.00, -92.18, -88.36
20378112.00, -90.84, -88.13
20385742.00, -93.02, -92.13
20393372.00, -94.64, -89.56
20401000.00, -93.89, -92.20
20408630.00, -94.44, -91.92
20416260.00, -91.79, -91.90
20423890.00, -88.90, -91.99
20431518.00, -93.78, -92.77
20439148.00, -91.66, -93.66
20446778.00, -90.61, -93.66
20454406.00, -93.80, -93.50
20462036.00, -91.79, -93.15
20469666.00, -90.21, -92.40
20477294.00, -93.09, -93.35
20484924.00, -94.91, -93.20
20492554.00, -93.39, -90.15
20500184.00, -89.46, -88.70
20507812.00, -92.42, -89.76
20515442.00, -94.26, -92.59
20523072.00, -93.06, -89.78
20530700.00, -92.23, -92.23
20538330.00, -92.56, -90.39
20545960.00, -92.33, -91.81
20553588.00, -93.85, -93.57
20561218.00, -93.05, -93.01
20568848.00, -90.46, -91.99
20576478.00, -89.09, -91.46
20584106.00, -93.30, -89.64
20591736.00, -93.23, -93.05
20599366.00, -91.67, -93.07
20606994.00, -90.10, -91.26
20614624.00, -90.40, -90.92
20622254.00, -94.98, -95.47
20629882.00, -91.62, -92.38
20637512.00, -92.42, -90.94
20645142.00, -93.09, -92.32
20652770.00, -92.80, -94.20
20660400.00, -91.98, -92.19
20668030.00, -89.74, -92.86
20675660.00, -91.78, -97.54
20683288.00, -91.40, -96.73
20690918.00, -90.86, -92.76
20698548.00, -92.95, -90.89
20706176.00, -92.12, -95.85
20713806.00, -90.96, -95.99
20721436.00, -92.59, -93.92
20729064.00, -91.43, -88.96
20736694.00, -96.09, -90.28
20744324.00, -93.40, -91.69
20751954.00, -90.33, -92.86
20759582.00, -90.33, -91.33
20767212.00, -92.95, -92.28
20774842.00, -91.41, -92.24
20782470.00, -90.37, -92.39
20790100.00, -91.39, -92.86
20797730.00, -89.49, -92.07
20805358.00, -97.57, -91.70
20812988.00, -91.18, -91.44
20820618.00, -92.47, -93.18
20828248.00, -91.01, -91.75
20835876.00, -91.59, -91.22
20843506.00, -89.97, -90.26
20851136.00, -91.30, -94.68
20858764.00, -94.27, -92.00
20866394.00, -89.24, -91.36
20874024.00, -89.87, -91.40
20881652.00, -93.23, -94.90
20889282.00, -93.81, -93.55
20896912.00, -92.43, -95.04
20904542.00, -92.22, -93.81
20912170.00, -94.55, -92.01
20919800.00, -93.31, -89.19
20927430.00, -92.51, -88.53
20935058.00, -90.99, -91.95
20942688.00, -90.78, -94.42
20950318.00, -94.42, -93.61
20957946.00, -91.68, -93.86
20965576.00, -92.17, -92.71
20973206.00, -90.32, -91.89
20980834.00, -95.30, -92.90
20988464.00, -92.61, -90.06
20996094.00, -92.62, -90.86
21003724.00, -92.02, -90.95
21011352.00, -90.66, -92.89
21018982.00, -93.56, -94.15
21026612.00, -91.52, -91.25
21034240.00, -90.29, -92.22
21041870.00, -89.83, -95.24
21049500.00, -93.25, -95.12
21057128.00, -92.46, -93.24
21064758.00, -92.10, -90.56
21072388.00, -90.54, -90.21
21080018.00, -89.91, -93.75
21087646.00, -92.45, -93.86
21095276.00, -92.07, -94.43
21102906.00, -89.79, -95.98
21110534.00, -92.98, -94.17
21118164.00, -92.21, -90.47
21125794.00, -92.05, -94.90
21133422.00, -93.32, -92.81
21141052.00, -92.65, -95.38
21148682.00, -92.00, -94.44
21156312.00, -90.25, -95.79
21163940.00, -93.98, -90.95
21171570.00, -92.44, -92.21
21179200.00, -92.40, -91.03
21186828.00, -90.64, -91.89
21194458.00, -93.04, -95.53
21202088.00, -90.71, -95.40
21209716.00, -92.57, -94.17
21217346.00, -91.12, -94.28
21224976.00, -95.26, -97.92
21232604.00, -91.36, -94.24
21240234.00, -92.52, -90.88
21247864.00, -94.74, -91.87
21255494.00, -93.09, -93.91
21263122.00, -92.07, -91.06
21270752.00, -95.11, -90.58
21278382.00, -91.98, -88.84
21286010.00, -92.71, -90.40
21293640.00, -90.14, -90.91
21301270.00, -89.67, -93.06
21308898.00, -91.47, -90.95
21316528.00, -93.02, -90.14
21324158.00, -91.16, -92.18
21331788.00, -91.70, -93.86
21339416.00, -93.03, -93.40
21347046.00, -93.10, -92.07
21354676.00, -92.41, -91.79
21362304.00, -91.11, -93.13
21369934.00, -90.61, -92.15
21377564.00, -92.84, -94.54
21385192.00, -97.63, -95.30
21392822.00, -95.99, -92.80
21400452.00, -94.58, -89.92
21408082.00, -94.11, -91.59
21415710.00, -91.54, -93.08
21423340.00, -90.85, -94.70
21430970.00, -93.09, -91.00
21438598.00, -91.52, -92.49
21446228.00, -89.33, -91.79
21453858.00, -91.36, -91.03
21461486.00, -94.51, -90.73
21469116.00, -92.31, -91.67
21476746.00, -92.76, -93.28
21484376.00, -93.48, -92.09
21492004.00, -93.86, -91.13
21499634.00, -91.39, -91.26
21507264.00, -94.50, -93.65
21514892.00, -96.66, -91.58
21522522.00, -92.26, -91.61
21530152.00, -88.84, -93.37
21537780.00, -92.11, -88.66
21545410.00, -94.19, -88.83
21553040.00, -91.34, -90.44
21560668.00, -92.94, -93.34
21568298.00, -92.38, -91.73
21575928.00, -90.49, -91.45
21583558.00, -93.43, -90.31
21591186.00, -93.23, -91.63
21598816.00, -91.66, -94.71
21606446.00, -94.37, -95.74
21614074.00, -89.56, -91.04
21621704.00, -89.94, -90.51
21629334.00, -89.29, -91.16
21636962.00, -92.23, -95.77
21644592.00, -93.15, -93.62
21652222.00, -95.51, -90.67
21659852.00, -95.58, -90.89
21667480.00, -94.18, -91.01
21675110.00, -98.99, -92.92
21682740.00, -95.41, -93.59
21690368.00, -93.18, -91.30
21697998.00, -97.32, -94.35
21705628.00, -92.78, -96.62
21713256.00, -95.40, -93.03
21720886.00, -92.88, -92.31
21728516.00, -91.66, -92.82
21736146.00, -92.83, -91.47
21743774.00, -94.17, -90.20
21751404.00, -92.54, -93.48
21759034.00, -89.87, -93.36
21766662.00, -90.96, -93.49
21774292.00, -90.97, -92.19
21781922.00, -92.06, -92.02
21789550.00, -92.43, -94.50
21797180.00, -91.94, -91.20
21804810.00, -92.32, -91.23
21812438.00, -93.49, -92.38
21820068.00, -94.59, -90.01
21827698.00, -91.17, -92.24
21835328.00, -91.47, -92.09
21842956.00, -91.54, -91.86
21850586.00, -92.17, -96.08
21858216.00, -89.75, -94.24
21865844.00, -91.44, -92.50
21873474.00, -91.56, -100.82
21881104.00, -92.15, -95.92
21888732.00, -92.21, -90.71
21896362.00, -93.71, -92.57
21903992.00, -94.07, -92.69
21911622.00, -93.14, -93.23
21919250.00, -91.64, -91.08
21926880.00, -91.34, -91.57
21934510.00, -91.75, -95.61
21942138.00, -94.83, -94.30
21949768.00, -93.05, -93.00
21957398.00, -92.98, -91.66
21965026.00, -90.75, -91.10
21972656.00, -91.02, -91.24
21980286.00, -92.75, -91.16
21987916.00, -93.52, -93.48
21995544.00, -93.50, -94.29
22003174.00, -95.81, -92.21
22010804.00, -89.19, -91.71
22018432.00, -89.52, -91.27
22026062.00, -90.78, -91.54
22033692.00, -89.56, -91.33
22041320.00, -90.42, -94.29
22048950.00, -89.98, -91.67
22056580.00, -89.81, -90.50
22064208.00, -91.66, -93.62
22071838.00, -91.24, -93.80
22079468.00, -89.96, -91.85
22087098.00, -91.91, -89.65
22094726.00, -94.31, -91.78
22102356.00, -93.41, -91.02
22109986.00, -96.96, -91.07
22117614.00, -92.94, -93.81
22125244.00, -90.19, -91.74
22132874.00, -91.95, -90.55
22140502.00, -92.38, -90.45
22148132.00, -94.88, -91.58
22155762.00, -92.23, -90.85
22163392.00, -91.66, -94.13
22171020.00, -90.11, -90.57
22178650.00, -89.94, -91.22
22186280.00, -93.57, -91.92
22193908.00, -94.29, -92.32
22201538.00, -91.18, -92.28
22209168.00, -90.01, -94.43
22216796.00, -91.06, -91.64
22224426.00, -96.40, -91.92
22232056.00, -93.58, -92.01
22239686.00, -88.74, -93.40
22247314.00, -89.44, -91.27
22254944.00, -90.40, -92.95
22262574.00, -93.75, -92.63
22270202.00, -90.42, -94.54
22277832.00, -92.80, -93.16
22285462.00, -92.27, -91.62
22293090.00, -93.07, -95.11
22300720.00, -91.08, -94.37
22308350.00, -92.35, -91.41
22315980.00, -94.19, -92.44
22323608.00, -91.77, -95.28
22331238.00, -92.27, -96.71
22338868.00, -93.19, -93.55
22346496.00, -91.55, -91.23
22354126.00, -90.89, -96.75
22361756.00, -90.92, -91.92
22369384.00, -93.09, -92.25
22377014.00, -94.15, -93.75
22384644.00, -94.60, -93.74
22392272.00, -94.56, -93.45
22399902.00, -91.07, -90.25
22407532.00, -90.51, -89.73
22415162.00, -91.73, -90.58
22422790.00, -93.06, -92.94
22430420.00, -92.33, -89.85
22438050.00, -90.93, -91.42
22445678.00, -91.94, -93.14
22453308.00, -92.66, -92.94
22460938.00, -93.08, -94.27
22468566.00, -91.43, -94.43
22476196.00, -91.77, -94.19
22483826.00, -90.09, -95.61
22491456.00, -91.42, -92.08
22499084.00, -92.69, -93.69
22506714.00, -91.95, -91.44
22514344.00, -93.95, -90.00
22521972.00, -93.24, -92.92
22529602.00, -92.49, -95.21
22537232.00, -91.76, -94.91
22544860.00, -90.84, -91.64
22552490.00, -91.97, -89.29
22560120.00, -91.83, -87.77
22567750.00, -90.84, -89.80
22575378.00, -89.28, -92.94
22583008.00, -89.31, -91.78
22590638.00, -95.17, -92.42
22598266.00, -91.18, -91.43
22605896.00, -91.64, -93.80
22613526.00, -92.35, -92.55
22621154.00, -93.80, -91.23
22628784.00, -94.87, -91.81
22636414.00, -93.51, -93.40
22644042.00, -92.55, -91.46
22651672.00, -91.22, -91.22
22659302.00, -92.76, -94.75
22666932.00, -93.57, -95.55
22674560.00, -96.66, -95.14
22682190.00, -90.58, -92.74
22689820.00, -92.49, -92.23
22697448.00, -93.94, -92.55
22705078.00, -95.66, -90.40
22712708.00, -95.57, -90.71
22720336.00, -91.33, -93.63
22727966.00, -90.90, -92.63
22735596.00, -92.11, -93.99
22743226.00, -90.07, -91.78
22750854.00, -91.23, -90.46
22758484.00, -94.47, -94.84
22766114.00, -91.10, -93.76
22773742.00, -91.88, -93.69
22781372.00, -92.77, -90.51
22789002.00, -92.70, -91.56
22796630.00, -91.51, -93.85
22804260.00, -94.21, -91.66
22811890.00, -95.63, -92.82
22819520.00, -94.70, -93.15
22827148.00, -93.00, -90.74
22834778.00, -95.82, -91.82
22842408.00, -91.32, -95.03
22850036.00, -90.19, -94.37
22857666.00, -92.14, -90.60
22865296.00, -94.12, -91.50
22872924.00, -95.29, -91.38
22880554.00, -90.48, -94.68
22888184.00, -90.92, -93.60
22895812.00, -90.20, -93.92
22903442.00, -90.39, -93.41
22911072.00, -93.23, -92.07
22918702.00, -92.00, -94.12
22926330.00, -90.90, -92.98
22933960.00, -91.45, -92.78
22941590.00, -89.95, -93.54
22949218.00, -90.30, -93.26
22956848.00, -89.89, -93.24
22964478.00, -92.68, -94.18
22972106.00, -90.27, -92.81
22979736.00, -89.89, -95.07
22987366.00, -91.84, -92.17
22994996.00, -91.54, -91.66
23002624.00, -93.79, -92.60
23010254.00, -92.64, -95.07
23017884.00, -92.56, -92.08
23025512.00, -90.07, -91.50
23033142.00, -91.47, -92.75
23040772.00, -92.21, -93.95
23048400.00, -94.21, -92.89
23056030.00, -92.99, -94.28
23063660.00, -93.00, -93.02
23071290.00, -92.71, -92.15
23078918.00, -90.13, -91.94
23086548.00, -93.20, -91.08
23094178.00, -91.73, -91.52
23101806.00, -93.28, -90.78
23109436.00, -91.90, -90.95
23117066.00, -90.04, -93.19
23124694.00, -91.65, -90.98
23132324.00, -90.85, -91.03
23139954.00, -95.54, -91.95
23147584.00, -91.73, -91.97
23155212.00, -94.03, -92.04
23162842.00, -93.05, -92.69
23170472.00, -91.18, -93.06
23178100.00, -92.28, -93.44
23185730.00, -92.82, -94.47
23193360.00, -92.75, -93.93
23200988.00, -92.13, -93.31
23208618.00, -90.30, -94.73
23216248.00, -89.48, -94.87
23223876.00, -93.71, -92.86
23231506.00, -92.63, -92.42
23239136.00, -88.31, -90.03
23246766.00, -89.41, -97.77
23254394.00, -89.93, -92.57
23262024.00, -90.41, -91.73
23269654.00, -92.13, -91.50
23277282.00, -91.85, -90.49
23284912.00, -90.81, -89.76
23292542.00, -93.07, -91.00
23300170.00, -91.01, -92.27
23307800.00, -88.71, -90.68
23315430.00, -90.60, -90.58
23323060.00, -88.62, -93.41
23330688.00, -92.71, -91.05
23338318.00, -95.26, -91.40
23345948.00, -91.25, -91.40
23353576.00, -90.69, -93.59
23361206.00, -98.26, -92.66
23368836.00, -94.27, -91.75
23376464.00, -92.28, -92.20
23384094.00, -97.12, -91.90
23391724.00, -90.83, -89.38
23399354.00, -90.29, -88.15
23406982.00, -90.20, -90.18
23414612.00, -90.74, -92.84
23422242.00, -90.88, -91.55
23429870.00, -91.70, -89.22
23437500.00, -92.13, -94.29
23445130.00, -90.69, -94.92
23452758.00, -91.01, -94.36
23460388.00, -90.88, -92.60
23468018.00, -90.77, -91.99
23475646.00, -90.79, -92.49
23483276.00, -90.82, -91.52
23490906.00, -94.71, -91.94
23498536.00, -95.33, -92.71
23506164.00, -92.56, -93.80
23513794.00, -92.34, -92.57
23521424.00, -92.88, -90.84
23529052.00, -92.23, -93.83
23536682.00, -90.56, -94.96
23544312.00, -92.10, -90.69
23551940.00, -93.26, -91.44
23559570.00, -94.66, -89.44
23567200.00, -96.37, -92.61
23574830.00, -92.99, -91.95
23582458.00, -91.85, -93.75
23590088.00, -93.37, -94.34
23597718.00, -95.07, -91.60
23605346.00, -92.54, -91.64
23612976.00, -94.38, -90.65
23620606.00, -92.44, -91.11
23628234.00, -90.23, -93.95
23635864.00, -92.67, -92.93
23643494.00, -91.50, -94.21
23651124.00, -90.17, -93.47
23658752.00, -90.23, -91.47
23666382.00, -89.34, -93.49
23674012.00, -91.22, -89.86
23681640.00, -91.60, -93.36
23689270.00, -90.85, -89.53
23696900.00, -91.59, -90.95
23704528.00, -94.70, -92.79
23712158.00, -92.16, -93.83
23719788.00, -89.30, -91.42
23727416.00, -91.23, -94.19
23735046.00, -90.48, -93.13
23742676.00, -91.50, -91.99
23750306.00, -95.67, -93.72
23757934.00, -91.61, -93.56
23765564.00, -92.22, -90.94
23773194.00, -92.86, -91.83
23780822.00, -92.75, -90.86
23788452.00, -92.37, -89.21
23796082.00, -91.48, -92.91
23803710.00, -89.95, -94.94
23811340.00, -91.16, -94.70
23818970.00, -94.54, -91.19
23826600.00, -92.37, -87.98
23834228.00, -90.93, -90.09
23841858.00, -94.50, -90.39
23849488.00, -92.74, -90.22
23857116.00, -91.96, -91.01
23864746.00, -91.19, -92.80
23872376.00, -92.39, -93.08
23880004.00, -90.15, -94.46
23887634.00, -92.31, -92.63
23895264.00, -92.02, -94.31
23902894.00, -92.13, -92.38
23910522.00, -91.80, -93.67
23918152.00, -90.70, -90.05
23925782.00, -89.18, -92.55
23933410.00, -90.62, -94.36
23941040.00, -94.47, -94.22
23948670.00, -95.18, -93.91
23956298.00, -94.51, -92.65
23963928.00, -91.63, -91.95
23971558.00, -90.97, -89.90
23979188.00, -92.23, -93.55
23986816.00, -91.49, -91.73
23994446.00, -91.65, -91.02
24002076.00, -93.34, -94.70
24009704.00, -93.65, -93.46
24017334.00, -90.94, -92.51
24024964.00, -90.57, -91.71
24032592.00, -91.51, -93.06
24040222.00, -91.11, -91.52
24047852.00, -89.01, -91.65
24055480.00, -91.68, -90.88
24063110.00, -92.28, -92.37
24070740.00, -91.40, -91.97
24078370.00, -93.10, -91.47
24085998.00, -91.67, -90.03
24093628.00, -93.89, -94.75
24101258.00, -90.90, -91.84
24108886.00, -92.36, -88.83
24116516.00, -92.90, -89.08
24124146.00, -93.11, -90.20
24131774.00, -92.39, -91.94
24139404.00, -92.95, -91.02
24147034.00, -90.68, -91.57
24154664.00, -90.52, -93.67
24162292.00, -94.58, -91.09
24169922.00, -92.45, -93.15
24177552.00, -92.77, -98.42
24185180.00, -93.35, -95.89
24192810.00, -91.30, -93.54
24200440.00, -91.40, -90.69
24208068.00, -92.84, -93.03
24215698.00, -91.43, -93.61
24223328.00, -91.43, -93.25
24230958.00, -91.95, -90.69
24238586.00, -88.88, -90.61
24246216.00, -89.57, -91.67
24253846.00, -94.07, -90.77
24261474.00, -92.30, -90.30
24269104.00, -91.78, -91.46
24276734.00, -88.79, -91.37
24284362.00, -90.50, -92.83
24291992.00, -93.51, -95.18
24299622.00, -94.51, -91.87
24307250.00, -91.82, -90.85
24314880.00, -92.24, -93.44
24322510.00, -91.69, -92.34
24330140.00, -94.13, -88.36
24337768.00, -92.88, -88.50
24345398.00, -94.94, -91.44
24353028.00, -92.09, -92.71
24360656.00, -91.96, -94.64
24368286.00, -90.84, -93.39
24375916.00, -93.74, -90.44
24383544.00, -92.49, -92.82
24391174.00, -91.45, -93.00
24398804.00, -93.32, -92.49
24406434.00, -94.50, -93.63
24414062.00, -91.91, -91.32
24421692.00, -90.49, -92.85
24429322.00, -89.01, -95.09
24436950.00, -92.16, -92.61
24444580.00, -90.21, -91.31
24452210.00, -91.20, -90.59
24459838.00, -95.17, -93.09
24467468.00, -93.50, -91.25
24475098.00, -93.59, -93.66
24482728.00, -93.30, -94.24
24490356.00, -90.36, -94.75
24497986.00, -92.74, -89.26
24505616.00, -94.16, -93.39
24513244.00, -96.91, -91.11
24520874.00, -94.27, -98.72
24528504.00, -94.76, -92.53
24536132.00, -92.53, -93.91
24543762.00, -92.21, -93.31
24551392.00, -93.25, -92.83
24559020.00, -93.08, -92.54
24566650.00, -92.77, -94.00
24574280.00, -90.58, -92.31
24581910.00, -90.34, -94.07
24589538.00, -90.92, -93.31
24597168.00, -89.99, -93.56
24604798.00, -93.46, -94.51
24612426.00, -92.29, -93.00
24620056.00, -90.14, -94.38
24627686.00, -90.69, -93.02
24635314.00, -91.73, -92.46
24642944.00, -90.83, -92.30
24650574.00, -92.75, -93.23
24658204.00, -96.21, -94.60
24665832.00, -92.93, -95.81
24673462.00, -93.05, -93.49
24681092.00, -93.97, -91.40
24688720.00, -91.76, -93.97
24696350.00, -91.53, -92.61
24703980.00, -90.99, -91.48
24711608.00, -93.07, -89.70
24719238.00, -95.37, -95.45
24726868.00, -94.60, -93.28
24734498.00, -92.45, -90.36
24742126.00, -90.60, -91.15
24749756.00, -90.85, -91.27
24757386.00, -93.28, -91.36
24765014.00, -90.38, -91.69
24772644.00, -93.70, -92.98
24780274.00, -92.51, -94.82
24787902.00, -91.33, -93.65
24795532.00, -92.12, -90.44
24803162.00, -92.92, -91.85
24810792.00, -94.86, -91.91
24818420.00, -91.67, -93.54
24826050.00, -92.06, -91.12
24833680.00, -91.79, -89.67
24841308.00, -92.09, -92.36
24848938.00, -92.64, -94.03
24856568.00, -91.32, -95.17
24864196.00, -92.14, -92.84
24871826.00, -90.66, -92.54
24879456.00, -91.83, -90.92
24887084.00, -92.52, -91.65
24894714.00, -91.26, -93.05
24902344.00, -90.50, -96.58
24909974.00, -92.67, -91.04
24917602.00, -93.08, -91.50
24925232.00, -94.09, -91.95
24932862.00, -91.36, -91.99
24940490.00, -91.04, -93.79
24948120.00, -89.59, -94.68
24955750.00, -90.68, -90.83
24963378.00, -92.41, -92.26
24971008.00, -93.42, -93.72
24978638.00, -92.73, -90.41
24986268.00, -90.68, -90.92
24993896.00, -88.82, -91.99
25001526.00, -90.69, -90.31
25009156.00, -91.55, -92.15
25016784.00, -90.10, -91.21
25024414.00, -97.48, -89.94
25032044.00, -94.96, -92.34
25039672.00, -92.44, -93.33
25047302.00, -91.46, -91.91
25054932.00, -92.10, -93.92
25062562.00, -90.72, -93.76
25070190.00, -89.75, -92.28
25077820.00, -88.38, -92.91
25085450.00, -90.82, -91.66
25093078.00, -95.48, -92.19
25100708.00, -91.31, -90.55
25108338.00, -93.56, -90.73
25115966.00, -94.45, -89.86
25123596.00, -90.96, -89.46
25131226.00, -90.90, -89.24
25138854.00, -92.59, -92.71
25146484.00, -91.85, -92.10
25154114.00, -90.21, -93.18
25161744.00, -93.50, -91.45
25169372.00, -91.03, -91.53
25177002.00, -90.08, -91.70
25184632.00, -95.43, -95.49
25192260.00, -91.53, -92.17
25199890.00, -96.58, -95.56
25207520.00, -92.50, -94.07
25215148.00, -90.36, -94.33
25222778.00, -91.71, -89.30
25230408.00, -92.19, -89.75
25238038.00, -90.78, -92.15
25245666.00, -92.58, -94.53
25253296.00, -90.02, -94.05
25260926.00, -91.97, -92.33
25268554.00, -92.76, -91.02
25276184.00, -93.14, -95.22
25283814.00, -90.40, -91.72
25291442.00, -92.80, -92.98
25299072.00, -93.32, -91.21
25306702.00, -97.62, -90.99
25314332.00, -94.93, -94.67
25321960.00, -90.96, -92.17
25329590.00, -90.50, -92.68
25337220.00, -92.07, -94.21
25344848.00, -94.76, -92.10
25352478.00, -96.70, -92.43
25360108.00, -94.01, -91.56
25367736.00, -93.28, -90.49
25375366.00, -91.91, -90.73
25382996.00, -92.70, -90.30
25390624.00, -91.21, -91.79
25398254.00, -93.15, -92.26
25405884.00, -92.83, -90.30
25413514.00, -90.30, -93.43
25421142.00, -93.67, -92.35
25428772.00, -92.31, -94.43
25436402.00, -90.59, -94.53
25444030.00, -91.37, -93.80
25451660.00, -92.11, -92.76
25459290.00, -95.55, -91.05
25466918.00, -92.67, -90.32
25474548.00, -93.48, -92.09
25482178.00, -93.42, -94.60
25489808.00, -94.04, -93.34
25497436.00, -92.50, -93.76
25505066.00, -93.77, -93.82
25512696.00, -91.16, -93.69
25520324.00, -91.91, -92.13
25527954.00, -95.25, -91.58
25535584.00, -92.88, -91.94
25543212.00, -90.33, -91.16
25550842.00, -91.11, -93.08
25558472.00, -93.45, -94.87
25566102.00, -91.93, -95.71
25573730.00, -92.50, -92.34
25581360.00, -91.81, -89.97
25588990.00, -91.70, -90.93
25596618.00, -90.87, -94.30
25604248.00, -93.59, -92.10
25611878.00, -92.22, -93.02
25619506.00, -94.92, -89.70
25627136.00, -93.52, -89.64
25634766.00, -93.88, -91.07
25642396.00, -92.46, -93.19
25650024.00, -90.22, -92.04
25657654.00, -90.22, -92.63
25665284.00, -88.86, -93.61
25672912.00, -92.19, -92.11
25680542.00, -96.09, -90.27
25688172.00, -91.73, -91.18
25695800.00, -90.30, -93.39
25703430.00, -89.68, -92.60
25711060.00, -93.54, -93.13
25718688.00, -90.96, -94.21
25726318.00, -90.58, -89.24
25733948.00, -89.09, -90.41
25741578.00, -92.16, -89.84
25749206.00, -93.18, -92.81
25756836.00, -91.30, -92.10
25764466.00, -90.76, -92.76
25772094.00, -92.80, -90.66
25779724.00, -92.88, -92.58
25787354.00, -90.59, -91.88
25794982.00, -90.85, -92.04
25802612.00, -92.99, -91.75
25810242.00, -90.56, -93.16
25817872.00, -91.34, -89.23
25825500.00, -90.79, -90.50
25833130.00, -90.78, -94.22
25840760.00, -94.46, -90.94
25848388.00, -93.91, -92.15
25856018.00, -97.52, -94.21
25863648.00, -93.89, -94.11
25871276.00, -93.07, -91.37
25878906.00, -93.35, -93.19
25886536.00, -93.01, -94.47
25894166.00, -93.90, -95.02
25901794.00, -91.95, -90.95
25909424.00, -91.88, -89.30
25917054.00, -90.61, -92.65
25924682.00, -89.76, -91.90
25932312.00, -92.64, -93.15
25939942.00, -92.12, -89.97
25947570.00, -94.65, -93.79
25955200.00, -95.09, -92.52
25962830.00, -96.86, -94.94
25970458.00, -91.82, -94.31
25978088.00, -92.15, -92.06
25985718.00, -94.10, -92.00
25993348.00, -89.93, -90.99
26000976.00, -89.85, -90.84
26008606.00, -91.22, -92.47
26016236.00, -94.05, -91.09
26023864.00, -93.65, -90.02
26031494.00, -91.82, -91.11
26039124.00, -89.67, -88.31
26046752.00, -93.95, -87.34
26054382.00, -91.94, -89.69
26062012.00, -93.17, -93.25
26069642.00, -93.71, -91.78
26077270.00, -90.73, -91.96
26084900.00, -88.83, -94.39
26092530.00, -92.14, -89.18
26100158.00, -90.67, -90.21
26107788.00, -92.36, -91.99
26115418.00, -91.68, -92.50
26123046.00, -93.64, -96.13
26130676.00, -92.64, -94.46
26138306.00, -90.97, -92.98
26145936.00, -91.97, -91.09
26153564.00, -91.83, -92.71
26161194.00, -92.47, -92.77
26168824.00, -92.60, -92.21
26176452.00, -94.47, -92.15
26184082.00, -92.58, -92.62
26191712.00, -92.56, -94.96
26199340.00, -92.02, -93.00
26206970.00, -93.94, -93.12
26214600.00, -91.95, -92.03
26222230.00, -92.35, -91.06
26229858.00, -93.54, -92.97
26237488.00, -91.43, -94.07
26245118.00, -89.88, -91.07
26252746.00, -90.44, -92.82
26260376.00, -92.38, -94.54
26268006.00, -89.70, -92.40
26275634.00, -93.22, -91.47
26283264.00, -95.41, -89.87
26290894.00, -91.82, -93.82
26298522.00, -93.61, -90.50
26306152.00, -92.33, -91.88
26313782.00, -93.21, -90.96
26321412.00, -95.56, -91.42
26329040.00, -96.50, -93.53
26336670.00, -93.95, -92.46
26344300.00, -92.77, -95.57
26351928.00, -93.37, -92.78
26359558.00, -94.10, -92.42
26367188.00, -91.66, -93.33
26374816.00, -92.11, -93.42
26382446.00, -90.84, -92.02
26390076.00, -90.27, -95.14
26397706.00, -92.11, -97.02
26405334.00, -93.72, -94.25
26412964.00, -90.47, -94.04
26420594.00, -93.33, -93.07
26428222.00, -92.99, -91.05
26435852.00, -90.52, -93.46
26443482.00, -90.41, -93.14
26451110.00, -90.94, -95.09
26458740.00, -91.14, -94.16
26466370.00, -91.39, -91.95
26474000.00, -92.66, -91.56
26481628.00, -93.61, -95.09
26489258.00, -90.16, -91.40
26496888.00, -90.89, -89.36
26504516.00, -91.27, -90.05
26512146.00, -89.41, -89.86
26519776.00, -90.96, -89.32
26527404.00, -91.29, -88.46
26535034.00, -92.67, -89.56
26542664.00, -92.83, -91.75
26550292.00, -92.11, -91.70
26557922.00, -91.60, -92.50
26565552.00, -94.91, -91.83
26573182.00, -94.04, -89.73
26580810.00, -92.62, -89.87
26588440.00, -92.91, -92.90
26596070.00, -92.71, -93.71
26603698.00, -91.48, -92.49
26611328.00, -90.62, -91.96
26618958.00, -90.29, -92.22
26626586.00, -92.82, -96.14
26634216.00, -93.90, -94.16
26641846.00, -94.00, -92.80
26649476.00, -91.43, -97.44
26657104.00, -94.44, -93.34
26664734.00, -91.76, -92.22
26672364.00, -91.42, -90.01
26679992.00, -96.16, -91.54
26687622.00, -91.21, -91.54
26695252.00, -92.18, -92.77
26702880.00, -90.63, -95.91
26710510.00, -90.31, -92.11
26718140.00, -90.79, -93.12
26725770.00, -89.55, -94.97
26733398.00, -91.28, -96.08
26741028.00, -92.87, -94.88
26748658.00, -93.88, -94.34
26756286.00, -90.78, -91.99
26763916.00, -92.83, -91.27
26771546.00, -90.76, -89.89
26779174.00, -91.04, -91.38
26786804.00, -93.34, -94.60
26794434.00, -93.03, -94.41
26802062.00, -92.68, -94.95
26809692.00, -91.44, -94.01
26817322.00, -90.98, -94.37
26824952.00, -93.51, -92.12
26832580.00, -92.90, -92.54
26840210.00, -92.76, -92.81
26847840.00, -93.82, -90.49
26855468.00, -91.76, -92.88
26863098.00, -92.11, -93.78
26870728.00, -91.77, -93.28
26878356.00, -93.15, -90.78
26885986.00, -90.10, -92.49
26893616.00, -90.59, -91.78
26901246.00, -93.96, -90.15
26908874.00, -91.71, -91.37
26916504.00, -92.66, -91.48
26924134.00, -91.23, -95.49
26931762.00, -93.55, -93.85
26939392.00, -91.23, -92.13
26947022.00, -91.61, -89.32
26954650.00, -93.61, -89.83
26962280.00, -90.86, -90.51
26969910.00, -89.70, -91.47
26977540.00, -89.63, -92.65
26985168.00, -93.74, -92.45
26992798.00, -90.09, -93.93
27000428.00, -90.99, -91.53
27008056.00, -92.64, -89.43
27015686.00, -92.65, -92.42
27023316.00, -92.26, -93.24
27030944.00, -91.79, -89.24
27038574.00, -89.42, -88.33
27046204.00, -90.15, -95.85
27053834.00, -95.08, -93.91
27061462.00, -93.84, -93.07
27069092.00, -95.24, -93.20
27076722.00, -93.64, -90.55
27084350.00, -90.52, -94.15
27091980.00, -92.12, -90.33
27099610.00, -94.29, -93.79
27107238.00, -95.19, -92.57
27114868.00, -93.00, -93.99
27122498.00, -94.13, -92.10
27130126.00, -92.43, -92.65
27137756.00, -93.21, -92.18
27145386.00, -89.97, -91.93
27153016.00, -91.78, -91.16
27160644.00, -94.46, -91.72
27168274.00, -92.05, -90.04
27175904.00, -90.46, -92.15
27183532.00, -89.71, -89.04
27191162.00, -90.66, -91.44
27198792.00, -90.39, -92.74
27206420.00, -88.06, -94.37
27214050.00, -90.85, -91.32
27221680.00, -94.08, -89.69
27229310.00, -91.53, -90.68
27236938.00, -92.28, -92.11
27244568.00, -90.52, -92.39
27252198.00, -90.46, -92.63
27259826.00, -90.62, -90.08
27267456.00, -94.45, -89.85
27275086.00, -92.02, -93.38
27282714.00, -87.53, -92.93
27290344.00, -89.34, -97.06
27297974.00, -91.29, -97.69
27305604.00, -91.00, -89.35
27313232.00, -92.55, -91.47
27320862.00, -95.05, -93.16
27328492.00, -92.59, -92.40
27336120.00, -93.30, -90.69
27343750.00, -97.14, -89.00
27351380.00, -91.01, -91.51
27359008.00, -90.44, -91.10
27366638.00, -92.94, -88.73
27374268.00, -92.52, -90.23
27381896.00, -90.98, -91.94
27389526.00, -90.98, -93.39
27397156.00, -91.26, -95.22
27404786.00, -92.63, -92.93
27412414.00, -89.24, -94.56
27420044.00, -95.35, -91.73
27427674.00, -91.29, -91.00
27435302.00, -90.76, -88.63
27442932.00, -89.68, -89.87
27450562.00, -92.80, -92.13
27458190.00, -92.27, -92.76
27465820.00, -91.88, -94.24
27473450.00, -91.84, -93.81
27481080.00, -96.04, -93.03
27488708.00, -93.21, -93.79
27496338.00, -89.54, -94.64
27503968.00, -91.46, -93.10
27511596.00, -91.58, -89.79
27519226.00, -91.67, -89.99
27526856.00, -93.74, -89.96
27534484.00, -93.03, -90.36
27542114.00, -93.15, -93.65
27549744.00, -91.61, -92.88
27557374.00, -93.51, -90.75
27565002.00, -89.46, -91.40
27572632.00, -89.92, -91.96
27580262.00, -94.09, -92.12
27587890.00, -90.36, -94.09
27595520.00, -92.97, -92.92
27603150.00, -91.78, -94.15
27610778.00, -91.49, -92.36
27618408.00, -94.63, -91.44
27626038.00, -93.24, -91.76
27633666.00, -91.51, -90.71
27641296.00, -91.74, -90.78
27648926.00, -91.52, -92.14
27656556.00, -94.38, -91.44
27664184.00, -91.70, -91.00
27671814.00, -89.58, -93.14
27679444.00, -91.09, -92.92
27687072.00, -92.40, -90.76
27694702.00, -93.02, -92.47
27702332.00, -92.92, -91.77
27709960.00, -95.88, -93.71
27717590.00, -91.32, -91.45
27725220.00, -90.48, -90.54
27732850.00, -89.93, -90.83
27740478.00, -90.28, -90.01
27748108.00, -91.62, -90.51
27755738.00, -92.56, -90.16
27763366.00, -92.16, -90.35
27770996.00, -91.91, -93.17
27778626.00, -94.15, -90.10
27786254.00, -92.32, -89.52
27793884.00, -90.54, -91.27
27801514.00, -92.80, -90.31
27809144.00, -94.75, -94.73
27816772.00, -96.24, -92.86
27824402.00, -93.74, -94.05
27832032.00, -91.83, -92.60
27839660.00, -91.57, -92.91
27847290.00, -93.27, -92.68
27854920.00, -95.86, -91.42
27862548.00, -92.01, -89.25
27870178.00, -91.97, -92.76
27877808.00, -93.41, -89.62
27885438.00, -93.58, -88.73
27893066.00, -92.90, -89.75
27900696.00, -92.33, -94.53
27908326.00, -91.85, -95.31
27915954.00, -93.16, -95.97
27923584.00, -92.65, -90.93
27931214.00, -92.54, -89.46
27938842.00, -92.05, -92.77
27946472.00, -91.20, -90.51
27954102.00, -90.39, -91.58
27961730.00, -95.52, -89.26
27969360.00, -93.15, -90.87
27976990.00, -91.96, -90.06
27984620.00, -91.36, -91.27
27992248.00, -90.49, -90.35
27999878.00, -91.55, -93.86
28007508.00, -94.20, -90.87
28015136.00, -93.10, -90.98
28022766.00, -94.42, -89.99
28030396.00, -93.42, -91.10
28038024.00, -92.13, -93.22
28045654.00, -96.51, -94.38
28053284.00, -93.70, -92.00
28060914.00, -90.50, -91.95
28068542.00, -88.82, -92.76
28076172.00, -89.69, -91.66
28083802.00, -93.18, -93.80
28091430.00, -90.58, -92.16
28099060.00, -92.57, -91.89
28106690.00, -95.37, -91.93
28114318.00, -92.76, -92.15
28121948.00, -93.55, -91.97
28129578.00, -90.97, -90.74
28137208.00, -93.96, -90.25
28144836.00, -94.22, -94.59
28152466.00, -92.41, -90.79
28160096.00, -89.35, -90.86
28167724.00, -91.09, -93.02
28175354.00, -92.70, -93.91
28182984.00, -94.20, -90.35
28190612.00, -92.10, -92.60
28198242.00, -92.35, -92.83
28205872.00, -93.17, -93.32
28213500.00, -89.89, -88.54
28221130.00, -93.09, -91.28
28228760.00, -93.32, -92.72
28236390.00, -89.32, -92.32
28244018.00, -89.51, -90.03
28251648.00, -87.58, -90.99
28259278.00, -89.18, -91.10
28266906.00, -91.41, -91.07
28274536.00, -91.37, -90.89
28282166.00, -93.68, -90.72
28289794.00, -94.07, -91.40
28297424.00, -91.86, -94.48
28305054.00, -92.52, -94.77
28312684.00, -96.08, -91.19
28320312.00, -94.26, -90.84
28327942.00, -93.21, -92.55
28335572.00, -94.31, -93.02
28343200.00, -90.54, -92.10
28350830.00, -92.33, -90.71
28358460.00, -91.72, -91.42
28366088.00, -89.60, -93.05
28373718.00, -92.06, -92.64
28381348.00, -92.52, -92.86
28388978.00, -90.88, -92.31
28396606.00, -91.37, -90.86
28404236.00, -89.74, -89.02
28411866.00, -91.62, -91.27
28419494.00, -92.30, -92.83
28427124.00, -94.69, -90.61
28434754.00, -93.87, -93.40
28442382.00, -90.50, -89.86
28450012.00, -93.36, -87.94
28457642.00, -93.56, -89.46
28465270.00, -92.02, -92.05
28472900.00, -91.27, -92.73
28480530.00, -91.89, -90.96
28488160.00, -91.46, -91.41
28495788.00, -92.79, -92.56
28503418.00, -94.29, -95.76
28511048.00, -93.57, -95.02
28518676.00, -91.41, -90.67
28526306.00, -90.72, -91.02
28533936.00, -91.37, -94.29
28541564.00, -92.67, -91.07
28549194.00, -91.44, -94.80
28556824.00, -90.78, -94.41
28564454.00, -90.75, -95.08
28572082.00, -91.97, -93.14
28579712.00, -94.99, -96.63
28587342.00, -92.68, -93.37
28594970.00, -94.23, -92.92
28602600.00, -90.63, -91.10
28610230.00, -89.75, -88.26
28617858.00, -89.66, -89.69
28625488.00, -90.67, -92.03
28633118.00, -93.46, -94.27
28640748.00, -94.69, -92.89
28648376.00, -93.21, -93.65
28656006.00, -92.07, -92.08
28663636.00, -90.76, -90.87
28671264.00, -92.10, -92.62
28678894.00, -91.19, -89.49
28686524.00, -91.39, -92.31
28694152.00, -96.95, -94.08
28701782.00, -93.15, -93.14
28709412.00, -93.13, -89.58
28717042.00, -92.38, -89.30
28724670.00, -92.40, -93.04
28732300.00, -89.65, -92.64
28739930.00, -90.74, -93.46
28747558.00, -90.62, -97.46
28755188.00, -93.60, -90.79
28762818.00, -94.64, -91.18
28770446.00, -95.14, -90.72
28778076.00, -91.34, -89.17
28785706.00, -91.42, -90.26
28793334.00, -89.53, -91.05
28800964.00, -90.71, -94.13
28808594.00, -97.55, -91.45
28816224.00, -95.63, -91.78
28823852.00, -92.39, -93.02
28831482.00, -89.64, -92.04
28839112.00, -88.76, -92.91
28846740.00, -92.95, -91.66
28854370.00, -91.82, -93.98
28862000.00, -91.08, -91.59
28869628.00, -92.02, -93.49
28877258.00, -91.47, -91.70
28884888.00, -90.10, -90.90
28892518.00, -88.89, -91.48
28900146.00, -90.04, -90.38
28907776.00, -92.56, -89.97
28915406.00, -91.66, -89.76
28923034.00, -90.70, -92.67
28930664.00, -90.40, -92.45
28938294.00, -95.19, -93.79
28945922.00, -90.39, -90.56
28953552.00, -88.72, -92.76
28961182.00, -90.53, -90.02
28968812.00, -92.47, -88.17
28976440.00, -95.71, -90.16
28984070.00, -90.87, -94.71
28991700.00, -92.11, -93.78
28999328.00, -91.58, -93.43
29006958.00, -91.81, -93.76
29014588.00, -88.91, -93.88
29022216.00, -91.48, -90.05
29029846.00, -93.27, -90.17
29037476.00, -90.87, -89.07
29045104.00, -89.99, -93.14
29052734.00, -93.61, -90.90
29060364.00, -98.33, -91.60
29067994.00, -92.16, -91.31
29075622.00, -92.41, -92.81
29083252.00, -91.21, -89.92
29090882.00, -93.76, -92.62
29098510.00, -94.06, -91.15
29106140.00, -93.90, -92.55
29113770.00, -93.07, -94.41
29121398.00, -94.72, -94.46
29129028.00, -92.44, -93.96
29136658.00, -93.34, -91.04
29144288.00, -89.18, -92.90
29151916.00, -91.07, -91.99
29159546.00, -91.56, -91.18
29167176.00, -91.34, -91.08
29174804.00, -89.58, -93.17
29182434.00, -90.99, -93.20
29190064.00, -90.22, -95.39
29197692.00, -92.64, -91.10
29205322.00, -93.12, -88.19
29212952.00, -89.92, -88.36
29220582.00, -90.84, -91.20
29228210.00, -91.86, -91.01
29235840.00, -89.01, -89.75
29243470.00, -90.11, -92.37
29251098.00, -92.15, -92.18
29258728.00, -94.43, -92.54
29266358.00, -90.72, -92.06
29273986.00, -92.47, -92.39
29281616.00, -94.12, -92.72
29289246.00, -91.15, -90.87
29296876.00, -91.33, -91.74
29304504.00, -93.87, -93.38
29312134.00, -94.37, -94.33
29319764.00, -91.88, -93.88
29327392.00, -91.90, -90.43
29335022.00, -95.90, -91.02
29342652.00, -93.02, -88.69
29350280.00, -91.93, -89.82
29357910.00, -91.67, -92.80
29365540.00, -91.72, -91.36
29373168.00, -91.81, -90.50
29380798.00, -89.96, -91.05
29388428.00, -91.75, -90.63
29396058.00, -92.05, -93.05
29403686.00, -91.59, -90.10
29411316.00, -94.38, -89.68
29418946.00, -93.86, -88.93
29426574.00, -93.12, -94.64
29434204.00, -91.90, -90.50
29441834.00, -89.91, -91.74
29449462.00, -91.84, -92.65
29457092.00, -93.19, -90.65
29464722.00, -92.23, -90.89
29472352.00, -89.60, -90.83
29479980.00, -91.12, -89.41
29487610.00, -92.62, -91.55
29495240.00, -93.81, -90.74
29502868.00, -90.99, -93.28
29510498.00, -90.27, -90.45
29518128.00, -93.39, -89.09
29525756.00, -91.42, -89.33
29533386.00, -92.93, -90.33
29541016.00, -94.83, -90.90
29548646.00, -90.29, -91.48
29556274.00, -95.30, -90.73
29563904.00, -91.18, -89.78
29571534.00, -92.29, -91.04
29579162.00, -93.43, -89.56
29586792.00, -90.74, -89.90
29594422.00, -91.65, -92.68
29602050.00, -95.76, -91.72
29609680.00, -95.77, -91.32
29617310.00, -91.23, -93.35
29624938.00, -95.24, -92.23
29632568.00, -95.03, -92.02
29640198.00, -91.81, -92.09
29647828.00, -93.24, -89.94
29655456.00, -93.86, -91.99
29663086.00, -89.34, -92.83
29670716.00, -90.40, -92.14
29678344.00, -98.16, -89.37
29685974.00, -91.91, -90.96
29693604.00, -90.67, -91.70
29701232.00, -90.71, -93.90
29708862.00, -88.31, -91.08
29716492.00, -89.20, -92.85
29724122.00, -92.78, -93.36
29731750.00, -94.32, -93.93
29739380.00, -94.65, -92.48
29747010.00, -92.08, -92.52
29754638.00, -90.03, -94.34
29762268.00, -90.31, -91.41
29769898.00, -91.16, -91.38
29777526.00, -94.35, -93.87
29785156.00, -96.27, -94.94
29792786.00, -93.93, -95.63
29800416.00, -96.69, -92.67
29808044.00, -93.63, -92.37
29815674.00, -91.88, -93.62
29823304.00, -90.97, -90.74
29830932.00, -91.56, -90.10
29838562.00, -90.87, -92.75
29846192.00, -93.40, -91.54
29853820.00, -91.46, -92.42
29861450.00, -93.07, -90.13
29869080.00, -96.74, -91.40
29876708.00, -95.06, -95.72
29884338.00, -91.71, -93.84
29891968.00, -91.72, -91.82
29899598.00, -92.75, -91.32
29907226.00, -90.12, -93.96
29914856.00, -90.34, -93.34
29922486.00, -90.94, -94.12
29930114.00, -91.30, -94.78
29937744.00, -91.52, -93.36
29945374.00, -92.71, -92.01
29953002.00, -93.04, -89.32
29960632.00, -93.00, -92.80
29968262.00, -92.04, -92.59
29975892.00, -96.74, -89.81
29983520.00, -91.21, -91.26
29991150.00, -91.89, -91.99
29998780.00, -88.92, -92.52
30006408.00, -90.90, -92.22
30014038.00, -91.69, -88.77
30021668.00, -91.70, -88.12
30029296.00, -91.13, -90.03
30036926.00, -88.89, -91.36
30044556.00, -92.46, -91.33
30052186.00, -91.49, -92.16
30059814.00, -91.64, -89.94
30067444.00, -92.49, -89.72
30075074.00, -93.02, -93.37
30082702.00, -89.90, -95.70
30090332.00, -91.13, -94.23
30097962.00, -95.39, -92.90
30105590.00, -93.19, -93.03
30113220.00, -91.80, -94.32
30120850.00, -92.21, -91.92
30128480.00, -93.00, -92.55
30136108.00, -92.61, -93.33
30143738.00, -91.68, -93.69
30151368.00, -92.39, -91.60
30158996.00, -91.44, -91.58
30166626.00, -90.74, -94.72
30174256.00, -90.61, -94.20
30181884.00, -92.20, -92.72
30189514.00, -93.77, -92.49
30197144.00, -94.02, -95.57
30204772.00, -91.62, -92.85
30212402.00, -90.20, -95.10
30220032.00, -89.58, -91.02
30227662.00, -91.86, -92.40
30235290.00, -90.74, -93.99
30242920.00, -95.49, -91.98
30250550.00, -91.84, -93.99
30258178.00, -91.23, -92.68
30265808.00, -93.14, -92.98
30273438.00, -90.20, -94.76
30281066.00, -90.22, -90.34
30288696.00, -93.32, -93.40
30296326.00, -90.91, -92.72
30303956.00, -87.90, -92.47
30311584.00, -91.80, -95.25
30319214.00, -96.49, -92.78
30326844.00, -90.42, -92.32
30334472.00, -92.09, -90.10
30342102.00, -89.51, -93.88
30349732.00, -92.79, -95.37
30357360.00, -93.69, -91.99
30364990.00, -93.00, -94.11
30372620.00, -93.11, -92.08
30380250.00, -91.35, -91.91
30387878.00, -90.61, -94.39
30395508.00, -94.92, -92.83
30403138.00, -93.74, -94.01
30410766.00, -92.44, -92.27
30418396.00, -92.73, -88.75
30426026.00, -94.44, -89.66
30433654.00, -90.66, -93.93
30441284.00, -90.00, -91.66
30448914.00, -89.97, -91.99
30456542.00, -90.72, -88.61
30464172.00, -92.73, -89.87
30471802.00, -91.99, -92.64
30479432.00, -92.79, -91.10
30487060.00, -94.59, -92.09
30494690.00, -92.04, -93.89
30502320.00, -89.09, -94.37
30509948.00, -91.27, -92.11
30517578.00, -91.92, -93.22
30525208.00, -90.55, -91.45
30532836.00, -91.95, -94.43
30540466.00, -89.54, -92.02
30548096.00, -92.52, -95.72
30555726.00, -92.11, -93.03
30563354.00, -94.81, -91.03
30570984.00, -89.89, -92.34
30578614.00, -87.68, -92.23
30586242.00, -89.92, -90.79
30593872.00, -93.22, -89.84
30601502.00, -92.88, -90.37
30609130.00, -94.62, -92.37
30616760.00, -92.50, -91.17
30624390.00, -92.32, -96.11
30632020.00, -93.30, -92.75
30639648.00, -91.76, -91.02
30647278.00, -91.55, -90.24
30654908.00, -91.43, -91.40
30662536.00, -91.56, -91.97
30670166.00, -92.38, -94.70
30677796.00, -92.40, -92.57
30685424.00, -93.37, -88.92
30693054.00, -93.72, -90.80
30700684.00, -90.43, -91.27
30708312.00, -90.29, -90.48
30715942.00, -93.76, -91.20
30723572.00, -93.97, -89.56
30731202.00, -90.69, -91.11
30738830.00, -91.96, -90.97
30746460.00, -90.96, -92.24
30754090.00, -91.98, -92.03
30761718.00, -93.59, -91.76
30769348.00, -92.70, -92.31
30776978.00, -92.40, -93.20
30784606.00, -93.35, -94.00
30792236.00, -90.89, -93.52
30799866.00, -90.73, -92.63
30807496.00, -92.54, -95.75
30815124.00, -90.83, -91.23
30822754.00, -90.08, -89.30
30830384.00, -92.37, -92.43
30838012.00, -93.37, -92.79
30845642.00, -92.10, -96.70
30853272.00, -94.11, -92.16
30860900.00, -92.00, -90.46
30868530.00, -93.38, -94.46
30876160.00, -92.59, -94.92
30883790.00, -92.42, -93.54
30891418.00, -93.92, -88.71
30899048.00, -92.58, -93.19
30906678.00, -94.79, -93.98
30914306.00, -95.06, -91.12
30921936.00, -92.10, -92.30
30929566.00, -92.49, -92.86
30937194.00, -92.50, -94.52
30944824.00, -90.87, -94.29
30952454.00, -90.98, -90.31
30960084.00, -94.01, -89.40
30967712.00, -92.36, -92.66
30975342.00, -88.76, -92.87
30982972.00, -91.35, -90.17
30990600.00, -91.78, -91.27
30998230.00, -90.79, -91.37
31005860.00, -92.73, -90.02
31013488.00, -94.44, -90.73
31021118.00, -93.88, -91.79
31028748.00, -96.94, -90.55
31036376.00, -94.17, -89.59
31044006.00, -89.58, -92.04
31051636.00, -89.92, -92.75
31059266.00, -93.13, -89.12
31066894.00, -93.72, -92.68
31074524.00, -92.55, -92.64
31082154.00, -91.01, -90.95
31089782.00, -92.44, -91.87
31097412.00, -94.25, -93.16
31105042.00, -91.63, -92.27
31112670.00, -92.33, -88.56
31120300.00, -91.99, -90.89
31127930.00, -92.54, -92.39
31135560.00, -90.53, -91.57
31143188.00, -91.71, -92.95
31150818.00, -89.83, -92.59
31158448.00, -91.50, -90.01
31166076.00, -94.92, -90.26
31173706.00, -92.98, -89.32
31181336.00, -95.15, -89.16
31188964.00, -92.05, -90.67
31196594.00, -91.39, -93.73
31204224.00, -91.29, -92.49
31211854.00, -94.28, -93.45
31219482.00, -93.48, -95.00
31227112.00, -92.14, -90.47
31234742.00, -91.30, -92.20
31242370.00, -92.10, -92.85
31250000.00, -92.02, -93.38
31257630.00, -94.85, -92.13
31265258.00, -91.38, -92.39
31272888.00, -89.77, -92.78
31280518.00, -92.19, -93.87
31288146.00, -90.94, -93.22
31295776.00, -89.48, -91.07
31303406.00, -90.95, -91.72
31311036.00, -91.57, -88.92
31318664.00, -91.03, -87.53
31326294.00, -91.53, -90.52
31333924.00, -92.97, -90.52
31341552.00, -94.63, -90.07
31349182.00, -94.68, -92.90
31356812.00, -92.88, -92.33
31364440.00, -92.07, -91.53
31372070.00, -89.77, -91.35
31379700.00, -93.31, -91.09
31387330.00, -93.93, -88.38
31394958.00, -94.63, -90.25
31402588.00, -96.01, -93.70
31410218.00, -90.77, -94.56
31417846.00, -91.31, -92.21
31425476.00, -92.46, -92.83
31433106.00, -93.05, -92.61
31440734.00, -96.04, -92.28
31448364.00, -91.04, -93.72
31455994.00, -90.81, -92.83
31463624.00, -89.61, -91.07
31471252.00, -92.74, -90.13
31478882.00, -91.35, -92.14
31486512.00, -89.80, -96.10
31494140.00, -91.66, -92.69
31501770.00, -91.86, -90.34
31509400.00, -93.87, -92.02
31517028.00, -90.94, -92.21
31524658.00, -93.04, -94.41
31532288.00, -92.89, -91.20
31539916.00, -94.31, -90.75
31547546.00, -91.94, -91.33
31555176.00, -92.14, -90.00
31562806.00, -93.63, -90.38
31570434.00, -94.20, -91.94
31578064.00, -94.54, -91.58
31585694.00, -92.85, -92.17
31593322.00, -92.48, -89.19
31600952.00, -92.52, -96.09
31608582.00, -90.91, -94.50
31616210.00, -90.41, -91.73
31623840.00, -91.46, -92.74
31631470.00, -98.03, -93.39
31639100.00, -92.07, -94.32
31646728.00, -93.08, -90.84
31654358.00, -96.37, -91.19
31661988.00, -93.86, -89.92
31669616.00, -95.49, -91.53
31677246.00, -95.26, -92.98
31684876.00, -92.78, -89.64
31692504.00, -93.02, -89.64
31700134.00, -92.94, -90.37
31707764.00, -93.39, -92.80
31715394.00, -91.65, -93.48
31723022.00, -90.01, -92.06
31730652.00, -89.78, -91.12
31738282.00, -90.85, -93.53
31745910.00, -89.19, -92.10
31753540.00, -89.75, -92.96
31761170.00, -93.80, -92.23
31768798.00, -91.95, -91.43
31776428.00, -90.58, -94.80
31784058.00, -91.02, -94.90
31791688.00, -93.84, -95.22
31799316.00, -89.66, -89.93
31806946.00, -89.28, -90.29
31814576.00, -91.11, -91.73
31822204.00, -91.68, -94.12
31829834.00, -91.92, -89.14
31837464.00, -91.85, -88.37
31845092.00, -93.26, -93.33
31852722.00, -91.05, -93.45
31860352.00, -90.53, -92.07
31867980.00, -94.26, -95.02
31875610.00, -91.22, -92.47
31883240.00, -92.61, -92.37
31890870.00, -91.76, -91.04
31898498.00, -90.75, -90.66
31906128.00, -89.10, -92.72
31913758.00, -89.46, -94.41
31921386.00, -91.50, -91.48
31929016.00, -89.68, -93.06
31936646.00, -90.12, -91.37
31944274.00, -91.77, -90.70
31951904.00, -91.64, -91.94
31959534.00, -88.96, -93.03
31967164.00, -91.68, -91.72
31974792.00, -92.28, -92.07
31982422.00, -90.89, -91.54
31990052.00, -91.46, -92.61
31997680.00, -93.45, -95.10
32005310.00, -92.14, -93.58
32012940.00, -92.58, -92.07
32020568.00, -93.88, -92.83
32028198.00, -92.20, -94.27
32035828.00, -94.79, -95.24
32043458.00, -94.46, -93.73
32051086.00, -90.51, -94.62
32058716.00, -93.59, -91.63
32066346.00, -91.18, -91.68
32073974.00, -90.10, -93.63
32081604.00, -92.30, -97.61
32089234.00, -91.06, -95.80
32096862.00, -92.34, -92.83
32104492.00, -90.50, -93.64
32112122.00, -92.79, -92.81
32119750.00, -91.95, -91.51
32127380.00, -93.41, -94.64
32135010.00, -92.56, -92.68
32142640.00, -92.77, -92.09
32150268.00, -91.66, -95.78
32157898.00, -92.75, -94.36
32165528.00, -92.05, -94.91
32173156.00, -90.50, -90.28
32180786.00, -93.11, -92.71
32188416.00, -90.79, -93.16
32196044.00, -91.89, -93.24
32203674.00, -93.56, -97.18
32211304.00, -91.99, -95.61
32218934.00, -90.88, -96.19
32226562.00, -91.39, -95.01
32234192.00, -90.67, -96.39
32241822.00, -90.20, -91.71
32249450.00, -90.88, -92.70
32257080.00, -92.35, -92.29
32264710.00, -91.80, -90.21
32272338.00, -94.82, -92.15
32279968.00, -93.63, -90.97
32287598.00, -95.13, -94.99
32295228.00, -92.42, -92.54
32302856.00, -92.55, -89.75
32310486.00, -93.26, -90.63
32318116.00, -93.04, -90.42
32325744.00, -90.63, -96.89
32333374.00, -89.77, -94.03
32341004.00, -91.56, -92.69
32348632.00, -91.88, -91.59
32356262.00, -94.79, -90.55
32363892.00, -93.27, -87.88
32371520.00, -93.43, -90.64
32379150.00, -93.00, -92.67
32386780.00, -91.86, -92.00
32394410.00, -93.85, -90.35
32402038.00, -96.34, -90.93
32409668.00, -91.39, -89.98
32417298.00, -91.87, -89.80
32424926.00, -97.91, -92.02
32432556.00, -94.11, -94.84
32440186.00, -91.49, -92.60
32447814.00, -92.44, -95.26
32455444.00, -93.04, -88.95
32463074.00, -93.13, -90.78
32470704.00, -93.88, -95.08
32478332.00, -93.29, -93.55
32485962.00, -93.06, -90.22
32493592.00, -91.13, -91.95
32501220.00, -90.35, -90.69
32508850.00, -91.89, -90.66
32516480.00, -94.70, -90.88
32524108.00, -91.75, -94.55
32531738.00, -94.55, -96.48
32539368.00, -91.36, -92.30
32546998.00, -93.58, -89.26
32554626.00, -91.87, -90.66
32562256.00, -90.19, -90.05
32569886.00, -92.82, -88.12
32577514.00, -94.81, -89.94
32585144.00, -91.52, -93.48
32592774.00, -89.30, -93.87
32600402.00, -90.90, -90.74
32608032.00, -92.61, -89.78
32615662.00, -93.34, -94.15
32623292.00, -92.85, -92.69
32630920.00, -92.24, -93.08
32638550.00, -93.04, -92.61
32646180.00, -92.24, -90.95
32653808.00, -91.53, -93.58
32661438.00, -90.23, -90.29
32669068.00, -90.85, -94.00
32676696.00, -94.07, -93.41
32684326.00, -92.29, -94.75
32691956.00, -93.76, -90.92
32699584.00, -93.64, -92.08
32707214.00, -94.83, -91.20
32714844.00, -94.64, -89.62
32722474.00, -92.54, -91.98
32730102.00, -93.28, -93.33
32737732.00, -90.39, -91.80
32745362.00, -88.69, -94.47
32752990.00, -91.08, -91.14
32760620.00, -92.65, -90.90
32768250.00, -97.20, -91.08
32775878.00, -92.63, -94.36
32783508.00, -95.76, -92.37
32791138.00, -93.71, -93.20
32798768.00, -92.23, -91.90
32806396.00, -92.76, -92.12
32814026.00, -92.77, -92.96
32821656.00, -91.64, -91.03
32829284.00, -89.85, -90.99
32836914.00, -90.95, -89.04
32844544.00, -92.18, -88.79
32852172.00, -93.60, -92.14
32859802.00, -93.30, -95.91
32867432.00, -92.74, -94.89
32875062.00, -91.52, -92.65
32882690.00, -90.43, -93.79
32890320.00, -90.78, -92.71
32897950.00, -92.00, -94.60
32905578.00, -90.82, -95.44
32913208.00, -91.39, -92.69
32920838.00, -92.18, -93.13
32928466.00, -92.49, -94.35
32936096.00, -94.41, -88.95
32943726.00, -91.62, -88.31
32951354.00, -91.12, -89.24
32958984.00, -91.68, -93.69
32966614.00, -93.43, -93.52
32974244.00, -93.15, -92.08
32981872.00, -90.76, -95.32
32989502.00, -90.32, -90.48
32997132.00, -88.56, -89.27
33004760.00, -92.86, -91.46
33012390.00, -91.44, -90.73
33020020.00, -93.68, -89.14
33027648.00, -94.05, -88.30
33035278.00, -92.39, -90.23
33042908.00, -91.82, -90.02
33050538.00, -93.18, -90.91
33058166.00, -94.24, -90.17
33065796.00, -98.20, -91.08
33073426.00, -94.39, -95.69
33081054.00, -93.52, -93.26
33088684.00, -89.68, -89.15
33096314.00, -94.82, -89.82
33103942.00, -92.27, -90.11
33111572.00, -92.74, -92.20
33119202.00, -88.64, -92.56
33126832.00, -89.95, -94.82
33134460.00, -89.55, -94.00
33142090.00, -90.12, -94.51
33149720.00, -91.09, -92.65
33157348.00, -90.44, -90.44
33164978.00, -91.85, -91.02
33172608.00, -92.13, -92.86
33180236.00, -89.44, -89.89
33187866.00, -92.19, -91.88
33195496.00, -90.20, -91.84
33203124.00, -90.00, -93.13
33210754.00, -91.99, -92.05
33218384.00, -91.35, -90.64
33226014.00, -89.76, -92.36
33233642.00, -95.73, -91.17
33241272.00, -94.29, -93.22
33248902.00, -90.16, -90.96
33256530.00, -91.61, -90.50
33264160.00, -94.69, -89.11
33271790.00, -93.62, -96.12
33279418.00, -89.78, -92.17
33287048.00, -90.90, -94.29
33294678.00, -96.52, -95.41
33302308.00, -92.73, -92.50
33309936.00, -92.76, -90.52
33317566.00, -91.61, -90.25
33325196.00, -92.68, -94.35
33332824.00, -90.75, -92.32
33340454.00, -91.60, -92.88
33348084.00, -90.85, -92.75
33355712.00, -91.79, -90.78
33363342.00, -94.00, -89.81
33370972.00, -92.43, -89.09
33378602.00, -94.63, -89.23
33386230.00, -93.62, -92.17
33393860.00, -93.74, -93.54
33401490.00, -93.00, -94.31
33409118.00, -92.09, -92.07
33416748.00, -96.23, -88.87
33424378.00, -94.22, -89.31
33432006.00, -93.92, -90.25
33439636.00, -92.30, -94.61
33447266.00, -91.73, -94.52
33454896.00, -92.34, -93.06
33462524.00, -91.94, -92.93
33470154.00, -91.19, -94.31
33477784.00, -94.15, -98.43
33485412.00, -93.62, -92.73
33493042.00, -93.05, -90.09
33500672.00, -90.53, -91.14
33508300.00, -93.04, -89.31
33515930.00, -93.03, -90.38
33523560.00, -92.50, -94.09
33531188.00, -92.41, -92.96
33538818.00, -93.10, -91.32
33546448.00, -94.61, -90.42
33554078.00, -91.39, -90.84
33561708.00, -92.23, -94.79
33569336.00, -93.69, -92.65
33576964.00, -97.24, -91.14
33584596.00, -91.83, -90.05
33592224.00, -92.19, -90.19
33599852.00, -91.74, -90.56
33607484.00, -91.28, -91.11
33615112.00, -88.96, -95.23
33622740.00, -89.82, -92.40
33630372.00, -92.55, -91.34
33638000.00, -92.35, -94.48
33645628.00, -92.78, -92.91
33653260.00, -93.19, -91.84
33660888.00, -90.49, -91.00
33668520.00, -92.39, -91.39
33676148.00, -91.35, -89.07
33683776.00, -91.43, -92.62
33691408.00, -88.35, -96.52
33699036.00, -89.88, -93.41
33706664.00, -91.15, -93.34
33714296.00, -93.66, -89.63
33721924.00, -90.85, -89.88
33729552.00, -90.07, -95.28
33737184.00, -91.25, -91.80
33744812.00, -93.17, -92.81
33752440.00, -91.60, -96.43
33760072.00, -91.24, -93.71
33767700.00, -92.51, -93.53
33775328.00, -90.36, -91.95
33782960.00, -91.54, -89.96
33790588.00, -88.26, -92.23
33798216.00, -89.94, -94.81
33805848.00, -92.27, -93.16
33813476.00, -90.88, -93.31
33821104.00, -92.85, -89.90
33828736.00, -95.18, -91.04
33836364.00, -92.87, -93.10
33843996.00, -91.31, -91.28
33851624.00, -89.62, -92.46
33859252.00, -91.54, -92.33
33866884.00, -91.18, -92.63
33874512.00, -90.39, -89.46
33882140.00, -90.54, -93.79
33889772.00, -91.98, -91.38
33897400.00, -91.37, -94.48
33905028.00, -89.94, -94.58
33912660.00, -91.58, -95.28
33920288.00, -90.14, -94.52
33927916.00, -90.85, -92.92
33935548.00, -92.94, -92.88
33943176.00, -90.16, -92.83
33950804.00, -93.56, -92.93
33958436.00, -95.08, -91.39
33966064.00, -92.09, -90.91
33973692.00, -92.88, -89.21
33981324.00, -90.71, -92.10
33988952.00, -88.98, -93.18
33996584.00, -91.27, -91.13
34004212.00, -95.56, -88.48
34011840.00, -90.59, -93.06
34019472.00, -92.16, -90.58
34027100.00, -92.19, -91.34
34034728.00, -90.06, -91.16
34042360.00, -87.47, -96.35
34049988.00, -91.83, -95.27
34057616.00, -91.84, -92.16
34065248.00, -91.66, -91.74
34072876.00, -93.48, -88.36
34080504.00, -93.28, -91.29
34088136.00, -95.02, -94.48
34095764.00, -89.23, -91.25
34103392.00, -90.18, -91.52
34111024.00, -90.34, -91.40
34118652.00, -91.95, -91.58
34126280.00, -93.15, -90.29
34133912.00, -92.57, -92.09
34141540.00, -91.89, -89.22
34149168.00, -90.47, -90.42
34156800.00, -89.17, -92.33
34164428.00, -91.58, -92.47
34172060.00, -92.24, -93.54
34179688.00, -93.65, -91.57
34187316.00, -94.79, -90.26
34194948.00, -91.56, -94.34
34202576.00, -91.15, -91.86
34210204.00, -91.25, -91.99
34217836.00, -92.25, -91.98
34225464.00, -93.03, -93.45
34233092.00, -91.28, -92.56
34240724.00, -90.87, -92.12
34248352.00, -93.15, -92.62
34255980.00, -93.13, -90.85
34263612.00, -94.14, -90.46
34271240.00, -91.80, -90.96
34278868.00, -89.72, -91.99
34286500.00, -89.31, -90.46
34294128.00, -92.18, -92.15
34301756.00, -91.23, -92.89
34309388.00, -89.24, -92.96
34317016.00, -89.46, -93.97
34324644.00, -92.10, -93.99
34332276.00, -92.29, -97.52
34339904.00, -93.01, -92.57
34347536.00, -92.51, -92.92
34355164.00, -92.10, -92.02
34362792.00, -92.20, -94.01
34370424.00, -92.33, -91.66
34378052.00, -91.50, -92.04
34385680.00, -93.89, -91.32
34393312.00, -92.09, -90.05
34400940.00, -90.89, -93.67
34408568.00, -90.10, -93.64
34416200.00, -90.08, -92.62
34423828.00, -92.54, -92.49
34431456.00, -92.43, -91.06
34439088.00, -91.75, -92.54
34446716.00, -92.18, -91.44
34454344.00, -89.81, -95.22
34461976.00, -91.30, -93.72
34469604.00, -89.58, -90.72
34477232.00, -89.94, -90.24
34484864.00, -92.58, -90.19
34492492.00, -91.53, -90.92
34500124.00, -92.22, -93.30
34507752.00, -94.69, -92.75
34515380.00, -92.10, -91.20
34523012.00, -91.49, -90.38
34530640.00, -93.04, -89.83
34538268.00, -89.28, -91.65
34545900.00, -93.83, -90.65
34553528.00, -98.40, -94.42
34561156.00, -92.08, -94.02
34568788.00, -91.70, -91.35
34576416.00, -90.81, -90.72
34584044.00, -92.33, -93.73
34591676.00, -91.55, -91.86
34599304.00, -91.92, -92.24
34606932.00, -91.76, -91.08
34614564.00, -89.23, -92.40
34622192.00, -88.53, -93.28
34629820.00, -91.75, -92.58
34637452.00, -90.89, -91.26
34645080.00, -93.50, -92.10
34652708.00, -90.05, -92.66
34660340.00, -89.97, -91.36
34667968.00, -89.40, -92.44
34675600.00, -87.83, -92.77
34683228.00, -91.28, -92.02
34690856.00, -93.30, -91.67
34698488.00, -92.16, -93.18
34706116.00, -92.90, -93.42
34713744.00, -93.55, -89.29
34721376.00, -95.86, -88.16
34729004.00, -91.17, -91.93
34736632.00, -89.78, -90.10
34744264.00, -95.33, -94.95
34751892.00, -91.94, -91.68
34759520.00, -91.33, -95.96
34767152.00, -91.04, -90.23
34774780.00, -91.36, -91.55
34782408.00, -89.88, -93.83
34790040.00, -92.45, -89.44
34797668.00, -90.73, -91.54
34805296.00, -95.84, -92.57
34812928.00, -95.00, -90.75
34820556.00, -90.04, -93.17
34828188.00, -91.58, -93.77
34835816.00, -91.50, -94.21
34843444.00, -94.07, -92.82
34851076.00, -93.49, -92.13
34858704.00, -90.83, -91.78
34866332.00, -92.92, -89.87
34873964.00, -92.06, -91.09
34881592.00, -92.84, -91.63
34889220.00, -91.67, -91.67
34896852.00, -91.17, -90.66
34904480.00, -91.68, -92.48
34912108.00, -90.04, -92.41
34919740.00, -92.70, -92.61
34927368.00, -91.53, -91.93
34934996.00, -90.58, -90.36
34942628.00, -91.29, -91.09
34950256.00, -90.82, -89.78
34957884.00, -93.90, -89.58
34965516.00, -92.10, -90.78
34973144.00, -93.66, -91.64
34980772.00, -91.81, -91.15
34988404.00, -93.97, -92.50
34996032.00, -93.93, -92.27
35003664.00, -91.26, -91.76
35011292.00, -90.51, -95.03
35018920.00, -90.63, -93.10
35026552.00, -91.19, -91.55
35034180.00, -89.17, -91.84
35041808.00, -91.11, -90.87
35049440.00, -94.14, -91.94
35057068.00, -92.68, -92.50
35064696.00, -91.37, -94.51
35072328.00, -90.41, -90.75
35079956.00, -90.91, -89.60
35087584.00, -92.14, -92.17
35095216.00, -92.86, -94.31
35102844.00, -89.41, -94.50
35110472.00, -92.39, -90.67
35118104.00, -90.02, -92.40
35125732.00, -89.51, -91.28
35133360.00, -90.96, -89.48
35140992.00, -90.07, -91.78
35148620.00, -90.86, -93.09
35156248.00, -93.10, -90.11
35163880.00, -92.16, -90.00
35171508.00, -97.00, -91.85
35179140.00, -91.27, -91.31
35186768.00, -91.88, -89.51
35194396.00, -91.20, -91.41
35202028.00, -88.93, -94.35
35209656.00, -91.65, -91.18
35217284.00, -90.68, -91.74
35224916.00, -92.96, -90.10
35232544.00, -92.80, -90.01
35240172.00, -93.34, -91.71
35247804.00, -95.56, -91.80
35255432.00, -95.06, -88.56
35263060.00, -92.21, -91.34
35270692.00, -91.73, -95.05
35278320.00, -92.38, -93.00
35285948.00, -93.07, -89.90
35293580.00, -92.07, -89.92
35301208.00, -94.15, -90.41
35308836.00, -94.68, -88.40
35316468.00, -94.16, -89.51
35324096.00, -91.82, -90.93
35331728.00, -92.21, -90.88
35339356.00, -92.85, -91.98
35346984.00, -92.32, -93.75
35354616.00, -91.19, -92.17
35362244.00, -91.84, -91.26
35369872.00, -91.05, -88.30
35377504.00, -92.98, -89.68
35385132.00, -93.00, -94.56
35392760.00, -93.88, -93.50
35400392.00, -92.45, -91.91
35408020.00, -92.32, -96.65
35415648.00, -89.67, -93.12
35423280.00, -90.27, -92.57
35430908.00, -91.37, -90.52
35438536.00, -90.12, -93.00
35446168.00, -91.57, -96.07
35453796.00, -93.78, -93.30
35461424.00, -93.38, -91.53
35469056.00, -94.76, -94.24
35476684.00, -96.11, -91.73
35484312.00, -93.17, -94.27
35491944.00, -94.46, -91.96
35499572.00, -91.22, -89.08
35507204.00, -92.11, -89.98
35514832.00, -90.07, -93.16
35522460.00, -94.84, -92.26
35530092.00, -91.91, -91.56
35537720.00, -89.94, -92.50
35545348.00, -88.55, -94.28
35552980.00, -89.94, -91.40
35560608.00, -91.37, -93.22
35568236.00, -89.17, -91.79
35575868.00, -92.23, -91.42
35583496.00, -90.47, -90.68
35591124.00, -92.71, -92.75
35598756.00, -93.13, -91.30
35606384.00, -91.40, -92.75
35614012.00, -92.17, -91.07
35621644.00, -90.23, -92.93
35629272.00, -92.79, -92.45
35636900.00, -93.94, -95.88
35644532.00, -95.21, -93.76
35652160.00, -97.60, -90.09
35659792.00, -95.89, -91.03
35667420.00, -90.73, -91.27
35675048.00, -94.23, -90.38
35682680.00, -93.16, -88.34
35690308.00, -92.46, -90.45
35697936.00, -90.95, -93.04
35705568.00, -90.91, -94.09
35713196.00, -90.47, -94.06
35720824.00, -92.70, -95.17
35728456.00, -94.72, -93.37
35736084.00, -92.42, -93.03
35743712.00, -90.76, -93.51
35751344.00, -93.78, -91.15
35758972.00, -91.05, -91.37
35766600.00, -93.09, -90.66
35774232.00, -93.19, -91.65
35781860.00, -90.40, -93.41
35789488.00, -92.84, -91.65
35797120.00, -94.48, -92.15
35804748.00, -94.23, -91.42
35812376.00, -89.50, -91.45
35820008.00, -92.85, -91.40
35827636.00, -91.82, -94.40
35835268.00, -90.59, -94.70
35842896.00, -90.55, -91.88
35850524.00, -93.06, -93.40
35858156.00, -92.39, -95.23
35865784.00, -93.52, -94.98
35873412.00, -94.96, -91.99
35881044.00, -92.17, -93.52
35888672.00, -91.41, -96.39
35896300.00, -91.29, -95.64
35903932.00, -92.62, -96.81
35911560.00, -92.34, -92.22
35919188.00, -88.49, -93.71
35926820.00, -91.43, -92.97
35934448.00, -91.92, -90.55
35942076.00, -88.84, -90.51
35949708.00, -89.70, -92.10
35957336.00, -88.08, -92.14
35964964.00, -90.13, -90.36
35972596.00, -89.69, -90.02
35980224.00, -91.15, -92.84
35987856.00, -92.84, -91.87
35995484.00, -91.43, -92.43
36003112.00, -91.02, -90.76
36010744.00, -92.71, -91.66
36018372.00, -90.12, -91.28
36026000.00, -90.58, -89.73
36033632.00, -90.95, -91.81
36041260.00, -89.31, -91.78
36048888.00, -91.62, -90.20
36056520.00, -93.99, -93.11
36064148.00, -92.16, -93.91
36071776.00, -89.67, -89.66
36079408.00, -94.29, -90.13
36087036.00, -91.42, -91.07
36094664.00, -93.77, -89.96
36102296.00, -93.40, -89.79
36109924.00, -94.28, -91.68
36117552.00, -91.72, -91.14
36125184.00, -90.71, -90.44
36132812.00, -94.83, -92.36
36140440.00, -92.35, -91.13
36148072.00, -90.40, -94.37
36155700.00, -90.71, -92.98
36163332.00, -91.78, -90.75
36170960.00, -91.42, -90.83
36178588.00, -94.27, -90.94
36186220.00, -94.95, -90.62
36193848.00, -92.48, -93.74
36201476.00, -90.65, -94.22
36209108.00, -91.11, -91.95
36216736.00, -93.75, -91.91
36224364.00, -91.97, -92.60
36231996.00, -91.73, -90.01
36239624.00, -90.79, -91.42
36247252.00, -91.11, -91.40
36254884.00, -91.62, -92.73
36262512.00, -92.37, -94.83
36270140.00, -93.68, -92.59
36277772.00, -92.51, -90.93
36285400.00, -92.09, -92.31
36293028.00, -93.24, -93.26
36300660.00, -88.08, -93.76
36308288.00, -90.63, -92.69
36315916.00, -92.71, -93.41
36323548.00, -94.29, -92.83
36331176.00, -95.49, -91.83
36338808.00, -92.41, -90.73
36346436.00, -91.47, -93.82
36354064.00, -90.12, -93.09
36361696.00, -88.73, -92.32
36369324.00, -90.01, -91.11
36376952.00, -91.94, -94.88
36384584.00, -92.58, -94.87
36392212.00, -92.93, -94.42
36399840.00, -94.10, -93.11
36407472.00, -95.65, -91.87
36415100.00, -92.51, -92.93
36422728.00, -90.83, -93.52
36430360.00, -92.20, -93.16
36437988.00, -90.03, -91.71
36445616.00, -90.10, -89.95
36453248.00, -90.79, -90.11
36460876.00, -93.99, -91.35
36468504.00, -91.97, -94.25
36476136.00, -91.94, -92.18
36483764.00, -92.80, -94.89
36491396.00, -92.28, -93.43
36499024.00, -92.19, -92.70
36506652.00, -91.73, -92.74
36514284.00, -91.75, -93.05
36521912.00, -92.64, -91.73
36529540.00, -91.67, -90.42
36537172.00, -93.03, -92.32
36544800.00, -92.86, -94.11
36552428.00, -91.52, -90.28
36560060.00, -91.55, -91.96
36567688.00, -93.87, -91.72
36575316.00, -93.81, -92.11
36582948.00, -92.34, -91.93
36590576.00, -92.33, -90.50
36598204.00, -92.71, -92.51
36605836.00, -90.97, -97.95
36613464.00, -89.68, -91.99
36621092.00, -92.19, -90.33
36628724.00, -88.82, -92.67
36636352.00, -92.50, -91.40
36643980.00, -88.50, -91.53
36651612.00, -89.75, -94.84
36659240.00, -91.72, -93.22
36666872.00, -92.01, -92.29
36674500.00, -91.66, -92.63
36682128.00, -92.14, -92.84
36689760.00, -92.98, -91.94
36697388.00, -92.67, -92.56
36705016.00, -93.06, -90.67
36712648.00, -94.10, -90.47
36720276.00, -91.89, -90.06
36727904.00, -89.98, -90.79
36735536.00, -90.00, -93.02
36743164.00, -89.51, -92.57
36750792.00, -90.70, -90.64
36758424.00, -96.77, -90.26
36766052.00, -92.34, -89.74
36773680.00, -92.69, -91.63
36781312.00, -91.67, -91.01
36788940.00, -90.45, -92.72
36796568.00, -91.32, -90.75
36804200.00, -91.82, -93.14
36811828.00, -91.55, -93.52
36819460.00, -90.69, -92.28
36827088.00, -90.42, -93.59
36834716.00, -91.74, -91.40
36842348.00, -92.71, -92.13
36849976.00, -90.76, -92.03
36857604.00, -92.80, -92.58
36865236.00, -93.28, -91.00
36872864.00, -92.00, -93.97
36880492.00, -91.64, -92.31
36888124.00, -92.26, -92.47
36895752.00, -90.42, -92.19
36903380.00, -93.50, -92.31
36911012.00, -90.43, -91.95
36918640.00, -89.53, -93.73
36926268.00, -91.33, -96.25
36933900.00, -93.06, -92.01
36941528.00, -92.39, -91.55
36949156.00, -95.30, -92.80
36956788.00, -89.80, -89.42
36964416.00, -89.48, -90.28
36972044.00, -91.86, -91.08
36979676.00, -90.92, -91.39
36987304.00, -92.21, -91.35
36994936.00, -93.53, -92.48
37002564.00, -95.12, -91.06
37010192.00, -93.84, -95.04
37017824.00, -92.28, -93.33
37025452.00, -90.75, -90.86
37033080.00, -94.12, -90.81
37040712.00, -92.09, -92.22
37048340.00, -90.47, -93.51
37055968.00, -91.69, -91.73
37063600.00, -90.56, -94.21
37071228.00, -91.79, -97.31
37078856.00, -91.48, -91.24
37086488.00, -91.95, -95.40
37094116.00, -93.07, -92.65
37101744.00, -92.93, -94.15
37109376.00, -92.98, -92.90
37117004.00, -90.49, -91.21
37124632.00, -90.00, -88.61
37132264.00, -91.44, -89.11
37139892.00, -92.74, -92.66
37147520.00, -96.02, -92.33
37155152.00, -92.76, -91.33
37162780.00, -92.91, -92.20
37170412.00, -92.44, -94.24
37178040.00, -91.49, -93.26
37185668.00, -92.50, -89.83
37193300.00, -91.93, -91.07
37200928.00, -90.41, -91.28
37208556.00, -89.69, -91.07
37216188.00, -92.21, -90.92
37223816.00, -93.65, -92.11
37231444.00, -93.28, -89.88
37239076.00, -93.12, -91.64
37246704.00, -94.11, -90.63
37254332.00, -93.87, -93.64
37261964.00, -93.03, -93.77
37269592.00, -91.59, -92.02
37277220.00, -92.89, -94.15
37284852.00, -92.06, -92.19
37292480.00, -90.77, -91.54
37300108.00, -89.68, -92.21
37307740.00, -91.91, -92.46
37315368.00, -91.43, -90.19
37323000.00, -91.88, -89.75
37330628.00, -93.12, -92.49
37338256.00, -90.68, -93.19
37345888.00, -94.01, -93.02
37353516.00, -92.63, -91.22
37361144.00, -94.01, -93.89
37368776.00, -91.80, -95.05
37376404.00, -90.53, -91.38
37384032.00, -92.13, -93.14
37391664.00, -92.27, -98.18
37399292.00, -92.74, -92.18
37406920.00, -89.06, -91.55
37414552.00, -90.39, -94.86
37422180.00, -89.59, -90.42
37429808.00, -92.87, -91.38
37437440.00, -92.56, -100.62
37445068.00, -93.84, -94.18
37452696.00, -93.83, -92.43
37460328.00, -90.68, -90.75
37467956.00, -91.02, -92.79
37475584.00, -95.81, -91.69
37483216.00, -90.29, -90.13
37490844.00, -89.60, -92.02
37498476.00, -91.16, -92.89
37506104.00, -93.51, -93.60
37513732.00, -97.01, -90.34
37521364.00, -92.86, -90.33
37528992.00, -90.40, -92.10
37536620.00, -89.44, -90.68
37544252.00, -91.84, -90.92
37551880.00, -92.80, -91.42
37559508.00, -93.30, -90.64
37567140.00, -91.89, -90.48
37574768.00, -93.55, -92.96
37582396.00, -91.18, -94.70
37590028.00, -94.42, -92.29
37597656.00, -91.27, -92.55
37605284.00, -90.55, -93.28
37612916.00, -90.89, -93.62
37620544.00, -91.49, -91.09
37628172.00, -92.32, -89.64
37635804.00, -92.53, -92.63
37643432.00, -92.57, -90.37
37651064.00, -92.60, -92.16
37658692.00, -94.13, -90.86
37666320.00, -93.08, -91.61
37673952.00, -92.79, -92.29
37681580.00, -91.11, -92.52
37689208.00, -91.06, -92.93
37696840.00, -91.78, -91.96
37704468.00, -96.63, -91.77
37712096.00, -95.48, -94.44
37719728.00, -94.67, -101.71
37727356.00, -95.27, -90.58
37734984.00, -91.27, -88.67
37742616.00, -89.86, -92.76
37750244.00, -90.05, -92.45
37757872.00, -92.49, -88.87
37765504.00, -92.65, -88.92
37773132.00, -94.09, -91.28
37780760.00, -95.46, -90.71
37788392.00, -91.26, -92.63
37796020.00, -93.47, -89.14
37803648.00, -90.69, -88.80
37811280.00, -91.26, -90.09
37818908.00, -93.86, -95.11
37826540.00, -96.32, -91.22
37834168.00, -94.52, -94.45
37841796.00, -92.95, -91.83
37849428.00, -90.64, -92.15
37857056.00, -90.79, -90.98
37864684.00, -89.30, -93.52
37872316.00, -92.14, -94.05
37879944.00, -90.68, -90.10
37887572.00, -90.13, -89.57
37895204.00, -89.27, -95.14
37902832.00, -91.05, -93.78
37910460.00, -91.59, -93.63
37918092.00, -91.35, -92.38
37925720.00, -92.10, -93.33
37933348.00, -94.10, -90.65
37940980.00, -93.41, -92.20
37948608.00, -91.46, -93.99
37956236.00, -93.61, -93.46
37963868.00, -92.45, -91.80
37971496.00, -89.22, -96.82
37979124.00, -91.72, -89.66
37986756.00, -91.82, -88.65
37994384.00, -91.13, -94.02
38002016.00, -90.54, -91.97
38009644.00, -90.85, -95.07
38017272.00, -89.80, -94.31
38024904.00, -93.82, -93.52
38032532.00, -93.15, -93.82
38040160.00, -89.49, -93.65
38047792.00, -90.86, -93.08
38055420.00, -91.84, -87.81
38063048.00, -95.29, -87.25
38070680.00, -90.35, -91.41
38078308.00, -89.94, -91.27
38085936.00, -90.11, -94.08
38093568.00, -92.29, -98.12
38101196.00, -94.92, -93.08
38108824.00, -90.00, -92.89
38116456.00, -90.16, -93.18
38124084.00, -91.98, -91.32
38131712.00, -91.69, -92.85
38139344.00, -92.58, -94.87
38146972.00, -94.49, -92.14
38154604.00, -93.12, -91.71
38162232.00, -91.71, -95.22
38169860.00, -90.51, -93.91
38177492.00, -88.56, -93.26
38185120.00, -89.74, -93.07
38192748.00, -90.52, -92.98
38200380.00, -91.64, -92.21
38208008.00, -92.40, -91.37
38215636.00, -91.35, -90.44
38223268.00, -90.62, -89.30
38230896.00, -90.98, -90.85
38238524.00, -93.16, -92.45
38246156.00, -91.09, -90.94
38253784.00, -90.47, -92.41
38261412.00, -90.34, -93.89
38269044.00, -94.20, -90.41
38276672.00, -93.91, -89.50
38284300.00, -92.23, -91.04
38291932.00, -93.79, -91.43
38299560.00, -92.64, -91.45
38307188.00, -94.63, -90.13
38314820.00, -93.44, -90.17
38322448.00, -93.68, -92.64
38330080.00, -92.06, -96.72
38337708.00, -90.90, -95.34
38345336.00, -91.77, -93.56
38352968.00, -90.77, -96.03
38360596.00, -90.74, -89.41
38368224.00, -94.19, -89.90
38375856.00, -90.09, -93.50
38383484.00, -90.45, -92.90
38391112.00, -92.02, -95.06
38398744.00, -91.30, -92.02
38406372.00, -92.24, -90.23
38414000.00, -92.43, -92.72
38421632.00, -93.41, -91.99
38429260.00, -93.82, -92.62
38436888.00, -94.58, -90.36
38444520.00, -93.26, -92.48
38452148.00, -88.52, -91.12
38459776.00, -89.07, -93.11
38467408.00, -91.55, -93.36
38475036.00, -89.82, -94.10
38482668.00, -91.38, -92.66
38490296.00, -91.10, -91.97
38497924.00, -90.63, -91.63
38505556.00, -91.65, -95.40
38513184.00, -91.17, -95.17
38520812.00, -88.63, -90.67
38528444.00, -90.69, -88.99
38536072.00, -93.40, -91.41
38543700.00, -93.98, -92.24
38551332.00, -89.99, -92.18
38558960.00, -92.24, -90.61
38566588.00, -97.57, -91.49
38574220.00, -92.83, -91.31
38581848.00, -91.95, -91.87
38589476.00, -89.43, -90.46
38597108.00, -91.76, -89.65
38604736.00, -93.08, -90.20
38612364.00, -90.32, -91.78
38619996.00, -89.45, -95.38
38627624.00, -90.30, -96.94
38635252.00, -94.75, -93.30
38642884.00, -92.01, -92.81
38650512.00, -89.93, -93.66
38658144.00, -89.48, -92.18
38665772.00, -90.95, -94.60
38673400.00, -91.33, -95.24
38681032.00, -94.17, -92.61
38688660.00, -94.23, -89.53
38696288.00, -96.69, -90.48
38703920.00, -92.90, -93.41
38711548.00, -91.95, -91.65
38719176.00, -94.13, -91.93
38726808.00, -91.80, -92.97
38734436.00, -91.71, -91.14
38742064.00, -95.78, -92.61
38749696.00, -90.17, -90.72
38757324.00, -90.91, -88.89
38764952.00, -96.52, -88.74
38772584.00, -94.26, -91.16
38780212.00, -91.46, -93.62
38787840.00, -92.44, -92.37
38795472.00, -90.80, -90.60
38803100.00, -91.66, -93.43
38810728.00, -93.09, -94.23
38818360.00, -94.66, -92.21
38825988.00, -91.10, -92.34
38833620.00, -89.62, -92.65
38841248.00, -91.58, -93.03
38848876.00, -92.67, -92.65
38856508.00, -90.66, -92.21
38864136.00, -90.25, -91.88
38871764.00, -90.60, -93.19
38879396.00, -91.87, -92.69
38887024.00, -94.93, -91.17
38894652.00, -91.80, -94.68
38902284.00, -90.11, -93.91
38909912.00, -89.88, -91.87
38917540.00, -97.43, -90.65
38925172.00, -92.81, -92.72
38932800.00, -88.44, -93.88
38940428.00, -92.61, -89.92
38948060.00, -93.78, -90.93
38955688.00, -91.23, -92.20
38963316.00, -92.52, -93.67
38970948.00, -93.56, -93.25
38978576.00, -94.03, -93.22
38986208.00, -93.01, -93.36
38993836.00, -91.21, -93.26
39001464.00, -91.96, -90.62
39009096.00, -88.90, -90.72
39016724.00, -89.46, -93.06
39024352.00, -89.45, -90.31
39031984.00, -94.45, -92.87
39039612.00, -91.53, -92.17
39047240.00, -90.19, -87.96
39054872.00, -92.05, -90.20
39062500.00, -91.95, -92.40
39070128.00, -92.82, -90.78
39077760.00, -90.47, -90.03
39085388.00, -89.72, -92.32
39093016.00, -94.46, -93.38
39100648.00, -92.21, -91.68
39108276.00, -90.61, -91.99
39115904.00, -90.20, -89.50
39123536.00, -89.89, -89.84
39131164.00, -89.22, -90.86
39138792.00, -88.57, -90.03
39146424.00, -91.97, -93.16
39154052.00, -92.75, -92.22
39161684.00, -93.63, -93.94
39169312.00, -94.19, -90.76
39176940.00, -93.67, -91.10
39184572.00, -93.78, -89.21
39192200.00, -91.68, -89.38
39199828.00, -90.98, -92.32
39207460.00, -91.27, -91.06
39215088.00, -91.81, -92.48
39222716.00, -91.08, -96.54
39230348.00, -92.69, -95.52
39237976.00, -90.89, -91.63
39245604.00, -91.70, -94.91
39253236.00, -94.71, -92.78
39260864.00, -90.37, -97.78
39268492.00, -93.02, -92.16
39276124.00, -92.24, -91.27
39283752.00, -92.15, -90.04
39291380.00, -92.10, -91.29
39299012.00, -88.11, -90.70
39306640.00, -90.25, -92.03
39314272.00, -90.91, -93.09
39321900.00, -92.47, -89.33
39329528.00, -92.17, -92.86
39337160.00, -92.69, -95.37
39344788.00, -94.71, -94.02
39352416.00, -93.05, -94.56
39360048.00, -90.17, -90.68
39367676.00, -90.53, -89.48
39375304.00, -88.83, -90.30
39382936.00, -90.36, -90.72
39390564.00, -91.65, -91.32
39398192.00, -93.31, -95.07
39405824.00, -92.66, -94.81
39413452.00, -93.12, -91.99
39421080.00, -93.73, -92.60
39428712.00, -92.94, -93.60
39436340.00, -93.44, -92.51
39443968.00, -91.95, -91.42
39451600.00, -96.98, -90.70
39459228.00, -94.11, -90.12
39466856.00, -92.95, -88.92
39474488.00, -90.38, -91.31
39482116.00, -91.47, -90.62
39489748.00, -92.48, -93.51
39497376.00, -88.51, -93.32
39505004.00, -89.74, -92.36
39512636.00, -91.89, -92.99
39520264.00, -93.85, -93.60
39527892.00, -93.35, -92.92
39535524.00, -90.14, -91.84
39543152.00, -90.37, -93.96
39550780.00, -92.01, -93.97
39558412.00, -91.40, -90.88
39566040.00, -89.00, -90.64
39573668.00, -89.64, -90.28
39581300.00, -91.07, -88.14
39588928.00, -91.86, -90.52
39596556.00, -91.68, -97.01
39604188.00, -90.67, -89.93
39611816.00, -90.63, -91.26
39619444.00, -90.38, -92.95
39627076.00, -91.07, -93.72
39634704.00, -91.43, -92.77
39642332.00, -92.74, -92.22
39649964.00, -91.72, -95.14
39657592.00, -92.19, -90.29
39665224.00, -91.06, -90.09
39672852.00, -88.34, -89.75
39680480.00, -91.17, -94.76
39688112.00, -90.43, -95.11
39695740.00, -91.52, -93.65
39703368.00, -93.99, -91.25
39711000.00, -94.33, -92.43
39718628.00, -90.48, -92.87
39726256.00, -89.59, -97.21
39733888.00, -92.77, -96.32
39741516.00, -91.65, -93.37
39749144.00, -90.82, -93.55
39756776.00, -93.74, -93.35
39764404.00, -92.13, -91.99
39772032.00, -88.04, -91.02
39779664.00, -89.89, -91.66
39787292.00, -92.68, -92.48
39794920.00, -90.97, -90.86
39802552.00, -90.91, -90.95
39810180.00, -89.79, -95.07
39817812.00, -90.42, -91.70
39825440.00, -89.95, -92.54
39833068.00, -92.77, -93.61
39840700.00, -95.47, -91.85
39848328.00, -92.53, -91.30
39855956.00, -92.11, -93.99
39863588.00, -92.51, -93.39
39871216.00, -89.52, -92.08
39878844.00, -91.33, -93.72
39886476.00, -92.24, -94.76
39894104.00, -91.94, -92.11
39901732.00, -92.84, -92.91
39909364.00, -90.67, -94.21
39916992.00, -90.17, -91.17
39924620.00, -90.85, -89.33
39932252.00, -92.69, -90.53
39939880.00, -92.25, -91.37
39947508.00, -89.31, -95.79
39955140.00, -92.25, -89.86
39962768.00, -92.82, -91.07
39970396.00, -92.56, -92.04
39978028.00, -94.83, -90.47
39985656.00, -91.69, -91.61
39993288.00, -89.70, -93.59
40000916.00, -90.03, -92.00
40008544.00, -91.04, -91.61
40016176.00, -91.48, -92.28
40023804.00, -94.30, -92.54
40031432.00, -91.24, -91.64
40039064.00, -96.34, -94.89
40046692.00, -93.43, -91.44
40054320.00, -93.97, -94.44
40061952.00, -93.28, -93.22
40069580.00, -92.96, -93.75
40077208.00, -92.96, -93.66
40084840.00, -94.23, -92.80
40092468.00, -93.99, -92.58
40100096.00, -95.56, -91.40
40107728.00, -90.88, -91.76
40115356.00, -91.07, -90.29
40122984.00, -87.91, -90.76
40130616.00, -90.60, -91.14
40138244.00, -91.09, -91.37
40145876.00, -94.64, -92.45
40153504.00, -92.80, -93.42
40161132.00, -91.28, -91.60
40168764.00, -89.19, -92.45
40176392.00, -89.07, -91.95
40184020.00, -90.10, -92.79
40191652.00, -92.12, -92.70
40199280.00, -91.63, -90.69
40206908.00, -90.69, -91.93
40214540.00, -91.22, -93.71
40222168.00, -90.17, -92.77
40229796.00, -90.10, -90.74
40237428.00, -92.51, -91.50
40245056.00, -89.59, -93.69
40252684.00, -90.75, -92.01
40260316.00, -92.57, -90.55
40267944.00, -91.61, -92.47
40275572.00, -94.08, -89.39
40283204.00, -93.14, -89.86
40290832.00, -93.03, -90.79
40298460.00, -92.22, -91.87
40306092.00, -93.42, -93.93
40313720.00, -91.86, -93.37
40321352.00, -91.46, -96.46
40328980.00, -92.58, -94.30
40336608.00, -94.27, -92.05
40344240.00, -89.88, -92.04
40351868.00, -91.22, -91.48
40359496.00, -91.53, -92.10
40367128.00, -96.91, -89.98
40374756.00, -91.72, -92.94
40382384.00, -89.02, -91.02
40390016.00, -90.08, -90.72
40397644.00, -91.32, -88.98
40405272.00, -93.11, -91.70
40412904.00, -90.66, -94.91
40420532.00, -92.02, -95.92
40428160.00, -91.45, -95.06
40435792.00, -90.46, -92.64
40443420.00, -92.34, -89.89
40451048.00, -92.84, -92.23
40458680.00, -92.65, -93.58
40466308.00, -91.40, -93.17
40473936.00, -91.82, -95.05
40481568.00, -93.61, -91.22
40489196.00, -89.93, -89.44
40496828.00, -92.29, -91.16
40504456.00, -95.89, -91.65
40512084.00, -90.61, -91.77
40519716.00, -89.62, -92.23
40527344.00, -93.32, -92.28
40534972.00, -91.68, -92.10
40542604.00, -90.90, -90.23
40550232.00, -92.06, -90.34
40557860.00, -90.15, -90.54
40565492.00, -90.57, -90.94
40573120.00, -91.16, -89.58
40580748.00, -90.80, -90.21
40588380.00, -89.94, -91.32
40596008.00, -92.51, -94.75
40603636.00, -95.37, -90.69
40611268.00, -92.11, -93.86
40618896.00, -88.77, -91.18
40626524.00, -90.64, -93.32
40634156.00, -89.98, -90.58
40641784.00, -90.34, -88.18
40649416.00, -91.11, -90.23
40657044.00, -90.59, -90.85
40664672.00, -92.19, -90.66
40672304.00, -93.02, -92.29
40679932.00, -92.73, -91.96
40687560.00, -93.43, -91.43
40695192.00, -92.35, -92.84
40702820.00, -88.32, -92.21
40710448.00, -90.49, -92.81
40718080.00, -92.01, -94.60
40725708.00, -94.05, -90.21
40733336.00, -93.26, -87.87
40740968.00, -92.55, -90.33
40748596.00, -91.92, -91.80
40756224.00, -89.02, -91.22
40763856.00, -92.20, -89.67
40771484.00, -91.23, -89.84
40779112.00, -91.26, -92.60
40786744.00, -93.07, -95.26
40794372.00, -94.77, -93.19
40802000.00, -93.96, -91.05
40809632.00, -94.27, -91.39
40817260.00, -94.69, -95.20
40824892.00, -93.02, -96.16
40832520.00, -92.19, -91.93
40840148.00, -90.86, -88.90
40847780.00, -94.70, -90.18
40855408.00, -95.47, -91.45
40863036.00, -91.28, -93.72
40870668.00, -90.94, -91.12
40878296.00, -92.21, -90.67
40885924.00, -89.14, -90.68
40893556.00, -92.04, -90.48
40901184.00, -94.48, -91.40
40908812.00, -90.76, -91.29
40916444.00, -91.19, -93.95
40924072.00, -89.80, -92.62
40931700.00, -90.62, -93.64
40939332.00, -92.57, -93.39
40946960.00, -92.30, -94.09
40954588.00, -90.60, -93.89
40962220.00, -91.67, -92.24
40969848.00, -90.97, -92.55
40977480.00, -91.88, -90.85
40985108.00, -93.29, -91.43
40992736.00, -91.79, -91.80
41000368.00, -90.97, -91.45
41007996.00, -92.25, -93.18
41015624.00, -91.07, -94.93
41023256.00, -92.95, -92.91
41030884.00, -92.49, -93.71
41038512.00, -89.98, -92.27
41046144.00, -90.86, -91.60
41053772.00, -93.11, -91.59
41061400.00, -92.52, -92.47
41069032.00, -91.75, -91.78
41076660.00, -92.49, -94.51
41084288.00, -92.24, -94.87
41091920.00, -90.26, -95.04
41099548.00, -91.38, -91.05
41107176.00, -91.26, -90.74
41114808.00, -89.85, -92.32
41122436.00, -91.12, -92.29
41130064.00, -92.79, -94.22
41137696.00, -89.97, -96.47
41145324.00, -91.05, -92.73
41152956.00, -93.63, -90.21
41160584.00, -92.06, -91.15
41168212.00, -91.61, -93.09
41175844.00, -90.39, -93.17
41183472.00, -90.10, -95.58
41191100.00, -91.51, -93.02
41198732.00, -89.34, -94.93
41206360.00, -91.25, -93.36
41213988.00, -95.15, -93.05
41221620.00, -91.79, -91.07
41229248.00, -91.24, -90.66
41236876.00, -92.55, -92.30
41244508.00, -90.60, -90.74
41252136.00, -89.80, -93.35
41259764.00, -92.73, -94.88
41267396.00, -92.08, -95.50
41275024.00, -91.03, -95.40
41282652.00, -95.29, -95.27
41290284.00, -92.23, -93.67
41297912.00, -90.88, -95.43
41305540.00, -90.20, -90.75
41313172.00, -92.97, -89.40
41320800.00, -91.07, -91.77
41328432.00, -92.65, -90.16
41336060.00, -92.86, -88.47
41343688.00, -92.54, -89.59
41351320.00, -90.66, -92.00
41358948.00, -91.49, -95.97
41366576.00, -91.72, -91.55
41374208.00, -92.65, -89.39
41381836.00, -92.18, -90.40
41389464.00, -91.40, -92.37
41397096.00, -89.97, -90.77
41404724.00, -89.44, -91.57
41412352.00, -94.12, -89.83
41419984.00, -90.45, -91.77
41427612.00, -91.35, -92.00
41435240.00, -91.61, -90.74
41442872.00, -90.56, -92.88
41450500.00, -93.64, -90.46
41458128.00, -92.60, -91.54
41465760.00, -96.92, -92.19
41473388.00, -90.65, -92.04
41481020.00, -88.90, -95.76
41488648.00, -91.02, -91.81
41496276.00, -92.91, -91.88
41503908.00, -93.33, -92.90
41511536.00, -91.92, -93.07
41519164.00, -91.00, -92.52
41526796.00, -91.31, -94.06
41534424.00, -91.37, -91.90
41542052.00, -93.09, -93.72
41549684.00, -92.53, -93.28
41557312.00, -94.28, -93.02
41564940.00, -94.42, -94.13
41572572.00, -91.25, -89.86
41580200.00, -91.54, -89.97
41587828.00, -91.47, -89.22
41595460.00, -93.16, -90.69
41603088.00, -94.71, -89.14
41610716.00, -93.95, -89.08
41618348.00, -91.14, -91.48
41625976.00, -89.39, -92.02
41633604.00, -90.95, -92.50
41641236.00, -89.84, -90.91
41648864.00, -90.46, -91.47
41656496.00, -94.07, -93.04
41664124.00, -90.95, -91.51
41671752.00, -89.66, -89.88
41679384.00, -90.51, -94.13
41687012.00, -90.43, -93.22
41694640.00, -91.01, -92.65
41702272.00, -90.21, -89.80
41709900.00, -92.58, -91.70
41717528.00, -91.71, -91.01
41725160.00, -91.20, -92.71
41732788.00, -90.90, -96.02
41740416.00, -88.62, -93.32
41748048.00, -92.48, -92.22
41755676.00, -93.35, -94.39
41763304.00, -91.76, -93.05
41770936.00, -91.03, -90.85
41778564.00, -91.77, -92.29
41786192.00, -92.04, -91.78
41793824.00, -90.52, -90.01
41801452.00, -91.12, -92.08
41809084.00, -93.34, -96.25
41816712.00, -90.00, -92.05
41824340.00, -90.17, -90.70
41831972.00, -92.38, -88.46
41839600.00, -91.38, -90.36
41847228.00, -91.27, -90.88
41854860.00, -91.44, -95.20
41862488.00, -90.58, -92.30
41870116.00, -94.05, -93.24
41877748.00, -93.75, -88.63
41885376.00, -91.69, -89.21
41893004.00, -91.92, -93.45
41900636.00, -93.63, -95.61
41908264.00, -93.20, -90.03
41915892.00, -96.25, -90.02
41923524.00, -94.06, -92.48
41931152.00, -91.69, -93.56
41938780.00, -94.71, -93.22
41946412.00, -91.66, -91.43
41954040.00, -90.82, -91.06
41961668.00, -92.77, -93.14
41969300.00, -89.62, -92.43
41976928.00, -91.86, -92.15
41984560.00, -93.80, -94.12
41992188.00, -91.93, -93.57
41999816.00, -91.12, -91.61
42007448.00, -92.69, -92.00
42015076.00, -92.90, -93.07
42022704.00, -91.15, -90.20
42030336.00, -88.42, -89.47
42037964.00, -91.61, -91.00
42045592.00, -94.33, -90.68
42053224.00, -91.71, -90.26
42060852.00, -90.29, -91.45
42068480.00, -89.34, -95.75
42076112.00, -90.80, -92.05
42083740.00, -94.20, -92.16
42091368.00, -93.41, -92.37
42099000.00, -89.34, -92.05
42106628.00, -91.21, -88.89
42114256.00, -94.97, -90.63
42121888.00, -93.60, -95.09
42129516.00, -90.27, -92.36
42137144.00, -90.97, -93.24
42144776.00, -92.22, -92.48
42152404.00, -96.04, -89.87
42160036.00, -94.55, -88.32
42167664.00, -90.79, -89.31
42175292.00, -90.65, -91.83
42182924.00, -90.56, -92.14
42190552.00, -91.86, -88.61
42198180.00, -91.57, -90.50
42205812.00, -96.09, -94.52
42213440.00, -92.03, -91.89
42221068.00, -94.00, -94.66
42228700.00, -95.53, -89.76
42236328.00, -96.01, -93.61
42243956.00, -91.60, -91.80
42251588.00, -94.47, -92.53
42259216.00, -92.22, -94.59
42266844.00, -91.83, -92.64
42274476.00, -91.89, -91.87
42282104.00, -91.11, -90.66
42289732.00, -91.93, -92.05
42297364.00, -92.99, -91.77
42304992.00, -90.99, -89.94
42312624.00, -90.29, -90.57
42320252.00, -90.70, -89.51
42327880.00, -91.94, -89.86
42335512.00, -92.96, -91.77
42343140.00, -91.28, -93.14
42350768.00, -91.14, -91.43
42358400.00, -93.68, -91.01
42366028.00, -90.58, -90.93
42373656.00, -91.01, -89.70
42381288.00, -90.90, -92.67
42388916.00, -93.19, -93.42
42396544.00, -93.76, -95.66
42404176.00, -93.45, -93.53
42411804.00, -91.69, -90.36
42419432.00, -88.72, -89.14
42427064.00, -88.98, -89.61
42434692.00, -90.48, -92.30
42442320.00, -89.43, -92.48
42449952.00, -89.06, -91.29
42457580.00, -92.11, -93.80
42465208.00, -91.35, -91.66
42472840.00, -95.03, -92.48
42480468.00, -91.47, -93.29
42488100.00, -91.24, -91.55
42495728.00, -94.67, -94.81
42503356.00, -95.67, -90.22
42510988.00, -91.92, -90.53
42518616.00, -88.61, -93.29
42526244.00, -89.41, -92.27
42533876.00, -94.43, -92.54
42541504.00, -92.85, -90.37
42549132.00, -89.75, -88.68
42556764.00, -88.31, -88.64
42564392.00, -89.75, -90.53
42572020.00, -92.51, -92.26
42579652.00, -95.43, -92.78
42587280.00, -92.39, -93.42
42594908.00, -90.08, -93.20
42602540.00, -92.83, -88.82
42610168.00, -89.69, -91.93
42617796.00, -91.77, -94.63
42625428.00, -91.51, -91.20
42633056.00, -90.04, -89.25
42640688.00, -88.59, -90.24
42648316.00, -90.44, -93.79
42655944.00, -89.99, -96.08
42663576.00, -91.23, -91.64
42671204.00, -93.36, -89.15
42678832.00, -93.55, -89.07
42686464.00, -91.36, -91.52
42694092.00, -92.63, -89.98
42701720.00, -94.23, -89.63
42709352.00, -91.38, -92.37
42716980.00, -92.88, -91.03
42724608.00, -90.86, -91.10
42732240.00, -89.42, -91.94
42739868.00, -88.78, -90.71
42747496.00, -89.36, -91.68
42755128.00, -92.46, -93.06
42762756.00, -92.37, -93.44
42770384.00, -91.68, -91.80
42778016.00, -91.25, -90.13
42785644.00, -92.89, -89.14
42793272.00, -92.93, -90.85
42800904.00, -93.36, -91.87
42808532.00, -91.11, -90.58
42816164.00, -93.62, -91.08
42823792.00, -93.19, -92.46
42831420.00, -92.72, -92.69
42839052.00, -89.94, -92.29
42846680.00, -90.88, -92.37
42854308.00, -93.02, -90.15
42861940.00, -95.76, -89.28
42869568.00, -92.70, -88.33
42877196.00, -91.84, -93.08
42884828.00, -95.97, -92.05
42892456.00, -92.86, -91.76
42900084.00, -91.20, -93.42
42907716.00, -91.28, -94.15
42915344.00, -89.58, -92.55
42922972.00, -89.33, -93.70
42930604.00, -89.83, -92.10
42938232.00, -90.89, -91.04
42945860.00, -91.80, -91.77
42953492.00, -93.61, -92.44
42961120.00, -93.01, -92.91
42968752.00, -91.20, -93.33
42976380.00, -91.26, -96.60
42984008.00, -90.96, -94.10
42991640.00, -91.35, -92.95
42999268.00, -93.55, -92.64
43006896.00, -92.91, -89.51
43014528.00, -88.79, -92.41
43022156.00, -91.01, -92.79
43029784.00, -92.59, -88.36
43037416.00, -91.40, -91.13
43045044.00, -91.27, -91.43
43052672.00, -91.63, -90.77
43060304.00, -92.30, -89.71
43067932.00, -93.11, -91.11
43075560.00, -94.21, -92.21
43083192.00, -91.58, -93.88
43090820.00, -90.21, -93.92
43098448.00, -92.85, -93.15
43106080.00, -92.97, -92.58
43113708.00, -92.77, -93.84
43121336.00, -94.20, -93.02
43128968.00, -90.64, -94.57
43136596.00, -89.30, -89.87
43144228.00, -93.83, -94.09
43151856.00, -91.51, -91.36
43159484.00, -90.47, -92.41
43167116.00, -92.01, -91.64
43174744.00, -92.80, -90.39
43182372.00, -91.02, -92.11
43190004.00, -90.69, -92.16
43197632.00, -92.07, -91.27
43205260.00, -92.98, -91.15
43212892.00, -94.76, -94.55
43220520.00, -94.85, -94.25
43228148.00, -92.74, -91.67
43235780.00, -89.90, -90.76
43243408.00, -91.42, -93.51
43251036.00, -90.67, -91.53
43258668.00, -93.15, -89.28
43266296.00, -92.10, -89.63
43273924.00, -93.01, -91.13
43281556.00, -90.01, -90.93
43289184.00, -90.61, -92.57
43296812.00, -95.39, -89.49
43304444.00, -93.24, -91.93
43312072.00, -90.23, -89.93
43319704.00, -90.13, -90.66
43327332.00, -93.42, -92.35
43334960.00, -93.25, -90.58
43342592.00, -91.84, -90.73
43350220.00, -93.38, -90.18
43357848.00, -92.98, -90.41
43365480.00, -92.56, -95.08
43373108.00, -92.79, -91.41
43380736.00, -89.91, -92.73
43388368.00, -92.52, -91.80
43395996.00, -90.47, -90.16
43403624.00, -90.28, -93.70
43411256.00, -93.70, -93.73
43418884.00, -90.61, -92.67
43426512.00, -91.38, -94.14
43434144.00, -91.31, -92.10
43441772.00, -91.86, -94.50
43449400.00, -93.55, -89.60
43457032.00, -90.18, -89.70
43464660.00, -92.72, -92.29
43472292.00, -91.46, -90.73
43479920.00, -89.59, -92.82
43487548.00, -87.89, -93.06
43495180.00, -89.63, -95.51
43502808.00, -91.73, -95.08
43510436.00, -90.36, -95.44
43518068.00, -91.76, -90.35
43525696.00, -91.75, -89.45
43533324.00, -95.99, -90.81
43540956.00, -92.39, -94.27
43548584.00, -91.68, -92.71
43556212.00, -90.09, -89.26
43563844.00, -91.31, -92.58
43571472.00, -92.06, -95.11
43579100.00, -92.39, -93.08
43586732.00, -97.03, -93.47
43594360.00, -91.26, -91.97
43601988.00, -89.82, -90.98
43609620.00, -91.85, -91.79
43617248.00, -93.76, -91.09
43624876.00, -91.38, -89.43
43632508.00, -90.40, -93.37
43640136.00, -92.01, -92.27
43647768.00, -92.40, -90.50
43655396.00, -91.69, -90.57
43663024.00, -92.78, -91.15
43670656.00, -94.14, -92.17
43678284.00, -92.98, -91.23
43685912.00, -94.12, -94.18
43693544.00, -91.40, -92.00
43701172.00, -90.86, -89.89
43708800.00, -90.60, -90.13
43716432.00, -89.01, -94.31
43724060.00, -91.01, -92.89
43731688.00, -91.54, -90.59
43739320.00, -91.89, -91.67
43746948.00, -91.23, -92.29
43754576.00, -90.59, -92.97
43762208.00, -94.60, -93.07
43769836.00, -95.50, -91.09
43777464.00, -93.34, -87.98
43785096.00, -90.79, -90.69
43792724.00, -93.53, -92.13
43800356.00, -90.98, -90.26
43807984.00, -92.10, -88.68
43815612.00, -95.93, -88.08
43823244.00, -92.21, -90.70
43830872.00, -88.82, -93.38
43838500.00, -92.85, -93.83
43846132.00, -90.73, -92.81
43853760.00, -93.49, -93.31
43861388.00, -92.51, -92.29
43869020.00, -91.88, -91.50
43876648.00, -94.48, -89.70
43884276.00, -93.77, -92.78
43891908.00, -94.65, -89.32
43899536.00, -96.26, -91.83
43907164.00, -92.11, -93.13
43914796.00, -93.99, -92.87
43922424.00, -92.90, -93.11
43930052.00, -90.99, -90.23
43937684.00, -94.09, -94.96
43945312.00, -92.78, -91.98
43952940.00, -90.35, -93.33
43960572.00, -93.53, -94.15
43968200.00, -91.23, -91.59
43975832.00, -93.18, -91.42
43983460.00, -92.60, -91.85
43991088.00, -91.71, -91.58
43998720.00, -89.23, -91.62
44006348.00, -92.12, -93.75
44013976.00, -94.29, -90.59
44021608.00, -93.35, -88.62
44029236.00, -92.90, -89.70
44036864.00, -90.93, -90.78
44044496.00, -94.28, -91.41
44052124.00, -98.51, -89.80
44059752.00, -90.28, -91.84
44067384.00, -91.92, -89.13
44075012.00, -92.76, -88.06
44082640.00, -89.09, -87.27
44090272.00, -93.47, -91.48
44097900.00, -90.36, -91.44
44105528.00, -92.62, -92.11
44113160.00, -93.25, -92.35
44120788.00, -92.87, -90.68
44128416.00, -90.35, -93.95
44136048.00, -90.87, -92.83
44143676.00, -90.57, -95.96
44151308.00, -90.69, -90.74
44158936.00, -89.32, -89.82
44166564.00, -91.25, -92.17
44174196.00, -95.51, -90.42
44181824.00, -89.85, -90.13
44189452.00, -92.65, -91.22
44197084.00, -92.70, -90.95
44204712.00, -91.65, -89.21
44212340.00, -91.10, -90.67
44219972.00, -90.30, -90.18
44227600.00, -89.79, -91.26
44235228.00, -92.30, -91.74
44242860.00, -93.54, -92.42
44250488.00, -91.61, -89.92
44258116.00, -90.68, -90.85
44265748.00, -91.38, -91.45
44273376.00, -94.99, -89.88
44281004.00, -93.61, -90.53
44288636.00, -91.69, -90.96
44296264.00, -92.82, -91.84
44303896.00, -92.83, -91.06
44311524.00, -93.79, -90.64
44319152.00, -90.18, -91.91
44326784.00, -92.11, -91.46
44334412.00, -93.40, -90.40
44342040.00, -92.33, -88.63
44349672.00, -96.01, -93.00
44357300.00, -94.00, -90.89
44364928.00, -91.21, -89.72
44372560.00, -92.16, -90.42
44380188.00, -92.66, -93.07
44387816.00, -91.94, -91.44
44395448.00, -91.38, -91.59
44403076.00, -91.50, -91.16
44410704.00, -93.50, -92.50
44418336.00, -90.97, -91.46
44425964.00, -92.31, -91.76
44433592.00, -93.10, -90.05
44441224.00, -88.85, -89.63
44448852.00, -88.95, -91.96
44456480.00, -90.83, -90.11
44464112.00, -90.43, -91.23
44471740.00, -93.15, -91.19
44479372.00, -95.56, -92.66
44487000.00, -93.30, -91.01
44494628.00, -92.83, -90.05
44502260.00, -91.48, -90.96
44509888.00, -90.46, -93.49
44517516.00, -89.85, -91.31
44525148.00, -93.26, -93.80
44532776.00, -93.92, -93.04
44540404.00, -96.21, -92.38
44548036.00, -95.69, -91.95
44555664.00, -92.26, -91.89
44563292.00, -91.58, -92.52
44570924.00, -95.08, -89.99
44578552.00, -96.11, -89.58
44586180.00, -93.77, -90.69
44593812.00, -95.65, -93.61
44601440.00, -91.76, -90.53
44609068.00, -90.71, -95.77
44616700.00, -91.14, -93.74
44624328.00, -91.16, -93.40
44631960.00, -91.27, -91.24
44639588.00, -87.84, -91.57
44647216.00, -91.52, -89.86
44654848.00, -91.64, -91.45
44662476.00, -89.84, -94.72
44670104.00, -93.70, -88.82
44677736.00, -92.60, -88.64
44685364.00, -91.11, -94.90
44692992.00, -93.20, -94.87
44700624.00, -91.54, -90.56
44708252.00, -94.63, -90.32
44715880.00, -94.61, -89.82
44723512.00, -91.96, -93.34
44731140.00, -90.79, -91.68
44738768.00, -91.03, -88.67
44746400.00, -92.36, -90.52
44754028.00, -91.81, -93.99
44761656.00, -95.70, -91.65
44769288.00, -90.97, -89.45
44776916.00, -90.95, -89.56
44784544.00, -94.13, -89.56
44792176.00, -95.45, -92.24
44799804.00, -93.04, -90.40
44807436.00, -89.33, -90.63
44815064.00, -88.63, -93.25
44822692.00, -89.99, -91.10
44830324.00, -90.38, -90.67
44837952.00, -90.40, -88.93
44845580.00, -88.34, -90.29
44853212.00, -90.37, -91.54
44860840.00, -90.89, -91.06
44868468.00, -91.56, -90.24
44876100.00, -90.75, -90.24
44883728.00, -91.80, -94.66
44891356.00, -88.64, -90.16
44898988.00, -91.02, -89.55
44906616.00, -92.16, -88.87
44914244.00, -92.33, -94.25
44921876.00, -91.54, -93.03
44929504.00, -91.73, -90.14
44937132.00, -90.29, -91.83
44944764.00, -91.90, -93.01
44952392.00, -89.23, -88.77
44960020.00, -92.81, -90.79
44967652.00, -91.65, -90.44
44975280.00, -90.48, -89.44
44982912.00, -91.57, -88.91
44990540.00, -91.44, -90.78
44998168.00, -89.57, -93.43
45005800.00, -91.18, -90.88
45013428.00, -91.29, -90.75
45021056.00, -94.03, -91.46
45028688.00, -93.61, -95.62
45036316.00, -92.87, -94.78
45043944.00, -91.00, -91.15
45051576.00, -91.97, -92.87
45059204.00, -95.21, -95.77
45066832.00, -90.43, -94.11
45074464.00, -89.62, -89.26
45082092.00, -88.32, -89.86
45089720.00, -89.16, -93.76
45097352.00, -91.67, -89.16
45104980.00, -93.02, -89.51
45112608.00, -93.84, -89.77
45120240.00, -91.77, -89.86
45127868.00, -92.39, -88.52
45135500.00, -89.55, -89.16
45143128.00, -91.13, -90.56
45150756.00, -90.36, -91.59
45158388.00, -93.93, -91.72
45166016.00, -90.88, -90.95
45173644.00, -89.37, -92.02
45181276.00, -89.40, -92.96
45188904.00, -92.80, -94.24
45196532.00, -95.98, -94.58
45204164.00, -91.17, -91.50
45211792.00, -91.79, -94.02
45219420.00, -90.86, -90.79
45227052.00, -94.05, -89.89
45234680.00, -90.31, -91.43
45242308.00, -90.79, -89.46
45249940.00, -89.81, -89.18
45257568.00, -89.91, -92.67
45265196.00, -91.73, -94.44
45272828.00, -94.17, -92.64
45280456.00, -94.83, -90.26
45288084.00, -91.89, -89.48
45295716.00, -93.26, -90.08
45303344.00, -91.50, -91.49
45310976.00, -92.85, -89.54
45318604.00, -91.63, -91.92
45326232.00, -94.77, -93.56
45333864.00, -90.10, -92.65
45341492.00, -92.53, -91.76
45349120.00, -92.67, -91.60
45356752.00, -90.12, -93.19
45364380.00, -89.98, -91.97
45372008.00, -91.83, -89.53
45379640.00, -91.02, -89.93
45387268.00, -92.86, -91.10
45394896.00, -96.27, -90.97
45402528.00, -89.81, -91.94
45410156.00, -89.04, -89.77
45417784.00, -92.80, -90.38
45425416.00, -91.76, -91.58
45433044.00, -90.16, -91.58
45440672.00, -89.68, -95.36
45448304.00, -92.36, -94.04
45455932.00, -88.46, -95.37
45463564.00, -89.02, -98.34
45471192.00, -91.71, -92.72
45478820.00, -91.13, -89.70
45486452.00, -89.24, -89.30
45494080.00, -89.23, -90.92
45501708.00, -92.76, -92.17
45509340.00, -93.41, -92.95
45516968.00, -94.21, -92.66
45524596.00, -94.49, -92.20
45532228.00, -94.21, -93.03
45539856.00, -91.73, -94.19
45547484.00, -94.74, -93.35
45555116.00, -92.15, -92.57
45562744.00, -92.02, -91.48
45570372.00, -89.76, -93.46
45578004.00, -91.07, -91.91
45585632.00, -93.46, -93.02
45593260.00, -94.36, -90.75
45600892.00, -93.60, -94.81
45608520.00, -90.91, -93.14
45616148.00, -93.13, -91.22
45623780.00, -92.62, -91.56
45631408.00, -88.93, -91.85
45639040.00, -92.08, -94.36
45646668.00, -92.79, -90.50
45654296.00, -91.49, -89.19
45661928.00, -90.06, -90.40
45669556.00, -91.82, -89.95
45677184.00, -92.80, -89.02
45684816.00, -92.32, -94.62
45692444.00, -89.48, -95.82
45700072.00, -89.92, -92.08
45707704.00, -91.95, -89.44
45715332.00, -92.89, -90.62
45722960.00, -91.02, -89.80
45730592.00, -95.26, -90.04
45738220.00, -92.25, -90.58
45745848.00, -91.29, -90.95
45753480.00, -90.25, -93.15
45761108.00, -92.35, -95.90
45768736.00, -90.13, -91.32
45776368.00, -92.64, -90.06
45783996.00, -91.49, -91.92
45791624.00, -91.78, -91.34
45799256.00, -91.25, -91.45
45806884.00, -93.15, -92.94
45814516.00, -95.87, -92.28
45822144.00, -92.16, -91.45
45829772.00, -93.82, -93.02
45837404.00, -91.25, -91.58
45845032.00, -90.80, -92.10
45852660.00, -90.32, -95.49
45860292.00, -88.82, -93.03
45867920.00, -94.87, -90.85
45875548.00, -91.79, -93.51
45883180.00, -91.99, -91.01
45890808.00, -93.93, -91.03
45898436.00, -92.18, -90.89
45906068.00, -96.78, -94.12
45913696.00, -95.45, -92.12
45921324.00, -90.16, -91.07
45928956.00, -92.07, -93.87
45936584.00, -90.26, -91.22
45944212.00, -93.26, -92.38
45951844.00, -92.32, -93.57
45959472.00, -93.80, -93.26
45967104.00, -95.32, -94.25
45974732.00, -93.92, -92.87
45982360.00, -93.90, -90.26
45989992.00, -89.48, -91.08
45997620.00, -90.14, -92.21
46005248.00, -92.89, -91.91
46012880.00, -95.72, -90.54
46020508.00, -89.37, -89.09
46028136.00, -93.32, -87.76
46035768.00, -92.62, -91.45
46043396.00, -90.33, -94.11
46051024.00, -95.27, -94.44
46058656.00, -93.55, -91.52
46066284.00, -92.56, -92.23
46073912.00, -92.72, -93.11
46081544.00, -93.50, -92.35
46089172.00, -92.42, -91.56
46096800.00, -94.65, -91.95
46104432.00, -91.92, -90.32
46112060.00, -92.85, -91.42
46119688.00, -93.06, -92.69
46127320.00, -92.82, -92.22
46134948.00, -89.27, -89.39
46142580.00, -91.63, -90.06
46150208.00, -94.73, -94.85
46157836.00, -90.78, -90.51
46165468.00, -91.63, -91.38
46173096.00, -92.81, -89.77
46180724.00, -93.31, -90.30
46188356.00, -91.78, -92.14
46195984.00, -94.22, -90.81
46203612.00, -94.03, -89.53
46211244.00, -91.31, -92.35
46218872.00, -91.99, -93.84
46226500.00, -94.60, -91.79
46234132.00, -90.48, -91.46
46241760.00, -89.61, -95.01
46249388.00, -97.94, -92.62
46257020.00, -92.66, -90.16
46264648.00, -91.57, -90.55
46272276.00, -92.30, -95.59
46279908.00, -95.44, -93.82
46287536.00, -93.41, -95.75
46295168.00, -94.39, -94.10
46302796.00, -91.68, -93.33
46310424.00, -92.72, -88.85
46318056.00, -92.36, -90.09
46325684.00, -92.77, -91.54
46333312.00, -92.75, -91.22
46340944.00, -91.16, -90.22
46348572.00, -92.18, -92.52
46356200.00, -90.20, -92.40
46363832.00, -93.83, -88.77
46371460.00, -92.18, -90.04
46379088.00, -90.74, -93.56
46386720.00, -90.74, -89.79
46394348.00, -90.83, -92.51
46401976.00, -91.53, -92.19
46409608.00, -91.43, -91.53
46417236.00, -91.82, -90.87
46424864.00, -93.55, -91.18
46432496.00, -93.11, -89.78
46440124.00, -94.58, -90.89
46447752.00, -93.86, -90.51
46455384.00, -92.51, -89.59
46463012.00, -92.39, -89.55
46470644.00, -94.33, -91.15
46478272.00, -90.83, -90.76
46485900.00, -95.20, -89.44
46493532.00, -93.35, -91.12
46501160.00, -94.75, -94.70
46508788.00, -93.44, -91.52
46516420.00, -93.42, -89.54
46524048.00, -91.37, -90.52
46531676.00, -92.66, -90.03
46539308.00, -94.43, -91.99
46546936.00, -92.53, -90.42
46554564.00, -95.03, -89.47
46562196.00, -92.52, -90.25
46569824.00, -93.40, -94.31
46577452.00, -94.00, -90.86
46585084.00, -93.47, -91.86
46592712.00, -92.52, -91.91
46600340.00, -92.56, -90.56
46607972.00, -93.48, -89.22
46615600.00, -91.67, -90.71
46623228.00, -92.52, -92.66
46630860.00, -92.65, -92.73
46638488.00, -95.55, -92.69
46646120.00, -92.25, -92.45
46653748.00, -90.24, -89.57
46661376.00, -91.85, -91.50
46669008.00, -92.93, -93.91
46676636.00, -91.97, -91.18
46684264.00, -91.11, -89.55
46691896.00, -95.19, -94.58
46699524.00, -92.68, -91.91
46707152.00, -90.38, -91.61
46714784.00, -91.24, -90.49
46722412.00, -92.09, -91.60
46730040.00, -92.91, -92.55
46737672.00, -91.80, -92.06
46745300.00, -94.21, -90.59
46752928.00, -93.71, -91.87
46760560.00, -91.16, -93.53
46768188.00, -91.55, -89.72
46775816.00, -90.21, -90.96
46783448.00, -92.73, -92.54
46791076.00, -93.27, -92.58
46798708.00, -93.60, -88.70
46806336.00, -94.36, -89.44
46813964.00, -93.38, -90.51
46821596.00, -93.55, -89.94
46829224.00, -93.08, -90.40
46836852.00, -92.90, -94.63
46844484.00, -92.12, -91.27
46852112.00, -89.75, -89.64
46859740.00, -93.00, -90.76
46867372.00, -91.08, -92.15
46875000.00, -90.47, -90.87
46882628.00, -90.86, -91.73
46890260.00, -91.26, -91.52
46897888.00, -90.37, -92.35
46905516.00, -91.06, -93.29
46913148.00, -91.15, -92.60
46920776.00, -91.81, -92.13
46928404.00, -90.41, -92.87
46936036.00, -90.09, -91.58
46943664.00, -94.14, -90.75
46951292.00, -93.23, -91.96
46958924.00, -95.26, -89.68
46966552.00, -91.77, -90.23
46974184.00, -89.91, -91.39
46981812.00, -91.23, -89.97
46989440.00, -92.49, -90.74
46997072.00, -94.85, -95.69
47004700.00, -96.50, -93.28
47012328.00, -93.45, -91.13
47019960.00, -92.31, -94.57
47027588.00, -92.45, -92.52
47035216.00, -96.66, -88.92
47042848.00, -95.08, -92.44
47050476.00, -95.02, -92.59
47058104.00, -90.55, -89.66
47065736.00, -87.96, -90.93
47073364.00, -89.78, -92.63
47080992.00, -90.47, -91.15
47088624.00, -94.66, -90.36
47096252.00, -92.10, -89.73
47103880.00, -94.57, -92.18
47111512.00, -95.65, -91.59
47119140.00, -92.81, -92.68
47126772.00, -91.42, -91.72
47134400.00, -89.62, -89.54
47142028.00, -89.75, -91.43
47149660.00, -90.62, -93.39
47157288.00, -90.50, -96.75
47164916.00, -88.80, -94.49
47172548.00, -90.42, -91.82
47180176.00, -90.16, -93.02
47187804.00, -91.69, -93.58
47195436.00, -94.37, -93.99
47203064.00, -94.14, -89.91
47210692.00, -92.42, -90.44
47218324.00, -90.07, -92.03
47225952.00, -88.89, -89.50
47233580.00, -88.85, -91.50
47241212.00, -90.40, -93.92
47248840.00, -91.56, -90.71
47256468.00, -92.63, -91.12
47264100.00, -93.41, -93.16
47271728.00, -90.67, -90.87
47279356.00, -90.27, -91.42
47286988.00, -92.72, -92.15
47294616.00, -92.73, -88.92
47302248.00, -92.98, -89.43
47309876.00, -92.28, -90.68
47317504.00, -91.23, -94.30
47325136.00, -91.07, -95.80
47332764.00, -92.15, -91.82
47340392.00, -91.06, -93.35
47348024.00, -93.64, -92.56
47355652.00, -94.40, -92.57
47363280.00, -93.66, -89.78
47370912.00, -93.37, -91.10
47378540.00, -92.17, -94.11
47386168.00, -93.48, -94.57
47393800.00, -91.33, -94.00
47401428.00, -89.99, -90.50
47409056.00, -90.71, -91.02
47416688.00, -90.08, -86.28
47424316.00, -91.44, -88.99
47431944.00, -91.95, -91.80
47439576.00, -91.40, -91.03
47447204.00, -92.94, -92.20
47454832.00, -91.43, -89.75
47462464.00, -89.46, -91.64
47470092.00, -90.45, -90.43
47477724.00, -90.81, -92.28
47485352.00, -94.65, -93.30
47492980.00, -97.40, -92.01
47500612.00, -93.37, -91.98
47508240.00, -94.51, -93.06
47515868.00, -93.29, -92.88
47523500.00, -95.47, -91.85
47531128.00, -92.32, -94.69
47538756.00, -92.27, -95.02
47546388.00, -91.43, -96.81
47554016.00, -92.10, -94.16
47561644.00, -95.68, -93.88
47569276.00, -94.15, -91.21
47576904.00, -93.82, -93.35
47584532.00, -91.97, -92.33
47592164.00, -90.03, -90.72
47599792.00, -94.75, -89.23
47607420.00, -95.52, -91.63
47615052.00, -95.51, -91.51
47622680.00, -92.64, -92.70
47630312.00, -93.15, -90.43
47637940.00, -94.04, -90.06
47645568.00, -93.51, -91.23
47653200.00, -94.28, -93.67
47660828.00, -93.90, -92.68
47668456.00, -91.56, -90.75
47676088.00, -96.58, -91.01
47683716.00, -91.04, -93.25
47691344.00, -90.93, -95.74
47698976.00, -90.24, -92.73
47706604.00, -91.77, -90.39
47714232.00, -95.68, -93.03
47721864.00, -93.67, -93.07
47729492.00, -91.31, -91.54
47737120.00, -91.95, -89.95
47744752.00, -92.06, -88.33
47752380.00, -90.54, -91.17
47760008.00, -89.01, -90.51
47767640.00, -89.55, -92.19
47775268.00, -94.72, -92.16
47782896.00, -90.51, -90.37
47790528.00, -90.84, -92.39
47798156.00, -90.01, -90.53
47805788.00, -93.28, -90.20
47813416.00, -94.35, -89.22
47821044.00, -94.15, -95.13
47828676.00, -89.52, -91.46
47836304.00, -90.10, -92.88
47843932.00, -96.77, -92.97
47851564.00, -92.11, -95.75
47859192.00, -90.82, -94.86
47866820.00, -92.12, -93.84
47874452.00, -91.27, -94.44
47882080.00, -91.39, -93.95
47889708.00, -89.44, -93.71
47897340.00, -90.39, -91.02
47904968.00, -94.35, -91.09
47912596.00, -97.40, -92.98
47920228.00, -91.59, -91.58
47927856.00, -91.97, -90.43
47935484.00, -91.34, -93.11
47943116.00, -90.56, -91.73
47950744.00, -92.80, -90.74
47958376.00, -91.32, -91.98
47966004.00, -88.85, -92.10
47973632.00, -94.06, -92.78
47981264.00, -94.78, -92.16
47988892.00, -89.21, -92.62
47996520.00, -90.53, -91.24
48004152.00, -90.30, -92.68
48011780.00, -91.69, -87.33
48019408.00, -90.78, -91.04
48027040.00, -94.84, -91.13
48034668.00, -93.14, -95.14
48042296.00, -93.81, -91.39
48049928.00, -90.18, -91.57
48057556.00, -90.03, -93.10
48065184.00, -91.12, -96.63
48072816.00, -91.57, -91.24
48080444.00, -93.16, -90.80
48088072.00, -93.02, -93.01
48095704.00, -91.88, -93.05
48103332.00, -92.43, -91.63
48110960.00, -92.91, -90.40
48118592.00, -91.86, -92.46
48126220.00, -93.87, -90.09
48133852.00, -95.11, -92.75
48141480.00, -93.53, -93.54
48149108.00, -91.90, -91.25
48156740.00, -88.35, -89.56
48164368.00, -90.24, -93.61
48171996.00, -91.80, -89.93
48179628.00, -93.36, -92.39
48187256.00, -93.73, -93.78
48194884.00, -90.57, -92.22
48202516.00, -92.36, -90.53
48210144.00, -92.83, -88.92
48217772.00, -92.43, -92.41
48225404.00, -94.07, -92.01
48233032.00, -95.49, -91.64
48240660.00, -94.69, -90.99
48248292.00, -91.59, -89.27
48255920.00, -90.74, -90.34
48263548.00, -91.83, -91.93
48271180.00, -91.00, -94.05
48278808.00, -92.29, -91.22
48286436.00, -93.06, -89.83
48294068.00, -89.65, -93.27
48301696.00, -89.71, -94.20
48309328.00, -92.53, -92.45
48316956.00, -91.01, -91.63
48324584.00, -89.04, -92.30
48332216.00, -91.67, -93.81
48339844.00, -94.03, -92.39
48347472.00, -93.21, -90.94
48355104.00, -98.06, -92.72
48362732.00, -95.42, -91.50
48370360.00, -93.70, -89.65
48377992.00, -90.61, -91.16
48385620.00, -90.39, -90.79
48393248.00, -89.41, -93.74
48400880.00, -89.51, -89.37
48408508.00, -92.84, -89.63
48416136.00, -96.30, -92.12
48423768.00, -95.78, -91.11
48431396.00, -90.69, -92.72
48439024.00, -92.27, -89.78
48446656.00, -91.98, -89.88
48454284.00, -89.82, -92.00
48461916.00, -92.95, -92.93
48469544.00, -91.95, -92.21
48477172.00, -92.60, -92.82
48484804.00, -90.44, -92.42
48492432.00, -93.41, -89.50
48500060.00, -92.44, -89.30
48507692.00, -91.96, -90.29
48515320.00, -96.26, -92.49
48522948.00, -94.24, -94.30
48530580.00, -92.10, -91.27
48538208.00, -89.26, -90.77
48545836.00, -92.80, -93.31
48553468.00, -93.27, -92.62
48561096.00, -90.70, -91.53
48568724.00, -89.90, -93.08
48576356.00, -94.41, -95.01
48583984.00, -90.15, -93.74
48591612.00, -90.59, -94.14
48599244.00, -89.66, -92.32
48606872.00, -91.84, -90.94
48614500.00, -92.83, -89.10
48622132.00, -92.95, -91.50
48629760.00, -90.59, -90.95
48637392.00, -90.29, -94.11
48645020.00, -89.49, -94.76
48652648.00, -89.82, -91.67
48660280.00, -89.93, -90.23
48667908.00, -90.39, -90.29
48675536.00, -90.92, -94.48
48683168.00, -90.92, -91.91
48690796.00, -91.05, -92.24
48698424.00, -91.39, -90.63
48706056.00, -91.45, -93.34
48713684.00, -91.28, -92.19
48721312.00, -92.94, -90.37
48728944.00, -91.36, -92.96
48736572.00, -89.81, -91.75
48744200.00, -89.27, -92.62
48751832.00, -90.10, -95.14
48759460.00, -94.44, -94.11
48767088.00, -96.91, -93.31
48774720.00, -96.77, -92.19
48782348.00, -93.64, -94.13
48789980.00, -96.79, -90.97
48797608.00, -91.61, -90.93
48805236.00, -90.60, -91.36
48812868.00, -94.02, -95.64
48820496.00, -90.79, -93.26
48828124.00, -94.76, -93.89
48835756.00, -91.77, -92.39
48843384.00, -93.43, -92.11
48851012.00, -95.13, -90.84
48858644.00, -94.31, -91.07
48866272.00, -94.83, -91.04
48873900.00, -93.45, -90.54
48881532.00, -91.57, -92.69
48889160.00, -91.36, -90.65
48896788.00, -92.69, -91.77
48904420.00, -92.83, -93.45
48912048.00, -92.77, -90.82
48919676.00, -92.68, -93.11
48927308.00, -92.85, -91.46
48934936.00, -92.62, -93.93
48942564.00, -91.65, -95.59
48950196.00, -94.88, -94.85
48957824.00, -92.34, -92.56
48965456.00, -90.93, -92.06
48973084.00, -93.74, -90.98
48980712.00, -93.87, -91.67
48988344.00, -93.57, -97.52
48995972.00, -93.65, -94.80
49003600.00, -92.72, -90.58
49011232.00, -93.51, -92.93
49018860.00, -90.50, -92.45
49026488.00, -91.67, -91.20
49034120.00, -91.59, -90.25
49041748.00, -92.30, -91.37
49049376.00, -92.81, -91.96
49057008.00, -90.36, -93.00
49064636.00, -90.89, -89.92
49072264.00, -93.49, -91.23
49079896.00, -91.73, -91.91
49087524.00, -90.97, -90.42
49095152.00, -89.10, -91.93
49102784.00, -94.68, -91.17
49110412.00, -93.65, -89.95
49118040.00, -95.12, -90.27
49125672.00, -93.85, -90.42
49133300.00, -93.77, -91.70
49140932.00, -95.25, -91.62
49148560.00, -91.50, -94.43
49156188.00, -90.53, -91.95
49163820.00, -91.21, -91.83
49171448.00, -94.36, -92.44
49179076.00, -92.02, -93.16
49186708.00, -90.99, -92.12
49194336.00, -91.66, -92.69
49201964.00, -93.53, -91.59
49209596.00, -94.07, -93.19
49217224.00, -90.48, -91.91
49224852.00, -88.84, -92.04
49232484.00, -91.89, -93.42
49240112.00, -93.85, -90.87
49247740.00, -89.70, -90.78
49255372.00, -89.78, -92.23
49263000.00, -91.76, -92.41
49270628.00, -93.70, -92.06
49278260.00, -94.72, -93.67
49285888.00, -92.82, -91.13
49293520.00, -93.18, -91.88
49301148.00, -92.23, -91.24
49308776.00, -92.98, -91.94
49316408.00, -91.75, -92.77
49324036.00, -93.55, -91.37
49331664.00, -90.79, -91.45
49339296.00, -88.14, -92.80
49346924.00, -89.31, -92.61
49354552.00, -91.05, -89.70
49362184.00, -91.20, -90.15
49369812.00, -90.99, -91.44
49377440.00, -91.73, -96.14
49385072.00, -88.28, -96.03
49392700.00, -89.53, -92.38
49400328.00, -88.90, -94.07
49407960.00, -91.41, -90.09
49415588.00, -92.05, -91.87
49423216.00, -93.06, -90.98
49430848.00, -93.40, -92.71
49438476.00, -92.79, -94.47
49446104.00, -91.01, -94.12
49453736.00, -92.76, -89.33
49461364.00, -93.18, -88.48
49468996.00, -95.15, -93.06
49476624.00, -91.10, -92.06
49484252.00, -94.47, -93.85
49491884.00, -95.01, -91.30
49499512.00, -91.47, -90.06
49507140.00, -91.58, -92.44
49514772.00, -92.14, -92.56
49522400.00, -92.77, -92.79
49530028.00, -90.15, -91.58
49537660.00, -90.21, -94.81
49545288.00, -93.46, -91.89
49552916.00, -92.23, -92.71
49560548.00, -91.10, -91.29
49568176.00, -92.32, -92.95
49575804.00, -89.62, -91.01
49583436.00, -89.20, -89.78
49591064.00, -91.32, -89.22
49598692.00, -90.97, -92.35
49606324.00, -88.90, -93.32
49613952.00, -88.58, -94.70
49621584.00, -92.30, -92.21
49629212.00, -91.39, -93.27
49636840.00, -92.31, -94.32
49644472.00, -94.74, -93.60
49652100.00, -90.57, -96.82
49659728.00, -87.35, -95.11
49667360.00, -90.97, -92.30
49674988.00, -95.42, -91.82
49682616.00, -91.05, -92.74
49690248.00, -91.27, -90.81
49697876.00, -93.39, -95.65
49705504.00, -92.93, -95.03
49713136.00, -90.98, -93.42
49720764.00, -94.09, -90.20
49728392.00, -92.09, -90.73
49736024.00, -92.43, -94.22
49743652.00, -93.10, -92.96
49751280.00, -90.55, -89.97
49758912.00, -92.14, -90.86
49766540.00, -94.55, -91.81
49774168.00, -93.11, -91.40
49781800.00, -92.56, -91.14
49789428.00, -92.26, -94.43
49797060.00, -93.19, -95.17
49804688.00, -95.71, -92.17
49812316.00, -91.66, -91.35
49819948.00, -91.42, -89.69
49827576.00, -92.81, -90.53
49835204.00, -91.04, -92.82
49842836.00, -89.62, -92.37
49850464.00, -94.02, -92.78
49858092.00, -94.49, -92.17
49865724.00, -95.76, -91.58
49873352.00, -94.02, -92.50
49880980.00, -91.24, -89.92
49888612.00, -96.99, -93.72
49896240.00, -94.64, -94.89
49903868.00, -90.85, -92.01
49911500.00, -90.20, -96.06
49919128.00, -92.27, -93.39
49926756.00, -92.73, -94.28
49934388.00, -95.26, -92.33
49942016.00, -94.06, -92.69
49949644.00, -92.94, -90.25
49957276.00, -95.14, -92.10
49964904.00, -93.17, -93.05
49972536.00, -91.41, -93.15
49980164.00, -91.33, -90.64
49987792.00, -91.05, -93.01
49995424.00, -94.10, -89.73
50003052.00, -91.64, -92.31
50010680.00, -90.77, -95.00
50018312.00, -91.92, -96.49
50025940.00, -91.25, -89.43
50033568.00, -90.16, -91.48
50041200.00, -90.16, -92.56
50048828.00, -92.43, -91.38
50056456.00, -91.08, -92.08
50064088.00, -93.89, -93.44
50071716.00, -93.14, -93.34
50079344.00, -91.76, -97.82
50086976.00, -91.37, -93.80
50094604.00, -91.60, -93.98
50102232.00, -90.62, -92.37
50109864.00, -91.14, -88.92
50117492.00, -91.44, -90.03
50125124.00, -92.93, -94.95
50132752.00, -96.71, -94.20
50140380.00, -93.46, -89.36
50148012.00, -93.54, -90.23
50155640.00, -94.06, -91.45
50163268.00, -92.27, -95.49
50170900.00, -91.89, -95.09
50178528.00, -89.52, -92.72
50186156.00, -93.22, -91.11
50193788.00, -91.22, -91.08
50201416.00, -89.16, -91.44
50209044.00, -94.09, -96.55
50216676.00, -95.71, -93.40
50224304.00, -92.91, -91.40
50231932.00, -90.24, -91.40
50239564.00, -89.93, -92.30
50247192.00, -92.14, -93.20
50254820.00, -90.67, -95.48
50262452.00, -91.25, -90.92
50270080.00, -90.57, -90.94
50277708.00, -90.71, -91.35
50285340.00, -92.17, -92.38
50292968.00, -94.25, -93.76
50300600.00, -92.83, -95.80
50308228.00, -91.73, -93.27
50315856.00, -91.70, -91.35
50323488.00, -90.45, -94.37
50331116.00, -91.14, -94.43
50338744.00, -90.06, -91.82
50346376.00, -92.88, -91.17
50354004.00, -91.98, -92.78
50361632.00, -90.70, -93.57
50369264.00, -96.30, -92.97
50376892.00, -93.80, -91.39
50384520.00, -93.59, -94.67
50392152.00, -93.43, -93.06
50399780.00, -91.47, -90.41
50407408.00, -95.25, -88.19
50415040.00, -94.72, -88.05
50422668.00, -91.42, -89.90
50430296.00, -94.06, -89.08
50437928.00, -93.66, -90.31
50445556.00, -92.06, -89.79
50453188.00, -91.38, -94.87
50460816.00, -93.39, -90.50
50468444.00, -90.03, -90.61
50476076.00, -93.16, -90.77
50483704.00, -91.95, -92.39
50491332.00, -93.09, -89.75
50498964.00, -90.52, -89.33
50506592.00, -92.10, -92.50
50514220.00, -92.20, -92.96
50521852.00, -92.73, -94.12
50529480.00, -91.27, -92.00
50537108.00, -92.81, -92.66
50544740.00, -90.52, -94.52
50552368.00, -90.43, -93.57
50559996.00, -90.94, -97.29
50567628.00, -93.53, -91.29
50575256.00, -91.03, -93.53
50582884.00, -88.72, -97.81
50590516.00, -92.39, -94.03
50598144.00, -89.74, -91.66
50605772.00, -90.02, -92.90
50613404.00, -92.36, -92.89
50621032.00, -90.38, -93.97
50628664.00, -91.08, -90.40
50636292.00, -90.56, -90.53
50643920.00, -87.93, -89.61
50651552.00, -90.23, -91.88
50659180.00, -90.19, -94.59
50666808.00, -91.74, -92.05
50674440.00, -91.17, -93.24
50682068.00, -92.23, -94.57
50689696.00, -93.86, -91.66
50697328.00, -93.76, -92.58
50704956.00, -94.56, -91.90
50712584.00, -92.83, -93.13
50720216.00, -89.67, -89.48
50727844.00, -89.37, -90.05
50735472.00, -92.63, -91.41
50743104.00, -94.28, -91.03
50750732.00, -91.65, -93.17
50758360.00, -91.65, -93.88
50765992.00, -93.93, -92.25
50773620.00, -93.29, -93.72
50781248.00, -94.70, -93.82
50788880.00, -92.43, -92.80
50796508.00, -92.95, -94.05
50804140.00, -91.97, -90.90
50811768.00, -92.80, -92.29
50819396.00, -91.02, -92.39
50827028.00, -89.81, -92.88
50834656.00, -89.74, -92.00
50842284.00, -91.19, -91.21
50849916.00, -93.12, -91.70
50857544.00, -92.98, -89.82
50865172.00, -93.36, -89.23
50872804.00, -92.70, -90.83
50880432.00, -92.21, -93.82
50888060.00, -94.70, -92.18
50895692.00, -94.77, -89.96
50903320.00, -90.86, -92.26
50910948.00, -90.23, -91.98
50918580.00, -97.05, -90.47
50926208.00, -93.41, -91.86
50933836.00, -90.78, -94.03
50941468.00, -90.08, -93.62
50949096.00, -90.57, -93.96
50956728.00, -92.44, -91.57
50964356.00, -91.89, -92.50
50971984.00, -93.54, -96.09
50979616.00, -92.51, -90.13
50987244.00, -91.04, -92.62
50994872.00, -91.08, -91.79
51002504.00, -91.65, -91.23
51010132.00, -93.66, -92.48
51017760.00, -91.54, -95.41
51025392.00, -91.69, -93.09
51033020.00, -93.05, -93.28
51040648.00, -92.52, -92.89
51048280.00, -92.57, -92.80
51055908.00, -94.09, -93.06
51063536.00, -94.53, -93.31
51071168.00, -92.08, -92.75
51078796.00, -92.74, -91.28
51086424.00, -92.81, -90.91
51094056.00, -92.01, -92.69
51101684.00, -91.97, -91.63
51109312.00, -91.62, -94.44
51116944.00, -89.48, -91.63
51124572.00, -91.86, -93.24
51132204.00, -92.15, -93.78
51139832.00, -92.76, -90.38
51147460.00, -90.22, -89.59
51155092.00, -89.58, -89.81
51162720.00, -90.93, -92.90
51170348.00, -93.50, -91.05
51177980.00, -89.05, -91.79
51185608.00, -89.79, -90.91
51193236.00, -94.03, -90.05
51200868.00, -90.03, -91.42
51208496.00, -93.44, -91.94
51216124.00, -93.13, -94.12
51223756.00, -91.05, -88.72
51231384.00, -92.96, -87.23
51239012.00, -90.89, -88.33
51246644.00, -92.50, -88.68
51254272.00, -90.68, -91.95
51261900.00, -93.02, -94.35
51269532.00, -91.46, -93.47
51277160.00, -93.42, -94.37
51284792.00, -95.48, -94.00
51292420.00, -91.39, -91.83
51300048.00, -89.79, -91.17
51307680.00, -92.04, -92.61
51315308.00, -93.72, -92.97
51322936.00, -95.09, -94.26
51330568.00, -91.21, -92.01
51338196.00, -90.88, -92.70
51345824.00, -89.32, -97.33
51353456.00, -91.91, -92.46
51361084.00, -91.77, -92.61
51368712.00, -91.52, -92.64
51376344.00, -91.80, -94.59
51383972.00, -92.44, -92.20
51391600.00, -91.78, -93.18
51399232.00, -92.57, -92.95
51406860.00, -94.68, -92.32
51414488.00, -96.06, -90.51
51422120.00, -94.12, -90.61
51429748.00, -92.28, -92.46
51437376.00, -92.84, -90.95
51445008.00, -87.09, -92.94
51452636.00, -88.17, -91.32
51460268.00, -90.47, -91.32
51467896.00, -96.72, -89.93
51475524.00, -95.17, -90.12
51483156.00, -93.78, -91.58
51490784.00, -89.80, -91.70
51498412.00, -91.07, -91.96
51506044.00, -91.81, -94.63
51513672.00, -93.40, -96.05
51521300.00, -90.42, -92.03
51528932.00, -88.97, -92.04
51536560.00, -88.54, -90.00
51544188.00, -96.21, -88.84
51551820.00, -91.96, -91.03
51559448.00, -91.07, -92.04
51567076.00, -92.39, -94.53
51574708.00, -92.05, -91.87
51582336.00, -93.10, -91.47
51589964.00, -92.21, -91.31
51597596.00, -92.47, -89.54
51605224.00, -92.15, -93.96
51612856.00, -91.50, -93.05
51620484.00, -92.55, -92.96
51628112.00, -90.55, -93.46
51635744.00, -89.30, -90.76
51643372.00, -91.84, -90.71
51651000.00, -91.08, -93.40
51658632.00, -91.72, -94.56
51666260.00, -92.34, -91.00
51673888.00, -90.82, -93.17
51681520.00, -90.96, -91.08
51689148.00, -91.92, -93.71
51696776.00, -92.92, -94.66
51704408.00, -91.25, -93.86
51712036.00, -95.53, -93.39
51719664.00, -95.23, -94.25
51727296.00, -90.06, -96.97
51734924.00, -90.90, -93.16
51742552.00, -90.91, -91.01
51750184.00, -93.90, -91.48
51757812.00, -90.61, -92.35
51765440.00, -93.51, -90.78
51773072.00, -92.20, -89.12
51780700.00, -91.15, -88.81
51788332.00, -94.92, -90.77
51795960.00, -94.27, -93.80
51803588.00, -91.42, -93.74
51811220.00, -92.38, -94.34
51818848.00, -91.04, -92.56
51826476.00, -93.65, -92.61
51834108.00, -92.51, -93.09
51841736.00, -92.65, -94.01
51849364.00, -93.88, -90.56
51856996.00, -91.70, -91.26
51864624.00, -88.62, -91.43
51872252.00, -89.43, -94.65
51879884.00, -92.13, -91.86
51887512.00, -90.90, -90.19
51895140.00, -91.16, -92.06
51902772.00, -91.43, -93.55
51910400.00, -93.57, -90.24
51918028.00, -91.85, -90.44
51925660.00, -92.30, -91.76
51933288.00, -93.20, -92.75
51940916.00, -92.23, -93.17
51948548.00, -93.96, -94.41
51956176.00, -91.29, -96.75
51963808.00, -91.99, -91.82
51971436.00, -93.08, -92.37
51979064.00, -90.24, -92.30
51986696.00, -90.54, -92.80
51994324.00, -93.52, -93.03
52001952.00, -90.91, -92.61
52009584.00, -94.75, -92.94
52017212.00, -93.00, -93.29
52024840.00, -90.64, -95.72
52032472.00, -87.93, -94.70
52040100.00, -89.82, -96.61
52047728.00, -90.89, -91.66
52055360.00, -92.66, -89.73
52062988.00, -92.48, -90.53
52070616.00, -93.21, -91.76
52078248.00, -91.09, -90.69
52085876.00, -89.38, -95.84
52093504.00, -93.77, -90.29
52101136.00, -90.95, -91.34
52108764.00, -92.29, -91.16
52116396.00, -90.89, -91.19
52124024.00, -93.64, -91.32
52131652.00, -92.64, -90.95
52139284.00, -93.55, -91.83
52146912.00, -94.95, -92.95
52154540.00, -89.43, -90.76
52162172.00, -90.28, -92.85
52169800.00, -91.83, -94.68
52177428.00, -91.09, -94.98
52185060.00, -91.57, -93.60
52192688.00, -92.06, -96.74
52200316.00, -93.24, -93.30
52207948.00, -90.79, -91.29
52215576.00, -93.74, -90.19
52223204.00, -92.83, -90.73
52230836.00, -93.07, -89.87
52238464.00, -92.92, -92.56
52246092.00, -91.41, -95.70
52253724.00, -88.27, -91.29
52261352.00, -88.44, -90.23
52268980.00, -92.57, -91.49
52276612.00, -92.04, -90.23
52284240.00, -90.12, -92.34
52291872.00, -88.41, -92.55
52299500.00, -88.48, -91.22
52307128.00, -89.92, -90.03
52314760.00, -92.48, -91.05
52322388.00, -94.24, -90.25
52330016.00, -92.22, -90.34
52337648.00, -92.66, -91.57
52345276.00, -91.08, -93.40
52352904.00, -91.05, -91.50
52360536.00, -91.49, -89.65
52368164.00, -88.75, -90.23
52375792.00, -88.14, -96.00
52383424.00, -89.23, -97.02
52391052.00, -91.33, -95.26
52398680.00, -93.19, -91.08
52406312.00, -94.54, -91.12
52413940.00, -93.30, -94.10
52421568.00, -93.70, -91.89
52429200.00, -91.45, -90.51
52436828.00, -89.77, -94.51
52444460.00, -91.38, -89.99
52452088.00, -95.65, -91.52
52459716.00, -94.86, -92.36
52467348.00, -91.18, -94.39
52474976.00, -92.01, -90.82
52482604.00, -93.18, -93.79
52490236.00, -93.74, -93.89
52497864.00, -94.39, -93.08
52505492.00, -91.78, -93.94
52513124.00, -89.05, -94.97
52520752.00, -91.95, -94.72
52528380.00, -92.04, -93.79
52536012.00, -93.33, -93.64
52543640.00, -90.76, -93.32
52551268.00, -91.58, -89.29
52558900.00, -94.78, -91.53
52566528.00, -95.59, -92.51
52574156.00, -95.63, -93.76
52581788.00, -92.55, -91.38
52589416.00, -93.38, -92.20
52597044.00, -89.95, -93.35
52604676.00, -90.35, -93.27
52612304.00, -92.04, -93.68
52619936.00, -92.97, -89.01
52627564.00, -92.83, -91.56
52635192.00, -89.95, -89.70
52642824.00, -89.70, -92.09
52650452.00, -90.71, -91.33
52658080.00, -90.97, -89.93
52665712.00, -91.76, -93.33
52673340.00, -89.36, -94.32
52680968.00, -93.35, -92.71
52688600.00, -91.93, -93.11
52696228.00, -91.05, -99.50
52703856.00, -91.37, -92.61
52711488.00, -93.93, -90.78
52719116.00, -92.64, -93.24
52726744.00, -93.79, -93.28
52734376.00, -90.49, -92.30
52742004.00, -91.56, -90.70
52749632.00, -94.07, -91.79
52757264.00, -92.31, -95.10
52764892.00, -90.59, -94.41
52772520.00, -91.59, -93.16
52780152.00, -95.35, -90.67
52787780.00, -95.10, -93.09
52795412.00, -94.37, -89.78
52803040.00, -95.19, -89.16
52810668.00, -95.28, -94.02
52818300.00, -91.51, -91.39
52825928.00, -93.06, -92.59
52833556.00, -91.38, -91.66
52841188.00, -92.07, -91.31
52848816.00, -92.51, -92.93
52856444.00, -92.24, -93.09
52864076.00, -91.53, -91.79
52871704.00, -92.22, -91.12
52879332.00, -90.10, -93.06
52886964.00, -93.03, -93.40
52894592.00, -91.28, -95.07
52902220.00, -91.54, -95.33
52909852.00, -91.25, -93.64
52917480.00, -92.29, -90.87
52925108.00, -94.83, -93.67
52932740.00, -92.92, -95.62
52940368.00, -89.56, -95.00
52948000.00, -90.09, -91.96
52955628.00, -91.87, -91.36
52963256.00, -92.56, -92.91
52970888.00, -94.23, -92.91
52978516.00, -92.04, -91.57
52986144.00, -90.15, -92.31
52993776.00, -92.82, -91.75
53001404.00, -91.48, -91.12
53009032.00, -89.80, -90.99
53016664.00, -89.70, -91.38
53024292.00, -89.42, -93.88
53031920.00, -91.54, -95.01
53039552.00, -91.07, -93.34
53047180.00, -92.47, -93.39
53054808.00, -94.87, -94.21
53062440.00, -92.45, -91.17
53070068.00, -92.75, -91.31
53077696.00, -94.38, -92.81
53085328.00, -92.70, -93.62
53092956.00, -92.56, -91.22
53100584.00, -95.44, -89.07
53108216.00, -91.23, -91.76
53115844.00, -89.33, -91.79
53123476.00, -91.65, -92.16
53131104.00, -90.78, -91.90
53138732.00, -90.43, -93.48
53146364.00, -92.76, -92.63
53153992.00, -90.81, -91.64
53161620.00, -91.66, -92.30
53169252.00, -93.94, -94.97
53176880.00, -92.87, -91.52
53184508.00, -92.60, -91.89
53192140.00, -93.58, -90.77
53199768.00, -93.24, -94.42
53207396.00, -92.57, -94.84
53215028.00, -93.47, -91.17
53222656.00, -92.56, -93.43
53230284.00, -91.19, -89.78
53237916.00, -90.37, -93.26
53245544.00, -92.30, -91.51
53253172.00, -89.98, -94.22
53260804.00, -91.96, -93.19
53268432.00, -91.94, -92.32
53276064.00, -93.22, -91.93
53283692.00, -91.53, -92.96
53291320.00, -91.05, -96.10
53298952.00, -90.82, -92.76
53306580.00, -93.18, -92.93
53314208.00, -91.75, -96.40
53321840.00, -92.86, -94.92
53329468.00, -95.56, -91.67
53337096.00, -92.99, -92.34
53344728.00, -93.74, -92.53
53352356.00, -94.02, -93.68
53359984.00, -92.04, -94.32
53367616.00, -94.66, -92.39
53375244.00, -94.75, -92.11
53382872.00, -93.47, -91.16
53390504.00, -94.37, -93.27
53398132.00, -90.35, -89.91
53405760.00, -88.69, -89.66
53413392.00, -88.51, -91.23
53421020.00, -93.54, -91.75
53428648.00, -93.49, -95.55
53436280.00, -89.67, -92.66
53443908.00, -91.78, -93.03
53451540.00, -92.71, -92.81
53459168.00, -92.67, -89.84
53466796.00, -93.00, -92.84
53474428.00, -91.23, -91.68
53482056.00, -89.89, -92.59
53489684.00, -91.97, -93.51
53497316.00, -93.04, -90.86
53504944.00, -92.31, -96.40
53512572.00, -91.93, -92.59
53520204.00, -91.95, -92.34
53527832.00, -91.89, -91.61
53535460.00, -92.32, -91.00
53543092.00, -91.58, -94.53
53550720.00, -90.48, -93.31
53558348.00, -91.75, -93.78
53565980.00, -95.97, -93.44
53573608.00, -92.78, -91.92
53581236.00, -91.24, -93.04
53588868.00, -92.84, -90.34
53596496.00, -93.22, -89.76
53604124.00, -91.72, -91.72
53611756.00, -91.08, -94.45
53619384.00, -92.48, -90.57
53627016.00, -92.44, -91.85
53634644.00, -92.71, -91.79
53642272.00, -93.73, -92.15
53649904.00, -94.60, -93.23
53657532.00, -90.50, -90.03
53665160.00, -88.73, -91.53
53672792.00, -95.11, -92.04
53680420.00, -91.37, -93.01
53688048.00, -90.21, -92.42
53695680.00, -89.21, -91.28
53703308.00, -89.88, -93.56
53710936.00, -94.33, -90.35
53718568.00, -93.32, -91.17
53726196.00, -92.73, -90.82
53733824.00, -89.73, -91.92
53741456.00, -91.62, -90.67
53749084.00, -91.73, -91.65
53756712.00, -92.10, -91.52
53764344.00, -92.73, -92.58
53771972.00, -95.23, -90.37
53779604.00, -90.80, -91.18
53787232.00, -94.24, -90.74
53794860.00, -95.45, -91.54
53802492.00, -93.23, -93.85
53810120.00, -92.91, -94.58
53817748.00, -90.88, -90.18
53825380.00, -90.04, -92.88
53833008.00, -91.98, -93.27
53840636.00, -90.83, -91.90
53848268.00, -93.67, -89.94
53855896.00, -93.74, -90.85
53863524.00, -95.09, -92.23
53871156.00, -92.07, -92.44
53878784.00, -90.02, -92.67
53886412.00, -89.40, -93.20
53894044.00, -92.18, -92.95
53901672.00, -92.68, -92.44
53909300.00, -94.02, -92.76
53916932.00, -92.99, -93.25
53924560.00, -91.03, -92.53
53932188.00, -91.26, -94.44
53939820.00, -91.88, -95.01
53947448.00, -89.64, -92.49
53955080.00, -91.76, -91.87
53962708.00, -92.33, -91.19
53970336.00, -94.18, -91.76
53977968.00, -94.38, -90.46
53985596.00, -90.35, -91.22
53993224.00, -91.60, -92.81
54000856.00, -94.91, -95.02
54008484.00, -94.54, -94.86
54016112.00, -92.59, -93.39
54023744.00, -89.36, -92.67
54031372.00, -89.20, -94.70
54039000.00, -91.22, -94.36
54046632.00, -91.65, -93.45
54054260.00, -91.85, -92.68
54061888.00, -92.83, -92.86
54069520.00, -92.32, -92.29
54077148.00, -93.00, -96.02
54084776.00, -93.45, -91.96
54092408.00, -95.49, -92.24
54100036.00, -92.35, -93.04
54107668.00, -93.55, -91.71
54115296.00, -92.11, -94.15
54122924.00, -90.65, -92.11
54130556.00, -90.82, -91.84
54138184.00, -92.09, -93.30
54145812.00, -90.92, -91.75
54153444.00, -91.16, -91.59
54161072.00, -89.66, -91.11
54168700.00, -92.30, -91.29
54176332.00, -92.36, -93.89
54183960.00, -93.20, -94.90
54191588.00, -91.65, -94.45
54199220.00, -92.90, -94.11
54206848.00, -91.92, -95.33
54214476.00, -90.08, -95.58
54222108.00, -89.41, -95.81
54229736.00, -90.61, -98.92
54237364.00, -93.37, -92.26
54244996.00, -94.02, -91.41
54252624.00, -92.55, -91.16
54260252.00, -90.47, -89.94
54267884.00, -90.63, -92.39
54275512.00, -92.77, -92.87
54283144.00, -95.37, -89.98
54290772.00, -95.57, -90.79
54298400.00, -92.27, -89.93
54306032.00, -91.38, -90.77
54313660.00, -93.01, -90.55
54321288.00, -90.62, -90.36
54328920.00, -92.04, -94.87
54336548.00, -92.76, -92.19
54344176.00, -91.25, -92.97
54351808.00, -91.42, -92.95
54359436.00, -92.39, -93.81
54367064.00, -94.00, -90.31
54374696.00, -92.64, -91.96
54382324.00, -87.92, -93.28
54389952.00, -88.52, -92.42
54397584.00, -89.38, -89.96
54405212.00, -91.02, -88.45
54412840.00, -93.00, -88.29
54420472.00, -91.60, -91.40
54428100.00, -90.69, -92.32
54435728.00, -90.35, -93.43
54443360.00, -91.02, -90.52
54450988.00, -90.29, -94.51
54458620.00, -93.19, -95.51
54466248.00, -92.81, -92.84
54473876.00, -90.36, -90.39
54481508.00, -91.40, -88.10
54489136.00, -91.17, -92.89
54496764.00, -90.90, -91.85
54504396.00, -93.20, -90.65
54512024.00, -91.83, -92.33
54519652.00, -91.60, -92.64
54527284.00, -90.87, -93.19
54534912.00, -91.33, -90.64
54542540.00, -91.57, -91.84
54550172.00, -92.34, -91.82
54557800.00, -92.47, -91.40
54565428.00, -92.33, -90.30
54573060.00, -90.79, -90.83
54580688.00, -91.02, -93.05
54588316.00, -91.38, -90.99
54595948.00, -95.68, -89.50
54603576.00, -93.09, -92.49
54611208.00, -93.72, -93.00
54618836.00, -93.02, -91.58
54626464.00, -95.68, -91.32
54634096.00, -91.59, -95.49
54641724.00, -91.88, -92.47
54649352.00, -89.49, -93.74
54656984.00, -90.31, -92.41
54664612.00, -92.14, -95.07
54672240.00, -92.31, -93.97
54679872.00, -93.08, -91.51
54687500.00, -93.35, -89.89
54695128.00, -92.96, -89.34
54702760.00, -95.14, -93.15
54710388.00, -92.87, -91.52
54718016.00, -92.32, -89.91
54725648.00, -90.96, -90.81
54733276.00, -90.05, -91.97
54740904.00, -90.10, -91.77
54748536.00, -91.97, -93.19
54756164.00, -92.81, -91.30
54763792.00, -90.92, -92.16
54771424.00, -91.00, -89.71
54779052.00, -94.58, -91.49
54786684.00, -92.57, -95.09
54794312.00, -92.95, -95.59
54801940.00, -93.94, -95.67
54809572.00, -91.37, -95.36
54817200.00, -93.20, -92.91
54824828.00, -92.01, -90.17
54832460.00, -93.65, -90.95
54840088.00, -91.34, -93.79
54847716.00, -90.49, -96.89
54855348.00, -94.12, -94.66
54862976.00, -93.28, -95.35
54870604.00, -94.37, -93.09
54878236.00, -92.26, -89.20
54885864.00, -91.88, -90.16
54893492.00, -96.41, -93.70
54901124.00, -94.39, -96.08
54908752.00, -91.99, -93.51
54916380.00, -92.58, -92.16
54924012.00, -92.67, -91.33
54931640.00, -90.02, -92.86
54939272.00, -88.87, -94.20
54946900.00, -92.01, -94.24
54954528.00, -93.17, -94.77
54962160.00, -92.83, -92.92
54969788.00, -92.32, -93.06
54977416.00, -92.26, -92.85
54985048.00, -93.48, -93.68
54992676.00, -91.49, -90.33
55000304.00, -92.29, -89.63
55007936.00, -91.13, -89.75
55015564.00, -94.06, -88.26
55023192.00, -94.58, -91.23
55030824.00, -92.72, -91.85
55038452.00, -91.60, -92.99
55046080.00, -93.12, -96.45
55053712.00, -95.22, -90.52
55061340.00, -92.25, -92.80
55068968.00, -90.65, -90.43
55076600.00, -95.17, -92.21
55084228.00, -90.48, -92.13
55091856.00, -90.64, -92.14
55099488.00, -92.75, -91.14
55107116.00, -94.12, -93.02
55114748.00, -92.08, -87.91
55122376.00, -93.08, -88.49
55130004.00, -92.87, -92.32
55137636.00, -90.85, -91.35
55145264.00, -93.79, -90.01
55152892.00, -92.08, -89.21
55160524.00, -95.14, -91.32
55168152.00, -93.38, -91.33
55175780.00, -90.35, -92.12
55183412.00, -93.03, -92.20
55191040.00, -97.06, -90.59
55198668.00, -89.96, -91.11
55206300.00, -88.38, -95.08
55213928.00, -91.82, -92.92
55221556.00, -93.33, -89.61
55229188.00, -91.51, -91.47
55236816.00, -98.51, -92.63
55244444.00, -90.03, -90.76
55252076.00, -92.47, -92.38
55259704.00, -90.48, -91.27
55267332.00, -91.74, -91.00
55274964.00, -91.46, -90.56
55282592.00, -91.88, -95.89
55290224.00, -91.59, -93.09
55297852.00, -95.11, -93.40
55305480.00, -92.90, -95.67
55313112.00, -93.06, -93.53
55320740.00, -93.54, -90.35
55328368.00, -91.97, -92.11
55336000.00, -89.74, -91.47
55343628.00, -92.27, -93.17
55351256.00, -94.15, -92.39
55358888.00, -91.41, -94.84
55366516.00, -90.64, -94.39
55374144.00, -90.90, -91.01
55381776.00, -91.85, -88.99
55389404.00, -91.43, -91.13
55397032.00, -90.49, -91.87
55404664.00, -92.08, -90.24
55412292.00, -92.39, -90.73
55419920.00, -90.75, -93.13
55427552.00, -92.14, -92.94
55435180.00, -90.95, -92.47
55442812.00, -92.24, -91.40
55450440.00, -91.05, -91.31
55458068.00, -88.92, -92.81
55465700.00, -89.10, -90.39
55473328.00, -91.40, -90.80
55480956.00, -93.63, -92.27
55488588.00, -92.88, -92.70
55496216.00, -90.58, -93.40
55503844.00, -91.71, -94.20
55511476.00, -91.86, -94.58
55519104.00, -96.16, -93.95
55526732.00, -93.51, -93.14
55534364.00, -93.03, -92.35
55541992.00, -92.69, -95.14
55549620.00, -90.93, -90.58
55557252.00, -92.38, -92.60
55564880.00, -92.43, -94.45
55572508.00, -91.40, -92.30
55580140.00, -91.85, -95.31
55587768.00, -90.47, -90.33
55595396.00, -91.99, -93.66
55603028.00, -97.39, -91.82
55610656.00, -94.40, -93.83
55618288.00, -94.27, -94.93
55625916.00, -91.74, -94.01
55633544.00, -91.80, -91.14
55641176.00, -92.94, -89.86
55648804.00, -92.38, -95.38
55656432.00, -90.07, -92.87
55664064.00, -93.57, -92.18
55671692.00, -94.82, -90.67
55679320.00, -92.38, -96.03
55686952.00, -92.66, -92.52
55694580.00, -93.81, -90.33
55702208.00, -95.13, -91.70
55709840.00, -93.40, -97.00
55717468.00, -90.31, -92.59
55725096.00, -93.13, -92.22
55732728.00, -91.21, -91.95
55740356.00, -90.14, -91.08
55747984.00, -91.46, -94.47
55755616.00, -93.71, -93.48
55763244.00, -92.02, -93.04
55770876.00, -92.74, -93.96
55778504.00, -92.34, -94.41
55786132.00, -92.78, -93.73
55793764.00, -93.38, -92.53
55801392.00, -93.23, -90.62
55809020.00, -92.52, -92.68
55816652.00, -92.67, -93.70
55824280.00, -93.10, -91.79
55831908.00, -92.18, -88.13
55839540.00, -91.94, -90.31
55847168.00, -94.74, -91.63
55854796.00, -95.72, -94.54
55862428.00, -92.20, -94.60
55870056.00, -91.24, -94.00
55877684.00, -87.67, -94.33
55885316.00, -87.91, -93.80
55892944.00, -92.66, -94.01
55900572.00, -94.03, -95.43
55908204.00, -94.04, -94.56
55915832.00, -93.56, -94.54
55923460.00, -91.43, -93.80
55931092.00, -91.94, -91.37
55938720.00, -96.01, -93.01
55946352.00, -91.16, -94.32
55953980.00, -90.48, -92.00
55961608.00, -91.19, -92.36
55969240.00, -94.02, -91.78
55976868.00, -91.76, -91.87
55984496.00, -95.56, -91.04
55992128.00, -94.97, -92.18
55999756.00, -95.33, -95.01
56007384.00, -94.53, -95.11
56015016.00, -95.71, -90.20
56022644.00, -91.96, -92.48
56030272.00, -90.37, -97.86
56037904.00, -93.48, -93.07
56045532.00, -92.57, -91.74
56053160.00, -91.25, -90.85
56060792.00, -92.77, -93.50
56068420.00, -91.72, -93.39
56076048.00, -91.11, -92.10
56083680.00, -92.59, -94.32
56091308.00, -89.57, -94.40
56098936.00, -89.72, -91.86
56106568.00, -90.99, -91.69
56114196.00, -90.46, -92.89
56121828.00, -91.86, -89.33
56129456.00, -92.30, -90.43
56137084.00, -94.86, -93.01
56144716.00, -93.42, -91.25
56152344.00, -91.38, -92.33
56159972.00, -93.04, -98.65
56167604.00, -94.74, -94.38
56175232.00, -91.77, -94.79
56182860.00, -92.23, -93.93
56190492.00, -98.00, -90.79
56198120.00, -91.52, -91.03
56205748.00, -91.71, -93.26
56213380.00, -92.01, -94.71
56221008.00, -96.56, -90.94
56228636.00, -95.00, -90.11
56236268.00, -94.70, -89.31
56243896.00, -93.23, -89.97
56251524.00, -91.12, -90.99
56259156.00, -91.18, -91.56
56266784.00, -92.19, -91.78
56274416.00, -91.85, -90.18
56282044.00, -93.02, -90.34
56289672.00, -94.55, -92.01
56297304.00, -93.23, -92.75
56304932.00, -91.82, -91.99
56312560.00, -93.06, -91.57
56320192.00, -91.27, -90.66
56327820.00, -93.64, -92.52
56335448.00, -92.93, -92.20
56343080.00, -91.91, -91.58
56350708.00, -92.94, -93.39
56358336.00, -89.94, -93.35
56365968.00, -95.92, -92.93
56373596.00, -91.36, -92.08
56381224.00, -91.31, -91.03
56388856.00, -95.92, -91.68
56396484.00, -93.57, -92.13
56404112.00, -90.21, -94.08
56411744.00, -89.49, -95.98
56419372.00, -93.68, -91.89
56427000.00, -92.69, -90.73
56434632.00, -95.67, -93.37
56442260.00, -92.47, -92.60
56449892.00, -92.94, -91.65
56457520.00, -93.99, -92.33
56465148.00, -93.55, -94.01
56472780.00, -93.14, -91.84
56480408.00, -94.11, -93.98
56488036.00, -95.65, -92.21
56495668.00, -90.46, -92.93
56503296.00, -88.30, -92.61
56510924.00, -90.60, -94.67
56518556.00, -89.86, -95.55
56526184.00, -92.00, -94.74
56533812.00, -94.43, -91.97
56541444.00, -93.98, -92.49
56549072.00, -91.06, -92.69
56556700.00, -87.99, -91.33
56564332.00, -91.10, -91.60
56571960.00, -95.25, -91.03
56579588.00, -94.60, -90.36
56587220.00, -92.24, -92.43
56594848.00, -90.65, -89.69
56602480.00, -95.13, -90.18
56610108.00, -97.30, -95.12
56617736.00, -92.33, -90.41
56625368.00, -94.09, -90.78
56632996.00, -95.37, -93.07
56640624.00, -96.51, -91.86
56648256.00, -92.41, -90.89
56655884.00, -91.76, -89.84
56663512.00, -91.37, -88.52
56671144.00, -91.04, -89.39
56678772.00, -90.89, -92.82
56686400.00, -92.08, -96.31
56694032.00, -90.34, -94.07
56701660.00, -91.50, -94.26
56709288.00, -91.74, -95.42
56716920.00, -93.10, -90.81
56724548.00, -93.90, -87.68
56732176.00, -90.69, -89.39
56739808.00, -89.72, -94.14
56747436.00, -92.71, -92.81
56755064.00, -92.81, -91.85
56762696.00, -89.86, -89.70
56770324.00, -94.08, -90.54
56777956.00, -91.63, -93.39
56785584.00, -90.23, -94.77
56793212.00, -92.39, -90.77
56800844.00, -93.14, -90.57
56808472.00, -92.33, -91.86
56816100.00, -90.65, -92.85
56823732.00, -93.34, -90.19
56831360.00, -94.46, -92.37
56838988.00, -95.75, -94.62
56846620.00, -90.02, -92.10
56854248.00, -93.30, -90.03
56861876.00, -93.52, -87.92
56869508.00, -92.92, -90.52
56877136.00, -90.50, -90.90
56884764.00, -91.13, -90.47
56892396.00, -90.97, -92.43
56900024.00, -95.76, -92.09
56907652.00, -94.38, -90.54
56915284.00, -91.28, -92.99
56922912.00, -91.84, -92.70
56930540.00, -91.17, -93.79
56938172.00, -91.78, -93.20
56945800.00, -94.78, -89.63
56953432.00, -91.65, -91.96
56961060.00, -90.27, -92.72
56968688.00, -89.94, -91.73
56976320.00, -91.62, -93.21
56983948.00, -93.34, -89.44
56991576.00, -89.65, -92.24
56999208.00, -92.04, -92.23
57006836.00, -92.19, -95.60
57014464.00, -91.69, -95.06
57022096.00, -91.73, -92.17
57029724.00, -93.55, -91.34
57037352.00, -93.23, -92.35
57044984.00, -93.37, -95.65
57052612.00, -95.15, -91.74
57060240.00, -93.20, -93.08
57067872.00, -88.73, -91.33
57075500.00, -90.60, -91.87
57083128.00, -91.80, -88.53
57090760.00, -89.49, -88.69
57098388.00, -94.75, -91.86
57106020.00, -92.26, -91.34
57113648.00, -91.97, -92.00
57121276.00, -93.43, -92.42
57128908.00, -94.17, -91.42
57136536.00, -94.06, -91.32
57144164.00, -93.83, -90.62
57151796.00, -95.54, -90.27
57159424.00, -94.03, -93.11
57167052.00, -91.96, -91.75
57174684.00, -95.44, -92.80
57182312.00, -93.48, -91.46
57189940.00, -95.33, -95.50
57197572.00, -94.34, -92.09
57205200.00, -92.48, -93.72
57212828.00, -96.34, -96.61
57220460.00, -93.30, -93.44
57228088.00, -90.76, -91.07
57235716.00, -91.79, -93.61
57243348.00, -92.75, -94.18
57250976.00, -93.35, -91.96
57258604.00, -97.07, -89.78
57266236.00, -94.64, -91.94
57273864.00, -94.50, -93.40
57281496.00, -93.57, -91.48
57289124.00, -93.53, -91.99
57296752.00, -88.41, -90.94
57304384.00, -90.01, -90.59
57312012.00, -91.29, -92.43
57319640.00, -89.95, -92.36
57327272.00, -92.03, -94.44
57334900.00, -93.48, -95.17
57342528.00, -94.32, -92.57
57350160.00, -94.03, -92.97
57357788.00, -94.89, -92.07
57365416.00, -93.56, -90.84
57373048.00, -95.35, -92.74
57380676.00, -95.26, -90.62
57388304.00, -93.96, -89.74
57395936.00, -91.52, -92.54
57403564.00, -91.37, -90.91
57411192.00, -95.71, -92.55
57418824.00, -89.74, -93.61
57426452.00, -89.83, -93.57
57434084.00, -93.09, -93.49
57441712.00, -91.02, -95.12
57449340.00, -92.16, -94.20
57456972.00, -96.01, -92.74
57464600.00, -92.20, -92.61
57472228.00, -91.50, -92.31
57479860.00, -95.63, -91.54
57487488.00, -91.11, -92.54
57495116.00, -90.19, -93.23
57502748.00, -89.82, -93.73
57510376.00, -91.00, -92.54
57518004.00, -89.81, -93.66
57525636.00, -90.65, -91.24
57533264.00, -91.18, -89.88
57540892.00, -93.06, -89.55
57548524.00, -93.31, -94.03
57556152.00, -91.51, -92.72
57563780.00, -91.14, -91.49
57571412.00, -90.20, -93.47
57579040.00, -93.02, -92.72
57586668.00, -95.46, -92.00
57594300.00, -95.98, -89.91
57601928.00, -94.58, -96.07
57609560.00, -96.17, -91.11
57617188.00, -91.94, -93.31
57624816.00, -91.66, -91.86
57632448.00, -91.52, -92.07
57640076.00, -92.78, -94.60
57647704.00, -90.87, -95.55
57655336.00, -90.13, -94.23
57662964.00, -91.23, -91.26
57670592.00, -93.84, -93.85
57678224.00, -93.91, -93.54
57685852.00, -94.17, -92.07
57693480.00, -93.04, -88.94
57701112.00, -91.55, -91.49
57708740.00, -94.75, -91.71
57716368.00, -94.42, -93.78
57724000.00, -91.70, -90.79
57731628.00, -89.20, -89.96
57739256.00, -90.13, -91.48
57746888.00, -94.02, -93.73
57754516.00, -91.69, -90.93
57762144.00, -91.92, -91.75
57769776.00, -92.13, -91.04
57777404.00, -91.18, -91.74
57785036.00, -92.08, -92.18
57792664.00, -95.57, -92.85
57800292.00, -91.25, -90.57
57807924.00, -91.21, -88.78
57815552.00, -90.91, -90.83
57823180.00, -91.00, -92.98
57830812.00, -90.46, -91.75
57838440.00, -91.17, -97.78
57846068.00, -93.04, -94.68
57853700.00, -92.79, -94.55
57861328.00, -91.51, -94.27
57868956.00, -92.57, -93.17
57876588.00, -94.13, -97.00
57884216.00, -91.25, -94.65
57891844.00, -90.00, -95.95
57899476.00, -91.55, -94.43
57907104.00, -92.70, -94.39
57914732.00, -91.53, -91.62
57922364.00, -94.65, -92.37
57929992.00, -92.60, -91.88
57937624.00, -91.94, -92.55
57945252.00, -93.08, -92.25
57952880.00, -93.44, -90.96
57960512.00, -95.76, -95.02
57968140.00, -92.79, -94.83
57975768.00, -89.78, -93.54
57983400.00, -89.29, -91.48
57991028.00, -90.31, -94.71
57998656.00, -90.67, -91.73
58006288.00, -95.41, -90.67
58013916.00, -91.39, -91.69
58021544.00, -94.18, -93.23
58029176.00, -91.82, -92.03
58036804.00, -89.45, -90.42
58044432.00, -90.78, -94.38
58052064.00, -89.78, -91.08
58059692.00, -90.82, -93.20
58067320.00, -93.11, -94.71
58074952.00, -93.12, -91.16
58082580.00, -90.30, -93.29
58090208.00, -91.22, -90.41
58097840.00, -91.83, -92.21
58105468.00, -91.90, -92.95
58113100.00, -92.34, -93.66
58120728.00, -93.26, -92.74
58128356.00, -91.61, -93.98
58135988.00, -90.38, -91.77
58143616.00, -90.12, -91.52
58151244.00, -90.64, -92.27
58158876.00, -92.14, -92.59
58166504.00, -93.43, -92.70
58174132.00, -89.12, -95.05
58181764.00, -90.47, -93.94
58189392.00, -92.48, -94.01
58197020.00, -94.27, -91.92
58204652.00, -94.37, -92.39
58212280.00, -93.44, -93.33
58219908.00, -93.38, -92.37
58227540.00, -95.03, -95.06
58235168.00, -95.99, -91.34
58242796.00, -93.42, -90.61
58250428.00, -91.63, -92.56
58258056.00, -91.21, -94.25
58265688.00, -94.75, -92.59
58273316.00, -91.68, -91.94
58280944.00, -92.33, -94.69
58288576.00, -94.73, -94.03
58296204.00, -91.22, -92.78
58303832.00, -87.75, -92.07
58311464.00, -89.90, -92.15
58319092.00, -91.33, -94.59
58326720.00, -90.07, -93.17
58334352.00, -92.36, -92.69
58341980.00, -95.01, -86.43
58349608.00, -95.37, -89.49
58357240.00, -93.23, -94.59
58364868.00, -93.29, -89.61
58372496.00, -93.01, -91.94
58380128.00, -93.19, -91.73
58387756.00, -93.77, -90.80
58395384.00, -92.15, -90.40
58403016.00, -94.96, -93.38
58410644.00, -94.69, -93.25
58418272.00, -93.93, -93.39
58425904.00, -95.63, -89.98
58433532.00, -92.66, -92.13
58441164.00, -100.04, -93.35
58448792.00, -91.91, -92.16
58456420.00, -92.82, -90.67
58464052.00, -95.42, -90.43
58471680.00, -94.24, -90.89
58479308.00, -91.15, -92.91
58486940.00, -94.62, -91.28
58494568.00, -93.79, -91.83
58502196.00, -91.19, -96.86
58509828.00, -89.42, -92.03
58517456.00, -91.80, -90.21
58525084.00, -94.32, -91.05
58532716.00, -96.93, -92.59
58540344.00, -93.23, -93.33
58547972.00, -90.78, -92.20
58555604.00, -93.00, -89.16
58563232.00, -94.86, -90.79
58570860.00, -94.43, -92.52
58578492.00, -92.78, -92.00
58586120.00, -91.68, -91.35
58593752.00, -92.12, -90.54
58601380.00, -92.57, -92.06
58609008.00, -93.59, -90.66
58616640.00, -91.14, -93.58
58624268.00, -91.64, -90.39
58631896.00, -89.63, -91.51
58639528.00, -94.14, -95.03
58647156.00, -93.03, -94.20
58654784.00, -91.75, -90.96
58662416.00, -88.36, -90.00
58670044.00, -88.95, -94.45
58677672.00, -90.14, -90.77
58685304.00, -94.13, -91.12
58692932.00, -89.75, -96.08
58700560.00, -91.98, -95.13
58708192.00, -96.01, -92.90
58715820.00, -93.30, -91.24
58723448.00, -92.39, -96.22
58731080.00, -95.50, -91.54
58738708.00, -94.20, -92.75
58746336.00, -92.58, -92.70
58753968.00, -92.52, -92.59
58761596.00, -92.78, -92.43
58769228.00, -91.12, -92.14
58776856.00, -92.94, -93.11
58784484.00, -91.98, -92.17
58792116.00, -90.59, -92.76
58799744.00, -92.92, -90.02
58807372.00, -92.02, -90.77
58815004.00, -91.77, -91.58
58822632.00, -94.10, -92.05
58830260.00, -91.39, -92.40
58837892.00, -91.84, -95.03
58845520.00, -92.75, -92.01
58853148.00, -93.38, -91.69
58860780.00, -91.78, -91.64
58868408.00, -91.59, -91.39
58876036.00, -92.91, -92.96
58883668.00, -95.63, -90.42
58891296.00, -92.29, -89.51
58898924.00, -92.46, -88.89
58906556.00, -94.49, -90.49
58914184.00, -92.64, -90.18
58921812.00, -92.21, -89.91
58929444.00, -91.25, -90.10
58937072.00, -93.28, -94.22
58944704.00, -92.21, -94.63
58952332.00, -93.93, -92.29
58959960.00, -93.23, -94.93
58967592.00, -93.59, -90.51
58975220.00, -95.71, -89.87
58982848.00, -93.06, -90.00
58990480.00, -91.37, -89.92
58998108.00, -92.03, -90.95
59005736.00, -93.50, -93.32
59013368.00, -94.44, -90.50
59020996.00, -91.15, -89.93
59028624.00, -90.88, -90.80
59036256.00, -91.20, -95.26
59043884.00, -90.94, -93.79
59051512.00, -91.76, -94.79
59059144.00, -92.49, -96.08
59066772.00, -94.85, -91.43
59074400.00, -92.08, -91.92
59082032.00, -89.92, -92.41
59089660.00, -91.04, -90.33
59097292.00, -90.11, -90.94
59104920.00, -92.34, -90.97
59112548.00, -94.73, -89.98
59120180.00, -94.16, -93.55
59127808.00, -92.31, -94.79
59135436.00, -91.97, -96.40
59143068.00, -94.02, -94.89
59150696.00, -91.64, -94.10
59158324.00, -90.86, -95.09
59165956.00, -93.58, -94.87
59173584.00, -92.07, -94.35
59181212.00, -90.80, -93.67
59188844.00, -90.88, -92.43
59196472.00, -90.65, -92.79
59204100.00, -97.35, -91.78
59211732.00, -94.97, -91.65
59219360.00, -91.95, -93.38
59226988.00, -92.78, -90.27
59234620.00, -93.44, -92.24
59242248.00, -94.72, -91.19
59249876.00, -94.95, -90.85
59257508.00, -93.42, -93.41
59265136.00, -91.81, -92.34
59272768.00, -91.36, -93.94
59280396.00, -94.53, -91.97
59288024.00, -94.16, -93.15
59295656.00, -95.07, -93.35
59303284.00, -93.82, -93.09
59310912.00, -91.47, -90.57
59318544.00, -90.31, -92.93
59326172.00, -91.99, -92.26
59333800.00, -94.04, -93.41
59341432.00, -96.22, -93.67
59349060.00, -90.53, -92.87
59356688.00, -92.84, -92.52
59364320.00, -93.34, -91.45
59371948.00, -91.01, -92.12
59379576.00, -90.29, -93.25
59387208.00, -91.47, -90.76
59394836.00, -92.45, -92.87
59402464.00, -89.43, -92.38
59410096.00, -89.91, -92.84
59417724.00, -92.40, -92.86
59425356.00, -94.55, -95.46
59432984.00, -89.72, -92.54
59440612.00, -92.21, -90.61
59448244.00, -91.09, -91.75
59455872.00, -90.40, -91.97
59463500.00, -89.83, -93.11
59471132.00, -92.65, -94.41
59478760.00, -92.41, -92.30
59486388.00, -93.73, -91.11
59494020.00, -92.50, -90.79
59501648.00, -89.92, -94.01
59509276.00, -90.43, -97.03
59516908.00, -90.72, -93.78
59524536.00, -91.27, -93.25
59532164.00, -90.71, -93.61
59539796.00, -91.82, -90.76
59547424.00, -92.08, -93.16
59555052.00, -92.84, -94.41
59562684.00, -92.03, -91.96
59570312.00, -91.15, -90.68
59577940.00, -91.10, -90.61
59585572.00, -92.69, -94.09
59593200.00, -90.67, -94.39
59600832.00, -93.64, -93.23
59608460.00, -92.09, -95.75
59616088.00, -93.27, -91.91
59623720.00, -94.00, -89.43
59631348.00, -91.72, -93.05
59638976.00, -91.16, -91.11
59646608.00, -89.80, -95.57
59654236.00, -91.38, -92.58
59661864.00, -94.84, -91.17
59669496.00, -91.91, -91.18
59677124.00, -91.46, -93.34
59684752.00, -89.81, -90.79
59692384.00, -94.50, -89.36
59700012.00, -93.91, -89.61
59707640.00, -93.22, -92.44
59715272.00, -92.39, -91.95
59722900.00, -92.61, -92.43
59730528.00, -93.04, -93.79
59738160.00, -93.14, -90.54
59745788.00, -90.85, -90.19
59753416.00, -92.90, -90.75
59761048.00, -91.84, -90.75
59768676.00, -89.15, -93.18
59776308.00, -90.04, -95.81
59783936.00, -94.15, -91.28
59791564.00, -90.64, -91.26
59799196.00, -89.26, -90.31
59806824.00, -92.22, -89.16
59814452.00, -90.94, -92.03
59822084.00, -91.13, -94.30
59829712.00, -93.15, -94.33
59837340.00, -92.63, -92.91
59844972.00, -93.47, -92.53
59852600.00, -94.51, -90.97
59860228.00, -92.22, -91.46
59867860.00, -89.82, -92.56
59875488.00, -92.16, -96.17
59883116.00, -95.75, -91.82
59890748.00, -94.11, -94.01
59898376.00, -94.98, -91.55
59906004.00, -95.02, -90.37
59913636.00, -94.18, -92.33
59921264.00, -91.93, -91.06
59928896.00, -91.58, -92.53
59936524.00, -91.19, -94.23
59944152.00, -93.32, -94.23
59951784.00, -93.24, -92.99
59959412.00, -90.70, -90.77
59967040.00, -93.84, -90.78
59974672.00, -91.75, -89.94
59982300.00, -92.31, -89.52
59989928.00, -96.75, -90.20
59997560.00, -93.45, -89.47
60005188.00, -90.35, -90.40
60012816.00, -90.67, -93.35
60020448.00, -90.79, -93.93
60028076.00, -90.97, -93.71
60035704.00, -92.78, -90.48
60043336.00, -91.99, -89.51
60050964.00, -91.12, -91.44
60058592.00, -95.16, -95.53
60066224.00, -92.95, -95.32
60073852.00, -92.86, -92.36
60081480.00, -88.94, -91.32
60089112.00, -90.01, -94.12
60096740.00, -92.01, -91.83
60104372.00, -90.07, -92.18
60112000.00, -91.16, -93.74
60119628.00, -92.35, -95.54
60127260.00, -94.33, -92.86
60134888.00, -92.61, -91.99
60142516.00, -93.38, -89.12
60150148.00, -95.30, -91.79
60157776.00, -96.71, -94.60
60165404.00, -96.58, -93.59
60173036.00, -93.91, -90.56
60180664.00, -96.22, -91.08
60188292.00, -89.97, -91.65
60195924.00, -89.26, -90.12
60203552.00, -92.04, -92.03
60211180.00, -94.37, -95.19
60218812.00, -89.52, -91.67
60226440.00, -90.74, -91.62
60234068.00, -90.49, -92.55
60241700.00, -88.68, -95.65
60249328.00, -91.84, -94.82
60256960.00, -93.56, -92.66
60264588.00, -91.59, -93.33
60272216.00, -93.07, -90.02
60279848.00, -92.43, -90.35
60287476.00, -92.65, -93.38
60295104.00, -90.73, -91.51
60302736.00, -90.70, -90.32
60310364.00, -90.99, -93.17
60317992.00, -90.12, -96.62
60325624.00, -91.33, -97.51
60333252.00, -92.21, -92.88
60340880.00, -93.12, -94.73
60348512.00, -94.08, -97.48
60356140.00, -94.35, -94.74
60363768.00, -94.13, -92.73
60371400.00, -92.06, -92.11
60379028.00, -89.58, -90.77
60386656.00, -92.45, -90.07
60394288.00, -90.74, -91.56
60401916.00, -91.37, -93.66
60409544.00, -92.08, -92.51
60417176.00, -91.59, -89.98
60424804.00, -93.15, -89.20
60432436.00, -95.51, -88.86
60440064.00, -94.43, -91.61
60447692.00, -92.77, -92.46
60455324.00, -91.18, -92.67
60462952.00, -91.87, -93.88
60470580.00, -92.89, -94.33
60478212.00, -92.63, -94.14
60485840.00, -92.24, -91.14
60493468.00, -93.80, -92.71
60501100.00, -92.12, -93.62
60508728.00, -93.51, -89.94
60516356.00, -93.21, -89.33
60523988.00, -95.60, -94.62
60531616.00, -92.97, -93.34
60539244.00, -94.10, -92.26
60546876.00, -91.05, -96.92
60554504.00, -90.22, -93.65
60562132.00, -93.81, -92.97
60569764.00, -92.99, -92.14
60577392.00, -93.72, -92.52
60585020.00, -95.42, -92.04
60592652.00, -93.30, -90.76
60600280.00, -92.32, -89.43
60607912.00, -94.73, -90.08
60615540.00, -93.81, -90.55
60623168.00, -92.73, -91.59
60630800.00, -94.42, -94.53
60638428.00, -91.92, -92.43
60646056.00, -94.50, -91.16
60653688.00, -94.04, -91.97
60661316.00, -93.81, -92.96
60668944.00, -96.32, -90.75
60676576.00, -94.39, -89.87
60684204.00, -90.05, -92.12
60691832.00, -90.49, -91.60
60699464.00, -92.84, -91.04
60707092.00, -92.92, -91.60
60714720.00, -91.82, -88.88
60722352.00, -94.77, -90.33
60729980.00, -93.05, -91.19
60737608.00, -92.77, -92.70
60745240.00, -92.14, -94.09
60752868.00, -93.52, -93.63
60760500.00, -94.10, -93.36
60768128.00, -95.30, -92.65
60775756.00, -93.02, -92.70
60783388.00, -94.65, -95.32
60791016.00, -94.08, -93.77
60798644.00, -92.33, -93.26
60806276.00, -93.15, -93.39
60813904.00, -92.23, -94.43
60821532.00, -92.76, -92.61
60829164.00, -96.33, -92.67
60836792.00, -91.66, -93.48
60844420.00, -92.95, -93.01
60852052.00, -90.98, -89.42
60859680.00, -91.97, -92.53
60867308.00, -94.33, -92.41
60874940.00, -91.76, -90.10
60882568.00, -91.91, -89.61
60890196.00, -92.03, -90.82
60897828.00, -92.88, -90.42
60905456.00, -92.91, -92.87
60913084.00, -91.89, -92.95
60920716.00, -92.22, -93.26
60928344.00, -94.23, -91.77
60935976.00, -92.93, -96.61
60943604.00, -92.80, -93.41
60951232.00, -93.86, -91.68
60958864.00, -96.61, -91.03
60966492.00, -91.14, -92.53
60974120.00, -91.75, -95.97
60981752.00, -90.96, -94.04
60989380.00, -89.07, -92.72
60997008.00, -90.78, -92.23
61004640.00, -93.02, -90.59
61012268.00, -93.38, -95.55
61019896.00, -92.01, -95.46
61027528.00, -90.43, -92.88
61035156.00, -91.82, -95.11
61042784.00, -94.22, -91.54
61050416.00, -91.71, -91.95
61058044.00, -94.89, -92.13
61065672.00, -94.33, -91.18
61073304.00, -92.13, -95.17
61080932.00, -93.84, -93.55
61088564.00, -93.43, -95.15
61096192.00, -94.68, -91.56
61103820.00, -93.49, -91.20
61111452.00, -93.70, -90.13
61119080.00, -95.18, -88.99
61126708.00, -94.01, -91.29
61134340.00, -94.95, -90.06
61141968.00, -94.40, -90.11
61149596.00, -92.45, -90.62
61157228.00, -92.92, -94.95
61164856.00, -95.05, -92.96
61172484.00, -93.13, -91.61
61180116.00, -91.37, -90.02
61187744.00, -91.39, -93.30
61195372.00, -91.76, -93.68
61203004.00, -92.90, -92.16
61210632.00, -91.61, -93.89
61218260.00, -92.81, -95.38
61225892.00, -94.69, -93.77
61233520.00, -92.80, -91.46
61241148.00, -90.32, -91.13
61248780.00, -92.39, -92.55
61256408.00, -90.05, -92.80
61264040.00, -89.73, -92.14
61271668.00, -91.45, -90.89
61279296.00, -90.79, -91.87
61286928.00, -90.87, -93.62
61294556.00, -90.50, -91.92
61302184.00, -91.01, -91.25
61309816.00, -93.98, -92.48
61317444.00, -99.66, -92.46
61325072.00, -92.84, -93.45
61332704.00, -93.89, -92.24
61340332.00, -92.51, -93.80
61347960.00, -95.38, -92.19
61355592.00, -92.33, -96.43
61363220.00, -93.97, -95.96
61370848.00, -92.13, -92.44
61378480.00, -95.22, -91.87
61386108.00, -94.84, -90.47
61393736.00, -94.27, -90.45
61401368.00, -94.41, -90.49
61408996.00, -93.69, -92.81
61416624.00, -91.36, -93.22
61424256.00, -89.99, -94.35
61431884.00, -89.64, -92.73
61439516.00, -90.48, -88.61
61447144.00, -89.11, -88.76
61454772.00, -90.89, -91.94
61462404.00, -92.05, -89.34
61470032.00, -89.89, -91.32
61477660.00, -91.55, -92.36
61485292.00, -95.08, -95.95
61492920.00, -97.35, -92.33
61500548.00, -96.31, -94.41
61508180.00, -92.96, -96.11
61515808.00, -92.34, -93.81
61523436.00, -94.77, -95.90
61531068.00, -92.52, -93.06
61538696.00, -91.74, -93.45
61546324.00, -93.92, -91.54
61553956.00, -93.50, -91.40
61561584.00, -91.20, -92.15
61569212.00, -94.84, -92.68
61576844.00, -92.02, -91.54
61584472.00, -92.27, -92.27
61592104.00, -93.98, -96.27
61599732.00, -95.28, -91.57
61607360.00, -93.48, -88.86
61614992.00, -92.71, -89.61
61622620.00, -93.27, -90.83
61630248.00, -94.24, -89.30
61637880.00, -92.21, -91.67
61645508.00, -91.91, -92.74
61653136.00, -89.42, -98.31
61660768.00, -91.80, -92.64
61668396.00, -92.53, -90.24
61676024.00, -90.36, -88.33
61683656.00, -93.37, -88.59
61691284.00, -92.13, -90.60
61698912.00, -91.71, -92.18
61706544.00, -93.90, -93.61
61714172.00, -94.73, -95.01
61721800.00, -96.51, -92.60
61729432.00, -97.61, -90.56
61737060.00, -94.50, -96.95
61744688.00, -91.82, -95.25
61752320.00, -91.06, -90.93
61759948.00, -91.83, -90.12
61767580.00, -91.46, -91.90
61775208.00, -91.60, -91.06
61782836.00, -93.48, -90.56
61790468.00, -92.46, -90.65
61798096.00, -92.76, -93.71
61805724.00, -91.15, -97.92
61813356.00, -91.68, -91.09
61820984.00, -92.28, -91.55
61828612.00, -92.32, -91.14
61836244.00, -94.38, -94.98
61843872.00, -91.04, -92.09
61851500.00, -96.60, -92.03
61859132.00, -93.69, -92.73
61866760.00, -93.39, -89.39
61874388.00, -92.38, -88.03
61882020.00, -91.48, -90.94
61889648.00, -90.78, -93.73
61897276.00, -91.15, -96.23
61904908.00, -92.24, -98.34
61912536.00, -94.19, -92.07
61920168.00, -94.23, -90.76
61927796.00, -92.14, -93.23
61935424.00, -96.05, -92.61
61943056.00, -92.43, -90.48
61950684.00, -92.25, -87.98
61958312.00, -91.94, -89.11
61965944.00, -91.30, -90.05
61973572.00, -92.97, -90.16
61981200.00, -94.26, -93.13
61988832.00, -92.20, -91.71
61996460.00, -92.94, -93.94
62004088.00, -91.60, -92.89
62011720.00, -94.97, -93.48
62019348.00, -95.88, -95.48
62026976.00, -94.70, -92.14
62034608.00, -92.72, -89.50
62042236.00, -90.50, -90.59
62049864.00, -92.12, -91.05
62057496.00, -90.53, -91.87
62065124.00, -95.19, -91.46
62072752.00, -92.90, -90.65
62080384.00, -93.67, -91.01
62088012.00, -92.71, -91.27
62095644.00, -92.81, -91.50
62103272.00, -92.64, -93.48
62110900.00, -91.87, -95.43
62118532.00, -91.87, -90.22
62126160.00, -92.60, -91.96
62133788.00, -91.68, -93.27
62141420.00, -90.60, -93.32
62149048.00, -92.34, -93.45
62156676.00, -91.31, -92.33
62164308.00, -91.72, -89.23
62171936.00, -92.10, -91.97
62179564.00, -89.48, -90.03
62187196.00, -91.87, -91.86
62194824.00, -91.14, -92.31
62202452.00, -91.23, -93.28
62210084.00, -90.57, -91.16
62217712.00, -91.97, -96.39
62225340.00, -93.36, -93.78
62232972.00, -92.28, -91.87
62240600.00, -88.68, -89.58
62248228.00, -90.83, -91.70
62255860.00, -93.27, -93.40
62263488.00, -94.27, -93.26
62271120.00, -92.80, -91.98
62278748.00, -94.31, -88.93
62286376.00, -93.99, -91.76
62294008.00, -95.27, -93.44
62301636.00, -94.55, -91.20
62309264.00, -92.82, -92.59
62316896.00, -91.27, -93.51
62324524.00, -88.75, -94.36
62332152.00, -92.18, -92.74
62339784.00, -90.68, -93.53
62347412.00, -92.27, -93.83
62355040.00, -89.90, -91.95
62362672.00, -94.60, -92.09
62370300.00, -93.15, -88.69
62377928.00, -92.78, -90.43
62385560.00, -90.20, -91.27
62393188.00, -91.08, -93.33
62400816.00, -93.28, -91.96
62408448.00, -90.16, -92.49
62416076.00, -92.99, -90.09
62423708.00, -93.37, -90.99
62431336.00, -91.74, -93.58
62438964.00, -93.08, -92.19
62446596.00, -92.81, -93.94
62454224.00, -93.39, -91.45
62461852.00, -92.99, -88.91
62469484.00, -93.03, -90.26
62477112.00, -91.99, -91.26
62484740.00, -91.78, -91.53
62492372.00, -92.71, -88.86
